T0,T1,T2,T3,T4,T5,T6,T7,T8,T9
5.81608777471285,4.074815726226543,-0.3946027615311476,4.1632720924396045,7.401879904218901,3.8137110090452526,-2.9874299137024907,-2.837503117147098,1.5119838566868116,5.788744392993262
6.689618507900245,2.509127312173966,-0.25201983257818406,4.4678334563271545,8.370548054361995,1.2778419991372654,-3.62878315897556,-1.881220301629162,0.9829667178627469,6.582811812051771
7.155002172383612,0.6211087993134977,-0.0658830661629763,4.55103981806299,8.334219358582951,-1.623661788403489,-2.8307039258141637,-1.4227253433431215,0.3780376045341701,6.738029933206464
7.070377634071253,-1.505821369519369,0.45415897331820243,4.8924628512600785,7.6093031299208445,-3.7435050058450887,-1.093741017349613,-1.389529239807639,0.44219998115354386,7.092863792571314
6.361388323876177,-2.8122582242912917,1.1555371028858352,5.533687487832218,6.550978478347421,-4.439944180440048,1.2657917153150853,-0.6668221298662931,0.5021632301668195,7.305352277368132
4.829979671620471,-3.9289816173574565,1.6244786558987085,6.201988373348864,4.895274683288436,-5.159471779870154,2.834598849792574,0.44726135466410016,0.8967999225177514,7.60807192770862
3.137838058411946,-4.348838046583273,1.306038260427275,7.081035039472965,2.9337450018096383,-4.963114636651696,4.157540667856926,2.1185497636608828,1.5251798272957278,7.915741327113221
0.7940637723531293,-4.433922229310151,0.5167688846495823,7.591023384236502,1.3413397024317317,-4.460808749248082,4.160936765952782,3.980399191842728,2.5589357145789293,7.867744161660904
-1.2222664898556086,-3.683460205062927,-0.5663689579846246,7.709768184532031,0.045166723849485856,-3.93662212421902,3.5451586595320386,5.558834243572934,3.770086073520005,7.301251645471583
-3.1155137698411255,-2.008651799322709,-1.3642134949771298,7.796215803126624,-0.5814969424335261,-3.2667456854686723,2.741490290389432,7.2164860380146685,5.116126769086092,5.542498083234429
-3.8876473421338362,-0.39629699044805666,-1.5808421173207508,7.876131312260037,-0.24393470164148265,-2.4054765295408407,1.886012611031832,8.056524874122774,6.028835894515769,2.564130541212247
-3.5970691142359055,0.49277495253365977,-0.8160786209443376,7.873289154308076,-0.07218291044461743,-1.6673081193605561,1.5955565318721125,8.90649149948377,5.788612875307478,-0.5533838759710988
-2.5130453924460623,0.6025564971062043,-0.11546667726790474,7.925266580312367,-0.022774403509792946,-1.149816214271735,1.1916515797812512,9.254422613764829,4.677102049347649,-3.477864842663379
-1.2366287076227644,0.7926108504603122,0.5926964209184249,8.20764171531713,-0.0617635082376218,-0.7648870252877855,1.4037525411941538,9.392658776823328,2.432024257223012,-4.601561005456799
-0.8994068231584422,0.9283674960843418,1.432899337691872,8.1275378123953,-0.033348458080725424,-0.1894757445192456,1.6205651451070906,9.671166410298175,-0.19420974771424454,-4.284385583099713
-0.731897075905072,1.357464486439337,2.3491730098588954,8.136657915262173,-0.36145795295520167,0.46607796052798034,2.153146953139625,9.586810145796978,-2.5757647928676297,-3.157796904411726
-0.58220046723804,1.612382547597096,3.4349028957446284,7.933969405041601,-0.6804601685641238,1.077918664301967,3.04433761610155,9.007503991990287,-3.9263879269061857,-0.5221770744944262
0.169937809084956,2.1426992972733077,4.56195299472667,7.580801190182628,-1.181554147856359,1.941558386500459,3.7216544013483945,8.22219056127184,-4.548991861712101,1.485306790710006
1.4873100340359278,2.4851647823356307,5.347971245069523,6.862806239793228,-1.4737095035140295,2.4908751624615633,5.181997025328864,7.135665741112372,-4.230373724704522,3.381171121840086
3.1573455328658633,3.1262389008056384,6.2162858928581075,5.742804682667962,-1.9592797118661565,2.664570106923855,6.238851047474619,5.36321855316173,-4.133344733158193,4.483094417187941
5.257936279752946,3.6614790100438106,6.42460021502098,4.162767686919905,-2.3223477182103855,2.971666836543813,7.247683235798231,3.0691542136640466,-3.8543935870940818,4.909796172037987
7.23092542177503,4.530173384466014,6.055181758571369,2.8947746709098143,-2.1079217101662713,2.696975116745302,7.99712215641332,1.0318906448802532,-3.5030827354157887,4.29895249001251
8.844967843803685,5.324907667747815,4.660687873378774,1.0630977446332108,-1.9968630530078375,2.521203850820392,8.501459373498784,-0.9430067174938703,-2.878930981961646,3.505870208206382
10.157087370392572,5.850348622366913,2.5943371312664656,0.21499980569079016,-1.528120948210712,2.080056826990907,8.609943246422695,-2.2019520907085535,-1.8630760115540854,2.464015702871694
10.934496330301286,5.44062218927884,0.14741180878702023,0.40445570429080385,-0.6980177245883815,2.0793865792515422,8.624837532080761,-3.0753964598078833,-0.48211455408993903,2.1634740090813467
11.42066796430472,3.9516281045276163,-2.0094910683456284,1.133324140782246,-0.14860372726492976,2.1032662473175483,8.271074978169336,-2.9734586310275124,0.956531636432318,2.60714504313734
11.341804334285015,0.9532796346909631,-2.740809635973169,1.9991333689522603,0.7417163729395577,2.733834130941037,8.114192745316505,-2.853775554772972,2.0099918195383775,4.155054648280467
10.311449834049432,-2.628807434642703,-1.7279303038578413,1.9254244132973644,1.7877564423184704,3.376340148694609,7.6464985440029505,-2.4403098153823457,2.8974335673247102,6.226734362615468
8.078644454501765,-5.353925142961846,0.28724407185214423,2.3026509162212294,2.4767978148137333,4.329944703633816,6.774094302879472,-1.8631953229462508,3.080525597974604,7.982147387446088
3.8212089526364763,-6.919075431226554,1.7535887493108147,3.0685490316085895,3.2022451574245325,4.929519710696024,5.911862576873498,-1.8646700215581449,3.242058178502039,9.236425391479536
-0.5769368898532179,-6.796011804766186,1.3969047354244317,4.2745494303086105,4.134049010997133,5.562889291780056,4.774763613727647,-1.6339853860684401,3.1767974260374108,9.837508178085622
-4.528959632527356,-4.694361456060229,-0.2349537214159554,5.069343634393481,5.503214910931273,5.563856201477332,3.094853482244937,-1.80676796578821,3.0612524340410543,9.900747537362793
-6.390607587457967,-1.1468748741313872,-1.2025392813285267,4.992330929707291,7.163173145629173,4.9220130194818115,1.430498522202282,-1.543250668509403,2.936495655572322,9.144222797557797
-6.588758655877762,2.550459417349602,-0.08401556078641348,4.9914531078381685,8.670573884173608,3.4219833940065305,0.0350659386046947,-0.8322455732908364,2.660654025476465,8.405486066145595
-5.213139458966328,5.0261404412597335,2.4945809198907716,5.396928502007129,9.06508197396894,1.400698889626273,-0.646281205242609,-0.2622616886882271,2.8524047755358977,7.996242841132954
-3.6735936411612085,6.048190871830659,5.757705658657291,6.095285872425809,8.106042637460236,-0.771799845843933,-0.2804620691699012,0.2612883746720332,3.1115603905514075,7.1172224410128795
-1.785585980922638,6.3096680925007025,8.565240612408425,6.66930096543142,5.221755120448671,-2.4540424702534915,0.6761035946347965,0.7305853620730507,3.5454353635791778,6.917019878722006
-0.7534396159717384,6.378027620854257,11.065588743734132,5.431688615671517,1.954557620412016,-2.603955256231399,1.4969268110803764,1.5389297016133614,4.119600460582396,6.595104682261987
0.41196368990733256,6.332241525474037,12.054812266015208,2.2231169347327553,-0.4178328200577668,-2.2241192329311157,1.6979452110117728,2.292955718721289,4.8783720221465146,6.2974217149860054
1.5187916609465981,6.985820530590237,11.944009567305804,-1.5152579503885062,-0.13369439818350823,-1.5492610899389858,1.8390728496956958,3.4683007996180173,5.700532562815833,5.900748770950925
1.9108567614272411,7.632563613838148,9.858791302454511,-4.310341026704607,2.406369692327613,-0.6260726857684511,2.0017861426222736,4.439960878186714,6.95465386179718,5.3732425688722945
2.509433960432027,8.037367935191048,7.152182300861946,-5.540469437106474,4.781058828790887,1.131093455822845,2.5515223083223573,5.591722559779635,7.6027950936295445,4.757233965975078
3.008507337186689,8.168486891944841,4.205665697654344,-5.459047334900682,5.671589922459641,3.6248167912766447,2.8109863685458256,6.6003778500544605,8.13410900505655,3.6686063569839744
3.312685399277401,8.423275642184018,1.0127405898558628,-5.029530621984775,5.372822573186436,6.484784190772464,3.4638072120921617,7.083560821744381,8.293067754523001,2.785139522240424
3.624409637675611,8.046541740472197,-1.858934470745092,-4.2065292101360505,3.8282547655806516,8.420784771333713,4.8103348057468285,7.579233182178991,7.421388924505369,1.2626992109560158
4.075157116847825,7.211998446426391,-4.109042089193408,-2.8556019977130256,2.1038174221806747,9.830654265610171,7.135759067563918,6.694244276976699,5.8917606598914505,0.7275906099532896
4.133261325461754,6.1595519772491505,-5.402209769517839,-1.07344511018957,1.2989269610670013,10.668046414543609,9.511638219510028,4.7447193707116595,3.9915756095427715,0.6060887604295283
4.590262223390045,5.109180446822296,-5.796032726874071,1.0274665408161026,1.5983255737775641,11.219002502324251,10.316790789720343,1.3066696768954555,2.740276163070094,1.3672316313879191
5.193260070605558,3.331169256429776,-5.816180440776203,1.7567018970941464,3.2689293823011965,12.066137368057271,8.74999687966458,-2.548148250644271,3.5358619259805044,2.7022789079301077
4.884032817245389,1.4738847743051113,-5.516695795983445,1.736430396498625,5.013835782862742,12.776313151838439,3.8119304848989004,-4.5394586847119065,4.422040720912483,4.787427256167337
4.087050931242006,-0.6356789731423602,-4.62774794472808,0.6734181986399944,6.600426198761468,12.707451644246614,-2.4080050378554514,-4.1756227132656445,3.6424461977838307,6.718488253890936
3.0127711552773286,-2.1562098685654076,-3.7288521623854525,-0.7224776488668093,7.164877264310553,10.526707189074543,-7.429002637405511,-1.3113767635147886,2.0495265099125253,7.701188415600701
1.3209826523453105,-3.0015539151657635,-2.6382495904469656,-1.5296195316230685,6.236488881874445,8.10270398723497,-9.345943992543381,2.2525698144618116,3.1517137767275902,8.123842191322423
-1.0701471714930824,-2.4608310880894506,-1.772206710713015,-1.7509471911754144,5.948691044033928,5.885549728244206,-9.204761498406107,3.8057452275336816,6.1502557241479385,7.82337714134694
-3.322175661921211,-0.9859383627508208,-1.145788540794813,-1.7121372327356468,5.514052186831744,4.216351615652584,-8.884026342897407,2.809681822464322,8.999501460300019,5.528639884993597
-4.810820606577923,0.5209643984691565,-0.8416761692577783,-1.3786212766213768,5.515143125178938,2.506606327884941,-8.535563692987866,0.526610123189674,10.024817612622057,2.964758461014192
-4.818113311525037,1.6884372357511306,0.1637874240205378,-1.2401059032842938,5.389617966928668,0.9580473560760027,-7.959447861201975,-2.44162776016217,9.648682076909964,1.4088347999723048
-4.66527152945577,2.2931272500817204,1.0589717930347797,-0.42331655097253934,5.577410187313885,-0.5190155198757499,-7.289804487507295,-5.160247841956416,8.043973367824485,1.4902988283334102
-4.044332096547345,2.6192213517982195,1.8399757217915398,0.349178651805795,6.080906683341878,-2.0783089194779,-5.718880473303079,-7.003874227621997,5.484604934328003,2.3977111928834485
-3.675570880535229,3.0413517156081977,3.1221442128941104,1.4255561067580382,6.094136807829136,-3.028303874751078,-3.068498680818039,-7.666648248617068,2.953294901625604,3.5780975759229965
-2.701362665377779,3.4065900543376006,4.246245834313434,2.122790099763262,5.440875443523784,-3.1565071309817174,-0.43758394521076865,-7.1651169664786964,1.089529639329219,4.1254842169956305
-1.4938594680960477,3.819842603751229,5.246015827584981,2.8506194536010123,4.734085390199783,-3.1436888288776395,1.8576176084779543,-6.2960572331855555,0.288182564973452,4.543411492266374
-0.1059998713384698,4.0500935107113145,6.300026037306889,3.5677530974877776,3.5926739988617835,-2.677553561507846,3.597811709853658,-5.100409572409231,0.23611562057351598,4.826980407417797
1.382302959092981,4.352430043169228,7.123112458226414,3.312534787769243,2.7432487647519728,-1.7988789924898694,4.83048695478651,-3.9565396025459885,0.4500271820082332,5.312986795165523
2.8989882956640556,4.900625683910646,7.1668774844362435,2.5556577281999115,1.675365113579979,-0.9329372609318981,5.3651905076480135,-2.7166439456284444,0.9696871814476923,5.669417740342761
4.422689111240176,5.470734513350267,7.12158668998975,1.8773553142173303,1.3205144369582684,-0.16471926850131885,5.913499543915606,-1.7876432130755298,1.3957809738790254,6.182562366317605
5.747266004183474,5.557216798387768,6.270000538649518,0.6264822847486269,1.3586200299729336,0.7839812570691641,6.02238399078114,-0.6660790368820898,1.778631160195328,7.007045021235989
7.357594069396215,5.27128497758358,4.928095087068673,0.2877471629356669,1.8452981124646903,1.4457846572391713,6.024368935382931,0.12642610695753367,2.0897772377489554,7.720726441423635
8.25416916591908,3.8081406256462595,3.3339009138178874,0.10235637829100286,1.9605066948265562,2.31332563055534,6.129450587853064,0.7162948577566675,2.578280916428878,8.598180870137453
8.616977144029775,1.3545660284555632,2.640504754423846,0.4593446338327702,2.5089835423910127,3.2297452289860784,6.243296520251423,1.2215925873081912,3.3599457164968762,9.71714205020398
6.711597914144186,-0.9785977559873931,2.8018032088979146,1.3855811483734732,2.8505212259333996,4.407124838964684,6.067991963681564,1.6128337746318577,3.844820061455375,10.872216087692342
3.7016145494196238,-2.6728082383497545,3.342554868269863,2.3754884837499644,3.5036550947336553,5.358712872792027,6.004055788480884,1.6966968795802835,4.418424012958488,11.63000653011815
-0.32505844506191606,-2.6305503141618605,3.594692707556277,3.9314098532570876,4.079851234331578,5.742243214270758,5.605361850257349,1.8908405128045738,5.2577213576856066,11.486265778181497
-3.998024474000902,-1.1485704314155252,3.1416134369610647,5.444530948425278,4.96395770721139,6.288880790979902,5.095237247401679,2.422156378561854,6.18147297461627,10.060150441109489
-6.200206862388868,0.7339644917377744,3.7006260572440683,6.414457903753112,6.052382308368633,6.23544772350248,4.363015824568146,2.440280654283207,6.650992342842472,7.7474162351692915
-6.880309321893494,2.1016597065463887,4.823803884664068,7.857871830581082,6.629132790008556,5.480408745087212,3.400242088327763,2.9772935145509845,7.02709101517775,4.646332514763281
-7.08972741098002,1.4802986870079484,6.457543110830573,9.023360054626105,6.472559019529252,3.7693463309215653,3.028206472264111,3.701548250792493,7.18647128784521,1.3746940178982292
-5.996674971545066,-0.5860315628216555,7.127463002771377,10.960283824894173,4.846855625028158,2.2781303325419917,3.166211943196212,4.497258434117627,6.7766982511197735,-1.8588250602315053
-3.9739898618369263,-2.394403617921823,6.034363834163623,12.416359457333618,2.1644431581038126,1.1574238898618652,3.493727037031925,5.525551585083306,5.1848354491750825,-4.398448032237019
-1.8281929408126156,-3.2245665394163994,3.8572116657835225,13.525517569418241,0.2130181477953933,1.2044046357650662,4.1563467630814666,6.557468209330464,2.762106661123052,-5.392158548414588
-0.02052472402116881,-2.770262461070865,2.2980738151899804,13.649596945647872,-0.3240029939761468,1.716602613947314,5.04610631385288,6.414907164659382,-0.1330588843483436,-5.2430130909845305
0.8123518185723273,-2.0924415096324083,0.9390064925866765,13.620556830936115,0.25913332051992083,2.231149243859695,5.793510194402704,5.7929235944934225,-2.8452878108833795,-4.175321032345951
0.8719854814632122,-1.3064742135711511,0.2788434929186481,13.408823868019644,1.8358513462526544,2.0118233595660877,6.517171272455004,4.316690002106774,-4.485648931074748,-2.5657785162131113
0.9939601652050253,-0.6146131560552919,0.21581091449372986,13.2192479654138,3.6664437521616757,1.3690484175856277,6.585170362960784,2.5026448347871875,-5.01484640648042,-1.5267165371442433
1.264888824044425,-0.019557371601245252,0.2868533908653242,13.272204664221665,4.357016557592797,0.5513767737286821,6.762576441451265,0.7922537740195214,-5.049046575893715,-0.5198755898331322
1.5666520730632514,0.5534158170555656,1.0203514403918523,13.228673131347191,4.3633305695766476,-0.4930232503222124,6.996702479646387,-0.43407580782251043,-4.2974577713792295,-0.33780354088990205
1.879220944568442,0.9605535561014779,1.7282749433060653,13.270074700928658,3.1969946011897683,-1.0552275665960547,7.231887655716988,-0.8712100451318537,-3.451424842834453,-0.5153602126152089
2.081393474517745,1.7211441240295942,2.8507473756220456,13.215976735487352,1.127841649745313,-1.1925683382221048,7.494893561894681,-0.7673804346834207,-2.3067772843305945,-0.18759301573418696
2.545871697033707,2.7056340536093915,4.394223716260188,12.873994114824786,-1.2412086736954187,-0.5018118901508398,7.778639269461378,-0.6770580741429972,-1.3634009396740385,0.09180130301947018
2.9759033696717814,3.628173289952069,6.20659837874564,11.22095809147086,-3.8739092697593445,0.2490931853849519,7.777646548849512,-0.725277684034845,-0.499478376940539,0.2604919093234044
3.2073581510640916,4.881793694240584,7.659590900836462,7.7180251114364795,-6.098183591975558,1.2388313129665487,7.952520388584902,-0.4599098885449425,0.14556673122672226,0.6992100194060914
3.841820487799106,6.345895969944991,8.339506703213235,3.052262607511569,-6.996630975502297,0.764754093887026,8.371762559899398,-0.17887404518938324,0.5362606446753123,1.1148504984052927
4.685272023246785,7.941012625207844,7.00226960599652,-1.9358061890887426,-6.4845268159291365,-1.5813504256910156,8.576255134220522,0.8245291904442752,0.953496800016886,1.7450929310724077
5.6126529540848535,8.876364190174295,3.407911435047517,-5.01731161047387,-4.03641155243363,-4.264637047568156,7.6535786451059415,2.9409104226740457,1.0704021133418247,2.4550757602927122
6.944615990519076,8.345385525825787,-1.2716119481144017,-4.8722154346662885,-1.9928007843055764,-5.126667207416711,6.259141897184984,4.843854977672703,0.680066553312271,2.616737180079018
8.097909824456485,6.118789783082841,-5.05201807454562,-2.921215041182876,-0.8955854086725467,-5.001551144090657,4.489186810045107,6.628985798373337,0.49951807351372446,3.268540451422226
8.89465203839632,2.511053114277529,-6.4571544278899635,-0.9086741123188429,-0.5201417373794178,-4.46961721015668,2.872888024655891,7.6768108304248,0.8992137443699895,3.5212551715135745
8.691795649194457,-1.288472718214641,-5.937573461066554,-0.1709200522546057,-0.18349436185745016,-3.7426397522762844,1.5099080686107886,8.573478296206291,2.0708372508885233,3.9912290781123807
7.466701003240609,-4.482769519346745,-3.8378174940253915,-0.4559447985694738,0.40203777248202854,-3.1290654944177336,0.6577850517331186,8.863484876189519,3.6273092635832214,4.332784059315643
5.769552843068501,-5.825915874235628,-1.3252079266290127,-0.39085393658097595,0.9132902067202118,-2.339066882439509,0.016063508439694243,9.063818344141172,5.735225786360598,3.9247030451365883
3.82232156495276,-5.953888641713064,0.8980471587244794,-0.013839787491111352,1.2918402900519794,-1.8494275432957425,-0.29276984837862907,8.90136226071543,7.60360154311107,2.6926477876802943
2.753470995610038,-5.217820271595003,2.0557085169549096,0.8743564712265556,1.662357642107646,-1.3030140427793522,-0.34953291452993634,8.528873961532467,8.636303781913776,0.990048350373144
3.2402091618898,-4.151216620261941,2.636284133882141,2.139569382824361,2.057133950745093,-1.1028901873558585,-0.283838935386335,8.701090882724312,8.819152550994637,-1.2209789570561929
4.786262290678044,-2.4144315882847214,3.3261273398818414,3.4285067739176136,1.7414323435535966,-0.682258587143721,-0.0436054065053657,8.628096020972055,8.32437741286939,-2.4550731439764863
6.098723671013972,-0.16486677345473294,3.664760802763676,4.034219202234104,1.4558065306059795,-0.42594975204790614,0.16552855753649964,8.811809369014728,6.908651068117388,-3.428470397205011
7.161547001799244,2.5903113644347835,3.9389426904924263,4.368175120429504,1.0762211159584842,-0.21839174200372008,0.6512621469350331,8.793114405939342,5.522455131681004,-3.274567405024926
7.358644092878212,5.43137793958494,3.4378065485799922,3.9876415100072697,0.6065225693644167,0.23788246298269106,1.062969257599653,9.150178966314563,4.079692083100331,-2.852968583272274
7.080691603645854,7.787777114912187,2.796064289867548,3.4677363077435563,0.7074998276168236,0.7800872583454499,1.5113035586615025,9.481014791879964,2.5291085724800113,-2.6080846394112083
6.371995185847719,9.454332742742354,1.5730816163471766,2.9381642464036895,0.6917364583812311,1.0860055222708438,2.3973564161422436,9.450995397445203,0.8990216251315811,-2.044625728111201
5.844406212278473,10.359192039299426,0.44166054797568943,2.9054250854353425,1.1835318369723213,1.5281401018646843,3.3720730376296015,9.562214808311673,-0.9166799092013399,-1.610306677811652
5.325460470441524,10.674333832881123,-0.49529004524717735,3.102273424728657,1.9269453164942074,1.949056908590267,4.130448714162701,8.626614713512941,-2.698902373605989,-0.5630938224925094
5.352581737214881,10.493446120421373,-0.5289460343551724,3.7371766402740483,2.903681514382261,2.5596673748322756,5.188189685782849,7.442185711362214,-3.8702419398220576,0.2554660110911595
6.16659703515886,10.030283345473041,-0.977693959112258,4.40324270618627,3.8929501245284164,3.1819352841680755,5.767296392003119,5.668482834038297,-4.815345493742912,1.1234436292008543
7.019847192635945,9.341893810454946,-1.478158193369636,4.772700558419043,5.452815761490379,3.7392961159976292,5.930047983819525,3.3718464574528904,-5.328097158662522,0.9050811146132511
7.613454140646592,8.534364493092015,-1.6849493155845625,5.4526927159603975,6.9535819338048706,4.269918284460156,5.429940186661923,1.044063406487469,-5.061492939919496,-0.057925004286620285
7.309176010042147,8.28314264841471,-1.7539580903740128,5.795192347201874,8.651337842897819,4.264276486219153,3.994498941271566,-0.5960213615258021,-4.257841231551113,-1.1654493243920927
6.29306821966309,8.236597192092928,-1.8161056294330298,5.654408422220693,10.251093332489253,3.173200435733406,2.3803558437573296,-1.4038611698451606,-3.5041712316697606,-1.8819214831369981
5.560799806472105,8.307715147891475,-1.279150096435435,5.730805673256736,11.531777602592689,1.5267985440454845,1.2915900773103366,-1.198817207626627,-2.4501285524220653,-2.575573388442472
4.14968708539567,8.902095814502044,-0.19394192341585056,5.833444522644187,11.689518397623294,-0.624474610414033,1.317399381967843,-0.7217668895615477,-1.6332327510249964,-2.5778800917594706
3.2755713505542614,9.673227076943988,1.0309635679698281,5.973941724878598,11.219883990563448,-2.2770164795666505,2.6161899105132593,-0.29191595356660516,-1.044610019279029,-2.2382190740313925
2.6651660412151545,10.015193051341445,2.9179584400113283,6.338977937973369,9.642684780455594,-2.989989742389969,4.470827819942895,0.5137097592026325,-0.6320751882729501,-1.700568800500079
2.468556458717006,10.723183638927157,5.428624488465361,6.04887384790958,7.5569736151441385,-2.926826242286954,5.83516491470707,1.7154426333577573,-0.45774667939454516,-1.0961051809678566
2.056061370801745,11.40432291251428,7.441462271937906,4.76494151517126,5.180275571665502,-1.984686288735806,6.679660301402226,2.6796901993870463,-0.7002319231263285,-0.3939663403006527
2.332393063389897,12.186274423243413,8.198583863015953,2.219038298064025,3.8293073740108667,-0.7598365076089699,6.967855405143499,3.3618535036676414,-1.3301217366556297,0.10786023296391878
2.889804221367058,13.162423229567723,7.0616456151158795,-0.9236250732638482,3.8706754662519396,1.147265276597454,6.942616477002998,3.02116894001526,-1.8269491907179987,0.6728936091162909
3.7585856806189732,13.709090879188718,4.0164285626886995,-2.911783223647494,4.600592334966129,3.274729950731657,7.0057608004697824,2.031767367379721,-2.073935583874677,0.9805921529423594
4.776951556610681,13.484518466190403,-0.8237092258683362,-2.973038359973722,4.368627846732454,5.678418863808137,6.269339792754844,0.4908897996946744,-1.6528948864921278,1.263798536975027
5.6507361358743085,12.20228435151895,-5.06091230059896,-0.9596764943366756,3.759850702284042,7.445031044821318,5.181418378312025,-1.4270215983058658,-0.9853597814780142,1.2387522936229136
6.740367318032196,9.769056100896595,-7.524780686322252,1.9363506957010408,4.379368928207019,8.226875216782656,2.8931991692456624,-2.3692309014894812,-0.19664232435737122,1.1377954697063006
7.26160552169209,6.698720944990734,-8.232654306189044,3.2070382348129396,6.954215543164509,7.957805265236185,0.06474034289390178,-2.626236235905899,0.3481383356383414,1.7568488527055468
8.01176648564868,2.841316836921226,-8.388602457335539,2.212518097602369,9.333903737242908,6.331512606761406,-3.093323165383756,-1.5792826997633045,0.4054735299564923,2.490631993882375
8.086283569091373,-1.1816756330418448,-7.838294183910032,-1.004920979860227,9.749605560165264,3.9725478016767424,-4.818293409656091,-0.08772921020313976,0.7320432496251372,3.0215165046510615
7.667300519291428,-4.737671992296065,-5.263131873817523,-4.535864009112586,8.500401373614316,3.1269513204560972,-5.696746244033417,1.1562503164800497,1.3265165268428367,3.802928586237061
6.060222558792754,-6.316881722798355,-1.0195668212369715,-5.945718280907583,6.680524619280246,3.3272190069590795,-5.980914471061901,1.899366788255093,2.5442709150079206,4.659649478034812
3.976106048908672,-6.590776922788107,2.82345298464703,-4.530754909749085,6.208700942253817,3.6536603399464447,-5.724413347693383,2.3284494537987883,4.040707476723475,5.055466049634249
1.3265324867667454,-5.9489208370736515,4.879894533211023,-1.1028691420259344,6.553487251299498,2.989124047464673,-5.69379414380454,2.2629941297016756,5.780881026600552,5.485305237537018
-1.3793675622448975,-5.406607077257585,5.031113079746988,2.22405474622128,6.556930911635147,1.400623997246451,-5.422170927274864,1.4344965376939856,7.011452939780866,5.154108660243342
-3.591799729179015,-4.513382843185571,4.002329056360491,5.1630725641188455,5.790267537780879,-0.9564751646204299,-4.829132346243541,0.18693494568965036,7.631382412964933,4.036570060488187
-4.80812643454029,-3.7123918515444614,2.2725655158376386,6.516129708372178,4.597862813704134,-3.175926227166427,-3.471527929622548,-1.323333266201305,7.3887961513698945,2.985657064441065
-5.281207153158075,-2.7150334507832685,0.7792831248569432,7.476988274045936,3.0899097337434096,-4.319019631486575,-1.6538855522067626,-2.088993461986782,7.184018944192998,2.0102402465382623
-5.500933574712764,-1.5506059834370443,-0.23496686254488885,7.466995220891843,1.854461857939824,-4.651855006742402,-0.23395178457049848,-2.2293872877964676,7.018304311281822,1.3884221618437482
-5.0776855096806095,-0.6018071034171377,-0.41255218353559875,7.597558944443903,0.743770948804869,-4.278037850971157,1.1111024927823685,-1.2606353287867935,7.101948200568748,0.5375234039218723
-4.3742642378443435,0.01873958354253398,-0.11387922588416319,7.661535943177228,-0.27099026021222006,-3.7374935950742554,1.6109194976850654,0.049396091887655966,7.315343255966854,-0.5180650493094356
-3.403250026772179,0.2016172448958199,0.23364044462606426,7.785302068223755,-1.012412598888171,-2.7959493718415835,1.7231057830161656,1.380379945065346,7.163013520004496,-1.4206424815158563
-1.8169229178706012,0.4076928079215571,1.1285291400219697,7.7501596160458135,-1.6006200742114574,-1.8811703773159585,1.7112400799253562,2.8524278904283182,6.942716452590765,-2.690684816706443
-0.4259019744529484,0.6634311999603345,1.5914257098192752,7.7102948955112725,-2.082762735167787,-0.7487916830240201,1.9686229337981775,3.8147457798687543,6.258995641381396,-3.69647029555124
1.1446032020785404,1.1177222359688217,2.255705423087803,7.622306857473456,-2.373372623497785,0.5124718851256775,2.157709668936982,4.735646120538364,5.2881791490440655,-3.903876820395898
2.113525852800654,2.1286049103477263,3.152741257535345,7.1616072460501865,-2.223689548982208,1.3019482427058855,3.036958607768798,5.4083384054451304,4.097229035098969,-3.9650030013470263
2.5536760661571725,3.365535853355348,4.10127368876867,6.50671577789615,-2.4333534114092124,2.280202316896837,3.9645299495678157,5.89613204965834,2.09390153091368,-3.800743470758085
2.4022129617561707,4.676691217397953,5.037748716217624,5.209466437980716,-2.235789800060823,2.582962003657278,5.327114987028137,5.746412669551681,0.2144726579739096,-3.1519085601938173
1.8699484434226192,5.910442188062399,5.78378872810877,3.34079810572356,-2.1706685774406886,2.7759576202405842,6.711652512075421,4.8109889709543285,-1.897993151561508,-2.7060670243370084
1.4106123388352727,6.675076280395921,6.34850094795746,1.1020212750837004,-2.037165432168643,2.765300358493783,7.651171004513222,3.2265749748781114,-3.025672672742922,-1.6570040075024046
1.1532991560548722,7.385858744491343,5.928074636470564,-1.0718569049692934,-1.4554214037997149,2.4316064528821824,8.328626920168093,1.4107107658668696,-3.383492744087651,-0.9993249153576527
1.2476065285500626,7.647462479191821,4.857362141559484,-2.829054696146404,-0.452910791454891,2.327875853887615,8.472872568609324,-0.4614932996849104,-2.886805040638145,-0.5835336411231915
1.4568445916069246,8.038341555059993,3.3641262843379636,-3.9401605601585374,0.38299375653764506,2.7328074774526745,8.224672967039519,-1.9350956225680969,-1.7891799409242781,-0.34417534769885794
1.6879806518334886,8.583318830544748,1.4683149157845101,-4.287257713703847,0.4331374912914454,3.178380413784026,8.243534498553453,-2.9618061226318404,-0.14980206768619841,0.05371371241411858
2.1961890865555693,8.562840674452767,-0.4233958868528923,-3.69424473310351,0.44773774010820255,3.8174935690412797,7.575372425545544,-3.452601151679929,1.540289221326105,0.687988915492678
2.8598947224762656,8.278443887219655,-2.408185877101031,-2.459972258897806,0.20082062634576228,4.375790740544187,6.901339831394448,-3.383306424763786,3.0725497677632037,1.7076771636252206
3.8351972509382355,7.432501638495482,-3.750858473247732,-0.5458370680326938,-0.21451632726914507,4.6209516423863155,6.397058791234466,-3.1579649817953688,3.950452245257402,3.4124942630039548
4.563470326015367,5.668025551473429,-4.331131719105781,1.3468670032244794,0.5840105291064217,5.019656026268125,5.734068313548029,-2.644325365998512,4.532007596043223,5.153957771193119
4.927321305717758,3.6131278868571832,-4.243474114450311,2.2265259474755075,2.019475618975863,5.5265447699571535,5.0113852649958845,-2.0672241229117576,4.468327032807176,7.231235132832449
4.17006390383898,1.0327068445182255,-3.8456576080828975,2.652838509848659,3.804413345551533,5.911423033926127,4.01600011584994,-1.766726578608716,4.731665850323269,8.537178130144103
2.483928600215518,-0.4791449766645568,-3.1306285447396944,2.356115619492762,5.14988877198518,6.2933890372997965,2.4317328815575143,-1.4608213571862725,4.55288047710189,9.906621275635326
0.585307313936025,-0.875395680612518,-2.3734157813908636,1.7999746306378437,6.221155778514347,6.4671946078402165,0.7139876755866091,-0.9255972246703662,4.2081606941201795,10.339583152249899
-1.4504698097690476,-0.1779882928239196,-1.976437423917454,1.2799092764589843,7.106473515194692,5.859951117284355,-1.3237246749231282,-0.4199755092839913,4.202957109977174,10.262000589165197
-2.668978942780124,1.6638794842509013,-1.1103347743012906,1.2508732072661286,7.7507372232542,4.9066115501378444,-2.6779205580068237,-0.013886669192940376,4.4302995117789,10.012250586301745
-2.917628367220303,3.5705247890825205,-0.07604147752031751,1.4211993151390772,8.171565479549546,3.530289948590113,-3.5139054573663606,0.7220011153327308,4.60337579090753,9.24355426450618
-2.6892086451340442,4.9202779910598355,1.2257561434662323,1.8549374285635747,8.339940510787656,1.6255655382502519,-3.961947552699776,0.40746491395082146,5.238548123535416,8.58425316262269
-2.0196772117827426,5.942758934149438,2.7451335345831014,2.551370291149962,8.290506710105312,-0.49631421275883336,-3.450949186597447,0.21302787929180247,5.9404556640745465,7.963238754127887
-1.2733437707887114,6.506590477621017,4.602288171023288,3.2232134510642463,7.611308795810094,-2.0521730323730667,-1.9862107564088052,-0.3140026566232174,5.885772804725389,7.516037279770896
-0.5826326643346195,6.747239708292952,6.2727909820996315,3.8090232656295715,6.277671309341502,-3.2867492771845415,-0.7108427088851608,-0.4611423997851501,5.9398456199468805,7.433999832908568
0.2544436236468176,6.826346621959456,7.6898457197925305,3.5109764486463053,4.472897579092695,-3.646004002133708,0.914496967168388,0.025607421984549676,6.063427788541027,7.74339481657481
1.0127998239259293,7.045299520963392,8.459109677338665,2.5558828344820523,3.153742057803786,-3.033355277274337,1.7902030747625477,1.2469362937762252,6.482173323833641,7.938131988433003
1.6500179432649562,7.199083450748412,8.961669839798237,0.9391163175494928,2.61417884280441,-2.370819432820137,2.4058630288040868,2.5826962092388555,7.094041084203278,7.618642203971523
1.8066480033940204,7.424456900946782,8.38072166571607,-0.6358502275106663,2.824249434990399,-1.5123550350634882,2.4959864528996736,4.086918803013757,8.049787792502235,7.1156807947277265
1.7401994664247007,7.756716613802643,6.986378890271031,-1.81363226190278,3.6127273890371643,-0.4104571149670411,2.906389672807564,5.662110450460979,9.255011667676209,6.280421430337065
2.1246778639425,7.837999111209662,5.701521896009259,-2.5165311393369185,4.580005509167175,1.2086795249324973,3.3276661619663552,7.444248205236065,9.836723820450098,4.323293375689472
2.1419154153384463,8.291645093343995,4.103142138152936,-2.6605942811971373,5.309381301855715,3.0284168732436436,3.8805106293125378,8.797289807950449,9.603406261042283,1.7159739902919626
2.434142339687128,8.512853526063768,2.4043751763253605,-2.6694504594808515,5.427068785826829,5.292917647797388,4.926552257465507,9.799922997040442,7.632212561856491,-1.0473571706470195
2.475142933658933,9.273992463920212,0.6135204098070159,-2.3189875132694397,5.072027599078377,7.504860224140935,6.844200913319019,9.65965131059659,3.8944367610176447,-2.686578581313091
1.9192062269550747,9.749193141313718,-0.7248633672787739,-1.5063689472618909,4.353420421851349,9.718255073534495,8.480146864594989,7.283816595042393,-0.17892196279892697,-2.613476788582772
1.0064485145990445,9.674928293369227,-1.3459132504682105,-0.7906051595854031,4.255340615972429,12.146219906541388,8.755007203673333,1.9563468864931277,-2.018390432341215,-1.8264982631654276
0.6831537894566431,9.528109772453119,-1.2836158287459367,0.16646421345746198,4.336449995670186,13.44822979262548,5.810421189018475,-2.9109527123543817,-1.1636736607289404,-1.3723887024725177
0.5439949298243156,9.59030750823941,-0.6498234721582308,1.0681167858582792,5.029678211422591,13.822252323523033,0.10550050114068088,-4.648073603951259,0.1655950592553611,-0.9459085894463749
0.6974700871977662,9.738407885039171,0.0935756100563915,1.3324399243871992,5.970203897326832,12.494000013299718,-5.111449041533046,-2.2000429893691282,0.3958721683128459,-0.47175803733433674
0.9189485681610859,9.679186191771166,1.0510428846880704,1.7957213178292226,7.2503838105759,9.537316821066813,-8.200220701177066,1.827460267933908,0.9536851256009076,0.07909829355082003
1.6773156426031675,9.82581944692283,1.6629160473532982,2.0524582907837905,7.874763792364696,5.679429752208181,-8.74350736140098,4.817607222951872,2.947117233050213,0.3125911545766325
2.050005172862874,10.072409560348424,2.266830715610524,2.45326015239773,8.151958099529164,1.7479968272269335,-8.340882537805088,4.857006064470555,5.479444117976722,0.18130556939875322
2.630956266669198,10.384048415609128,2.5343874111649,2.3609779573547196,7.882435416793988,-1.9703740423921055,-7.426529877831168,2.703295216701716,7.026806518304208,0.16821618013894635
2.7400299344401113,10.515150383944317,2.7638062961535557,2.5056071662327954,7.391924080370882,-4.830905025599413,-5.213539566980561,-0.46708037799647273,7.749974979779928,1.2281260519726995
3.636335021809887,10.481770871134707,2.6271401552015736,2.300103430171505,6.430533141601027,-6.16075607537834,-2.208070022771015,-2.3163153047062135,7.303703711921672,3.643122725024741
4.683511203748358,9.9469436339199,1.9629250759544499,2.1215192444113753,5.831990682066631,-5.973107384680617,0.7271129150048072,-2.164266208702052,7.0730172442456185,6.086138157747003
5.940259955946942,8.546492987603868,0.8620901763597989,2.3270210293190887,5.23055739884088,-5.277169706465788,3.104437416716471,-0.417613884470846,6.663557392692177,8.67192884094071
6.451300453248543,5.798150227336056,0.23698848136172418,2.5638217879229566,4.960447134553628,-4.254617644942729,4.3135129944250545,2.2336803179586435,6.938758884890535,10.403807108473247
4.7602278554510145,3.1342833484452326,0.013747986045356972,2.9231352612502373,4.720961740695928,-3.222346540849939,5.068392220290356,5.126807694547051,8.1576769433422,11.195666295499333
1.4246452742308087,1.7194330164284082,0.30995000117334826,3.109753545864424,4.6686525729228165,-1.9224378105669535,5.094505467070953,8.466838354646976,10.332704024106066,9.281603672398406
-1.254492267791555,2.056506412655631,1.1869036414732586,3.6888356759039636,4.452078135247927,-1.0437063575640437,4.737982525157964,11.278031172964868,11.110599655088778,3.868771123964593
-1.1344706252989052,2.286297078980738,2.2404459689630785,4.039945304261684,4.281936558875206,-0.30141326452328,4.741480558852106,13.721162758647061,8.480246149321333,-2.6807672060842336
0.0364821267541701,2.5039805593597078,3.1617996051485093,4.522490074033249,3.8746346009624095,0.3026223329393918,4.9715925227365805,14.825001943156492,1.8294642082831243,-5.925957357791934
-0.4394544533211834,2.8702636528424104,4.067073988960043,4.995411577225629,3.463536275739325,0.9086672403446371,5.488580465866051,13.907456545957873,-5.343283826896212,-3.379405378783099
-0.5107100597926376,2.9391838178921024,5.469466625189285,5.213156261322356,2.7288281472828206,1.283797911167896,6.441577926395796,11.536820153610844,-8.721324883247714,1.9541266118586873
2.5270282822947654,3.4675187465014887,6.253317481842293,5.394442315310295,2.2243705884274907,2.097590829173513,7.1759359525702235,7.842863035223254,-9.1039599639151,6.17597924809135
6.999635287842672,3.548249810063132,6.45495172046596,5.068087966621905,1.5655405310092356,2.3470171777996747,7.460788934773095,4.015230925586438,-8.44729210802347,6.734080803644055
10.354252766145546,4.238833365038522,5.930358481270535,4.665739839880877,1.2787550110764865,3.0739714974585173,7.691770457618427,0.4520331021909664,-7.459219368903874,4.524701682510244
11.635809080921252,6.293351301835843,4.459975440426206,3.8552720442547455,1.1713282731760006,3.788461701143297,7.507902489492854,-3.275245147450647,-6.182439245330361,0.3072806333274929
10.758372189227169,8.788306769400082,1.813177526352199,3.3549081693255474,1.7354110286241442,4.064722230098579,6.500446792837489,-5.659306986285839,-3.504699084718098,-3.083311328769399
8.38563927188633,10.953187424329736,-0.877192181271923,3.3696462185863285,2.741683288637466,4.714049919492681,4.969343188547102,-6.677264539051924,-0.09596436109458713,-3.6950105279714434
7.069992795092207,11.168834901327529,-2.5075227828978957,4.5747830678939145,4.300021759280587,4.815289383849532,2.7390671463358305,-6.484245834615777,2.754453522495605,-2.157665413201887
6.7325038466862255,10.62644527257454,-2.880355446728733,5.6334890567352875,6.545649436033101,4.230245724200733,0.4731121132832439,-5.849360459589784,3.815082175358004,0.6222039866225711
7.62063343656649,8.79310681562202,-2.916070847314816,6.060262790183701,8.437042190426498,2.3076624012896163,-1.0147976679422102,-4.911950487348297,3.531609151535176,3.225753341254532
8.820394796150511,5.713244358211852,-3.100468875138971,5.853440511611913,9.680427056876622,-0.5591526029374679,-1.2936960067093608,-4.313902822235044,2.654621532572207,5.645058880865323
9.423792538464676,1.9602538735515875,-2.9337710585690604,5.395753692830021,9.958221215714712,-2.886314375860083,0.8036913104823243,-3.6958991324772805,1.5089891551883872,7.037247108055853
8.753974995835993,-2.4562874654113065,-2.2740494320579354,4.252571601325496,9.839414312259523,-3.4539568934124736,3.458260329323355,-2.5810878247399764,1.095633149017937,8.018842150006773
6.624084674660297,-5.520335288212402,-0.958498489403549,3.2849805257286153,9.61445885052435,-2.5680318881951956,5.6393745584084956,-1.135010103340824,1.101453442719249,8.633720025058103
3.6321361860621506,-7.227070167845856,0.3136518460688202,3.362808660286415,9.249445082243,-0.6370587299332914,6.690206462751482,0.520646411743567,1.720480567294018,8.951347171561796
-0.36929054095695163,-7.083674639318539,-0.01809639618734063,3.8646453546413744,9.368793295968464,1.1771667270288213,6.642760242447911,1.5013523966117648,2.250263161675,9.10118505884353
-3.7732382086629643,-5.139612520253978,-1.3506640233711507,3.8522057993622596,9.945270234340434,2.686514260804288,5.9585527233464,2.0130769398687485,2.617399473837015,8.859903892551714
-5.666283642447267,-2.1568107189304966,-2.121271808989012,2.6366862253837438,10.68207333188077,4.351253980423775,4.773521428705271,2.1923106072934293,3.33621973759144,7.740974226179261
-6.198221558455789,1.0808403692766047,-2.1133784400332516,1.8177227464945105,11.56924775830638,5.2653235289255225,2.984841556793667,2.516707372798411,3.9026233997430255,6.321346005010008
-6.04675018676988,3.6726528651664894,-0.4030458465558544,1.9095543470101737,11.958740517326468,5.498228136437033,0.702787634400407,2.6286425426169298,4.721646008299652,4.736945425418678
-5.542340219980002,4.544597236887186,1.9163558818357307,2.4455898304631685,12.252436616365351,4.774871927710758,-1.1123879834559784,2.9229608133501093,5.63582582547027,2.7787156772777992
-4.789881645116994,4.562430532420491,4.1669923054095035,3.7399920102498956,12.228858346438814,1.9395154656063958,-2.043701964835228,2.8662604572040444,6.435204309313553,0.7993005944443801
-3.9050466736658422,3.8613846110782797,6.369212168724497,6.066079352125144,10.725180687981783,-1.558519123343271,-1.4749362973551297,2.8392824366355223,6.773670567535214,-1.1299778783899534
-2.9396820761694373,2.6061423353176707,8.246654220483647,8.600124471049106,6.893205888247231,-4.546598264183596,-0.14371472604294216,2.772755164578621,6.825784311413581,-2.660016352028714
-1.5830056244597468,1.4310691878429451,9.497773396687052,9.229811486107616,0.6938397179792185,-5.601596790066183,0.6510177117945091,3.222112188446565,6.45563115487071,-3.798984601002851
-0.1163835531237326,1.4948418318562076,10.122580606296165,7.562293415286338,-5.216333664024022,-3.883107008084149,-0.4615881245019715,3.9225680848435,5.781350977058012,-4.3928694249090166
1.3386108212658954,2.2588087789857836,10.619352633764395,3.515342400036032,-7.765440264495757,-1.1347890468984008,-1.0058951020479856,3.7047161923337626,5.2590627728175114,-4.7056656916207835
2.1213083445858003,3.8861549349760973,10.330226625730468,-1.731401291246377,-7.304416296309334,-0.06386997251048451,-0.7147886536258107,3.7943131250182143,4.951348178136807,-4.344300310235743
2.4699768646022573,5.878339665607404,8.535715445293501,-6.6150808670276655,-4.523583245240862,-0.6104753289299489,-0.35573123424789094,4.204912314596908,4.376068453254562,-3.978358299448558
2.14548743866237,7.448499754847993,5.419523726280725,-8.732209856883266,-0.6910402139641046,-1.0116635388959796,-0.03522433087883807,4.410741572015717,3.845864684985543,-3.8880507782851454
1.9920419198536403,8.08127632634447,1.208427724516606,-9.237477162562122,1.5878275396986654,-0.31772324772990496,0.5057881477444638,4.6269080351587295,3.3011030286009384,-3.603546569819317
1.466067174189208,8.560911734418521,-2.4149669077372047,-7.927076304680476,1.4567928192092312,1.1001476143542783,0.8905381040835599,4.991518079615076,2.6466653798549125,-3.3537759871492336
0.8541280458677168,8.557010936025394,-5.175948441744306,-5.694271836929955,0.0768559492500686,1.782489338515183,1.7129141631670137,5.412736191100547,1.7291714335059274,-3.0877532680195725
0.32944037977978013,8.585091274895564,-6.278705627956296,-2.0997412795641885,-0.9323881685678082,1.8941833034127047,2.5062556928555386,5.51480810095313,1.0803791075062963,-2.802309253517038
-0.21618902212529675,8.584793519703656,-5.662982080656306,1.1444658277935897,-0.707420829199305,2.3422500499329355,3.5256584882919437,5.381015623470376,0.015256022992914342,-2.3083485403162864
-0.5283681526799038,8.64306744524961,-3.899614904816943,3.8732127761585757,0.9913458469448431,2.7223559073756944,4.586717069139495,4.998746908550433,-1.1154146431207943,-1.365190231311539
-0.6004031705192538,8.905327685109267,-0.969580487480858,4.79939953082208,2.3339009715946024,2.933798390291119,5.345152856899039,4.059479096450229,-1.8755590556013342,-0.560150859512262
-0.2847260359664445,8.789264337245323,1.8501574430356396,4.994350316020165,3.272888706085301,3.4098503890147835,5.481975406756348,2.9273383390206793,-2.215370125537984,0.4075618533130514
0.9947502266182704,8.948097178140895,4.317606728950746,4.418634636998452,3.987386311997815,4.105638795559646,5.5318471326525405,1.6712758957082137,-2.22463459710842,0.8944061612872611
1.9756976623196505,9.185220789940068,5.567662452001926,3.329323407346148,4.105967005549266,4.650039075636843,5.02513410518443,0.34273238538732004,-2.033214783187793,1.5385811176569697
3.3356868898397827,9.671417976800852,5.919855738764339,2.2069420026555946,4.207613364872454,5.220536132338922,4.531722826214507,-0.672125556177179,-1.2906254211296284,1.5522684740955657
4.459810991310879,10.645197166352414,4.873976682397782,0.9935043919759571,4.512088846920202,6.014654183569527,3.3336033072835294,-1.3374084295972961,-0.5323553390648175,1.885742795011588
5.835497649214639,11.019340024379913,2.725375338977917,0.1578705249433925,4.734220383312434,6.1251602559759535,1.842621449234891,-1.5156819562320838,-0.07152604362279959,1.9731466646200246
7.513951339499747,10.613419633149334,-0.3735625923065714,0.2441196005336749,5.189437469545119,6.808137856166767,-0.15026721398299178,-1.4191031745614866,0.37378898248554115,2.491511497988006
8.73052525568221,8.875895037048322,-3.365277578320235,1.2506020236333915,5.476612117731864,6.716877972501593,-1.7425663630655521,-0.6663796776765636,0.7960038487108333,3.0141724181259226
9.871747556228488,5.042527745650585,-5.479656530909634,1.7298299780037678,6.750481977867386,5.731167478495042,-2.7008232238930443,0.6160659975637062,1.2702355463262918,3.8231454586799325
9.923743790971876,0.20212562668343909,-5.881108714319838,1.1484039833924755,7.551446694115238,4.1804192002344225,-3.488846623540999,1.484537566848184,2.0899963214316686,4.676139104291085
8.866489320304721,-4.1151068489695035,-4.075471563119103,-1.0385031277350683,7.730619983101208,2.9214344175164446,-4.012989759406516,2.2513127608542436,3.264523484433019,5.801475234805128
5.820229559097291,-6.777239739773288,-0.9603407228684913,-1.9859422752119456,7.606643864483012,2.614818721589287,-4.138228076528621,2.117908844024934,4.6830184070095555,7.203166484674447
1.342761051567139,-7.1288077249594535,1.559667270095836,-1.1776423221369263,7.515509982773407,1.7593241433625468,-3.828821813587912,2.0522130219655397,6.402115402128846,7.621791003484249
-3.087899475550776,-6.255090559213372,1.819589124997548,0.8061622007712653,7.58448711155646,1.1266269034356193,-3.5528609250166703,1.7688142779556266,7.350087272868126,6.911692516675551
-6.323129638540728,-4.108273091796739,0.4476829359994461,1.7550447836889405,7.58801296646603,-0.08845452408931585,-2.904602905223846,0.5079027463852979,8.0130571973667,4.628080294287677
-7.334649546366343,-2.3942759390122705,-0.3561486632294468,2.140855835900134,7.586001286205716,-1.591980237698981,-2.1715320001758505,-0.21893379807104454,8.265443959051895,2.076106000621618
-6.85631658326301,-1.2378636250998274,-0.6343269303240677,2.3462754745564594,7.584312346503712,-2.4819508214401025,-0.8502405845611787,-0.34753148813139667,8.400123179024257,-0.38711198313726225
-5.606363831191199,-0.8537222675035592,-0.5992481851793734,2.6250043575416577,7.59168282826371,-2.6189343423533944,0.7161929068358307,0.1274778129109587,8.502375684734476,-2.2533435975404266
-3.212430096001445,-0.9443021426139018,-0.3290822150439961,2.490348051146952,7.608068690156889,-2.414379498405824,1.9411508207780577,1.257274587645337,8.278162727240279,-3.9106659164247466
-0.5445919197528087,-0.8890948293015566,-0.053131395758605975,2.7412720054866107,7.34686153000502,-1.9838705819487599,2.8864887260754624,3.1542383922979,7.614363924650423,-4.947446548893013
1.6262807543802766,-0.13835738866517427,0.3314986570774367,3.2008380643338294,7.141231391618437,-1.2616941022434809,3.6861574145723104,4.615069986921915,6.174786201394015,-5.293190352966014
3.101230807839382,1.0587970706237146,0.7488831202411284,3.7147813108336996,7.048440817212283,-0.664312101403717,3.73656429836236,6.171707824993034,4.119104291478663,-5.248079815721586
3.692565340677214,2.685043008093307,1.0984568366758722,4.216035885468846,6.848698387523299,0.03226339456811449,4.340799308894235,6.835218385795087,1.4411920514697063,-4.833479627045902
3.553816328639701,4.102183521650193,1.620381704747667,4.869750205967679,6.573996559334079,0.4466450958788933,4.592084689999851,6.965117636277026,-1.0676690102805513,-3.9676521715748936
2.5340230953958303,5.3119901218374315,2.747291280683142,5.335156997730889,6.4592588372450095,0.718141430572294,4.712887508236263,6.450400794654348,-3.32438146457042,-2.8068702795599267
1.7963608493874914,6.051675774168204,4.0044556460062495,5.495908743466077,5.953450342373487,0.9319841971104416,4.953129410153168,5.528783290937351,-4.672357090281789,-1.6560409009241202
1.8088525762149115,6.7779936986865055,5.556176565280659,5.746735488568438,5.352642974597301,1.340372922665381,5.17439498941649,4.1337543874891,-5.470109938125106,-0.08472400096659313
2.417316948432466,7.682964157513642,6.944418218813539,5.000281854727273,4.03144782075748,1.5494828448780542,5.170891174606455,2.4783488014696813,-5.473396396257065,0.5578552542657467
3.3088557100820712,8.5270009287006,7.784400099314537,3.5351698660783217,3.0281542245423902,2.121001152342854,5.332842459334292,0.9473796254536762,-5.113210305893722,1.007182922846163
3.8753479059727316,9.828657542816538,7.4257675256485465,1.776444207193257,2.765723435267346,2.980508281945787,5.482373687149189,-0.49949740680357746,-4.563654580724774,0.6783667250600394
4.517302917969195,11.24654909903463,5.7479308950098496,-0.3765533196174425,2.9524131258308364,3.857543755317987,4.884792263640269,-1.9640643537450715,-3.5282698799874734,0.14851044204561906
4.350864075767468,12.279954498119208,2.675765463551996,-1.6095159307233364,3.247272669556617,5.089647384983269,3.950519636512288,-2.8084424233741645,-2.2518637448028738,-0.49341176033044193
4.358349083264574,12.355788165125173,-0.642033679607481,-1.645389170477989,3.271992992936129,6.068808172832175,2.3959396888534608,-3.5228833054826314,-1.14015415779825,-0.6887998980706328
4.278688575800271,11.96342696014353,-2.9940357570038687,-0.2536729779277862,3.484219679547805,6.746341857853006,0.8379247921902242,-3.1588220117563703,-0.14554124230968868,-0.44230700856042515
4.328566637986233,11.096368183718855,-4.455603598612462,1.8190272788762007,4.069011605734081,6.803614292588317,-1.0988652722513692,-2.68560969710187,0.30674086500839276,0.22440402536631376
4.794246816391044,10.01165976384203,-4.603615692847293,3.509276242325533,5.693292926665638,5.8295033323403835,-2.5583140881726956,-1.3243435696367167,0.4859204467120351,0.5903200841156035
5.541439683275124,8.462378935706061,-4.283063764744414,4.338616240490873,7.860627111322971,3.6078162182773963,-3.425268484413414,-0.2578224398303887,0.8094937675271974,1.3661046426985186
6.273073495969656,7.010807899242952,-4.344153960948968,4.502462963234502,9.364641462355705,0.36861272936197914,-3.8659199975436116,0.4497710248447282,1.3910087946343888,2.03667558999249
6.921907752266758,4.813899115386846,-4.3106909364687676,3.934852150777606,9.925003574716891,-2.8126876442813575,-2.379275948034568,0.4894874608680789,1.9557183659680923,3.0235077746219403
7.334832692763621,2.1459429937096086,-4.050663314023531,2.835880503138306,10.055350933189183,-4.695770329341944,-0.05995351366665548,0.6074401227816868,2.2824698363059657,4.032844491949956
7.151193295695827,-0.46112560800608543,-3.829086212990652,1.4029617053947834,10.071871432841025,-4.320153456622659,2.3702260855938406,1.4466565999580168,2.860290910463351,5.0431323199709
5.720158148933554,-2.7936649575072714,-2.71080270924788,0.013745736060240585,9.962766470016044,-2.3924613033545863,3.9686523982895716,2.776264320471414,3.5266362782441507,6.074972400379451
4.018625662140089,-3.969762695048179,-0.9962824156257919,-0.6936329463475834,9.896619549993057,0.6621531207438723,4.689528025617361,4.184583975425187,4.123541475043471,6.498429663257264
1.3358834618255373,-4.136092547559988,0.02945144836391056,-0.3178908786466354,9.594588406004767,3.5048417764004416,4.327891252989875,4.959343759696284,4.810998247185367,6.342002221493072
-0.7895967993819579,-3.4293585387831977,0.7096352576774541,0.2704731073551731,9.892112117198963,5.6267967282010325,3.5565514838294536,5.25387150004234,5.641499950276577,5.159450730907415
-2.250308109865208,-2.652765508500542,0.8582959578398339,1.3437250294655254,10.25054350573258,7.154976523164929,2.4921077688124105,5.508148090848637,6.16393029514782,3.3430738864273306
-2.506677281933151,-2.004709948231283,0.7926744237871228,2.1724265538036884,10.69968707267249,7.281756271978925,1.108319162715152,5.76999291877535,6.531810342128653,1.1623009671585944
-1.9231555240249054,-1.3259796238870192,0.7124793305920669,2.9741792656453985,11.54741315389438,6.22920311819448,-0.16343210496103755,6.0864980896380985,6.703316084319668,-0.9437911366780214
-0.7241401495724009,-0.9543819591679891,0.8325381436876286,3.9235724295344023,11.793682622502711,3.8446330948827976,-1.1755457056495726,6.0278632777739505,6.213429609515443,-2.6561022644892516
0.8638457599799163,-0.4223945407750224,1.148695466165981,4.970121951972366,12.237379382501281,0.7204802248342587,-1.344103397894212,6.004420901836675,5.996946127585464,-3.665491105008875
2.5127170584091045,0.41284799941718686,1.7490753850243212,6.002782774022103,11.632640853827475,-2.6404531883809157,-0.4988486237053093,5.939129478758048,5.278527247581306,-4.352542632185798
3.4842605210295052,2.0969687913445427,2.258844731251446,7.25291952333677,9.310293596473633,-5.415997598280815,0.9774601910702354,6.211137122884258,4.326919854438335,-4.225806301241659
3.9402268787273056,3.533849541415062,3.071145080194511,7.827340068967981,6.219206270708827,-6.828684949314369,1.833839998738087,6.709258320257211,2.7351152199753503,-3.9839505869470924
3.634642130358144,5.3839200536793115,4.485569150929313,7.682014819050668,2.3421596046189572,-7.242537696229931,0.9530701075272023,7.798335367054898,1.1129385382563808,-3.4916782200904093
3.2764328032119963,7.090187677042124,5.863728817361913,6.47109409882,-1.6866382420071155,-6.563526794307936,-1.1541684452994738,7.84831656865156,0.37862006594466746,-3.101434481994458
2.4661513262342045,8.473830409302726,6.809021598979494,3.4033700504247255,-4.060408420163527,-4.758924056063703,-3.60795876733944,7.360817850790715,0.5972028645851343,-2.611812676417137
2.0400230096486025,9.561379380852518,6.397298037270825,-0.76837123947211,-4.086570450703469,-2.8032287987648417,-4.937638166436618,6.441830295814913,1.5894357432484827,-2.0039178690488177
1.6293952555612843,10.355600235270284,4.480066989947045,-3.990239418127804,-2.3865458752089426,-1.8789831876502654,-5.126535360591178,5.323811407507439,3.0530231722365495,-2.0932576127413336
1.4291087057908074,10.56632669463788,1.5261806303923273,-5.130186780124872,-0.8645298283611146,-1.0272506862802724,-4.873069565140608,4.6357899378880365,4.240053427886618,-1.974254250954426
1.278000467860937,10.746117320257925,-1.2117107770106799,-4.54289550316362,-0.04813717311026658,-0.3993468297533796,-4.28906141743669,3.5859588259883783,4.905038723128833,-2.081555027151149
1.06378074255975,10.764726488038542,-2.9099242277637307,-2.5857086515971175,0.15679151752066825,-0.10923967327762404,-3.621593650231518,2.7785601453476954,5.524990978222217,-1.9024902832175075
0.9099429762866239,10.397751318976692,-3.573567140658934,-0.15514619089430814,0.27551571195031194,0.3730860395590988,-2.9088115415453624,2.257822972197825,5.8830505001443365,-1.902947061504216
1.3469460370579718,10.433795628782237,-3.0474010269823886,1.8946107648232837,1.0005608006623437,0.8783231983174646,-2.3870613696515797,2.162301370079844,6.200877880052725,-1.4661471411961313
1.2166302152902166,10.445680658319587,-1.417622207771344,3.4000891687120696,1.7161493138851083,0.7146649897325192,-1.7398581126920125,1.924827461329078,6.5249796851478985,-1.113626382163558
1.472081439946349,10.335264608510062,0.34509513848163,3.921577644477428,2.3360561642520095,0.9411863005588739,-1.146378271630664,1.8157960659147032,6.64103755500293,-0.9906371203698945
1.7395996052837623,10.503195019028919,1.841903226584988,3.8470981035108327,2.554941787263885,0.7012443761684222,-0.472204735606815,1.9790378338539452,6.681090865058529,-0.35867313111355537
1.8638735520111767,10.88065196206513,3.1702796875089563,3.154077511559617,2.653480525721397,0.7889538653013376,-0.1296956290630982,2.221997743803341,6.994017934503547,0.12189599073236897
2.5562058147104074,11.116705271115407,3.5170693197408096,1.999322489670983,2.807526241505913,0.8291893499142822,0.4198970760771775,2.7027907940587523,6.887238616029375,0.315999089340261
2.8807748325820217,11.257311607241727,3.075681388299248,0.9321866685668438,2.940646215567514,1.1324143431188387,0.9165826640777238,3.3798807975778846,7.233673486455348,0.8381831570673761
3.7129478222623473,11.68843606189012,2.164624397114772,0.1431887474544254,3.1258605620598217,1.6788232749508738,1.4383619162223495,3.7452281884956893,7.383393991211102,1.2040331614544268
4.048947717093431,11.77606585835154,0.37543082821290025,0.26565351208762383,3.5119254348904234,2.182067739046732,1.9422746252073972,4.567779411685353,7.365696204219528,1.449031502458551
4.520734549959984,11.046483758890318,-1.4157225160752005,0.7985360366100808,3.8486893585315567,2.8537129615004426,2.1237063669660383,5.37496401825827,7.349937963470134,1.4978372516865708
5.133936887593666,10.102664896175678,-2.6797455587650334,1.889837305387122,4.641116714882168,3.5226932571236347,3.1175723451735085,6.261620268534993,7.3893468842604095,1.609525720667964
5.586144782669446,8.969275642005998,-3.3466836687346593,3.1077734171481906,5.7644124841989095,4.112632790237304,3.5219463853245765,6.783814730786128,6.661117115906341,1.6692672452674966
5.949142882533784,7.403071291463838,-3.7606645055919232,3.687723566279474,7.13900137562486,4.491923692228333,3.9421088901753563,7.31250796901071,6.169337900365364,1.6117171553308196
6.1753158761819895,5.762058702587928,-3.7934881974069072,3.57562345150875,8.756410843957264,4.894396793845041,4.17640398044997,7.680972985570477,5.432305682468605,1.7567829591456976
6.347919224731851,4.485029887350441,-4.025700708738726,3.1372713567035055,10.370878019913846,5.552670154897975,3.9001696666746732,7.792968712561928,4.766653303453168,1.7185703884416679
6.627887079071691,2.9137420193050794,-4.007631080648905,2.112094846655914,11.706541033386047,6.534528598175195,3.092140266311023,7.513362072020901,4.209490127167744,1.7904577272808164
6.655329600329386,1.4841136434253368,-3.7510528487197843,0.4762652912876731,12.25329096761605,7.30781842364479,2.153351169551586,7.260059621882702,4.363536439356825,2.0581606438695927
6.247030015557012,-0.03077333512763119,-3.2102890590146815,-0.9921901703508579,12.197039039170635,8.116127600756359,0.6633666721453774,7.279553639229901,4.9233756061831375,2.3227228049925808
5.810270153917907,-1.1750461292717915,-2.492064740905543,-2.1662777088947616,11.04297484424547,9.255678097076524,-0.8363062327723871,7.5387678077992115,6.162292295384053,2.2643007830871693
5.14686065597018,-1.5808707557889403,-1.2356959403748746,-2.7621177146426605,9.517687487274406,9.85056068048946,-1.5269590260079395,7.8057673119124695,7.379825678296848,2.049647708571064
4.605104711703718,-1.8164336127519713,-0.12042944381233225,-2.5268499203442314,8.060088817298618,10.450391628244358,-1.4205838438263176,8.230137014140135,9.016443940345523,1.304874756948335
4.62149517010138,-0.9857352583537584,0.7292973520415357,-1.7693939208575888,7.05834353103837,10.734270484552713,-0.5761574388036521,8.231009157230877,9.350937740133778,0.08253160651815872
5.290543880530625,-0.22144426339532503,1.4248230636816825,-0.7841740544049015,6.826516620787529,11.38214415749219,0.6988125126096114,8.358413759574203,9.27786878376732,-0.9966761482575195
5.989313999128129,1.2560586400080753,1.9209212049329774,0.37113992862039724,6.640120775411603,11.66267034913665,1.933828359051425,8.20392172067781,8.131051894534943,-1.7791094261193885
6.649365745948085,2.6122863297611794,1.371571819862644,1.0147587749188844,7.316644606455846,12.278657979425098,2.8989677986316176,7.711337004184651,6.587139301654095,-1.8906635278287018
6.98966985657728,4.1003953440334975,1.0744514889117283,1.855653925995018,8.499814615402817,12.622477409734124,3.008411552104044,6.8863404477055195,5.03171330460187,-1.2707086252811135
7.13864193703143,4.941268486796285,0.423174878728765,2.490185213153242,9.5002649816013,12.60105299757422,1.7851664298614656,6.133288821890675,4.342400022840723,-0.6693115639426102
7.2802235352220315,5.38050302159842,-0.40326738715425015,2.5535939124802796,11.288885480126098,11.556815472308235,-0.5175272094304926,5.885600481307024,4.211040396854214,0.15251853967695989
7.404633043488634,5.132986017621847,-0.925260533310727,3.147096192174273,12.766480912554142,8.729631790731089,-2.845894310171287,6.652927501348763,5.274864628981887,0.9765325630866823
7.683804279531686,4.622556140353906,-1.2516903965911759,2.793894915356201,13.648877445025112,4.432826342814909,-4.351344387919197,6.819504108026669,7.316998833646354,1.735077460567947
7.158925829794081,3.3623442020623453,-1.8000659152875325,2.5230724113471408,13.900868843978065,-0.0012166684106710568,-4.402375703451782,5.578936141701492,9.265883166685098,2.3631234319027277
6.43647798423224,2.209241649671966,-1.8278857791983387,1.8591459685807663,13.789178052678063,-3.720495963933232,-2.849475636636902,3.5683747903338543,10.812423109600822,3.9174394033251105
3.9792725405387688,0.9246999506180636,-1.5090472507338808,1.360233470964631,13.51080617093559,-4.688007847083623,0.024974021621844547,3.0877397107625084,11.739056990108473,5.258220413371523
1.2141216668082875,0.49557816406233274,-0.904153190265992,0.9042219351954619,13.038017169510901,-3.7011452819292767,2.9273960091990543,4.5030119814549705,12.116802200331996,5.239811114465523
-0.4874338778381095,0.9752593220719203,-0.5263566703938097,1.0362307710481042,12.687552576034603,-1.388447463017992,3.910781424213921,7.433459061950424,12.122604704934814,1.8993013322694738
0.19429145958937344,1.2921596254410581,0.0027892834500604924,1.1978434543879575,12.683510990590447,1.0718880310067467,4.214802282712966,9.812892606768019,10.209171154131495,-2.5974673823315517
2.1305701027357857,2.163521698296601,0.6867041995430672,1.8352007914772446,12.657517494622168,3.2330932727680706,4.347097417835803,11.046275668193903,5.416158730949235,-5.626037286379289
2.437182228503014,3.193760523394728,1.0752282876965387,2.720397460346079,12.960705791654673,5.018390488621341,4.249776772662498,10.752719120814145,0.15081226763648659,-6.121706246899729
1.276766420508002,4.073412703393397,1.840941108826243,3.6818057624786777,13.499999189304678,5.810806295295069,3.762607410040803,9.144729284475696,-4.073358480887714,-4.473406957169784
0.33609159804073757,4.584444140792721,3.0493527087579357,4.9907891399659725,14.020553314459962,5.086587121116364,2.671541135588945,7.436975062941888,-6.058487246252729,-1.7938665790226873
0.3575137591254642,4.83047691028959,4.927523451987482,7.13303953418951,13.872370920970264,2.6415531980618505,1.4567445945607547,6.535111118183488,-6.10463705746012,0.8545693417480584
1.8856426770784167,5.317463546471004,6.944879675126388,9.429206314737039,11.437341631452828,-1.2221092406171927,1.8096416866303502,6.328975885968237,-5.1817896245629465,2.5497160106408896
4.039935968145629,6.175016653697029,8.90444160920185,10.762382346940372,5.967392964423761,-4.32096676551465,2.4613464644170056,6.235520927873638,-3.838406481133212,3.977499905496862
6.387223091091102,7.80140907674946,10.617291114552541,8.32522153348379,-0.8875991498449951,-4.664791988653691,2.0032799603520415,6.672295787276801,-2.7799403582233717,4.345464495179255
8.919666789506715,9.96749368788014,9.541645376016552,2.3420741565462753,-4.146365813695176,-3.322832079169794,0.49777754538338814,6.876067788207097,-1.1810418501450333,4.695071607902745
11.546667625957374,11.324315631964268,4.047019230135564,-2.2900040252255587,-3.2619107577606936,-2.4777099176532835,-0.6430992645244539,7.016096592265079,0.8683732668743107,4.805399004361129
13.358800614315285,7.896179676050212,-3.394272165036465,-1.8071329751261684,-2.2603247457214044,-2.1369674987710208,-1.0633684049239076,6.920239894495448,3.6266511555165124,5.921679626270128
12.865099961445473,0.3625661135416788,-5.786528018093043,0.339352527006538,-2.111680860022355,-1.406178742855162,-1.6857052394752068,6.637048740433809,6.430152017730322,7.5835800955672035
7.835265034276492,-6.312208040244775,-3.422300262763017,0.40792822379154203,-1.2737948949827644,-0.949314839807307,-1.4599471520912364,6.158822990109934,9.882538342187742,9.515192254530461
-0.5485518202798014,-7.567022917970036,-1.6044719733423651,0.023220428169328733,-0.6858048010498594,-0.14308249089484001,-0.9013936308136965,5.785826351374137,12.85651943579456,8.087920179434954
-5.580130094879438,-5.56024113972651,-2.0950595309333355,0.06385893702678679,-0.04684517273520132,0.039796088036770205,-0.5292987533494766,5.218948305414233,14.355900723403598,2.1379210521542173
-3.650771029269597,-4.439784731005423,-2.6914681423815248,0.00790771189820852,0.3672063226648691,0.8048374674306437,0.12106553133999633,5.4324007961872605,13.885729160808014,-4.5309579080474185
2.512643343343758,-3.8874025796504035,-2.3639467635492775,-0.41848355444296415,0.8163753769518527,1.1934709859109798,0.6386731222657525,5.889465544882176,11.762826901928245,-7.812368404907982
7.985513109694753,-1.407147817858827,-1.0267292722256156,-0.1450107564320805,1.1868931804047267,1.6694065001852223,1.670069255868377,6.472072785522685,9.091302892161014,-7.168672729028182
10.335809826742572,1.6566586677804866,-0.4097393698410464,0.3673149739301796,1.6530994138101789,2.3222739931625855,2.5603556065932973,7.1678759906468414,6.140961791626506,-5.425126101214425
10.913501392882738,4.149134989610064,-1.504703761135456,1.0441869108395068,2.3582543322046567,2.5553667185265194,3.4741843948043263,7.885651444535803,3.583927744242017,-3.951835261765744
10.388829156571239,5.071381831634272,-3.2603766285504405,1.6199859964497125,3.038369936103978,3.583608739761773,4.757480469069158,7.467206891471218,1.0615823051015438,-2.926811652022312
9.698721706792648,4.7219674550159,-4.312233819461215,2.311350276372949,4.1072133297292845,4.3651811324283205,5.739129612281626,6.5382777452566945,-1.4053058799009615,-2.2627762000357645
9.137639685271294,3.7828583348475533,-4.818958605101184,2.65932749624686,5.4057677464189995,5.618112116666012,6.307862945673565,4.615617030586387,-3.071591093525867,-2.3003549363690197
8.241152219106183,2.69176028521221,-5.4741575493278,2.0865065901251256,7.063750520705299,6.732287766362018,5.51409510163427,2.232349272028649,-3.652624356741055,-2.455492269287636
7.520376271148674,2.1967440366021203,-5.459151090182795,0.9868765753848631,8.237180170113376,7.808705104366782,3.1905845502980608,-0.05134114069745885,-3.676577217110197,-3.230487432379981
6.794309287570993,1.74105105064909,-5.359418612262895,-0.12664369252003257,8.63177138791141,8.60911695877112,0.03091921756022108,-0.3644954421499935,-2.744211479614421,-3.562337980993725
6.176046377281618,1.800595011083803,-5.1834088950874895,-1.240241887547242,7.9453551669209235,8.416306403912678,-3.02553287106903,1.035943574455278,-1.9702999405541772,-3.673549660025551
5.739264916135018,1.6496050579861063,-5.096686303686292,-2.2481286280942294,7.011774727520493,7.782448528417978,-4.69746917126277,3.2179910277563697,-1.63080111092329,-3.384561108596943
5.534928698603497,1.620936568257061,-5.153755759745249,-2.895551379649601,5.7964794307285405,7.051130532629554,-4.423679373293023,5.576828102843408,-0.651491151359457,-2.8504865764664467
5.53166697692193,1.3815161646448526,-4.765066330796799,-2.9485864012217116,4.159055870636905,7.014341665992053,-3.3046827937629923,7.100544487583751,0.2963374130535231,-2.232830561469933
5.860541679773191,0.8250229619956295,-4.724517049242869,-3.003883540127366,2.6641608661674914,7.097841911232296,-1.2222097592413006,7.959107920513684,0.922243940455053,-1.7139418245029934
6.000579253650547,0.7255760084128698,-4.230990633020286,-2.6221841619069903,1.4290832433015803,7.791816042015694,1.5881838691912795,7.894227081112317,0.7890494471731673,-1.28101117327496
6.240191605143998,0.23795935986046726,-3.8615610462297156,-1.9369162133182305,0.6810537740376487,8.109173106992532,4.553149694404663,6.996129557522962,-0.43930554082031587,-0.71379134544736
6.40452519165743,-0.37604520515203926,-3.1500499680402965,-1.5182764222470604,-0.14614841134956516,8.235699080140073,6.981074758466169,4.510053028861258,-1.6939092190615734,-0.1354425821958995
6.352010691090053,-0.4860734873917518,-2.280563139947924,-1.14698320974774,-0.3372691049556302,8.329361158496335,8.386214340784996,0.8404459798772618,-1.973024059932997,-0.16073923235108273
6.640990395938218,-0.6285835718790452,-1.2451324240406278,-0.6557834570377489,-0.25414503928674204,8.188959125802725,8.060302739913567,-2.689786635006425,-0.909614716432657,-0.044261000409260204
6.9005226136865065,-0.3493325875132072,-0.7387736138178219,-0.11527828835279189,0.17686425859914906,8.239512647514937,6.46726902858188,-5.025995889815775,0.9314830090651723,0.40121596337875787
6.997824099188001,-0.42872510077338605,-0.16983498699924277,0.3858933915633542,0.9276984151247807,8.58754868749916,3.9980704255972968,-6.062514596824694,2.3903720512385638,1.6280504822225175
6.56698566714846,-0.6067025027993752,0.6629584534281239,0.8631666313738716,1.617992943546729,8.916004375203935,0.9911025769691809,-5.98531965463383,2.9367909441715025,4.079091984759268
5.849678320771528,-1.3917354243767026,1.2232505621823588,1.5019229000275918,2.4601041943443374,8.684679270185939,-1.4986121012213027,-5.198071466928198,1.6742034789109603,5.792167034572817
5.19683687952629,-2.1683332137537863,1.7823759295620725,2.4445358042356347,3.515752018537911,8.158454887284254,-4.136369595513437,-3.4993146065651146,0.10068454995271298,6.483841194569896
4.833196175502433,-2.57284144227279,2.729683084538909,3.521994734705007,4.219669471134906,6.573925934235879,-5.578695751161471,-0.9183883339000406,-0.4514198830256134,6.468493840951136
4.355632237859165,-2.6644318512848377,3.0784184229724043,4.7917997065913465,5.2430174933178275,4.2553140129311355,-6.2182552201673325,1.2783320465035222,0.2520114285648606,6.553441506839445
3.327348579719921,-3.055600602822416,3.2160491839665633,6.213388702942261,5.281442877841033,1.5832713373578517,-5.930376240448218,2.237300589474504,1.880093981957829,6.883161098812564
1.9778436637606531,-2.486503598913565,2.836848236095976,7.479043188815683,4.466893014878435,-1.2233342281679456,-4.962029679890969,1.9716085846243356,3.695238907931935,6.97833603858077
0.0030451331442459956,-2.2628087062172835,2.4494332744657075,8.504180052838633,2.94911435197737,-3.080175223950297,-4.1225244107103896,0.9327456526130391,4.835413190534561,7.13228040775133
-1.9579745795095056,-1.3297223790664987,1.9797166074065735,9.070740973187345,0.89332716133419,-3.499660546455914,-3.1698565025542984,-0.13249377211249685,5.29887852712011,6.671787014882354
-3.4459558033100746,-0.12452426692268644,1.957384415888388,9.097344863057847,-1.106518793366872,-2.818253677012308,-2.608492656654513,-0.8478135826633166,5.426412067149562,6.456838677016923
-4.112268243781557,0.9530856765040827,2.712082281053415,8.895604685484717,-2.3039241028406043,-1.0913330291153935,-2.144822842654683,-1.1312947589011315,5.329292660180968,5.969151247844124
-4.2509806644168275,1.861620648125963,3.8115397451072033,8.537249023513095,-3.110733239099491,0.9424675825637562,-1.437659838490771,-0.8799372540538368,4.972927558826851,5.27829478949714
-4.344058057416733,2.2821110897425028,5.510250128886691,7.31087700168274,-3.554122853032849,2.8571227895793916,-0.4821010416756044,-0.5883319238324158,4.995226433484483,4.757374879640693
-4.182452897409351,2.374805931193132,7.165889657220073,5.36825512469576,-3.8781503975860754,4.030737904392714,0.5535011087700822,-0.04031925792035078,5.2010887527043135,3.781184297084974
-4.0169888610467055,2.0472666526163166,8.00456019651775,3.2340131302915704,-3.74572098194394,4.975870355385392,1.9327918309947991,0.29486952869329347,5.3872072382189815,3.126389673116561
-3.9552742237211964,1.173622206054341,8.40981097318932,1.5296918592177702,-3.4500060750540267,5.130484997413245,3.4858237811838566,0.8711803908233255,5.620995589990702,2.1615948984566145
-3.4967334964829426,0.3305260583925236,8.848134264666959,0.29563215310928204,-3.0940632925207696,4.682669886013396,4.824417326009601,1.5198860572482908,5.757963182195781,1.161877394770979
-3.129988742919773,-0.46030957219118007,9.16371749655819,-0.6659327339850989,-2.1453497939304516,4.644340838674554,6.257100860135722,2.0785469987762144,5.583904594368713,0.16679527072408232
-2.3940970215797504,-1.1632638870267225,8.917729337763324,-0.2876402841565445,-1.6768940426226422,4.028021458286455,7.3188484238961085,2.955688913569253,4.858748652545859,-0.808676920421094
-1.509263908069223,-1.6237694327536625,8.833648619911957,0.3493837955217625,-0.9636208855009493,3.983392483440852,8.295482839429514,3.448363022964842,3.5551280083116636,-1.2623839535624217
-0.7122499542140153,-1.5005910745578757,8.77908546135289,0.9277531506586377,-0.6012735345839342,3.7883946723723603,9.139454429086719,3.295480913770695,2.290245486186021,-1.4486988792626858
-0.16445193346111278,-1.3327388457465736,8.695538448384832,2.002580324775734,-0.2863238637735124,3.8541186443816624,9.93498075470685,2.5583544635259385,0.9845699347756106,-0.9664420581239741
0.5082150107994805,-0.3312411694510413,8.738117284858209,2.4996809100059654,-0.47710623197291285,4.002267075921506,10.301180582174114,1.3492092069798487,0.3441042760985459,-0.4855067820029173
1.1993889735948409,0.46255296264849566,8.674839746645821,2.600422376013842,-0.3470959314809958,4.103734103797487,10.5387319760492,0.2134107478518833,0.5356124919324462,-0.04490088123052598
1.7869868683409296,1.461242454277889,8.826488502793989,2.3930759127492607,-0.46512704129096927,4.182289456729047,10.495903470682977,-1.1539690859516794,1.289938573784051,0.4580593681440713
1.9605814658901528,2.445424729654358,8.899181177218768,1.386638031182717,-0.5045255248263956,4.372058031661052,10.1950195306381,-1.9037207942568986,2.627497210334481,1.1708563822798226
2.3003229996510393,3.43971099486257,8.62023209296018,0.48608065583068616,-0.17408045454420604,4.384846922802824,9.840882899993172,-1.7814298302138027,3.6651442215901056,2.3825074898848126
2.768140271345413,4.7293685831441685,8.238532021326852,-0.7295092084493724,0.3199027100149753,4.6974886644587075,9.553775123706442,-1.4211131185823271,4.545393861673123,3.470833225576841
3.201959231763887,5.678646429652543,7.262608436529324,-1.9929675844312218,1.0582866025918762,5.302698377518229,8.918176762173536,-0.8925154498684409,5.128576465946284,4.932762067158992
3.518045260485783,5.695890905626742,5.73120804309374,-2.711254598976125,1.6333549947596757,6.132827907623225,8.44584812299796,-0.7238314712038911,5.645111166890035,6.152389819079024
4.117130422651515,5.7394540264761735,4.107370506738141,-3.2482337097319207,1.7821713787423972,7.373802608379245,7.946763199522669,-0.7181994530239729,5.688760629775259,7.641327125211301
4.010871311551218,5.018873590509502,2.2881926435442157,-3.119006282744008,1.4208138715572551,8.231956905049257,7.082818804754375,-0.6211403450098597,6.150698851248327,9.16044703933763
3.402680161752572,3.500900242655328,1.3875153939337241,-2.801740413347333,0.8546840246534013,8.946594280479188,6.3980063860064575,-1.1880100334942216,6.113303424128741,10.467656523250023
2.1964298785561973,2.51299774079218,1.080139992802829,-2.210150698182007,0.26962987982447995,8.901624499058418,5.821270412141749,-1.363420696635812,5.81770622702816,11.616146263998715
0.789515234155139,2.0214545527378913,0.9912750317380313,-1.7489985784897848,-0.15055532864144644,9.2117647576511,5.253506426589373,-1.8921010235636693,5.435567509580757,12.37990707627327
-0.7834720260786882,2.6232317789382,1.3737987248417498,-1.3789462069709435,-0.18586088900505932,9.162785457537728,4.711744115373359,-2.1829847335432784,4.936228809330797,12.814315579326788
-1.0860883610318581,3.629424582566207,1.7214067195588558,-0.9312168721426892,-0.22707729091266193,9.084020553825082,3.9045358643359758,-2.487927521167523,4.257276256685936,13.034633874184367
-0.38713728211814813,4.2537479147361195,2.1538061037257443,-0.7111999248642689,0.040193245233824434,9.20349441420062,3.0528519458914616,-2.974106278022242,3.046465032840025,13.344917900234393
1.38349110560683,4.227606824207182,2.1770019468653574,-0.9224111380136961,0.16139797311546483,9.303695452994996,1.7833693510980386,-3.017289568838681,1.916690513850774,13.346739255621538
3.620522867417187,3.0790396009118037,2.137547016098631,-0.6720948211797255,0.3608758906271957,9.36094691287271,0.9368690269120377,-3.108367708749941,0.4954014174248656,13.589541208184796
5.583674399896403,0.7315438529770684,1.989779170355046,-0.16345300751720077,0.5350316820683885,9.256243523994435,-0.33753967931436835,-2.5348375921028063,-0.9714760231305423,13.101503373774426
6.35871157948493,-1.8610243350484306,2.4236852788333185,0.2371152764252079,1.059947079459469,9.351622357744079,-1.0730416579413995,-1.660813404319591,-1.4847073804092248,12.4802524905988
5.891834878290412,-3.9924641754986867,3.5530411147914207,1.246121573906454,1.8201888445152379,9.33434291314843,-1.571955902648042,-0.0964140306511197,-1.7806034829616053,11.93314903593757
3.8660058027851574,-5.349185316329306,4.505673025371148,3.239574451029269,2.627189695546096,8.821594342952759,-1.663071136549076,1.244571869296409,-0.9346062641373697,11.489646251469908
1.535597640983442,-5.407398672699101,4.316688924128875,5.474255793875097,4.032729023921969,7.722925234564718,-1.690650602079765,2.2981281137978216,0.7548984187472306,11.401619435814613
-2.2301055177666815,-4.579013298652061,2.902369043824564,7.476873314239885,5.350735117394986,5.971686662326305,-1.9441535521552493,3.2213822050253027,3.0190121100172855,10.786669677389146
-5.520443494619197,-2.1916925474765128,1.1967354455514596,8.426427921680581,6.580628120795169,3.229600664727073,-1.9353404891625616,3.462307255381857,5.465963208480317,9.317525550704588
-7.314346199529165,0.34280428288301545,1.2026539050900984,9.02527424774389,7.081942768090775,0.15551120065068075,-1.5366647281092998,3.506676077139165,7.277823402004191,6.302627365935718
-7.988156362648147,1.9900051405510153,2.5103805069784872,9.567614001313636,5.615846467351735,-2.78674596083523,-0.8817977889048424,3.0687799405046796,8.214888514724871,2.2581716555307767
-7.111735056703075,0.6995881989660848,4.367838103839467,9.998586805819848,2.474607300463796,-4.26419005612243,-0.17232193613383065,3.296039898075115,8.350180173978194,-2.1163390210291197
-4.797239860563272,-1.0938635867674988,4.682868902861251,9.99632652373762,-1.5006009558553888,-3.7172549621700477,-0.35004953639747105,3.4440958254801903,7.878157670094674,-5.282107313385172
-1.009136563704252,-1.9179249261308964,3.9163747164362426,9.667155914791087,-4.330415820464985,-1.5945581187263382,-0.699798462613927,3.712669894777194,7.076613495744603,-6.763740121526044
2.0913526329556884,-1.126797239778,3.442073687444872,9.231186034318801,-5.571066335237696,1.415187345309671,-0.12525641528579956,3.882556818511232,6.040940572709083,-7.0920018200066615
4.211557440855725,1.311163360633539,3.5382776765679878,8.219598113739364,-4.7815574354,4.025491995587621,1.5016031095044797,4.0550077366501345,4.771831586008928,-6.359399378994741
5.137026942343389,3.900423252509994,4.350999863653106,6.93762153467317,-4.054650880032742,5.133060591931395,4.113672142374782,4.294943876984303,3.1500954730227746,-5.677509152600499
4.506982329532159,6.511829729420931,4.854182526932906,5.273583135573983,-3.057276090488247,5.768259065621546,6.379738316742002,3.9287273843534756,1.5304894686786115,-4.595741842121634
3.5254971904782084,8.50199336733931,5.060694857127311,2.7072801204052643,-2.416644027085723,5.433484626373666,8.257884715542916,2.040797863175282,0.28495201492117755,-4.065889330697242
2.026121759011856,9.876199803260878,4.744358713694979,0.48686176340494197,-1.6997710026618327,5.231425427801329,8.967124253255317,0.2720945803727527,-0.11639984610974793,-3.0920153238674573
1.0910620507376487,10.455810340433795,3.9417189378855544,-1.511590636280545,-1.3771062386074255,4.6110642543506195,9.070710782803502,-1.194350036259519,0.5523997518360131,-2.4944765588384348
0.5487395507236544,10.350455908023596,2.857645056388795,-2.586468673830006,-0.6442400990568624,4.344070770108389,9.07142363194843,-2.081953693754662,2.1002487076173875,-1.7247221199599467
0.3347558073623781,10.688988233212026,0.9982637305487495,-3.3886161823679526,-0.5752155552965738,4.121306383430555,8.904735969598368,-2.295224979527493,3.5359858228764955,-0.8086919995605099
0.7805729563699882,10.527401210154599,-0.5222398715097297,-2.9989502978177383,-0.8499624214727264,4.1008085453258305,8.523668727873055,-1.4782217474884938,4.806547149002431,0.13628357631195054
1.4782289333410314,10.527547323650083,-1.8284526608680596,-1.7548970504152226,-0.766297364266343,4.170337249089476,8.443543367448157,-0.6412309320013354,5.39808978434892,1.346307555107134
2.2830314626543893,10.007426608220719,-2.456380652951041,-0.18912656306259149,-0.5542442656861217,4.010223127829635,8.777901509919907,0.5165518589348723,5.670292028843943,2.2070708299971495
3.077344922601765,9.28200301656762,-2.811345088409342,1.6596615926779619,0.3099034675838161,4.3711216741167185,9.09464802521462,1.7226734856415857,5.62190356723605,3.081804411896615
3.972201946118141,8.560540875536597,-2.6517338557645234,3.026106608103273,1.573719479773279,5.089353582466236,9.235366582005428,2.4532392930003892,5.142175475085263,3.7179227637400576
4.8973749303305985,6.9051694321290205,-2.151775590703195,4.144739664033385,3.4624045430408597,5.8619397076618895,9.283226029503163,2.768941914512503,4.786478036494102,4.430603916553757
5.548188777549859,5.417976516646798,-1.8666999695958395,4.572761987523794,5.551137536016956,7.039451736617615,8.860548712755309,2.0474504221446836,4.513544619978192,5.203240085076954
5.741103740473082,3.5194890959137557,-1.6342811203672405,4.719763473146794,7.833262398636951,8.304329074770113,6.94343448495732,1.3901117382557753,4.7283992319225305,6.603864107638554
5.099238727285657,1.6222007672076384,-0.9246374206716224,4.677948310077033,10.366708581329762,8.622101446391571,3.657514060948038,0.6734310144253751,4.907406557808148,7.614498607047317
3.670072938616399,0.2383190970243193,-0.46216125546476317,4.290035206087142,12.25357763634324,6.872460269925246,-0.39083472425056476,0.9185657449302729,5.260427004647809,8.70263644217425
1.1662460099095937,-0.42369555847273177,0.08336936224879513,4.3623817531277505,13.29276688369529,3.467088593209014,-2.9554850795777172,1.2242522842325845,6.188380840353483,9.113248108693103
-1.3064629608348222,-0.0378178558347725,0.21981826083777006,4.917556487484378,13.175696738556256,-1.2071181875984989,-2.9148837760408632,0.7747022919692876,7.0044775137288235,8.758523097640513
-3.758208854077002,1.296699262022162,0.9526448817100838,5.392175504803381,12.159356594448546,-5.113218065531116,-0.2993388226717407,0.21153402018088666,7.491690986283917,7.6907755533681375
-4.656657722950633,2.9259556282653247,2.6192471843748306,6.484493851210681,9.884589965781647,-6.6596605416805,3.1962515156102085,1.9408583694165014,7.861300806375886,5.821274300363421
-5.097715921377052,3.2570949058464183,4.785352880589308,7.464136423650827,6.196033628686615,-7.068251956746782,4.939460469382792,5.421917229992936,7.928372429434712,2.761137253265614
-4.488097374726609,2.4130559509339347,7.046517496436524,7.796923429498928,1.461353701839569,-6.548258245185841,3.999545217535221,8.842557852171641,6.334190674415828,-1.4534239813926826
-3.255925216445683,0.878202704468839,8.031247274448425,7.110449586655479,-3.0054772927073077,-5.610338348208777,1.2090808975163032,10.763397439751287,3.8160551762538555,-4.162632616837019
-1.9138593540778448,-0.3629142697305669,8.261879543374574,5.195620891100349,-6.19371358499305,-3.2711012121608714,-1.7341995109751835,10.718888942182831,1.9507362219378899,-5.203571104956432
-0.8245806423710369,-0.9038296275855158,8.061058046763419,2.7418613990232097,-7.3577688486783845,-0.3949538977675519,-2.6094783510813935,10.09787356895257,0.8068242300458701,-5.300390373218375
-0.0808045239467019,-0.5815125626578795,8.340558884522837,0.6033304555229599,-7.22911780346362,1.3232355605882917,-1.52048709020984,10.105733052214426,-0.21664738140840092,-4.662045170022469
0.31815887521872677,-0.1782367969019939,8.398031259369548,-1.724853400952771,-6.20301750021022,1.8479962512641341,0.5087446859833884,10.283089346117794,-1.477104670787535,-3.5746061933528144
0.3056862342569894,0.6905135003179135,8.350616819217741,-3.1841782583383096,-4.559130357009321,1.3689093439692817,2.322824261787337,9.873673018654223,-2.933004077947362,-1.8627782421561538
0.6296485939635091,1.3882068240497347,8.101861078110282,-4.5134763745111695,-2.4151135674328663,0.4604151259934765,3.353490809487934,9.436756050859948,-4.095198594429938,0.458339199063459
1.6138964293202076,2.197861085589816,7.6965367180879625,-4.923083334147442,0.0006714233847700257,0.5706423440797168,3.7394456306082495,8.616731054993215,-4.1004242216338165,2.4770758067204115
2.787239214404938,2.8710599386645614,7.0315020211601045,-4.740135458865231,1.9878239162798987,1.4399278257701078,4.475460499876109,7.4688514867247155,-3.8689240268241996,3.8316943228128295
4.804158414080509,3.6174261068146625,5.815916294168145,-4.215903099492338,3.2417516853130275,3.1426855329488013,4.929019277250723,6.548017786472617,-3.3720475612725895,4.846050105726371
6.804763613293877,3.8844589742946165,4.1042830379846444,-3.8123928198888217,3.7909702881750453,4.96679639844411,5.8381544415044715,4.896039025350502,-2.660966877676462,5.0474566242973244
8.54964034291378,3.7091038182859615,2.355191149212851,-3.119927089624716,3.6796173817596483,7.0804044996623245,5.89711327059762,2.4968180485943767,-2.26232773872101,4.62267485204797
9.82888731591279,2.4811954031651475,0.8571474592524609,-2.293760867685475,3.0933429085587063,8.605746421850352,5.073917592615039,0.17147441940166835,-1.7601804064906397,4.112324437055558
10.397551728525029,1.149562614424229,0.1693992174861375,-1.8928177857202089,2.583396571453991,9.6623940132513,3.712495618690805,-1.9470924322561638,-1.2676341143138437,3.520132281715191
10.62705442125854,-0.03642693755102176,0.23455634828515876,-0.9586977787389965,2.320505538991395,9.870623342966399,1.7054092018066158,-2.738904800631092,-0.6480596756303306,3.143645327153595
10.553114540026428,-0.8969903030500497,1.047786953776072,-0.3614842453829277,2.296218237421158,10.268725796218543,-0.2450286519580071,-2.430232666508597,-0.6018049103818196,3.192032858996392
10.630948517921315,-1.4458306598326163,2.0093566272385637,0.06781667007725986,2.7294211286869676,10.027852248202985,-2.0237110571070125,-1.206319731985061,-0.5860780094168903,3.3717907160760268
10.270881103101965,-1.105688744463876,3.2268350534442596,1.293412461759797,3.391819976136708,9.603517139166575,-2.9204709728394564,0.5184678995727184,-0.18808364099313302,3.4909750244010804
10.047491973901048,-0.6840770065511619,3.59883562035392,2.609801158016128,4.00880147372482,8.91228792816233,-3.236323411465451,2.424633850141228,0.8755650507249044,4.025191443872898
9.46930016822649,-0.2813387623473504,4.154761403280642,3.8627748666354456,4.987903534136509,7.339662382639737,-3.2709780637839443,3.815218843476592,2.60511047279479,4.713081094097606
8.722458465608252,-0.28640857769972083,4.515775600713427,5.299180593282701,5.506934055465882,5.553071930280568,-3.0998359130936812,4.597093901657226,4.71455725809709,5.809531325617223
6.625222763650592,-0.546692404782228,4.78946938969869,7.11340805800447,5.6357823916726835,3.2338912983474573,-2.415527721732984,4.676892485211721,7.06389856802996,7.018690861583435
3.9245214335393155,-0.6374047226214719,4.909296338853483,8.550975202652005,4.928487088695375,0.9078036799556969,-2.0556456500007756,4.266400694204717,9.148403438381365,7.515291781036284
0.3448947784455114,-0.45988311850502694,5.164394918749831,9.702880788291651,2.870452532257347,-0.7142485145018785,-1.4952557882377007,3.543778804143633,11.139643174864093,6.629756472917479
-2.2913156808261097,0.24976647149920236,5.28368603550711,9.98561471187258,0.2090638099094575,-1.238137335731284,-1.0232554428422067,3.0960434221440964,12.060952879972227,4.258641096429632
-3.1642388348084802,0.15015172974122765,5.720025372301448,9.715492830827358,-2.331399937270194,0.09841201635481982,-0.6612077905729429,2.8861007727213437,12.38243494859575,1.0521603878678387
-2.269075345223725,-0.10992537318977585,5.90061819720121,8.673734800355467,-4.063024043002911,2.220507824573398,0.2617629848539608,3.1459043733644196,12.308287239679851,-2.0384997816603185
0.0844782661790898,-0.11675916391164176,6.126689624876829,7.627644914876807,-4.564438402790411,4.063171089502657,1.7735463110170526,3.8567659679758326,11.439377874288082,-4.044914466462421
3.0302775866369807,1.2646376992441601,6.462760672402047,6.004232580757256,-4.373582607181665,5.190718573394614,4.33118431643643,4.956363180062065,9.564317495692789,-4.747927074861723
4.704227918030717,3.8909865778243007,6.601859994272819,4.051766173296596,-3.919013371444632,5.277591665817167,7.11154719828779,6.072569694068741,6.640271659822727,-4.885741796373293
4.986722943879379,6.998442269169656,6.066349585510007,1.4874798415259283,-3.692327442930422,4.332536112735995,9.769653160584785,6.2099863709281236,2.8629797969190265,-4.4522399037700815
3.4985930286148315,9.028589332174189,4.907081067736898,-1.3240419697764108,-2.9824065174685237,2.940154558560557,11.31560441929627,4.896285955691308,-0.712827823699,-3.904948307949058
1.9114564182364302,10.078852069467532,2.8199976803342777,-2.826102622648361,-2.0654119662669457,1.6109965441617686,12.008363374748471,2.497963642630649,-3.2222755293736753,-3.171045837658764
0.474491832779054,10.404120670790697,0.8949288645554173,-3.29369730078074,-1.3192319413779878,0.8583283979155064,12.059428673163799,0.08965657288467173,-3.5522101334931646,-2.3889201058110654
-0.4193464874175331,10.36371283151664,-0.3055136651088396,-2.903578896989242,-0.8754277206422041,0.43749125998125793,12.011868931873826,-1.5835808217116285,-2.1750421769625823,-1.9206713896581813
-0.7679799313172111,10.404879111185336,-0.517365962358696,-1.6882093188869922,-0.3986833418614341,0.1965072813972387,11.853638097012125,-1.8159540564091885,-0.5359669886717782,-1.4162355480391713
-0.8621823356500012,10.302061760604087,-0.4029930916907506,-1.2130937304614564,0.05194974317022941,0.5082734660961594,11.814490618899944,-1.4570318710862236,0.8650751639267826,-1.040021553537309
-0.6431346812145575,10.269142830359215,0.21444820864217468,-0.5259438065039062,0.2648922098961237,1.1824235735069353,11.571351980263923,-0.43335965077787775,2.101907036707278,-0.3841317062272651
-0.12510230397520353,10.15151021569028,0.901973569951436,-0.31265716205738925,1.0617331273737904,1.914345029333366,11.4627813155341,0.37887338194322073,2.3077714475059095,0.2177837762204938
0.6910286055209227,10.23734595915038,0.8976143991713889,-0.15410464102391025,1.2935920198128499,2.8802451059303786,11.446640208844599,0.9625782177300083,2.338520970979628,0.4947921794230803
1.4311739199237452,10.131130440716557,1.114296659738431,-0.06229277069643298,1.4756455208274388,4.137943736432131,10.920793751072207,0.4624886031451347,2.255261909832322,1.1148328190128933
2.3267939059210754,10.256906735367362,0.3768982038885582,0.13082620620910002,2.04040185549347,5.6850787163420025,10.573211413164703,-0.08555083970970376,2.584614310048865,1.7475284318911513
3.3250976984260205,9.850778536491088,-0.11235159921969262,0.6616486815040726,2.709011867020415,6.95887053249194,9.557676420967459,-1.3894878816333243,3.2979194976887727,2.359009538643678
4.464502365355489,9.088184046054382,-1.225736890748305,1.074325214370265,3.2914383634293385,8.230280397879444,7.9828177496120984,-2.3934007057684257,4.164618298853932,4.003503246653654
5.819745552017732,7.43631847114535,-2.0378565982371577,1.9553109178649306,4.584454995201473,9.1452440193208,5.260547859883847,-3.3362704408578225,4.587937417699148,6.140152850006044
6.589982303642087,4.830158525985573,-2.563188976813575,2.4081336000938087,6.082753487260441,9.695214427868894,1.5526699326076372,-3.3850922375896975,4.305396642182877,8.235808622527056
6.365323185258753,0.8618012953772288,-2.4641125697668267,2.4542616924903955,7.617221483501491,8.501692362267864,-2.7898751000383664,-2.3723880258355066,2.9880819116413337,10.167290991145713
4.9283311402874075,-2.1527667541759663,-1.8730263437262977,1.8237239203662257,8.782392304347583,6.0349179114618,-5.5708042873030745,-1.0615483535381283,2.1496537543267684,10.990115400802395
2.330647192078338,-3.9710251631286138,-1.072800297810678,1.2077486925685594,9.1030485397038,2.594080467825093,-6.8941577630739,0.16718087187628772,2.134704279428763,11.333049817420513
-0.9919520917457054,-3.6160148452711063,-0.4693221158022561,1.2381872892898171,9.296943877319741,-0.44839600058215034,-6.47265983392989,0.22993352372706719,2.736413290900482,11.417396550722414
-3.70740645265748,-1.6847731521883167,-0.5460315421490662,1.2719081799009464,9.262151547723823,-3.163172994205291,-4.773411938929869,-0.49127657242326517,3.1853015217621556,11.008535439059868
-4.484067551261904,1.1027249836600546,-0.015810848301373,1.6728666750860879,8.915617632632387,-4.638339349526132,-1.9081234797633595,-1.1633296685616823,2.722908362931861,10.439425191903604
-3.8524812336931937,3.855374991548087,1.3872918801066176,2.2214071950133465,8.816430795785143,-4.907094379789654,0.8769077037283024,-0.8613379430688676,2.5305830385806787,10.079973176979854
-2.1809749805905425,5.274138883516555,2.7484824074481824,2.936245624304707,7.615959498118047,-4.338798486799534,3.4790496985500297,0.2864990605245449,2.651455132280249,9.91763730904569
-0.45735656776303785,5.597004839437146,4.403753206025359,3.668981365359129,6.714984533097577,-3.4754034660449697,4.703562297247077,2.304231505029282,3.4093133279390933,9.214682052967646
0.8587300898190003,5.871388799252332,5.712285444428892,3.7260980252698372,5.283289555500563,-2.396582850888887,5.571735668913839,4.3780259716751075,4.367915926925499,8.815641825225176
1.8220038744550717,6.163202184848782,6.585579446680975,3.691516766980029,4.0842844071249145,-1.2270155757729098,5.734398494145117,6.580655971212198,5.505242810402837,7.947756171522225
2.3884329304595795,6.15008830239138,7.24371667552111,3.3423021716398194,2.882733855383472,-0.35952399022615483,5.662548502118587,8.452014655719216,6.073383236292523,6.558090817064101
2.6357413484570467,6.560131735636951,7.512431204259805,2.3414943686567615,2.2950840977667233,0.45452829101501263,6.018490390253523,10.28832161214882,5.877473895330293,4.537315612833026
3.181648266855684,7.162154787748812,6.982988035825726,1.0072137307183335,2.381813476530263,1.4066604680196573,6.661944609286613,11.812086015162011,4.803137099410773,2.4834618731017883
3.9700642640841592,8.364777466193063,6.055059223745481,-0.31449609088631225,2.51011944907363,2.9900782508358636,7.866722512280107,11.9753406866406,2.1209170210462402,1.5106721965134562
4.970680169462535,9.147024550259406,3.949811913074654,-1.3694014829262915,2.9285309208219226,4.61299087748231,9.231885784717225,10.497774799881343,-1.4617426161600697,1.8607634760020622
6.856528828577642,9.415053453941727,0.8375049019277083,-1.483503361537231,2.9634333710949368,6.3306365431690095,10.954819449615426,6.202446096573999,-4.250316857222836,2.670915455931194
8.507005894495114,7.980685092039923,-2.325546170701215,-0.8154264193301699,2.899779821659939,8.360060893915788,10.856791554470966,-0.10107111399056011,-5.055078243444212,1.9020990781633238
8.984335990456014,6.212940982675245,-4.767432083943925,0.3127572731397965,3.3875824560440604,9.81710173938533,7.962343840282282,-5.886018201231579,-2.819912080491503,-0.21729580272693544
8.955417785409741,4.025187394265827,-6.218946642266255,1.32492889930563,4.156539003434229,10.562861679130279,2.6162529645557777,-8.186038014284449,-0.3345949781299062,-0.7281229984822405
8.936502126251732,1.8337085464422909,-6.359487684571757,0.9468730688257972,5.605921941626752,9.889329167296909,-3.915604778762919,-6.7774187731100675,0.22796522489922788,0.024286806414267358
8.938767083565164,-0.7670567823033141,-5.892277568040025,0.0468406530339705,6.30613713400569,8.282865553222797,-8.3946641729876,-3.36956660861311,-0.7923713414790977,0.13581497825641436
8.868632593304522,-2.427577505256414,-4.17343756349628,-1.5247056119006117,6.104776034018089,5.692903285426374,-9.750201644969556,0.9559282298623014,-0.8631019302544437,0.2714102008318774
8.939406419151954,-3.3658936363542105,-1.7410209415336624,-2.3167977638672577,5.29450696527284,3.7270350075138126,-9.633717912575657,3.6664356359744317,0.7715040453941495,0.7022513441403964
8.85600036908025,-3.664894273602739,0.7270407402638918,-1.9317554706701792,5.048446103152567,2.2909551824317234,-8.727987472488488,4.2862506068417705,3.44178723039,1.6925257277245946
7.868579661703639,-3.122145842906915,2.806214421012175,-0.6855751125095163,5.397178430180307,0.6763995391867837,-8.080876274958692,3.383033485334196,5.728921781834224,3.203549527070681
6.212826780572973,-2.5518140167401255,3.843770676287496,1.2317756090453575,5.7178993184434574,-0.8246256947123541,-7.006046800709325,1.3375250765289135,7.088564991036951,4.815834290188488
3.475108930810812,-2.333732253542949,4.63187350588212,3.2658742228486575,4.957208813924289,-2.6834991634227476,-5.760930678780257,-1.2245235763896436,7.3686027705758255,7.1278054980040215
0.3590825196315085,-1.8920362021879575,4.58298939076783,5.178402011531397,3.6288211796901932,-3.9839876849573814,-3.8262991069348753,-3.1272851112390594,6.089199209834691,8.54557402539555
-1.9664223363291593,-1.2830898311780439,4.444131562890626,6.323696257326241,1.3266986645378962,-4.370408722332,-1.811310474661943,-3.8008701772653355,4.263770630429256,9.141016843499923
-3.539618720340717,-0.054249599527703085,4.3044777829823895,6.5523418896297505,-0.8034642066006168,-3.9767972064324177,-0.46311908223850695,-3.6595196611046683,2.8237689655460234,9.349675951376756
-3.67463666092683,1.4240898804928996,4.762990128748359,6.07127761158087,-2.830955319975882,-2.5106599674147914,0.25696675373897593,-2.7457330896684566,1.285552495565288,9.3834315798616
-2.342661832611615,2.3584347442327083,5.902365806161565,5.261944323957618,-4.137745672347164,-1.1040613632173495,0.6215414676906136,-2.2640486133393716,0.8341059228723451,9.365725733855594
-0.8267521216988766,2.793599427639633,6.864612793974679,2.799843116251344,-4.838678436238068,0.33688974162378976,1.1199492739559804,-1.6417559168488238,0.35607207523300927,9.544053528269954
0.8365739306181265,3.26694529817099,7.167805501751551,0.44024585210288614,-4.758700400338454,0.7835900502748014,1.6236261805942278,-1.0153867210561318,0.4710126383822343,9.38671665486792
2.9410759847201837,3.596850114482232,7.095147357872441,-1.7178902730982297,-3.82343254317257,0.8164668982481409,2.110827751453159,-0.41340484563023827,0.7292196550777881,9.604283538913782
4.078400365211969,3.0305674098085893,6.29088732095862,-3.2296733859233844,-2.288125282998683,0.33331418580019984,2.6354976523445717,0.07779481154445256,1.1860226407849976,9.70272262662319
5.378558657624191,2.5543953854731,5.122714939393584,-4.079293807119506,-0.8655934633157181,0.3408325508002781,2.8839199979992447,0.5934696557313175,1.4880983401993895,9.880927585724525
5.829018062571947,1.42614495880727,4.441560258414602,-3.6171619371319945,0.45314249165784853,0.7743451405228324,3.276347602809752,1.2179749771465715,2.3984550597507006,10.723379890576762
4.757499573470383,0.11457198316724188,4.328895022550623,-2.81600816886239,1.3715288188958155,1.5657646829917702,3.7831906020456247,1.9707566621253056,3.025511645783429,11.0556272256937
2.8851278277320724,-0.528638927281536,4.750923001577224,-1.7506695205617944,2.317651070993381,2.455703867336768,4.003478945375505,2.631033866956601,4.336622994708033,11.124572635715108
0.14499621723551004,-0.6459390900836782,5.010562138364433,-0.5109732188560722,2.74783949741363,3.6864782162246534,4.535702329064557,3.7471447336024264,5.503330102639027,10.68577198970855
-2.4251792941045047,0.2865165327601593,5.356661968613652,0.9272591844375213,2.9921952926271853,4.466199007494582,5.0167051560025815,4.3098880374858215,6.86514413221091,9.13875433963389
-4.296604249001344,1.0507785082396612,5.866285874525329,1.8396657520293653,3.3380567174524853,5.504362242602725,5.560594551112222,5.1642794134416015,7.611614532373446,6.248818986938509
-5.119945803050267,1.2275856648213375,6.449532188662061,3.0844334343641164,3.5907273482561206,6.185303446589913,6.303688233282298,5.832510585704595,7.138192795983685,2.697681941933928
-4.817492561213464,-0.0021339300246863424,6.814131976176167,4.386991030768527,3.997476651909247,6.919336128312034,7.44606257973264,6.236545525697731,5.442657186748869,-0.6479286402417973
-3.494659094592088,-1.0107223219851391,6.728973068153536,6.176925541332052,4.397212211518037,7.552363137519559,8.035448371560221,5.389199286357082,3.443763296966888,-2.1161619579538486
-2.277537273311766,-1.8451436604021425,6.339782746545976,8.082370631137497,5.059549722807269,8.005629693377767,8.140716221549178,3.14893818386347,1.5649849802218447,-2.341768875055875
-1.6415415547518137,-2.026517445601946,5.282000178206487,10.321883910586896,6.228444941353911,7.643809422420281,6.692626684662694,1.1312531290972505,0.721396523964698,-1.898532665989909
-0.6130984059333742,-1.6742034144301339,4.4087074615076105,12.531046083428278,7.27421583459057,5.504310218229219,4.809888207949399,-0.12802970463610855,1.2023901143633409,-1.4850393095802823
0.14460054618279264,-1.200352424622553,3.774211277379179,14.355715679418116,7.627198386570554,2.339966715731276,3.552525736038326,-0.1546071761081395,1.5466309871221855,-0.9375617106340749
0.45312844122343743,-0.6482396795652954,3.3317776264389494,15.39050648592235,5.5693825082513,-0.9423768266048684,3.666848866985766,0.5164078484105866,1.9826529031998015,-0.4084808345736399
0.9767506621154365,0.022848044521683184,3.3767147484928173,15.768695132024792,1.6711103747720646,-2.5904372179445474,4.007477175595682,1.7459109174170013,2.2301960681915265,0.10061405284790374
1.463976136555062,0.5190209336074876,4.042545779609202,15.21144712566414,-2.599251971043774,-1.6934346785475936,4.228971605902742,3.0566977570338016,1.9889077957088652,0.5270007548378365
1.8857241795476487,1.3900564379527938,4.859056638184379,13.819314113344923,-5.46950947100132,1.0354477411373193,4.277644752804839,3.924133452146142,1.837943440268687,0.7776056572430479
2.164448409585464,2.2886666112738285,6.161311280370772,11.347867613408683,-6.396551950077515,3.622665085623493,5.8091382153599165,4.004373948876417,1.467057058979998,1.0849219625040096
2.8610867428776943,3.333704119388275,7.375433226618958,8.310961546368846,-6.9404839090200845,5.074851957562528,8.241672331473909,3.015066222737616,0.958022908088338,1.268158666286465
3.087445948601683,4.522033843314854,8.118181547598857,4.020905715855434,-7.140382733360174,4.077172240437576,10.45896282498747,1.4967046270115278,0.3098595980663527,1.8162678148163334
4.192381723450182,6.002055324049827,7.702738511314041,-0.39434396072538697,-6.666942858789236,1.1926156652690236,11.716798363209174,0.6580383447419043,0.280193867455928,2.435982286999163
5.185218391706213,7.461688020460507,5.513486138391816,-3.9837401653177733,-4.9778748495762395,-2.3798181456070804,11.476768141685739,1.8590895675400316,0.5049156393482943,2.7590946100580602
6.346259655834593,7.256802074539608,1.8311986276200451,-5.282976957378305,-2.406951892333741,-4.504567369948226,10.127310828697047,4.196152489466512,-0.3305678664758872,3.104813950465953
7.803894586577402,6.397783807440266,-2.031112728196238,-4.478777183953141,-0.7036311757789286,-4.876720396876028,8.418188000182917,6.176184654298616,-1.3347919935069466,3.2829457189259736
9.195410882938328,3.7153419328491744,-4.486500817803862,-2.8753820180310097,-0.07673782176844728,-4.246501175473937,6.771588485443037,7.582607499686804,-2.0294242437413845,3.6990189829063755
10.06770061055748,-0.12042496568447289,-4.845021508438992,-1.962246232118652,0.5593253725893934,-3.3548601564849116,5.72182970783521,8.30528247979421,-2.674258991355437,3.692581803668198
10.185632886831186,-3.4288505148285036,-2.948267763204731,-1.7904533532918645,1.0384743894495005,-2.5172347875438947,4.879561319013336,8.479320734066096,-2.4655439912258834,3.762117844382801
9.576692324723906,-5.442338157804069,0.21314729132168814,-1.7033651322172474,1.3465687881477029,-1.6267303187848179,4.157031686249609,8.23735357367578,-2.251321582067854,3.9377667263114446
8.986047279212805,-5.633118258138673,3.62109377645056,-0.44485597332075266,1.8780902046149563,-0.7273311519938189,4.201117502105819,8.363064070076216,-1.6165300275482546,4.158922826507009
8.230928795935842,-4.462340940303717,5.862449438837986,1.851818300510783,2.249147159637236,0.16214068029445228,4.7886963969575405,8.208498088454798,-1.1589113396401614,4.200929102922458
7.7485631024268695,-2.9093550006348714,7.101113238623687,4.091579044103763,1.8317653723428944,0.9285023327033395,4.726356515816926,7.883166407288706,-0.5432418389143201,4.605197078540711
7.354535456399265,-1.4357110045422368,7.553273527552737,5.505429118960689,0.6308924186537659,1.1736708883948963,5.5088314673842875,7.710426346136108,-0.2835877032170426,4.959267542342901
7.265261422290525,0.06264157992819766,7.653269862625489,5.982595330516679,-0.686700959972904,1.7203621460814082,6.411408904648737,7.060808116173475,-0.04817865997782621,5.237589108929901
7.69890412083313,1.3126566182542643,7.688599881060232,5.443012652124373,-1.8858776738693217,2.1283979111703317,7.395106709720553,6.562524228940864,-0.04034026640655883,5.352954942243541
8.325697870223566,2.4466585423737417,7.516859683784699,4.259010702087857,-2.584897562480642,2.0820336417151477,8.401365834150846,5.745282505652621,-0.1862778782586627,5.594567426067589
9.505605415976179,3.7091217650986112,6.802656438911392,2.2922130897654363,-2.667377975994637,2.046547340475686,9.153451594610445,4.919310740675566,-0.6632213025393139,5.740509161170499
10.732762557106753,4.077165807608888,5.2272251883773375,0.9217798644730018,-2.362611086083554,1.321259398027202,9.66409732216011,4.208766538088802,-0.7520785848749146,5.675025984910464
12.253764992048138,3.617196728281853,3.24716791398516,0.029179324397967887,-2.0014003677800165,0.8548010779821873,10.049682375017884,3.4494540173712736,-1.1459750576134542,5.453405984436667
13.289177853324704,2.2547751139246204,1.853049154246253,-0.08310250899661346,-1.2689049396668692,0.41965624253895345,10.290347153029877,2.7683780967793643,-1.487198194784914,5.186600329769712
13.821049627654572,0.5080542839351898,1.5406994287472648,0.30712031248266725,-0.7068687642721864,0.4083654146446736,10.218794903105652,2.2013245272987163,-1.4430507700429185,4.6157791777404995
13.521817163070759,-0.8478923706849552,1.9550258175956132,0.6513245480293772,-0.22102038967129542,0.5908137158329327,10.331652035224542,1.5635069806429063,-1.6049680595374711,3.8774859604819687
13.61559587807109,-1.199983079576596,3.2098052437883204,1.0980359966062079,0.20362448841270236,0.8876178524582645,10.242288018354381,1.0158763936223336,-1.4926988469073703,3.4024322007831866
13.543126650911166,-0.322416212126677,3.9965049542659856,1.7007274768721299,0.72158051774234,1.4980748989985477,10.289357469898352,0.34653860820127674,-1.212434149400423,2.779806539078513
13.538517069502587,1.0261000414298458,4.269581505017338,2.3065499508591416,0.6222081516737933,2.157757365519522,10.179636978526677,-0.6921615959637064,-0.6744714075513241,2.9648022211444953
13.60328696565695,2.043269035709473,3.4903543548262044,2.6238012846263197,0.9113546673441221,2.7915927235139453,9.741861557192276,-1.3613593884403692,0.3218242154564232,3.0352077714287065
13.713108954389273,2.080143636829422,2.516987588892794,2.9232029548454883,1.5034545350659958,3.3913309202529316,9.563000326402,-1.8317150420141648,1.4221880241313158,4.097298468220951
13.54577523109818,0.7488073535055957,2.1303727140758015,3.3024214700767454,2.2453460858349747,4.499135832113221,8.832187678023804,-2.4626395067148406,2.107337498117561,5.7289984159106275
12.14608586955758,-1.7202734293475388,2.620531700072951,3.695284843034082,2.846097269729343,5.316871838094014,7.612651033284069,-2.5845997243541334,2.7221092191627787,7.943064879644784
9.542732059403567,-3.9603235107047188,4.076642305749742,5.069941065454962,3.6763350660550747,6.203631986857108,5.975699687170895,-2.9443627718932603,3.042110701627148,10.072486107009208
5.476875118778007,-5.642677893665126,4.594856188931048,7.395904911054987,4.400717687709897,5.880384471269157,4.191017184945667,-3.164398537751303,2.267464933123822,11.310246230628495
1.3135662603186975,-6.218265762993364,3.2119703641815813,9.56815507705949,5.248757105136603,4.789597524623231,2.2968346315444195,-2.942752713389788,1.3517794851330152,11.831197139685615
-2.237298956029126,-5.01052974260289,0.6267922719352876,10.89841115636632,6.453496761645557,2.3893290781960017,0.9784583074004959,-2.733142796163336,0.43653453377958984,11.798599513352377
-3.7080101123653955,-2.5948183924552435,-1.583224552836778,10.319864594947411,7.430291265614288,-0.6420966255423712,0.8519035130027698,-2.123420228980738,-0.7178374442538293,11.70533961307652
-3.1598435452720848,0.5382482184351606,-1.6383080762268718,9.751867424740638,7.531342838895768,-3.1903840526664586,2.64964487600211,-1.3443981352944034,-0.8892986694597559,11.818266094660526
-1.1142073268738415,2.3276372728806227,-0.048365350596542137,9.358578771776763,6.335731602929267,-4.733217660725186,4.215549271739055,-0.35506635584927493,-0.6382567166457895,11.702455759860207
1.2049024585511434,2.576110306231363,1.6867944838219389,9.59300196709306,3.694244862911591,-4.993009910199526,5.679474197093796,1.3123438736034143,0.07194650867403585,11.698076888122259
2.8815856769716826,2.278378984637524,2.8001919919295277,9.524486258215871,0.8060189894338119,-4.507027446805056,5.763707670294297,3.3195757352551998,1.1416476334074583,11.457950636025815
3.068180078264923,1.2541022472568562,3.6925466656787296,9.206265447048018,-2.3207107149564568,-3.9744382899910926,5.053170932969164,5.40132808636875,2.731457046597051,11.199749173141553
1.7134142431001622,1.0296148042965694,4.492175848049803,8.242881986092495,-4.715064156560685,-2.3948069642637737,3.8000021026888535,7.080347685739836,5.072747590060446,10.392172010010748
-0.3602399395099716,1.1300142086965468,4.857761083382935,6.783311551737514,-6.346936087161226,-0.6749396616916997,3.0347629396853093,8.701770806747477,7.719290421180583,8.109518594291425
-2.105901461054008,1.6051241126808602,5.707914896081312,4.946696403627375,-6.960103030818902,0.6062699966101412,3.3317791716847958,9.863348942173056,9.180469822833263,3.922206099316685
-2.0224074661221536,1.5045175437582565,6.441907285006363,2.5920938559124664,-7.278906612696587,0.9642600810725559,4.740922378749942,11.613526734614247,7.613162195063266,-1.4026536369778935
-0.8237223545002814,1.4412615550834635,6.630711081148804,0.21875015399099268,-6.7535159778964005,0.1998718589030492,5.4691986174916645,12.46985157191472,2.8545169666991375,-4.410400220017631
-0.500588897586708,1.3497071869527322,6.928846845042321,-2.045872118165441,-5.576133312109112,-1.2898018182443947,5.4463272284287605,12.539550588507247,-2.8854200831268932,-3.5399680236281994
-0.5165508309021222,1.577703263048413,7.022837400935961,-3.327552138799523,-3.5138719071088116,-2.341251872033108,3.9992171397798284,11.747875510057051,-6.200895281048568,0.03864495740646591
0.9451904903851918,1.824012303618852,6.725123882460505,-4.246599419583104,-1.4152440580190973,-2.493224634505878,2.565945005077007,11.23725946609332,-5.876606905072365,4.054472546777017
3.127782182322987,2.5819687684615804,6.140654302529272,-4.229006646309575,1.0979974521459035,-1.9940110277455438,1.5674796117777012,10.89244812833754,-3.4730020869354816,6.322282921205881
4.909993929484393,2.575844890207517,5.357676026977243,-3.4920672563752473,2.913015681196873,-1.1995860768222235,1.420425319601183,10.767388454108081,0.23039201375614082,7.03391166768656
5.2849092045289785,2.456867571742768,4.453377564916739,-2.7314082161824644,3.9894820660675068,0.47096782149341565,1.8530771786350573,10.859059862752169,3.495569284909763,6.972869516007841
4.885446904320443,2.2236487309380197,4.096003088504459,-1.53287519178632,4.8168390456235635,1.7881222148843763,2.420900783063076,11.167519541229376,5.973151506368665,5.610144348506465
4.040448045836367,2.546837035874601,3.6094040730954897,-0.4562161187044844,5.02481529873447,3.1704495561584967,3.7647247570967175,11.879380250549104,6.88385775495227,3.5418775663954527
3.8498506190853696,3.03052266522852,3.557127791826465,0.5811117302399726,5.3470392986541695,4.905171960811517,5.408809166572849,12.272609221888928,5.889490815331649,1.0070513927685352
4.284211178793218,3.986811764361025,3.288668863137519,1.1174963507542688,5.615831226093432,6.5817813115403965,7.397205050076052,11.753382697367666,2.3555032063340287,-0.19428580298692108
4.364085988835824,5.104597616198665,2.883254752679241,1.7956959661932594,6.076259869229283,8.626121591683507,9.283459860266433,8.70462260203814,-1.4486148526124794,0.13169081755755302
4.972124435829481,5.798171091144424,2.6730396679289,2.5391100846317167,6.897475517914565,11.044801241607907,8.906622668554524,2.967865971388584,-3.5471469416075863,0.8373027079787287
5.445126903203654,6.422007366826602,2.0959211095214885,2.998090449653864,8.167905510266571,12.743740415390105,4.694144739719089,-2.2651686162652758,-3.030408017209482,0.4490383427891733
5.7906618449184935,7.1627278529012255,1.6808000638203238,3.3976877827350416,10.163910973113886,11.44448275648431,-2.244446464276962,-2.2658176997099906,-2.2788190937690196,-0.1655115614252368
5.820334973032914,7.653651616764738,1.477340882245733,3.9718066483371866,11.519976406383512,6.798876867759261,-7.156761448808647,1.001382176975481,-1.6650645872772127,-0.359120461500667
6.027205029596517,8.2082081080539,1.1774770125601555,4.495885601552552,11.73340084447249,-0.08542784874227077,-7.739895063064626,3.1490079667058395,-0.345783298289344,-0.061718908809701135
6.377968358544887,8.583581720788024,1.0633753470522225,5.0335014477299715,10.730224855833445,-6.024849082926853,-5.4867994513837175,2.3381345749107676,1.1816657926510077,0.5975908416987
6.825674329518429,8.79083494821746,1.0100427599625712,5.301715236478208,8.531854720413989,-9.336192095122946,-1.6697517689456716,0.8955026705558247,2.159565528972895,1.5645813458859117
7.5410064783259845,8.43739938327966,0.5258080185584462,5.411270989918785,5.597743306042654,-10.375698479072895,1.8130675456751804,1.629768200275525,2.5675694283630484,2.6218931886213532
8.398572064644144,7.4863814829955695,0.17220336035997041,5.5677320439708415,3.0119950025954223,-9.795793664326839,3.0951862887038053,3.7511967789748386,2.973301733031894,3.6004618218334126
9.29642175172972,5.617960296493922,-0.2733079174702975,5.820246260223537,0.7109325878588527,-9.256354291833938,2.1449571749293574,5.7083084902107615,3.555158982505183,4.637634191506087
9.219093449708515,3.4798931784408835,-0.5575630045339679,6.202135562797329,-1.2763345133438397,-8.104058537107377,-0.41218603823667505,6.45579477041231,5.169946330670733,5.434801217975981
8.191055031252645,0.7555916247596338,-0.4121247403444331,6.385958912606096,-3.0043400018034023,-6.515761874614846,-2.7782305535956477,5.502013216860727,7.4947054145737635,6.497382380596632
5.085952927420945,-1.036516528038838,0.03168687292218331,6.849603382759147,-3.8159453426657537,-3.8727069830138774,-4.017514915863539,3.0595741990632774,10.121645730440743,7.71451156624298
0.5774367268025735,-1.4864740787154993,0.39600639360234474,6.917707336276299,-4.048278069477453,-0.8804191551605443,-4.30516555847081,0.754139861654308,11.06955398884584,8.169469346927949
-3.710708864817864,-0.3236031092656145,0.4515607985396695,6.853291951421203,-3.3233284539489127,1.6914539389097882,-3.446623424978525,-0.7362887116657973,11.049793898252549,7.4072724059311925
-6.462870972061478,1.6992937376392288,1.2094579881332048,6.954365426243227,-2.082636015063643,3.522951780843022,-2.6351263558334854,-1.6111563260525517,10.390189230121564,5.575658376357026
-7.359758821876673,2.9203592562052125,3.3280339322004897,6.796605600483922,-1.0008193189031263,4.3290079046068115,-1.9279072662869954,-1.8516715932780716,9.829606950161205,3.2685686497019937
-7.156238602794423,2.262096944298836,5.377628611873842,6.194023433403507,-0.4484143823117321,4.817931530673573,-1.5867006206555954,-1.568966576788516,9.70647050650871,0.9561207531620893
-6.3543488498184075,0.620118903863531,6.579016844917812,5.699304917765354,-0.07822076288916337,5.096048605615667,-1.4810482672716125,-1.4523520088745512,9.357428389770586,-1.1591552625662669
-4.541545738120232,-1.1194305961972357,6.56414445497339,6.107780005536308,0.11529844501568698,5.324327384860505,-1.2353170334364434,-1.060906547300735,9.365908646528965,-2.3912850113636535
-2.4478120063078164,-2.023438657208971,6.005022764775071,6.778514215180834,0.16949731467466142,5.563196671776569,-0.9341112035833136,-0.7256081974749894,9.46816777331218,-2.9293737230616226
0.12494022892206091,-1.766323904179516,5.329097646735716,7.6470775061193805,0.7530015452811408,5.696787117634692,-0.776119044234634,-0.4569615042404394,9.512822898903007,-2.5540130881219443
1.6207215882003752,-1.0984122269315781,4.961923792964435,8.29034101955374,1.316074558099932,5.416413597322116,-0.6728829658725266,-0.28086396744893166,9.636711931994142,-1.4838796288021374
2.370593576883122,-0.061274371271560775,5.024536567521849,9.11191971437954,1.901198311213656,4.884964416409809,-0.6047602363728881,0.3294174596428852,9.746333474781892,-0.18945490889317218
2.433274054246252,0.9915291724972505,5.355246536911372,9.281623817944135,2.271968592477677,4.315766394504187,-0.05807354128230985,0.5933536491233624,9.918430868535607,1.3051950870775115
1.994929363680249,1.902894690256005,6.2867577546835545,9.640743721251196,1.6376239507048098,3.6126351231222262,0.020513472365692717,1.151869906822628,10.011439846776394,2.4669476555321626
1.3155825691553802,2.597721382456514,7.147760322175273,9.195511531289304,0.31774360135834634,3.3628220890409213,0.5854619084872527,1.8359329351003297,10.049618535617858,2.882815165498985
0.716863431334678,3.0143535190632176,8.310158202232241,8.17478376648657,-0.8961803137324643,3.6417396089699348,1.3814752245089446,2.261202262734951,10.228159726073581,2.7549646251339293
0.4691830526412925,3.588609570828718,9.546225987606947,6.035752505840667,-2.122025773674163,4.455519990393434,2.7718277829664513,3.3540432106691997,10.290024741696739,1.9629119475746961
0.582045391665239,4.0208608373163015,10.428598038322493,3.092492541000086,-2.6027687790942298,4.879160479920356,4.400066059583892,4.622956172819817,9.83943893904795,0.4566117666156774
0.8356722157655507,4.906304619333404,10.642089972349506,0.024099895598556353,-2.30184093087696,4.748902715072978,6.621676510703396,6.13227438014768,8.245883140533012,-0.9018510672946759
1.449294412506721,5.684858750771014,9.785101326628359,-3.3361529046696696,-1.3302320214905539,3.8873016978392267,8.505016586538627,7.215575521140632,5.3878964296257905,-2.3233688047470564
1.4630868846730414,6.663151413628041,7.87103287054982,-5.508531082064293,0.22554478952889928,4.031457326065825,10.207247409786179,7.260889783451312,1.3350220330566853,-2.3889283776586385
1.1631341140005391,7.471836583559127,5.427885606803424,-6.709905761282843,1.5080940104986345,4.900983369219778,11.12158978420102,4.701695341701785,-2.1875474814619995,-1.8901473617607145
0.8563713631660033,7.861846297198723,2.5469614078936167,-7.230053301716344,1.1424338754160368,6.377848638587088,11.45850341779859,0.017690522722769872,-3.2518823127939367,-1.1794176638656293
0.8166070780420386,7.887784450483304,-0.1660346972276819,-6.703622087172816,-0.3757512625479999,7.162361816608592,10.170017551731375,-4.2076250512115205,-1.238210200329898,-0.9229203682206505
0.8560874953468238,8.07119727584197,-2.5859947212599006,-5.339120672192322,-2.4385517935430845,6.260881837990061,8.774582610526057,-6.702797459154016,2.345000655099162,-0.12886478248280883
1.5648312549865402,7.950648278189829,-3.9951754289798975,-2.909012734634426,-3.4086708643632853,4.549567660886185,7.978375328909867,-6.366622086660754,5.031653780381507,2.0776865474847215
2.3708758374523105,7.469262697672415,-4.359186772774757,0.13604777391209028,-3.219529727482711,3.3824640428576638,7.5248634552432945,-4.968178202134,6.699023445175462,4.662277847741578
2.628670308195139,6.294527860706988,-4.055677761734542,2.8002904651955967,-2.2853482684688418,2.8676753724425623,7.398212162583322,-2.8795169325746746,7.213919934324432,6.90171779228748
2.3778528008603814,5.1849577146897,-3.155736626814264,4.162189614257891,-0.45228268634334345,3.0536062818211973,7.528109867352722,-0.3907267723872596,7.164511032588048,8.596109297056088
1.4077763513436052,4.3342393725909645,-1.9964235112784674,5.026898093280462,1.147160687724004,3.194936539513143,7.615890914511049,1.6340406606289797,7.296291289791866,9.254919267535682
0.3465050976113256,3.9638197660185424,-0.33169694752967543,5.614071225941178,2.836158805922356,4.102235113586351,7.945564056802525,3.435122305522569,7.632071664172954,8.206244320591011
-0.5102488648772798,4.378681928205322,1.3679429306324185,5.608076143765515,4.11506935361897,4.65987542007472,8.27168165933816,5.231097325507394,7.708529999106618,7.057601346807979
-0.9399038787479923,4.739853621826556,3.384002804075578,5.84803988754447,5.483479355382933,5.6133574504608355,8.613771379488314,6.47824734356819,7.065943417261538,4.545682385391639
-0.7113060884004242,5.146282158056593,5.161537615643986,6.258414237252293,6.111297562730102,6.534366305879519,8.822434380883719,6.533607080149184,5.657365260993565,2.5693689096890377
-0.033662010239629434,5.253764745544255,7.12379216267578,6.872046451252311,6.3936640893491745,7.424175314807561,8.936821852531867,5.861725244815947,3.679861732014444,1.5662067410891145
0.6782221105007371,5.6866805860276655,9.042157678894963,7.4516897591995646,6.3458270355190605,8.235103807628283,8.438843837483148,4.020157001551365,1.9650620920051782,1.1797527903422746
1.2617338090409773,6.149060074761699,11.225869411574786,7.835576870474128,5.987117387142704,8.244410957030075,7.121927745951625,1.962646780130945,1.5202158018425926,1.4339637879605747
2.122481868108555,7.3599777705947895,12.849938672624091,7.073729329758048,4.798312596062291,7.979921723912003,5.441901667349748,0.33643099497699486,1.662351699662356,2.111013622851913
3.142245657810982,8.771656822612442,14.05012488926349,4.6579281596283835,3.3154355798359636,7.820380612176178,4.197117904512928,-0.704954655516466,1.974973869398401,2.430560808300588
4.546168695917097,11.07233164842227,13.23356272528773,0.14812621562881623,2.7928655687948427,7.812235925746881,2.9186200438135277,-1.121393895478418,2.655111558668075,3.5739448836424534
6.837079136776064,12.914651606224878,8.239566684834879,-4.295386634185427,3.4296283508323446,8.622979910727567,1.36592485526853,-1.0444721275975652,2.8389299397246246,4.814997926850301
9.791701706780723,12.100380479476259,0.11243118663333328,-5.453955910357688,2.5908368196944833,9.56585084430586,0.057967755665845506,-0.7576497793175859,2.9296386454572354,6.240935531833704
11.893248750407247,6.001059066961407,-6.713424886205331,-3.4733203390802823,-0.009946364412093359,9.929000313414456,-0.4011332962147722,-0.06949559605315181,3.119466114684252,8.107454199289963
10.971016041468756,-3.0527308562803004,-6.938311878879368,-1.766456721388983,-1.3951328047064266,10.009780731502358,0.6464564485377532,0.4179601578049809,3.575374386194342,10.23841595391352
5.333677144964757,-9.166957305008642,-3.133734658746509,-2.1459745552103375,-2.0846007764729477,9.580913219281596,2.151132454072738,0.1464952095074505,4.180646030100926,11.519053204998691
-2.139772135047552,-9.052072208549683,-0.4031199686073893,-2.184108438878744,-2.9376924649214895,9.01616089085572,3.918182095590259,0.07504688002530198,4.281892359157515,11.561392003575014
-8.107881293180034,-5.027435237675179,-1.29692277257705,-1.7487139630332604,-2.9267069107578885,8.110076721127944,5.343190741106257,-0.16440304079262175,4.539389113293645,10.476308033988053
-10.22385999740328,0.6914413432581688,-1.5263785031703856,-0.9427979887606368,-3.1159536037272795,7.135572075008004,6.453398162083883,-0.6939623586512138,4.848858445838522,8.230335142692624
-10.099533665704202,5.049872831567603,0.5830568029826602,-0.37420075022396443,-2.507872152005333,6.161880671501019,7.345322434590491,-0.6575060770650254,4.928431723390956,6.0248075053932455
-8.919022016970386,6.647399007101797,3.820399912509392,-0.7276281327020356,-1.921719553604211,5.479795032003833,7.851013677988876,-0.29142703713338836,5.4287316187097145,4.093209230802389
-7.766821430791952,5.96850660747168,6.341267955549545,-2.032907850442762,-1.5070905736779494,4.742411753418665,8.46761165328637,0.2931389273943106,5.4304998352045954,2.2181490922562186
-6.891691219813142,4.000378808211542,7.642426134165641,-3.879233895570673,-0.3916948055361398,4.702129708186975,9.148905903479239,1.1292925135979137,5.414529688258316,0.3108765483189007
-5.998653711788963,2.016192683235375,7.97899528571637,-4.106915753722293,0.6567173911892443,4.88584530698361,9.309821256969023,1.7808431124631336,4.923238355802377,-1.2342397026867886
-4.947687452157011,-0.4631226816296885,8.147453498271311,-3.285756960349996,1.6673335802381903,6.041473394614758,9.614278125735582,2.223115197899452,4.134305779082101,-2.292557382357398
-3.3734178813512403,-2.099470673322645,8.144603456443587,-1.3178980248926024,2.3328111859726572,7.167910127650669,9.46695980793307,1.0551539470483342,3.540922958994801,-2.8102481130207497
-1.9607524867603126,-3.057040163998557,7.925359598215831,1.2524125053394275,2.5221898334949824,8.38298358817167,8.714835327010832,-0.5265636106171778,3.613126403186322,-2.738429761972822
-0.5092687899790627,-3.1261282386489575,7.409627589116122,3.844477110786964,3.2088328374939015,9.157736366741457,6.960049668135486,-1.8750372028855935,4.52889725151312,-2.0584056363043617
0.704454896787729,-2.401989824979993,6.849559957556659,6.538906275054266,3.874523008556199,9.443846871749773,4.4441109659239855,-2.4261421106711056,5.458868247107826,-0.8972985905608298
1.107608831802014,-1.5971107595494445,6.491000878590114,8.686286003718262,5.2782617700345105,8.330821100613557,1.6427352930224732,-2.3527891385883337,6.063546226094008,0.49064907856910045
1.2338197254931451,-0.632367431031027,6.247500350711053,10.900408490228022,5.863290913347989,5.809705450635323,-0.5287038567622685,-1.7809429789023292,6.064687271035505,1.9459718993298099
0.7924940405131529,0.19123896747023533,6.12693646046721,12.54959313506902,4.791858034744293,2.623705834278019,-1.4717200512491566,-1.218705556111268,5.976559138000785,3.2888842487813945
0.20784692105637337,0.8572842711775279,6.805492561120219,13.40032638612156,1.8326564111257875,0.4627624099963015,-1.266800662751545,-1.011111064935963,6.044082689922743,3.911465525096831
-0.2503109353326625,1.3080150998077023,7.396680394915987,12.839980869136685,-2.076193739759448,0.8884098147464911,-0.6882418864183661,-0.8737407586218257,6.065358726254519,4.525532051193629
-0.7912020718587213,1.5036635818501483,8.461873726780421,10.754725026255667,-4.777892238827969,3.676034507661636,0.022803762682168723,-0.5225134165974519,5.806648914500406,4.74966458638834
-1.3420627809502694,1.606372313190069,9.229340219801871,7.721671026272606,-5.949431338794285,5.974079023854799,1.8426137899691337,0.2149178013332254,6.107541760465601,4.658818610616816
-1.7171957497827959,1.572440389652601,9.780827353775704,4.35529838805073,-6.106471831047992,7.073669572711451,4.312354808373825,0.2985430899851219,6.170434299356278,4.326132760893917
-2.2163582632658003,1.3956894459262712,10.337647049067195,0.795265367857104,-5.551263490054606,6.342732582438438,6.662187822965672,0.7737455865230484,6.4081863381998785,3.7659404032300157
-2.5976673725155517,0.9292051161519671,10.388961651252826,-1.8023438569455306,-4.748054147576189,4.501449361420613,8.48042388740807,1.7700110787631143,6.319981675810076,3.112875293764462
-2.6591611879072943,0.5047785026673782,10.224075380660029,-3.6620117675021606,-2.8184157516469144,2.611749412756425,9.495140547844345,3.143982529964913,5.666897781734379,1.8595293663694683
-2.1817798352023576,-0.28044440152440037,10.20745213099596,-3.910095064679914,-0.8038604928995507,1.6488081035272641,10.425696384114442,4.945165400228707,4.233093066916122,0.7656490163422626
-1.6625730613713217,-0.5178699736298743,10.263328819463787,-2.8999686844584867,1.5136456773185616,2.6773831167725186,10.685539474019912,5.835096417235505,1.8247354994207454,0.18027900465990326
-1.2313352945035099,-0.656813898514022,10.483674357202593,-0.8989903234440993,2.588423572231869,4.048667132415532,11.053407585380857,4.592330521408163,-0.7980078694558314,0.40171591605569756
-0.5785464215401103,-0.6521772777258178,10.191165580546109,1.303777234390528,2.7009190871362123,5.580689204667936,11.219283880309877,1.2066505174743614,-1.9468100131163204,1.1428009745547931
-0.11837867461295623,-0.18439447142757526,10.333112577455402,3.365226720403092,2.687002270115874,7.026003201852989,10.028978140861568,-2.6079025492980854,-0.9485618197322466,1.6309383644088629
0.5569304085925504,0.34957837368397515,10.227368623048303,5.262117491899957,2.3746106334696995,7.898377368915985,7.532456342952356,-5.067353594463352,0.96013082493099,1.864084265730049
0.877785496166065,0.9663705079601367,10.236707267883192,6.190306704358261,2.234073946398565,7.963115796956324,4.651838525708148,-6.337218553610896,2.3208903742532674,3.130784412981156
1.205787363101012,1.7654177555017911,10.736167450651498,6.502111180675844,1.7249679562819467,7.666182730665835,1.8869407244617953,-6.236978450499169,2.609398175278823,4.108717349602757
1.602912025751165,2.627409759919555,11.186373011011632,6.341569202099914,1.1541804245231935,7.38245135089181,-0.5186499207156677,-5.621301135969602,1.9236326481260733,5.348770304916461
2.293148938920256,3.3504278331864907,11.734485078397826,5.2798468746526055,0.27914104257710487,7.474126746090423,-2.089204269195093,-4.404399081173804,0.35892250246335816,5.927030708413881
4.007108327121115,4.4098400477431285,11.889265320823995,3.3793004660623107,-0.15260658949642644,7.483552895511008,-3.06078941732204,-2.626045419190527,-0.510825855926283,6.185645469372074
6.090096854383144,6.230904399084516,10.963919846330882,0.19406589479083378,-0.04828697023371781,7.581422536851334,-2.845727351092477,-0.8041879778006914,-0.8871605124998663,6.102191492284806
8.634582206956846,7.760430404432534,7.987900591781908,-2.3662058179665597,0.6388541632874066,7.749603079687483,-2.193536079932584,0.5533007991731838,-0.24992328001894187,6.038545986874338
10.84115647243402,7.584680043968961,3.0675428120996235,-3.686186003261991,0.7238348678313191,7.982479437561138,-1.3258295737326509,1.8042304171133505,0.5696165349050089,6.18152688156832
12.520505388078414,4.5020784488783905,-1.1176291272016172,-3.268135416082749,-0.07481354210470763,8.077574255586168,-0.27144081201446285,2.454953908129014,1.9230211394593277,6.957626365737548
11.82162606949875,-1.0823215205989256,-1.9610106036810588,-2.438570295872972,-1.1404782925439618,7.90929254231365,1.7379382049689336,2.7118476745181117,3.2491403825834317,8.354828406713768
8.548253932604814,-5.454343964820812,0.8586920702147904,-2.0446967872661155,-1.208119383831034,7.730919428705335,3.5031669298265604,2.5071054332654423,4.393499935767006,9.83050913318943
2.5460857966117176,-6.938469319247267,3.400150354612572,-0.6333156043849758,-1.2254633144227998,7.62025147782627,5.049901191352369,2.429888972338836,5.322966122336236,10.862135191467196
-3.2810276424272127,-5.901769910215005,3.6666645896588306,0.8463453386883828,-0.5381668473298942,7.277042896919481,6.499924539345358,2.2728355064813828,5.97766104542962,9.7764151665815
-7.597406348360908,-3.8557645459061414,2.293663409498201,1.895732394246369,0.20449998732059957,7.426698449772035,7.689027658781481,2.0533908155654617,6.571808107360077,7.450034446951323
-9.212665828573043,-1.6635408260065,1.4474464824407185,2.953216139196507,1.5748873422337177,7.551636426551688,8.342766180625908,2.3914187049606204,6.088461068767738,4.089495592926046
-9.212904723609824,-0.3689366899360317,1.0993313467647516,3.3527697966118506,2.845276820651774,8.475665152113494,8.303854235227192,1.6340618187884268,5.950079276687904,1.0976082320168106
-8.13336713097033,-0.46479633667213344,1.3723504343127106,3.986187682504517,4.595285888954635,9.218831683121083,7.4426550786641945,0.7998609915372453,5.498327412638636,-1.375107250272961
-6.5060578175705945,-1.3423887845452906,1.4263649697539662,4.467977883755259,6.494074820266337,9.94625976931851,5.310430234094331,-0.04448941102250695,5.541581957951643,-2.915076259896511
-4.402165003758191,-1.9680131558268483,1.1119606332794993,5.438468581028055,8.856074188573547,9.474000908030435,1.7870193717078011,-0.03762396953051397,5.658684281229562,-3.8430467725481705
-2.309174886719921,-2.316400450613675,0.6333833963962578,6.031752429367422,10.858075556204492,6.544041045691878,-1.609934857601521,0.2734743241359677,6.131459775056053,-4.226797618414679
0.07334589695135174,-1.809019859708806,0.17983466433508852,6.484446384153128,12.058775801158852,1.6107732474634362,-3.380116505821783,0.6431747096798202,6.025817101529528,-3.9780835514896706
1.7723238823517449,-1.004498467967383,0.20359149682387623,6.698866273223373,11.46480971801685,-3.512579042489318,-2.0209475516410076,-0.2097136149121529,6.351353409209236,-3.0345677358005165
3.0701235351347727,-0.18875266956716663,0.5209715407100342,7.007708750411411,9.603105602582415,-6.811131943139198,1.1984265691240201,0.18862633721514294,6.555550289118266,-1.6139534916952547
3.7659315898677828,0.6056559625998881,1.0195203933944945,7.504666039356204,6.4394312046373905,-7.621475484825423,4.1560274119515155,2.5826624230057194,6.50161667968329,-0.3812390778693294
4.004024165470139,1.3593426442540808,1.5713809890086812,8.229046358551189,3.1035315751246304,-7.5552970025763315,4.790308149498552,6.179121382520764,5.602245864867139,-0.07534972976182613
4.327841005619665,2.108671677672408,2.481931080559171,8.066941622792664,-0.21537949195042277,-7.199773546056431,2.772408194797105,8.687855863250432,4.539715853054756,-0.22706136364923646
4.693644923639653,3.0085672750211923,3.2518207095970704,7.6915128131543,-2.9795244286876272,-5.636398032313345,-0.22477110376295611,9.38487603938151,3.8158410492785904,-0.753922350766448
4.9197093493304145,4.436257532056915,3.990558335735299,6.189319437306459,-5.1798639475609605,-3.087912050309999,-2.5878200313904856,8.805949281940636,4.5068614799272275,-1.066398676869174
5.300869620124759,6.224936984418874,4.2796582645785755,4.040646839678211,-6.024637614174936,-0.311961152299847,-3.151569238669761,7.875290626560846,5.476521059617816,-1.3914508888495203
5.275300045480045,7.813178144722789,3.6049995437911493,1.7171994837749127,-5.7512001170396525,1.8595102188694395,-1.8071708472629298,7.387749898725643,6.162044959929221,-1.3712156966314122
5.257560339806987,9.185524184806516,2.0927861238360834,-0.002157905650820524,-4.815018912939101,2.805622945289028,0.18520705107902835,7.292585452062087,5.951883938849624,-1.4910535932365399
5.230342555877048,9.779942209006297,-0.037889837462581843,-0.22238243055860216,-4.248048016549084,2.768694783436391,2.292726646437655,7.58075190770247,5.436243949270739,-1.6400896925258202
5.103977893386727,10.062409351611972,-1.858388994070105,0.9417500503480714,-3.397988699580495,2.545932275930476,4.266397225175267,8.114976145245638,3.749422035705063,-1.6620948994771263
4.616820285272496,10.045034998822238,-2.7405292842259743,2.9860383841146336,-2.404766901729678,2.543650643838359,5.802957815152981,7.858305795843693,1.3922960794452481,-1.4609126461061404
4.659747584318303,9.29099882112098,-2.6153561443062006,4.800196157261195,-0.7161045619416024,2.6105924996798184,7.248715527700793,7.244059340685503,-1.152620053196786,-0.7935489673723782
4.547977136501903,9.08876119349496,-1.4785039379950478,5.7572460605891385,0.7964890510400735,2.9959865105213264,8.233154754928236,5.717087272066408,-3.24547913062086,-0.13138098343059876
5.117899685763357,8.743946939870147,-0.4801912406324369,6.357836209393602,2.6699998160874845,3.40026192452957,8.836144340713286,2.977239517031226,-4.19712580924885,0.1725689799657525
5.281010060886208,8.959133026325176,0.7839606927797329,6.404328327493412,4.120236612577429,4.176988880260003,8.401971123160063,-0.2461172612951441,-4.202587059994468,-0.010397900613192896
5.324062839690134,9.49011386941842,1.8342278609069198,6.412831152209569,5.375714403477122,4.636356212793909,6.860214817573891,-2.852238841646985,-2.9480223871187805,-0.6967505143006982
4.759436530548134,10.514612213794159,2.615388333357471,5.957650206591267,6.424760823829183,4.805597955846618,5.042498162152128,-4.096513494174789,-1.0807364901131784,-1.2299731355371575
4.746418997626696,11.279897514142082,3.830281251555836,5.7379233688021944,7.011894882863501,4.441941106080056,2.607880847793802,-4.429364703715488,0.45183175742055515,-0.5314907005542803
4.663967362255833,12.138538382661627,4.29313594863987,5.038064677965333,7.198516855609645,3.4929364411287924,0.7282798805277678,-3.99359698319182,1.347078619333476,0.3246935239625491
5.664981866316773,13.001859552339154,4.157291506796485,3.995568556640404,6.94497609243737,2.272105977743589,-0.18964964573431314,-3.6535103418156067,1.7052843841661243,1.3554660607740339
6.79970810695183,13.269859860253757,2.849699723282506,3.097010900154583,6.907657462372656,1.339732260769565,-0.47035284860099413,-2.5972343431666665,1.6697442686657344,2.7269948837716846
8.957568601220066,12.627352061530205,0.10343657294348332,3.0610273060149997,6.6404315587240665,0.4175495040529654,-0.379933105678379,-2.0109787288485803,1.6478557486884433,3.7315388445265882
10.925119023790382,9.57830957196964,-2.93551881744867,3.711548578105802,7.1629352648800895,-0.18610959431273402,0.057419112124774366,-1.3869584376046615,1.6382301725381934,5.289009175555897
12.205512141154463,3.9112308890480048,-4.890368105269214,3.8070417190675343,8.098848424709729,-1.0951204376219688,0.8260300957734925,-1.000121263102956,1.9557348847745515,6.299246436650386
11.613575978635934,-2.8245888205753342,-4.3579347657472445,2.1059252315180563,8.649526622279227,-1.189066218498222,1.7747370381917542,0.05742944393068608,1.8754818552976227,7.670132074827537
8.20627189797088,-7.992304312067628,-1.1416096639725157,0.5295402408434856,9.006747841312867,-0.27480700415076215,2.759818571510655,0.6978815723808282,2.514691784765521,8.850555638123565
2.964624880557344,-9.678592271551773,1.4199576831326506,1.24850047743494,8.95501110254136,0.8965607666552415,2.9769059472169834,1.5233844319333916,3.3439829572019937,9.630537400870248
-2.800401782077476,-8.811283878972496,1.0175810127511096,3.0921803193182127,8.820980670849167,1.8070198897540914,2.734426304586361,2.235297302417871,4.162260167081363,9.105675126545464
-6.987297632000342,-5.709774174781133,-1.2980076532104647,3.2133803894329054,9.372571806647567,1.8160292992113156,2.4023041619275864,2.7857548113739554,5.292329318997459,7.425181670150016
-8.934194130076682,-1.3590719334406542,-2.9015711700858215,2.133361855070124,9.872791563786368,2.0027545641733244,2.2583258604143195,3.7339102084747693,6.055408102314176,4.454404578333883
-8.931350007258537,1.2255190627080645,-2.0547305117718566,1.1604556048865058,10.371537768509066,2.7955684637372156,1.8629051408219555,4.577901412387375,6.412510978827551,0.6370423090150052
-7.669547581040893,1.776077035910587,-0.7664377909575155,0.9526713247194586,10.57524101874256,3.195555058538789,1.448703716222072,4.91390828514977,6.064276569955591,-2.9245947371657253
-5.911882234210138,0.9609777881513882,0.28736124314752115,1.4278382807848717,10.66402833725288,3.5924658913712753,1.021149611984937,5.411143509236879,4.777181709187056,-5.181325507164213
-4.134514292158189,-0.2055672902339844,0.9957224489498463,2.158599158063354,10.835486391706475,3.284706547271845,0.4516190947540609,5.437059777768566,3.5041024198315456,-6.7720029459870155
-2.337107323713143,-1.121870860443661,1.346487500689647,3.3503553387446834,11.196230891874569,2.3616384948109594,0.021805914457810147,5.717576265915523,1.747918508229891,-7.017323351302311
-1.1854405990398529,-1.2698168319200553,1.2379934148198866,4.2740354413338695,11.111352298009308,0.673081588053132,0.18626605788109388,5.986305162467203,0.1540201717251202,-6.094766144697291
-0.47822465272810444,-0.7891301691171002,1.5252526933815225,5.479091443280828,10.706651563618337,-1.3216300599828479,0.481340009850602,6.093829756114868,-1.3009836422682468,-5.474229831086774
-0.2917762642585616,-0.4848972175394482,1.5721935675086607,6.495431853879805,9.706942924222846,-2.960113130103939,1.5398562463904244,6.27876312127842,-2.536560080967624,-3.9380957555530904
-0.14748138957217233,-0.09009524565197764,2.000772880123404,7.511776292434761,7.564313976413866,-4.389678065193072,2.3143336206356673,6.481659367039794,-3.462261313695805,-2.245729209068304
0.21640372300757374,0.4898586473288179,2.31177849834675,8.18728960143883,4.869560318397531,-5.299605815669315,2.9355704963177383,6.946547155381117,-4.156645046360681,-0.5375864932405804
0.5702228429142421,0.9903309530755748,3.0987319476984205,8.611307464607636,1.82052659164877,-5.616044797144332,2.0886359646273545,7.179581355238767,-4.153945327130663,1.3926834088103348
1.7581470269520998,1.638306427573202,4.061801168784463,8.469869960651765,-1.6422019179479683,-5.052947350368074,0.4238309868207835,7.590141737395918,-3.040901038517174,3.111128757390051
2.6566727696271824,1.8080171398600873,4.743483449075196,7.590738435555516,-4.224316484213667,-2.8204663206658385,-1.109308297421702,7.681445183388674,-0.9854414324016225,3.8692142093866946
3.413930040588602,2.4817460655891694,5.347175524221689,5.789419509149018,-5.7304032029552765,-0.0502698980734496,-1.4708969333165338,7.3707941433055275,1.5063873606704588,4.143702276735568
3.975568195216453,3.293272106546369,5.7173547651845364,3.799046808241452,-6.164193399524278,1.9623034860929147,-0.21736104060098532,7.605851330193759,3.7802713465107565,3.7916923077462297
3.9785484241178946,3.8015915883648512,5.7124986080624085,1.1597737984779286,-5.703439643241359,2.927222801599776,1.9201163264455576,7.8016517352490435,5.192323317515507,3.488418812333602
4.05291989467436,4.769164276052897,5.018453030154294,-0.8053721311065153,-4.908009302628104,2.5703216319839,3.954637940735326,8.366542856202763,5.292177554300365,2.6490304485616183
4.434386204703159,5.377630672497833,3.883332717894816,-2.3604676381727066,-4.09982379674951,1.4085283680839595,5.693684583009596,9.002389370286208,4.212006909164165,1.8373001693760007
4.698489679645234,6.014048142185674,2.1494765778103617,-3.28369788764565,-3.087062838378289,0.4182385040629374,6.422052186247223,9.946647838573481,2.4758817512722833,1.346230221417983
5.208167206931332,6.060270796257407,0.16206295299621473,-2.878808422906403,-2.1407328547794275,-0.48504863131409187,6.466000196828233,10.57163235166558,0.4675490290259622,1.4209226002086857
5.948901797728662,5.422566845154427,-1.7793319127261686,-2.1073204954161997,-1.5617421429997196,-0.9152165617747886,6.405374917294804,10.49052111179021,-1.4517292241384614,2.1454725867760747
7.265776717044892,4.007114920901052,-3.0683229439920057,-0.5635907994217347,-1.0961448230451283,-0.7637480991190737,6.019312114276419,9.968301837114748,-2.8465829808497394,2.826882987643042
8.465464754575668,1.8741787006232005,-3.605239646234778,0.4028257257641007,-0.7402917210948741,-0.4665188219964729,5.811900574115195,9.327618867916417,-3.5725667926004365,3.6459310669268006
9.197271672181017,-0.891053636815124,-3.183224838913804,1.0474138364755285,-0.06697725839794022,-0.2736307865065415,5.761888830857451,8.326003132255613,-3.774678794307088,3.7147713052616
9.639900282154272,-3.271695340842601,-1.6500985131146815,1.326263021948923,0.7422401781028557,0.5465313561365326,6.196573691858958,7.140681863161046,-3.945558480496164,3.9150327674131886
9.469963778085093,-4.56764310189358,0.42014527169738985,1.5679382498673597,1.0874328580488755,1.1855010830814818,6.576859791107421,5.7944985019260296,-4.156251896285932,3.4276724076485
9.561972940927648,-4.610626011083632,2.566816204319732,2.70235929241957,1.628147304324236,1.9420010395744536,6.917186517416044,4.180888041946385,-4.262456904646541,3.02082058331577
9.525768651442249,-3.357119622857284,4.311827810922698,3.7074374359100055,1.7680268377766364,2.608938581749144,7.320150975472151,2.140192252489661,-4.451584678962948,1.9953605925568567
9.581927145617179,-1.2765737267456219,5.257151598044217,5.148786412939805,2.0070672018747047,3.3112735079132523,7.231764913822016,0.18751147634652526,-3.9446147721237366,0.5169557720913587
9.65810896841577,1.7676112333114733,5.399540389992707,5.841248125100344,1.9216545604976794,3.642080671738678,7.136117369465904,-2.0336754851504306,-2.790908471738067,-0.5966682064696309
9.272011751327824,5.340306633332917,4.821621058050818,5.533352273796126,1.7623670973465024,4.128011603288559,6.086273945135421,-3.1678360825422884,-1.2029836597959298,-1.4719501581372
8.81800859735762,7.9346394950817505,3.7109222863588207,4.8466503895214395,2.405788004277783,4.311788456782637,5.084314322400913,-3.928276534276911,0.6635488265407086,-0.8824427744175076
8.916040805660304,9.461568236722263,2.129524977720881,4.160100731688798,2.881935833049547,4.990150441790236,3.983328624030673,-3.946371836828937,2.0943423553226777,0.2144726602321398
9.41643263738133,9.500488820275034,0.1872783412395041,3.9366343794216436,3.98608844027768,4.9303143213933245,2.465877586307788,-3.685863450792908,2.8851251872184074,2.453026837393548
10.534233736751466,7.300707281918406,-1.7098019059363194,4.388288833646861,5.343953930386879,4.425701602561295,0.8935368665321028,-2.9984930697659626,2.883544252508436,4.655195324001968
11.424786023477573,3.1237490083707304,-2.767449458256431,4.69486471796854,7.016688444427291,3.368495261218018,-0.39615737939493423,-2.7495583470224,2.504053796937079,6.672295930578138
10.39314102398179,-2.0073739519497766,-2.380363462261048,4.155740919823341,8.37864072192819,1.8350027232786117,-1.1869107232868763,-1.919590349910053,1.9529776775129701,8.292657533368663
7.827845025560482,-6.038143792342887,-0.5257269428221236,3.2394777500138607,9.01626891726846,0.38171278158418576,-1.3579605244727824,-1.3184176764381972,1.5042575185240532,9.16774364704033
4.209774070084496,-7.851652913883302,0.8418249476337055,3.7742317805230177,8.82631014211792,-1.2560787820156192,-0.27342620895584757,-0.7711683041450339,1.1974185707134324,9.723314235390147
0.01040287604852784,-7.9511081291623835,0.3004937127087616,4.752703822281813,8.342142661119656,-2.249008862466682,0.7586350290086098,-0.409370699192523,1.285244621537042,9.71408125135903
-3.746417112758773,-6.08011920811621,-1.4435458040237814,4.604258717110178,7.847772560453999,-3.1151669433418836,2.394140745664378,0.61828349727854,1.7289060722794307,9.565732375528388
-6.161016918944819,-2.349842825496131,-2.7312365551570275,3.3725306695436075,7.987548458876224,-2.7052412042580523,3.712129461455545,1.7260546663990537,2.4788868917136897,9.196631624767125
-6.60722785795887,1.8829266873684454,-2.422214049482899,2.565292162714201,8.165193925311584,-1.760572147460504,4.557155129119232,3.037520456327795,3.3938123183334765,7.733856454725683
-6.039346807215414,4.88529051537919,-0.41762667145196936,2.5762788710616134,8.084729338483186,-0.2726991171756713,5.01506835739794,4.672420768096376,4.092693932719741,5.9072633400328876
-4.939568409800826,6.03436057264633,2.606963685863461,3.085170716087692,8.099314802883463,1.059752073422521,5.313786059570208,5.841134771248137,4.307388749196616,3.9365810829071988
-3.860907263812186,6.038445734336519,5.057457468108439,3.9822569815111044,7.983801448454518,2.562092439080916,5.195353855403547,6.757454768372622,3.9762236334745045,2.156613296096399
-3.0870368422128456,5.414627631012529,7.608541824051608,4.784661917433112,7.291356001150858,3.2169145558594687,5.5804917974198505,6.990537326974177,2.91681323609824,0.7289088221575791
-2.3244779583906268,4.535744038746379,9.729921963629693,5.7956156468596225,6.151454889655751,3.6966930277904364,5.701216992860859,6.77668872306458,1.3521465951404592,0.4484498334208915
-1.8834082227574165,3.756360060674565,11.380348159000357,6.489096871952091,4.255811215888111,4.004126085567204,6.330690344074918,6.156447506552686,0.02524584635751899,0.45581347969199504
-1.0078462430771222,3.568562439412635,12.766378966575916,6.208633397175797,1.883249031922993,4.050966714121447,6.655069598672457,4.831704625863328,-1.0080686072044938,0.9848622382802494
-0.12895833188585656,3.322164066457754,13.801055326880237,4.994916806356872,-0.06063267252566336,4.638904865743828,7.729050623812718,3.0171262049001903,-1.630751294242359,1.848922996008471
0.9718170007730872,4.045075319993049,14.023715160913609,1.953842836895462,-1.3349562477459118,4.717959215506686,8.365889151978868,0.9604859014390739,-1.4408703094057254,2.2758475919633954
2.039694913245996,5.205180487617858,13.544041953718148,-1.257174581509048,-0.6297241432614038,4.055381184953316,8.635845214208599,-0.9027680853508737,-1.0283025028275594,2.5941633882401747
3.2595767971533167,6.666739118598651,11.741608091575756,-4.282844058736407,0.8733086367081775,4.65156977664993,8.326302539149575,-2.516518701353228,-0.06943563936213543,2.9181360424222835
4.523769941184602,8.086302937980758,8.121103414299734,-6.478827805804564,2.5908956595336683,6.265431967303384,7.036347121379781,-3.553870583233969,1.219481348948103,3.379695615356777
6.156002361971738,8.621888826086742,3.094509079179749,-7.311411366858118,2.582608187733041,8.178810439078596,4.981442629215044,-4.680463478621537,2.0209280165815593,4.450092701966289
7.857161624311708,7.138481861463619,-2.205553955071281,-6.6292966535998685,-0.14120767450851018,8.741654522540387,2.4241871975879796,-5.0659921671813075,2.1608166752811386,5.912259418820094
9.094428957129898,2.5206401320260725,-4.9744851044735166,-4.395177003581249,-2.990576397842607,8.242561020383736,1.4189186330144632,-4.938461418577963,1.1991863824680868,7.532455620272159
8.854976165371964,-2.5866047178966376,-4.145456932463688,-3.0622561775713906,-4.612165564370997,7.449417552506912,1.3709640869610655,-4.596332932907566,0.2444012354822771,8.127004686288632
7.105691220998653,-6.060685814326036,-1.1607753885234162,-2.1907583261914603,-5.219910569530082,6.505359509559427,2.030912875579186,-4.537532711591068,-0.8247561614435001,8.024879392469584
5.146068470948188,-7.790578159727232,2.019544987167432,-1.5635443627532468,-4.8173521668845245,5.774442336557967,2.477032089017752,-4.764452363453826,-1.487036930925763,7.391874881544006
3.2254696956806885,-7.523645286428909,4.3495575732440575,-0.4605007119417546,-4.423345083700758,5.162733795736969,2.7281709679474826,-4.89266894508017,-2.0651340607870443,6.680264035257258
2.022251781935942,-6.808117795232977,5.618378215897185,0.9872185579122084,-3.419702147395877,4.9619233924383295,2.959778101790967,-5.210332190671466,-2.063028591214461,6.0974847343951515
1.1028403249257857,-6.032649944394523,5.849000129736689,2.1610818758617545,-2.7861973425814632,4.700544981921065,2.920382691549244,-5.342847618207414,-2.526857469795519,5.635948743861503
0.5152430938041652,-5.255665026025646,5.569894424283689,3.4068062800668955,-2.3818016840331944,5.23296702562161,2.409840538339389,-5.690839435421163,-2.536819993295218,5.1338315966738834
0.6867610980011957,-4.644831842086794,4.86392118521162,4.358377876441099,-1.9106717769488288,5.526601968065778,1.8789755966634973,-5.761631064845521,-2.7052640625705364,4.2741564568566
0.8299436662709673,-3.7965961259090175,4.2813892078898,5.2681511644795425,-1.0586676413907532,5.9759394479035794,1.060761709249344,-5.64644181474365,-2.7434030799035622,3.810536165367216
1.0836439814372547,-3.2519934770084813,3.865409333397962,6.202560623597404,0.33585879417232084,6.452128894166554,0.05524023009198707,-5.103088687623978,-3.022438676727104,3.373758423739211
1.531585788141966,-2.49894401811858,3.35953096233447,7.02577139989662,1.504590805238,6.23815934120811,-1.2248109341917677,-3.959243641206025,-3.254762550819715,2.801764812453394
2.0796965830554277,-1.7670975036490164,3.381215858042748,7.632545989834143,2.9071520698818833,5.470034484246114,-2.340885556259123,-2.3540361916295445,-3.3145056838522,2.1010570447333627
2.642103097867563,-1.003448997870032,3.095929181576198,8.606341699551843,3.7167104062412375,3.6702820279099675,-2.8635961660425826,-1.149165800475106,-3.126817273831383,2.1286036005121103
3.298954932852233,-0.22899052479603557,3.140401403688384,9.31091221775184,4.151233940089452,1.8228398796457081,-2.7832489521426282,0.28428409805156074,-2.353414526439864,2.108643814449854
3.800742421633759,0.5655669260342873,3.452572150134212,9.975993036088726,2.984727420500315,0.004477956540079201,-2.274205134313865,1.1877867610985258,-1.7244358847274728,2.0428234763609794
4.4132171653873975,1.1433768896042682,4.115317429372043,10.333156172212679,1.3265224983582893,-0.8007501629298653,-1.4941049531343091,1.5430043414568129,-0.9182367244901316,2.630492989565984
4.679752815522164,2.0848656088698965,4.853829682956163,9.786061848133157,-0.9637607348052029,-0.2863289041075825,-1.2351872813307072,2.144776337948645,-0.07385501107910494,2.706951003414517
5.452763336750067,3.035348425105459,5.700183970188509,8.919322803673964,-2.5546181096851637,1.0208444701383244,-0.42441795928568776,2.3523163883224796,0.955695101542096,2.9460849170796934
5.901473204631932,3.9383035424270973,6.239636842658982,7.147850553319151,-3.573617822943868,2.7303650881260344,0.6478845685563457,2.7636075527431267,1.6492308409980403,3.4568199606885255
6.59765701274053,5.049917012262603,6.2006607101550095,4.580412407570098,-3.581293468369239,3.90719105569925,2.055572090166358,2.9659745087818514,2.6900216943712523,4.2520891881559715
7.319899748225322,5.590099839412806,5.255031842661561,1.937508685769875,-3.358217308384814,4.130111709725201,3.700304774406937,3.0142839146384244,3.130217691156712,5.198719340364995
8.01207967796865,5.7220395307116085,3.7381646842071072,0.41075355771216837,-2.7223188119179964,4.118783103131263,5.477414020788736,3.465924602871284,3.6759768229392003,5.926560519556478
8.56722701661088,4.304416031756973,1.9203603446397575,-0.052974520720204504,-2.146442614517798,3.6876010502146968,6.634838292083089,3.8528733694546977,4.1186988841258945,7.106633047636092
8.28267649755897,2.0739913348072037,1.2524792976977048,-0.03852683855217899,-1.473153142273277,3.2371530095851533,7.95103952496038,4.427958779807477,4.3232961049738625,8.348492783041072
6.732440455137736,-0.4379436708930378,1.1199894244709967,0.30957484479059727,-0.9537173612159618,3.221228664070388,9.0500535275246,5.3300108863455256,4.763582317465754,9.006235514704139
4.127004214255499,-1.8283342134791876,1.9591022457002383,0.943114003144552,-0.4394756228442733,2.971332174707187,9.873260002316236,6.423021040515501,4.898220221277412,8.855101599482097
1.5135904802097229,-2.1445915948862884,2.4218240667609305,1.6806477917434812,0.2206314621615954,3.3592471505334496,11.059821575889957,7.4078695997676345,4.549315610935514,7.950978207264176
-0.018150639240808217,-1.6581908191140642,2.6959739606754383,2.227216303795363,0.71229025858393,3.959269884959417,12.189374155172038,7.735856929161166,3.167162635288901,6.7879141953575814
-0.6013786521300362,-0.9398167987114203,2.845224286617471,2.961064871402756,1.314797895534874,4.86472778711474,13.415770506625677,6.327375883436471,1.1927973958378693,5.981548331496807
-0.38677412577070214,-0.42007021161088126,3.196466977048156,3.716768612930534,1.9974261941729512,5.939682218345354,14.116349004929498,3.317040653486306,-0.2007539245489554,6.396852177749914
0.022441425099187645,0.09888794444474049,3.378290483297272,4.317432832321097,3.276484169594619,7.288510895600319,13.25681914450545,-0.8280811702319042,-0.1312907376856019,6.31136650185383
0.7846638530740375,0.5323417255050151,3.814561034676047,5.359476417674593,4.424135633768451,8.762459704410094,10.32056918571157,-5.046313334247879,1.1065685672113905,6.467493364053959
0.8274413977062459,1.0471557306303154,4.518951643068514,6.456303715248102,6.086195230285764,9.388307599788808,5.076301373637544,-7.139311800645229,1.688454311590544,7.269915660195304
1.3179384885810275,1.2741146323931956,5.052069725177929,7.907293301988982,7.8355950189974015,7.628874375547562,-0.8382559409082739,-7.30690599095458,0.18468297377457663,7.9299443488268455
2.712806640495434,1.4676239130456055,5.76122271407105,9.83511511523538,8.063917795916197,3.148975212941128,-4.193509980285002,-5.423135507354938,-2.676594791944457,7.404630593740395
4.9886210153963235,1.630744114681966,6.5933766020052005,11.438176764489103,5.289871374136409,-1.4853853602704241,-3.9050207180541103,-3.9771419859418997,-4.573483387831863,5.963658625229432
6.820753271562379,2.7223896391888887,7.204955320983853,11.433851995840877,0.07075285818513605,-2.984528813106993,-2.6099249088573706,-2.8646381765784814,-5.032750297680556,4.052356372956895
8.205839896922843,4.707851764279706,7.86141405675502,9.233815117640031,-4.4995428104121356,-0.8671670370375583,-1.8741448952960484,-1.696389468288458,-5.051182065235325,1.9338476460538472
8.871297034147604,7.949860035267658,7.507543223619179,4.676341966464259,-6.238276942369345,1.8555443036922172,-1.2100296956488523,-0.740601843177535,-4.431157232590268,0.031069779137455594
8.361461848767897,11.03126164623253,4.3822217020791845,0.2989001458312124,-5.9120107733452105,3.2441064077723287,0.20874137575540497,-0.007010391158052687,-3.853077867524412,-1.3539910166648637
7.147120269210044,12.435193344862782,-0.10936034425559565,-1.0218954060390095,-5.123359029847228,3.0655060114513804,1.6135707703358586,0.20619006805626366,-3.2050668753816094,-2.0920990654984215
5.408129370640412,12.360713028133787,-3.3946202239127956,1.215899833201608,-4.3874921460174905,2.866479695523458,2.5880857000478117,-0.12529869778885314,-2.419488738383199,-2.346850693683092
4.101308027171047,11.846687841299689,-4.153407267322828,4.952973387554128,-2.51909783238676,3.207767202801208,3.447146886876176,-0.400279612592636,-1.8701024432239226,-2.287403173860154
2.9034080135178493,11.584955952304563,-1.7920049337484536,7.177558443608575,-0.06272239226143969,3.5416412006201368,3.8847725663404886,-0.7662999244040773,-1.1606529694774503,-2.1034497814450597
2.16414590433316,11.76859585412174,1.3960922083308134,7.112858765619065,1.9123372384933932,3.7469299000885856,3.961968380619689,-0.9419107476161904,-0.30140111991430685,-1.3975382050122784
1.9626453299879794,12.136401140247793,4.321646287599642,6.142826620139329,2.5915215664920894,3.7658770255544822,3.47798483455679,-1.2445733601986775,0.48792723280441497,-0.9563337545402153
1.848234502455652,12.534311124056257,6.492045926019525,3.595340038752965,2.453096538667457,3.955648591528023,3.135081004002244,-1.1283540249431798,1.1767834683018537,-0.33588840755041016
2.352999771998868,13.014337350068782,6.505480495989612,0.39152973321289813,2.506901052668292,4.3795360021357315,2.757384325034827,-0.9382934171335152,1.6247265435128795,0.5821335341529215
3.2737368657554553,13.8040670297727,4.191072852319162,-1.8717410774567158,2.9535755662192673,5.14078296827244,2.17621755835789,-0.6967114667809559,2.1958048818726454,1.300154385333017
4.546669269293316,13.595201847989951,0.17118175545454725,-2.710262483924031,2.847688287702112,5.899794980728145,1.7757629060546274,-0.5798813847078634,2.714235827003204,2.149624124063872
6.324895525006642,12.057304911489876,-4.073017555012779,-0.87987099184392,2.535168876389336,6.812235491949582,1.089986667567138,-0.4165820645732511,2.8842968398321647,3.4283676308885473
7.783367157230057,8.540712614842459,-6.875628819894905,1.7355368042344888,2.9184798651867228,6.7994339439254805,0.6262710489563795,0.0891012241924936,3.345440695782225,4.787968326162037
8.503881989175227,3.3154345721105543,-7.901662794227739,2.6016862381354655,5.1431098358693275,6.664705066294935,-0.01944193545674547,0.42585381774680964,3.750242959330592,6.816507526792438
7.407585202779663,-2.4981452106299917,-6.970880866792338,1.0413400531328236,6.448610279086004,6.10865496602944,-1.1339369022124466,1.0122982543927366,4.376067988680229,8.162530371887236
3.4602517502526378,-5.9251534405337205,-4.809197829399479,-1.8078997897276654,6.552412248482197,5.649492778721253,-2.1828234401316444,1.468080172672913,5.140934745131312,9.37647667540361
-1.198138430433134,-5.711213166133324,-2.8788731900076088,-3.37645984986537,5.611338602582493,6.116611095896406,-2.912905456245857,2.067479750309145,6.25156418450322,8.917413877659962
-5.8386615677680895,-3.3027467902732672,-2.2713915698089533,-4.060478181140813,4.205307894657318,6.331136177215078,-2.9288174841030896,2.048905930904745,7.628636882338578,7.010805331738447
-7.484071388700315,-0.12852215983533155,-1.7060205250177152,-3.8679184656318197,2.42877560821648,6.693680130227882,-2.8637654559295083,2.219025870828667,8.76255937159405,3.5228793964415654
-7.182055786884248,1.4822763361876863,-0.9900761552963258,-3.2342159585239427,1.3946082992086348,7.05637050644677,-2.0823545799261183,2.4394835071306384,9.145144925516368,-0.7322648815567971
-5.544913187328446,1.5148666539789262,-0.35175391546514223,-2.5350435808669,1.0333851133294856,7.378517817970357,-1.065658758655682,2.7760069553668756,9.24640065086166,-4.154133274510447
-2.4831988892811854,0.8021197072733333,0.16150658108211904,-2.060598513049931,0.46213971239945206,7.509397867157013,0.20570781244458883,2.9772421579535737,8.649825097433576,-6.277445282101252
0.5898627617874275,0.7632581301485879,0.6561265740244915,-1.3600774441488483,0.45011022338822837,7.5138137604372215,1.9343960205556963,3.295989928438354,7.5011424509886675,-7.312722244195123
2.7713396287959298,2.0922403038775665,0.8695183137893883,-1.0767342351543712,0.458666857059211,7.968606214308577,3.3105271271333794,3.415893337084754,5.879581731156903,-7.096458863905696
4.048569023830028,3.6802019634542065,0.9107958350293561,-0.4667526461134207,0.7116651564613005,8.040082785161033,4.70985599560888,3.245934317821057,4.344326767795778,-6.224466171020703
4.006252673147813,5.264091945738442,0.2629795667101757,-0.03929702028967251,1.1457083546020683,8.298221435466006,5.854349907063775,2.4696274547414623,3.1195845694007978,-5.224865554115724
3.521656044773187,6.310097655986245,-0.3522682571082385,0.4244175825466965,1.6713954384395968,8.684570024283769,6.130336238372611,1.0065891236868143,2.588834052180967,-4.160483079956003
3.1263868516813624,6.895355696780956,-0.7028870587098889,0.9620214083329575,2.417471741617435,9.299430838954935,5.522446881617306,-0.34169756647690697,2.642857484545305,-3.2288075730714825
2.8738079879599034,7.379142806592463,-0.8234987486807485,1.5901517103778602,3.355538072675727,9.97752399849862,3.8956296229779612,-1.4445810405237105,3.3406510489024823,-1.7336524899634986
2.991106536198585,7.458851392433456,-0.6362144647714864,2.1727352656659895,4.665637719209892,10.23397145008027,1.460985428936199,-1.9329684169713999,4.151781224828663,-0.5240535388257053
3.5516551111238392,7.632302388253508,-0.3946653915078671,2.599829547734067,6.023453183457554,9.415085636718878,-1.277077863769537,-1.1143969076325735,4.447782331730707,1.1357941235719726
4.088322326856324,7.338704190698567,-0.3300649625300608,2.759727871516923,7.327231841335867,7.643932617735483,-4.115068021365147,-0.08539714917151534,4.543027937834613,2.6274181337025837
4.8336009681948084,6.657798384206054,-0.18312809984048822,3.1097674365323504,8.498682409181736,4.790740740685263,-5.736827319370453,0.723166014452826,4.930298435108729,3.8404757791703075
5.178726775999662,5.616554781573743,-0.24142331990405008,3.681327955348216,9.119976158372843,0.8599326737821478,-6.1181016662557015,0.37075409948945093,5.572207596231475,5.300098431466305
5.178834756463355,4.271066133406031,-0.42059513852659225,3.8196686392307235,9.013612786677353,-2.6001264581323733,-4.692814324045275,-0.8727929609129111,5.607371788983242,6.942005237035917
4.7516354950434705,2.774559995860507,0.12628455420989626,4.201961652262887,8.2405583083455,-4.988810749339,-2.1852723501574305,-1.9280186308731848,5.12266434526641,8.700536433860336
3.670738018126622,1.1459666591824849,0.49140401887456014,4.526917037813943,7.3062116489548385,-6.22190353345991,1.2182542368298448,-1.6560716322453966,4.291574082625347,10.210866331415504
2.0692718559676346,0.16315494061539523,1.160839964062934,5.03794013234805,5.711086062134722,-5.997688637043708,3.7848365938272055,0.497598626967352,4.233760345385665,10.971320789336302
-0.17777560245529406,0.0937478350756519,1.7633630747231825,5.675527162130838,3.781460107799365,-5.694603145678225,4.946104041625383,3.114406547741771,5.0543731246906525,10.713180243711799
-2.118246580343268,1.2724562554771717,2.207246931042618,5.940734127847467,2.109034478716126,-5.007610115384203,4.750304440737635,6.16368137279036,6.5790417521893865,9.011131104107768
-3.7691306114831638,2.075726597345953,3.348768100842456,6.073645992556666,0.40506763838519355,-4.185054936354375,3.6432357137547604,8.892119017549811,7.869708057761827,5.205628636090214
-3.640753889875906,2.308959533306685,4.682462604438645,5.6115846277770265,-1.4131923369803763,-3.462727213897475,1.965208046469594,10.717540185893293,7.88253551262418,0.08142283117122676
-2.47378636770663,1.595012483911718,5.78371704703961,4.904370962619361,-3.0557792829548918,-2.3288902908246243,0.5807204144639248,11.257799246258788,6.243949478245073,-4.3412818874786705
-0.8699997348825127,1.200376399050299,6.366998181835591,3.527038654365016,-4.0245636514430885,-0.8745706168691608,0.08200432282577294,11.136702249438681,3.188399562107944,-6.467825419555196
-0.037075976529201776,1.1700570435711255,6.743067987894748,2.310523856263831,-4.3607201200957375,0.10996699863042825,-0.02583456843886482,11.0791334128647,-0.2736364679804396,-6.591986380208688
-0.5124563721709657,1.6005927039117593,7.07156853650185,0.723669507876069,-4.086953739971372,0.8546535970048831,0.9453123466404416,11.140207639703137,-2.9720307607946452,-4.834815288940321
-0.7808857176333392,1.3558011287413054,7.4641907206908025,-0.39686520912964585,-3.343845467022592,1.044081108709351,1.9629471967361216,10.66304982435494,-4.8821944444760055,-1.899457106733491
-0.2569579779059751,1.486827791485531,7.241250975446244,-1.7027232767187437,-2.395040671522122,1.0051146303885663,3.2337384937845233,9.88281343142036,-5.469383858463934,1.4898922596307729
1.1464313862514677,2.1090494223341794,7.387157555726401,-2.283410490493948,-1.234823295595637,0.9122354284044437,3.919169247542633,8.665467426327941,-5.072646683245694,4.4708274806704615
3.3434692440856226,2.6512819151936435,6.909916167546692,-2.6675076311976453,0.215842933557134,1.2292989281183975,4.771790926751522,7.621164390583945,-3.904235740311386,5.823412405290447
5.507029907163859,2.9309032912671,5.909420382960271,-2.6482825612618717,1.5081097363329894,1.9404358347020967,5.23825853190202,6.427362607230233,-2.773869003391471,6.533413804035003
7.520858795864829,2.914876112765362,4.881968513026647,-2.2299143379950186,2.207841431312771,3.0934891028180154,5.967783101236809,5.256253178281189,-2.186479673807873,6.566239128367858
9.053602026248102,2.2964987625013937,3.663858367318073,-1.8734826239326239,2.4966475859651225,4.378776724636987,6.636540112111484,3.9490281349633474,-1.250341251424757,6.6385032289610955
9.862401956363142,1.1508946978803651,3.2091935432387113,-1.2804180303130006,2.9200553732892973,5.6659780050123425,6.856310144108141,2.26793478597763,-0.8227601817979829,6.376705172099256
10.364054168925676,0.12553976783238813,2.993231074151548,-0.37092743375887205,3.0737014800182085,6.979255719163985,6.455016123673579,0.19339301561415886,-0.23670585594670868,6.416774651109533
10.152904897174121,-0.7974341874356421,3.5935811399661155,0.8037554230159341,3.31164623777253,8.258097038379626,5.262076168891257,-1.3231897896040623,0.09673622982304325,6.580381349014183
9.736641412852583,-1.8028510196094625,4.508415925045111,2.2559578319915476,4.023504031841109,8.5130941358495,3.009838544164102,-2.6438267988517143,0.4591198602123074,6.7130979076576525
8.855161579810865,-2.1038862050867624,5.336312359896846,3.9214705988681033,4.906600517141145,8.610459385731543,0.4645623217512502,-2.6019994616994206,0.0734179350099284,7.030393908072343
8.139488595929702,-2.1237883481749678,5.784097167250415,6.2908212659263265,5.599291475138189,6.776395697555077,-1.883613190122826,-1.811012739625162,-0.34131314759109166,7.385489184540145
7.7926708179083715,-2.0279321127988927,6.0984666981924,8.848339039711943,5.565764478598282,4.2719965106201165,-3.4708002080663425,-0.509180189421832,-0.11687482220734322,7.097180909686782
7.225999263634649,-1.8082708817817248,6.095616952687257,11.017573215055126,4.023008044017563,1.3158803372631207,-3.2880211489493667,0.36812996552662935,0.1944935890897072,7.391724209918338
6.828214267356142,-1.694573028607821,5.861386166442238,12.247918850367707,1.197058927039225,-0.22507228915735836,-2.538158974055899,0.8947478035483483,1.2270839828817017,7.782061615398646
5.538976707566932,-1.795642364077808,5.3006009366973545,12.519834402555242,-1.9408375354934693,0.5903949059153182,-1.9095863019528068,1.2746375205429883,2.1962783281271676,8.113006282364207
3.8199337658073347,-1.7042695751911547,5.040220809673535,11.85964595392736,-3.555540819895076,2.893830348751444,-0.9320192932672604,1.6389880549625526,3.025741305063072,8.776619901417174
2.0593950222928017,-1.8701132498962316,4.565595783885087,11.440803747409777,-3.2549696370603267,5.462730560176213,0.4243371925368472,1.8359241111011022,4.273067336783151,8.760923614721634
-0.4896594209649771,-1.4116400836737197,4.078582462478563,11.3127163510851,-1.5890400732192602,6.788226986450461,2.42513495596196,2.165912716233516,5.228175857292691,8.593458226723437
-2.6169245106851036,-0.40900484578846413,3.7408730158515797,11.120342770923832,0.783559752440714,6.9501178443963445,3.844029506555264,2.465282002934008,6.007891643094313,7.528580518720358
-4.183630364822978,0.4542378992610704,3.9782511043440754,11.589469764635433,3.2143181276593915,6.772058632639581,4.307970553153876,2.542630627701966,6.573567820793556,5.75138923386231
-5.027435120348191,1.0278768875366315,5.031568973800011,12.174886965635782,4.16323785929905,5.389100853489287,4.053977984806558,3.258656631394372,6.649591111136912,3.845874278155514
-4.6539132197101845,0.6380776187678188,5.960123022526224,13.128994957752504,3.7639671185077512,3.6436159446511147,4.375747269147608,3.802423334893256,6.475980947793466,1.3850336684569466
-3.9769698759683827,-0.03351071281922549,6.503697327805183,13.858702495871198,2.143016643176573,2.666182386152397,4.8160195470225275,4.884283963321564,5.7165141662518755,-1.1106373508223766
-2.9006167221699903,-1.2214096631160016,5.998965547686936,13.834920200239438,0.016937914718047065,2.6228377767363633,5.647316081731604,5.803823555783487,4.173229241076057,-2.7311880232286216
-1.495012716430195,-1.505202731966024,5.304674158626596,13.969031858728648,-1.3046810331815,3.234999121328234,6.750810908898106,6.098231837491642,1.776586663053369,-3.084402315543461
-0.5277759006338867,-1.3708535506396065,4.5871745005619875,13.687757110807743,-1.4090084179779594,4.096497611711432,8.217651221042573,4.906365088306247,-0.5471276075252522,-2.8527792373662373
-0.3853138024415054,-1.0746256901165498,4.132316815261567,13.433485279760896,-0.8592799683236899,4.589568207773094,9.609935482291055,2.6570139421879704,-2.400239138819293,-2.0086379651957342
0.042067933682548866,-0.2151359260999858,3.8644915669309947,13.3517428295094,0.1504923535436103,4.95809659392364,9.939523196345164,-0.38040440714578166,-2.223941426129778,-1.2040742112096563
0.5877883812248479,0.09727053663180826,4.193928930081723,13.478920625087053,1.6110488944784578,5.173772683599964,8.917880301496798,-3.1536489985159277,-0.6730653900419298,-0.8347887514875754
0.8072556777268067,0.8618852953448671,4.829792540221925,13.560305792198063,2.216792064576938,4.814220695843089,7.8030205578679155,-4.4417861244831895,1.4716712410979595,0.03817252734414535
1.419048120330134,1.5021343811253405,5.84384543870331,13.529024813913548,2.070192865175992,4.241893746078303,6.222738944295763,-4.45235770993392,3.414415982298589,1.0291702328159515
1.684058856290741,2.3809123119431908,7.290703234070101,13.443797633300255,1.0618607080397153,4.238244218150386,5.184771981896087,-3.775987860396335,4.4913385602630935,2.580560278291043
1.7358847954428414,2.9630476131017227,9.001910157342383,12.248452904636313,-0.896888433606291,4.2389189275028105,4.652057836534653,-2.8035291763334858,4.911167451560053,4.2840247289892535
1.9068917703670125,4.028464818325778,10.386227502287216,9.410929098104171,-3.045384111188162,5.313760413954765,4.9943359997267835,-2.3098924733963035,5.279418426933735,5.6244670038861395
1.6693330642054063,4.568703765637148,11.538300498724078,4.964795827373095,-4.50268402999216,5.931838974597975,5.94015266110865,-1.730907205284212,5.316898075391172,6.892122927781892
2.1362084489220172,5.22430175276179,11.56771350087295,-0.14068134075328517,-4.368979512265012,5.1614409339682705,6.852426988490902,-0.9861118133812942,5.638995838466257,7.8556262790419344
2.275884315647506,5.713925637519453,10.029131544005889,-4.561557798031182,-3.0834369581179937,3.510152120411356,7.611787091849876,-0.08869257211060891,5.715745980450901,8.734964618773173
2.5003476426629994,5.995756751275473,7.804191127961666,-7.24437530436606,-0.47401359359490713,2.6746970690737464,8.18398601254448,1.655694509641391,6.161511946543642,9.097820960772781
2.9211121820445096,5.685561424295531,4.507628208126038,-7.929833617756316,1.1222415358343458,3.5837105144838244,8.515717616199352,3.257951813464401,6.279092997740321,9.333340505974364
2.832085692590018,5.080924737651008,1.8876927443917206,-8.136306495133072,1.2899627638035955,5.169158004844771,9.151130486419085,4.54318940419466,6.3448312670757225,8.947192568879945
2.3061671901133582,4.205612764100277,0.15839196610753856,-7.018960111874297,0.23481607558874543,5.805272906496288,10.429817539148086,5.556601205375966,6.502950989599612,8.468728821087124
1.9643681977895227,3.835511100087226,-1.3546413371334307,-6.108244153943962,-1.5834554292383813,5.722801528390333,11.953268523197117,5.683972742269676,5.765546697365587,7.235793618942984
1.839693070000723,3.1653642832801263,-1.992166090307157,-4.837614732808279,-2.711718576288487,3.631574919951111,13.92971638768231,6.243288794783121,3.998785357424544,6.355956869745394
2.1423968522277907,2.8135895612997865,-2.2351940753673603,-3.5267041434977484,-3.127903014785905,1.3454999615931225,14.660018245848086,6.788087885006925,1.6636891038606587,5.917292963768358
3.169629282779772,1.919559192426944,-2.450392740781228,-2.3242968186613884,-2.8286026985660846,-0.859605333272468,14.580605765266261,7.094286238606946,-1.1550798848992827,6.113001474388612
4.688866877664336,0.7438362086862516,-2.214116141995224,-1.3330313997626217,-2.4700243808753877,-2.178173504104528,13.56606017053572,6.866163919032719,-3.078177840879534,6.62455661506127
6.206715649040713,-1.1013397129952662,-1.6229281792036778,-0.7008620930530268,-1.6355549871910384,-3.00384721230554,12.26441102701988,6.1548592839972684,-4.374449018256607,7.01129152426932
7.293167786301276,-3.161204235248423,-0.12831744088419686,-0.07404907432413868,-1.0750256049854205,-3.043837047407635,11.165715330956884,5.489099984609129,-5.090850853375197,6.970046559169892
7.7909384178658065,-4.684639877256015,1.7083144498261533,0.6373027330676047,-0.38788236893182704,-2.6799075126090997,10.18328785528566,4.344066359344949,-5.491732359639336,6.370107853743372
8.08253901252671,-5.269145352964176,3.9372813587008064,1.6782561925134707,-0.2412365630570947,-2.2411338516797548,9.793938126746479,3.3267172386622046,-5.48649142320426,5.445903018194122
8.36719017110674,-4.450283739715196,5.525862344175086,2.943167111314301,-0.6626703670304526,-1.8653899122914026,9.48702362704417,2.139346416517902,-5.468092811317993,4.346157181626432
8.690424665756858,-2.5486875432514924,6.6798440704845845,4.301825389693512,-1.5078455056375508,-1.4459588012372564,9.29838047285556,0.7828235402416629,-5.213970256488443,2.7176579764520103
8.812530009735955,0.23243865021646226,6.924052233413891,4.296975538510112,-2.7998068999755668,-1.484252990603578,9.137029132435174,-0.08036457616985486,-4.344716569899432,1.0914707059737747
9.124944562779358,3.48044762096168,6.711273134032614,3.0076005935525996,-3.7158690707728494,-1.7459466851341658,9.078125471593962,-0.5211113677559374,-3.520972448113011,-0.34483644488495735
8.983976973327112,6.980490025312792,4.869431396618747,0.5217465127650243,-3.335846405613744,-2.458729674425118,8.533192397642429,-0.6329585861516904,-2.413256973521795,-1.1531822808137588
8.240837293652364,9.002371898800694,1.555707340998801,-0.5920204717135218,-2.8889826475022526,-3.1810046598534387,8.36132534994327,0.2402204960015113,-1.7245833437914952,-1.6418643332337384
7.4467245597330844,9.672266573536158,-1.9008532477248636,-0.18351064968699687,-2.031564618912495,-3.639389913034328,7.804656452984348,1.5153316497121854,-1.5431421502039986,-1.496509931851845
6.735382773703816,8.939961455782015,-4.253425284162065,2.1040272664963044,-1.5374629494145624,-3.4910937146264422,7.298009648953074,2.649793802525349,-1.8644060473762119,-1.3561312150398748
6.145802941730561,8.03522977117778,-4.930792610410258,4.712609644330784,-0.7983860205295911,-3.1870859992545446,6.646516009770522,3.5511133576992804,-2.4842710217872743,-1.13474112507169
5.829819615230582,7.217563735334699,-4.203877971604953,6.292738224009241,0.3206678875994291,-2.496269531152045,6.363488073367098,3.7183918151501,-3.2994895268687627,-0.9492646530024661
5.62729796823872,6.6490089943132515,-2.935373868788691,7.88029201598413,1.2653880783470508,-2.052720963398689,6.190824366696603,3.5144456456399173,-3.8826079196947294,-1.011415394445105
5.187942001107529,6.378184441106941,-1.5617208353714145,8.58430927434063,1.987489546262265,-1.5273098377106844,6.276143486712815,3.0158874021573925,-4.348135112841782,-0.6378907524759037
5.4361326141598845,6.402811815945614,0.035470777236627726,8.822544392277548,1.9482136474547316,-1.1957526327940613,6.237948300067943,2.5733951233945582,-4.473986411186671,-0.6322334668455014
4.932988611555721,7.101147335525754,1.8069541604539527,8.63020961250369,1.375329213264721,-0.8863948254952367,6.574644122744804,1.6422065436830882,-4.615912570129606,-0.903628641995572
4.372189778853009,8.03308942502547,3.6124490875342943,7.668683285360478,0.40723869336901425,-0.371961671335279,6.767034990901653,0.7426328691729556,-4.507110744694664,-1.1651189994792637
3.982208528415462,9.390501120146832,5.004339128950423,6.084077488598255,-0.5979843449872189,0.17220244368599852,6.771338561066432,-0.06331783157424603,-4.013843997838661,-1.3952530080935923
3.3922163660148184,10.670767441337247,5.853382097364894,3.5079631652026912,-1.2187638813762787,0.7087176590737452,7.04443596808433,-0.903573641985249,-3.0128669083614885,-1.3498341875660516
2.4632789324510513,11.638047505160868,5.283125654161447,0.3747830039729111,-1.0328768274257436,0.705101972125703,7.061332252347892,-1.3596421934036245,-1.8815806462362468,-1.5469167776871884
1.7586982807033857,12.108267728066354,3.5505052211616,-2.1952469395520997,-0.5210572326147109,0.7443770116112572,7.194450993552103,-1.5105587080894438,-0.6385563695797474,-1.2904934124505143
1.8771754996752512,12.415136958923423,1.1951026151260267,-2.8277001616530715,0.3621405882054014,1.1038426180044503,7.348889123248326,-1.4233045281339864,0.4316841319910694,-0.7407105439578192
2.2449932553983705,12.242536040435512,-1.364007641586217,-2.315634182949513,0.4616895457595634,1.98055254785385,7.402423539721368,-1.0840705740712087,1.375840287544664,0.03203847575595715
2.6769793306261165,11.863859486751293,-2.8471921244155625,-0.6413168857382374,1.0404455869736653,2.5246316144336802,7.151251322031243,-0.852330550549741,1.953951387542553,0.7537579020241478
3.632039265159104,11.20093088661149,-3.6766662325845547,1.7743641775425687,1.4515933071090967,3.5457677995577033,6.982542960064531,-0.6325529585284576,2.6641413265136067,1.645574696392937
4.596254326707791,9.895442102474835,-3.552584162641887,3.753484536977559,3.008391599726114,4.150375794514605,6.915048286297858,-0.14103052995809456,3.0011006774242697,2.589199333054502
5.860527774612947,8.248918332076965,-3.3802137133986623,4.871981814089934,4.8192303157372,4.872221645333117,6.206761434680056,-0.2460571067599515,3.453768695058599,3.8313777167846634
6.773989004737818,5.996286682569201,-3.229954448698806,5.276101353066358,7.221316432414041,5.134967881398166,4.646679067314979,0.02416903689631166,3.673860577051052,5.231168703175393
6.995368768623101,2.925446300138874,-3.0040958223174234,4.799296560016144,9.390231018056364,4.997353290382132,2.8908415839227914,0.43919651976325585,4.036551680183765,6.755496315505532
6.175628784330761,0.14592566458575218,-2.5853897771117147,3.96335467073229,10.92755003708748,4.022271999388754,1.1742315108759076,0.8019177903443419,4.591468600042032,8.36586896868624
3.7015118653192904,-2.18181083653295,-1.822873878926395,3.0883298976017524,11.949790526337924,2.454978250521433,0.039206857579783046,1.044917101343365,5.012134796267612,9.280206614277786
-0.033450368017940796,-2.6769476177101437,-1.0433724754188447,2.3026393393057334,12.222676550974361,1.193989575209077,-0.5332942265552886,1.656621992506371,6.123596835299474,9.357285215993745
-3.368982284616235,-1.2186782967739058,-1.0723687459208429,2.0366173016213933,12.348954218573185,0.13866687394942268,-0.2693563059363006,2.0239334669243436,7.074743975665801,8.438986513551088
-5.027246944464098,1.199814824998319,-0.3720287342547446,1.9050274668375065,12.36510052031834,-0.4451564065689727,0.4833345927507765,2.212159834333786,7.923858109430399,6.049361110701992
-6.036886472915682,2.653829178315726,0.8844298181135919,2.0695860681134355,12.029368046121588,-0.6536260894811244,1.1641885798747678,2.9951385055747353,8.402687938711725,2.8101581541954213
-5.455657759344136,2.917806817474669,2.2823301222055132,3.0920846832771214,11.61279257935964,-0.7968969713489352,1.7754566807967387,4.062706453911368,8.622693935484154,-0.7142895681875515
-4.110967971504513,2.0759972191283484,3.8672348828592407,5.016774723231929,10.764500881384583,-1.232215725072687,2.503510864834622,5.294646602314508,7.535405352311369,-3.890304461544844
-2.136356861952974,0.9229849907147659,4.672753646574263,6.901732403212711,9.00578706666229,-1.9941478020001078,3.1790336957239207,6.67486524147623,5.324161532029256,-6.288135529458357
-0.32208568131695064,0.6508492381627112,5.401288623110361,8.799267550660957,5.77951653081951,-3.2240276023495458,3.507196755016607,7.960630361092394,1.6816434654935961,-6.84314686674752
-0.3627072431162328,0.9772071903894644,5.903532748875781,9.774302585804056,1.880261940963282,-3.639539672186332,3.1578566701882913,8.648530125899638,-1.8904016830986392,-5.97358771262362
-0.7920244506308541,0.8537182846324944,6.532455190892871,9.348475230363238,-2.5668744606149496,-3.001961146618417,1.8993417810568878,8.706505547462482,-4.426392404161918,-3.7811011135497488
-0.8450670097827527,0.9393217856782662,7.170073353984073,7.868351589976919,-5.500625813771306,-0.8246432978824637,1.148783381802752,8.675317400123806,-5.390229260959172,-0.6367274408794159
-0.21451433346861679,1.3277764666946341,7.828307775590984,5.015005804461095,-7.141559875288848,1.010005073648999,1.6270479402203741,8.412352848986467,-4.841907167669631,2.056557318524077
1.3106625143482602,1.7404955706248426,8.137156825900165,1.8277328061504217,-7.317927464677988,2.0556679074225124,3.3806369149420563,7.597757147282551,-3.7604784225516834,4.2402577771301395
2.829076765931527,2.4762567903917616,7.8417233325475895,-1.3964064104095553,-6.535767166243168,1.0727841823791142,4.9736039415150834,6.630711018324437,-2.8613802477979067,5.301544458504711
4.805649291020139,3.221131291348206,7.005298484406622,-3.8908923055675038,-4.6039389270260855,-0.6142199309146602,5.059761079167648,6.436304293606934,-1.9825348198562,5.872422294383134
6.545917837960783,3.6534240101912996,5.417733386930204,-5.474712022491451,-2.123079386577619,-1.8533048922871063,4.563072322566958,6.35779732065713,-1.2371779522668582,6.113853698848674
7.982387221576558,3.2760623058604885,3.5742125214542515,-5.878592473222185,0.17269800914620778,-1.7840676599706784,4.258735170477104,6.990129311502426,-0.3311209214726637,6.277379973352465
8.693538076970428,2.0685445886720433,1.9774668698278361,-5.134078694353706,1.808494666643996,-0.46922788595813647,4.335914805644625,7.450105932209485,1.0099494398633673,6.340334586023018
8.599003175785707,0.22632236119297688,1.4941941125108507,-4.400885533474338,2.490129143053068,0.9890045393375582,4.599541272424268,7.674790920578109,2.166449150318249,6.836636183598919
7.682889643439102,-1.3498490043213935,2.1919604846127045,-3.300205657585792,2.854186793574237,2.717490259579892,5.240486862370265,7.980445756575075,3.477947716646717,6.900157196885985
5.856583836333083,-2.197702042671311,3.262158919545832,-1.8638770777138598,3.1625014156035633,4.195368156803222,6.360158580787935,8.410594123564243,4.086440856888001,6.721997424470213
4.064659618240224,-2.070678462973426,4.268633470596831,-0.5216889942383428,3.2896830155495653,5.699871270098138,7.6714050357120005,8.09044446131836,4.38441569361182,6.408159788138188
2.6440432976043424,-1.7197568020708573,4.908929674647497,1.445511538282586,3.668873943872648,7.468672249782512,9.285242761556244,7.221778800269229,3.6264322607734956,5.75385595333025
1.8519323220055888,-1.2468675901841577,5.207341461527811,3.169215057643774,4.441203511491333,9.118371188309494,9.995528558386104,4.8189718094012175,2.5888303651346396,5.224704595483593
1.4025212504004398,-0.6908833525449968,5.2952108787398835,5.078287285211656,5.515560599252254,10.470609932604667,9.078291044349436,1.4955896554643318,2.195087400207923,5.284420799213746
1.0732660039137212,-0.15859186869431297,5.251981517236769,6.998540031541538,7.111548520619662,10.959707828538935,5.691578791960039,-1.1939363302711585,2.6102192315268606,5.547940775472959
0.7336845412693679,0.492429272282247,5.741026195775668,9.555804712928937,9.208281910692456,8.594741164911925,1.214708092787537,-2.094502569323745,2.7399007150483436,6.168900867377089
0.5008420789684426,0.8090980930782841,6.103399114159028,12.193028975740509,9.421219535501372,3.162446762188309,-2.035492176378565,-1.1812993289918996,2.6920531003169694,6.674729955268186
