T0,T1,T2,T3,T4,T5,T6,T7,T8,T9
-3.338851945774294,0.2980923662791224,7.323985508422138,3.6565465926033363,-2.1070000403206754,5.723166571260269,3.5587522742505597,1.176429595712667,6.153878914337849,0.579893701110317
-2.6844163287127363,-0.29813939188146027,7.650363310099948,3.3576013332931103,-1.7909878634375185,5.970098688427227,5.009811375631276,1.7158383940614195,6.0485155924009355,-0.5254900150165949
-1.6281350944539754,-0.7030731620071047,7.643612603727976,3.2193390602626866,-1.6288219812536837,5.861481982742355,6.447343468493906,2.2259644236590796,5.608707959942879,-1.07178356018363
-0.7531248103253015,-0.7722331694634844,7.650633999353797,3.1621738119827665,-1.404467358638715,5.652608106979721,7.544500538872468,2.3963264451452733,4.8007285135618325,-1.737545003198821
0.33417531896110636,-0.1846754149623333,7.51213546928017,3.274472625732932,-1.0791795223190246,5.696430274426729,8.923147182328584,2.2148974689143754,4.024593572097434,-1.5952422262280699
0.7762706628063515,0.43089902380445694,7.6722448080209915,3.385867367670969,-0.8657895175251159,5.533081003786236,9.613975433437059,1.7640308979902437,3.1345448216603584,-1.3954460895156982
1.5030986130939414,1.422269018183609,7.859651578430775,3.071695993474025,-0.8181393176336108,5.87301426692086,10.183811435680978,0.8522455707350042,2.9213129579885435,-0.7044119634012048
1.9058362053905138,2.5535966572036797,8.065520177049638,2.214260589732357,-0.5646675542145042,5.661116207061011,10.446629139389962,0.010675908613052756,3.142374739658528,-0.11256361295958071
2.3321477861593647,3.5004533551613046,8.107690260306372,1.3982890278080913,-0.17879931319942935,5.543986787567418,10.336318470805772,-0.775905766820224,3.5113774438035286,0.8437334920370654
2.777726652209261,4.686273731378939,7.926765590472011,0.21059514995447887,0.31563561840109305,5.88232132328548,10.236496203290445,-1.0731094851847454,4.227390261931421,2.0340621561900076
3.009047447633733,5.579232396455497,6.929027651842031,-1.1047821373565792,0.6714544517446254,6.269714837598093,9.705682969555145,-1.2337476802218017,5.007743783324607,3.2862360177374375
3.738401347560301,6.407489176133681,5.759753688758562,-2.3207383316114587,1.3099755041469898,6.96913775354009,8.877044725431775,-1.443766960615334,5.58166972065648,4.792943770451804
4.1314595887519445,6.525206112644034,3.9166219413592724,-2.870479421685536,1.367124988068266,7.81028574427655,7.916642846637744,-1.4681851254996754,5.9975507739310565,6.506145186172533
4.314669441349056,5.542331294901445,2.028701618400177,-3.03521543058557,1.160306623344386,8.50606727799281,7.211570080128127,-1.6231465014941617,5.94553329743293,8.33836362317473
3.975623067814552,4.25609199523941,0.8117014683382546,-2.533912522973494,0.40101586117321475,8.946084127772412,6.165882649155173,-1.7392916829443332,6.086230880883547,10.202194550621714
2.9531655851048835,2.676255458407498,0.20521272473109392,-2.174123470221972,-0.04202497068526848,8.92181212230078,5.522656864672015,-2.0132522377119915,5.664066196438665,12.003538418610423
1.3523317952418752,1.7312537752189474,0.3511222156220358,-1.554372723741495,-0.3785268054432205,9.135189018700801,4.631932650291589,-2.4519706154200334,5.1306516145071415,13.070876071412425
-0.21061674610758582,1.776058576631384,0.603144121495475,-1.0345941298693173,-0.42545072928797995,8.86133797115579,4.118912180858386,-2.7646690643517533,4.229700468985246,13.465426602867588
-0.7260488231951635,2.5250864278865963,1.2942331781287881,-0.44739926465146984,-0.1274650281089187,8.91184859952055,3.171147797193353,-3.0089202081584223,3.145995970412142,13.884418092929693
0.11197201586271703,3.177973124769478,1.5245976946119262,-0.19853257117869808,0.14772943857487197,8.869570926886649,1.999336784726773,-3.308855044237927,1.7314753660033528,13.932910383644204
2.232168928539936,2.919116020154597,1.8355389970400324,-0.07756765186240927,0.24515541206801783,8.985663462437156,0.954881644961992,-3.336160896614181,0.15346451181354026,13.945847561395272
4.518815426144084,1.388237362268114,1.839199605488797,0.34582626774795455,1.1475516517931799,9.037202011643599,-0.21430633994452966,-2.4860226863716735,-1.3799748383711654,13.482280703355489
6.008236696025697,-1.1401949888767422,2.2580115352145493,0.9577309409894015,1.942221736068637,9.011696831364333,-1.2254034197699206,-1.6019038902008924,-2.3318241834938287,12.535826068437686
6.31162823495261,-3.5179952046622347,3.104524628004628,2.0576267008563445,2.425025777345167,8.783484245050614,-2.2675664899348624,-0.17703935039200808,-2.3981827877269946,11.538280794462185
5.053775890328937,-5.066373551771803,4.058605764282637,3.6768023944222095,3.486552930139947,8.011089157176965,-2.5480054826572007,1.6292065420149935,-1.2713134905243124,11.140689076125422
2.5192680385182507,-5.53151067252354,4.0404513108269935,6.02985745751245,4.573679866106743,6.610886168062525,-2.674543953670232,3.0998650005626023,0.9170151842835768,11.010217094297625
-1.1359359590319842,-5.110924205524648,2.753243574862777,7.959286933633268,5.540846713417716,4.299499145037896,-2.4503351028519087,3.758480547803931,3.5918233119021394,10.765823704794919
-5.28046008977798,-2.943919872819455,0.9456575488998185,9.095559901138659,6.369388644356571,1.5023599347223204,-2.020298681791605,3.8423054313820337,6.278563905320214,9.115684550937006
-7.648251433161167,-0.1172317052150741,0.1434586276473045,9.074450268647754,6.346099282558201,-1.614021464623086,-1.546862095789123,3.566566721654343,7.885438351755891,5.53287059327204
-7.939925131736635,1.4940058303724262,1.191560808363908,9.172063982814548,5.083587568535881,-3.8054503802099946,-0.7688071792233931,3.4334350355611933,8.66966985295966,0.9937457204564911
-6.496911262253114,0.6567062077830934,2.706982898251657,9.412988682714795,2.175159078137128,-4.968736739989946,-0.04116500954024081,3.5206383204442906,8.790341879374326,-2.8932762576930253
-3.7585192240052967,-0.7184754009305611,3.187272436527211,9.566756714011843,-0.7909380233739863,-4.479103534153177,-0.39696806707957305,3.6968955449108782,7.786110345888316,-6.0183504132982755
-0.24193031514118857,-1.3902289214272787,2.7349989420634957,9.722151416357773,-3.5287659931558064,-2.751295433992871,-0.7839791701146365,3.656986405894723,7.132281616069421,-7.317751565102274
2.611617143570698,0.024913583574523016,2.5724103196462766,9.002521483487048,-4.6784848312197695,-0.05133504443961845,-0.6054060930586151,3.7959668555248403,5.8094881551934785,-7.33337829502758
4.46111684329942,2.2255679710472376,3.4447296793533204,8.256412437572278,-4.569869853387236,2.728172768271708,0.4302156376526839,3.903690130896207,4.857619092929823,-6.517295040766011
4.769527779989239,4.711816630252281,4.170390533776063,6.727715941402169,-4.161867972795113,4.289243608623754,2.352131854213033,4.316207374761703,3.450838866364719,-5.4709136585153955
4.394187935975928,7.323553980845133,4.968156595726598,4.753756401412366,-3.427920564670566,5.05259391616225,4.375078694628999,4.216099833904281,2.230160094576999,-4.7683669268783895
3.169859790551233,9.375384106152673,4.858845448991059,2.267875624367762,-2.718725421134179,5.121585180794711,6.34319715613333,3.521418280951803,0.8992295795862084,-3.887656269352686
1.8358333491442627,10.294492031854483,4.405490543028013,-0.1452473285244046,-1.8356798070081006,4.615910486142483,7.86711766694635,2.144845497477856,-0.28333783708432964,-3.374216402574752
0.7653997845011847,10.669627447321052,3.6817068930580725,-2.0107011568369293,-1.1765402427313911,4.084591601692442,8.54630783259537,0.21806276762577725,-0.5948869537781135,-2.6396660129603293
-0.47469745987837225,10.52245149786463,2.170129630317714,-3.222039476380938,-0.96778342708529,3.580670059119562,8.909153837304114,-0.9004416343187203,-0.016536860936078583,-2.0334040022497493
-0.6488406367903862,10.277046876329665,0.967003241695948,-3.624929449886351,-0.7720096632316282,3.6106557900791256,8.777962694811912,-1.6273566985695609,1.1269353192759515,-1.535705968324272
-0.5971377516670746,10.520910297157066,0.3122592811671621,-3.4203714583142752,-0.7256097281650594,3.279872923489294,8.761757191306296,-1.5242493024813264,2.4415808752719497,-0.9359960736081969
-0.2842956456440838,10.380559239696545,-0.638808876428116,-2.5125034442878684,-0.8617768511880979,3.3044436189915345,8.640707740665679,-1.19141538728893,3.3918511326209893,-0.13548323491727438
0.1481898768558952,10.33978932568097,-1.1294069220256067,-1.352693544871159,-0.6426842264761425,3.224938929405931,8.693163516088012,-0.4948335503332256,4.101332906781635,0.5645781857457758
1.1112285057222113,10.159446051099982,-1.2691229375299113,-0.22138669752766685,-0.11435731628364369,3.3176402059632624,8.752070426072153,0.350746701770062,4.369948748163633,1.272259772879434
1.9373518017626137,10.172642093194131,-1.4296231898655016,0.7901434043113809,0.357707199731983,3.8844027630434876,8.864081312459357,1.3455489815282577,4.464824802604419,1.7930906389238797
2.9653952791572573,9.792452156240131,-1.2451981565284693,2.1049555190941645,1.3213796757713965,4.265842777093353,9.311517885076631,1.9456291149406106,4.144640183567523,2.3463476602386732
3.927003322501679,9.259341033746752,-1.2246804560218438,2.881315919191287,2.436932390495838,5.33497652624619,9.45192481409182,1.7377969985641823,3.8594647544619676,2.949585695442113
5.106044019592705,8.171118258877712,-1.1945999395999372,3.494053802719374,3.9001038869134637,6.338785762316503,8.636235940710751,1.0822383676068283,3.5285117153351693,3.872208853664719
5.977486318973852,6.547522817631777,-1.2773234640980682,3.899381447464879,5.650153497733825,7.471127013013634,7.598571855888386,0.4730878565728608,3.7331306950811243,5.167618433576902
6.822301560089857,4.558401453667032,-1.31507835991491,4.178974957672955,7.678722984186175,8.451740549439794,5.137905909364972,-0.44313208329868925,3.9919986746739724,6.695034413038794
6.457042154814037,1.9514497885604942,-1.476691775316829,4.128711382566367,9.869926871054306,8.164364706166596,1.4652891907929084,-0.6568243278004017,4.433478982586071,8.126794787115047
5.246373641955132,-0.7450996933494526,-0.7731080634041242,3.8946647907625005,11.52984400182195,6.154110871739195,-2.064693724639236,-0.3335398689806283,4.4602457975429886,9.645832596068772
2.55384604387698,-1.9824430902516457,-0.2193429743269094,3.8523043781807447,12.215354091337431,2.0477660302278284,-3.8547747433198607,0.25989699283167916,4.742283063316171,10.309485215069117
-0.8713566879931891,-1.9771640249311242,-0.08181848215408147,3.9701933731371066,12.039457556365114,-1.822935389446661,-3.140330491969513,-0.09077901635980846,5.020292885286841,10.439486032776962
-3.5127800816599444,-0.13688782474874356,0.11327985085640471,4.253781158796863,11.336170872317041,-4.775451991491234,-0.2966503459856724,-0.46608989609162427,5.194840013660531,10.135742726118398
-4.864520928340146,2.245361331293538,1.0970747532611564,4.872987219780873,9.98316048074024,-5.690777268231409,2.97618383815668,0.971110923940153,5.55969367124675,8.92508014906881
-5.087804677644821,4.016300597545042,3.044420459581979,5.639139510320269,7.921607865877629,-5.524282640926653,5.223329748233736,3.6835895092911985,6.260366492641114,6.746217346163271
-4.8885855247570476,4.381589010093781,5.768681573403107,6.34411327438524,5.420585429892741,-4.785142492846493,5.847798608273081,7.098041197193568,6.1055686601812775,3.877948837726522
-4.035537476805794,3.6930165254274714,8.094613170513528,6.179872154764073,2.0107078589561898,-4.196784632322406,4.889845186242732,9.886759797222263,4.9034802974449105,0.5676311277627186
-3.593979098489648,2.2343114453435584,9.975229293409631,5.1081589724054,-1.3803577640782885,-3.4298192688343874,3.191366203961828,11.269021091702303,2.5907984790066716,-1.9145854157994264
-2.6448842032290028,0.6733967215018091,10.375334974654418,3.3396718883965812,-3.5822960242608004,-2.6281819319014668,1.3578277460026185,11.842639757356132,0.5545659736862898,-2.18772761839527
-2.22880649962018,-0.49648634294914445,10.417585139617435,1.7450991416117514,-4.347547669619379,-1.7504364608707148,-0.11486718704796417,11.958919002307494,-0.7003901855762239,-1.500386453154954
-1.565682804334898,-0.915071465765588,10.116578365431323,0.2415220338052189,-4.253259830860326,-0.6596403971335669,-0.30825159939185287,11.79251842121145,-0.5596633049042217,-0.5588527177200634
-1.1670181596496654,-1.2925963691752915,10.000272176114159,-0.6470549231908787,-3.59846734411159,0.0001535974583409816,-0.12589770023395014,11.795035508178586,0.016145907033915118,0.07504885559441617
-0.5676118013270999,-0.9289365843420128,10.066849381416377,-0.892797979297288,-2.2356305250857136,-0.04236087147040221,0.2602259009994859,11.68100893804689,0.8347623716225705,0.15626441566754642
-0.2231094693756146,-0.5443929756992069,10.063363082970936,-0.8892091073244905,-1.3249601086647327,0.4867920957530032,0.8535957777412773,11.617317328920352,1.0807246953120335,0.38069524670583005
0.5357189955662545,-0.050812060893988736,10.208792272768935,-0.5461342777519316,-0.2685478253855406,0.8581344020144172,1.6883796001083218,11.485682724261805,0.8877485656252748,0.14565491821457088
1.1752079524579424,0.7125545084663724,10.160125411032924,-0.1860347320296879,0.22521509391850733,1.3470506565561928,2.829004049616326,11.354596302903607,0.1323078865073713,0.4273197556817602
1.4036170858599801,1.502855712530619,9.985680346494954,0.008343305584914765,0.7724183247910232,1.7263925469679278,3.940876813377039,10.839429222472962,-0.8752288154831961,0.8340188128449095
2.111366184546981,2.6512752418960766,9.807723462439945,-0.08317291289340714,1.3843731781705828,2.3631872024254306,5.028865670793713,10.16097683153351,-1.8646228514168561,2.0839121116125487
3.1315745152668515,3.912490037424075,9.339108360056333,-0.662462487227125,1.9110734758382668,3.252197180953266,6.573794976479756,8.590220176028675,-2.760652698556071,3.2625717746297886
4.799387812908975,5.292324691169255,8.369603758412776,-0.9822545772915553,2.5479158908854074,4.505108441121795,7.666659163378339,6.222235754724729,-3.3773636356754624,3.931699816377222
7.044879259083528,6.202924572158738,6.201836204752757,-1.5287494634503385,2.813910018185651,5.957963455114562,8.432950683777356,2.860124978351807,-3.826683304066582,4.129859025845543
9.118074424467999,7.0362453247336845,2.8352278894920264,-1.9298533605646182,3.0180179328981533,7.778058213119084,7.674821884503789,-0.8798983470872429,-3.2854442011593687,3.097917239221994
10.250101205519307,6.3995192508072485,-0.5530591567453064,-1.6435615665540055,2.6745901595852826,9.17454708940859,5.490262715943806,-3.9069852046273956,-2.0522234175477636,1.7761996318251219
10.762907346904484,4.940644309804481,-3.383108466433276,-0.8033146553277917,2.48076341293699,9.692525539497204,2.277941729746436,-5.482480795490361,-0.832211821737195,1.1174519927129634
10.979500200119617,2.343555413846155,-4.963210111371164,-0.14310409842955818,2.2865729132821535,10.018666172386967,-1.0008280306373014,-4.8220562593230465,-0.5945407585763998,1.0282908672370563
11.166552821971923,-0.2413685509674331,-4.661519586791955,0.11315738416241646,2.8358189706182078,9.591004293507813,-3.8931799630234267,-2.887600119096274,-0.6892438138119505,0.9224255284308649
10.974624854221089,-2.598647330144664,-2.8676894387675156,-0.19465508983834504,3.3547367318595755,8.722088123317775,-5.229795334758858,-0.1951134718358176,-0.7622698586285068,0.972973630370363
10.836756652770344,-3.5592412901587935,-0.708257566849473,-0.5963694419943553,3.4191094903265524,8.121832673768889,-5.370046995676165,2.7075170204783516,0.41861997736225015,1.5392707939839765
10.39085419694547,-3.4906545207660513,1.8117792439960272,0.46373118416897097,3.6028927047995483,7.276643023526092,-4.4747626491412245,4.63432529198141,2.1566247181479823,2.160702767960906
9.409514433907695,-2.752436802260392,3.601121897441392,1.678139465515524,4.21179926549151,6.546234189120508,-3.362846580285667,5.583911026603771,4.1591401667181085,3.41626481826066
8.040960920268832,-2.095523817209691,4.657319253415222,3.749912526308564,4.63820224674222,5.336209845521914,-2.3544201246603307,5.971843837159961,6.297599219037141,4.372464338587068
6.092874499836605,-1.3355856968012694,5.094086478285585,5.26104621326898,4.817401768196583,4.360808060134573,-1.1772100892557456,5.93114328844223,8.563205852773482,5.057048210109467
3.5877672205269127,-1.0114596902033453,5.34260419336494,7.140039149790396,4.7064506769824,2.601087699696937,-0.7662909543662936,5.773698359424079,10.227335871322918,4.617598770185789
1.8082411833061942,-0.13763486210418435,5.378476622203555,8.510564176904216,3.694374706825706,1.4632905411797588,0.15331532308211493,6.180941914173023,11.412147543382389,3.2157900627886975
1.0855889118696607,0.6122126382211207,5.567165121875314,9.17825777920092,1.9866278877090557,0.764557761154677,0.5590072986741039,6.304300536986593,11.798319507262358,0.7322210493421968
1.8163276019608012,1.4529206779716388,6.225825503088127,9.135815184017275,-0.07249290121089413,0.7488276377350734,1.4923449902575852,7.041250017247125,11.139782924027555,-1.9757063304110793
3.358422534661056,3.0250150865796206,7.199893208188627,8.485082372945747,-2.077397611451296,1.4408948858230484,2.1846946084244854,7.931342840824312,9.483302650108033,-3.9138310513988355
4.149354420734682,5.95327583733426,7.8788752684236,5.701660666189131,-3.1832483584112197,2.629022426075906,3.6284692815038886,9.017373719241103,6.441164143484923,-5.005200081330166
3.9115324083387115,8.886912630746707,7.743086012580546,1.9086849400846226,-3.6023724626169136,2.73438903819047,5.5268789300480705,9.307982581452546,2.284647916803025,-5.207602731719033
1.9404720832219906,10.700611584682699,6.284724778677832,-2.376599094874046,-2.8667077215715477,1.8125781495113074,7.176739507845302,8.390409874419055,-2.2436839430944087,-4.3070479534649735
-0.10380101421910998,10.872917917174428,3.9448862061244556,-5.064532272936789,-1.4688836536219096,1.1326226181943138,8.228900132215092,6.508972552884179,-6.046506619595883,-2.413436106574081
-0.3794293258442081,10.822591803140005,1.4500196663471938,-5.933483590005262,-0.741253138148039,0.97588343601468,8.480295696501305,3.398953678342419,-7.461482257185749,0.37858810647172436
0.6214093180792752,10.65255912410595,-0.9363335852505789,-5.285411405993351,-0.09182095385210642,1.1015966853002932,8.579559587983248,0.2777577359763822,-7.270631089459775,1.3160919198000687
2.257511164758588,10.239635082287814,-3.49050435788378,-3.2591594299376703,-0.2596533470977921,1.246130332286439,8.563757654413093,-2.9143563121782528,-5.786500155207009,0.8276732447703581
2.718090975635535,9.650738173696373,-5.095837671595655,-0.21229195156729835,-0.5314297909198111,1.3256269865995167,8.486724112484564,-4.496850485990462,-3.581978733986332,-0.08214875354230855
2.803564054038552,9.217824219728051,-5.044573781524773,2.55581425308176,0.5595649106854699,1.8574879631058685,8.020407202104295,-5.630614104489835,-0.8027401458882767,-0.48826113112129743
3.190127684699668,8.622261499952073,-4.042747295295806,4.733549619512284,2.2990800192080365,2.4119629222046735,7.648406093420732,-5.277279289528116,1.9487787761151942,0.29137503434559375
3.6601375471172153,7.963874823505256,-2.6962797277249875,5.6069945321579375,4.058029600638841,3.3307724401868137,6.623587895689566,-4.57603139765504,3.738801284408562,1.9051161465784219
4.416758256898291,7.251896258502134,-1.2551059731360417,6.225023608166014,5.8544468208995415,3.1565232775949283,5.355120198940904,-3.5559863486615204,4.534289275656979,4.212263548046495
5.073273693618161,5.643245642817709,-0.3933445947487135,6.340983353079351,7.257894853031553,3.142545504024767,4.10015392840068,-2.5903168537462697,4.8269292572773805,6.22547822118387
5.536880096342192,4.294884143828576,0.4719608840446605,6.630311628336816,8.408902334617924,2.282948543258757,2.857108892250052,-1.5464808101476628,4.764294202168017,8.071751969126524
4.9752636295711925,2.5242700621437493,1.337531171731427,6.875444591630086,8.707133214724786,0.9146362778917613,2.502691533273893,-0.5753723423263105,4.561125983694859,9.703965760819402
3.6682860550473158,1.0122936049875693,1.9584751291260718,7.621468711029217,8.240436958768596,-0.7586888959953803,2.6410659299095713,0.3570365516712613,4.898315408545523,10.598912761392302
1.3192788471523476,0.10210640598944301,2.3525553038060574,8.51363514393139,6.891987682744259,-1.9416499897405481,3.5446697849164246,1.8956640027815,5.688539993834576,11.01533102767649
-0.9555879493152752,0.5746587759546901,2.938772269310404,9.045409690757166,4.8915172792323505,-2.9290045002082956,4.079797883741256,3.8886851572479393,6.811060898933928,10.202225892279033
-3.380177634570066,1.699764968300391,4.081445609521472,9.699205882495637,2.104657390707629,-3.1756139405876214,4.008289482668578,6.355650121976293,7.994836623350343,7.485583937186907
-4.223723533300883,2.1923690273613565,5.440877945085347,9.172290977476194,-1.0830635002683902,-2.576146533367127,3.5273788143684297,8.68974140589616,8.593324923560996,2.8461116157203152
-3.587849113054861,1.372534471779607,7.265308158213079,8.085558529747551,-4.099232632368519,-1.1801210538762852,2.635657226004804,10.315516048363339,7.376349332127013,-2.2357710772516537
-2.1100253313114044,0.09163403321887215,7.453096235199296,5.78758825337484,-6.090521644256366,0.42722473901957897,2.7790500761658206,11.015792691655138,3.903038145840541,-5.611002661902724
-0.9649569234115206,-0.33952456249367396,7.636928669032361,3.7685691069200113,-6.79424105627174,1.3757151319536312,4.0171991307088,11.111813503845454,-0.7407251356038648,-5.800149974711636
-1.0999081864394715,-0.17494248750513855,7.620447806707131,1.6835825246292302,-6.974957905992573,1.2092507442006133,5.635555897017533,9.955826735437597,-5.098010850386128,-3.4348258098201176
-0.8684967783806524,-0.2590990003130785,7.734359414967685,-0.21448517540963902,-6.278118514909445,-0.19989282895637925,6.235002539055955,8.002484979475454,-7.709069787801875,0.4998189657968974
0.6449150445022379,0.1887718477916884,7.679358263537042,-1.975045128595349,-4.979121198167328,-1.5412456011505271,5.650863532240668,5.966482881617219,-8.131389628318281,3.763617642200435
2.9013608731553027,0.8430199375648839,7.8433097890640235,-2.917411744794246,-2.9488303908464326,-2.5789254202611205,5.068608788776738,4.528858386974218,-7.290612602549657,5.284734477682692
5.476035423660358,1.849130313439256,7.679398389868958,-3.5032891764335146,-0.5629323799486747,-2.5759119964587596,4.593989573228714,3.9428736379810965,-6.424770923335517,5.74191349901584
7.835640808303893,2.629691085991414,6.4182673284927025,-3.8142266171510393,1.688353195081985,-1.7764643218253755,4.339217741141854,3.4782917436084864,-5.350244054468389,5.176650386801077
9.47382502001347,3.571270457751318,4.676594291053713,-2.9866054579028725,3.111235036744639,-0.13899921424793626,4.598807331309806,3.0578383230539385,-4.592124885134707,3.972868273547242
11.227218804261035,3.9539847709619207,2.503330755775782,-2.5521526317513863,3.690407652973125,1.4551707311565902,4.75797875034793,2.3923294965284607,-3.940432081800448,2.795031366539802
11.829056451907071,4.008405339099448,0.23853141993201055,-1.9608942215465754,4.139778628489945,3.329714542691611,4.925363598172564,1.1648348451705879,-3.560123670539067,1.3104757405550478
11.904570115739759,3.4866497570515658,-1.646062443308156,-1.4711366463550017,3.9679429630173493,4.528023764628547,4.578085837278097,0.02701466098298457,-3.03559064872586,0.014566902103314378
11.651932543163907,2.7721515468999973,-3.0995730355701383,-0.79673884674255,3.6756141401758087,5.900255340254754,3.603320405319011,-1.140736321679074,-2.29674228329179,-1.2181979470617605
11.04105331472814,2.1094875904598234,-3.972357975654861,-0.39361966818555716,3.9602344029383483,6.9554267138629235,2.157177504454982,-1.5491540978022829,-1.1763741726228374,-1.9092502976396506
10.81944831475824,1.1666956535652062,-4.1935464067926365,-0.43447245477927937,3.9117660757033543,7.478432970877686,0.34927875462519653,-1.6509577850588242,-0.5590112558794754,-1.869353508430234
10.872794242776855,0.42308773045446707,-3.893052580556367,-0.5659372492069975,3.8840336090520204,7.5290719378570365,-0.8162731344299708,-1.1795523702572188,0.1203578147807679,-1.218989216064376
10.87764116520459,-0.5723457020598981,-3.364319514924844,-0.7456182449027461,3.9298923918163085,7.551642085032937,-2.000098539256045,0.08032724202370002,0.6113495444554022,-0.47282806193528637
10.7347391840213,-1.2836943589749257,-1.8997274914576994,-0.7628524302069152,3.6948341545539565,7.271150262065202,-2.411226389355812,0.9842212822207912,1.003621217245631,0.5216184828812022
10.711889481444695,-1.9659266133425966,-0.3723328593259455,-0.4583832267773775,3.719492882546214,7.271570244238437,-2.4224715295921793,2.2069312200546984,1.8695793280272195,1.4881953071771699
10.017135406137898,-2.2848930242022547,1.0147675717551699,0.2671560569593804,4.010699822093214,6.823294960956759,-2.2495139636620567,3.3121885205483874,2.898482312543921,2.765883635526141
9.284235846576344,-2.3431377071462074,2.553526034371493,0.9454586969910522,4.352625059881261,6.846996659714193,-1.6732036736656377,3.9914146668745043,4.24820180634781,4.287112227875191
7.438066696658169,-2.4169728950229197,3.617805749744335,2.7588546734511894,4.827194108646309,6.029034873623629,-1.2876918743358656,4.383711188968101,5.78248732591819,5.315172404988359
4.912967062901125,-2.113922240068029,4.208271936938742,4.437895330627482,5.3372036387251445,4.970284960107286,-0.9725489604938357,4.6584396835997985,7.488535047951055,6.16695948422844
2.0821490918847374,-2.081186285837753,4.32524917097097,6.1384687175701735,5.671496808161537,3.698046686781858,-0.6827930772885663,4.826894111334641,9.161830321566065,5.700608283081204
-0.5884086831352041,-1.4965472681337788,4.067357411245338,7.920501743291011,5.245576812452375,1.964418423098515,-0.18680902601393096,4.738000773062888,10.495876334415424,4.1243593969617
-1.777237553016308,-0.9716903730560373,3.7882609142465102,9.191190210546544,4.390760245550431,0.30056716716140297,0.36147803095398817,5.114141606214031,11.047206868124539,1.2744839732691466
-0.8131938699200407,-0.7394981980996364,3.657620976545302,9.887890697625176,2.522516603568842,-0.8997161966811291,0.80794869603136,5.458997449869422,10.857833699444315,-1.9427002641129802
1.344625510479078,-0.21431903433942556,3.585745962962123,10.43070269297267,0.5647603145134913,-1.0339377229489948,0.8269985154685464,6.243509739757165,9.538929125754576,-4.194186245357591
3.734397985621032,1.4811006006955394,4.20073247226984,10.383944971555279,-1.215320374111491,-0.29105877415862996,1.3153661386018596,6.749955967008481,7.747552075028069,-5.1527376673146135
4.99957628132387,4.133103707205324,5.014699088471476,9.078704475671055,-2.7320656444490106,0.9668249121150468,1.5750747083446057,7.398014679703772,5.548002248362769,-5.42019803947302
4.929448889981388,6.91042704967312,6.002634932675175,6.483281837346231,-3.562388231470825,2.2305742238804442,3.3359840201072215,7.873903164410017,2.934172858672026,-5.080464787349214
3.3073500669864377,9.429167809216393,6.430386023407182,2.732460425898928,-4.046073138206872,2.785227286920168,5.014259783547904,7.676928080318013,-0.09139598940122529,-4.598289963274551
1.4750614690680468,10.883610641571885,5.942415628083188,-0.9152054848148027,-3.549277758756639,2.3721114048656933,6.65718435414743,6.3736151914537205,-3.024451596189717,-3.5736046530011314
-0.43419755789553394,10.841643960690625,4.498374923702045,-4.230144671615396,-2.402122683793777,1.5147994266050397,7.60756415616259,4.499268826200146,-5.183227624315735,-1.759605181860943
-0.3312540514078059,10.871169614232898,2.1208587211122296,-5.423130088382652,-1.1672316439984938,0.6703155995033739,7.935066017596788,2.383117366867705,-6.0632715742844985,-0.024197219869427078
0.22656817874532845,10.994690908908002,-0.20782361540128647,-5.269114739298376,-0.6975376507380084,0.5338717875526459,8.189839770057713,0.12394452832515256,-5.585886735753917,0.790331265600027
1.4300293800228294,10.708344509491381,-2.589242194009078,-3.7374258678187133,-0.48287250745497345,0.8907325502419182,8.22989659344847,-1.698718119255968,-4.381280790730847,0.563040279201031
2.3879486901380096,10.340948850083008,-4.217140849854543,-1.1198147034900587,-0.6918387407325094,0.989022657480543,8.130198552411468,-2.9460675220266466,-2.9423975383677416,0.4598250603659787
2.755071699165538,9.677764164549806,-4.646043908575598,1.7543045854507333,0.12233462154696428,1.549122834699256,7.9938103428943865,-3.618387410243756,-0.8755102526541283,0.28381036020472694
3.2894988497616877,8.92418093836866,-4.0903164755003285,4.070145564093197,1.4489991148476615,1.8387844282022179,7.855695485891356,-3.580376628730965,0.7414696829995379,0.798678419010374
4.013138324260697,8.191017977541172,-2.8923841732013496,5.26756113091063,3.0499790881853417,2.746012729838759,7.294656441232202,-3.0845733144199263,2.429367241146242,1.8147990650179604
5.1487800320069415,7.095180972642066,-1.8411736827303464,6.128930299966745,5.2081500738469995,3.1593434425360654,6.520555314964752,-2.3457931532145,3.3968398019647044,3.1989385269732473
5.950306188918144,5.673933967210146,-0.9705694717459294,6.307087813021653,6.649799343813336,3.361974820655532,5.347564293112772,-1.7544350640244073,3.779781146044237,4.95299701990839
6.1369726379188405,4.056106741616452,-0.40426761091949687,6.298229125956486,8.28862394860957,3.256353909517409,3.898554315768706,-1.033652011594267,3.9662157707937036,6.690218987226089
6.031313515741489,2.1208422344573914,0.05820290267939734,6.445583846634499,9.113930830317589,2.309711400098381,3.125698905560542,-0.6008291593827788,4.14217525919345,8.245191344394748
4.707666044134175,0.1369568748271583,0.5897551809210728,6.681759070749425,9.629673966424074,0.8485147939388505,2.539764649826066,0.5694892119062134,4.682535779372204,9.476247731523713
2.3707125288887676,-0.9052349735091976,0.9819552528822442,7.2738331692830265,9.3589798653685,-0.7115180642119645,2.9071732583556655,1.5633750319014905,5.085630754104067,10.057604394553643
-0.5119061132284575,-0.8742648119465688,1.032455966784732,7.928423385744252,8.579046292603438,-1.9228567012280837,3.7582374743787543,3.2272632223719615,6.23098472531587,9.535346932652905
-2.979386909602744,0.3395457886907188,1.431998558540179,8.494520199439366,6.865725152034604,-2.990763027466847,4.5992756414464475,5.326205985183677,7.307807146668169,7.560854197518786
-4.283573856782694,1.563883466319932,2.4836620359032957,9.295289243440985,5.100101529693568,-3.728589544697379,4.551373613962841,8.177036893849165,7.909269655362314,3.5881130891586803
-4.0635046334364135,1.6471248521250308,3.813642387935053,9.341811772656838,1.9384723066595304,-3.904510858853056,3.6173449949445002,10.539308126550639,6.437075048477148,-0.775689701467014
-2.8084486191877853,0.7504786035825366,4.8994507650830075,9.195023137719634,-1.1715724378154329,-3.1571475186364086,2.26197592899112,11.877950616106153,3.5526391884957667,-4.261540093403165
-1.8783385376033073,0.09092826440168778,5.622483229150184,8.486376677949421,-3.9201059124628124,-1.7349601520371905,0.5344818135106606,11.961557460494772,0.23561115326012055,-4.61653052172318
-1.5024316725311957,-0.3490257886272653,5.485851417693291,7.186560462297057,-5.585830741366353,0.5750506651879728,0.7289393167860284,12.04664939831753,-1.982675343543382,-3.4890893367113107
-1.3094253838450427,-0.2331502306148831,5.941334391861421,5.656016938649382,-6.05248366988309,2.5098909077739022,2.704505013587643,11.45427223906766,-3.5520888980896386,-0.9613849694239643
-0.6028319624777198,-0.02842035118393725,6.142874426405059,4.398077237772689,-6.1164073112018364,3.180423675311413,5.431617587050221,9.920483082106834,-4.90189049816073,1.9429341643096927
1.0847707967231344,0.41191605458761354,6.0864730746430284,2.6830042746399037,-5.866285936845506,2.7907724678061636,7.553599231682037,7.3710492734371975,-5.5510877359332955,4.550799633932666
3.0297945945973495,1.0312611773996152,6.177619322652035,1.1818100472903872,-5.325037834727175,1.0510122709410514,9.104366057475783,4.229910864920789,-5.639030508918713,5.974075090277089
5.610225484985541,1.336943735972164,6.126448329427436,-0.4712250402666605,-4.747283659929671,-0.7653505190962469,9.223251239214846,2.0085720485948966,-5.279395981745007,5.831290560954093
7.4697441459769305,2.3841748398070006,5.773465904067763,-1.7652184444455168,-3.6549001364151112,-2.359616771228661,8.877129400552052,0.6578389688504361,-4.699807005660178,4.668619113749609
9.011044464603936,3.1861939337827487,4.65075173523795,-2.6046350846848463,-1.7949530310605861,-3.0296830795069987,8.438266013089631,0.3957050728093845,-4.337520955331296,2.987752516256985
10.005490894610842,4.042842496798619,2.6741286952664063,-2.7950111237478796,-0.5588573076610155,-3.2742992943435576,8.165513812599759,0.5992642945673027,-3.765263335445189,1.7007617189779913
10.328232933361805,4.278885179285673,0.3512519615568751,-2.4828839102378955,0.5965959303087615,-2.5927915426650885,8.244839173547957,0.9183465508261747,-3.32746192972199,0.7303333211362216
10.234541605888678,4.1915341990537955,-1.9433231981329318,-1.9217007187128925,1.0551109644803196,-1.4572205428525669,8.298447162210373,0.9482999795805871,-2.7075171485424763,-0.5841171748875843
9.877418423439963,3.4450735196437487,-3.378791286541415,-0.7483801785963663,1.5367247485797302,-0.3140296984247981,8.603980738765932,0.5335420394948578,-2.6758494541087225,-1.4066879384989281
9.863488013560659,2.673054358100594,-4.310354064306971,0.009187329945565204,1.8489762474264995,0.7548395883386986,8.369764117455459,-0.16126845291569367,-2.0954895446449915,-1.8394974846917298
9.415292203636666,1.7402885236301735,-4.640931085193639,0.46270246207126964,2.285602095606592,2.1774750655943076,8.280577974148304,-1.0606567161226084,-1.2995564172913694,-2.02731128447435
8.99679711133409,1.0286022798456467,-4.764674962009703,0.7888520420118481,2.9361832727498607,3.502937423862599,7.7593179165840285,-1.6753061434471967,0.0443690955506784,-2.0091230828477347
9.09754226882023,0.0676649983763001,-4.166821147122691,0.5110341376035588,3.4480717002231818,4.7992288573219675,6.7446961283667095,-2.3519566134431975,1.4250091745756204,-0.8448343278804211
9.19169782278204,-0.9658308485567096,-3.22376534751657,0.2720825044204993,3.7487828621384924,6.124077698200915,5.129371038323386,-2.943532842288635,2.5615228269675705,0.8379238897547674
8.534402680640177,-2.6634929399840823,-1.9241016504571926,0.15963719842692922,4.378405999962287,7.310276668835656,3.0101355307105555,-2.909105887559919,3.332724838247694,3.006478986086861
7.331997677748999,-3.6604450412204717,-0.037122106140873815,0.12830522139910155,4.668111734775478,7.5754057594658875,0.6853726867023636,-2.5841858403845492,3.2071275274559468,5.290765587158518
5.428328481258209,-4.757101505494963,1.710069911711309,1.1372465806887146,5.089460983305537,7.464800874556343,-1.6492262499130041,-1.966405978241596,2.8421709398648147,6.869111709393926
2.8965199390697043,-5.143336708465785,2.684974525576767,2.7735403528897833,5.691658796899348,6.40697945156051,-3.358297846593562,-1.0730564521784496,2.5331537591832056,7.702323565704191
0.1440142845500173,-4.89226438482655,2.6781024328988168,4.647507295423073,6.445059680661896,4.407695690910984,-4.3847995248094005,0.26094312541613196,2.6056734062941436,7.984426632775118
-2.2731647434185858,-3.5807531045024863,1.581465837882282,5.940020374192038,7.084766409823059,1.2771638778006311,-4.61215218871507,0.6622673248609581,3.2569734939474717,7.722445979134871
-4.116970269016825,-1.9930847407052243,0.7278204663582746,6.460728311516825,6.681079647907301,-1.624567919070831,-3.9395007428018305,0.35588805072943747,4.06702746057278,7.462326189723245
-5.05399730569525,-0.11753034281468763,0.6396517308299825,7.066972530970569,5.518611595382574,-4.08714767874874,-2.2094784621459995,-0.4904829027665716,4.17430931401878,6.517429940383382
-5.398897982134031,1.8307019644495532,1.7114180138607755,7.406461004539844,3.637766479607131,-5.6684087812275425,-0.44511470976321893,-0.29270134675941806,4.384999185834572,5.646007082911569
-5.2445287361921915,3.1535487999191636,3.4321377321121793,7.350254809198627,0.997390392135495,-5.605288565050071,0.6847144578707846,0.044257319923356936,4.700333593862305,4.79454558503651
-4.793437216826495,3.0418009738218084,5.691791857532118,6.670882548534838,-1.6819310840960275,-4.557651807397447,0.9525879827780067,1.20281028181932,4.972183961141602,3.5934106229856737
-4.238611726124516,2.6816984201625713,7.538917089936566,4.8806053349249625,-4.307832038166486,-3.0979128520880868,0.4918836790411684,1.7905983035118433,5.487899061007178,2.5617238463564838
-3.954280726591978,1.9141622887290375,8.357212564467511,2.259098556049574,-5.412355489740316,-1.5996080193939497,0.18469613606273794,2.4360892318417893,5.707598220849882,1.1836463626162563
-3.374424688192301,0.8119437808126836,8.972650644920733,-0.26439965380910385,-5.154087351898949,-0.9735585982226709,0.006566163700839123,2.8044151266187036,6.165453678969383,-0.21719974361795724
-2.3671163500074575,-0.17112329032296872,8.824840624625692,-1.717991094759007,-3.8957042579584495,-0.6878796300740657,0.48769116902784204,3.220354427082263,5.963953406599755,-1.5234304619563228
-1.2486000175641765,-0.3593164170362319,9.063310445340779,-2.1682574134857924,-2.136937812582653,-0.5533302522722185,0.7142987573318529,3.5948295751201984,5.974652640204407,-2.476130726360955
0.22741068195283254,-0.41342159357216723,9.27107371347298,-2.085562936019916,-0.5446269424655645,-0.11995653506776395,0.9514515489275146,4.362392885090745,5.344248475314361,-3.0808001261901925
1.4006304155087341,0.7543143988686091,8.983554944346189,-1.5276376887249707,0.8263323966020686,0.49227100148302044,1.3198447729845553,4.682142665195343,4.867466438288685,-3.279911007567166
2.4575694027553316,2.321482642493677,8.93601573578968,-1.0670122475491324,1.6193230198527109,1.0314516156515912,1.8470531838606388,5.437333044724049,3.5826856309807162,-3.4299507492929178
2.721899176970574,4.216112481602057,8.51545224561956,-0.8076737305126731,2.506878852401459,1.7171079644231924,2.5443335943156073,5.651558972786614,2.4710788406225968,-2.9710306119360124
2.631100425185167,5.691781265848302,7.823847875672341,-1.0572817169784965,3.044661335989869,2.7038425416256837,3.062820583661719,5.938767489729738,1.0054264317665615,-2.8222007622703886
2.128359525580791,7.170237180586999,6.589475390071182,-1.5755944959029649,3.6303999756756076,3.828499424474679,4.019995806835029,5.606788582456214,-0.14736938886630474,-2.365222356658606
1.7611475009335478,8.167916824029147,5.292923105580139,-2.1581843491887103,4.072617522470633,5.3059798462741785,4.516263567849891,4.655448218296438,-1.2451009460059292,-1.5357432311259382
1.6092043094579185,8.57134131740461,3.7495542437232476,-2.5050910058146503,4.098246467906891,6.945269617259359,4.733534868205519,3.322378653860563,-1.768514086787462,-0.7866150663032047
1.6450323462338168,8.696654396105071,2.2343509203181644,-2.523876045591746,3.870357973414328,8.462094725591989,4.138971971749342,1.3081285118625754,-1.9851820510258493,-0.16305279963808944
2.3558527038945423,9.137281292102903,0.6988017595688345,-2.293571512673649,3.1143333273094522,9.807044770554734,3.2465449970413567,-0.11598350876647491,-1.1803390590645575,0.26331909300992595
2.96432428191939,9.016778314482883,-1.221471565877914,-1.7866977877930885,2.5204722709776823,10.402434335697262,1.9359816495491782,-1.1959958525192866,-0.7830086296258045,0.784361044573898
3.353205829524794,8.831248472737533,-2.3522881094604307,-0.5877378095801753,2.1194118202487955,10.685371640936632,0.5110007024750217,-1.1479983167898806,-0.20624876182329463,0.9297636861297208
4.187892800771861,8.0018326376589,-3.4695795528512594,0.877957744837627,2.6788821297669765,10.56194893282356,-0.8913400278348367,-0.4548646025090264,0.2123553950239383,1.2146701938148015
5.016735432476607,6.9090406613725985,-3.961702471392152,1.872556286591302,3.8874716274486887,10.246241391120472,-1.8152943326328046,0.7235976874004195,0.8378018244448108,1.957187117559564
5.804485924608272,5.3602432888290625,-4.026126245584934,2.7274041264913076,5.950301235807738,8.804648406972783,-2.6767535704520107,2.065273875881846,1.5723434064037474,2.4521447013879567
6.321799110916788,3.5942910582331087,-4.155942527795802,2.5026503167470975,7.7290573196493835,6.842919792129894,-3.875973950392624,3.6064629529533048,2.790334762285585,3.4331694582136403
6.3333915977439235,1.465756940956776,-3.9767736151186672,1.7461130990980567,8.790209200219264,4.570473956913239,-4.5853238863974815,4.26596733951895,4.587042123995939,3.8987684923477683
5.425123800134356,-0.4632225857449036,-3.2703265865680313,0.5094479576277386,9.327464348794276,2.1450926839140485,-4.539587312553597,3.9777587229851776,6.65730386467738,4.8751141153608755
3.340161136086677,-1.8430903506214906,-2.551257925632905,-0.32202566451019715,9.417357384477329,0.577250857738898,-3.9730060976618544,2.806787305661021,8.367396622664495,5.446773619408877
0.6657709439220254,-1.9480068799574544,-1.7796561923699843,-1.0779620998146058,9.30611171797642,-0.5462501210951766,-3.618069980103509,1.4182003401222698,9.531516185237404,5.44125740758884
-2.038602013948788,-1.2044762134641203,-1.070548092232883,-1.3407166743990664,9.410923596938186,-0.654454976950397,-2.6588668395754387,0.518240066092301,9.855211868497214,5.265155148235291
-3.5338895548398743,-0.005156052763182192,-0.5837893991931942,-1.083576202636331,9.119011758433132,-0.5956045850182198,-1.7528031513306717,-0.3980520125597736,10.008129234029079,4.127917596070211
-4.367843615757357,1.3751339766574069,0.12942606821071956,-0.7386318068596195,9.373511249022881,-0.22562299013927414,-0.8768221924413383,-0.5453868954312959,9.924092314140857,2.4313034866549237
-4.395984976683779,1.8433247609447727,0.893713244674467,0.01395332222762017,9.509381669754712,0.014535938413626118,-0.5369923498225457,-0.20131211206660943,9.874352698547623,0.9060878464084011
-3.751136222806405,2.171717779042877,1.6317195483457052,0.9171377630007855,9.399014948944988,0.3434665509213861,-0.04621095069299692,0.38856893910448465,10.035880773984886,-0.3613850871467108
-2.6672027219278225,1.9326347181685277,2.7560224530213735,2.1837966370698862,9.256445167139567,0.11668423070594747,0.4766390116772496,0.6640366987857061,9.847619672998432,-1.8235601341401135
-1.0740469466835034,2.0572386604720694,3.630491485032041,3.6643201055165666,8.757989062189147,-0.36466220738310823,1.0432760321881869,1.6015867305223934,9.745460848964495,-2.814109177018291
0.5492096241561809,2.2672885477853715,4.330703900461767,5.128115570996138,7.766971311252888,-1.1320378362807573,1.5651802114037452,2.5545726450314126,9.315296193252507,-3.1337933497893644
1.8162993717328362,3.0676021653494425,5.03064725813294,6.454696746398875,6.026476890481508,-1.969661327974831,2.366824872861632,3.99156201631253,8.368140467837781,-3.175919090856151
2.982148100580275,4.603412059316174,6.119615272145822,6.7496873954685945,3.5206019136951734,-2.5427126096707187,2.814999947534899,5.562231879011193,7.236943082449538,-3.494012151396318
3.4977156837672188,6.454264364171884,7.32395153233752,5.855392859308791,0.8878900797035003,-2.24402278019778,2.5860265971695053,7.020916424654908,5.457111741301273,-3.591739991668938
3.165247381706872,8.601419890682054,7.76229466529219,3.4078305565702864,-0.8318680472689468,-1.7042755946116501,2.279557130368252,7.701511392215154,3.2703884643291308,-3.8054212825362352
2.2773990874320944,10.244223714443663,7.531333642538338,-0.06920164768935902,-1.0778075464941492,-1.1688666187222456,1.895234930571093,8.30469110221854,1.413136793711331,-3.981492041489766
0.6768129535276849,10.926275510337776,5.746594408591455,-3.2555559186099554,0.08715318838679226,-0.7523807241434615,1.9870696114616175,8.43048757982801,-0.617421035528763,-3.0548350322079965
-0.5541588148249916,10.97270714299118,3.5066476525571724,-4.887801878560238,1.6229681785211585,0.17510301132264067,2.2693295702091496,8.547499197166855,-2.0077667681480675,-1.9119901838048914
-0.6117838242045814,10.881930556800757,1.3706785194494677,-5.313294033975635,2.3187495055594436,1.5896993259083643,2.8390216510685367,8.256427997021897,-2.8281786102959976,-0.3066872151249196
0.35772629317802973,10.861446290068299,-0.7419149279750467,-4.608850480525614,2.346601633845439,2.951488728319136,3.7729963924060415,7.511382867859158,-3.480816134082123,1.459364683570434
1.9972294490433855,10.431263682210547,-3.0021983414237994,-3.0845037800172435,1.598057059744307,3.988889321297071,4.8451345919585425,6.0908686664416045,-3.4223877781777614,2.773146971937345
4.511988222699591,9.432104236909293,-5.064449293496194,-0.9727236455066162,1.2504179901584453,4.885268957220864,5.808372678197848,4.391927994422986,-3.209567771520183,3.487748153955916
6.5539888498551715,6.7612929204230525,-6.357010299704373,1.3866282383394155,1.9686291903855908,5.628917205315313,6.452559545228092,2.022008139248743,-3.2755758636647743,3.2543016181456803
8.163499278795848,3.4379110324937474,-6.908600175163897,2.726035354280443,3.7012460284199626,6.297028227080959,6.0952625820982576,-0.36110622485217897,-2.7048671507903355,2.8543691473473047
8.732408814285211,0.06262780972430439,-6.39935282002402,1.9434028001638592,5.4775337601088125,7.047888481936844,4.3712438110079,-2.214525036011318,-1.8762363942959697,1.9790694856847681
8.71491792895428,-2.837844487097978,-5.133951140046699,0.3463418238869881,6.644179082523633,7.759748761303967,1.4212074653585756,-2.727623823370917,-1.1136240464208695,1.780952060447412
8.59347391730207,-4.436531943952859,-2.7372247359299826,-1.3853236717844604,6.293240605712272,8.015943746930242,-1.7907945028015042,-2.1198143995259238,-0.6196773649522714,1.5576347625074884
8.202354841262089,-5.134284446739645,0.196761698670676,-1.511553291008549,5.912781041219809,7.651749006272867,-4.063158294872077,-0.20140119689603214,-0.39463025700447063,1.5939645812058758
7.689270102398049,-4.361213670003093,2.761747296390393,-0.18172861329477105,5.832445916810068,6.773897448623841,-5.114613655329592,1.9703944503855018,0.42626141924649574,2.013927193368016
7.467082855393058,-3.4498261585315877,4.31804839009598,2.377827457221213,5.971409257920849,5.029081446960405,-5.096859658887687,3.6192634032175954,1.858203347080914,2.738818061477469
6.799123351618878,-1.8420097642865119,5.306392846565418,4.6074083887386745,5.9473314074112675,2.737547980748583,-4.789514487568155,4.0371987304823795,3.684104918216149,3.5558222979737697
5.6681915288844245,-0.6919723182234081,5.48061727393117,6.707102870223545,5.010757978702145,0.17500472987180832,-4.580741895705489,3.545889235692002,5.860030618089189,4.2150796388009075
4.444171752272331,-0.25269357166571393,5.770366861050752,8.16718251071994,3.098920081402072,-1.5786475095047436,-3.5407679631947016,2.745119892158713,7.279729967607017,5.362298490324026
2.4526405562674216,0.4683720013199192,5.900317546101023,8.70856459377317,0.18985070737207954,-2.1137321421086646,-2.7846494242479802,1.4402651808585119,8.431902638908397,6.003213873868463
0.34490782407970977,0.7215112157650986,6.257782638669926,8.272137945986966,-2.4307198063245012,-0.9109354933836556,-2.331143977188013,0.2364908088249274,8.86662801246112,6.458784181141595
-1.6742014655214827,1.176611939529313,6.782004899395141,6.901207523703965,-4.369886603629066,1.306784377483481,-1.6359792475210169,-0.07628496052296327,8.97422785745202,6.296740173590687
-3.0293247660173708,1.4816312973370347,7.529797406955107,4.85151650525804,-4.722911933197829,3.408046094312849,-0.7558293959873001,0.188690613045693,8.786340553128918,5.382153414906463
-4.330654410679506,1.2034429416712962,8.0804804293978,2.71741288517687,-4.859941043359226,4.626050243418657,0.6910928391428165,0.4500332030609777,9.106348319869955,3.898332149472894
-4.629774442819962,0.4507526440896099,8.64911240793037,0.8066263600399669,-4.541212595453805,4.8890078569853985,2.65278441967525,1.5055494401551663,9.279702458129313,1.6347415167008126
-3.858986771696224,-0.8282922687642226,8.69679504987175,-0.5770410458121598,-3.7837944418101555,4.488097401377185,4.4451424168335985,2.198335779804671,8.827205554134395,-0.7610159737596855
-2.6141118408265585,-2.037635531421629,8.526047033614178,-0.5783376365240467,-2.998747863605664,3.764629231102088,6.20648099615913,4.260080427013573,7.802908095324504,-3.024948781424136
-0.17748575213937812,-2.2715496991351234,8.541362037201969,-0.3201569977006897,-2.383730201396208,2.943881493773552,7.431840583731812,5.331783841380138,5.403223953562153,-4.14342245141701
1.5442745569655085,-1.1958667332102912,8.581192932264706,0.009126643277341251,-1.6592852001817497,2.6536062716411633,8.613001346791064,5.857770271553976,2.0197276653414438,-4.641433792332571
2.015442487450189,0.5456514558690808,8.671623883563896,0.35629404492673544,-0.9781715464123967,2.4777622579822354,9.543371193570602,5.122903378870639,-1.4037777601879915,-3.9651247503641325
1.9213951617646892,2.333353187085433,8.639734323429895,-0.11091293824677209,-0.42047107592126454,2.4342453844541385,10.171501461270788,2.8984777741430445,-3.4326834051380395,-3.0676957374954243
1.385761351044106,3.4191930447605268,8.375344491590166,-0.966498175312744,0.01310810458507175,2.736497715768171,10.459572328653017,0.15614920660637044,-3.6817310560964227,-2.3749273750815543
1.082299934611621,4.427523331075366,8.010639383688902,-1.7238894398367024,0.8064828238815878,3.182486560863571,10.093568444601122,-2.478840699047614,-2.531872123288452,-2.3142055511685613
0.8716538287623453,4.924522290235228,7.310906674341817,-2.211572062598182,1.9037470461758343,4.542573391281076,9.196734825044905,-4.157447525112094,0.31551818420420624,-1.6770421530150836
1.1584550732758325,5.491852627122066,6.685042330676324,-2.989105543215346,2.400776164455112,5.9361636111796265,7.559503930384023,-5.063960130804189,2.854154883452954,-0.7869750943122236
1.4890927213682648,6.00924665781416,5.44570145422392,-3.4368392989897276,2.6834912084183307,7.252837566081325,5.28783272043267,-5.1395156569251474,4.863621016471711,0.9558949416248176
2.1085895980112253,6.565411960835468,4.12736934930946,-3.4700071205873306,2.6447748266637263,8.294543609214914,2.6233075251561675,-4.711116586422572,5.46706280456804,3.2513373589804346
2.881296538929495,6.634140718452785,2.660944793080359,-3.544719215108192,1.9950367035117156,8.804666159055705,0.03168110059321759,-4.430668281773119,5.1962419383471055,5.4586997810379785
3.5854580879051423,6.096577575069862,0.6439779926862709,-3.382200123974367,1.0814542724070701,9.006413310237265,-1.9227905312531233,-3.352154024613189,4.175174480425554,7.187536592317261
4.874491170744467,4.654929291094751,-0.518341582189684,-2.578119324283247,0.17325680255875037,9.354659289067259,-2.887326824508609,-1.9386771127762756,2.905189048869241,8.431045092858708
5.282445985759896,2.1775710428310378,-1.3767492245662392,-1.8264190726537677,-0.4137199135829221,9.344787828535686,-2.7058885201467566,-0.3769447650213196,2.6599355799531152,9.413710252163929
4.9183887972667995,-0.03202093834882165,-1.3494918941663478,-1.1215560953014527,-0.6323497999550431,9.361949165134194,-1.9521947632325494,0.7092749620563743,3.240328535899882,10.079816348977841
2.6398243168361755,-1.761786624539282,-0.5350721815556604,-0.5302348156958316,-0.7061082914625147,9.434013900322045,-0.38337885244019754,1.668440628946842,4.258027364236135,10.450936340291738
-0.305517469617199,-1.9646272021206548,0.006809194357792758,-0.11194183638560912,-0.12542828840916787,9.47910159089853,1.176618753443319,1.7010610722911146,4.95920617573016,10.324066768291761
-3.246259527296407,-0.3972097643226263,0.5246563214979391,0.5054758521659398,0.49379973776436364,9.508237050387002,2.138843181192818,1.9856856432660641,6.335727337867935,9.154828556642908
-4.953699028412934,1.5634085567370943,1.0709449560165925,0.8376778320803404,0.9714961135145265,9.4435948740052,3.3621225160173664,1.8506905363566803,6.981548374232897,7.2981056857194995
-5.721567302570371,3.19706130103968,2.4549364563493077,1.2931455378648706,2.061354368005533,9.78227992636698,3.718749695828703,1.8744554624161178,7.147764179220765,4.850386396505473
-5.526397580827223,3.785786353371775,4.0718504186188,1.7828687323557868,2.8405160231085285,10.12743576302202,3.7997440500136057,1.7229405393376904,7.44612768410503,2.479009272095565
-5.258492517598884,3.0337170567909135,5.526868352093392,2.0654650473982725,3.6842283364228914,10.381018261566577,3.2320241065286783,1.6946590086649809,7.434644783621139,0.395645526907503
-4.13472308729272,1.912258783303534,6.603057094024984,2.8915276377243426,4.445608030512258,10.348688770762914,2.1931597478553253,1.528141048884575,7.13427007078112,-1.5439338854896707
-2.9141349054706898,0.7042238022686861,7.193722890339702,4.631835461343575,5.292328459698767,10.05611582447988,1.1796760946198988,1.9236234726930148,7.137941279721443,-2.7205866717986398
-1.3879135623187286,0.05031206489790968,7.170936363010994,6.687790210060463,6.1816694143202895,8.56517417841403,-0.1128839776373988,2.0571816753432506,6.84848194236838,-3.5383943291829603
0.40914268897587663,0.341810155348146,7.607827330620029,9.038483630353927,6.072828983358383,6.169630692814771,-1.0574886412763034,2.5538730276358046,6.687674562051368,-3.919655698119315
1.728702613313737,1.6921759639577267,8.117220158951165,10.977403085729106,4.759260522072498,3.1361293922937548,-1.3391614167184436,2.7731432276734185,6.639772109872706,-3.485426449842027
2.8554735072250184,3.5302375565911586,9.108276109762283,11.096311528950874,1.2436800597231608,1.396144721168054,-0.6461156106206615,2.8839966369844308,6.3355572538693,-3.1248198977655894
3.604695198421496,5.706608988535252,10.683070072404735,8.572315717174133,-2.3599246390427577,2.008096936955942,0.005744930472313295,3.24385507470748,6.267858102268671,-2.2796306233648482
3.689940261884205,8.203856920624764,11.296595513881847,2.7754293871152136,-4.032617882061046,3.1981198812045806,1.4000928437969837,3.5027145109682882,6.011561533602044,-1.5201684437080292
3.9024290577625,10.544641749189221,9.469940673209,-3.649589839783854,-3.2574289738491795,3.047982608610911,3.0512144686379763,4.320216941631141,5.746869577895005,-1.163647416862864
3.898189727147074,12.018433438505312,3.781909582744445,-7.605064212385637,-1.3971802575460497,2.2595704997908768,4.581144965585855,4.839338884863576,4.72346261059768,-0.6557007819249437
3.99950577074807,12.102319994535492,-2.7507060927497906,-6.975616900904302,-1.4623875912440083,1.9573510645821455,5.420057450762438,5.3790970000313,3.504044589720721,-0.563091548510914
4.114372990969752,11.016524002379073,-7.295904611434507,-2.7108242404417355,-2.5342782964201325,1.0834581316705398,6.246662998049551,6.171428136084157,2.275237717003155,-0.17385689284771788
4.549083912852833,9.10056800606499,-8.419029191178938,3.260229082933249,-1.822149501277139,0.6183976398700037,6.712999821578234,6.633453154856333,0.514448392327806,0.2670097829999213
5.094220853419015,7.233386779360752,-7.444294739846769,6.683739196331436,0.9226888110722292,1.168506011479809,7.192952746874308,6.259279643117482,-1.0164301145044579,0.7615554357639391
5.609162874082997,5.3283757564067065,-5.872570259692417,8.184133772264936,4.359816517375604,1.4694485692786585,7.61449070111742,5.269948536643778,-2.380549518753905,1.3371653198139577
6.241921371111003,3.543207582097296,-4.701913625239161,7.896513032268683,7.368127663873493,1.7766103429268998,7.561272331432174,3.947549426224229,-3.4031098590927598,1.5404390459318151
6.782610489725148,2.338052741155364,-3.6920744429021237,6.892596488304525,9.792691305530246,2.3193055479281175,7.233046242853622,2.290146597349073,-3.5202036084637105,1.3210157781037337
7.356333189401452,0.939655043763359,-3.111218821504912,5.458987743250577,11.702829633362438,2.8412638867202498,6.143969921745098,0.6317988827309167,-3.1433288797553467,0.9492192035634234
7.709627743312854,0.08515499399220208,-2.734786943227942,4.077164532214181,12.94349640738249,3.5862703735698642,4.420350787544531,-0.4020465772678747,-2.386259888718575,0.3578813027852533
7.592474138774443,-0.17953447395550787,-1.9196323896008824,2.771194304733317,13.712747087289454,3.8971293611763116,2.1694100621179366,-0.6546470722188651,-1.8279910506878847,-0.13421141232308914
7.884102856839611,-0.21931625199700247,-1.314903529859253,1.8921099574976221,14.239859457194777,3.0526910389287756,-0.12105674811558034,-0.6143952530739144,-1.2390783225359556,-0.35638763727298084
7.802575988903613,-0.02166399254744046,-0.4459980403470582,1.4227515863253537,14.080895354179496,1.6640026898391118,-1.4202987827053848,-0.05485084455130286,-0.6924013233142741,-0.4352168223333872
8.087865652860158,0.41688265464990026,0.07494381831076036,1.6100003248515915,14.150367735606347,-0.14235788811410088,-1.1505113890156227,0.5132774057393279,-0.054173373564758875,-0.04163824363124083
8.046513012046658,0.5195055390012615,0.2308818726557259,1.9708657276847585,13.759613995539302,-1.4652800269169857,-0.23102404442498117,1.2406540593218123,0.4841489285112778,0.5946575710469807
8.165565554693169,0.5947372265960029,0.28886551213398276,2.5364754230522704,13.426206900536542,-2.1502462172104724,1.3354650777152033,1.5647792038203028,0.8228612400227873,1.2887928833905662
8.279995087541362,0.8502933201544205,0.7855207446446422,3.2343207899015978,13.008649101416893,-2.1110876718904503,3.0764497563418516,2.2513084436374275,1.305729894906743,2.04068932383136
8.042154923357787,0.3756910878917466,1.2854522014450047,4.0789684975824425,12.260216150179055,-1.6097220216417345,4.419524284300908,3.166931392762136,1.4649147885035763,2.8121599656110408
8.192214055658399,-0.09938564686454526,1.5076469574933917,4.976685389452825,11.672738142659922,-0.9008401018278492,4.927752830070056,4.258154283448228,1.6284439490876452,3.5772333338691933
7.8118388549194835,-0.28325339689759904,1.9053502516661074,6.176807723369274,10.87009906539609,-0.7946931677784825,5.30998450736841,5.19881038629075,1.7809958768654939,4.224847833079532
7.312420401102201,-0.9534926921828084,2.3102018961630044,7.186832893332703,10.08625561641216,-0.7491595953250509,5.748572150685678,6.110257223018429,2.1108430015115625,4.5748054319363085
6.702182708593786,-1.0903667825306367,2.564174233213232,8.748107539393018,8.66442833042108,-1.279308546186265,6.062182306137833,7.127440952072094,1.9124959364563554,4.943556564030075
6.319675025863841,-1.3116945054577465,2.673870923338093,9.93868927496228,6.626651557701287,-1.970843494422258,6.42470036291888,8.45475415028647,1.909073212643461,5.210224116031528
5.538477160768384,-1.4189096997140171,2.8280551954117232,10.94569797639308,4.482459416576679,-2.524578670184135,6.302488369342229,9.77205399900607,1.9613621597750632,5.116055892220111
4.829017684226551,-1.4175767382295905,2.7741347773071126,11.502226077515777,1.6419115636187795,-2.6668323200159922,5.36990527880352,11.092459962450308,1.894533205274318,4.800952066891407
4.659214132473302,-1.4456085437518114,2.8486732426101504,11.646444121794422,-0.6399535713141551,-2.1600983318055085,4.4895776857481655,11.942668279258775,2.126794513097947,4.342036190417476
4.060156675386135,-0.9569518464942416,2.5187013608554407,11.420815114344364,-2.77858299217723,-0.9563751832279762,3.448165019585855,12.523657052688977,2.626495896838268,3.8575650032838857
3.7604216068006795,-0.7864090937583655,2.7650525787647577,11.148238685077594,-3.564094176230273,0.8864172308619087,3.8120828376306255,13.001835640218413,2.794964906106803,3.0551683028237258
3.6967328316198707,-0.043308203370767094,2.900634777197613,10.60643245686413,-3.3994743063156148,2.362265569222106,5.458961627884533,13.091664801686154,1.957957780318295,2.100678472068252
3.8510197666431614,0.6285056910648148,3.2656071910677245,10.269686735021441,-2.658401701276544,3.436123880393257,7.879383231221652,12.172479577482594,-0.40955853340137316,2.078193675789282
4.712229420783939,1.21608376835465,3.8953395220247784,9.338573553689946,-2.4532625547906175,3.724338584098341,10.49370503148288,9.406553059191017,-3.620184742441224,3.128889694974921
6.06987409884321,1.8715846876014655,4.504892659628745,8.764865515867534,-1.7418456713978618,4.018364723523114,12.200837047592326,4.614046044201782,-5.629845161566418,3.753706073910411
7.788096629136314,2.8738354636940406,4.816483200694115,7.971911539395505,-1.717459746082211,3.820815385563987,12.84321057632006,-0.8935914187023408,-5.881456715459423,2.6272662572639587
8.514624327168814,4.417702259537699,5.193798864007002,6.664390809053982,-1.4966074795535347,3.616425464657149,12.214988856708665,-5.331477471879592,-2.887061131718481,0.4579964392579806
8.689906745492221,6.688346630625161,4.631782467473944,5.104937779250825,-1.3165159786480545,3.426701710623371,11.206592572024258,-7.265517038601236,1.3216534387233603,0.5330800824399602
9.017806194040611,7.8081036887856206,3.2335026817999,3.899916362096319,-0.9704525302452475,3.4984093707187083,10.307515618107436,-6.685544843023544,4.804569586746907,3.2285763165679535
9.479485953267742,6.550018952397159,1.3437909261224443,3.1559902166348897,-0.13055759593625865,3.543477579384563,9.181568518247591,-4.532699786209924,6.248804660571135,7.881173456506834
8.326818546334927,2.6495714813451574,0.6313305887031995,3.2865607820026836,0.9763799895324641,3.9543345802327456,8.622775003742866,-2.8326189756336855,6.092205824419891,11.927619533267412
4.802818499246399,-1.5067922106406588,0.9084793140546711,3.55763538588974,1.736134662876044,4.473737979994424,8.017521041444372,-1.2831066069855754,6.037986206694008,14.406550045438282
-0.6056014361485976,-2.2203902323770808,0.9278764837336024,4.151580569480256,2.8084944222164614,5.175037195304657,7.364201081505785,-0.48064766574739126,5.847784064698963,15.090001718013124
-5.25825417101461,0.4226037319523174,1.160193942415747,4.62556033897677,4.185614278363061,5.890637710235364,6.47174042605104,0.1447708355553492,6.007225817919816,14.055932864952615
-6.671565038809701,4.36125183643604,3.2455553818290452,5.122882597847898,5.533814992579156,6.372208222982889,5.428004331228654,0.44673178566310745,6.238598375248776,11.897614720604523
-6.344156318616067,6.392840475317286,6.724053148514389,5.292449369168094,6.012756614586285,6.2731289365695435,3.9361576201289323,1.0891643214063034,6.931243851445697,9.26061093474861
-5.88116068283494,6.420989658397508,10.682095999085991,5.54341884279965,5.616144874382909,5.85507840826467,3.009805869043677,1.6864960336003259,7.174896776385575,6.6937292528470955
-5.48867456969159,4.749212618393885,13.633952916478924,5.03984035471458,4.266780791563209,5.388198669943197,2.3304758487609862,2.432052114040014,7.695985092068318,4.148016962530878
-5.168921757733344,1.9252771891315734,15.12528437737623,5.18580106366395,2.1700624433816538,5.449538484129315,2.661702257143448,2.9953300107494787,7.8012807204276555,1.4033834415523148
-4.433084298216444,-1.1510498780053278,14.9783805615633,6.030054183889245,-0.00944711560252539,5.291708199383557,3.6136945462024004,3.571583606471405,7.4829573250665655,-1.2645431628028923
-2.5936231404425514,-3.738902202559827,13.600272801138987,7.116334267954042,-2.465771458156325,5.768523089165844,5.620593088656472,4.222909268044919,6.172996148164648,-3.42718063721794
-0.29534484328665844,-4.218771332389092,11.414383134663113,7.820869108386493,-4.09371101661205,6.069580653671479,7.681642078656875,4.313573087526251,4.108402811636722,-4.065874302373783
1.4880658771421647,-3.0885119240026695,10.23075312223144,7.4127706909349085,-5.2121567180789645,6.035049159461905,10.564991384944637,3.1986990422502153,2.0008548898143315,-3.926323426494846
2.4722647782638716,-0.9436765721384973,9.77912527297833,5.788434402775613,-5.9194699182287795,4.96131829434745,12.515288181895924,0.9755296151291348,0.6514026708127598,-3.3288469344454366
3.091900048132059,1.3909184465319127,9.694943415231768,3.0340459861237807,-6.454028725074871,2.6921416020919238,13.56793006048598,-0.23992009916867102,0.9286030336261086,-2.4671992860335616
3.192298298679678,3.6151484490822847,9.491497199255356,-0.8156317966061866,-6.010504002447698,-0.9829137435056513,13.554488874027466,0.8290510068144987,1.5959436793585235,-1.7809828922902935
3.4670350010479565,5.517123445879348,8.303616386786834,-4.485485483994127,-3.6661461899739276,-4.473420748159389,12.39882393166971,3.6626335781066794,0.4877402345828267,-1.0979614299662077
3.462255781935262,7.210726423039965,5.591605776429143,-6.2219318029238115,0.261736350640176,-5.190319490906731,10.551252241902285,6.302628307028881,-2.045637118408639,-0.503025359969455
3.820621723272751,7.6086058713144435,1.874298325412293,-6.625511232533897,3.3656539362914923,-2.8428019238377726,9.81366692394722,7.082509316208328,-4.9028461085918265,0.6694855265586949
4.828150914458202,7.610935957935908,-1.6869614360337237,-5.864393255052462,3.979217647056898,0.8941410743068626,9.396366226416129,5.030167490054542,-6.628266263571695,1.4651972427912936
6.2056952355546375,6.35581995070394,-5.169670057388862,-4.498501913201688,2.666195631111064,3.8234078341645152,9.586113458526123,0.9830548275604404,-7.259170372776564,1.133227133645226
6.55753967571209,4.494344034974241,-6.895342492568028,-2.85531314141367,1.3666223865287286,5.301507290667921,8.593239874017984,-3.6008398117415314,-5.470304057147818,-0.8882740470141522
6.126439096646577,3.234553205456238,-7.46060844335765,-1.1618417114506956,0.4576531956671174,5.905579962885791,6.973500162362354,-6.387344919696454,-2.226113378549039,-2.561517980387229
5.954793307455626,1.9991432404454477,-7.527724946285954,0.42017941785712787,0.8017033627311476,6.248127799612064,4.919573890715222,-7.611248437458561,1.2951552979760994,-1.9982308136733493
6.23863907326394,0.5874271770007686,-7.031923468726758,0.8286523897925852,1.5403666148092288,6.723311794331299,2.334857308522541,-7.362618936498897,3.3795998979184745,0.12125813833383572
6.126518802959266,-1.6192199334149102,-6.137938300601221,0.2984015856463329,2.535055706623575,6.813952203751338,-0.20002862685119396,-6.695742912270252,3.644628600823192,3.0611397211325095
5.014087515036707,-3.5509887405589162,-4.611531083844341,-0.23798008740419735,2.836718751076461,6.97421026628604,-2.862417672911824,-5.616842055490011,2.3240096509255816,5.1107047109535495
3.6260147909540037,-4.575259327179392,-2.9371316562867325,-1.360092381561148,2.6927727118219043,6.633044926766064,-4.564722087347474,-4.0236307190263245,0.2776709487819704,5.860148442490995
2.7208147677042898,-5.4314432298849,-1.0763322050172346,-1.3971386970615205,2.3557318831468628,6.194631343928385,-5.380484003957387,-1.5164941243274797,-0.5012145581841894,6.07446848840821
1.5417548957458092,-5.21528028616544,0.24384111367342232,-0.9566181515346144,2.4681691564725274,5.814852686714548,-5.472503193512184,0.6464013897731188,-0.4943125029876352,6.405172720026238
0.42477976080606106,-4.731726311478348,1.1656423777072162,-0.34324465647101,2.698409795758899,5.432012160491116,-5.172637550098143,2.5790840946786933,1.122802027476415,6.416274295328607
-1.2826954286284957,-3.99054072765504,1.31075985956092,1.032875004537321,3.073042882193686,5.133715472802039,-4.196306442000721,3.802056606773749,3.3228921870790784,6.0789834127662195
-2.7662138233469102,-2.7555225906600387,1.245888776309359,1.943795464884244,3.63639542339327,4.304909770724171,-3.509476121092489,3.990409878535086,5.405642194035565,5.001302706528677
-3.9984936388018166,-1.6473863397432529,0.9893843886776992,2.5166053829301323,4.408732448833692,3.702440069418618,-2.847996926321188,4.070738761082966,7.1828540772564935,2.8801729725547207
-3.9169441343234355,-1.1732020807130397,1.0599131163689823,3.245121074040853,5.027355657684525,2.8844854906043316,-2.276671291867473,3.7697756043725206,8.206386539707134,0.32894326668564444
-2.7049534627669733,-0.7690987314922699,1.0607009218582089,3.72612804408839,5.367755529545895,1.6127591203310718,-1.8697455818950666,3.4594482907281305,8.212166638422406,-1.9341143550522442
-0.8636614281685943,-0.6670179672971402,1.5466450927770352,4.468108137237269,5.325718542460129,0.4774214711283619,-1.37406872417053,3.306833226405421,8.1610065228939,-3.6074891769310735
1.242625145162976,-0.05691403923236331,1.724683753977267,5.265920948190293,5.239856126017173,-0.5810743039821588,-0.7688279416731949,3.225761212693417,7.944388790803624,-4.108581318815769
3.110562210038456,1.0605774772662397,2.271075389568282,5.977881533417942,4.965658682493874,-1.4118459734108313,-0.14075040766254324,3.348072644038476,7.232129050395793,-3.7914956413525993
4.271634717231579,2.467924158709422,2.7844893485865283,6.344574005915859,3.700103573687507,-2.2955269373508957,0.2803400922554481,3.7167642923939987,6.883394550380171,-3.172281877285828
5.095160615913674,4.07609554218818,3.4443104642408935,6.628161930172696,2.3211930849846265,-2.365449272758158,0.9524696424749267,4.191951470311709,6.390210741390929,-2.262242420994201
5.140106616503359,6.082260344970164,3.967932378251444,6.069727159934219,0.7583096857711454,-2.3783248200338836,0.882764088101641,4.767587765951386,5.960309825045375,-1.437192235160117
5.489295099124849,7.365027737967744,4.282539662755524,5.0931434008885414,-0.43067917589637206,-1.7944308305521857,0.7333730566059603,5.461679949782155,5.687391141512447,-0.8601512587049436
5.498611705132535,8.988793060830991,4.0556420592395215,3.1781237981538046,-1.076545863371374,-1.018081188584524,0.7467245637468573,5.897954122596257,5.392187825524665,-0.09857653580070902
5.924111109226243,9.902299589689344,2.797090521772773,1.947730957039638,-1.0672024774671516,-0.4264603174070569,1.1272109731281705,6.355062951794483,5.6060985282132165,0.16540146235240472
6.219306347162266,10.449177307466861,0.877424064509579,1.3885560759312365,-0.6685967934161828,0.2504516527235582,1.4512151739245285,6.9132138159118846,5.434575901253193,0.5491290314489742
6.454900143930869,9.970865883191626,-1.1636098604236274,1.7456784004927268,-0.2650313548906102,0.5972068176149895,1.8818851631651743,7.502480255329201,5.255916983096106,0.7018243904182321
6.835166642278393,9.234957731748613,-2.7323110518658833,3.1375765259481265,0.7557693553930814,1.1613284056516229,2.68687127722322,8.039114740040947,4.804316175940498,0.9290087373803114
7.19786793146392,7.842847669077194,-3.4832195099627445,4.655298563227203,2.088398694724267,1.4249066321320725,3.2818532080692657,8.56008393449509,4.390585521109185,1.0178782651203584
7.538371999646475,6.432720652413135,-3.3388772799835342,5.515639650423709,3.6847283986212824,1.5244743564144658,4.155321600345745,9.145934367451481,3.3537990867380962,1.1784618618883749
7.799312459409483,4.719341220581562,-3.210063458905271,5.879559875451764,5.667661160312796,1.944883423891329,4.889779147889892,9.394777808790886,2.3280257041721555,1.429102177467126
8.129884199116347,3.142031624771167,-3.312791806066274,5.593253446082339,7.272454564188344,2.0118861727919213,5.4089801972799645,9.221767263312854,0.855131125865946,1.7918192708925016
8.329701057232024,1.5128137397209804,-2.7820653712388865,5.043414213283769,8.628632014817082,2.5643147763763365,5.97297562754982,8.779270873037495,-0.2225761882857863,2.1904973913566046
8.633918661610274,-0.10923542154752604,-2.215418496120897,4.167015598908496,9.813161903175423,3.320122043443979,5.729216810924578,7.697029631380097,-1.560929179632887,2.4980450806448737
8.627253167068215,-1.3976945750067367,-1.407954835725105,3.5720152218740115,11.040097124459086,4.742707606256102,5.533334508371162,6.225515663301814,-1.8076072911637828,2.6102834391119694
8.809988405835945,-2.3067445058355758,-0.4413272815680251,3.3153732839316423,12.146691241757695,5.847927104152863,4.063567961584386,4.95894920891115,-2.0455086801057663,2.735258060744928
8.640805114412442,-2.8546942147601713,0.6668054732461426,3.8022842921944675,12.897543629887108,5.76760728442454,1.9340022454232557,3.9949164479648336,-1.3052245730323324,2.6506542094312153
8.459630134215631,-2.9243252404571516,1.845138468634636,5.314155394530136,13.511341138717171,3.696384100841197,0.08119204229873578,3.9745346873055887,-0.33500838554564494,2.8284865516691404
8.017566271526146,-2.626523493436222,2.5074656677629625,7.37939786262104,13.275803904522189,-0.18488322474063562,-0.2973969144985602,4.307505991845493,0.7252616443415953,3.311329348944437
7.8450196031492005,-2.2098898842201917,2.9354569846982117,9.336317336323722,10.863314836848128,-4.134907126135406,1.0112258745875133,4.713140958457851,1.7807465733836825,3.752773417396548
6.736899876232043,-2.0147411328464204,2.792655405106484,10.854806978299326,6.375493614500382,-7.257155439987649,2.5294818213560184,5.533339121192548,2.924814333454237,4.4284813495803155
5.685757398689935,-1.8647486252135952,2.768596429996143,11.69378038037171,0.9318205989262991,-8.016703071424327,1.8863318188378333,7.224983232263057,3.803482286157341,4.631043520316114
4.5789566242310125,-1.7790209953463678,2.4586745182727783,11.360213550135478,-4.468639932084736,-5.869714873830007,-1.0597055258349453,7.442381938131968,5.655289678816993,4.199424964416333
3.0873009937381735,-1.4647664158164735,2.3302487833494423,10.804626102675275,-7.159370533897732,-1.226601079496253,-2.697075770880245,6.510550670970271,8.011316417624824,3.7011654647617296
2.108830343190674,-0.9848873262410919,2.251761834655715,10.352854362647284,-6.665815994391792,3.9141460607844962,-1.2842672469145617,5.809620793129186,9.569984585050738,2.2053624261406433
1.7027068506544394,-0.4737782332748721,2.239119242692216,9.985360924820018,-4.293154110547672,6.59758783673603,2.2744216680680958,6.275828805243751,9.970228159083817,0.7961409494792331
1.95556727454363,0.23689778957407903,2.4655958371250866,9.610550588542589,-0.9867905246729693,7.688339198094272,6.162812644886024,6.713149068156536,8.481480531560452,-0.8801189407090654
3.0650404261802584,1.3985708501678626,3.131061250969258,9.51401714026318,1.8634671129797105,7.816216149321742,8.743976970013348,6.455199048893149,5.861842327400451,-1.8720251946225241
3.504058042408277,2.7225873712483724,4.220985959749218,9.700181321005182,4.060142671428061,7.821749155284471,9.72540169464392,5.010522517029744,2.5736258465701227,-1.8322053765713557
3.6849152392558415,4.174936530992255,5.328152022401927,10.289845468631027,5.898584898949645,7.9532094729687595,9.365228339481302,2.215757781946888,0.834311182546895,-1.33444302196186
3.8133044033767294,5.889485553488265,7.222981784776628,10.597038128873656,6.829941482502051,7.100884554330257,7.240915814580599,-0.05915312365527309,0.7285882514469202,-0.8335205088303417
4.091277407374234,7.70297994561194,9.540378819643998,10.337165505279884,6.132767719574899,6.212276601320374,4.8064643451357325,-1.3780323025025858,1.658289084013988,0.10329076185837571
4.772670357216306,9.936119662413473,12.006732811567725,8.387375741720804,3.887002076373332,4.90329636410743,3.245576161252407,-1.4863069829096125,2.424555684918524,1.0748141850005188
5.600788059504265,12.599790155012425,12.2433594995883,3.3488286579831534,1.9230352816390546,4.587310841345018,2.8574864949072913,-1.313299331490516,2.7873882576389364,2.2290305270560595
7.376844662200767,14.778528347822206,7.843625642698557,-2.493979404275917,1.999881130055865,5.33579557747637,2.381053595403521,-0.9815060963930147,3.0915743661471065,3.9472227620159317
10.08096527321308,13.983954141721554,-0.8634202458402339,-4.220486782587712,1.9419318476776815,6.00609603348761,2.1723454460380336,-0.7926449537221238,3.3025598604491835,5.434846366752197
12.50100203795429,7.006878465706406,-8.215103134666101,-1.1448131746562853,0.8129128480485177,6.5479276859733,1.6819410313706584,-0.611404894449094,3.4922809386533715,7.814034770010302
11.732130438109094,-3.6829814543658443,-8.500033602985626,-0.43807135291702665,1.1398612397405903,6.724378527362202,1.8432204563254475,0.06371629844579202,3.634262656845774,9.918301128347037
5.182630438624812,-10.23081361841004,-3.8884334390299293,-2.4985915946543726,0.5808585380065823,6.967754737095802,1.8922176092493872,0.035479272077112836,3.946004349683245,11.949851978219305
-3.0926144180233313,-10.291884142440127,-1.3339516147859338,-2.8221951174382887,-0.28908468651982006,7.141956080001246,2.216173047595661,0.18338319022170327,4.146641948412764,11.741515678140003
-9.3111307240414,-4.976897902709908,-1.9640569481737236,-2.8315604005999235,-0.9153111961424436,7.349336495799984,2.7186323284381224,0.14162227319154158,4.647232156618061,10.126473450908035
-11.244401203864847,1.2575120006216958,-2.065535529750909,-2.0980064127397973,-1.6082363154482422,6.8891884733641255,3.7319822558621314,0.2683990755280509,4.914597221649551,7.616559575010435
-10.789971798945528,5.62140288347989,0.45521152720772395,-1.4346990483968063,-1.6253168938395037,6.743316115672826,4.759463924003592,0.4122732930903127,5.296506649977157,4.794639984775262
-9.554420835838881,6.927185166624305,3.3689567311814583,-1.7603050815117456,-1.4315247789895367,6.220264897660483,5.769170595966731,0.7439722611366291,5.538254874918804,2.346908170188866
-8.586002479856903,5.462275875280285,5.740729615005701,-2.8154146126512423,-1.1482775132080372,6.002747797380121,6.538188388928578,0.8877138901605396,5.345156773903957,0.11333537235136457
-7.52555304523855,2.6664176491311076,6.900048269399048,-3.8355898748640547,-0.32173759514079003,5.8069638719984065,7.350697072674997,1.2737614927474918,5.212973263668242,-1.9593508704648217
-6.132032951562531,-0.1332546959300187,7.302706463030128,-3.58291295649483,0.26973761669843316,6.162790972041047,7.658606636495501,1.1377731614358708,4.81066143629706,-3.2167784716056946
-4.253138124587884,-2.676145877346466,7.325661502708992,-1.8737645304992503,1.0257346130084732,6.698903317792091,8.016387120240886,1.1415446625538765,4.528343029491538,-3.931190278792809
-1.932696350146724,-3.8060497412633656,6.999717733241694,0.12328672625658474,1.4037464916743445,7.358055638862804,7.870866860142985,0.5686119822152937,4.147795216328977,-4.238285696136482
0.18440997245096147,-3.7866316152417014,6.8035321819319785,2.4778006703366735,1.837192252696254,7.987563830649446,7.337142660537593,-0.29172390380501656,4.577488841640377,-3.7532895325717175
1.8847264684458414,-2.4458148015830843,6.59166955987248,4.605342447645665,2.4825373037648806,8.381252845314835,6.519938579781093,-0.8889141756878409,5.042229316023653,-2.7190011636477673
2.9658792139421264,-0.7969161997770331,6.623825991231031,6.450635024173467,3.6026412683241475,8.547637046033705,4.832673082764796,-1.3766400830205132,5.7706643523389545,-1.2031648015118852
3.165356635116779,0.6359986806370475,6.6387898891811155,7.645230594699331,4.475114805173567,8.013136184306134,2.883014103257078,-1.3590083421431898,6.290211135634067,0.6875297154405369
3.2662017629906392,2.088325004511924,7.393317785511189,8.976956268296796,4.745988302027108,6.607461450065577,1.1608819310800906,-0.9171471017670969,6.294074272046813,2.55512447323918
2.8876640152275943,3.3477707931745293,8.242694862617661,9.621898318038777,4.106409503273411,4.801686204751978,0.3136622868857222,-0.14858783074420362,6.553279528243833,4.069158130683243
2.6274848898532444,4.321435951883357,9.639073672394902,9.49191418180582,2.195203824069496,3.8094843553683195,0.2449737553484787,0.20225416156395487,6.825738395289228,5.170075919983548
2.660792602607877,5.110859766536604,10.956899062179696,7.617755905532465,-0.4924384827337632,3.486436159094137,0.6078154001370338,0.9907944673624925,7.148128605764773,6.016402936002662
2.051164882102081,5.621046572917849,11.950961064761195,3.919400464209015,-2.1053157172078816,4.19946153499327,1.430473673209296,1.2470818801417476,7.453238386522303,6.966656301538585
2.1775478551294154,6.520021125083799,11.696748947865972,-0.34124899954008714,-2.1057736152635167,4.441812866328524,2.65605545962893,2.1875607686969936,7.958086523596058,6.929876022616149
2.0148487085689393,7.134595947633523,9.908928598922364,-4.461588033964417,-0.7930631960939691,4.261320972358371,3.9479824366769107,3.309194753118059,8.517783457186514,6.912560071846305
1.8526013543911406,7.292488634175252,7.463512970407456,-6.607815494768268,0.9309119488172994,4.6111827200908335,5.050378362342672,4.692315086926541,8.825206516843272,6.245074550276279
1.9397262617277964,7.6189684485189275,4.1215946152691485,-7.7321418078197075,1.6350616702267204,5.946731825082288,6.3256316195975435,5.809670355221252,8.994412717816353,4.927003399946554
1.9894454454265138,7.4756029873578225,0.9008805578466044,-7.5534692813806705,0.5778263034074774,6.833297076111019,8.161103660872694,6.612017045176385,7.962788144660483,3.203786255854747
2.5383456396108928,7.314793560736563,-1.9948856802182933,-6.3116530298518345,-1.5049253266275433,6.748125475879766,10.691984853019957,6.9233000992377445,6.006409344085599,1.938127944137527
2.719237751316158,6.850545632081383,-4.016993782433844,-4.190167160161018,-3.3501231371495996,4.707424635937944,13.174336833076415,6.140054557337926,2.7653379177962845,1.4366430617823942
3.7872147982573803,5.867590920986314,-5.262307344040893,-1.2295822416732511,-3.720661503698157,1.9948606052226108,14.68522654332097,4.854216442479972,-0.4111230678458909,1.6382144000330416
4.702314003922472,4.750399196177334,-5.5900186964883884,1.667978189948514,-2.9320913762175542,-0.16876334932182419,14.614257091072906,3.4530390721304696,-2.4351072810004126,2.0427984886572452
5.774753262075664,3.033176794987544,-5.069930922317747,3.7621766949523407,-1.5554404246542493,-0.9441856388774222,14.345459158121614,2.0939196312789714,-3.307103698606809,2.0717376315710134
6.419201982131028,1.3703175693661769,-4.587976057521798,5.127765070229171,-0.15649775038265576,-0.9197071866657858,14.213817565263504,0.5672862776702132,-3.553426715658716,1.8532841621550018
6.820535617891841,-0.2135913588562007,-3.857826660219244,5.287382621899283,1.219729095293796,-0.1878614904127982,13.645717528577347,-0.8236511681415313,-2.749837133132404,0.9413012881590509
6.978135132748887,-1.1245278717659994,-3.394178723697659,5.024701961531631,2.800755678846897,1.2178016862217635,13.710799547039805,-1.960898239531146,-1.2319080477962152,0.580293008815385
7.118228985284668,-1.752446719468897,-2.430336892183378,4.444040665471315,4.146163019357292,3.2246355794630026,12.78435524285037,-2.8263321503338643,0.7028140588233817,1.0231524469819928
6.932842341847748,-2.446612377333622,-1.5973928903084436,4.097716399195632,5.859428148522676,5.172893231942392,11.014934191668301,-3.5359908262471467,2.823906181937735,2.5075183244655617
5.960404718160953,-3.393618511847067,-0.6474709625735862,3.8107175885192834,7.359321681843396,7.214837583214573,7.66924392156884,-3.967338123182919,4.382852804360799,4.715396784596995
3.8264988022194544,-3.9413619897393293,0.1887207074645432,4.127455577723913,8.952544548215279,7.949359944190433,3.0629936790382426,-4.107187314694356,4.522848392582727,6.97139141421032
0.9958295965930675,-4.16316669456235,-0.06834587723345409,4.130414501196441,10.57629627941669,6.203996274564941,-1.434561305027785,-3.6153547307144454,3.421444616232519,8.638936747837928
-1.6542283227605954,-3.4150938930550234,-0.3844791346919334,4.569092990397858,11.649952927068819,2.2791429592432686,-3.922467581206416,-2.926003917753834,2.0714184014503525,9.047255837825073
-2.603761749612549,-1.5910247427354254,-0.6210723599290404,4.500822515094498,11.58718340625942,-2.249911182659438,-3.191960238955687,-2.3561326173405157,0.8620231464776669,8.910440751885178
-2.358893759963456,0.06114627969403927,-0.483000045076836,4.396182907159948,10.879936137674935,-5.182038116150106,-0.12657355346474525,-2.09185174121772,-0.08791153507278622,9.046882490042892
-1.408333876289153,1.5569304792354879,0.44965138660279036,4.800002777232434,9.486403188530357,-5.641162048556052,3.483681175029149,-1.0318263264122334,-0.17672995812402356,8.783471933398378
-0.03879664604758703,2.2356110403061416,1.3969010129897717,5.178001775026572,8.064082205867473,-4.804005229970627,6.426948110485554,0.7365189625686448,0.4753953303163417,9.07272767307697
1.2728787138207813,2.1941425777424577,2.348918966391092,6.015795743105949,6.409521815651775,-3.7293979686242476,7.638295448483566,2.6859381660928614,1.0322178714504053,9.144109819311538
2.0507129164667597,2.4478626649130857,3.3030755197503794,6.6684492132638695,4.786849549522077,-2.4774198511510654,7.986834204009839,4.813414506230309,1.5776042907319543,8.976330584888887
2.6103190121196143,2.1914251635110866,4.052600416694677,6.976863968225426,3.3146856428088793,-1.7030249239404789,7.603597928304381,6.987347819715159,2.2597770993545794,8.514247844789342
2.61815029405036,1.8897016871200363,4.804282856640283,7.191748934883924,1.4093523252445377,-0.9772887287393116,7.554753107812096,8.560765147591049,2.9122149929500116,8.104949439706132
2.7105841695623996,2.049071387113457,5.436679936063161,7.005642449613844,-0.22413244759610582,-0.6135075448030707,7.341332542903103,10.09239880165313,3.252414112604449,7.061283636757699
2.7058121072460715,2.226143088054613,6.367978434935535,6.304565609567693,-1.8095010974382613,-0.19331435658625892,7.465942018086267,11.410844273012716,3.419900238321317,5.917635047535442
2.763456939408752,2.84085938599899,6.7467828580761875,4.951206734823301,-2.9174063192870725,0.17692633832324034,7.469250246652426,12.280766823313192,2.512934132797636,4.804568818416643
3.78480112023165,3.5086636998265552,6.8472948658540975,3.079082407131435,-3.4844965102136474,0.11965117245965985,7.729786266752911,12.770046900727758,0.6316393417150687,4.499825463393725
4.757317604689674,4.385961812767659,6.5773532561982915,0.7539672311697518,-3.6434326742225704,-0.48250157236264124,7.938384022169755,12.592278490713044,-0.9159281682949522,4.657164173360918
6.653265171640806,4.932178033555298,5.514847346660225,-1.1667665776608929,-2.779265095890673,-1.1926510761308604,7.260429399207814,12.301742591962645,-2.0044110308711307,5.296269508782875
8.836505931890764,4.980351624020079,3.4298712974182686,-2.0598339188024988,-1.5133325083761993,-1.7432178729578962,6.225965206950583,11.92908001414756,-1.794187143444356,6.092364108398952
10.40607124442317,3.159913107227064,1.4005746786380067,-2.0913087660616467,-0.7896153973540933,-1.392194465961037,5.522346471279372,11.943188540333576,-1.197168580391073,6.303956088144126
11.066385191394339,0.541505995953626,0.7464096536152267,-1.8246270389270263,0.15475162194088632,-1.0163440028800295,5.155152438908951,11.945912004917627,0.2258123497788293,6.537143220038657
10.46699764558837,-2.011921640024073,1.4859940278007624,-0.8877373855602095,0.9617002257376529,-0.20643009943257323,4.806927559480394,12.276798785239654,1.6731872700862127,6.702227387726378
8.70865895448643,-3.4446758916214555,3.3349458711325033,-0.17410595062877407,1.3227655711162425,0.4233117650981436,5.155570972600527,12.653564602483213,3.058456250248225,6.512966165533908
6.506435962137929,-3.629267833519203,5.2185977474762435,1.5773521115663485,1.5061703580483548,1.1656575473248643,5.96635301756429,13.559757101068493,3.7659561160657895,5.84118155947949
5.030431989444409,-2.59455927563358,6.046006379858076,3.2759916158035916,1.5370988697131502,1.8543869954484535,7.1272514993002885,13.744295319078258,3.305839813149367,4.690342878464743
4.32250769272878,-1.7775717600293182,6.05407824048046,4.698270182693571,1.0403130872956323,2.385159464806728,8.725095998446617,13.541518366071609,1.0367932612770965,3.656440272091782
4.155192472369915,-0.7524849157910692,6.303852300174779,5.365241145894455,0.9349207732389806,3.131549051766443,10.40315634403755,11.803377353284924,-1.9395765254219202,4.338590481206044
5.693485987372946,0.16462916450571283,6.487000486342069,6.145000988080963,0.5854813489104768,3.8350216102477748,12.16997261851521,8.021462388156467,-4.716859660988141,5.364150732562271
7.153788844591189,1.1892763178058319,6.522437874952233,6.174114260528179,0.2450017199566303,4.216296328732308,12.973239144407941,2.351564516689491,-5.596231931188168,5.283185070293196
8.820507032848246,2.4680253955660754,6.5961631888518655,5.7266561306677,0.07367857468789242,4.437846127871489,12.51669213373528,-3.3389041459255155,-4.541331804247705,3.1314595803966765
9.65239572840539,4.833555540775945,6.151899083168888,5.0374167276770505,-0.033643887382752945,4.893718544893151,11.456381081281368,-7.122535258932513,-1.4331738542764967,1.5052895409520577
10.020304710762213,6.691102674705785,4.681569746350959,3.6347342115533285,0.11337754129462485,5.149739333270641,9.328941308564069,-8.25253426247436,2.5499763409228327,2.7710337418810496
10.64363816662362,6.420004631010148,2.588322026780469,3.058099271989783,1.0590877279818975,5.445096920707082,6.894232958730101,-7.93610169675287,4.360388722620165,6.341549572170261
10.80008836433621,3.0518852458104617,0.8470234338459047,2.845733086389269,2.0189466209840985,5.828532244330377,4.562267255312926,-7.648803810730381,3.7138328723732443,10.323048328783997
9.69051332885534,-2.0499145861478185,1.0546113724105288,3.4069271492211173,3.3561037363751827,6.0286087482086,1.8892807416081738,-7.2539394812264035,0.9664588604197206,12.648573433761321
7.438106531967948,-5.8183589155150885,2.401582333749625,4.63202963670815,4.444599830339576,5.661111640505617,-0.8830602136216915,-6.497665637438393,-2.832381561213359,11.862153640891952
6.383957657878163,-7.676878899274474,3.365990981236374,6.444944193188037,5.1307274437648145,3.9224058211454755,-2.907404672901216,-4.817540210160672,-5.625626133376786,9.10852137196892
5.6817739855096985,-8.06247036496806,2.98724016790867,8.602506653722479,5.282432318643781,1.666655130282169,-3.4829383667669376,-2.6632982847275932,-7.038680428597902,6.317067547720658
5.646231543812555,-8.129904357761863,1.8358047574791008,10.292364787814073,4.37022042227117,-0.9443279604771522,-3.0031134248864966,-0.7516388870019598,-6.660468228972461,4.114078793170368
5.709973726053472,-7.6818115036485155,0.37483419711428856,10.829049038619189,2.868761135660998,-2.8695771217912927,-2.007070963479084,0.22938997581605589,-6.002588966550301,2.4820444400111574
5.797122249211686,-7.483717095328447,-1.3253382760926145,10.721884643950421,1.7643587260857978,-3.549867900128528,-1.040810291983635,0.7768452230479971,-5.251337713909163,1.4695199822405483
5.772299171253616,-7.3991710015938565,-2.330629231513606,9.905827552033026,1.3327886590948719,-3.887237538768502,-0.44627029034675564,1.5300846457966844,-4.353919900101572,0.705675801908306
5.915387955642122,-7.485788356264374,-3.0046663032570042,8.592176549367869,1.0874194543984046,-3.5331947912935386,-0.19319302729221524,1.5908833257413204,-3.68497024646659,0.45398174409847974
6.10100347259275,-7.656726986580417,-3.267399180588558,7.321412890159977,1.4247632002254242,-3.556355531985004,0.2683987703400192,2.094470757080927,-3.0925993577483064,0.14584740695576798
6.087647419561936,-7.698707355756208,-2.774241684430033,6.133936288902008,1.6601077257040846,-3.3979371443605793,0.5860753868122248,2.512632740251489,-2.260192629036103,0.2860037429907846
6.238551660726833,-7.781974069881128,-1.8468134373992604,5.397419574371579,1.6822087742729375,-3.08946623967891,1.0463971765643194,3.043227836468006,-1.7399313809398624,0.5198034169640313
6.085051526553505,-7.614053341205314,-0.7431457662140027,4.791424603097583,1.920096212348103,-2.83315466986916,1.32225219460633,3.458354135665184,-1.2352170530164752,0.729565961218929
6.391089657831339,-7.0801983866502,0.24736812397000482,4.590095688429059,1.9929307537860936,-2.6048461395889473,1.360504626717996,3.808502466174408,-0.7766189686177877,1.0095762905857908
6.121869098273548,-6.205031389772284,0.9779260793247841,5.39043269092389,1.481256624570829,-2.109918298784944,1.580176385296494,4.326788853172802,-0.2719398975818377,1.2790659617045779
5.77923552302068,-5.621891032328857,1.47206246547228,5.865977511330492,0.8880685248396858,-1.9267055504986546,1.7533291598234242,4.789795817703926,0.16072044276437417,1.758932935349045
5.626994617215812,-5.04953802971932,1.6510017780061332,6.626704978545336,0.5663980337952665,-1.2752395376728107,1.8322846160672468,5.027682636774962,0.6789968067660749,2.289869858486399
5.0655486913344525,-4.470117801114181,1.8068284164414565,7.275712968846859,-0.22400465089846172,-0.8691849280494655,1.896652765371312,5.702376776726989,1.3414172882090247,2.6377884279029375
4.439352235501001,-3.9888322989261575,1.5760061602872697,7.6622287760120855,-0.32316701471685993,-0.4161370764462068,2.253323485044617,6.0192211074832,1.7150255992401529,2.7010989035383055
3.6654309404314627,-3.4142783285055236,1.429923898373693,7.979426826189691,-0.5939075721995459,0.47005737348901494,2.4754874219769074,6.499490092939021,2.446504095449699,2.869553396850542
3.2822442286343283,-3.329992826842604,0.7240302354564453,8.34451767338081,-0.13215930322786693,0.7884260556189818,2.984221292366889,6.890286949088429,3.0086759494798625,2.785809875746719
2.733314743726435,-2.730453691218051,0.5334061359664817,8.58781637407666,0.3471561651086684,1.3129658188597018,3.9157651103066007,7.374056494095509,3.1720718954809652,2.6429155305661003
2.41210911267837,-2.5848659781562686,0.4407509933355772,8.875043086366823,1.4553006629984815,1.6587000673790175,4.4101076524288425,7.673935398565935,2.8332017455085414,2.123338716419872
2.2669034939123067,-2.1838644853721947,-0.11292229121662942,8.777462818501693,2.386478877360786,1.516506036077192,5.241506891491915,8.017683305080554,1.9796774710776963,1.7809703790031273
2.4447753137102164,-1.8668740581932448,-0.2832297534024259,8.637734392660004,3.5129914928125934,1.588334981125987,5.979918697654431,8.079399882454712,0.9269980504454485,1.952703557461766
2.43731281207543,-1.4594435078154941,-0.3034115281594918,9.022042794448756,4.632963233163562,1.4660462073504053,6.432335006131585,8.112088401980184,-0.4984166693780846,2.2364925156254856
3.074403931647743,-1.2956576953872276,-0.10224977183052189,8.796200414267892,5.413162580759629,1.341836818678636,6.786479981174422,7.243168188588827,-1.306880637101544,2.774374105327093
3.219019807054206,-1.0304083297582485,0.19163196498100965,8.890756795138469,6.090968725468827,1.0282899657231077,7.156735440483785,6.492926538673573,-1.9387598436849847,3.5328088848008994
3.8942071967938734,-1.2532746124662546,0.18587658785038874,9.002237141043123,6.885484327136442,1.2319672126381374,7.073127544906514,5.526700604074961,-2.4019888658242063,4.074665944947206
4.2401722679036125,-1.364325538650262,0.43145021984136017,9.217621326823053,7.218014690272627,0.7905894678140013,7.251034232353695,4.576723042669527,-2.3359524341653897,4.360562187958935
4.794932180070783,-1.802380961367953,0.5591197383094637,9.415002499744974,7.625108603130553,0.26834118998090084,7.176372114670029,4.138702397529343,-2.3476102202168136,4.672367325351619
5.18095211191212,-2.221432329081695,0.5763877767924885,9.521420006853894,7.595703643214432,-0.04171812667740474,7.341145531662237,3.180762705383069,-2.2742443200173104,4.827253084894428
5.450910202953472,-2.702635483606986,0.410093252331682,9.795814268085616,7.411869701410532,-0.25102834347547764,7.460403027383246,2.639847450428454,-1.970116411835652,4.922590813922264
4.966032418792489,-3.4887576881023517,0.06571634117012753,10.114270809842148,7.256618109995927,-0.5961296571504294,7.600921156588011,2.7014238948594653,-1.6600570548761842,4.864204513158269
4.67528627296148,-3.8123339976841706,-0.2600532398719443,10.054145914219498,6.765475273937493,-0.9103899024233552,8.087035748617595,2.7747142817481643,-1.586516571054776,5.101807764417697
4.50281698082153,-4.495680992801024,-0.985905201147356,9.673979674857977,6.8834415716754105,-0.9320007330554739,8.198791522612526,2.941167411701002,-1.3146566692645394,5.189033547432477
3.8518678144861207,-5.107288514101667,-1.6003575741618528,8.955647603387039,6.987232840297407,-0.6281641724326155,8.561275178378507,2.955714324173092,-1.2820866102678385,5.189836162336944
3.045646874935269,-5.57211858994486,-2.2553289375953085,7.622577652648175,7.836878126854114,-0.06636234891680153,8.691918368297248,3.0770801789872766,-1.1975604538207982,5.34711793408552
2.3187831526972498,-5.82790771631904,-3.050655656733017,6.297854695960372,8.670906060147844,1.0128006397473939,8.549798195603417,2.7010971197428577,-1.0443063056478719,5.670105105481393
1.473854638689968,-5.936331596777983,-3.0160460994783,4.024397410534107,10.282617449121593,3.0083305563306135,8.053338327630147,1.8772803972856442,-0.8702715905593034,5.773489806009175
0.31786609982375896,-5.546649697236114,-3.1418657390610045,1.7205111401514397,11.39046001353105,5.684738545268137,6.303830783181237,0.40115536457760786,-0.4198535341474768,6.065738555314999
-0.627447284967885,-4.68283953386153,-2.583792794172625,-0.17613971101477843,11.468028000421496,7.646486217121675,2.3759911727746537,-0.4035408631551424,0.0026300141464067894,6.200086272025266
-1.551704606832947,-3.4922000648157674,-2.1572455814046396,-1.5324467501772434,11.075661045602008,8.482892731065391,-2.075561307150176,0.05528417138925041,0.3666475161502237,6.379262072049126
-1.969860081103734,-2.045837804134203,-1.4773515183089632,-2.1888907586018362,9.996779629843461,7.988273781654788,-5.203536539919067,1.824612561388037,1.377731191331844,6.3662037056121346
-2.455394689953185,-0.5111879462265159,-0.9832078497888909,-2.126484104034952,9.14621812424422,6.006793802094554,-6.8394068342240955,3.5388914776441225,3.410294420400102,6.140272792206603
-3.284536015639269,0.9001703002645838,-0.5938177517555685,-1.9039123553637127,8.337882481916122,4.147547719780609,-7.227096954992231,4.068006005736801,6.0501634983594395,4.659302029529709
-3.5545079626878358,1.823161237317833,0.11912052116443224,-1.6889794393031001,8.311377828029894,2.284089370105465,-7.145882265747919,2.7760071375422193,8.227200480867463,2.310296969142397
-3.291087709508888,2.3772292443410272,1.0854675818228519,-0.6488903251303344,8.383294165305182,0.3068574244903196,-6.623491486931893,0.7635383942016829,9.166695034299714,0.813840720082597
-2.813259639698268,2.6032312380152365,1.6981940554968,0.03952140993178094,8.381427904683894,-1.5175663431675437,-5.639198561350507,-1.7394475779663439,8.932710699274052,-0.1806802998552754
-2.3007078140005133,2.6883561118908226,2.4807188318474576,1.2809697959704258,8.267559713190124,-3.2511390505451647,-3.3282831970767677,-3.847479217944067,8.459866489224378,0.4799270345946037
-1.8760788390098078,2.9751000830692,3.5406798447747905,2.3812088693683324,7.646045474583227,-3.9747364185458918,-0.6972306786492443,-4.210139880238568,7.845161475076528,1.8335375478300915
-1.7291310478898725,3.0911690773688223,4.373596235204807,3.7180170378856925,6.672503890797069,-4.303210368292216,2.163020529419383,-2.9597636191941237,7.612727789137364,2.798733497128444
-1.8706006511287891,3.271518469358489,5.703405485184201,4.441540851531313,5.163352688581688,-3.6384132489843455,4.057250966575131,-0.474828936768705,7.825158371901271,3.3607502737203108
-2.1016087762856577,3.3157128016882513,7.106884328596805,5.055894001002804,3.009462710989282,-3.1210131665024177,5.021454456853557,2.4183294507372475,7.630855297368398,2.409790835368188
-1.8504276795730035,3.0409923426658,8.198977410723886,4.787848976432807,0.9149767222138785,-2.554765679599106,4.725038859387576,5.297993415112587,7.223313075210238,0.7041144775744694
-1.2479475810308118,2.7015580855250123,9.13510284026588,3.7328952471055623,-1.0409206214958306,-1.8564326813122183,4.392076701456336,7.616920985295166,5.667691130785552,-1.3364218824159715
-0.35628838606594676,2.7568662251005827,9.614288374686028,2.038737370361339,-2.2214168161566494,-1.203277904868668,3.723954960901639,8.928298590237347,3.390384678207986,-2.902965389422741
-0.05353813949581843,3.11229182845019,9.775018407824888,-0.011958108525118583,-2.0048073263217567,-1.196418862912591,3.3217573040223405,9.683126462790089,0.506598555451123,-3.2576263774035987
-0.14428278717828724,3.230368220519557,9.727630035356784,-1.665983535767553,-0.9222940149048646,-1.0716233649591376,3.2447290247822558,9.499314696688671,-1.56430912831675,-2.288938352107572
0.006009145419626036,3.619052372427049,9.339735195808027,-2.8040993321744,0.556757495144856,-0.40487614115486287,3.2279530401519527,9.149668836294495,-3.3805874309993924,-0.4590390813939426
0.7822861948894053,4.078929455373714,8.543158105584252,-3.083266475883908,2.6036430857084847,0.5066729498028913,3.8259032070019785,8.857918406737053,-3.8752681577879935,1.490301398150598
2.4068020165293618,4.582500973127385,7.619723992632639,-2.907866544706657,3.898597764254313,2.1959502865853184,4.028828331417019,7.819213247889997,-3.5758172440565543,3.4506158038410635
4.4151769633820255,5.634988034459563,6.402968446592619,-2.51094831712888,4.876696847257024,4.270254668843636,4.848043584826404,6.274811273842221,-3.2359835531183103,4.260131871082577
6.692699838388978,5.865986644249596,4.330624897178563,-2.188710312491777,4.9822079776367385,6.253667102724318,5.125445234946378,4.549805495781439,-2.7574967195876954,4.64909389069607
8.686134687487298,5.56825088316245,1.7911174406352426,-1.6559038466084335,4.859160427241686,8.15805745247511,5.010038470398329,2.396611800279241,-2.40140554148951,4.479878985891856
9.917920384011149,4.198289526386768,-0.30690590991162525,-1.2807812808154857,4.4641467106420665,9.662628002686636,3.665535010906288,0.35406594707711586,-1.7184147081338317,3.9183101085692416
10.912717156744867,2.0554495202107304,-1.6631635019090338,-0.8499562237612668,4.381534287803195,10.240478168358358,1.6697209537540547,-0.5293191323074931,-1.1925307583079854,3.394471828373822
11.013040916481787,-0.4194814674100494,-1.6202025746993423,-0.4404714059712869,4.284424855768244,10.76855233786874,-0.3353425026485531,-0.49299383213824777,-0.6439443507178013,3.1700451626178663
10.915952473512593,-2.1408063629191534,-0.17161395167081445,-0.25970202776963996,4.333718505354477,10.423045857819217,-2.1281732436351066,0.690160560614475,-0.25233267825428085,3.443531552964511
10.550221800526636,-2.9377519718376304,1.7077766493398598,0.46779577988771337,4.521684779976477,9.730851908896774,-3.114439092987226,2.324015508489198,0.8297586474454592,3.740148936984884
9.328855257431623,-3.151343923673872,3.4373107633890125,1.8419201757157877,5.228107985754249,8.731262425739878,-3.060622445365338,3.8930466959507237,2.4789884511495464,4.40736387728522
7.76478305405698,-2.9905017024845053,4.518624607684331,3.8728094886256224,5.970617867116663,7.178510154027669,-2.9299185985287153,4.958419602511949,4.664100803585445,5.5983110728439405
5.292039065661489,-2.6381826779279027,5.076090642817559,6.458239001535372,6.597895479682075,4.90146275035334,-2.666256687193998,5.184961072120535,6.925340959783336,6.253778557218779
2.30865681083386,-2.2819629882343397,4.862114559996061,8.826631066251965,6.067016383581311,2.0077207991713997,-2.2313619734661456,4.779550204517977,9.136306127288025,5.86861804200324
-0.21977528342562225,-1.6580391530245802,4.223064070774267,10.56675330759305,4.474066454375327,-0.6366068796642238,-1.5123534210046756,4.172911649392864,10.873768539575044,4.288187397737035
-1.6101996010047157,-1.1836916174774554,3.673707497812172,11.450562141142777,2.017566309788634,-2.08166298321782,-1.1990296820883046,3.601232465480779,11.64519809837108,1.7773686269136117
-1.4314795137629845,-0.9327572600181117,3.281740665958663,11.592188940787615,-0.9718258601086038,-1.7569475884239476,-1.0298233943850015,3.262986563393253,11.816653050955365,-0.6070683557374488
0.006719676359389942,-0.6940018271084054,3.105176465963136,11.45101848275271,-2.5710427147868784,-0.007197338411951609,-0.6183391794707863,3.198948221940827,11.784867153032456,-2.4603917495538856
2.2841425346672732,0.374962876089398,3.3785382966079647,10.942044965427362,-3.0948759177891856,2.1142662666540164,0.30381511974752906,3.3402359396271675,11.110325614645655,-2.861561798422924
3.954251318791317,1.8692149542615417,4.093374465819208,9.75045273695878,-2.806504398376592,3.914650023117754,1.8658167295957437,3.9705335398990305,10.515219444272674,-2.6581499151303407
4.987025545056334,3.452277373263676,4.835486154225397,8.821663245552763,-2.1030455640298817,5.075162280401197,3.6035669952899116,5.080752100440675,9.300363289465077,-1.9329972318505249
5.758754604437955,5.716179127157209,5.798330905799432,7.12741031345424,-1.4459988653329572,5.480888992471851,5.750546462586341,6.160472241374809,7.701484714550404,-1.5139902189775472
5.699908364280882,7.861612505370174,6.022783643592734,4.9794033293726585,-1.2230111428897141,5.869566989646826,8.00930917715878,6.458210886727158,5.32382327994013,-1.0587637343940206
5.787496929038918,10.019327761653189,5.222656273359702,2.0590057292239745,-0.6313052375595695,5.739011673155135,10.456825016893136,5.662471237267994,2.443189596632619,-0.633838462610733
5.866836898995379,11.537819538663765,3.185445999856774,0.1293933713572472,-0.25866952207312155,5.642908881828662,11.617798879300276,3.2939295746165134,0.36724407733533077,-0.028152345029621266
6.288082655319031,11.539189117942636,0.08207275606610509,-0.01294425608845104,0.3866638702912125,6.096609200459003,12.088123888961528,0.15305656858492148,-0.30648526956242717,0.3343259850865544
6.886319215823181,10.682767025522793,-2.83400210499248,1.147642860877727,1.3505681128374807,6.446615973682724,11.154084354127265,-2.882291456617285,1.0249457789020573,1.0194974146402507
7.3635406917012585,8.775689195348681,-4.681008986502957,3.0519387448717477,2.7520126238281093,7.568888872072507,9.303481586390184,-5.00605511636601,3.0227731054845965,2.6143065406629273
8.068404066520769,5.3113508680646175,-5.2650817329965465,4.196326742301973,5.433248935037499,8.258555896470835,5.808492827543448,-5.55305913390273,4.211260086920583,5.286087813387342
7.902346655000021,0.4140597453730212,-5.192730248722693,3.4904449041555354,8.20141801743932,8.035066663120755,0.6175189439515905,-5.457577612028623,3.631000042023495,8.573250192513337
6.130998941169789,-3.71063327688574,-4.050303645299499,1.434710823078255,9.90027916512663,6.200902693675434,-3.9268651893574518,-4.236367740332068,1.365077740004476,9.95138122237278
3.751660517091106,-6.428874679301569,-2.205243938266387,-0.692789270912797,10.008323431557615,3.949732876423761,-6.635968517323796,-2.394073999535806,-0.8856362879873612,9.969597239125086
1.2317863876531008,-7.124815091492073,-0.34407477034186307,-1.0455654826837724,9.776942941384592,1.0798278796071479,-7.247110680968554,-0.4537802943285288,-1.4666145738944307,9.803707089013136
-0.9242953230238008,-6.1376745578468705,0.38337127875923827,-0.6243553859285752,9.797376612757255,-1.2384423729433047,-6.236119735013472,0.45362085566834603,-0.652918930366349,9.81943376785485
-3.0026236441593706,-4.489869412778782,0.3960774766452201,0.4279845855726629,9.77949770644169,-3.451173678105694,-4.4299924925174565,0.26538148852718757,0.33207984685081393,9.67491973747783
-4.149570272683972,-2.167328181700794,0.23532375977769546,1.1154683512632924,9.597874855156723,-4.459524875412394,-2.022292254771191,0.24322094594098986,1.0316896176769514,9.902619795574676
-4.363449810024327,0.2773714462483174,0.48053978365452654,1.7467366226954013,9.377197001062457,-4.644720535133033,0.6175466283439873,0.6144794552195536,1.4645624221338283,9.480855444781383
-3.8979179806535824,2.524797048975275,1.3204899154422436,2.323277078810162,9.010299221235586,-4.046669376054436,2.652222507562214,1.7074140950882983,2.2121764643482655,9.103448986696147
-2.95699556696721,3.9316459826554526,2.960843936682371,3.2580588062062037,8.176886678413611,-3.0375103964150068,4.1811455859061555,2.9551030153411855,3.246924897480357,8.2094467568849
-2.004174296698717,4.9202505447714975,4.405740252136549,4.12230432138324,7.091947881351877,-1.9645660858981284,5.1200253190053315,4.8758965558129495,4.2698133673411185,7.1692647844342385
-1.3766888290992811,5.18872975587985,6.340528739994564,4.7927606821828395,5.698883997478653,-1.263656675068557,5.487290831505068,6.705987236173861,4.646423050033241,5.493498166618732
-0.5451626253123564,5.3846730299520305,7.928137248703671,4.964194659184855,4.078882552331904,-0.603269697654942,5.5026117667341214,8.263463592488685,4.832886575545072,3.8696757124627177
-0.0003388914296655679,5.618422237327746,9.295596673776867,4.264931197190083,2.284482457885714,0.13481371521758156,5.693848410622602,9.734379788950255,3.9127421101744586,1.9915270669392446
0.5656819352578736,5.80505020615809,10.343725779256625,2.5278966829981417,1.3301527162418252,0.8258264850170873,6.12199528325257,10.391699738891061,2.1217185847440043,0.977298028225109
1.3096516496031338,6.567107055484458,10.272018026279698,0.46852761064074816,0.7952114739568248,1.518391484352142,6.7282024918563685,10.331777807139977,-0.2563357155130157,1.039653051694794
2.4025207809601614,7.669133417647011,9.398075543630757,-2.1533622281119937,1.8238590232388345,2.446924063032982,7.587706064210577,9.077026683210295,-2.300089565335452,1.9585866215658607
4.111044399108044,8.409682850965659,6.940392960049506,-3.6619637725587872,2.834804345336677,4.065829434067067,8.636066165627586,6.678632070720696,-3.9903064495620106,3.09606357936523
6.696550247376532,8.948833114959056,2.9166255453869074,-4.45701758084288,3.0387175755034863,6.161060193492641,9.100601360954219,2.674519537532254,-4.581031011027584,3.356236516450943
8.511139913426165,8.029894267348618,-1.864511619802751,-3.8894464204908004,2.0524423637358895,8.07708187128731,8.325899812660033,-1.932614728377554,-3.961110230659406,2.021571916907201
9.20551552499598,6.1034894843175564,-5.44427999740209,-2.1583593980026476,0.5845429275821101,8.875708826621494,6.2761528858650095,-5.668364030836118,-2.165260299026046,0.5495414470903
9.450749043595557,3.0224384006146,-7.048733401569646,-0.4697804083736282,0.2502646996969879,9.165380966934826,3.432644481175507,-7.033324673078292,-0.04868595463040269,0.139668755718504
9.300149864908898,0.07739079542675029,-6.994953562038176,0.5356595629417283,1.0169976719406741,9.259469060156043,0.07678641751706757,-7.203719948943249,0.8310376977885462,0.8793471448674132
9.380798592697145,-3.2164786892811184,-5.381706213252004,0.1125527233815324,1.6798200704535653,9.098658629947996,-2.793632471586973,-5.832648220972735,0.38485649254223203,1.8680478801043234
8.858700610456157,-5.382562010828888,-2.7116372887410356,-0.7672102191473695,1.905670983595531,8.842335313723517,-5.1608547811782355,-3.0579588910745583,-0.37462804041029973,2.2892084502788026
8.354523533863695,-5.987475983419289,0.5118351352758207,-0.3184554026911648,2.2211550383358984,8.220635871493906,-5.733492310475715,-0.04828204578564941,-0.615670383531215,2.4570926170915084
7.751731106674878,-5.4583399122743765,3.4002659816448078,0.9198130648588173,2.5919151178612134,7.778238178630649,-5.3388082866177085,2.8465587044642335,0.40900512713979875,2.773577189889854
7.051728907412914,-4.042070876176585,5.024454329166809,2.899362619689071,3.2365143786038373,6.831345167946165,-4.477714512868561,4.444094538638475,2.136486034831343,3.289678004565397
5.776598187590642,-3.0591186541021096,5.659909570611637,4.882592785890665,3.683128336797729,5.894328446102761,-3.0358763228872885,5.245151644458685,4.645871329379148,3.863276210581091
4.465491232714638,-2.0336362058469977,5.574903396238599,7.002543015517216,3.6661454382790333,4.366543648330393,-2.208590502653648,5.46823022781106,6.492275578434863,4.000946534610187
3.201742870432666,-0.9616970982573287,5.67381148264753,8.543002799165443,3.2951094470911597,3.1233315144452436,-1.1504226609440824,5.372551409819422,8.105676875392863,3.7754171937543552
1.9036477044507911,-0.2454381509283036,5.744181849994631,9.38141537000523,2.3726394527756334,1.922577602947493,-0.34140111799401396,5.44079585776784,9.097581109262316,2.8203286433456745
1.422284507437989,0.529718399907911,6.023667022467992,9.95996115231567,0.8227188653565919,1.6229847542748517,0.3267273183622161,5.726942549761931,9.818735469110731,1.1100650730361652
1.7364264006578107,1.2965348486073336,6.464397079939531,9.631899046651775,-0.9386228845178453,2.1909784724934847,1.6248185990160549,6.087475910997356,9.658814998482335,-0.48591942718256625
2.37386834886002,2.705616565317856,7.3422099859452645,8.285933314357608,-2.396546819899328,2.927281373638279,3.0439945442585983,7.114965488967595,8.668837369668982,-2.3446866187900217
3.285583248202636,4.364885864127028,8.223322431200701,6.080293145968845,-3.3169954486766846,3.9437251091339784,5.082405147940309,8.059131959303267,6.30985566459062,-3.407296516768469
3.486000512315438,6.75409897208071,8.399298511261469,2.3104160561435476,-3.6519675154096367,3.7171169521955605,7.5750110674286875,8.228959312476212,2.352712571941574,-3.5520543886559586
2.5114804342745476,8.695414190625366,7.5737518016653205,-1.6657826341668829,-2.8546472552683486,2.946863428740592,9.504409433797301,6.989496991270326,-1.8816690623527796,-2.9016220936725095
1.3225232282922685,9.550928127246543,5.435568333707318,-4.806345540772674,-1.8580683591388014,1.543448811304698,10.254194917379985,4.380014277375536,-4.694499873039148,-1.4170976203283092
1.056590814429476,10.003431350147409,2.2666874237380696,-5.9722283855066225,-0.6315277551950351,1.4396664971847486,10.75889420681393,1.2187065023792958,-5.500077676067408,-0.6053983642630211
1.2453800775695671,10.089682730563323,-0.7184994020252894,-5.746449061642905,-0.13547239553874965,1.4952698943457634,10.585717647609581,-1.8958300592152995,-4.6654651091834305,-0.36647555316588387
1.2532601846615938,9.777290706215767,-2.956271404255953,-3.9510254129046456,-0.41275589225415543,1.6943661181939458,10.421247656577103,-3.809985282518321,-2.3426740202541074,-0.7163873525466546
1.2122196126308102,9.749350508771398,-4.141678691671502,-1.4329229964463572,-0.6380301896647347,1.7907327956403187,10.058644496109297,-4.586694573226231,0.5231556566756088,-0.33007949831093086
1.754219779548925,9.346232288632432,-4.158463162751553,1.4245431999215585,0.021495547390285946,2.089132776618968,9.75674167028347,-3.9427929228576484,2.9317174653053026,0.6114708928498971
2.3145657397911426,9.012124262252723,-3.3313814206648202,3.380591858172277,1.1533134526383673,2.5594571520275804,9.48974291904548,-2.359958777400608,4.528237636429564,1.9475307699922844
3.141870818210772,8.391816809895243,-1.9269596466620489,4.303968127692249,2.7519887099559557,3.242648738307831,8.783662704618182,-0.8049170492404916,5.4550523810898826,3.4390020552409784
3.9346149034957074,7.38972705788166,-0.8692762480619516,5.192208902394177,4.393844361388783,4.103890179807354,8.427393527333225,0.44890125466418684,5.630179070844816,4.634362540563065
4.620413849670676,6.1482871006675754,-0.12197383682916577,5.442856644911919,5.823992352423665,5.111381220836615,7.31905005996805,1.3415300889502753,5.740369188447788,5.99978367082508
4.697685742962904,4.861154140278973,0.5965432455164612,5.587369536909655,7.606696222390672,5.762421835074339,5.984417689878034,2.0097045128489825,6.0621856589313525,7.4209990696626535
4.181777207051593,3.6958065458410756,1.2148790602185462,6.076338692367676,9.051829387015383,5.778941080247368,4.50878482685723,2.268212858021113,6.229392354579882,8.007223384317603
3.090553783458824,2.7565106579199345,2.1826210487762507,6.844021255916264,10.330399228193953,4.614102011625043,2.8939402067135336,2.8858709794925073,7.004737505498247,8.389989117250108
1.351398972831258,2.2728519616770044,3.058239377300607,8.159203507078445,10.277778414882015,2.290098451666767,2.1410617889864954,3.7301904035884306,8.532061818837674,8.004638140953825
-0.6899556291483662,2.7978550427113276,4.5401522987504555,9.411925432096925,9.262766221234832,-0.6595477562758658,2.034540452867994,4.767456191629847,9.362921705385805,6.360775257614097
-1.5909768370408912,3.02711338396317,6.521848247188248,10.611286360484554,5.542835610447633,-2.991000514111684,2.541555697426977,6.370989187405167,10.11464281025059,3.332921889419272
-1.612034562836962,2.8209326054218877,8.405628857911651,10.540000300820523,-0.06710527790209342,-3.4808562390097584,2.1843265216029155,8.48103320096991,9.801268525371302,-0.8956450742616461
-0.12240251814930751,2.7330014267139897,9.98026003666803,8.206920048185737,-5.241366519194911,-1.7773949529171982,1.0976374919046146,9.324647682733515,7.920217135657518,-4.824316801611666
1.14987989592293,3.3976727607407695,10.822199601763476,3.256771624698135,-7.545136360807101,0.34492595115767016,1.049789197228266,9.840800571944737,4.73654768969124,-6.597960643188328
1.0401475597260996,5.074592927508424,10.514423076328326,-2.32558809781228,-6.957895945652821,0.26350422039595456,1.8759009697553561,9.840334727874712,0.8070993800174088,-6.980440198169169
-0.6258493625991611,5.465355298059705,9.020846368399527,-6.94290098073321,-3.7880101485201116,-0.9365361165118877,2.237249376633364,9.870155186602226,-3.173315128378796,-5.841366076342802
-1.8290113627066813,5.13696425310375,7.391635736185684,-8.727563153384978,0.6943811669819953,-1.210731800095542,1.8963538497777106,9.397138448267201,-5.249533620951223,-2.665986890233582
-1.7981244633195979,4.430555395442372,5.927603763829346,-8.620301311111648,4.014507398656745,0.8329124418969781,2.1263726828076632,9.050961249265976,-5.760327617915875,1.1162799303811395
0.36894120430322525,4.786135789931361,4.553572674238842,-7.669558071465937,5.641716513333907,3.6892400765408535,2.9643285833107043,8.07054175885923,-4.89471172214243,3.984194877769865
2.8486885965350233,4.656837211241877,2.6808280448865847,-6.581547584399991,5.145818873434511,7.1141507052707365,3.844749930220026,6.617331755034902,-3.529616710241155,5.687622202338815
5.517834011356639,4.062489336835145,0.9346032299326381,-5.832269487113616,3.4899604378661873,9.487274600274,4.567777933963803,4.226352376193369,-2.4892704617808072,5.870119124063821
7.290812899336143,2.6812912365043906,-0.7659981202598043,-4.877146526457137,1.0752535718561391,10.652200497399601,5.111841943467487,1.6984768296718813,-1.8989533154698028,5.997222782112851
8.166687263571713,0.40432698809530854,-1.228413630241274,-4.4077026128507,-0.9647649543517433,10.451222887479036,5.545670162529129,-0.7147116300178198,-1.1965975783342633,5.393337700410202
8.49902020330351,-1.7280810930498307,-0.015035032501059975,-3.394804615406516,-2.4515342554608166,9.731587809594284,5.413529312580419,-3.7025023285858856,-0.5286966985086519,5.354200845329943
7.8926482881632465,-2.9330872925152724,1.9344757236188403,-2.9360861973117527,-3.1653854066563083,8.40681441916127,5.154019942132611,-5.304056302207866,0.05216065234092539,5.267811032547016
6.982244138741128,-3.219677215520617,3.4632062318328174,-2.2941819345036536,-3.361438363697932,7.611586188875242,4.234339315888341,-6.487776725469993,0.05033800189040254,5.594543862919946
6.357592696946761,-2.9167346631639424,5.175753883938492,-1.517431703761913,-2.7020430003940565,6.761051693781236,3.303753995129678,-6.822742707266135,-0.05258322580921832,6.119397984997694
5.818091643867069,-2.4606758035073417,6.481059623671989,-0.9128501465810303,-2.197061295779905,6.257283511749805,2.252396227641718,-6.831312978176143,-0.5940614641124701,6.006138324947056
5.552572877645089,-1.3263616438861305,7.211768842556671,-0.39855241244237977,-1.516431683314791,6.445841365501674,1.1089376913316844,-6.881614785120018,-1.372899938519645,5.370215455435721
6.199327810761332,-0.30534034493454354,7.796698263201896,0.09133670182492733,-1.1939502395912553,6.542822056290206,-0.07919881806774173,-6.246783964456588,-2.122413716635433,4.352755014932715
7.011499240985592,1.6254950877633858,7.840487656676501,-0.06470942910975715,-0.5515603398618245,6.715233147620285,-1.0903952034447202,-4.938104984536893,-2.9798110585997035,3.387974857677733
7.879077620068737,3.8119043398733945,6.830994790856982,-0.45091080153324503,-0.07586076372803997,6.881898822680635,-2.0358934072985555,-3.362376870135392,-3.324633039912826,1.766339727441335
8.098426605592111,5.805963073354278,4.6919663792288775,-1.3090881671454269,0.6229916177587735,7.09304805426213,-2.26096756150968,-1.7493048465332757,-3.0614742973456734,0.673628936013113
8.35997298405392,7.27093320314606,1.917389792900481,-1.7917787604269582,0.6022755422298766,6.998746912382675,-2.1481599607391453,-0.11872042481332684,-2.652176485456038,-0.3747365011991761
8.266722618777994,7.57008532025229,-1.4501231071326468,-1.081989208000856,0.41149292144770844,7.035999624158565,-1.6662037023034886,1.4122770509826517,-1.7840313503883332,-0.5337831750462592
8.118347728263034,7.061971318745334,-4.257200132578175,0.370149652075708,0.6875806116229742,7.382571638772349,-0.5868914160030881,2.1505269733923345,-1.1350854231120195,-0.5764451245204919
8.040046414576278,5.517251365270241,-5.372165480868927,1.8261740100795336,2.0477597663824394,7.456320257588529,0.38102280940165734,2.695563450225867,-0.7981323088980014,-0.2024233476101851
8.111078318691915,3.343557725826431,-5.961984405442935,2.7690142358512335,3.949264958509272,7.185596345818418,0.6549621530271558,2.9588267265685926,-0.3527112793352091,0.029505202021979086
8.35287391690699,1.1507720953851739,-5.722367897782231,2.239017242568407,5.900242891450734,6.792775608369617,0.5070518357140412,3.1185329631640735,0.23269547747074854,0.4417406794057089
8.358333744114333,-0.7375801096158938,-4.8972012374866845,0.9780368217686423,7.109566283698834,6.580607594726443,-0.261034775340292,3.2849495400631814,0.9872128347754476,1.0597734280456161
8.092887535488524,-2.9044247308582145,-3.518445352161279,-0.5154187347108803,7.352148883700879,6.4858477804150665,-1.0958459923744461,3.8213095803949955,1.359357029966906,1.8517921189440563
7.773196836882225,-3.9012694483611687,-1.4140342435367677,-1.4124303879341407,7.0535247446625196,6.520660498939329,-1.301168474117542,4.406802679472112,2.726979307392164,2.4852759813020184
6.64642918677889,-4.4505146405997325,1.0129685444289485,-0.8549963505082041,6.915247308022881,6.747817490200919,-1.5432020111256903,5.005439343434054,3.9658710730487727,3.5933234965796124
5.191077556099937,-4.285544892213344,2.7242369451457993,0.6001873569469918,6.839510530245226,6.235491558461134,-1.275244806412998,5.188597436032179,5.529721826396692,3.9103888048330986
3.424275238943704,-3.6708722732237966,3.4141288891411996,2.9089894526886173,7.340014010488631,5.276283754936799,-1.4488535417257227,5.375673453562195,7.354416000058473,3.8123680714670067
1.9192148857450573,-2.862906631560144,3.7896731987004904,5.22189020884192,7.492680271790419,3.5782361633168382,-1.4138719978560987,5.352514327112748,8.737301899226594,3.0157225321749634
0.8988645415861125,-2.3327923373832364,3.35045558054717,7.089071961118009,7.215584437261905,1.285112403448225,-1.0113659728081918,5.29207113743993,9.823302637615965,1.5878727749705792
0.9624008315272521,-1.7093920470689032,2.867750148651356,8.580181929165045,6.349045723149411,-1.3099336902814573,-0.44703264270903853,5.140912061071854,10.18028070170289,-0.21100496788471915
1.917213188209356,-0.6964031849243891,2.830263530303889,9.61639517174018,4.0489655230055925,-3.098083189864623,-0.04510699583250564,5.179394776617216,9.88932850355378,-1.5892891969886997
3.0389418055440824,0.16252456378937385,3.1680020689305053,9.999700263915248,1.233005130738788,-3.7496600856617017,-0.10176602985482697,5.600736189100474,9.490023402486138,-2.2373776517216957
4.434493294604201,1.870775213791449,3.6458315250720346,9.761266335182233,-1.596949933137514,-3.048902708472039,-0.377017446518358,5.44754695523755,8.827805393141773,-2.412321303158446
5.262337576314101,3.746563338396672,4.69405269726387,8.561740646266676,-3.7414474034944853,-1.071606617539356,-0.8437519466671127,5.447431891860185,8.378661929714923,-2.1331836640975235
5.869668483297226,6.094781418000606,5.537167592952678,6.314818030459182,-5.282279236721456,1.4844957534100032,-0.34618961489324446,5.557955688989799,8.240621146879201,-1.3978062222930077
6.113782262071093,7.99581743686775,5.202750231446347,3.4465091366657354,-5.1325513676755135,2.77884426812521,1.5488156864492164,5.675826027824037,7.786173338456273,-0.4455371909045488
6.382586122715975,9.570784294750526,3.550587055548641,0.7373333737889822,-4.655039784976977,2.902264511846278,3.429715381149152,6.627115867671176,6.9424874977916,-0.08980877030198958
6.565932534273791,10.475846432155652,0.9341906090507839,-0.30731698851022715,-3.8234338554808316,2.4778185554209204,5.308810527044352,7.362372003871112,5.634806939482302,0.17766816957639836
6.630691127447391,9.968641161572002,-2.2062877054062136,0.681260201359301,-2.824270800818311,1.8910097917112632,6.660994018796359,8.196077626654093,3.487148248690372,0.4370644893990902
6.9461186048578245,8.811695371843259,-3.888369351130797,3.0472473290923374,-1.924727723773775,1.5586262986995532,7.882850489820586,8.68130231545498,0.9856922688298536,0.6181531523164396
7.607446482199555,6.992144827614171,-4.444464126930961,4.920985043442804,-0.12671805212892862,1.8153163611228653,8.678866268328592,7.8562585263330815,-1.6887294132230901,1.1722572545623557
8.16523309643477,4.778364075405742,-4.228331317170371,6.555200644716918,2.141246621447846,2.187512596844345,9.210439784274326,6.0000810624845755,-3.7235396184926057,1.3431717337858189
8.861432394177747,3.128764379975802,-3.983040593507177,6.784749270424434,4.546947467581182,3.145497212583338,9.563774915430091,2.8145294520995026,-4.639003693829111,0.7672628362050551
8.946366444201473,1.7909014881605692,-3.429691731379538,6.313637060561963,7.306226500256666,4.015145118605005,8.452091465098842,-0.6001545792590175,-4.816266559788112,-0.4040413564402058
8.708620328264347,1.1834056989605852,-2.921044222491574,5.211302538419382,9.709135183984428,5.048382884130501,6.2454276967732545,-3.24408566258719,-3.0397400003151605,-2.076006905798052
8.456864529340079,1.4429344432430846,-2.8094205869525686,4.041013837003765,11.776918761094526,5.3142004024845155,2.5161426742828623,-4.134580868846896,-1.0747735512300427,-2.670756745481435
8.197685474842055,1.9358724615229728,-2.4686498224656357,3.253382457790649,12.962924991189514,3.80110534060734,-0.6266019927569456,-3.7903885515789826,0.13933317841306508,-2.29797862194404
8.1286897137843,2.0356818657008886,-2.131751462597287,2.2546990203351904,13.385137518005047,1.3423119343380494,-2.3388799742779565,-3.1170105952081046,0.7309367088788828,-1.6348573698718603
8.042436815767804,2.004896912388033,-2.302927670256441,1.4672650049560108,13.449621412490492,-1.0323152483582294,-1.641323358503933,-2.461491453506884,0.9276701647880427,-0.5056753569675372
8.385349281422142,1.4916594975629958,-2.2984744230249423,0.5839459254004258,13.153322320009893,-1.4426780877038439,-0.2687355274901506,-1.7799259820572413,1.1934533275980315,0.5487447476139187
8.192388652046686,0.3430512369927228,-2.208217736016057,-0.5115100420401718,13.131697378098233,-0.6075061401464803,0.9910412551296528,-1.244531263138123,1.7224097537334095,1.944760440377651
7.994173940834134,-0.6686486514074343,-1.3791393859542582,-1.198625528229582,12.805424895216056,1.3750993757346868,1.2914842001954407,-0.7030027774213009,2.011484736670222,2.99468401317157
7.504679554718365,-2.011078458731674,-0.34169167821722196,-1.0838351454189075,12.499312221299473,3.3582854205146244,0.24684786008230053,-0.06136639617992129,2.2601120840629836,4.231200097609834
6.403147902466572,-2.63204054222412,1.3466723197364296,-0.37229440946686276,12.304896166191206,3.6436238277413118,-1.3983657323802958,0.49884356720878487,2.759720228155661,5.424968432980902
4.841490968814945,-3.3744673468211275,2.4818394453539385,1.6323486411673493,12.06526005902127,2.4376250349054724,-2.538627387225821,0.910786512802995,3.5100591048636627,6.2722772560291356
2.595477680886087,-3.3816222032950964,3.0882209495446826,3.9358455888263215,11.760571015787715,-0.27543295186477856,-2.5640895755202333,0.8500682646458717,4.097829932264976,6.843748131309081
0.24708017664332266,-3.164578626144295,2.577079122079438,6.405463286551843,10.418859443941741,-3.8907602058996797,-0.7848458652044048,0.9500306374019378,5.01972825006304,7.394310383630991
-1.9572700453901475,-2.370095004588471,1.9858027687572495,7.957283593606891,7.7166226805748055,-6.377925214746774,1.5829007856780766,1.4056293004582652,5.426498683207566,6.947023116193373
-4.015816888747228,-1.0930659528159015,1.5063265683692266,8.579025685277088,4.51426681792836,-7.157184707556363,3.231330067103182,3.4994511145816034,6.118625945204574,5.3976036280227975
-4.591766990671813,0.08770977259736151,1.592441646689398,8.79305330740126,0.9811026998037252,-7.022333364046833,2.782771175863126,6.048695036419435,6.491624687901591,3.030517216091329
-4.246759726142439,0.5151985342774442,2.0751558358398174,8.781633642853764,-2.0443727919386747,-5.939837452798832,0.7158796617702037,7.4427760451039,6.446965579790779,-0.17536447537307467
-2.9490433701742806,0.14480293650268714,2.754999181390292,8.420121838941839,-4.988049316984538,-3.4402562929603597,-1.3971478143870013,7.369713807642463,6.292846292741843,-3.4707387735335766
-0.9517517299763606,-0.1663690535927328,3.2290785901847268,7.763621843774542,-6.039764606040142,-0.04544741817704935,-1.9300452170256777,6.692638878853525,5.323508254734954,-5.135108786731406
0.9205189567590768,0.5862619581653208,3.5074691291956728,6.8375930188929095,-5.957828176149201,2.9423764453906585,-0.7107671924418308,6.733277825576918,4.203915455816875,-6.116558460180915
2.105540830403082,1.7279867287354818,4.0073034211370695,5.940930499487131,-4.941775397990044,4.749680832175354,2.3430992970095477,6.684739541268122,2.084681568725303,-6.266606216544697
1.979953116024874,3.141045347518335,4.774545213727712,4.470679826804076,-4.1917130835192475,5.1817944803453875,5.423484805050906,5.956070592386336,-0.6517104218958342,-5.469277827005861
0.8784056631737767,4.119146640220273,5.514028902623342,2.795555420921192,-3.605332908623231,4.760978740019765,7.875853485891969,3.878804328766434,-3.034655990444858,-4.544092054613923
-0.03254124542511892,4.562482222674018,5.985625897010931,1.4596061855226887,-2.998238310009,4.031735746875118,9.2415230463933,0.7101459842560296,-3.815620591116802,-3.317992944158749
-0.8775573724052691,4.524740114593712,6.389478941054623,-0.4917198864130121,-2.385651032316115,3.261291087279461,9.818467486752313,-2.19503869719236,-2.7343104519077244,-2.9110961907388395
-1.2403098752301978,4.5093330981204085,6.324220081420394,-2.03116184226878,-1.4965107475237023,2.645173840728802,9.57118485098948,-3.5216953283819548,-0.27906193265102197,-2.2570254495929265
-0.8884072129731225,4.3614118894320075,6.193622387525092,-3.1381939289276275,-0.41164893852166035,2.324218830365607,9.187806540462804,-3.5688154110893855,2.3157711518962842,-1.6407269398954833
-0.3264826197663212,4.3744323187579255,5.9727256718021104,-3.773550554813769,0.7042130274346112,2.8717996559615746,9.036573645915357,-2.5605992862882188,4.2847601224374054,-0.6999616033418378
0.11177651053437893,4.5170649564885785,5.181486899099519,-4.054266256156201,1.621450796950249,3.9468362605812946,8.270054453766635,-1.2149664297592009,5.492739620809316,0.26295939376984245
0.5992860831771212,5.019174361941473,4.608974146268323,-3.96357458657527,1.8658935928804312,5.359356496076595,7.982643735098171,-0.2926278746841067,5.709707579238297,0.9813245506652878
1.0123596712071918,5.351270905674503,3.465238062412747,-3.704077714143791,2.0674477949203314,6.665432204159931,7.470845092751746,0.08831903535882632,6.202982631206377,1.688331558032647
1.1545145429780432,5.61336378503655,2.6911917394835037,-3.6349821617764464,1.7655893202830903,7.506295550450199,6.997118978958916,0.2182102704942478,6.04296026952213,2.352362587527675
1.8099946153643929,5.806425109257287,1.6809182928727866,-3.551934557279298,0.8731255116370266,8.518752066741442,6.495021017617154,-0.05993387268122553,6.301694753941585,3.2510391046769254
1.9363934609260558,5.713186694087094,0.4593893591195211,-3.0600676549100436,0.03577076269283552,8.959981974645109,6.7326080596862505,-0.15420667407259395,6.558556650442555,4.018566389853199
1.9812437064242774,5.33602421185002,-0.30856026417684973,-2.4495178762034095,-0.618659982090902,8.844000041345957,6.782967456675444,-0.3320015964457166,6.71979417179105,5.050022796854912
1.8539927720970601,5.053018352779512,-0.8024987121272884,-1.6720478901789886,-1.1034697805499352,8.678046485643087,7.009145483503014,-0.5064768210365926,6.848670537779459,6.070011811386158
1.7607335774134119,4.602456650238231,-1.2744737641518589,-0.8246142820553692,-1.1550699648905671,8.250372428847262,7.2412739188119675,-0.603101636584979,7.109760753274709,7.440063327807645
1.0895664561767797,4.225413397036341,-1.0479242233071828,-0.037917936419038026,-0.6379425845768084,7.9315468287125555,7.64131913769871,-0.30523578508659577,7.294023625831803,7.965004043820554
0.16869449747738358,4.287321238405702,-0.5329062160321667,0.7514096879016272,-0.04721552239280492,7.78307469291486,7.8577640619573925,-0.09672749638730072,7.321111658030106,8.318203181727116
-0.39249163559527267,4.4670321649727125,0.3519076686867213,1.141086350454321,0.7002602405695975,8.133030894475073,8.05318533059804,0.27637363823606703,7.625265887504303,8.522065834657711
-1.0942094944545269,4.989401664637012,1.234307943897537,1.3149849565566984,1.7699641491621598,8.488755756477309,7.753788856633832,0.42836837507376485,7.650220100616755,8.201565199562184
-1.4600672143299975,5.873028440632931,2.3562321192386544,1.5298451186237856,2.687769411650136,9.33562754821789,7.11569452152188,0.6224768257054063,7.784462025350456,7.355237015177799
-1.455940207530403,6.1620531407889745,3.4607834824928014,1.505931050944755,3.4343102995241788,10.25894585260822,5.778166123014754,0.35091639680150527,7.868727467639308,6.758446083370243
-1.2414049109754361,6.659150601054603,4.906848091705363,1.3887838334424698,4.227774210975148,10.76100218343479,4.275679526522598,0.31322345304237703,8.108520938137957,6.261655093583943
-1.2871179604695875,6.7898754365516245,6.036061624422666,1.362417827168412,4.939098978217789,11.130580966468004,2.084916494072249,0.21420124798214582,8.309611641479252,5.853519889607683
-1.059574272877122,7.070988192852044,6.86961012239657,1.1568118058732475,5.388617774082284,11.103911469451097,0.11696656980361392,0.5293060921251459,8.284417983754057,5.639987248126909
-0.9788102280971823,6.84902770434721,7.876396630099127,1.3374704053928927,5.8039201318744,10.394648612263255,-2.2395299539458353,1.0956068536848116,8.616914899385563,5.227180955141808
-0.7992763392296283,6.985280331389578,8.849993194543307,1.2772134668800472,6.332756265695469,9.138912032177808,-3.5503408560076504,1.4799381148663984,8.990623715432585,4.1439884536593015
-0.6711454138279597,7.007260212598799,9.579887109915376,1.3955362648091996,6.180346493451257,7.443883724527837,-4.751033728941614,1.858708277758044,10.000483474374763,3.333773336571358
-0.6980572726508774,6.7402889189429205,10.134374321876402,1.5053939601488013,6.303536796279117,5.429457297742614,-5.486107689911712,1.204285919605334,10.434943902876539,2.2977300663130142
-0.649871954635879,6.559141412377699,11.024167718953462,1.6001258972101915,6.160788374676545,3.4455653015053738,-6.159059689049574,-0.17809651598771298,10.797842770120122,2.0688426085636666
-0.6822233182283765,6.570286427304314,11.696811483563318,1.6087859956748476,5.386741546793993,1.751074651006332,-5.894740417293667,-2.0985275802587315,10.351506002711798,2.8005272295474146
-0.629042638547328,6.419960859853227,12.242395289311268,1.1765470508954954,4.703572336016529,0.13313385152500196,-5.624739160908815,-4.0790429243833595,8.688550335420054,4.281958422220786
-0.5194738912450854,6.420996420355666,12.532500626827368,0.7687151024432036,4.614604901285667,-0.8711019147604487,-4.691678353335322,-5.743521685352162,6.39517992614052,6.106301093840424
0.6708780089833,6.657789725365363,12.467173730974169,-0.03834918581319008,4.691780870258294,-1.028419270650959,-3.5556072466591844,-5.842205441103358,3.365421887617018,7.61334072877531
3.0547778147410476,7.149436710798789,11.624743884301298,-0.8349700325018631,5.260510425527773,-1.2409200228731783,-2.1341161562376136,-5.579870869138702,0.5720474713296799,8.471089039197699
6.613486380492269,7.829828215948955,9.402135427252976,-1.1588993505879923,6.097422516336903,-0.6419129383917589,-0.9394673736707618,-4.6906344500563355,-1.635895962975242,8.400455344978948
10.58954261519391,7.855961016890151,5.557361382325087,-1.0886250584540635,6.672904292928293,-0.28404673651723567,-0.2051167448852005,-3.9834506433794266,-2.817263279256927,6.972284462361824
13.686958246831038,6.33327292285099,1.340071723190146,-0.8574118347066821,7.119985475111627,0.839245531940726,-0.037554215957358694,-3.5485838660077755,-3.213831675183714,4.787526792363035
14.936634096690304,3.728192014551409,-1.8019309647231272,-0.33465401926757665,7.036737033460153,1.1885563832561394,0.08032474508628037,-2.825764416725691,-3.0320755697549293,2.511494886168356
14.918653398405828,1.1446488401024733,-3.127470191900843,-0.2560222684178488,7.181369260801155,1.5987437614045306,-0.2081616741535608,-2.171199927567278,-2.624528519261507,0.12497284877061227
14.767262556148385,-0.20982528881293075,-2.849417499689178,-0.82618656005541,7.18450145814399,2.4056150107300884,-0.6444403843056414,-1.5663018496546288,-1.9307514985466363,-1.03596810094175
14.51015227986196,-0.27137842258465233,-1.6121710609979913,-1.2171391840485106,7.115447346888582,2.766334182441768,-1.05269569208011,-0.7017746253197079,-1.4005642480639064,-1.8954177421345453
14.151426377153554,0.5445364131113433,-1.3145816846180554,-1.0666158892350217,7.020080638905884,3.2140011693370547,-1.6489517157266975,-0.14937684667750728,-0.7597111064410974,-2.122577582516637
13.53418739178035,1.4266907507725868,-1.5544841655155164,-1.1357243212958548,6.920690863383499,3.0736856976788105,-2.1261426264844845,0.797039245015583,-0.16294365179553638,-1.7147752920207853
13.408686057076226,1.7520411197638008,-2.321486127241308,-0.9630317956624693,6.889227542586083,3.262860023074413,-2.130699721160984,1.6551366867703308,0.23479920968551035,-0.9708116868909016
13.232288493650676,0.9160754916826404,-2.6983525571895584,-0.9907701346865649,6.568317755274496,2.856864372895673,-2.377113184617179,2.3927495080487065,0.757357267935335,-0.36702289255950193
13.047840451271812,-0.23356610029871355,-2.2224622446845936,-1.192539332760708,6.563506343067151,2.858219855557059,-2.3386426113861707,2.7690360111285663,1.8695970148132315,0.9048656843622653
12.509669478430535,-1.6100546862172689,-0.6794577808206165,-1.200607760964952,6.732345149493243,2.864627742172137,-2.095432539539798,3.30782284862536,2.776589688720438,2.461832752371655
11.770070477552672,-2.8904276721582405,1.0534963326373292,-0.684590258394188,6.566241377113773,2.996052161600399,-2.0787698369252325,3.484265011313599,4.139688016966466,4.016673136238495
9.653713030847763,-3.48893680835649,3.4083239546972743,0.9489171946262518,6.586005874956787,2.532327100783012,-1.9421941353701708,3.44726453558929,5.414433469692381,5.891096585854975
5.93915042492023,-4.300006638346283,4.783464706838856,3.6707914265000605,6.681018739579014,1.6366810975356387,-1.4840276144257187,3.8165057616583256,7.163728668855212,7.234536972426337
1.6150638000095645,-4.140166143577107,4.712588904358777,6.159647524310274,5.9170252132391665,-0.049474879767719956,-1.1318118942516662,3.381905417167671,8.796573311144614,7.689248544726643
-2.287564473075404,-3.2903323215408493,3.5514168247560165,8.34526629576654,3.9790014554580675,-1.3942823072878687,-0.5932007220027953,3.406670696613646,10.136802460827772,6.081029242222232
-4.665292770562706,-2.3786464253262793,2.342126377224047,9.303175528620137,2.337329530734284,-2.364759518210794,-0.04033064438264669,3.4535621542389197,11.00542664536756,2.5241840054014957
-4.315350677455969,-1.9569076897015385,1.1539089967991634,9.775208640849392,0.6581864000899109,-2.5926475982471175,0.2892843537450804,3.969722191793427,10.917518178817229,-1.502319663933246
-1.327275197176726,-2.067348762255427,0.26135042443461454,9.53318790514809,-0.2807258029954661,-1.877992197662075,0.17892869532387096,4.3337671114899985,10.251078255185002,-4.7771112001608005
2.1846379284281956,-1.2710403508703314,0.009698587404211315,9.964252650989005,-0.4634836760490859,-1.2453679067487187,0.4221852476252921,4.706230722111499,9.073869134120688,-5.985154910002327
5.3439007918122625,0.4124753389850921,0.04031696526957568,9.771815905006727,-0.4151039163777141,-0.4691741961527458,0.5975428361609895,5.129182672780319,7.474380934833697,-5.727494982670356
6.716672481395583,2.5249877747021894,0.9472783897368576,9.716026367024634,-0.4595642415602921,0.15400886058786348,0.8185773111007906,5.563665264336933,6.279767569770782,-4.5328826560449675
7.474027784281279,4.7757069849857325,1.8029610143030372,9.4882279011133,-0.4114573399781861,0.6435355141431072,1.5754234942751015,6.175893490891844,4.748327058629407,-3.7758168645177785
6.962612155987241,7.092728931222531,2.8702730012300495,8.76858531376387,-0.3485347547841584,1.375175528804331,2.2503193693551706,6.460895154515856,3.2431465491231672,-2.8834365140273555
6.427415417444606,9.160442689201078,3.762289619897003,7.33937957131586,-0.3771094758132353,1.9503787955961764,3.3261626100813033,6.900646484147845,1.8249854334129458,-2.1734487960875883
5.883226904189605,10.850935633233258,4.267358821032214,5.485552303669424,-0.7358594139701682,2.2519180696918215,4.204502657923036,6.918673857121962,0.5539431414509002,-1.5325964865147244
5.317733304525277,12.35933753986647,3.661081896215732,3.169585269625761,-0.5654894581065973,2.6104428792900216,5.51864485515122,6.237425240394062,-1.2586241899284771,-1.0069503717318187
4.977603287072373,13.133764604052148,2.2451850004547236,1.813851412146189,0.3730628236170806,2.985953650554013,6.3608094493898495,5.152119054040411,-2.4931250279810713,-0.4025586951838501
5.176144117428922,13.354939939265662,0.2893672013579992,1.2179888347731866,0.8000529508112916,3.2967844011315286,7.149525150185748,3.1944424385061394,-3.2092187411878434,-0.17174931329606855
5.352204254181019,13.069008321546399,-1.545173205525652,2.3941512397513707,1.3734686518015118,4.0213073083772874,7.668223919065179,1.0263882066647327,-3.4842409629769424,-0.2198227476511909
5.338732379695641,12.36249854436848,-2.453492932750958,3.5463044018044596,3.056317656770609,4.951571840596281,7.203787949496,-1.5179482174234127,-2.546585215063914,-0.6604714645482196
5.031867671621439,11.73297705538891,-2.5516022465892974,5.093719726681422,4.92462874735732,5.265765637017402,5.547739764406577,-3.241309352963927,-1.266053240941038,-0.7709080560544128
5.011254275172334,11.321385992574289,-1.6894656825293357,5.676408543579578,7.147609915901817,5.3149232729989775,3.338759250230338,-3.9307138711650684,0.02944017209764499,-0.5028624972744945
5.189591029849464,11.224255028828358,-0.48416789767404317,6.112296973805485,9.02867714724337,4.159769990611015,0.8539935902784248,-3.8315817035284434,1.0770439939784953,0.28309797484046184
5.7380276252361595,10.814979455169665,0.4275012653755227,6.249066495607898,9.907211715744767,1.1885099705955366,-0.5711058341049159,-3.0028874765740605,1.5065891451446793,1.4371484966855006
6.950840484379537,10.250292288688314,0.9898543083543448,6.562686275620154,9.896320387130404,-1.4251032229447984,0.05182252047305026,-2.305369044459972,1.5408141735393799,2.472098612278089
8.319820510682781,9.679704671481888,1.0033283885819855,6.534338810760722,8.381803864512673,-3.589138964232219,2.028415961948706,-1.6552776132878173,1.8403744497560592,3.6459415765130854
9.967850981102512,8.171897881323012,0.37072010559010554,6.707544677764466,7.0729256567294785,-4.179269760798109,3.9069348322599233,-0.15399052583006081,1.9892623085451628,4.784857151390312
11.041685763382764,5.484184811774922,-0.03558594458619485,6.880952396948505,5.714159354946265,-3.9525448524262803,5.505251962620483,1.8083377481274738,2.537745375378046,6.153352782237076
11.30979126747523,1.8279258695766658,-0.6491177250074359,6.952943328648976,4.783239521064489,-3.6857618953412437,6.123760422529607,3.9687966067650473,2.918737332864826,7.2872312807383315
9.712437594297949,-2.3771864126026268,-0.17464206832220575,6.938893703847024,3.993697389721786,-3.3510487969118485,6.212143325112735,6.186440485531654,3.843655789885542,8.307454752076765
6.335764139162869,-4.982148603235129,0.4930228469417678,7.3879314652922305,3.0524169893420106,-2.7952375793124626,5.571476378618207,8.584617321913058,5.148949276682358,8.561796346459019
1.9841556968055192,-5.717203707290946,0.20953789780961185,7.510836417814089,2.365249788971313,-2.4519799990749505,5.061230122917586,11.075800668375049,6.650050402772803,6.96313964182484
-0.6310197468325649,-5.013622053307594,-1.169736459890449,7.622497153544515,1.9703773712488548,-2.066817588269901,4.0945063935066885,13.232176110594263,7.030554935344107,3.0673122739458254
-0.790834692057176,-4.136506431491066,-2.6717456475648156,6.991274733017336,2.516413636698414,-1.9185416184419102,3.280624480795805,14.54618536864666,5.178672299369171,-1.1086667536597101
0.8412790676239338,-3.5854973738436593,-3.3526417070807497,6.240802990582564,3.1343810125639147,-2.0285567151265504,2.4115837985772046,15.160263517968865,1.8390443121323656,-3.2043271343617796
1.5096703360899213,-2.9595132550358745,-3.198188251187868,5.176260806246139,3.9732477417441308,-1.90508830269399,1.6309319852445736,14.74279921364047,-1.475858327184062,-2.448617332547084
2.1202769200004883,-2.583752883393755,-3.1141374244229354,4.293567766343621,4.333031720017489,-2.0978486903254945,1.0694720420388952,14.618806652539092,-3.0976010005709425,-0.13875274866006854
2.289649480261515,-2.3850139764977576,-2.675840097162097,3.578227939437073,4.830142779260431,-2.090363495276515,0.5225385927003098,14.390337196668028,-2.312660849333556,1.7987105016215614
2.867080132388927,-2.1668761705878423,-2.2040736518892055,2.9877935096078505,5.2827084934385695,-2.3348589137973894,-0.0891020344921546,14.162822432827156,-0.04581831266422982,3.2570485643788345
2.4838971834529664,-2.383736577875734,-1.5760128367034405,2.78704873422224,5.400153918601492,-2.5522041794198365,-0.438046726064231,13.957907354763798,2.6523838746568127,2.6502128909431693
2.12912135340909,-2.194870639696036,-0.9008278130019775,2.636077628152166,5.400443402329182,-2.9080029998822856,-1.2677256819649938,13.226377525645656,4.83045276803045,0.8873958062403735
2.6417167502790835,-1.6785131632580281,-0.4546451479994111,2.623166297658051,5.461747005670554,-3.36674806981644,-1.7329110857232772,12.730777591523387,5.903768923131209,-1.466468173382925
4.198719256347778,-0.6910564556844946,-0.007265048714919432,2.798742499881535,5.079760114623916,-4.022987725197169,-2.311272197840605,11.445848131859375,5.946894043872586,-3.6332706553953913
5.313115440397334,0.8313979342244321,0.48742662069021675,3.402293021994226,4.601032676929557,-4.631411918920481,-3.087860614947144,10.251946015134894,5.354465461801575,-4.596550007207711
6.441410204231051,2.910871383118402,0.5580810309706035,3.6509616192949923,3.954888102042452,-5.408043114473978,-3.593907127231736,8.597411752518633,4.887356856494926,-4.592110056884472
6.790095001543112,4.82133716779511,0.7161888499900492,4.211545474162905,3.156606050806589,-6.100524876536379,-4.227729597863568,6.589763046100023,5.074410273967879,-4.149891291104003
6.729852482124793,6.793751966787818,0.24875841092661835,4.171043427972566,1.8780529494526617,-6.193637490660245,-4.122406587856368,4.473630286792748,5.3608533828695055,-3.2778160390485453
6.800133038151605,7.681489424304531,-0.0021138894641503643,4.523828658980652,1.0044934886688213,-6.1020515115623315,-4.2593525580807885,2.2043311527980003,5.914919112259317,-1.901621699984306
6.948223571603772,7.812666010555613,-0.2985885614096928,4.873575718647634,0.07793295701914593,-5.362964990728685,-3.7300565223369873,0.35442251696895344,6.290261779472421,0.7520817544995941
7.195792708019183,7.222904124257813,-0.5952980735224924,5.278770250816028,-0.49320141902143155,-4.778408034269642,-3.014275450021265,-1.0914676821725848,6.401281627343033,3.399970142128018
7.373615708083656,5.368219870051737,-0.7983084721032272,5.672647496245538,-0.9264295653429883,-3.627158400383533,-2.3824263641066006,-1.802672446246441,5.890856431422766,6.44210508126577
6.929582105111833,2.6695401364749056,-0.5307214852916,6.101543269135036,-1.1285884122820136,-2.6352156175724315,-1.38963333606168,-1.8566844226764592,5.238228874044781,8.963599716851407
5.3117598250516265,-0.07732846293921244,0.05406417314268752,6.220918151813467,-1.2201303600805975,-1.7192676013420718,-0.9940675504127205,-1.7495008530081595,4.763961231784695,10.873145564030885
2.509669049309783,-1.528553904369226,0.4783467897048709,6.33812942396397,-1.188424594462627,-0.5766920001142382,-0.06109069600401512,-1.1983435479290199,3.9553825478315394,11.968171740138853
-0.3784903610716806,-1.6031429274919489,0.5624777043866781,6.367929445215589,-0.826180086019073,0.18163477645203197,0.25990898315064553,-0.9545812776488468,3.5002746488652163,12.212556496675324
-2.628053467577284,-0.34448258646673124,0.6001452767178479,7.0078587881228955,-0.3082080426123867,0.7267994255120636,0.6845224724627464,-0.12064901541742215,3.862402132545631,11.926280464525165
-3.7045293414851304,2.052524259085726,1.337817157365797,6.9069738078489165,0.19004737247658013,1.190388965496714,1.1781570836137933,0.4199547696084256,3.960992029121309,11.26217127962853
-3.7122697213855718,3.9115006317560295,3.3940986578266243,6.800715594462324,0.2247026565047355,1.415483740979873,1.742388849184354,1.0593871594874027,4.885226882042373,10.176973452540718
-3.110275747512223,4.972818279139566,6.000821516544485,5.783372429430862,-0.02440842948695067,1.8489054021913516,2.192956201449274,1.7952542762930828,5.552501330674087,8.963490072758765
-2.790372301917003,5.338356843094099,8.217263567111692,4.176154127441946,-0.7947326577333343,2.4688316328885107,2.897187013013533,2.5771322041075506,6.492041514714056,7.353809669391569
-2.6055943201932816,5.403383626506969,9.745721551290691,1.4263197784764938,-1.2439673481533142,2.8151058715759008,3.7520170619933078,3.5917600973137507,7.081114673480706,5.585154545779335
-2.4238376681081393,4.8669603716403556,10.599416435342766,-1.2281484072900224,-0.5523197940165606,2.8643347059419244,4.643793092348853,5.044777762487692,7.3091266523077945,3.257099504534326
-2.1234721584437097,4.025138104182714,10.530212878867,-2.795307216223407,0.6129549544250682,3.0811253368465263,5.812477833488519,6.349093506448206,6.510591797243466,0.8640328366475932
-1.5220008384582298,3.5164760969706634,10.290790737210994,-3.4623442508316815,2.2261436948372486,4.396133745312481,6.955567315897742,6.980843397658552,4.377310219143726,-0.7856409830427189
-0.9830939173590088,3.0941824544639713,9.976322241875161,-2.9307766335359005,3.2101331722125823,6.090667539080838,8.101541552208971,6.5256530869854386,1.8788397725178883,-1.6671388735603077
-0.7664636874204145,3.079389816839638,9.676075732320395,-2.0962027015216322,3.945779732135794,8.448396995982739,8.684636827836933,3.676891776211971,-0.5204699210508734,-1.3231860303894165
-0.28708435000049215,3.0315420907196593,9.563219498060263,-0.8271282580717295,4.2233533885123915,10.290169214559844,7.660534148223144,-0.10710050673303868,-0.9461693627654003,-0.5281735869010409
-0.11534681700824156,3.243466114867191,9.614060483125563,0.20531059513021138,4.629037497910837,11.574171671053696,4.2201608181403865,-3.1621793876363435,0.3469623503589383,-0.12684295361555076
0.7393646612621908,3.921702881657516,9.764514127227054,1.286957157084521,5.15825957604438,11.993430349429843,-0.20314156733704572,-3.581634886368315,0.9432136483554292,0.5751887764015231
1.1926802833716323,4.467432199626983,9.938985973459832,2.3584112868939355,5.3946607289907496,10.665216334152765,-4.19942384025735,-1.741791958495764,0.8648684642978044,1.1992514170635329
1.9109298964203645,5.487732019188846,10.25799718033406,2.994044214336478,5.5559479451955855,8.455623112689679,-6.295904559818753,0.9518713921874803,1.4395534976492934,1.7517344002939104
2.6948949631916084,6.40977220139667,10.562357667381374,3.0804599416231615,5.259014163632781,6.142023963137513,-6.603005055686626,3.20591356545034,2.782984761311793,2.1287941067589546
3.5650966858304334,7.937031997582273,10.341887951321755,2.258680918408961,4.766205179879445,4.094997955856266,-6.391160795015078,4.070865489376498,4.552314340658731,2.268772952379903
4.338963628138145,9.451399710801532,9.243727665578483,0.8099105631662452,4.646183886125064,2.4559957363637235,-5.506274747409664,3.497760031386585,6.470239945422844,2.6752104245254094
4.8556404408038665,10.572742196136229,7.084205252244635,-1.0700884708974767,4.929162332751998,1.6746318793686303,-4.9041650151848915,2.572708090958236,7.854403767510346,3.6168234156714516
5.519322213367752,10.720639179464689,3.4456711165735934,-1.978097994668521,5.427182182774024,1.3724252596351483,-4.496374597985768,1.4152610437098039,8.896796374493366,5.50687472769023
6.0838856939754455,9.227545688946162,0.07105901461803052,-1.6450353709474754,5.667402598089388,1.3398622412318681,-3.9923900107178163,0.06823230313540184,9.200120701590743,7.767207392664558
5.770342401498116,6.272860208645476,-2.441366155846233,-1.053472182113645,5.767443140484901,0.9234688414879403,-3.70694924221338,-1.0196652814150398,9.02257793563317,10.792525812405717
3.440211443378404,2.9715878845714694,-3.2107785803036877,-0.7130111944039298,5.681972257470773,0.8199512428726171,-3.439552359848678,-1.7704972185429726,8.04465067949847,13.188551857783622
0.42211794326376373,1.7991974218825824,-2.805481479492939,-0.6699729501915374,5.821239781939376,0.46564681813971487,-3.0140766595522233,-2.003106656111366,6.3759158489570025,14.535829392836476
-1.7948407860658364,2.995441870132502,-1.9870208146866957,-0.5313789823448847,6.04559433716893,0.48952615711627645,-2.449718517936403,-2.2308315158304324,4.787639707570092,14.516703241683397
-1.2548098082285923,4.600194769432277,-1.4554954822921955,-0.31974981250242174,6.181843688213535,0.34298054375725817,-1.9849787434345696,-2.001353384316471,3.1676932388111796,14.64897584970136
0.9343153617978107,5.089424648436976,-0.6186929130241895,-0.012897484569538209,6.247098185765733,0.37492758949774324,-1.5343481481576187,-1.6258233610440045,2.063698239212173,14.730123003477626
3.1451060208015535,3.5662818705014097,-0.6265823982164667,0.37751017203875414,6.365563570544136,0.24133909999217762,-1.1702074609312263,-1.2882591941801786,1.3677800893408143,14.648928990511111
4.558028118171404,0.9974490485207477,-0.43797442753768184,0.8212412377698343,6.659244803805798,0.284581956028355,-0.643181487757403,-0.7653658243551027,1.1816165788820132,14.576567603178194
3.4813026832798006,-1.4767458261338564,0.07626581058422566,1.4037754656186752,6.651943064107426,0.2895424725911964,-0.08832991314402466,-0.2654167306641442,1.220076781717123,14.797434097814216
1.0998822872154914,-2.565158172033662,0.7719937775904013,1.8898500762006034,7.078643555843806,0.1550983722337719,0.32951677504908244,0.5909649972833162,1.7894882402253685,14.712370506887622
-1.6995725080089323,-1.654809402202598,1.0279673039164783,2.589275908387612,7.047137023606244,0.04398062627641462,0.6336212001369822,0.9537530657442891,2.708345414312429,14.52252800547037
-3.799122783852219,0.7933248775507056,0.9767158406402636,3.2384578640104156,7.062816561914578,-0.3239663301478554,1.190904525665318,1.50938123995412,3.5194829549479625,13.37953316009213
-4.788417256706677,3.751923644976173,2.2947726079386546,4.063113068363498,6.769705905966049,-0.4317128144625977,1.6987328399345065,2.2408182110186017,5.009108475956779,12.073128308857934
-4.696784907972962,5.427854501976984,4.633844833682806,4.738299266149591,6.029771761395381,-0.7295997910475279,2.147947876794689,3.321384048950884,6.522432425651393,9.844405384992282
-4.459252986981301,6.25341063238672,7.541140102791371,4.878977447736777,4.67178067806811,-0.9443712376288129,2.7892294039114844,4.390656837190541,7.59213222403781,6.991947761822116
-4.293239586930521,5.384808854117836,10.42801248494943,4.139917631019367,2.4361716981685078,-0.6584311772045883,3.0030017798677187,6.033708644462321,8.526841601795043,3.3301124306969156
-3.756787255724012,3.8006501473624854,12.068696396924599,2.6745869132774525,0.952037182603553,-0.1636340709699687,3.1528353457796734,7.528499964550858,7.93437489940973,-0.7845384612758723
-2.441443035460556,1.6545614629397283,12.641310519174906,1.7615315251316703,0.27615805638947966,0.3275877392676115,3.6292725143898448,8.635607901651124,5.566998808803591,-3.9858766581177854
-1.339215435875729,0.5630300944789757,12.564690665782042,1.654984219095297,-0.28072930636253157,0.9276424670917831,4.082578539032555,9.52066535964258,1.9613798594849157,-5.309825891429602
-0.9216615837030031,-0.039348256275246074,12.79678141917977,1.4288548383340116,-0.5451935964933965,1.1378866007122712,4.767206693684088,9.389046178664188,-2.1981319609650685,-4.566486654326545
-1.1240068973763657,-0.11576285241563061,12.54008552170978,1.3213185494635757,-0.9475886100520075,1.406145297037896,5.76739235510846,7.932614790299542,-5.205638662095843,-2.177249113074161
-0.7788398186334533,-0.22526337111493916,12.29368032196959,1.0804910558120957,-0.9986159451057632,1.4144331619421884,6.430705188151336,5.60713839579842,-6.758379210668909,0.8308175324578349
0.5364725299656221,0.39240513470659266,12.328564949274842,1.0449220922811098,-1.2219314420006562,1.669640425492266,6.967006788147184,3.013849662845419,-6.97952531107261,2.4876302656303966
1.9401188252295873,1.4596406225044836,12.120422109857884,0.041906715458008614,-0.8009076836534628,1.8986939932006326,7.555309918997963,0.16293765927730325,-6.61074818736046,3.148766020243648
3.6112998702693644,3.107512541658271,11.761533101083876,-0.835322666251167,-0.2721786883109492,1.9634258372855722,7.692529345527896,-2.191406076591676,-5.58558942281944,1.9344589757104549
4.770317365467799,5.518657253892994,10.27503750062222,-2.4516340096364875,0.9182815510968503,2.75231237799091,7.266158855060469,-4.271506308056832,-3.6534396010072756,0.761869391261783
5.005156785696912,7.736236870491635,7.593211843370332,-4.192131600784142,2.4767429059857897,3.7457454467432467,6.351993970437546,-5.535368536364807,-1.3897313945108245,0.2204195095473013
5.2578175962573175,9.351267459586959,3.566015319983357,-4.870346573930429,3.0319977840404597,5.441929595262685,4.574080901783897,-5.902243433088266,0.6319540515001757,0.4920111677444732
6.153064476135312,9.476619343382277,-0.8403826780045399,-4.437486686934827,2.1014442471005967,6.941414659925764,2.167370761558903,-6.181567827721975,2.0123306280792495,1.5939573341478122
7.078109335202732,7.628574657182076,-4.876880651266055,-3.039042217645801,0.48472779788461373,7.127930373541251,0.09417373339919108,-5.589780723973134,1.9448602351215971,3.0612694495400854
8.051149706747053,4.139309782611623,-6.5090564714601005,-0.43623551279320893,0.042475257764729685,7.628073546786452,-1.269796639605988,-4.699670523645693,1.099557936586852,4.394290974474811
8.320735042751748,-0.23252249979433315,-6.787966731232627,0.5153870551941725,0.5972171400765581,7.4733945982499925,-2.0942087360054726,-3.2927080408417075,0.28443487687370717,5.141428128936486
7.833289022070255,-4.298369038474325,-5.142529340210291,0.16967698740731832,1.2372829096827709,7.593344418686586,-3.2644304260695374,-1.70295510260915,-0.1629522723860205,5.4931542770102055
6.478884953158494,-6.849802974019464,-2.3016453273772757,-0.8941558333391688,1.489864615667602,7.575350767282806,-3.3650454753940604,0.0445165267914688,-0.06968685919053613,5.417740140030575
4.496918796735177,-7.660502768515626,0.681939913048453,-0.6027703736471183,1.610251528908825,7.443224947085922,-2.815585633052761,1.8164603992809194,0.8704239280219902,5.708252540969997
1.9663258860170414,-7.661189755702822,2.3753613821737316,0.8029884656879652,2.030964164865014,7.158003998480732,-2.0950990669628213,2.7806466139511237,2.29189231005795,6.1293018219725885
-0.39004614074191774,-6.891870809942102,2.6624247111691264,2.4141617526940657,3.0084518844529526,7.167851875285161,-1.1870374816583202,3.3702534013880254,3.6374729151423124,5.87054748993489
-2.9744828555139002,-5.706111491219438,1.405776711977246,3.7971814460735525,3.7565702817019,6.377547441887159,-0.26803507183278524,3.845934860830862,5.036016617692077,4.965338810516521
-4.164564728996056,-4.4408947795507165,-0.19088870710503955,4.369145170864091,5.441368124331476,5.764850542878773,-0.1372127050066031,3.924074118797031,6.45813764652373,3.10569560866681
-4.664991629540977,-3.2886532384367326,-1.1849486009809145,4.3389554207648215,6.830952436319275,4.6078326241097916,-0.08606129119591288,4.605778935135262,6.811258692927017,0.6800011978331967
-3.4339908640286736,-2.1304947399007697,-1.691701341305867,3.8137664385482233,8.143269187990784,3.3861543426386045,-0.24395930627287457,4.82432797028336,6.7609782474497,-1.8644789410666298
-1.6333787980647358,-2.0734499354526528,-1.842926880205561,3.1306190666103046,8.977338988979401,2.229500686995702,-0.2141479399822872,4.91553593163304,6.505092384107138,-3.683099466210159
0.5756837161204493,-1.2588554329420731,-1.3839827675498486,2.7815602611776287,9.559118281003357,1.0769458005669903,0.13483433248448026,5.1468160447531455,5.5893949145624395,-4.758097281986241
2.3807920982193913,-0.4229359712669024,-1.080415834254518,2.577797250825941,9.645606508391465,0.3314635157601225,0.19898631848586,5.431308117675091,4.312259263690893,-4.590930727001647
3.4910626180066613,0.6111866317464768,-0.5827528149920159,2.570459396431406,9.998249944867828,-0.009223879706257713,0.6593703695039121,5.501862081834536,3.230612023952056,-4.446007283271274
4.361925114822443,1.887440232928626,-0.12031963806624107,2.762551268055484,9.884183926492053,-0.22429765058499052,1.3159313361581029,5.956174147845107,2.1654075058462983,-4.175071191715215
4.315591948420172,3.1990560993799835,0.21186511396837404,2.860211987023326,9.783357805298992,-0.4515636147660649,1.6967138655431873,6.299748759492506,0.589521771174018,-3.424208135245264
4.07930587546632,4.144579508505067,0.759145018981705,3.6143337596033067,9.883495183641866,-0.5050261169780621,2.168061254361656,6.677318138355788,-0.3636562618815765,-2.9084121818715487
3.5786947065842254,5.146841707654119,1.0332437008762363,4.4601119196728565,9.422342430752531,-0.6563627426983931,2.8334086770119122,6.786144626913017,-1.6631101631580127,-1.9889805526214652
3.3035224821481224,5.871813213046305,1.8370671933453149,4.6576732572122115,9.000392608892659,-0.8139338270041223,3.1554862377101403,6.726426090247562,-2.6783359292184876,-1.2421769725947258
3.4264468112200483,6.597261410529367,2.8159686647408697,5.348633318762867,8.242671232855919,-0.8627776064791888,3.3886906814773936,6.607051073441232,-3.1407971808558286,-0.23941163576932628
3.926408228108819,7.249215818509692,3.518721192136132,5.418303935808246,7.253358664431859,-1.1982640218189264,3.898414037353649,6.1621373705022995,-3.8420079039835264,0.6573500192806095
4.735561030070561,8.091008224120307,4.438893273380473,5.74892656319406,5.890640053584663,-1.0112177296421014,4.319929072041034,5.736443824086408,-4.057546826505972,1.5942948772153163
6.223072150114881,8.746249459171011,4.620736846931956,5.0653285804640475,4.946806418428893,-0.5990811745225071,4.587341726129377,5.4880859028014655,-4.069488798208941,2.1163773390761365
7.6973599190770186,9.55585307847501,3.923243496284321,4.3449030100255825,3.9776143479149138,-0.132100506789796,4.769314241028663,4.695548843436382,-3.955852596709863,2.1458252908185202
9.20290735865685,10.046722190079489,2.141989041153746,3.54065074318234,3.6560851331718003,0.4843612826355408,5.167342956884075,4.154707823859777,-3.8839419521457885,1.6014692394486
10.04400955778513,9.876619438490156,-0.5414422740352776,3.704743049578367,4.162362944372397,1.1935723876321012,5.154991754673118,3.1782793285466493,-3.6513360482415242,1.1130372340385342
10.440583480289572,8.718773070459353,-2.8836475157297152,4.415169415663394,5.0797550592103295,1.9938737460370761,5.363829519008875,2.1173335777667277,-3.69007006785825,0.0843334537861865
10.323854322105031,6.968287894118421,-4.169856262426908,5.058142436895969,6.627578502683751,2.695578582119989,5.122133907706534,1.152748490624305,-3.6416134029003415,-0.8658156368290223
9.44481114581856,5.719925204563798,-4.905331851542117,5.15887545101879,8.834617318043327,2.5649858014770706,4.395899667668203,-0.04670537004524859,-2.9456530287488594,-2.1266833898918174
8.572274135978779,4.618618111030744,-5.566642353465709,4.173054640400851,10.507222222277182,2.86694242363895,3.466335282572999,-0.38977511190391034,-2.3738277107031083,-2.658985363294063
7.743888707680354,3.77849626229507,-5.746613990969498,2.4674606495856946,11.821130243168692,2.7552532379692405,1.9961566810424778,-0.7344341952096584,-1.648715339616173,-2.6436488930341953
7.180226054779349,2.853223600395557,-5.910910983575,0.48720491505274693,12.282101385508245,3.0861381053960506,0.5245279168803819,-0.4734339992413514,-0.8249454359357671,-2.661694026112828
6.99257443001062,2.2099000600774286,-6.101806725823449,-1.9337291897388358,11.837291240439622,3.7573779326977372,-1.0361435921319784,0.2574232609841862,-0.24969482489631023,-2.2827947439953697
6.847115143120059,1.2607918145744108,-6.140699202855012,-4.332872681338509,10.1960827981262,4.794579129270299,-2.4723562883782053,1.1332323531334076,0.026346929318700085,-1.8809628735685595
7.136636454362159,-0.01803616201117606,-5.725295628820491,-5.936476945138779,7.057117489978995,5.884970126190561,-4.053038832953874,2.2082661052354573,0.9471055465405364,-1.0267227918350437
7.307351518298151,-1.0217268981315406,-4.5465471018714645,-7.037182624762177,3.5829707213277375,6.655676121646496,-3.997054520543386,3.698874691748812,1.8914476536424212,-0.3252563675792388
7.251750730273023,-1.8905539559225557,-2.6989493940685954,-6.642098875783372,0.6435999516774682,6.9107169934239625,-2.491142704366435,4.696926689894449,2.8477452196607573,0.6843204070109916
7.199888127837888,-2.347508256673029,-0.7056585393365,-6.063515503992918,-1.5657004565794739,7.231137846412191,0.03787243035286453,5.166909486139758,3.858786667013553,1.4545806944381714
6.717509480831457,-2.2886751018211817,1.2250805832831093,-5.122239506066165,-2.7488660722506704,6.434532285105299,3.279457625277966,5.174689242571282,3.985591417199249,2.0657966597086572
6.149445311863833,-1.8885568913936825,2.8718445963772075,-4.632412542901336,-3.054194155733429,5.080171270149927,5.693523719929531,5.060770850220159,4.148742945379737,2.8716907894893042
5.4639928545577465,-1.1593373843893482,3.8907356789271264,-4.061118191055077,-2.6393880142272907,3.7887638534916523,7.64414296131473,5.2069475049299445,3.463134951739456,3.315905028098597
5.037658635187173,-0.35608997137156717,4.538533199025337,-3.922527202786015,-1.948069050744707,2.758196294077191,9.149796687838053,5.120821534623659,2.619522673133451,3.8157308151419334
5.013458639665913,0.08189217647126498,4.873312563178685,-3.3854306808181702,-0.939726594622554,2.176916499872766,9.879982692256206,5.340712305375526,1.1424962120129831,3.8489857989422864
5.337065899017007,0.8200941014043321,4.9776471209253765,-2.8939456736145175,0.02699656645144494,2.375570953025635,10.430628467104967,4.805579257967201,0.2449588049027329,4.204853880503011
5.7528600866587425,1.5363564721913794,4.39549531220352,-2.5045260755341365,0.7531085325663415,2.774447516921587,11.041068458473244,3.5694019253722207,-0.7113937316807367,4.6318161844274135
6.493892732154061,1.8969462805830415,4.213776731810944,-2.110393655676852,1.4361767899014994,3.917847467077232,11.224937132284078,1.6748267826871228,-1.137065273423441,4.4754492617680635
7.266675837494571,2.12328743268283,3.5068131362219255,-1.3907383833523619,1.6332675990548238,5.2858609501706075,10.85606886221696,-1.0388108124416924,-0.5746047335146673,4.501037997407327
8.087118047934037,1.7431116957262696,3.1028947775611284,-1.1593522710838913,1.8934430772970676,6.720030299015287,9.737456406853209,-3.3486604231996178,0.4471128190675473,4.926232473193606
8.052110756973057,1.3767776085085297,2.6403232781619637,-0.216270487178307,2.247502284084575,7.676658202509312,7.519146908251981,-5.098987952082675,1.7672215810496348,5.783726920687714
7.77007026356482,0.2067629608552781,2.749551153101955,0.1960133727216748,2.622957211256298,8.414266847765708,4.2376324866257296,-6.248675858281347,1.8355272972275887,7.14702529170826
7.362131892780514,-1.0230263674739066,3.1292711774066495,1.4959681605097357,3.0692429566702435,8.574168765187782,0.7903722135976452,-6.113657648363005,0.5079482853112288,8.292124136312191
6.940828830049555,-2.2660561906025736,3.8966504237362596,2.5602947963847233,3.926575594224937,8.28619010432751,-2.781383831465853,-5.009573489694794,-1.474705089283941,8.161492104584672
7.032512507890598,-2.4935862172585628,4.656630244112604,4.5143802279129694,4.952454596353769,6.666791425462056,-5.035952283485651,-2.2770058856192037,-3.2847843458662194,7.01384598439263
7.298918952932406,-2.434839001167028,5.157323407684775,6.60591520253214,5.222446083200308,4.096699149935087,-5.795933490301951,0.7191845136489196,-2.803025828959613,5.9827138503588
7.403978534806027,-1.951006530305825,5.460681808835852,8.401443969276075,4.283747239798983,1.2936552275109368,-5.675868103484338,2.647208200263821,-1.209675901086099,5.3720918676992335
7.071157873087233,-1.5516796768869447,5.449786103945375,10.089953522278753,2.160920200527356,-0.7031525037284043,-4.914867057952973,2.9173166135179414,0.8868458953016243,5.796113715858784
6.467882257928689,-1.1776073620479963,5.424428493663487,10.652492915931775,-0.6810303719712826,-0.9341075074903639,-4.302858176951571,2.755980181810462,2.742693181690906,6.16304461167074
5.217024650626906,-1.0158872004405837,5.3859051031733385,10.434277856891924,-2.878275705243164,0.976980298041102,-3.516781429891214,2.4819087729826634,4.364071767625113,6.965953719977478
3.1879969633322274,-0.6708459785326422,5.387240912262999,9.736783588061531,-3.7449497901013196,3.862500625372939,-2.25477150683075,2.338468216838563,5.81975672633291,7.5199638152224875
0.8585790097921548,-0.5132957927580116,5.243318640415013,8.979932556509187,-3.452248901729729,5.916494419135615,-0.25593797930899886,2.6743279786712946,7.065896760497346,7.22917783174487
-1.3872416245199741,-0.0436129401094361,5.592258092905439,8.378552805173662,-2.1428481552373295,7.202841984386608,2.2575208341033663,2.936438391438438,8.140795751370941,6.408184579381792
-2.9397625112017334,0.38561528079028684,5.705654346491663,8.016262348245832,-0.9391458863213764,7.665815142164934,4.120842946527772,3.3087493724417167,8.448392474153247,4.242606652591962
-3.515487513242222,0.330202741465684,6.380405083182981,7.683319332918872,0.28153959075931895,7.674443236350128,6.083751408604486,3.973409922631237,8.145132597289468,1.6537613605149437
-2.9795916192375422,-0.14353223390542014,6.609472864671839,8.000661802550471,1.2525139166675845,7.86201183032444,7.370145630004937,4.17154972723907,6.756369919875938,-0.8650023644366225
-2.031021235837989,-0.6346293062306696,6.733646093160279,8.793151722102978,2.191735154854367,7.86644469921562,8.648391600737368,3.722260288443715,5.0753557801784615,-2.130954052499763
-0.7077880087534401,-0.5580104615365774,6.392829046790842,9.801850459836285,3.0166883100852977,8.071730807077657,8.855716675219705,2.4833674018492893,3.6283417784425773,-2.6351400424336546
0.2554231232758664,-0.41752733036421424,6.45441076083013,11.307050189679448,4.2110409333161325,7.721758675481145,8.21623111279009,0.9903159819060743,3.0609584548113515,-2.080625994441329
0.9549298090326486,0.5854535995970859,6.608952586232808,12.768510889373964,5.1302568344424495,6.708649549150009,6.595283840985064,0.007181300021046111,3.165764980602596,-1.6331868562227172
1.7271941642364699,1.7902721022430528,7.338012796430531,13.77180781798388,4.700785869474534,5.238712388731878,5.324456641598959,-0.2423317191746205,3.8066422327706233,-0.7829126772203417
1.8415734158335315,2.700903349453266,8.73758105809028,14.139137185509849,2.3914487024804627,3.810076159137137,4.346580572651726,-0.13489674647629574,3.9176597252304965,0.0768298481245617
2.445367759963574,4.058995619681847,10.648590554024356,12.652217730922965,-1.3440204829838776,3.8406742394452023,4.936860204681803,0.660144826165804,4.293916462794594,1.0567856202269945
2.587710904472778,5.507323685108736,12.613987497827615,7.947191942248363,-4.532560381154865,5.0057241914573005,5.8988384961955465,0.8527599886250304,4.283288303174117,1.7399743716301943
3.285725297773417,7.2476456253459,12.783518952920096,0.7362666267457624,-5.650487021902869,4.312557492424961,7.564056069089781,1.3847486119895522,4.557503531492666,2.595536448400307
4.2854724285273305,9.0668355895903,9.965084435135447,-6.170784465960494,-3.615427200293667,2.205709235886039,8.97343978241572,2.271609285305658,4.246756299107386,3.5391399561649792
5.440669809608285,9.897742620733661,3.7022699031595097,-9.53519200968976,-0.6888422776889576,0.8586154374237838,9.10032416258294,3.675060933661878,3.7695697043995056,4.25750493457131
6.974691906487648,8.57490241914046,-2.8764039747359407,-8.76222924749076,-0.40958628361673777,0.9957867310445848,9.615161852176033,5.242185090512813,3.182073188400392,4.74013413357548
8.369947138019599,4.4940275078175755,-7.19692583075686,-5.72282466527189,-2.0033824307968113,0.3761681358572423,9.878810178524597,6.332544511182893,2.01489729404659,5.372157863501187
8.353474112520303,-0.4735551730430503,-7.7291151996364365,-3.175501445580266,-3.135518455288915,-0.8706577604404147,9.57484318089992,7.306123648582932,1.1343242577240513,5.643779761545888
7.689149406293934,-4.937058468270895,-5.1285597247471575,-2.456005477034175,-3.2440788235990525,-2.3628727456703307,8.765339261400385,8.471523926239252,0.09654145263444062,5.959351438318647
5.88632927978569,-7.3358171758660236,-1.8269631129697854,-2.199390408758086,-2.6699740498760547,-3.0090322925142394,7.1879521214664175,9.51503420413504,-0.3959034196228882,5.888021056445605
3.7595415917688313,-7.955308284530385,1.3305205397938593,-1.7043378625961085,-1.7233629298790314,-3.3762516765172004,5.2715958857958505,10.718200725680115,0.03396204148248547,6.265157779967026
1.5784605876025548,-7.476180055832573,2.940113585612786,-0.31906110610874605,-0.6484352576914114,-2.964044061519678,3.7516232906788978,11.257474892322726,1.4663554219061443,6.139716015593446
-0.7458488379343917,-6.756919908026103,3.407019922892413,1.1423301502997083,-0.4436684124149704,-2.577544058209927,2.266155239640693,12.161622627699506,3.4216821016147594,4.9125764667394485
-2.1939629066777293,-5.918482041435126,2.7213307672029083,2.7191382180379087,-0.4406054804221014,-1.9599700779635936,1.1852160733626655,12.61167431626722,4.973163681163965,2.2510746650777698
-1.9538605327366785,-5.4445580610657895,1.6361075314080071,3.5490188658700625,-0.5527704922255684,-1.3454423720605313,0.5896105008730927,12.655754186037276,4.986372581783619,-1.1355429944404134
-0.13760074959679974,-4.7399531481451085,0.6991215264798172,4.012497389192731,-0.1501506952750938,-0.7523773065331473,0.5657759048608478,12.59538360994304,3.412568922891494,-3.3431991699405748
1.327931307888761,-4.009698648094863,0.5090756390852382,4.435831051229141,0.069038027422649,-0.22247188841461651,0.8402777065658626,12.714661493640344,0.9662416204580035,-3.9264085587692796
2.413634789381659,-2.790315661845262,0.32518918558890636,4.908926437448928,0.4787110416389064,0.32435932730023603,1.2611935112461419,12.469734137993777,-1.6364551960418043,-2.9143652790229138
2.8417070430551234,-1.8650128093406197,0.42480483865150476,5.067974720530518,0.8816795779238291,0.8744789896431497,2.187917410673034,12.16271134660828,-3.5562061544208534,-1.0903713542149145
3.037474288584961,-1.211377449738546,0.8616550637921012,5.455245630127078,1.4474489356717641,1.0865423998879402,3.0375702925112673,11.45471319236732,-4.314156006816148,0.9062661303770241
3.655165977536343,-0.8727400296150578,1.3404338600849566,5.709740412341399,1.775338673800548,1.3423917862920662,3.905030465736486,10.506240668037957,-4.06224532510888,2.980919112983615
4.703845577969066,-0.9877953396382005,1.7049016652696982,6.400479798725401,2.330924583634319,1.4174435995914076,4.603400040559957,9.398241227488723,-3.558199013401294,4.498638201571272
5.403887670029068,-0.9208915451943163,1.7240824807508766,6.822808587591583,2.4707867191876276,1.7758801293412019,5.387836636392679,8.325216966150345,-2.9906374580244695,5.4507504536934155
5.968928761164492,-1.7794236095977793,2.266657722176378,7.241214436138134,2.864181389819839,2.025014564302733,5.960355675056377,7.269202334614052,-2.5691370038996877,5.857981614213122
6.33257521159858,-2.2727131612974407,2.3751231970031634,7.857612109327799,3.071903834788057,2.0381161053328904,6.574954290452663,5.841937458782528,-1.7438156248656287,6.072108999606687
6.043027210838739,-2.8531975108646126,2.5249567102714217,8.77808955094319,3.312234340056482,2.338207012490501,6.8653272939096475,4.938037109998629,-1.5728179451917037,6.356889899171096
5.868946954233948,-3.2857279561474795,2.5960625316909787,9.679700710148502,3.5236633178181873,2.152222825412718,7.098277468843577,3.8179964212589335,-1.1999361371591204,6.267723148444274
5.396422346384756,-3.488704604715226,2.1611214459815447,10.290195986258123,3.7616136192371656,2.219276602388276,7.159407857837456,2.880210930008214,-0.7461386002259451,6.4301378749980485
4.681873316391888,-4.068910874419356,1.5491027074135046,11.009579025241194,4.362994147487774,1.8164719025724556,7.325329176053699,2.454499349703234,-0.1000943460272466,6.388887959605073
3.5102142844427004,-4.458817564417144,0.3952967707402725,11.465973832219548,4.7896627751209095,1.3636337642457037,7.244037493768435,2.046776064647795,0.1267302776883552,6.578468825914261
1.9985189338285458,-4.631511523792284,-1.1820376279538731,11.133397407877318,5.932204432031589,0.7259097436468281,7.289928826722548,2.377582567371773,0.40019960847033176,6.921587342232943
0.7225002202473189,-4.578981134438757,-2.8501323561772693,10.065907096729955,7.554283942875822,0.0890428749991704,7.194615084313955,2.7358342126776574,0.9890296927472065,6.965287027724043
-0.7065554332346031,-3.9947683755506476,-3.9853062271024844,7.773274846360822,9.050139621088771,0.0069592489154946535,7.454444965869269,3.541344830734462,1.3275981252424591,6.8757292345109295
-1.8734252215514944,-2.6614613663898776,-4.544001629150805,5.080668873141171,10.497376291060139,0.8081089078472662,7.592859643087676,4.3952202470806805,1.5951159832594,6.588354978497608
-2.1061216786473467,-0.8345841379905407,-4.489382741795308,2.510417773435185,11.616001223255276,3.1372482484303634,6.949359690211394,4.884487832351526,1.9351967209948364,6.388788668309366
-2.211875574577016,0.8927171565137579,-3.813926994367473,0.6035273427795778,12.046879169072055,6.35144455161513,5.418886637777545,4.049167125525694,2.373589412149514,5.791235633180803
-2.0361651159003062,2.1746246048956412,-2.8347368635442534,-0.6759255602845182,11.953564160833007,9.044557105977615,2.423652110304379,3.1780702107553886,2.9042930066692705,5.220771017343123
-1.4555559223638037,3.2165873442037465,-2.3018332052723616,-1.1595639618064215,11.21338510208323,9.985458493970304,-1.2189046022458814,3.531103250009441,3.8401498962625342,4.721162271835872
-1.1246352300956362,3.713146440025701,-1.5507507507037102,-1.4070402326145117,10.372324663114165,9.46961487136135,-3.8864252500302974,4.217357143094836,5.584973301310076,3.9977178012036574
-0.8177549133759076,4.317191103381668,-1.119122318498649,-1.3604013973967963,9.535760133104517,7.7729928154961865,-5.338347287897865,5.117142316635079,7.500984014382227,2.182764315426122
-0.629380088985381,4.65152283615232,-0.8570413426524015,-1.0306744201217326,9.242299578497859,5.868894223805779,-6.190993278762259,4.920910038573643,9.277788556148797,0.19951938160429103
-0.13905322180209084,5.099097661642785,-0.14712848719383242,-0.5786161574804012,9.139175254374651,3.6143502994132084,-6.370691312893162,3.572213097156554,10.679937763966818,-1.654856058677046
1.1151880785680965,5.32761013171022,-0.059874441248986277,-0.09227718525152181,9.119104440032114,1.330044419443929,-6.310040433847968,1.1203304204264601,11.167762224512442,-1.8863293037779387
2.008498439302081,5.690959453840587,0.037283001260185314,0.4228959893450249,9.252751234606736,-0.9334949303069444,-5.634062791917974,-1.6817935209980808,10.773940768925494,-0.43105116927347215
2.0188579409811416,5.8582830665943995,0.35702865652182003,1.014808676952535,9.014230894324056,-2.717366264875677,-3.6828516872004933,-4.031275639581368,10.161882413655949,2.7524919935521193
1.7549840719257304,5.518093733423491,0.4662278331852681,1.402968993074376,8.797772608847422,-3.6974634618029056,-0.5920300630489941,-4.437350756312188,8.800475295933893,5.877239402084192
1.0032467188486855,5.360929321838852,0.9821480414279047,1.951436413377498,8.619875384328294,-3.396041980076682,2.279435466562413,-3.3187754829297664,7.634760441805066,8.373145320092611
0.8928650856467709,5.197451870364465,1.7277752687437515,2.5554473126850765,8.179391349761781,-2.5392449256042458,4.149124706669131,-1.1991742921337671,6.926154514998876,9.458246146195407
0.1664517699800675,5.1257743859271,2.8544909959610276,3.2362906493044683,7.628467342060323,-1.1104350694377785,4.951917821059815,1.2139765024529328,7.1365641521666685,9.754888140273945
-0.2220218452511003,5.3247368786429305,3.9761923718583647,3.7545220334575586,7.0969652719419365,0.07799650161755432,5.437914568177623,3.8348622557966925,7.84746234244884,8.73626557561311
-0.5259710401139779,5.764547787556145,5.687857710236098,4.456591347577234,6.3972815038989745,1.06731906196895,5.732449522604799,6.246091786613916,8.45784434034234,6.735043500533619
-0.9315971766534659,5.792917544398207,7.201587683911262,4.832823521250827,5.297232635299834,1.9245949079988984,5.93794103493325,8.2761105626592,8.412588848433423,3.3550686492971176
-0.29468735091042286,5.851189342123873,9.15711785580809,4.758851457204593,4.114953690327964,2.418235246142808,6.3990733539018425,10.095119025840233,6.523970018763453,0.2751033216077462
0.013096623181285887,6.0599459997861125,10.340726453353629,3.7535054584799616,3.1733944398080713,3.3674320507625346,7.746563568924428,10.598428011944861,2.6251933677436123,-1.5617654478072416
-0.03825828821397572,6.287367617745334,11.291870231327668,2.2723922985192364,2.4033486691272685,4.520708853428512,9.302685103913038,9.098781039607957,-2.155269360602973,-1.2799873037802356
0.513985920785292,6.465087646407593,11.684194986585846,0.7112659468328696,2.335104599987714,5.5919233319072905,10.424556852275838,4.688804832388676,-4.981444709529251,0.6400112633022398
1.3758378014595545,7.037549087801133,11.09038005262562,-1.3620821810334984,2.6949740261106236,7.32119896633033,10.074876963820731,-1.021379500864269,-5.243761777021308,1.2230510915081232
2.196504405993016,8.137717755412814,9.295858198148585,-3.1574947621981613,3.2476379303335543,9.02079472871064,7.324189205848775,-5.739054516924978,-3.047282640881858,0.5692636528316319
3.1394787639531057,9.42352442295016,6.478022118135424,-4.278568920896166,3.4306664386936023,10.626468063121967,2.4452918125377163,-7.901396744034555,-0.6798801371372157,0.06537257047594344
3.5395845342011323,10.077956527786895,2.736891396278507,-5.480158956053676,2.2010723587423064,11.153951152959557,-2.796040121822495,-6.902440380670887,-0.6380572472138537,0.5670844646587229
3.9615301039037383,10.048339262609174,-1.3487492430073706,-5.098116015611601,-0.2061620662772443,11.188092322033217,-5.45628030748839,-3.3333583870202617,-1.4568074316085782,0.5632682010218091
4.603344436159009,9.314435454725775,-4.609533095955927,-2.429116954860802,-2.350093629849618,11.177410563208623,-4.818443881226345,0.6879581888817379,-1.373646268205325,0.5385322829337826
5.057267692815482,7.638940185969417,-6.229987242898642,1.3310295971837622,-2.1670184754996793,11.611000688356937,-1.3873355820904651,2.872338392181769,-0.32996819982670306,1.10945954444131
5.998508930049454,5.789103304382387,-6.443885599799639,4.165770687456505,1.0213268618757345,11.516450980700212,1.3832588964716388,3.290592669016322,0.5721876626401304,1.3737414454808916
6.221536399212595,3.434325284728654,-6.131512230973921,4.698859042191637,5.5071287440736265,10.987751231555366,1.6854486816849454,2.607285402453986,0.9067318486801338,2.049718355305893
6.829880829243776,1.1769854451098896,-5.6601980457382055,3.640514526508662,9.071672516900055,9.617851253355132,-0.29731273972058586,2.7202790977583344,1.5609909403562219,2.6660620535485853
6.740005332953135,-1.004671858210122,-4.7252194834951435,1.4405233982262418,10.729931521331187,7.584081805477283,-2.8738074707904078,3.505795019526568,2.6154279019629283,3.300393432943235
5.879178718426173,-2.8106147319332178,-3.4936064091969183,-0.6915843873963141,10.996430195527738,5.397073569685325,-4.490532561447767,4.192826002962381,4.442517370687981,4.109619136007265
3.9506613176069645,-3.7958267508929393,-1.7105309242170783,-2.0155695976743386,10.653570001083072,3.999921005238156,-5.079928570566296,4.277898726595356,6.906258414508952,4.42092398655671
1.5909517653895389,-4.046407144727835,0.0115324279598997,-2.0188278042421186,10.071191585534685,2.476361850041025,-5.448136895122425,3.338018688336505,8.773284043347243,4.315224889762458
-0.433790601618184,-3.4365793593313096,0.9096840575492265,-1.0150995592313736,10.153117992936533,0.9865437878296033,-5.2515249222864195,1.4794184297246447,10.07111941332465,3.620216318953741
-2.0888790762077116,-2.7431093270492775,1.1944696656356524,0.014794603812180115,9.909510436219678,-0.7413635118447788,-4.639857930330124,-0.41179623547721217,10.195757546090768,3.0634790321959406
-3.429525654105679,-1.9269714751242564,1.305012839076301,1.2717941508203803,9.903545056631913,-2.538233521430092,-2.996573376899433,-2.092283668451137,9.80134212952433,2.6536701423076963
-3.9110579934120224,-0.8333862924034344,1.360792932384116,2.423430172194829,9.284907620542327,-3.557751571476043,-0.5345519086983743,-2.7606828588708012,9.477476585200318,2.833975594048717
-4.667941715449296,-0.1150769909434495,1.373128747310503,3.26464611433501,8.93336737852721,-3.852763667960757,1.8547224549571721,-1.632796318715672,9.111976685399897,2.152795961371558
-4.2633587048645,0.0948509139209186,1.895606181136454,4.146862423248453,7.8507131352692525,-3.6016752606364983,3.998923400204853,1.0023995974196305,9.195164182669304,0.51655884087846
-3.4817037573658527,0.24078290733096808,2.529818198980336,5.23434157842658,6.7123889593614425,-2.7212582152172136,4.934989924081959,4.144183851465868,8.518343425343591,-1.6659457362848413
-1.6716389329727823,-0.0060871189558750136,2.796823818629186,6.295653766738061,5.415239911345554,-2.384321403492735,5.156426885899319,7.022617464338761,6.296545857574249,-4.065789326853588
-0.18209420338888435,0.1603549243575943,3.2405901903309537,7.33233266991985,3.8960122286559464,-2.1031588447652036,5.191377286716379,8.842924378923664,2.209466821331234,-5.5064283098330735
0.314958140068787,1.0834071255918492,3.7761150627067885,7.777375369606562,2.2881298485457497,-1.6912588825965469,4.926420350254294,9.440517556572647,-1.8569626955023089,-4.585014827691261
0.188941240420448,1.2086494900309428,4.307499067874273,8.042034252990172,0.3025279172256027,-1.638493847199441,4.494032513414319,9.103573352136708,-5.092964784011803,-2.299918230439758
0.01805234753100321,1.8397413810115895,5.2450696218992885,7.692708300917298,-1.5260298923281868,-0.824324759547902,4.236181355718614,8.197231814101299,-6.667400711889386,0.7447667268866774
1.734046000340931,2.1506695603129855,5.9934573392777715,6.550630103719843,-3.039044408012779,0.08743369631144983,4.127721763612329,6.932840407613333,-6.495791090207208,3.311227032770595
3.870792920950132,2.939314824552261,6.496482008387539,4.763604532671599,-3.9815889739703216,0.6270986321232946,4.5647150775533545,5.6789195381290964,-6.011343732497136,4.654609844600834
6.146999920344114,3.701256944927748,6.626415256918701,2.749489946817446,-4.295000294931006,0.7883227946989109,5.399514816455918,4.486377075764469,-5.022677230072692,4.988430545227488
8.687812937077954,4.396601082293667,5.4771248119569265,0.6181379324830358,-3.887056787740271,0.3135170206838827,5.914144771531842,3.0831437561640618,-4.6260789299282585,4.505780566076224
10.128331027582826,4.9030344516527,3.4366352031977243,-0.9895970994480229,-3.3387809825268455,-0.0028630446281431854,6.127498416732834,2.0470876919823247,-3.938815804575148,3.2774858078665985
11.354062814327582,4.86117361706768,0.8957492535687123,-1.2224546940405596,-2.5034286302146795,-0.7325366674132321,6.286890068375392,1.396928778223218,-3.8313529778333164,1.9823231941530657
