T0,T1,T2,T3,T4,T5,T6,T7,T8,T9
1.1247917268205099,0.7469032521183123,9.466627103984067,-3.5094834411540132,-3.8078350267413574,0.17263497435049682,2.5801182456441927,6.4202170589455765,-2.7095413213329307,-5.0321987440364
0.7128437267496608,1.9978684720731308,9.083587285532014,-4.585646309339135,-1.506858869415577,-0.3808122422791711,2.851672199167826,6.307027580033327,-4.336074546904221,-3.2395205082881486
0.15350523723240306,2.3961370127065367,8.646008278319501,-4.808013417045382,1.4411992086334942,0.3275448603402731,3.2002194469209373,5.599260985507604,-5.108613914463167,-1.511928791379435
0.42687917502876294,2.8966664264896855,7.929115034903742,-4.250847074106244,3.5530251015155683,1.6599358405908442,3.6869652976360667,4.688705564422781,-5.386668561079495,0.45947588726006694
1.497048697628568,3.738645760843135,7.341658858861049,-3.102740376614121,4.729674679491313,3.5521067213971858,3.940416373509864,3.5599965558396693,-5.174950416030281,1.6544395561451863
2.5844718208302297,4.4806010376076175,6.596894850395323,-2.216945046357016,5.125695890869258,5.4047286824976295,3.8271451109373964,2.062439864006116,-4.660086986242749,2.263848849164562
4.140143825116058,5.224550944127805,5.481166008853617,-1.2938789637402694,5.552033459256545,7.250061427428788,2.770934720157228,0.8219017603637465,-4.122943718000614,2.05959664012662
5.596870372745267,6.116241394868225,3.9923939323208835,-0.8414440438778628,5.353605573491608,8.153082271599558,1.2669438871091105,0.045527130669764306,-3.393112420994036,1.7726011432212723
6.424037587145246,6.870444615682808,2.2303261262773733,-0.36187339250072753,5.492170638100148,8.318642300295622,-0.8398184493276107,0.4399188846752172,-2.7871235624286688,1.2314905660211544
7.1185811503047995,6.925076751247899,0.24977226522576268,0.025074436660262475,5.776789418940162,8.363296437992378,-1.9318730331233946,1.4597885374492559,-2.119629549252414,0.9153505450089461
7.584061602162054,6.553843830917141,-1.8075731497655707,0.4079152378949887,6.065836320646868,7.613729305547021,-2.7724406682013516,3.1367797257719516,-0.8410330329357977,1.1892326970772156
8.042689352386743,5.056200856764004,-3.1188440298183435,0.9468375529354419,6.4766757851811025,6.618994885070268,-3.0065521647405027,4.313055631985045,0.32800601072349445,1.3463759725195878
8.545938247343221,3.33654958656319,-3.9978962069383854,1.010641814822205,7.165492139918624,5.460287578584821,-2.844850984604769,5.481949632109906,2.086695099626202,2.100605505149753
8.712395184939401,0.715394397030187,-4.144506379642903,0.15253938751315924,7.583047032120099,4.435683427434495,-2.6148639045007034,5.939696203255289,3.7827398343935634,2.7469875594807727
7.733239295124606,-1.4539383862192188,-3.29286683917264,-0.7154402470074025,7.59975625199075,3.865093432215537,-2.263743535008447,6.148528454486356,5.863460531469092,3.63071504413596
6.105809847048564,-3.212776682973863,-1.8376999881274154,-1.435452960928146,7.312220923679454,3.7768502807544424,-2.1846243472263973,6.225548582656308,7.817657671100455,4.248132051746585
3.868199566777237,-3.875809550676387,-0.012106432463912124,-1.3358956890248477,7.202470409491636,3.9815037312947528,-1.8184530185812817,5.842478915739124,9.417306179785248,3.9518406204199756
1.6976793346083328,-3.336643846747143,1.103223899976909,-0.5238779267056316,6.859435650381696,4.082090674827385,-1.4579796471979787,5.478966947991629,10.902953182409444,2.749143942673662
0.9241701815659072,-3.0784307066070116,1.4346062187873605,0.781420069309231,7.174091228803183,3.831744803538308,-1.282164062298515,5.2987715110663185,11.776925116475098,0.8104531464176099
1.5543028417494755,-2.1329974463432375,2.029070425407268,2.0556142802631947,7.4624332010323045,3.325656565337378,-1.1180031400142614,5.106496032331543,11.8826114493538,-1.2345119647033236
3.145349803153698,-0.9880993330660081,2.1847722854221807,3.3363035007848163,7.774966804874193,2.2721296080473485,-0.7910977501574687,4.901969994274471,11.657515218489383,-2.2833321458236355
4.734637160718369,0.2756747588663113,2.5677509079782284,4.709393455229201,7.687232440642502,0.8235937714371497,-0.36760748321620723,4.800285086509278,11.101945504908002,-2.280921600377535
5.899061777376626,2.273151272636864,3.1816215910530747,6.028305789135693,6.900898452197251,-0.7740566123353543,-0.13904452919346527,4.9464023219006386,10.503700623523223,-1.4890967062618279
6.300624464701755,4.075114996920013,3.4628461972343727,6.596793497963172,5.634114635021318,-2.115584227515075,0.5467297574335243,5.272810037654256,10.161937038647553,-0.4857377954109863
6.687162578210198,5.090242180025001,3.6598417108500847,6.790717202915501,3.9570687200788046,-2.837783249385605,0.778890791948212,6.0573566989803265,10.07964735258879,0.6646992461845325
6.657433399157599,6.423854721637347,3.9820801258948713,6.385405652497077,1.9213308102664965,-3.0816651335933902,0.7642301298811266,6.8653340039312525,10.178101467963398,1.1688574611219946
6.429031507109851,7.535029549218899,4.234717672831336,5.373013695861335,0.3006495668210031,-2.650345979784201,0.35456923912098237,7.464625135782585,10.398935554921117,1.338958385081239
6.635870246784652,8.380657401880732,3.7025809218711054,3.912805373942828,-0.7109213426906422,-2.1111511853228584,-0.08314555544133245,7.60565905465049,10.683493558112122,1.0309962836634619
6.618039489069615,9.314443882508641,2.6474321914087717,2.630593951554663,-0.8019787834539485,-1.2926443152424871,-0.3028472667988194,7.609981757375887,10.98907257751373,1.1504071492703576
6.847463602966501,9.727326458556314,0.8987577381456487,1.8717883471899013,-0.8248283404205291,-0.5912374818682058,-0.13323602956049574,7.866458082313383,11.47347730079624,0.8800450339469373
6.886191083083757,9.33880088677593,-0.6210660016811957,2.684968810780156,-0.27408769427931834,0.03383727676887354,0.27311490190186793,7.791179260202893,11.64189571939043,0.8646829809000902
7.048051325466279,8.968927029147093,-2.1238864740175756,3.424077649922946,0.481983414464363,0.4574782952953437,0.6308315256072361,8.260349020816228,11.718393813706259,0.34881459958242456
6.969287397066669,7.908040199862929,-2.557048444594394,4.590121123152207,1.4730052585212652,0.8376362681846398,1.5322812135658987,9.092397196434113,11.155300443973452,0.14670670938597002
7.29692674766092,7.0451211979891815,-2.62663564451109,5.59861189542261,2.7433422002714196,0.8515618413271524,2.1650538969409907,9.86348433650378,10.010834399732213,-0.7071624511724592
7.600306032875752,6.759304309054429,-2.5662102418599786,6.160977718628814,4.275476773282724,0.8045734206678821,2.8478564105711537,10.861210537103377,8.11657212378162,-1.6203745165563654
7.606342148134685,6.597090987675213,-2.3248744612359635,6.833956488108186,5.491646428264744,0.31619907848726847,3.4274179767675994,11.973833640869671,5.457795327825139,-2.3774926199938182
7.36895882350841,7.03007816288428,-2.0308991225873774,7.011828607659519,6.410166720694853,-0.02935292911526805,3.8062091387902077,12.421222994112645,1.9710698081560638,-2.6294508847885343
6.554819122312708,7.36107642522701,-1.1349189120445677,7.022632715991746,7.123422131541044,-0.40297853253000326,3.986935403784654,12.375152325332593,-1.5637842846930778,-1.963112281523074
6.0791250670817645,7.792635045340101,-0.4876782355399114,7.2500949234081675,7.4064768458934696,-1.1978743846177347,4.286697241805122,11.836376775811923,-4.065364236922348,-0.5609105991301733
6.591854401001399,7.785908825858227,0.4484160057191817,7.333253188939848,6.736645799724402,-1.7023719816453835,4.098294925191103,11.01363685097083,-5.66410451129161,1.2146250060668404
7.995984212861968,7.4399390741897165,1.1682404936575854,7.471880701731343,5.961872212482972,-2.1105322583793558,4.192444233064039,10.231729702643898,-5.809618274233673,2.4397885019530574
9.852425591121644,6.601127009819167,1.0904869631487912,7.379168480784401,5.041369596319496,-2.4661074396861062,3.8773227319317023,9.633615419608477,-5.515955854676087,3.4185429457042216
11.695303577685696,5.721929843393486,0.37184448072274234,7.536505239026347,4.017453093732266,-2.8219261203353243,3.5595103866448814,9.007495807495578,-5.029308128127488,3.2042986877110433
13.18403111822079,3.983848505960936,-0.28833889215974345,7.789233358828951,3.342179619985283,-2.733277029026368,3.0907955991182394,8.74525107680968,-4.7747520928246105,2.5753406045160374
13.634754146746634,2.57477682617306,-0.8243767113482562,7.738251280684009,2.653997735203365,-2.900787952210367,2.700952532740582,8.519315937141766,-3.9534655974526483,2.0894735717825856
14.077829758043835,1.3096400193425057,-0.7439313853068408,7.713157238899657,2.1529461757492427,-2.6677690593087435,2.2294124707095984,8.5514828022365,-3.70274559766501,1.4958265966094153
14.179507495156278,0.4914063502370849,-0.47181181090155866,8.054049221571889,1.6298217719420596,-2.769804058322526,1.6807234791626628,8.421178879790148,-3.3972903058202593,0.8550855552173632
14.03902206403685,0.4695759854529959,0.018121736129410627,8.162874330698452,1.0280335970625252,-2.594113189280902,0.967910479913308,8.596631376639326,-2.95515279426605,0.46134487330916835
13.910735017910952,0.8379143226158254,0.25506672418202286,8.260703229023028,0.38249366187855216,-2.1701780709473617,0.6006028425386247,8.653419116297956,-2.717357811803928,0.2976547999135509
13.774755691757363,1.37005889493362,0.42755805387417517,8.085571959948009,-0.05055174314323269,-1.7997939308335513,0.06164953133804166,8.649957653973075,-2.0853169873120345,0.24769534293610862
13.345606246519482,1.793429746519407,0.34856410743985905,8.302237681774768,-0.23285670119216872,-1.2067421329196188,0.137814472706855,8.835927610191368,-1.3479707280840367,0.16082545170685206
13.434162454743396,2.5700071522613004,0.2930410048531094,8.304481668432164,-0.4843267670296548,-0.44946311554519514,0.28441107931365567,9.01552336884683,-0.5265213282812152,0.3799045680383056
13.19081438829168,2.5704397391647467,0.10165781783713679,8.370537009356935,-0.054947950160395345,-0.03456944402040421,0.6844690003341511,8.949898041767018,0.1594218274361769,0.6892760450690333
13.34973600573092,2.2433261656948567,0.016119564534218186,8.33851555174531,0.5475611228025806,0.6633198866557111,1.0464961908428474,9.014217129764038,0.6988051661744343,1.2500347813972938
13.05203851784996,1.7606237433813658,7.851767344479316e-05,8.43973460643278,1.3059889286206139,0.5857558258171778,1.6529382088032174,9.112892898112554,1.1706495292664603,1.9601778706866444
13.129612107719378,0.8061968296973516,0.3189735430252876,8.69002581552729,2.1278961096875375,0.33727712514794495,2.3593735528727837,9.269577440755047,1.604297619446542,2.6343272393916184
12.660792143747557,-0.4319360881414761,0.7159410647912463,8.633565279824474,2.293596657707794,0.42924446015836837,2.9754183121685185,9.29489725648145,2.1692112210164667,3.3264846931782337
11.81302885350715,-1.4723629900388335,1.2125087764682074,8.834776844360018,2.4380587313927005,0.17874401096843168,3.252840012278192,9.726808911030663,2.860790038108005,3.951215680718516
10.545817240155984,-2.3192733036309696,1.7035618803628567,9.334681270943692,2.1044227784110348,0.1254343829451019,3.8819916410234416,10.308967544899266,3.5199990436938062,4.423524424683262
9.1573202447145,-2.8161282334634072,2.2868336646003056,9.779589477180092,1.652351837861827,0.07725941009055642,4.251959679657254,11.01592918682148,3.9006117927104107,4.573083536242448
7.768823434277568,-3.150871165334933,2.6131629282330504,10.287066645208203,0.7270557856032499,0.4141533981380482,4.3503423380393835,12.092996348077818,4.364362500900523,4.100433495460296
6.273595238127337,-2.900110634711282,2.5698328019171854,10.902549488130607,0.27281845333754884,0.6191943378404801,5.0439141299341195,12.713231922939439,4.2310710634267785,3.336808202585376
5.651091010933165,-2.609506239810309,2.09140132343718,10.920169598462616,-0.13869785546908242,1.0385582264291977,5.7511210229294925,13.458958376438206,3.0355406821760904,2.4188611832040374
5.467510296509443,-1.9254189987190042,1.8396731961267416,11.012946347073227,-0.10295043092036725,1.3775462219506789,6.6583953568505985,13.202674523046992,0.7449817402208951,2.3095198215248627
5.527496704201138,-1.5581961240549034,1.6785503416434218,11.240779786663719,0.6406141645722744,1.9018328625625465,7.917538432182157,12.207459367254671,-2.1878275519485912,2.7212232167424495
6.03819360724201,-1.3337037838356807,1.7860651191901105,11.559636369885832,1.2288578635841034,2.2290644255649035,9.090009084751866,9.812352449756478,-4.367895480064282,3.88939072171528
6.987447843611809,-1.5720276130918174,1.8902761071760934,11.677934588837235,1.9454064407633755,2.5445336893295085,9.631160890503777,6.556706838935466,-5.699801081775923,4.59631966006153
8.247936344234285,-2.016537566682739,1.8080377867711228,11.708118104462779,2.6376728780862213,2.64335229954492,10.407246704163693,2.5435495366637224,-6.202553105398621,3.808891873926971
8.633275886900003,-1.9589589989039908,1.8624789826229193,12.360200212320636,3.4232671758168407,2.5596121985198907,9.694340306720836,-1.3382213882499254,-5.55914891085952,1.9106084712807991
9.120922937587702,-0.8354896517338187,2.0823540669281773,12.839812199972398,4.135266051578617,2.4016024578224897,9.107951507627945,-4.1971004624333625,-3.4468333893941954,-0.45852503081731316
8.975402462265608,0.9802070102455455,2.576112059790451,13.057498973375816,4.333854345726092,1.9079343265934696,8.237778968420436,-5.287249215864531,-0.39827864566218996,-1.1406010699628595
9.082770474095863,2.9985130670165896,3.109988770208625,13.217761618176691,4.176351045231555,1.1987277213360419,7.478190466400572,-4.702590910311548,2.3012272199046313,0.04543872641472063
8.887112164041643,4.3466686772907925,4.201476482191722,12.9107393330907,2.6909575186921617,0.715272560350333,7.254549937999584,-3.3122955043732984,3.6289207813984277,2.1374206768920536
9.170049200384137,5.111367303478789,5.336223808666513,11.824544430623142,0.37755850441041083,0.7106448541926499,7.24609640574829,-1.5087665025508568,4.584508962125999,4.984335257257536
9.350745980718344,5.244213646216399,6.319639025261243,10.238999867827992,-1.789970126259433,1.3455276159164762,7.4085195479787584,0.3120867500126533,4.802875650647818,7.422178966930728
9.368641778387117,4.3619724726472775,6.088969387076373,8.008479772888402,-3.173974924238886,1.8803454347804787,8.142716898328162,1.9144770977513095,5.021020708727241,9.681672371437006
8.555789309451814,2.6138050121158276,5.927915380050133,6.034720476782775,-3.827600634859815,2.024081470841651,8.628011102721906,3.6257932038759524,5.695676387380537,11.15037625522759
6.211013277872863,0.9389015989174377,6.147336091749738,4.385155606460783,-4.1038547761354405,1.8333744556672051,9.351253980449826,5.841533035714979,6.475756030808799,11.904572617498872
2.6691739806874932,0.09144692480697547,6.087068932217188,3.423924186398327,-4.251071209472631,0.965982659960909,10.386112088880118,8.536116909280373,7.259908260205398,10.910991550225168
-0.3992642075098746,0.343182608040345,6.407289047409091,2.397715730309914,-4.355455101230303,-0.09790064160725333,10.615301511775318,12.087117994840607,6.870164614528618,7.645064881917495
-1.174240096243334,0.870239299072113,6.796595471294901,1.3266438968078849,-4.2178881678205835,-1.399291290276779,9.824989106114879,15.22020846577172,3.859410225750339,3.8311920172968623
-0.7629391496847284,1.1977781726949293,6.945310913659905,0.18309946473452374,-4.045007499260117,-2.6938463872642586,7.557982100320236,16.634248327556882,-0.2993531704992322,2.8509629104235534
0.4581447569040537,1.3859357768258853,7.037859412962579,-1.1811463815605308,-3.046861479614583,-3.1957541923302943,4.895512040935421,16.729982867493543,-2.2363630484435877,4.444210886699551
1.52298821646237,1.8925401857012676,6.864437185002745,-1.88846992503728,-1.4807505554991365,-3.189490501202279,2.3785451615917013,16.637862634957706,-0.3506046678788288,5.934741277839093
1.921939491173121,2.3881849476511814,6.551938959774701,-2.3635955005404856,-0.03190891981873377,-2.2688564360958816,0.2622043544859747,16.490771444920448,3.850905112005269,4.8255953985177396
2.2161653854219323,3.242530534856735,6.130624683004012,-2.225198289161592,1.4418555579096761,-1.925606358798751,-0.8882040533900678,16.014552825981298,6.9655020143742945,1.2828507262866589
2.517656664313906,4.3203626163481195,5.411070684167174,-2.0811042050117066,2.664394261178873,-1.0406092516199204,-1.3466575103315237,15.305395580229499,7.245025597037749,-3.2088920303254453
3.2754311628614206,5.906110423221793,4.26916022775785,-1.9608483655192281,3.5675971288895636,-0.49788812901953033,-1.25630234399447,14.581241910739244,4.825454503834093,-6.0481367424539485
2.189521586386575,7.872535180123433,2.822217891706965,-1.8361371801791186,4.331500734759722,0.043735341344085146,-0.8794052374713276,14.127451971076153,1.167371128519438,-6.957875805065521
-0.10923763185461186,8.314889015296908,2.201110830723013,-1.8805996830446645,5.074084645714155,1.1894077067054483,0.09634833804923362,14.005989994876186,-2.664646640376372,-5.877257499418325
-1.9000099728406785,8.077325341905574,2.4517477679176585,-1.5111459770458924,5.07865332953576,1.911245988555381,1.2583827050118663,13.570407419701286,-4.793889543462302,-2.1008812094791818
-1.2721396901285817,7.93528997916252,3.012505028853281,-1.4453216759281549,5.410233207344711,2.9436255013803794,2.3930858585148025,12.7387689685972,-5.22886490791174,2.2840860763083337
1.5444678792200324,8.0457146287468,2.7124243048177363,-1.1696497614798766,5.630144913442596,4.528804724929393,3.8508056121707037,11.405412427844745,-4.064511317496762,5.488244760160926
5.44987897794967,7.192527449708586,1.1775788801392937,-0.9379174332809233,5.744159851209486,6.777565168968617,5.689875996774982,9.26343359399076,-2.5741194741111744,6.63228212646582
8.769686972907154,5.159223888400334,-0.6804857316900346,-0.40175179839667574,5.6251861302182435,8.455033913338273,6.625062538231329,6.2634253221614475,-1.6332479189921982,6.914718286029009
10.119762135389049,1.5342744627905174,-1.6520883224390732,-0.16042582034481126,5.706097162392579,10.445117651341569,6.167671352780517,2.9470458351627054,-0.9315389024547492,7.061816359242777
10.437813261186461,-2.2193224658195607,-0.889864616809983,-0.07062087667191283,5.9617450022791685,11.941145417860621,4.145257718213978,0.3077872965811378,-0.41604949959923954,6.7525463189027715
9.05209939414477,-4.967819874934305,1.357369977784106,0.7159521763443792,6.119176929444562,12.565291239594488,0.3345806389360225,-0.5631953735086577,-0.028357015293399665,6.936842051525998
7.310991981946287,-5.937482410101417,3.591162629432097,2.605874051776434,7.085284689588967,11.245725492154017,-3.0580649319739934,0.7015734849008365,0.5555396769771073,7.0006142930984145
4.972070094813613,-6.003118926985426,4.520501031189543,5.803776352009465,8.366670472070691,8.070772841985994,-5.218593208399151,2.872425841375506,2.0413979416676153,7.26358435778467
1.7727560406895368,-5.9345154827946045,3.640870196301612,8.896559719476087,8.808759731353046,2.5242451259418712,-5.903371075203995,3.909416462626799,4.987838622354799,7.349773643250371
-1.7137830532247476,-4.951939218116731,1.1957908966944193,10.601103793368704,7.325527163728213,-3.331873032176058,-5.062179212259069,2.3592914180891085,7.008698169791469,6.5985890997871826
-4.446826101003261,-3.3369670582829007,-1.2813929957154517,10.513430449955962,4.640627623275702,-7.141118697773285,-2.908740427679236,0.22526839612241562,7.830783812862533,5.132892375767404
-5.938955792572122,-1.1365163402369303,-2.244006951692709,10.201834120834572,1.6349290350701182,-8.311722717737332,-0.9569403637617819,-0.8452303929923503,7.5681477837158075,3.5487137230288313
-6.269243514833116,0.8771968260892978,-1.6093104686436002,10.002552882858772,-0.6980548704641701,-7.637413668292102,0.15842874481754896,-0.6175369309652267,7.82194772322245,1.5740122988437482
-5.69832405006236,1.7216413248600422,-0.14784790909721757,10.3226639027294,-3.0849763423428147,-5.632400195920368,-0.040545044908066305,-0.09719969924207023,7.7914024258636525,-0.025000782289369344
-4.592425484807052,1.871404137922069,1.859449181116469,10.005804299859452,-5.145160504828602,-2.9594141091611545,-0.4744598392546465,0.10134199670988231,7.962474151855856,-1.5755582059759559
-3.076371559087524,1.231544702896485,3.135064740007863,9.204217547419207,-6.2111386351268925,0.5861911640537921,-0.18123745322690926,0.372825491159367,8.219124692727764,-2.6817268011076942
-1.484771729749043,0.9105660766059265,4.1350084709403765,7.876889371244243,-6.00509364232632,3.5052056809376793,1.1818496385392592,1.228424318861007,8.24592117134427,-3.295603039768726
0.03222638807452732,0.9195174132190028,4.835952457878172,6.23723018917721,-5.398432238565743,5.041626257875577,2.961028609772513,1.7550991381573406,7.842250777178749,-3.5075407357687896
1.5645671121174138,1.922665476827284,5.461195847210791,4.990010475689289,-4.502146292184432,5.830125521112268,5.335058082141227,2.6116677949985343,6.87615426105924,-3.328451698021768
2.554271208840928,3.0758887674194577,5.8867324390052005,3.3252262966336823,-3.847382374488536,5.776350128911713,7.271001465115493,2.9769085770106547,5.8014307290216065,-2.7969662019682016
3.2080420003218397,5.00492301362544,5.971614253691556,1.4624126630578649,-3.2342695645462065,4.950463599938624,9.271745687057079,3.4211007005172895,4.307245584971572,-2.497422678752187
3.013354105514361,6.356223677524585,5.464170640986143,-0.6442312284692093,-2.499382627634647,3.71421945899182,10.577426500346187,3.2999825638730718,2.535652034051645,-1.8185094699791036
3.1507904448962822,7.415517137155712,4.16504193332887,-2.095893051730363,-1.5940201426341596,3.0648383655926805,11.397380243184813,2.815057750996425,1.1894950194846314,-1.2069600233670532
3.174585176883336,8.275179337192537,2.1526011449501654,-2.818715797002176,-0.997005850859179,2.1024503756121997,11.801760834184927,1.9174897028631643,-0.16198688913558482,-0.562165466337545
3.5493344792840906,8.692553916757749,-0.03721581363425845,-2.685652608515483,-0.7157308468164151,1.7376720557179741,12.039709083207162,1.047043255507159,-0.5877938705890138,-0.1479793906509396
3.853301863394026,8.401964192292382,-2.086145432280146,-1.7053486490928993,-0.5082899113609477,1.8812798151021288,12.144474261434747,0.1416354205477848,-0.1296441142217301,0.3503775610104315
4.176014068925999,7.850887401825333,-3.2908186966021233,0.3063955377339119,-0.17049423749504453,2.2030420462004945,11.87103178327296,-0.5890908708348643,0.23855250443778633,0.7274910509967094
5.0027348458398615,6.83893579753565,-4.051471791778764,1.837604205469921,0.6084517832593669,2.569343248278302,11.871463646352684,-0.7053142973093404,0.9277987418179834,1.288120971735919
5.569664373310617,5.571249435497946,-4.354619802217962,3.247738666099094,2.1458284215092793,3.3785646905862228,11.354410449567578,-0.9869448714369039,1.9188384235253606,2.2836729800869286
5.894602055401246,3.6769649810686684,-3.936796885176016,3.7966028715046307,3.9583847285444347,4.617317798332724,10.422656977912292,-1.3796067960222744,2.7569638110572763,3.4399888942977572
6.152024541568168,1.515003908995167,-3.4994468756104715,3.803887452599609,5.852290763375476,6.233231139811625,8.85616146413608,-1.8536869799063092,3.633086596668139,5.132908782374351
5.228242777070458,-0.6641850167603898,-2.9401473861191074,3.241328032484481,7.945309920358449,7.5982281828766,5.636224995484827,-2.295626147294651,4.037072503722628,6.805432748483061
3.5256709635549854,-2.202769152488113,-2.2959703388026225,2.1503303721886464,9.398090017681428,7.981999568610842,1.4700954604736507,-2.4952773871971172,3.959432492789363,8.370895411586385
1.3152838810060277,-2.824172162088272,-1.5044899561309042,1.4763488368824476,10.227050653395128,7.022305292369957,-2.706959604656033,-1.7995451781550023,3.1225609360251037,9.125833254538126
-0.9662002382820524,-2.268188762002672,-1.2176665697134856,0.8708536615777838,10.682152494058466,4.461611181879394,-5.442440807108693,-0.6308275306018534,2.6715065061409002,9.483998184269122
-2.5068611895983746,-1.2124879735809029,-0.8930421496294804,0.8629706619070141,10.780302714772171,1.3489066551492566,-6.0871134826001185,-0.14489989169010092,2.832853863990766,9.288292513269534
-3.281890559215953,1.0108794989552794,-0.3484604882492828,0.9684640955594307,10.714832066437587,-2.0636077727394113,-5.1647006611947734,-0.5338113093938778,3.1449156177122335,8.90522406676875
-3.0449244533704083,2.651680113464834,0.644238264566852,1.4809101606687698,10.412731692150487,-4.033298567829605,-2.538066870284213,-1.074819063534369,2.7376314612409898,8.574067028793475
-2.0403177948138036,3.7291908201860666,1.826573813074163,2.3108223561986843,9.967662349219099,-4.697551248523315,0.4684719524171115,-0.88326574236318,2.8038524958745263,8.574943767114299
-0.7117958293688614,4.634950075702259,3.0527431539314507,3.387291232349908,8.823186247816952,-4.556683433659005,3.348597765463542,0.2631430477611869,2.8123264564916672,8.288196661393897
0.403553055009039,5.188783196738858,4.506472347723533,4.286638395853583,7.282711804293155,-3.678675209129812,5.102831570312366,2.400047083272353,3.3869467935870587,8.370542045977269
1.4363425460253343,4.864420942050602,5.451407360462188,4.9694761485677965,5.69136026518398,-2.5708596867302513,5.7877644990939,4.616311711252711,4.195139839110611,7.934686010460381
1.9407204904768278,5.317764636745497,6.429956069058282,5.151671460632892,3.6516889551841483,-1.9495095688415562,5.863760715529836,6.7743511828145415,5.032653041663086,7.279372338352172
2.308188668483703,5.521895416001174,7.4239568321435145,4.3962049580911975,1.9117802447244072,-1.2946691721891963,5.672531995249922,8.835479827176638,5.463620894131176,5.941672485180685
2.8671945146303313,6.02418622999294,7.9023812783295,3.086430346203325,0.7754210534948205,-0.6478503809811852,5.742913634022178,10.583843434996567,5.415474156447452,4.101920676590308
3.4281539483939003,7.085515654072711,7.646231622661452,1.1551805075177954,0.5415144753769726,0.24753806544606524,5.831518574118534,12.097153043125914,4.3603874269971,2.5055015644961234
4.025013580854673,8.127462431278682,6.435365397137011,-0.8701117027347037,0.7994463169994006,0.9649863517672888,6.06513645389736,12.77866974147211,2.1908976770855206,1.3682011790762532
5.00873530034155,9.091269393975868,3.8812490335055356,-2.306090190085911,1.7102707566345432,1.732944584491812,6.7994787950899385,12.445545911279257,-0.49968335244372775,1.4483715160992858
6.539626938294875,9.158383923597226,0.6099935605299821,-2.6135225818225467,2.0249403695416652,2.9643634948100903,8.322249645173843,10.756914910879859,-3.3491630326525126,2.700002423655814
8.471012782935425,7.682938105154182,-2.731452365298306,-1.5034509441890787,1.7713932868157434,4.506935145933369,9.559341733342187,7.210329884406969,-5.337962114041638,3.17762888094941
10.224145310784689,4.378682945741656,-5.386595369794176,-0.06625430020802375,1.9476002012276767,5.8632372553757754,10.164074801585034,2.1128548210707097,-6.248516662320055,2.1865034669004713
10.705492284540142,1.4095641410607238,-6.004252785950784,0.46451033970719713,2.5265545765151334,6.9101100637705155,9.118502882382872,-3.46916548763669,-5.028540868121466,-0.631384840661337
10.254514330397047,-0.22192914163480273,-5.407834372011865,0.40743923731994014,3.2443667717493168,8.055551182209264,6.153788089528049,-6.950065734967442,-1.4523429905146785,-2.5879497344121227
10.372453535706253,-0.9014324942515015,-4.32061695823232,-0.14161779406409888,3.7304965516390975,8.766729610160308,1.731956910148301,-8.082150722444185,1.3536350927663856,-2.0296512698779
10.349736917825084,-1.780292010198935,-2.910947191306029,-0.44353651866346344,3.692954650584884,8.954945484606403,-2.8631204376716144,-6.849630015077799,1.9205312728313393,0.21068985665639994
10.137493898970412,-2.7761594251336343,-1.155713478612238,-0.7810973831878727,3.781242728431147,8.07104925043426,-6.093379104403307,-4.016776524705273,0.8584578565064209,1.762673438179971
9.82243037063784,-3.212396419122821,1.0864757599905777,-0.059176414360875895,3.884906172735378,7.1189951050326155,-7.777811644692638,-1.1653130305046042,-0.002833380102186589,2.334375367914536
9.474961850871082,-2.8929440820674626,3.0183826903181643,1.0313325787411436,4.046187185543913,5.642129246270182,-7.988681162197018,1.9609749104231609,0.821657983674901,2.7720609580755347
8.850023831623888,-2.097876919772708,4.2423463797534575,2.8713406809540714,4.669002547823542,3.660246520713092,-7.489842231804887,3.2701284440841936,2.5265782299352337,3.8024623328352485
7.647489460667431,-1.2061569766595652,4.738962371835968,4.7573590338481475,4.552595853835513,1.8072160223565825,-6.711180884319157,3.3728638298369367,4.818770618755438,4.9627924380286155
5.7302855216449045,-1.2761276326991968,5.152109203158206,6.002714829737915,3.577207133759459,-0.39325547571786723,-5.995581656076064,1.8062356359027774,6.805849079224216,6.417769549441874
3.009370308450895,-0.9519503362306786,5.012866498812023,7.1032419164281135,1.8776855881311054,-1.4752565960235682,-5.168353349402127,0.07825980391232276,7.5087619241112264,7.854967969376636
-0.0026309075135590165,-0.5681755253419489,5.512405315611982,7.713164562384581,-0.19893964056936864,-1.4149776837750205,-4.3884633863854745,-1.4687878893355948,7.217598451512822,8.81836425358038
-2.3181223469112178,0.13454478309004098,5.414265446444245,7.667769945249018,-2.0984806264984304,-0.09025811053066779,-3.6966086781675953,-2.509448288474221,6.012097917628383,9.191495963510514
-3.9090216462548018,1.2893684595369264,5.841304455975285,6.858462886333273,-3.223796150774452,2.000783901329616,-2.7911747018502164,-2.544211727797001,4.755091105509998,8.950249323070521
-4.538991589059609,1.924184853425371,6.995022637604612,5.3647955550219075,-3.6786442682086475,3.690092381047729,-2.1185273180093978,-2.0228901710037457,3.7101966454265183,8.496697932359327
-4.242152913799437,2.5761449753929044,8.04260817882218,3.1676895438367842,-3.862737030243521,5.156976772349047,-1.1720429544642395,-1.5066511447298512,3.2082182088179754,8.086307044551237
-3.6481056089940207,3.0680640558828247,8.960225136298485,0.9576952779970451,-3.1781489333724484,5.810348567145316,0.1495258290033841,-0.6177037609214727,2.928049324167725,7.736286959028171
-2.988645516361549,2.909877580190343,9.515695780293218,-1.4347659365035628,-2.5804992806559013,5.883670007469725,1.1537099650500555,-0.3253723736743998,3.128588648651124,7.381006764003929
-2.313000890464737,2.893470799400902,9.726708323161553,-3.2440963240383245,-1.6298386801575566,5.678980586779383,2.2543480123797304,-0.007571989644112528,3.4603570352234683,7.326023390807817
-1.7747678364262707,2.9309936502855827,9.269363029072279,-4.574338295386384,-0.31808613329280727,5.536326734189828,2.8841620217443804,0.26303961335481585,3.738491203298584,7.19611120856919
-1.6541685490006526,3.2398017122759115,8.906164055068011,-5.037008062383142,1.138283439919411,5.843364748985849,3.2570806845266436,0.36292085389511536,4.212526978650083,6.869811020023903
-1.293172921676787,3.620979169420728,8.194542568338688,-5.0197652173523695,2.008216714448463,6.662738071872113,3.265464448163811,0.47114174440206535,4.496481473384237,6.807883696605006
-0.9498781789216638,3.991888680819085,7.642821986130119,-5.008531574559269,2.6486964676743114,7.931033644166763,2.8855263470929096,0.32818070944015154,4.83340843909904,6.408954541536561
-0.7894084605955898,3.8491771210364103,7.252464253031977,-4.669041413126048,2.646573414056877,8.627002045443504,2.5133538354616105,0.37348471145672424,5.2561808306718545,6.187965680785315
-0.7442542257802939,4.386029886601177,6.6179103826483425,-4.230938277590249,2.82583825041074,9.923505930242646,2.0446007378365842,0.5576534399336686,5.35293000183543,6.026134197084995
-0.5473685209794079,4.548976173914429,6.030503913410913,-4.178275744857817,2.128020747633335,10.52731503685388,1.335306532733544,0.8583893493567717,6.028693913438013,5.600975709364395
-0.48871468706962345,4.857633505406487,5.214677036363265,-4.119468775632191,1.578071850469776,10.988480953196433,1.162236739547522,0.8803940410203797,6.269799636339395,5.715464910700749
-0.2896267226544196,5.221524805020831,4.572624275523566,-4.628814468153538,0.5790642311103551,11.057175755825385,1.8086756993944726,0.9783878350089944,6.745974232826404,5.481030191091409
-0.3711077648003378,5.21151891533751,3.553679009459826,-4.859651894943129,-0.5464043292963348,11.141993929379636,2.692518133866141,1.0278177480141903,6.8203367855986246,5.069711951790896
-0.3377936324153109,5.536271370062455,2.717054621948862,-5.298816574408252,-2.036130086291666,10.47216212617311,4.078951638288465,0.9171528452178126,7.345529092910873,4.895508614531149
-0.047319022818691575,5.89875457016227,1.8761440830606988,-5.462240896517044,-3.282644981899009,9.103309919507847,6.1858763682958,0.6607737419528231,7.433276884342306,4.741180442882997
0.0084536481354835,6.069274305257753,0.5776949039449457,-5.1884117590680825,-4.6260310998319465,6.801345787560433,8.209611078322904,0.9952787527778754,7.434451558969024,4.859135807712665
0.05076446529062553,6.320463136285483,-0.6354238226941792,-4.495778788405042,-4.937570397309764,3.7583591686304647,9.700724143854085,2.3146102860648887,7.300442341431999,4.669407612235928
0.7217602850180929,6.266178454067653,-1.1058325235466961,-3.319194924125386,-4.891184799900238,0.6137491683414517,10.711985851749693,5.180064419867658,6.418812102080961,3.603713170587881
1.2600099327273042,6.069747844087865,-1.8640409451973925,-1.9402705175857025,-4.265605354987298,-1.9323284156717635,10.081690908530316,8.529858201579293,4.0359130313128055,2.514836119778969
1.94747108843335,6.07286255462174,-1.8103478929775427,-0.4178480021594553,-3.5987284617384323,-3.0539399365274047,8.342144744333273,10.812594964535128,0.9223360366282056,1.9815961727994154
3.1418817464895388,5.760524865824601,-2.018907776890503,1.0695564353661313,-2.826514853426296,-3.9491285984164626,5.755771343038993,12.000302245765962,-1.2857703722524596,2.442252626326935
4.663294177247441,4.916073328733897,-2.081278455922126,2.2066238863990284,-2.4618375636738383,-3.4084272144800267,3.6888938629881953,12.265770056240754,-1.8787638183435345,3.732030269714379
5.875445886644766,3.7779823615361425,-2.008688807102441,3.3197848174554947,-1.9868073030447273,-2.7887269780877726,1.5614899683440626,12.444255595285414,-0.3972855814275619,4.19546595036711
6.438759977435597,2.0617347739653162,-1.6891709497826068,3.8104938372806383,-1.2668096360488952,-1.8175867607593925,0.4015425204459713,12.582322180322524,2.5009759972653525,4.1089473063637385
6.2458970685931,0.9133374962485925,-1.2990129375314083,4.486575047705082,-0.919610835966811,-1.044324372408361,-0.06702486066273025,12.345065336219612,5.205240917692509,3.4441122728937796
5.558237402962949,0.3232024180646903,-0.7763499756726765,4.780067174514032,-0.21069300693684323,-0.3998108049502905,-0.1841989186195328,12.334755212416324,7.029951832218147,1.8906372701275114
5.573358394718817,0.15609746284015602,-0.2686170285969141,5.115421915108988,0.38295678143449136,0.015424781226247367,0.35793882021299517,12.145022892781881,7.70238233895798,-0.08545929734020545
6.129322055855431,1.0925569815674945,0.277597849171599,5.182981990357521,1.0700200120663834,0.39910168315849187,0.9579406806032998,12.263784285669589,6.567677881286502,-1.9652950886446872
6.810997276739157,2.3858891775895557,0.6128941427312167,5.565874672148172,1.2514135237903639,0.6204202234017672,1.888995127730831,12.415638656809636,4.513704347470134,-3.0795588008119243
7.026790361090352,4.120728477590865,0.9555220110017191,5.6534877340305725,1.7569053163306283,0.8635089470967837,2.4615001906059617,12.417821238943233,1.699122916313642,-3.108253547424115
6.478736259724701,5.523349488023485,1.1113814464064624,5.780784127373807,2.2176962578654353,1.1872829276696342,3.393846870976308,12.474735012669631,-1.8154241173701813,-2.4840085429354213
5.609425827506541,6.849661151759845,1.6250702170716937,5.645555465855835,2.648483005682039,1.2797570517515429,4.444570140716625,11.463601506576063,-4.397821999449185,-1.0286651823198247
5.7972679058132695,7.514005198199498,1.7880943312814388,5.513051890841263,2.5192347842776877,1.4896932697309564,5.004542700201984,9.898346014350292,-6.06658897328118,0.8064077765463126
7.114643411759581,7.797583200074289,1.8964014777782676,5.487909385565741,3.1519217171576437,1.943400592906776,5.905017284821689,7.530808198601103,-6.960760478131678,2.090058774191576
8.514874120134863,7.692302748668541,1.3763791294381784,5.047936415583482,3.572178873155735,2.444680761659172,6.413070263461811,4.704020229267636,-7.487311418994715,1.6060839785872003
9.570762048121217,7.7671513473579274,0.2197570093752915,5.142293846893903,4.444209216768458,3.188184728733405,6.408952826141489,1.8375911014719455,-7.455242029676783,-0.21052263973355773
8.387134790509197,8.191586729120012,-0.662063112584149,5.583416572956761,5.615247573210743,3.4964074380457744,5.874102088687103,-0.9869698202465472,-7.008658844368725,-2.7351176778862847
6.073228299742271,9.38722953203693,-0.9992530750964568,6.024133650949594,7.196580229740499,3.8693217869529213,4.367490674746733,-2.7016667786213646,-5.042070130499474,-4.733294112646585
2.4960006011684284,10.34185105069802,0.48551349013993605,6.305474115881124,8.387457055531703,3.2336005202120837,2.8783368323577543,-3.633722529646325,-2.9595983996482467,-5.468489746765865
-0.22346359325816012,10.767605178198137,3.7884030476285155,6.22448171993933,8.576479625445142,1.782229062846683,1.8255576274113428,-3.604866863613614,-0.9338383231845556,-5.124012621425271
-2.2140367417774516,9.95976077721109,7.586646592908686,5.648267765464695,7.499333313259804,0.5789654704801834,1.563834462891046,-2.896297826081296,0.5023291558886945,-4.504382857334744
-3.4191118005628143,7.928141188044617,11.396473402542485,4.73145675617197,5.115318259894612,-0.18040753360517375,1.928945061637427,-2.0859237344928427,1.875567608054026,-3.655623960854924
-3.459050615050598,5.138007076133286,13.552548950215106,3.212501249279045,2.9587962366822658,-0.005002072984136741,2.264286143418796,-1.1741820968242875,2.6959023425857764,-3.179839079880718
-3.028397903905871,2.7923168728376373,14.676642809573137,2.0591803168730904,1.4775039987341423,0.26868282096790647,2.85168319254446,-0.4798877114700251,3.1448695719541266,-3.0935900273307984
-2.059561001409031,1.1710617888747326,15.136650706666178,1.774719198567425,0.8045573005109563,1.046973997049301,2.995379110296742,0.4441871624048864,3.5105918180589617,-2.711008026276831
-0.9246287780123751,0.07302385341437928,14.809462304820768,2.031247203897911,-0.21340811083116196,1.3812607073692376,3.520855467556228,1.3112306990230556,3.651023446857097,-2.6552506314716813
-0.2210644550459968,0.19070692158590136,14.404887679230022,1.9758657743126558,-1.073630818596431,1.5944277931622786,4.20371357619506,1.9474550597760707,3.349225294213403,-2.4072879959590017
0.5596307776226032,0.8612522151117572,14.289733591117445,1.0402090350405346,-1.3667069131418967,1.984856538550934,4.444954943206162,2.722385509682814,2.6939035317808466,-2.0705361350367073
1.224836558470484,2.103301733656385,14.101096304381686,-0.42569246711443903,-1.266686749984586,2.1116923933234775,5.0638345588035945,3.258731249828868,2.2822371822979566,-1.508993751604909
1.4466214367413242,3.388629927781575,13.658321083416828,-2.058203286934196,0.1370568748436565,2.286862222379803,5.86991040379026,3.415841709105007,1.445071668536569,-1.2580381946619483
1.8016283102941775,4.870663525457033,12.304400138119469,-3.6735792357343686,1.9011618811851392,3.113759101415667,6.299013255316647,3.342546507945227,0.587518265389083,-1.0125397972251595
2.0804021433658373,6.622637607515587,10.394298003885128,-4.494471438500118,3.796518003391508,4.929458246895288,6.553154620282762,2.7635519956544448,0.2273100786765508,-0.3979050406929487
2.4420825261765398,7.761378985266282,8.223150573334062,-4.8076220247017885,4.844694898491642,7.437193649265198,5.698175206910307,0.8811469462681815,0.05423470451697714,0.1492265016208107
3.1129526047121026,8.579346596008527,5.426493079143297,-5.158868277982352,4.5913302421851645,10.06753092473079,4.028059729210022,-0.7635330528822674,0.44999898706158736,0.5912243006637771
3.6455875812134373,8.916019920991545,1.9756996157565303,-5.115912716363966,2.951789262495453,11.678586154184115,1.5041213443828934,-1.5307646753688746,1.055386273803434,1.2956135313707424
4.598913357730526,8.646483490345316,-1.593596147470156,-4.598921423552092,0.3798041911039596,11.955573715207143,0.01184018239974994,-1.2545512273108015,1.1053858512125148,2.023793441469913
5.601033442024964,7.519358652010946,-4.568572476025244,-2.3149806280928757,-1.5405867496736956,11.801380867539615,0.3334229657262923,-0.8845449137970197,1.6679550094103017,2.751174720353331
6.705396547801788,4.713302347507852,-5.952867436957028,0.4466969671321725,-2.0933410743738556,11.637764382327878,1.404836758408331,-0.80989476070556,2.0523393106826506,3.861850175937337
6.99530599400135,1.8362543022474713,-5.947514403552729,2.029686402461916,-0.12681989090618165,11.493651958219964,2.3488682059071033,-1.0304682524246456,2.0493280991257317,4.752930239256639
6.3966695961944975,-1.6757949953614135,-5.110905490137452,2.121835552809614,2.151814910634261,11.256423459679981,1.1477530981740767,-1.5457414674111432,2.552233072243322,6.003322959724696
4.837954034090291,-4.241856130048378,-3.9121955067440752,1.2476342322919411,3.9836071744074135,10.92086006279945,-0.7749338648511965,-1.051330477324246,2.4559010694986623,7.079877381719746
2.407563204787016,-5.404271166306014,-2.740576338038079,0.31579705539258135,4.859114896206466,10.393738387203157,-2.7744787766796284,0.4418331470096656,2.4293360716479633,7.666915902042563
-0.5370379320788157,-5.066975959625987,-1.7137425892527782,-0.5415891372050279,4.74047326037388,9.600094875167548,-3.877269407881717,2.049199692884237,3.75331756738245,7.768706994278232
-3.189767190601551,-3.6324005295708566,-1.2834390113773075,-0.8688542355434432,4.736975356586474,8.667888307108067,-4.084020390939959,3.485618384716801,5.65943130351286,6.895985256124817
-5.111166607302714,-1.4898059448755838,-1.1687054014967952,-0.5091242400436653,4.81811041340163,8.084951863070263,-4.097395243024063,3.9938377692356477,7.641171334903603,4.34534081159759
-5.606108069034878,0.01222564207797984,-0.8387077637167832,-0.4737221755099281,4.627391433712674,7.436784982043065,-3.653178501018612,4.108191733268331,8.88921100461834,0.5545002322582255
-4.266801416809935,0.41252590753795526,-0.2386610284272947,-0.13810810596289755,5.000384203626799,6.758601992585434,-3.264164860276013,3.940224327900255,9.33919467307948,-3.0520032712640477
-1.4910264857065556,0.2555964091193174,0.27955358475379266,0.38973036748692647,5.291833319468425,6.155164174678546,-2.8993639468529873,3.905051931167175,9.363523236885383,-5.5520308789679484
1.5236239345003377,0.7576523455560701,0.7521089045536504,1.1007673428602065,5.9359685960798885,5.215143809032478,-2.8183816307811433,3.8086245224521256,8.65288525796614,-6.452406330879496
4.034445866497226,2.2341286437762475,1.2697303753601439,1.7274562628644743,6.155860002801021,4.079810342224014,-2.7782395650960074,3.6778836192004882,8.085361309094116,-6.060976514413099
5.398430292047401,4.326552141023588,0.9033637244823756,2.466790579265122,6.802852922901812,2.839083018124877,-2.6628904473771144,3.2720513097801143,7.725632816906008,-4.723778662852212
6.211303440328402,5.8132864410904626,0.507152308165623,2.744851554111231,7.072866502037134,1.5617452606644437,-2.361674736143764,2.8479711523705946,7.636452739374501,-2.7494327857290184
6.6234255635556085,6.535799364105192,0.128946046693683,3.1269470419310723,7.165524976658702,0.0007398701423223519,-2.083237626023417,2.5592948502193087,7.8154774307624475,-0.7323676391958208
6.517324755224052,6.517175516563488,-0.4812225486180364,3.3511477567985333,7.300731651132051,-1.0096155056515106,-1.3438088403430029,2.4216850775312087,8.228193900959068,1.3568182856837288
6.554687505630429,5.8263027027798415,-1.0349084026074096,3.7324420595076933,7.344076906951781,-2.1775735569124404,-0.1439043186632029,2.1807680149323745,8.575513053322853,3.790913499322042
5.94733140857174,4.124664188664598,-1.1596457415415495,3.8790310054247166,6.9653427435558575,-3.004903461520051,0.7530427980569824,2.581561419573984,9.410094918946976,5.603797869814592
4.078772457359628,2.7394370306144764,-0.6370194494955959,4.080667607953984,6.7079103945133935,-3.044083059857388,1.958954727895451,3.9231776423556526,9.918925071299425,6.745261019763409
1.6644746778664847,2.1650936940592476,0.043396693587303276,4.361984687820184,6.305751245422495,-3.091010227792264,2.4876429600725105,5.660725558112537,11.089864018313522,5.884744662476994
0.17336565601111478,2.1920603664741014,0.7358638921396474,4.428875981244595,5.732407404417087,-2.999522303755076,2.7106016279675336,8.129763035604874,11.755436778129159,2.8698722885232533
0.37379853432646093,2.884113062044796,1.7753674956680574,5.0735557810482215,4.974200456874136,-3.0112721800258035,2.556740926812441,9.767205196020594,10.727797822142147,-1.5675949278863361
1.785322477014275,3.333908662667895,2.8422966162349965,5.455859819592161,3.7826007953984724,-3.020654175957384,2.0792754115319383,11.399559217802569,7.360812448302532,-5.33494003629769
2.6452770515659534,4.786111797454016,3.5869549203334703,5.61480178278971,2.3282217127545386,-2.912694656065137,1.118735723991657,11.844038173508723,3.094818122318264,-6.891049111498314
1.4223153592370261,6.14384690286895,4.847057851807584,4.908376007694567,0.7645421508442031,-2.5771428955106086,0.19325598463697546,11.768280916518474,-0.927283551494294,-6.68032827717715
-0.6190620148706624,6.601564417928559,6.311645253104147,3.4477603315765304,-0.3034127238500736,-2.3497124721463454,-0.5841367778340611,11.909825203753599,-3.564503025539503,-4.142974988481478
-1.5241999647888869,6.3447909866842185,7.6696043175784165,1.5050317447527273,-0.8600156490375007,-1.47485760797765,-1.3338806561907852,11.85061751494648,-3.8450887117228523,-1.2397882395334685
-0.8338060360940368,5.897187118591166,8.21772454064085,-0.9093452498891528,-0.37145755985946843,-0.8140286426989722,-1.4683766275560677,11.86619965547231,-2.1984017097454926,1.3684738142954602
0.36354063839231676,6.194646556248904,7.878264677486709,-2.7712032955721586,0.7856934382848018,-0.34872854663504693,-1.2275319147844144,11.761030130812538,0.3118323884110016,2.3973398342949803
1.3608292996189644,6.526202507867041,6.569925950879759,-3.81482484091339,2.4894013114543734,0.2338571990377932,-0.4226807179655637,11.585406405978004,2.565264437042577,1.8815236199605883
1.9635569553705894,6.990356197733477,4.933973401074256,-4.098408876141229,3.716196531096523,1.3038165505128625,0.12417241555165015,11.586585236358234,3.908099925661346,0.5371629029940574
2.3928118335051964,7.3789698558515715,2.92573606500913,-4.048592598890177,4.522162247708991,2.9087209485653873,1.5824731692488752,11.521320843968722,3.7177379894977274,-0.739963147058956
2.59635944184443,8.113857830950822,0.7849000287717877,-3.5027202666620383,4.1631297058726275,4.641040833910704,3.075794986301407,11.394744864666405,1.9306050097321665,-1.4531359637856747
2.2713319264022007,8.233758403463078,-0.9164220572059981,-3.055591002258318,3.692362926179805,6.337932643135145,5.364630561992316,10.20358965237097,-0.5684603411239298,-1.0945744829636248
2.3197649356114916,8.495032340324489,-2.411482647963827,-1.7929519698558383,2.778628355887439,7.878822440777503,7.6446129787977375,7.383828631905021,-3.2634001305029776,-0.15848170744772855
3.054973951825266,7.857485947868423,-3.4078842065974473,-0.5921559658773912,2.580588343934594,9.463673343323237,8.439717076887188,2.555611672708065,-4.443115740434515,0.9406828669687575
3.8550630407400592,7.304759442834467,-3.810642437217179,0.8241571981328981,3.191796430162635,10.356782298867953,7.060979679723687,-2.6695583822800786,-3.8241592145145216,0.6787892959088837
4.222240155117924,6.775407422336979,-4.106536675483989,1.8824852116219668,4.678283499599753,11.199802455559675,2.800030543237674,-5.539583614255789,-1.9578271080589549,-0.15936790712775814
4.242528438530502,5.866760493253557,-3.8015617258114722,2.5961744515941607,6.639805004140432,10.237729588326395,-2.8564213909850182,-4.765236731887369,-1.3780624805082717,-0.2668591457815788
4.565607640816447,5.478355393490557,-3.8947449623025383,2.61598142527376,8.304495164625294,7.583010310128301,-6.912784916267941,-1.785477820605064,-1.446151038560981,-0.32274086390608986
4.790825937017262,4.811897341682229,-3.807228859888701,2.0887961725302966,9.418579968659722,3.2043685615376933,-8.473517789512599,1.4397975677713915,-0.6450484446414868,-0.1723909671275116
5.113631842927281,4.140046919529103,-3.749861692337929,1.5801573927580455,9.899999740088052,-1.3800456401250476,-7.974952233194095,2.3800693873725196,0.6028955386107413,0.3638645947179231
5.225535537602647,3.272789647033154,-3.7298487180052424,0.6560626943899892,10.096398240963127,-4.712605707115605,-5.717082030913523,1.257765343155039,1.6607842250994034,1.1166811008500515
5.617210962830555,2.321072585819581,-3.8454154441932187,0.1640117222827082,10.088033468031092,-6.313730471381204,-2.517308866673128,0.10447816511389929,2.2019646138117785,1.9037824057895818
5.682685741186427,0.812211690136641,-3.6833539171119902,-0.9014145671937845,9.998119606221822,-5.75241406019477,1.0924579671779324,0.45206071308776746,2.827501774940075,3.089736959678773
5.354133206542342,-0.4943393632644336,-3.075202593004257,-1.9675989027049656,9.948342554562075,-2.915689721753379,3.471341850145301,1.6154137730993265,2.97070325275767,4.028112838783306
4.793592483213178,-1.724944504722824,-2.0181468658685757,-2.8703502117697095,9.855365302363467,0.9861003704839719,4.176951556658834,2.821991287624859,3.4498928088221574,4.7816647542693715
3.3981449403750164,-2.4652346990265483,-0.6711978588323473,-2.9375819123465665,9.17631301507778,4.556627230740063,3.7166252632011347,3.2731407647140416,3.994408196143928,5.049652167204776
2.2373564305034996,-2.619601844760446,0.4552471876071815,-2.4057797253509836,8.407863751952892,7.281452481630749,2.300750071934893,3.5520954742888438,4.501124820154405,5.2307316099088785
0.588750851252716,-2.2166624750466064,1.492492521880851,-1.3630281764197885,7.985970550799692,8.868861762451209,0.7907520618372044,3.6281142032758424,5.5538216026645095,4.983492042416149
-0.736796777725325,-1.4753129708293737,1.7695971396131347,-0.021072866075461705,7.876455714820958,9.163019738670627,-0.5305209336443474,3.921892049199035,6.730217470191479,4.017626090864895
-1.5088938485301517,-0.9062704966957349,2.0775651913307764,1.3145695169659075,8.196293564804424,8.481313290350942,-1.5314477467185008,4.128312302950153,7.648022171706768,2.609281325528202
-1.57679054835708,-0.5547602773780757,2.2399660291311703,2.7031680606646047,8.839666765993687,6.972875810456061,-2.6746378940286664,4.6957060608471455,8.512115409146721,0.6006788353440558
-0.8181683392302325,-0.16260986276706502,2.77069285022394,4.414595695372304,9.415389688114626,4.124168358645201,-3.210880387845754,4.311003034415375,9.341639427852078,-1.572751177403891
0.6965104086974624,0.2515796070092877,3.0462019877233177,5.810624234871791,9.264601110895399,0.4927319566371282,-3.031405811701291,3.5065369676232447,9.24116116672688,-2.8137771212226377
2.2938513043309996,1.124080559040417,3.7179064363450562,7.242351145512581,7.69700564132879,-3.005131236306569,-2.231898784267192,2.3012539184278693,9.426574748347553,-2.663139791477372
3.4927654469555303,2.58353488183055,4.256593535785522,8.037992673236447,4.717703048597765,-5.314099094616903,-0.6657620669002825,1.7445279339467756,9.413361401344222,-1.6462831475834463
3.9832746659227682,4.151888090978261,5.383701686363366,8.093468376333682,0.8635959359389289,-5.672817722136405,0.10657458435473616,1.9957834914246804,9.345750512843402,0.016933802296515935
4.327869899041936,5.2294626224849505,6.423341708781861,6.810098433490258,-2.7309217006784268,-4.4237428006229855,-0.28897432145225854,2.2098997028882628,9.415032307793355,1.3522338852652158
4.133060921105772,6.587664460675072,6.963861571130939,3.422465369544725,-4.640486328229363,-2.653849075322658,-0.8641617015703819,2.258686606266166,9.957531153655191,2.6568509987146482
4.093463702979608,7.512395141945861,5.985199490980021,0.06565235828151784,-4.747255300659739,-1.3445295251354157,-1.072971999280066,2.11001588629351,10.251997272803344,3.871751711590201
3.5384732414855677,7.581653603750364,4.418770263598576,-2.365901097221328,-3.661398010354436,-1.0362943738116825,-0.8576647731558376,1.9516363629807605,10.724809730493725,5.25018613829595
2.91655464755434,7.257926997450704,2.369246971059428,-3.5620056451794446,-2.355329078095376,-0.7262200883210105,-0.46152577011184504,2.0024326267258785,11.241545552197804,6.311782704643759
1.96514847356465,6.751608835735955,0.32499907446450127,-3.434486374098283,-1.4319221719138298,-0.5327332425837183,-0.07610913066923217,2.269192818698002,12.260586652555917,6.563171413418553
0.5011497991280489,6.640883852025214,-0.513953629425899,-2.9317237202547872,-0.7845436708052551,-0.1914660452515351,0.2975173646151985,2.5977755099178577,12.61366909677039,5.930156793991808
-0.7569972874831165,6.798868642733026,-0.7817038369042968,-2.111070346049351,-0.2645151582701113,0.30873842249793865,0.905949968226768,3.4160387775084198,13.23339450795654,4.216908748791874
-1.047102327312563,7.233053702636659,-0.391891642749432,-1.3016059263663962,0.03357374384672394,0.6957367695644865,1.5276884663587307,4.505122780112139,13.407292643807553,1.4054236675564316
-0.37413049988602964,7.279129903409371,-0.08145398891378819,-0.6032626295592083,0.6888802428080668,1.1453779060142666,2.0820363049253343,5.703406570472243,12.702240126570372,-1.879412835912129
0.9607669164187466,7.46718287721518,0.3487495861114075,0.04080917862752384,0.9013659413879341,1.7968665585948917,2.8264539706900895,7.14876795834899,10.8452259667682,-4.4327392041185245
1.59814722000567,7.794008538094322,0.42388551825290177,0.3021193257202726,1.4586783220793236,2.165650067691869,4.0547331621175475,8.473200652373432,7.427921030581726,-7.018929059569719
0.633174634313998,8.813172219974943,0.20467328890569203,0.7268159460922431,1.9498862707657398,2.8913890565735048,4.984738784594977,9.037318453578257,2.263972722327906,-7.678080590936182
-1.8153863470813696,8.570649799850164,1.5029323961978582,0.9646149457868715,2.3486742191379806,3.9052546768984997,6.2526562403832004,7.930721489793617,-2.5812811732771244,-6.695674783776555
-4.785679165810221,7.455638964934387,3.515096315252132,0.6869928906414963,2.7554205610978255,4.754454031450407,7.33206438685365,4.907830172758651,-6.1033981087604445,-3.916221726811463
-5.188872396574556,5.663581034838544,5.723785053419615,0.3526714526646092,3.3301919721510327,6.038526342366182,7.300910139442464,0.8219412996594371,-6.6649546586678134,-0.6328863775524203
-4.035513815824272,4.550110896330047,6.9255548469782795,0.2694205650937729,3.661626498285067,7.211150874960201,6.08143218689943,-2.9937349736584116,-5.532744039476783,1.1352583599302541
-2.826536867729236,3.855280679287872,8.139346302805702,0.51422447365953,3.8341901806946304,8.332151524328758,3.1740723801706583,-5.089075954014753,-4.105072018440767,1.742000048644961
-1.830987448977117,3.3788386920939035,8.745094695716688,1.2161840580068224,4.294185228821502,8.521530748671827,-0.27031852790685673,-5.4697975012206435,-3.4580152439605256,1.2659147161276016
-0.7646785542521295,3.3385753698743055,9.260859509106492,2.1576336086480112,4.299222896964799,7.574412397678294,-3.584817564052177,-3.2182907184403775,-3.36070421980763,1.1943986776216824
-0.11922428603913715,3.4189519017016745,9.570997670826726,3.1459732437940096,4.4396170512909965,6.350931790108137,-4.873126002872115,-0.5800811991772837,-3.481299744877141,1.2611431965018047
1.0442698349679937,3.9344762871077763,10.446774903810757,3.628693728914517,3.6353002268643264,4.754124591795233,-5.15703668255061,2.159701443808866,-2.2991597404145705,1.7811959131972641
2.145465959677235,4.842963742790074,10.544319395046449,3.486813967912618,3.010056782022648,3.5279179377707486,-4.6020948411690545,4.174997023397244,-0.6327872831096222,2.313776477631487
3.1320817254814797,6.392827443920304,10.591853029780749,2.281321039544175,2.277830321170569,3.0089063074801503,-3.5777612078718803,4.815522517707433,1.191247802888015,2.396267761451289
4.099666443909043,7.624503088467687,9.968571832433678,0.2411736054332597,2.299660918426949,2.8820258258692855,-2.3207006238428494,5.255015130807599,2.8883764556140274,2.9375071203858356
5.178667421819874,9.105605172779212,7.585011280571786,-1.984626533600789,2.8431261188276995,3.1683104101592297,-1.201406913316688,5.521756980665979,4.5684993874488775,3.222835880725385
6.238343949273181,9.697583289792659,3.7823123378442185,-3.1892040753958577,3.377061963224274,3.7225662190217417,-0.38435605001553863,5.592238040310537,6.1543204126798665,3.467997520477215
6.8781313401066875,9.14720412432257,-0.4056665973858822,-3.2522280218681785,3.397117398781728,4.542866858627579,0.5979945094040394,5.8215202676240425,7.335096704094005,4.151276573185113
7.059800473238671,6.8831981395301245,-3.563330163634064,-1.6993804980876464,2.8230345290783077,5.445813016077859,1.5379729030491123,6.1620809836046995,8.47150928086831,4.799099498814055
6.545699778863388,3.8908034428312117,-5.26394588399882,-0.5005457389180993,2.635573915434554,6.167824923758226,3.1381611686010507,6.698959404978978,9.152847578886737,5.224450344250958
4.626644150903427,1.559050815154729,-5.227660371450419,0.02585179651591571,2.8483596076879714,6.650073167905238,4.745059123416794,7.3249133963380375,9.734539813043275,4.863462877270625
3.1403743409440796,-0.0636700170081942,-4.486135584596725,-0.2274035373909389,2.918702149238421,7.941169114455661,6.6878696398245365,8.076411238166232,9.203294030029557,3.2017755917866912
2.636691838852817,-0.3417700103778597,-3.928159577264172,-0.5135441137277563,3.1548751301993225,9.091907560562282,9.0468052734551,8.110928295951158,7.0689178709405995,1.3986311234485949
2.8018936366551825,-0.34317139295614646,-3.0515713396566695,-0.5563045799738231,3.2832352064784995,10.668352694991954,10.91701115607867,5.845982457299529,4.090860484682402,0.5517794848194728
2.9468385820406575,-0.24336654575959848,-2.460453207675986,-0.6268328213216473,3.342241287224945,12.466121267023976,11.27090879173535,1.3072577669274272,2.242527784625216,0.8284488700728236
2.9925518354512093,-0.3104597472366417,-1.8035050672914883,-0.22973941152381744,3.317889428605199,14.060082867064668,8.00512706401366,-3.6491379701165423,3.1899486404598703,2.1543358212408332
2.868765669187583,-0.37343421401522764,-1.151534550172595,-0.21096750743539266,3.3584934522529695,14.729426611758107,2.3577158691307156,-5.616918656220008,4.066200771933565,3.63593148337968
2.2126319106629255,-0.5114021405011808,-0.39916828240407964,0.30753708206450103,3.94199355392674,14.560060213831857,-3.724240061841924,-4.260961129655407,2.873274920648296,5.377078251835649
1.9519860359492969,-0.6947525396914365,0.02266506456422947,0.9350669075755877,4.514020867260213,12.746509175502457,-7.688226701044936,-0.46124900978518046,1.7281524204529837,6.131136455684983
1.248742294818504,-0.5731849083746566,0.7043568184157152,1.1808875875947051,5.13359021981024,10.542754851687079,-8.70570423960003,3.846935211082102,3.5463498550762553,6.262988393518185
-0.04753940426905165,-0.29269176055095053,1.0451030424906083,1.7848040636127926,5.884156967229308,7.75054120929108,-7.91119388449149,5.639612310467068,7.3167370629468245,5.220815627254587
-1.2112102194341543,0.49329981529339173,1.4563666833334687,2.726091893987124,7.003232301007641,4.607395104983277,-7.483100275162236,4.922460517785228,10.637710219126609,2.5914226517099985
-1.5055921303329893,0.6135775007190111,1.9621299134086478,3.6153444928468566,7.247966434365787,1.3401343339245075,-7.087896003695662,2.0580649340307695,12.091479754209521,0.21066179479349884
-0.9837674631268704,1.0272794325526162,2.4476020860698284,4.707451611240299,6.6957169415952285,-1.856472807030756,-6.137243380940365,-1.6257229406827451,12.073027706598001,-0.0375132621942775
-0.7276868983394775,1.4334773764657174,3.2499415078461547,5.572277446017914,5.347596065899583,-4.512168064040743,-3.72583505870298,-4.813630097479792,11.045345708212475,1.895021939221749
-1.644202523561458,2.007004283854612,4.284507283497084,6.397598405329023,3.0365629520702084,-5.458084584722899,-0.7252165395854201,-5.7114646524999,9.71181138706812,4.303666637114484
-2.861789914149707,2.15150892558026,5.121463055617337,6.290617716368798,0.15107465819981647,-5.064487527383378,1.7491752871977506,-4.371763969921815,8.496006996733135,6.087327472386864
-3.895427090359553,2.630883775680771,6.6891353224828904,5.636548895876249,-2.5257531386885077,-4.214506880007609,2.626952390925618,-2.4422491092550094,7.8916742067297525,6.133707593035028
-4.5416520478863704,2.6733458867888023,8.154186123251572,3.3991861476901604,-4.2883975510519186,-3.3230671473957525,2.6057348665002777,-0.20229882597333423,7.711811322616105,5.228985555761937
-4.931523269545939,1.9478669408924678,9.046161314298942,0.7761930905262509,-4.684802143781327,-2.5669661275220523,2.1712353049111037,1.4508019892611688,7.86884486030754,3.488857632014793
-4.914137483732668,0.8260679494480564,9.459363710180854,-1.3291381088999386,-3.8099086754165343,-2.3554678558247506,1.7139190883612447,3.1939938650283812,8.031991538452518,0.9333877130240601
-4.053300589944358,-1.1660700990975403,9.462740183059154,-2.0944905959635207,-1.975197657052895,-2.486355622058616,1.3948559986668592,3.995159244692713,7.82815145055244,-1.6965337949534451
-1.906390878116504,-2.4213088948295756,9.266520236801703,-1.079200592608623,-0.5024442521649719,-1.9941281186830657,1.1170492993094656,4.873506796024834,7.0422736122069916,-4.007934393272633
0.5903087443250199,-2.179141931142967,9.396875214574202,0.3765587936758502,-0.021912233500765155,-1.4882099733563485,1.0724900873604089,5.648488099768182,5.716511102479253,-5.358977793004132
2.6395410348999353,-0.40850075322147855,9.630121122943569,1.4590227687696768,0.11661646301452477,-0.8703855511899625,1.1900955121574954,6.174630086967494,4.015200037806111,-5.575978497378346
3.4876572007840294,2.402125611414987,9.202155704194796,1.618393466014011,-0.22724027208871678,-0.2746770903319509,1.6871609548976823,6.457645202803232,2.112173908119335,-5.151048204782466
3.229577273786443,5.191670311461568,8.774495776439819,0.22810690865515443,-0.17137036968348673,0.2675985884470512,1.7775450120710472,6.871000169552069,0.3476784943381434,-4.4822108860811385
2.1452094224274227,7.2677060052804645,7.754740857853979,-1.790387284079738,0.4347657817007199,0.7812666817624851,2.4491828391695614,6.9937092489392585,-1.4102504431927763,-3.815701000018068
1.1724068494075506,8.141900743681193,6.446382630506321,-3.5639359569235496,1.8759845531010173,1.5120288534507165,2.9998651993104013,6.536330877624166,-2.6457406287423666,-2.6277392386651375
0.5325877148951376,8.463362632535219,4.608321981490477,-4.285520295167186,2.822176565484211,2.773961069156945,3.8568153687057585,5.929151274049908,-3.9250673103376146,-1.1415212493551476
0.7365247846963302,8.604845418063102,2.5510101375686305,-4.540717638751502,3.2282216138987447,4.393097255279506,4.3788878733381535,4.573867804617932,-4.227110265325632,0.3537012743499268
1.6679412866883325,8.640415603998184,0.5899543155380234,-4.344989404137721,2.6158266739019282,6.201403510550235,4.927283359119933,2.478069265072195,-4.39951403046295,1.41569970830298
3.3974806701213867,8.493628083096636,-1.6277906233456527,-3.4488562277522705,1.6215914399281004,7.2788938848979114,4.831688567593925,0.20786420240847195,-3.7460866400480786,1.822180277409129
4.312282039377324,7.756956187134802,-3.6175416493490116,-1.9090176225773032,0.7348190610192632,7.995717455836055,4.214538185479932,-1.473657087093149,-3.099157344897444,1.2575543614735412
4.956706563127038,6.661062068921364,-5.009374078218162,-0.10898467294786782,0.7537578820487381,8.265240755613082,3.3235183013172986,-3.0217829761506465,-1.8243994277822142,0.888651699238434
5.710299984495062,5.194669710128528,-5.563228214662473,1.8107294181475806,1.7037237660654454,8.349600555663084,1.8338768387912392,-3.840195740204036,-1.134924469466581,0.6445064282586004
5.968564511217321,3.566428766818964,-5.504811440305191,2.6688143544763148,3.67945229592692,8.212917647589585,-0.15445074952079935,-3.3148326309317886,-0.5272641096680174,0.7926731409454215
6.147923741127607,2.0779152042549103,-5.23866526632911,2.4219826891113487,5.861961625766474,7.3254271506501425,-2.73822583050296,-2.357902468530254,-0.20442018178124488,1.0107937805135327
6.437893757257945,0.5739128256463719,-4.802642494869212,1.6291869083831703,7.145751545895832,5.553618344158119,-4.476209594961854,-0.47741323369384725,-0.07129892403238122,1.37795005093376
6.71096322570801,-1.0090535485887364,-4.009059132191474,0.40319458087703436,7.627209589513494,3.4042335794053167,-5.47507096751352,1.3034028616679025,0.4854429957700005,1.8358316180650263
6.485887982068454,-2.407621407100092,-2.662226787956975,-0.7740008831885455,7.852613628693297,1.9480143817955222,-5.644207701282115,2.003373297348231,1.5419356351455038,2.3883642553242166
5.979645777716591,-3.0525705602222817,-0.9948580042147004,-1.2343460416170016,7.702655851777509,0.7251807088792414,-5.072323506502325,2.079946667609214,2.7287725979825286,3.1319619926676148
4.9408818747488565,-3.661224271646882,0.5022536267159676,-0.6890908224882638,7.789569167633568,-0.30464101710180636,-4.381171115186277,1.9667656899442543,4.2056270825628275,4.246962236145979
3.3177153694791186,-3.564838302599691,1.7433956978675358,0.42139038235215565,7.995681990931423,-1.1262915248283538,-3.3894529764457926,1.1375521800368185,4.968443306147317,5.18497053674625
1.2987028547450556,-3.245679867411761,2.2513263221184014,2.007717488558098,7.817873946490744,-2.335122357498468,-2.215424833300749,0.48041336857814676,5.833059810927479,5.772040660239022
-0.9421020907684461,-2.720051577358453,2.322100442158748,3.6243531951080037,7.175360023546527,-3.326016728736323,-0.8799418204940505,0.5083678196771697,6.031843880145562,5.794376374966765
-2.7863788971351617,-1.8879701210296453,2.1314705750678864,5.189891204400183,6.1211217602142085,-3.993624324771727,0.7526262236455994,1.0976721266890737,6.411009344794899,5.153318881907148
-3.754477769391422,-0.8307076692999783,1.7782683735425797,5.893938411566521,4.478803775343544,-4.1582974838568925,2.233073953002754,2.398870201667811,6.82866759043931,3.8796723874243098
-4.134069038682823,-0.2484873099128286,2.160315172161587,6.456047852029485,2.965862155428079,-4.186363619257572,2.467354490775215,3.9678940652369334,6.887572846213666,1.5540813925631443
-3.710363245268435,0.044611947283505995,2.5354365301585218,6.86163685924859,1.2507965735341042,-3.8053473024192193,2.4242608040768827,5.7201387774371115,6.666227638661169,-0.7897549968791816
-2.5430734571234788,-0.10584399133884143,2.8524654258050353,6.93748130418113,-0.5644977294948553,-3.316269300825213,1.5451226467089123,6.962805563228177,5.46718288542796,-3.041726868570121
-1.0003501118980138,-0.1917780666046153,2.942746199760365,7.0107166359067,-2.089732003016693,-2.265626505977394,0.8389699752000657,7.442365018420753,4.056931437397668,-4.670481257776205
0.4452102391472588,0.2194439329587583,3.5071648745141037,6.7389906954014185,-3.1466821459689593,-0.8542231250544772,0.49870560545067516,7.800438564704064,2.2235035653735515,-5.006122994915491
0.9874987617391331,0.8881656404983945,4.058096567194981,6.084568783583811,-3.8860316353820723,0.5018992553348304,0.7717484905433748,7.849229218082697,0.3624556725002209,-4.714971546506964
1.3612755222237634,1.9150622466334863,4.620768674764588,5.186184034551725,-3.8923670187070227,1.8794628256394197,2.228196209849637,8.026620459163132,-1.0959049040384599,-3.808227881441262
0.6492747274993191,2.6688029910461055,5.150997172159875,4.083524825806971,-3.557997628325273,2.596321656771404,3.7762522540377095,7.284561327539745,-2.7685514098963644,-2.574901948666982
0.6852455861757406,3.3647409174324974,5.7472989895298685,2.6578565159863317,-3.493498277716225,2.5632424982816038,5.357257722502844,6.0808100423263225,-4.330200665862359,-0.8634251659549204
1.168530708536686,3.8416683639456153,6.071592457040968,0.7275199199930693,-3.2712988075476037,2.3929806552466735,6.5799099926560425,3.978059931061786,-5.076431723381789,0.7403164581758166
2.269371171811165,4.592861128167983,6.064941837263931,-1.0231032150390806,-2.721893357843675,1.6817558293798267,7.3100892059141485,1.6264475384825272,-5.288036599489346,1.4373964619102648
3.125826684169031,5.45501797567931,5.143927602459096,-2.299734812923521,-1.6735386082291375,1.3548932207691322,7.866349395524952,-0.26684465432668586,-4.779290305585664,1.3976057233043329
4.172029461840675,6.077764510745376,3.429829777950696,-3.0728990276808634,-0.6101061950307226,1.1356215092696809,7.814033161189702,-1.816264996747586,-3.696937119774404,0.6964660544263312
4.6153822375470615,6.977429484577214,1.3761253449389443,-3.371300285681873,0.16038043012615527,1.4162422758353668,7.635039007732587,-2.7385769031193266,-2.1694333997273243,0.4191256214055617
5.000303014271027,6.985794330218541,-0.871763895790913,-2.7513311349743748,0.44294130448374924,2.049054241547335,7.860342871781541,-3.4046130903776053,-0.3894622530615248,0.08413499205264269
5.259382715219894,6.3602991030919656,-2.7935073240938726,-1.6220468376492172,0.45751949961813787,2.412183714496274,7.269273486360171,-3.399880599475535,1.3219002616872573,1.0440380795759483
5.94103432177726,5.366054120357881,-4.0650454713462745,-0.17309239163623638,0.5906844269635539,3.159399191076356,7.091513937029454,-2.8700119546755616,2.6306752341949964,2.2841495052945135
6.314108112810828,3.2277977183736435,-4.501889413313698,1.1831734828101625,1.3109669755089575,3.6536623937910635,6.326296204604504,-2.486149912464924,3.501602386200338,3.8636964504618487
6.066568418648075,0.7825894391184581,-4.331641274689938,1.9130726013667658,2.4712752665205486,4.274516726504127,5.930085041551172,-2.0542357552806343,3.726132803057502,5.715268479891969
4.865485728723916,-1.4917603829759076,-3.4487607446318567,1.337609207809055,3.428196168615717,5.351394719727705,4.954627976686276,-1.7778293564517675,4.106410693137438,7.34756466775675
2.5024970939987123,-3.2414407506399163,-2.6541135145813217,0.9485656238782361,4.216113008949072,6.145762434805828,3.8089179161245514,-1.2151835849544543,4.078830805182872,8.545974869795753
-0.22831884112007594,-2.9503547942084425,-1.7990786919003556,0.32329313796942344,4.835409800434628,6.650688362300349,2.1121824350188656,-1.2584547783331703,3.957313079535008,8.962676491918234
-2.858695864098351,-1.449246097578265,-1.4155204916871347,0.4192511663167309,5.213105892257655,7.221795876947705,0.3382653415351308,-0.8000775212766005,3.8886400497588607,9.200750848147711
-3.800398761106188,0.856700294439165,-1.0737247551432734,0.4780236578371568,5.69102480236046,7.118121755976425,-1.1482587412582026,-0.36116199190502096,3.982105577177755,8.526921183492965
-4.346766244199826,2.7969210760461998,-0.005430424136804224,0.8593162094039318,5.897692441448237,6.539063312040468,-2.682642454569832,0.5568205974246364,4.448956299955431,7.759687792355464
-3.6522078046343447,4.535131033095085,1.3544232595581283,1.4155991776098398,6.493549063628269,5.552408723127205,-3.4513328282173172,1.144324625817893,5.106326528514096,6.715977303943663
-3.0936192500551667,5.449308501339301,3.01278016102196,1.7054449738154869,6.880142300302709,3.7810107265888075,-4.155736035618996,1.3771445315883184,6.022243465361371,5.569510330610917
-2.8478587588002324,5.8853411872265635,4.890517865937638,2.519326519898569,6.753835828330921,1.6375213820031727,-4.177860536974629,1.3148132920335365,6.760740407383135,4.607968840439467
-2.4407817437040995,5.753687367447977,6.573835854757282,3.1240860762628806,6.25035448864608,0.12094144212250339,-3.867952582979001,0.4143921770049715,7.3930693967910805,3.7902004721605804
-2.000131413387222,5.714088986170279,8.36187485734964,3.417521505766512,5.30062174536513,-1.2682349261982209,-2.8894910629927772,-0.370984569529832,7.523702955689904,3.1212602509947316
-1.6326963982951013,5.420763437365556,9.88382561048715,3.219970532432151,3.6570890590260894,-2.11018592584437,-1.9236400316607891,-0.9753727585324204,7.265761163927437,3.1970536573668817
-1.446836495583724,5.016509697893022,10.880623707437284,2.49916757921402,2.215895132789332,-2.00286914141784,-0.9184330235149101,-1.1202317111570588,7.447000814757507,3.3219153703457893
-1.431815711916394,4.736386421298187,11.431773773641758,1.2592806388800835,1.5015679572840173,-1.6883882161710566,-0.1104300200243883,-0.7722430305653281,7.218511285089014,3.5761547223848225
-1.1690051678747637,4.7862074152147,11.937940223383023,-0.409678054632433,1.6786051253904,-1.0922851295873675,0.35948554636340424,-0.18346606516134462,7.141032933051802,3.6667720878996186
-0.9300974647726139,4.451218855995012,11.943297169504213,-1.2625101832397627,2.4358669930919326,-0.41225315242360894,0.8412319502060426,0.6439992731505848,7.446794176483653,3.4783266030208293
-0.8962062462473814,4.108197800402504,11.717445630304573,-1.2294597537985406,3.775183937703477,0.6813643213669192,1.3620125860210237,1.6568566701817529,7.70948958027861,2.9743409745415934
-0.7538123387639006,4.044836801748138,11.396556166300426,-0.6335184881824496,4.401412104820466,1.4678397053709078,1.83719647193858,2.7378840056448004,7.723695185876319,2.127897627336583
-0.5945244163841232,3.6834617156563474,11.741775914931933,0.16699657641180346,4.7578493096058825,2.435956685153998,2.0028308718486176,3.456872439983897,7.9480231493171,1.0741810568370862
-0.13181064522949565,4.012459227148698,11.774524327436733,1.3525027899588942,4.81028086502564,2.929301511171534,2.415408632733411,4.210054288676908,7.745869668449629,-0.211414311020214
0.43208657679998963,4.144904189528377,12.22335937039307,2.1653819804794927,4.402266938677055,3.6674240630564556,2.670253985919411,4.951648991025921,6.9399872073966975,-1.1245419062657889
1.1267085776495753,4.968707848899161,12.478429882126408,2.1424597237320246,3.7090505439394974,3.8824883507717356,3.173237036523485,5.617715216560217,5.908322191574112,-2.256568562060488
1.231520728467278,6.071275158640446,12.414002418394267,1.3719786989904248,3.3403846430446835,4.576625244132994,3.9381259443775707,6.033276622698668,4.3754565632997116,-2.810835404130467
1.4575956441906173,7.30369189828475,12.09567051288015,-0.26634496922138096,3.395879209164569,5.475782643541515,5.03235662076426,5.823266618214173,2.467358758384733,-2.8385678577847986
1.0115959079309644,8.361051429212344,11.010990317724808,-2.0827884775529926,4.1109235950187815,6.954975926266701,5.9161356927103705,4.5173067648856335,0.7982211797858478,-2.721294328837706
0.3387927916260883,8.631204881097482,9.630500100638207,-3.5987449961212383,4.814411071066356,9.008766537686897,5.734563998201338,2.83897515077861,-0.37195271799648943,-2.060970531447352
0.16170924808381293,8.897701965252084,7.848496848446675,-4.744669491570124,4.542376636448244,11.090613645672757,4.497048561618671,0.5248676510849672,-0.367296435407797,-1.4544875969048363
-0.050359077161809956,8.842969815144619,5.795566893419016,-5.280456164138579,3.555646321032362,12.719545751118147,1.9814532342825835,-0.9954814078478819,-0.15284825190934015,-0.8269364604130008
0.22625066580550124,8.879896187139547,3.284363741806327,-6.172730873698531,1.4144452923279265,13.447132600261302,0.14924459407134402,-1.2601467593341298,0.7131822255712726,-0.4617109156347574
0.6678528896867103,9.175292601518715,0.6296364771414455,-6.011519252852695,-1.4799149005961458,13.317010878734786,0.1842623669031785,-0.6175623108188508,1.1212774571630408,0.33030413205684694
1.6741909335836718,8.973188759514871,-1.7801960636677867,-4.987681470345436,-4.811825968533957,12.084670133338914,2.4114923522483,-0.6657589268484034,1.4191231224937468,0.9375372366679173
2.3690055718340206,8.540883098518826,-3.6601109818393254,-2.166032754780788,-6.572412414105823,9.723034674402717,5.315203079291493,-1.6212216277422344,2.1162833524328155,1.808458821199425
3.1888224445778484,7.946788674567042,-4.194851891410091,1.3704773522837348,-6.090630871802974,7.584143231627079,7.3270111323599165,-2.952379671184767,2.9954734721866023,2.65932015853364
4.079557129601639,6.798742442302311,-3.838489110758149,4.106558362002491,-3.693716385531206,6.544084963291564,8.14054643332898,-3.38345461558341,4.15000536235343,4.050981939953748
4.542857553937813,4.829755384087398,-2.709109807795225,5.871005820427553,-0.5204394858640521,6.350531943440835,7.429945349825982,-3.549884613260597,4.854193165094579,6.258396212990734
4.587393183663741,3.1190348726765684,-2.0240628745425524,6.431988894563984,2.8067386794300826,6.705471479451207,6.10409471558861,-3.4807090098730593,4.9543864170268535,8.680014163318837
3.618653364763214,0.899767651460413,-1.2650989321060218,6.521567183733354,5.605643993188761,6.414215255267031,3.8749274982982,-3.1405885891087197,4.423606538510511,10.50595036791745
1.9377929778447207,0.05894372354704658,-0.5462128923093362,6.34576475019845,8.015265745531032,5.350307302801991,1.1544638711365671,-2.9413888870773794,3.643242694410959,11.489365223134904
0.49997025236985126,-0.304358322298015,-0.26611225310703757,6.29173683873136,9.355832385759099,3.0776865569114706,-0.5288116954807318,-2.298233055448513,2.3791155489128406,12.144955807656943
-0.22023495563282744,0.15943964892822649,0.3734306775030832,6.691652466940524,9.945988308760185,-0.19016844351103074,-0.8619933698058431,-1.7191901556046285,1.5589666605743269,12.130218393651216
-0.024219682236081452,0.8734233891846833,0.8499838783302233,6.890790659763432,9.216883553004884,-3.0928245463398367,0.8458358532380593,-1.0074008431343828,1.0210396680493714,11.934803080286642
0.33287168325531774,1.2627950406895536,1.777444192573973,7.576811983557831,7.210983157856582,-4.715061953353243,2.8247402735916163,-0.2100015717922049,1.4505954230987865,11.962532373919379
0.7277063754109165,1.5542635025212344,2.8366358929754885,8.603812895170085,4.689459463523351,-5.086035950276837,4.396764177886331,1.3174989467988742,1.8460213681067337,11.859151481733974
0.6039085433607183,1.5539980604577797,3.597045796411455,8.577741273166222,1.2867351526043362,-5.114400616196303,4.786194600926276,3.8229114025685798,3.1443618011864203,11.534104027138756
-0.26075501672673634,1.843981664956338,4.642205859898568,8.27820291817578,-1.974192153786262,-4.316386880637851,4.001409533582146,5.779556496746231,4.879390902576152,10.492369594471562
-1.6712742757729,2.3997243306630707,5.768014840004043,7.062966095396841,-4.582878901892031,-2.879352970378684,2.357094747713693,7.487543959484667,7.225597161396425,8.168762955644953
-2.6551411915523957,2.8998973749612484,6.867013287049236,4.62644925526658,-6.335421453425269,-1.1111811567265237,1.5188824496723545,8.647177946988137,9.326416069247475,4.093564591434751
-2.550456886711106,2.395432871840586,7.761173886250659,1.5187885239575094,-6.590674718556523,0.020498378980893933,1.6991905719362723,9.51491287717956,9.235159885863245,-1.0951834417539184
-0.936347830345391,1.7679932169544044,8.045840547205843,-1.3681125653733623,-5.800795721215181,0.023964940659812778,2.007214815264697,10.121546898057158,6.874361381780244,-5.246061507286096
0.45750112110601115,1.738831864524733,8.05803525804722,-3.3120050753438264,-4.065624362822884,-0.6117284299740227,1.971707636199675,10.617001295921705,2.635618441014052,-6.791581317312842
0.21863764127609797,2.695243399091816,7.4793873764702905,-4.640847723536432,-1.7104460489782083,-1.0019450665771923,1.8590109267559465,10.714670807069982,-1.5793413421971683,-6.491934066291793
-0.658784091790387,2.795414151324009,7.292277221410621,-5.040745898473098,1.0367870711284823,-0.6608311310556096,1.8195395350834633,10.495570330232818,-4.763805706264089,-3.6630710811701865
-1.0937930755790002,2.8862036369675286,6.540004881295296,-4.665779721495854,3.1053689812423446,0.6898210873632713,2.2104403127367838,10.097795373926912,-5.903236782377435,-0.07207272509400946
0.2697224901862076,3.19368942596051,6.334876382282084,-3.55962857373651,4.453353164295098,2.5017676865076135,2.944480420143688,9.176984318638805,-5.598162714639348,3.4026741605516255
2.6400196511928034,3.574108365948259,5.822934122136916,-2.6364028918135762,5.069150829021169,4.133293769411582,3.912092577239788,7.858710804097766,-4.268680344777995,5.425837858897694
5.000366115805257,3.663975567924353,4.903535393277979,-1.537509379994906,5.339319921035562,6.232174618543904,4.598125397318611,6.196090621080977,-2.7795433598462775,6.287037298451418
7.150038867534411,3.4685702182121068,3.912559438482883,-0.37028849908180295,5.621236588013948,7.9164005362627785,4.8087163617873765,3.972787369779212,-2.1129864322997123,6.338246971630192
8.775534799261685,2.715420846765634,3.1505732536456006,0.4837029618528783,5.655691242249597,9.060033674471144,3.9567532082024504,2.292364440090962,-1.279093585521396,6.11471748015283
9.513564214606562,1.4045841739022622,2.5289445476691204,1.4770147197604724,6.126983400697896,9.840661839636358,2.0707351442956594,1.1519672851710185,-0.3427053257038735,6.131189523215274
9.93718711026007,0.22567538297918555,2.686925461524982,2.554125527577109,7.1204439524272685,9.495015836713481,-0.2986188447986574,1.1319986028380982,0.3754137682211058,6.166963405055079
9.405176456756697,-0.9955403091633728,2.9090641545567446,3.902031566547007,8.03282273383654,7.8302301483514825,-2.348743149171755,1.9959578187292848,1.4727808006398293,6.614006910315745
8.236367198654067,-2.1518546816913493,3.5838064907729517,5.851616575353149,8.974265508296075,4.445197317109529,-3.6465264689616936,3.049644441145783,2.8627063918780875,7.502894518402656
5.718687663572554,-2.9731177391534143,4.0516129456818835,8.142989246808044,8.362735379196295,0.07367722095815707,-3.6248295932973416,3.0710798010634095,5.256300774547267,8.390856834449409
1.9145559633542495,-3.231018477136445,3.4507125580443563,10.102192179699314,5.890096156687664,-3.7220867634429693,-2.52799810466992,2.1294372785047204,6.98433870439698,8.84222004096341
-1.9655813397679014,-2.6090268223652777,2.190544501918953,11.240029456650973,1.965440208564338,-5.694698600197558,-1.4395388049538573,1.189588432914434,7.867678175477776,8.345637752341018
-5.046848165292447,-1.0012386016899664,1.1812082733507179,11.286612386784542,-1.4374899416848095,-4.896174459646987,-0.9947363849953875,0.8510692598815416,8.570656050754488,6.473754484423009
-6.549598166279558,0.7430828867310331,1.6537054934587732,11.203556520598305,-3.7620328086270827,-2.477911819595203,-1.2782092094402326,0.7548991296630795,8.601945500087538,3.755785292902768
-6.596454706485245,0.9646827738609235,2.7543629976434207,10.31822156673189,-4.851687941146592,0.5281957965966019,-0.9543364064830795,0.5771931328352745,8.908234130964743,0.9939663151561619
-5.5836537589957915,0.4686386121611129,3.9683967483960587,9.445003398515732,-4.722103991997877,3.5097962517452426,0.1684303365898015,1.070204284933866,8.995518141495838,-1.8114806873016442
-3.3236215526658155,-0.5349854405911652,4.00539770414342,8.44310586637085,-3.870313299709689,5.515358992765695,1.9476399066986116,1.4347169268040763,8.699488610828778,-3.7236937820284757
-0.9410691674686849,-1.2155717391863623,4.109578453888304,8.33133219079422,-2.3512337419000313,6.584730266147553,3.7404415005931604,2.1939086981004974,8.042113730049593,-4.741853997083961
1.6511724756466102,-0.31154745852588756,3.855876655541969,8.351470017320622,-0.5100834049768621,7.244105626407873,5.557203754740372,2.9051792170017072,7.094606263006167,-4.838354827620348
3.5613883240031283,1.1994750757489303,4.363482462551836,8.258792546302857,1.0688356306784488,7.037997349125641,6.582720964614549,3.01300175640441,5.548625838433048,-4.408192140109101
4.053903465242947,3.3198195299020217,5.060109825752745,8.170104392052291,2.5283722966033935,7.345006234634867,7.1489851022137225,2.561860518945818,4.2922905011282415,-3.3157584105074687
4.460302947280631,5.593818919997261,6.128104099368406,7.92084324582834,3.367014751950142,6.941050160366752,6.986434493821518,1.8865554268129212,3.461939574139701,-2.1964375999929158
4.452289722251292,7.485492294000166,7.055273062496236,7.257131479590173,3.994462110092922,6.935311981770191,6.2806366456932885,1.0634555733367932,3.268218739263929,-1.287516693684239
4.759518675709434,9.49459490636766,8.324012626090218,5.613659169871393,4.003761613280631,6.990737098222708,5.33919249941993,0.4258577871530557,3.4152085665199547,-0.01941499013114844
5.201675712140905,11.389509623469388,8.114571773221407,3.238096462994973,4.115833430788292,7.204457929477933,4.203742685866704,0.17136927197570864,3.52337789394068,1.1069707468682692
6.110932353667164,12.704703093099502,5.9843123321831015,0.7189035671666695,4.233541847912733,7.662647909398793,2.9758566745208173,-0.053755009390664674,4.022953816228258,2.625374458173435
8.057383147243133,12.836995319054838,1.8072191486801654,-0.4727123777536564,4.629391659477974,8.467536535871389,1.4658722055691051,-0.04833883963532849,4.2609517562711225,4.398150576972044
9.922031781331413,9.831778960755742,-2.9999800855304057,0.23544221019563913,4.673821700914664,8.62472311369433,0.05558014101164871,0.410708768728212,4.6095147983551605,6.6108370041213895
10.566381669541524,3.3672697699805894,-5.430695414362633,0.8870090133957402,5.399701245363308,8.268562739811804,-1.2895984406017102,0.9588053036609248,5.149718877821727,9.277581673887628
7.583029876715927,-3.539592317636018,-4.605592325222806,-0.2429452185276871,6.046480141912572,7.673799465276111,-2.6734707616968936,1.7034549666500558,6.061092800629991,11.400482618531498
0.6059397729015787,-6.149187650656669,-2.6122829338004663,-1.6365231102364022,5.7397239683743315,7.072752249896045,-3.4496307166768228,2.1019696318942893,7.628578781210541,11.958694719859897
-6.290025012571883,-3.473847842017992,-2.2689196234355595,-2.1675220865227396,5.0027589891733335,6.79124928775575,-3.946270015074159,2.163466578941676,9.48209232576242,9.584542360460649
-9.513222529541382,1.2453195958253263,-1.8522129321848424,-2.3921393976111265,4.181943640834342,6.533309477512079,-4.0018843969914935,1.759136885596009,10.620253851645586,4.655932223547253
-9.31916749456885,2.89740494846801,-0.4612391940199872,-1.9275576121001878,3.528652063696492,6.329990875803977,-4.210571953372222,1.3820787642180958,11.185769132207188,-1.0129290178805264
-6.8043403679938645,1.6636169139459434,0.9217221105177026,-1.1624350967398633,3.7293039339132186,6.307849692997179,-4.386870239008809,0.8474451578516811,11.063761279451846,-5.678206701593121
-2.8769514169701926,0.27901827885077735,1.6349135304396274,-0.5903568978367707,3.87538346949436,5.609327124595263,-4.399336396944881,0.34918970582441283,10.972069335929344,-7.808373322739769
1.927106194117818,0.6071105915427174,1.9145399836109027,0.31091137235194294,4.112020149335469,4.981154013154487,-4.748705865620909,-0.5393701318865384,10.947573683191965,-7.005613047759102
4.950157677369978,2.26343309767314,1.979837777102976,1.183368254181476,4.334020738491548,4.095343855672526,-5.2006416659938965,-1.5669000826924138,10.973542993066426,-3.8998037537726744
5.863183966204222,3.502829677015711,1.8943060207447215,1.703150839784389,4.585715151915492,2.961610676286497,-5.556209007423947,-2.795772370526464,10.242926555824276,0.8994032984292388
4.985209334806443,3.4988105674428036,1.6917779333945613,2.0529659828306244,4.96438862865995,1.4645186283062395,-5.866013450983724,-4.27338598768626,8.89383731741191,5.496828526635857
3.659994454122176,2.724873500015604,1.6582261925946282,2.677306667484213,5.21570047936711,-0.055714573274207355,-5.278536880342237,-5.280457184930857,5.501443965602437,9.077414937044104
3.5969324643884315,1.6613245955053495,2.135952162760807,3.289270734227827,5.154481128729273,-1.439874037518429,-4.0274616767629885,-5.721325300614047,1.773756253121661,10.838635150152609
4.4228661452740115,0.5471887481726914,2.6316955937656057,4.050133585447742,4.347511116751441,-2.655559083548545,-2.292704142205659,-5.370984474990739,-1.7250348200011714,10.579603268725412
5.8979562399695205,-0.8230972692387615,2.847721613279519,4.876563645938725,3.2966013679305024,-3.191344563139913,-0.3062761831426531,-4.547600053647349,-4.009164979043922,9.26609289495393
7.231786946544941,-1.9887155763495088,3.374948342554905,5.767987048207424,2.099279314842146,-3.259398261065744,1.1691596577801115,-3.8846600618096567,-4.831107845146268,6.775594987079719
8.269998149334294,-2.0947248356972903,3.7043879000350683,6.460911315348736,0.3506681033713466,-2.770976629594132,2.314811094943261,-3.48940747643816,-4.708337785085055,4.122712607147321
8.729093358568658,-1.2835668964504547,4.169871643016846,6.890262171343929,-1.0143259627704428,-2.171459129123675,3.1752438017292652,-3.060112885679693,-4.013926755232275,2.061571168075611
8.967323659850813,0.7360618574015839,4.584712435846497,6.731573396683787,-2.711565911889173,-1.0862651601463744,3.3222606990139987,-2.5712791956790073,-3.1766259607938485,0.44731554097623455
9.030611477703003,3.5247710016325904,4.494944373427746,5.770743622768664,-3.7408663613483237,-0.18266373501715516,3.6636961327625808,-2.3088045197534757,-1.989672510072353,-0.6886619204470584
8.670346257365338,5.864785069814973,3.9499630547731797,4.25997316620838,-4.122930860313144,0.21686267094127096,4.104021896884466,-2.165216800768071,-0.7185346051561601,-0.9227497417560185
8.656310586463944,7.67550507505,2.5278066619770234,2.660467462027468,-3.855792435060372,0.6342900264130543,4.428698838655085,-1.9375480772096174,-0.08275666520840227,-0.6426126658054241
8.55746028086168,8.523143673729754,0.25034820766575705,2.4802101292545857,-3.126955979612023,0.9949327539878492,4.797805966283068,-1.341399704343394,0.838449420554263,-0.004686677449095011
8.853045266470835,7.929242599346833,-1.626895031988263,3.0395546478397235,-2.3249772169207423,0.9877465606573006,5.261325134980979,-0.499966605955533,1.3361913682308362,1.2839969452390307
9.422607759755138,6.143379794797064,-3.0038175087458256,4.543022420481214,-1.2053403864341994,1.133837830326338,5.431506663823759,0.06952973443672847,1.9558600258139747,2.69853578805671
9.772379012356131,3.2399759313136154,-3.5020785199211826,5.587504308365272,0.677496219641269,1.7285584458230796,5.791411231222229,0.7162256085903163,2.4443212054543118,3.8798451515313044
9.477323297120439,-0.054553640227975764,-3.178181701563919,5.6225492261478935,2.504305798079136,2.1470142008965913,5.9164805961044165,1.3651419735023913,2.747868446887665,5.163925792386326
8.277176594397686,-3.4122591212540603,-2.251617449126342,5.450076449540333,4.271727487648644,2.7177443405142667,5.800472022960434,2.034090310665179,3.127927022038211,6.396197960196639
5.607564165940988,-5.846515884373171,-1.25297588116803,4.755010392891221,5.593654574475853,3.166341915018562,5.718402822792657,2.393612534603795,3.488619084644435,7.458777726290949
2.2379530532705716,-6.614200645415434,-0.7139174833769703,4.512827282507682,6.6060566412725255,3.763808571157258,5.451245960701337,3.209151255399548,4.020990757442713,7.879484939616356
-1.4318640438526156,-5.861246588213663,-1.330195959191382,4.0245309606378985,7.922984589991499,4.211754555590226,4.780994377152057,3.3127352620023722,4.743370033070696,7.169999371168593
-3.9069097428751944,-3.738122351236753,-2.315510545991981,2.9767582311363223,9.3806534563345,4.849585579936661,3.7629489981294584,3.7019855469264726,5.465881751803423,5.89231152118045
-5.203335119179376,-1.4631906650242616,-2.816139265523643,1.651315985227701,10.133807052550852,5.611667877307798,2.8001426339475377,4.119486894972156,5.8382023707616355,3.685902104301176
-5.318247473113996,0.3363124661607317,-2.3225238604606533,0.7377829867567486,10.643254911943703,6.2931312636491255,1.3660446391923207,4.428151825493317,6.1814331656772845,1.0287592801053516
-4.442996942296763,1.1094667900582327,-1.6557090825632135,0.08630267304352762,10.785373048962013,6.629649998357265,-0.11895772318079648,4.713473532382054,6.143131838301013,-1.4637599825375198
-3.2726383124103005,1.2509313726025035,-0.762942146917568,0.23456965259376786,10.85341017135734,6.215083677590721,-1.5265646962667991,5.030865056152616,6.043588640228372,-3.3832755859995456
-1.6044887559071275,1.3047875141327496,-0.08687118279505807,0.3400635993201008,10.935308349703682,5.146036270407815,-2.5390872370098028,5.196185802639304,5.587172540049341,-4.830409111893902
-0.024152912024152123,1.6608985346274907,0.6466460379480649,1.1022806026547998,10.82642662444223,3.3771300184042077,-3.137866436927647,5.447622475951557,5.191103929433684,-5.712136487724628
1.3281886151794469,2.021319287524741,1.0901883691384027,1.9708614284583659,10.88702557922435,1.1929102599602281,-3.1351034310201165,5.202422604800537,4.7252021525967205,-6.2809460683695795
2.166706985145005,3.3851750870714614,1.541371245256257,2.8142235436902303,10.812171425233071,-1.0141741414226702,-2.4011159294729745,4.85658887134094,4.024281032896935,-6.034102160600536
2.548793492334064,4.5575197712629665,2.2128314506900195,3.8213248427334796,10.096486693405003,-3.130109084157284,-1.1970827167203273,4.393676951880891,3.6992328189887838,-5.734019431528965
2.48272431889131,6.030106051083316,3.088728117295741,4.510263092240705,8.899093005054755,-4.849994820114591,0.36154941819470265,4.722509049236812,2.823847844387784,-5.393652639141081
1.9778566263177468,6.789911227336452,4.054758911526484,5.033559145423844,6.6576643843675924,-5.631045005471618,1.322646881205808,5.150168374092643,1.938050994847388,-4.536028680409235
1.005154060757649,7.74977138457989,5.595554912199246,4.918265818856168,4.3208922723113,-5.564686153069553,1.8237126857897794,5.911969229191938,0.6127394171266678,-4.1217301332577945
-0.05337247019029058,8.263523408168295,7.294647109285201,3.4870850321827973,2.1516359246290753,-5.216362006666134,1.5942605482584624,6.694416757721015,-0.7818528021659836,-3.4889965808160834
-0.7098255723448725,7.906591054967919,8.656822818127303,1.195456161033297,0.969797879135651,-4.507780461746884,0.4059034973549755,6.921268370040845,-1.4856739171009081,-2.452111341474385
-1.1141857480829642,7.2839263919950215,9.051163495148135,-1.3592086798447458,1.617496340305267,-3.799017057216945,-0.2232170860839439,7.161220614293724,-1.72852307125031,-1.4478737080667115
-1.0565784544202852,6.912502615631438,8.648137711053742,-2.925983540822036,3.185568333646318,-3.0637840879248546,-0.5807350359821126,7.226404864802973,-1.187828395702073,-0.29729835273362476
-0.18655369600279817,6.969141098179574,7.910612671432244,-3.2952311446657307,5.423243270321353,-1.6264313708619171,-0.3418297637400627,7.332519624936574,-0.3027372046379463,0.6143771353724512
0.39774816794842605,7.064836123219218,6.781317516523738,-3.231785303666329,6.870751541249387,-0.517118182962176,-0.25599243839721453,7.250827676076582,0.6615216485638151,1.089535118251729
1.3470164436633987,7.5547603770680425,5.828841233383185,-2.2369256743174946,7.584286124039184,1.016012972578451,0.4773716897240969,7.56057397660697,1.467126826061921,0.9433603543968737
2.062956086595368,7.783200328514537,4.531708894014192,-1.7824217985619337,8.164075966260121,2.8449671429620196,0.9966191560990489,7.6231658931932795,2.1082714074762565,1.0781238229623347
2.605372514448154,8.453952527152255,3.246151487282584,-1.0527186533344952,8.415418346157688,4.035067903106326,1.4180887059726874,7.7636473901576215,2.4583283251174404,0.9726727188381216
3.206549862428973,8.814304383805263,2.2246935118750204,-0.6095344775287743,8.259088790804187,5.226822798979439,1.6410595567930997,7.71797513484567,2.4372607933294193,0.7870922935626299
3.769751456416112,8.990634266212579,1.0875892271386753,0.09891416939348686,8.520562146179683,6.228546626174352,1.768568569852074,7.524916050535934,2.5265485491986235,0.7504838021201472
4.275943192660341,8.939468317824636,-0.5026345146141045,0.4785230252619363,8.484016477263879,6.9074725120343,1.7560408075374425,7.31764633172625,2.7241077850452005,0.7381911064922696
4.767605841374191,8.47379919827587,-1.5865089262771954,0.8058234322455421,8.901463307775842,7.542822174357406,1.6898923845338563,7.045559656493332,2.5853786824976615,0.9155092067974215
5.199219958081386,7.864825429208779,-2.630281451314797,1.0983030640263396,9.317152181922031,7.952545841742853,1.0469207261978197,6.785467251433829,2.7907896540128836,1.0931726962434527
5.575862332308262,6.818077991937291,-3.653974837629735,1.3043033780360256,10.218913458861916,7.836354202860233,0.4622123346008042,6.630323448996759,3.3878710451889176,1.3137515778834044
6.099681813315883,5.1231462169359085,-4.205736550279733,0.9827426000737823,10.681257441827494,7.490299000573947,-0.4444669690261564,6.85001665187694,4.119724131915831,1.6030410262497559
6.404766859909626,3.8101993544261017,-5.095287466536268,-0.20240377912277155,10.934362379164607,6.753339567072524,-1.2512984472668764,7.141259110738314,5.214616896315133,1.645405571081627
6.21081105413855,1.8844918882451356,-5.141212978262571,-1.6177427699729476,10.472208708228951,6.805909086252123,-1.6777404303500054,7.410507513972176,6.723495783497398,2.0870041272604665
5.86349156479012,0.268114950584734,-4.802041136670211,-3.176472424704504,8.907339981465798,7.308977495097784,-2.115293560457716,7.404153297993304,8.256278051844664,1.7949118797861454
5.268855813075682,-1.1126394376208015,-3.96306462416238,-4.394034952067683,6.790397867204519,8.08496713674304,-1.7440615255470528,7.493535902299855,9.719330310141343,1.3056910109769344
5.023815413878869,-1.6560642965190842,-2.39159774775286,-4.811067929819112,4.3026092270265694,8.890047819924204,0.056964696411657634,7.525892695826062,10.414940564116353,0.7182431633959244
4.97621013119198,-1.5723989227471478,-1.0882006782903246,-4.517723919635691,1.848737796001796,9.97036439564321,2.507386122219917,7.649787707701112,9.992040405682129,-0.16183133642062575
5.523127222358064,-0.9250310015888931,0.23203413159460434,-3.8765674809163224,0.09584934661356462,10.188200187782405,6.061829365433434,7.488572252418956,8.279148395969331,-0.9223421094830708
5.999262699711466,-0.0768579198202371,0.41187991373566696,-3.2032422573849977,-1.025850436486481,9.96950449149243,10.195548558264722,6.126327723883251,5.3773231792342,-0.5966390751889361
6.140190720234661,0.7977961940106213,1.0218509854682274,-2.546010121951542,-1.698016996568771,9.010046263881287,12.999490360872993,3.082727483064078,2.6529778926783893,-0.04203562694459968
6.560404284411109,1.2957635072491303,1.0050524549672109,-2.0960860594060082,-1.9159963088475995,7.476284307249256,14.27038442373353,-0.5310424234329374,2.117083849920893,1.0745858549529255
6.559699288887056,1.5063218092660853,0.7431579246674257,-1.8138324765738187,-1.870634071984817,5.876828341416019,13.957774944584958,-2.590279248272184,3.810898461849035,2.6777262982335617
5.917775148978693,0.940794955917114,0.8983480427900985,-1.2361795010451913,-1.7403171439350817,4.8648945637459295,13.529860426939198,-2.717332981221203,5.326828597394033,4.998500089435733
4.445457104085286,-0.25268777440235607,1.1870684936498859,-0.8236570149662632,-1.2110920194057035,4.235529939245333,13.14772117547733,-1.0730306660790816,6.20766832643243,7.407161446044241
1.9480244344725979,-0.7669024065673058,1.6222319527842635,-0.3678077359084525,-0.8057950306457883,3.538351171214292,13.55592565067127,1.1260426914516368,6.571199883835248,8.533930349547859
-0.49080272518223456,-0.29293963318287164,1.8748494656960895,0.2264379411308406,-0.19946654130959446,3.6363599188765843,13.697958863605837,3.3938159480184056,6.13342967490502,8.15698033349853
-1.9377590647660274,0.3811842945415257,2.4001875668498855,0.6583540988816556,0.17061654685158986,3.909701522727685,14.200593704599072,5.1091096277488806,5.130235250097093,6.885364344118353
-2.2566627444882994,1.350808358172942,2.9752618881712145,0.9941009683484262,0.6004743915257844,4.515868066874215,14.973845374728803,5.293782986397217,2.897807814445602,5.709655532305201
-1.958057448427645,1.9288757881274305,3.38458273422502,1.631733453653303,1.33394749142279,5.406458431018934,15.69315681995577,2.883902064427538,1.3320714278302639,4.942046297878816
-0.9264739491192702,2.4902383893187583,4.186225174192201,1.911840215843635,1.953718655460989,6.838922061927424,15.009254042861244,-0.7031966989632413,0.7818099528755817,5.199998509876202
-0.24050042175452724,2.8678979428044147,4.962056670125219,2.225583432114679,2.540058343106838,8.356090145164,13.027912389351231,-4.0743642347903375,2.5491527304726405,5.480927677540575
0.3259467373950628,3.108428207285524,5.290425984729567,2.6045116357983056,3.348516256206563,9.91251828554405,9.324672988574227,-6.4876140644642675,4.15319907562029,6.841232248076566
0.42919327129349105,3.5044969376643667,6.120138456201563,3.0465147216930095,4.413476065836257,10.542358872926709,3.4294614702555264,-7.543181282817849,3.911866095716336,8.507323738071468
1.09811915805932,3.7605564366202278,6.654562542056927,3.822702618507637,5.27421514322981,9.7530326867539,-2.419818096903503,-6.755277267586276,1.0222844934117172,9.593837717773951
3.5894563604511323,3.743274660702026,7.244047875559377,4.843800167195132,5.932335798708852,7.143941840478615,-6.331880863944895,-3.9809708745573777,-2.3184770621305564,9.396945587228188
7.0062416918772765,3.5680676293048994,7.394502227735963,5.853134106238444,5.46629928197136,3.6738867138141846,-7.859286810140955,-0.25498836915863365,-3.124908304238101,8.205627180213682
9.43162177158742,3.773146783882572,7.047301644299298,6.452443624019739,4.225339984873353,0.6170995744500322,-7.330270283386174,2.055914626392271,-1.7569730556294276,7.434391711694667
10.8904743713429,3.5482487751965075,6.613006495606921,6.487622749677709,2.28601544110818,-1.0347741233283676,-6.476100491753223,2.5392330949957143,0.6343912183563589,7.217052712985628
11.783204069201997,3.142414937047275,5.739191253795136,5.975909895983081,0.15164362358954406,-1.1289473641412189,-5.7162949700677075,2.164449557171748,2.5716380338085405,8.328609016697008
10.950693899586044,1.5189788541808544,5.315134185214173,5.39824446545088,-0.96517564744792,-0.5238790761915455,-5.292252753235347,1.3900725196290757,4.257049467753259,9.922017308721923
8.771222147097571,-0.7942782483821484,5.4894677632823194,5.242171806801284,-1.867809942017053,0.624922448535367,-4.490360303595437,0.7869128498681633,5.301753009867815,11.98859597396869
4.2472942817971635,-2.8144437756211085,5.699951382833684,5.25957234293185,-2.404701577303949,2.2567832086912776,-3.655705145930847,0.3565388772421171,5.774655064287249,13.5715901919264
-1.6177212386162205,-2.588928069776951,5.4025111715530745,5.742838765563695,-2.4580757494629513,3.536095797025805,-2.5231405805193825,0.3077406110939455,6.090158889160989,13.926216750835183
-5.937096484734854,-0.4595025277492928,4.84360615687437,5.737686178630264,-2.0727754704847774,4.709990754683423,-1.4190806317491929,0.6174181670938882,6.618568770213067,12.104370341387801
-8.490810945173125,2.0489434923640575,5.663037625202212,5.133380938387325,-1.5363394376023685,5.4025453454623875,-0.2032995685220553,0.8349475147897277,7.201669040020455,9.354833162211717
-9.44304379261467,2.9613582603688564,7.849273379157604,4.205730656174878,-1.149286817553948,6.0596558930904845,1.0426191761351353,1.3816675283447066,7.725987341713932,5.570965558586795
-9.41928294939699,0.9669968007890595,9.18537362952317,3.0220718473527177,-1.1584865741981742,6.439822614054144,2.25812759892621,1.8589495625389512,8.122313781819393,1.618205325241111
-8.09038367829785,-2.8873093750867405,8.764734737666277,3.354269620294046,-1.074201890401062,6.55145876011123,3.666492917910865,2.463715051777068,7.723063384736269,-2.362653446361113
-5.092286954354764,-5.962704831433658,6.318703818510918,5.113604925001468,-0.6434531380707739,6.69290700498525,5.281271129847697,3.1295455836766903,6.625763240264699,-5.082145074901884
-0.8018442013964098,-6.861118753298766,3.4970799471367235,6.8275395103704986,0.6422069685857869,6.941201314117878,6.606353973639295,2.986939695434142,4.878928658661728,-6.224716298086395
2.7389044047899596,-5.590836973879245,2.0163903350105743,8.066260626756996,2.4213380987333863,6.958279308878667,6.920206536981829,2.638074344078832,3.447403398199666,-5.696557994991281
5.006603314251107,-3.3512632848253974,1.4099239701920392,8.503786548380551,4.938312097522604,6.719775854986834,6.780661897228935,1.6624301261454824,2.5285601970176197,-4.62685914289245
6.2269364152527675,-1.4728960731921505,1.6545425252134711,9.303749593008297,7.268137130251276,6.120313657041516,5.388894917412311,0.6912212485680129,2.134446503944161,-3.3179651834913924
6.789441472472832,0.711763514883438,1.8280693452991956,10.26270423388052,9.118950639749496,4.072934786981752,3.5688594233990396,0.6539413929110053,2.44166071207743,-1.9502152047151649
7.039875390883257,2.661583283799425,2.603952779968734,10.92574770004603,9.140533438891676,0.867726122787424,2.7658139282773315,1.0283720365824993,2.7141535272754767,-0.7816576557362624
7.167083349895429,4.006654902126135,3.569108626405319,11.46404225824889,6.941981711876176,-2.00605397574316,3.505332636577059,2.0778171095957987,3.0033923661614024,0.5585683633636057
7.494022891715799,5.401882077806396,5.044643644080209,11.657945557887617,3.1909502414745186,-3.6035206634423154,4.264002496658324,3.691037152165231,2.9554885745963233,1.6903166639952352
7.844248257162115,6.827082151130779,6.424111506348588,9.952413623029221,-1.5351956658076291,-3.207980980214225,3.7597878662128603,5.0721021159999164,2.762150125283174,2.4893157731338826
8.639113588128762,8.661528042384193,6.554603892665045,6.62452072386947,-4.663762401205146,-1.8686322881412214,3.0557652809211597,6.1159970779126205,2.9222486029449635,3.3897580425457323
9.787728071907733,9.517954668402844,4.489636894579868,2.6762513362337734,-5.602152271605616,-0.8638504444413019,2.5519114574906787,6.734794481655142,3.511590592520195,3.935563058196241
11.019545722785065,8.68583397875103,0.7380622771486833,1.1245250409138017,-5.089202410347446,-0.5844959508476602,2.61453935576054,7.63097505616069,4.398599053254277,5.031916177167021
11.503250564604459,5.1549978945803225,-2.120233457611554,2.115977340103146,-4.183217189343484,-0.30931922445220944,2.709369713631404,8.629497542057495,5.929647931949584,6.007437782147382
10.385110412090853,0.48820953354417307,-2.9892193186440323,3.353251683443098,-3.2241233743050137,0.16216084789909577,3.162750074316062,9.564251409280173,7.594503808339513,6.695922264267758
7.0119081064614015,-2.7892157309239143,-2.0861507698613613,3.7324491813745473,-2.1633903758622095,0.7562491653197237,3.7810100318135977,10.82331279544619,9.300435765427606,6.281322870847451
3.7506069616425464,-3.996192186867486,-1.1430625263639598,3.968024878229352,-0.8470125890004716,1.1327273942250915,4.5259781665576595,12.82145755362366,9.926352687670192,3.342962329974741
3.386819369061058,-3.667185681005405,-0.8985899395383041,4.095101099000595,-0.039054103876622726,1.5435131456481692,5.726814497262856,14.418275303168082,7.23586724923275,-0.9041090088484733
4.477516805992276,-2.5815922499842427,-0.22483334219718165,4.1622147434995895,1.0697473257309071,2.068706056650642,7.324582160901927,15.027774304042987,1.2311477832343922,-2.6872179687891697
4.616335394750892,-1.3908605674991643,0.24576637282070285,4.5441441909717035,1.9792504958373678,2.627432263549154,8.933286886699593,13.032925996411466,-5.279292200508329,-0.9098564823942756
5.099340167601793,-0.9854367922211049,0.7477907550235751,4.876583943566272,3.013240464824626,3.588532659169094,9.897908083756207,7.864006601758733,-9.337084395585668,1.398692768807217
6.217224185276114,-0.8116282555824005,1.2338226774311387,5.304185600099669,4.080812584933542,4.8330505646433854,10.340661578448486,0.8644331898003713,-10.2287741529022,1.300509323011856
6.326658970170982,0.605901466225272,1.4473369422213305,5.862792996649149,5.496103864901574,5.737821447556558,8.010908497251657,-5.4511646714311315,-7.996445560555508,-2.0626915625103632
4.981446477507842,2.3110001349164717,2.036508271957848,6.705214740601615,7.042846543786139,6.19680142002395,4.373183814062815,-8.414224886281545,-3.463691733610983,-5.343977625110866
4.010210247894002,4.4191471088057055,2.875039830674799,7.3709894125980355,8.002773629618089,4.458088298085261,0.37408857931625555,-8.32597518741171,0.224727051335035,-5.280958626761681
3.402204897722191,6.233628787351181,4.069518929775636,7.872916290455051,8.124238291281712,1.404017403226557,-1.5184123854112999,-7.495855628362077,2.364244036562963,-3.799760133230734
3.1805548166817657,7.7349442699832816,6.117106924768964,7.8987915400246544,6.048542552759251,-1.7674608375242897,-0.8417932212956888,-6.7653975256081855,3.0429516554778617,-1.6660409637926474
3.5070710769261253,9.066565635976096,7.9978402269589015,6.632994343193395,2.764627469279283,-2.6049638200285132,0.6620488915829228,-5.966408717556902,3.5187605865275033,0.6249691588266166
4.131372129503478,10.274550904307395,8.754505331555833,3.2878882015118154,0.3463722225061697,-2.2162159058110444,2.0968147170531237,-4.715094905444885,3.7970818430199,2.693589886575838
5.786793594598493,11.20167953126669,6.942360369552776,-0.4964108851002691,-0.10386015743416849,-1.7044698944365946,3.063267694342561,-3.2946418248353986,4.073964023133515,4.719266319742054
7.961862719786128,10.918445794141302,2.259759817989368,-2.4385647671741557,1.2061987148120858,-0.9474978253899009,3.329937635466727,-1.7837093493324578,3.8203853614431735,6.80037459190676
9.94807414957096,6.9719890685515935,-2.6121334436834047,-1.7804742900936918,1.4996977700802652,-0.041367044992008675,3.7704480735502344,-0.4164042872565996,4.151909473098219,8.778372184592808
10.079384560762565,0.3711050763815072,-4.2371661753565,-1.017560454557447,1.65120853009931,0.8290328065873503,4.12871696407569,0.631628740861752,4.290024094197849,11.047085304150926
5.711342759382158,-5.242465343259175,-2.1468994622099875,-1.0702070757410622,1.9257899056532533,1.8422928383991022,4.333562248613931,1.7624284764904228,5.165227640201654,12.435884112162045
-1.378510794617163,-5.822304729855572,-0.8652700282548933,-1.1827540622530481,2.125744967986309,2.756708350162227,4.616424926770451,3.339972870890768,6.498077373468449,12.353474129932716
-7.066498642675727,-2.490063041835536,-0.9241253948709243,-0.9100430237862865,2.4609635749266645,3.692986215703012,5.169849701930823,4.2956656504652075,7.724393430985475,9.182208445751352
-8.85098124968222,1.192533823449851,-0.6742815581790396,-0.572468278126641,2.4961145754869323,4.745596533309461,6.011627784781723,5.560537761012642,8.123316811216954,3.9634075186781743
-8.83750631839803,2.2152777997368225,0.6489846562171158,0.1158869094542122,2.8154026633916662,5.844054276844174,7.0364965634017835,6.679787366760503,6.5950224634626275,-1.1701169665891027
-7.133559230904242,1.0977245461115168,1.6911410396624575,0.4569388987423879,3.222755772478675,7.139855433898106,8.518629475635567,6.145236325016566,3.4087188372441286,-4.196762829613995
-5.984291323717632,-0.7245874673759694,2.1838927733905953,1.4191692617205347,3.894501129594319,8.61158589068204,9.070831898566302,3.8826122965798233,0.42521143221820473,-4.336974219392763
-4.970982555410617,-1.905351485951409,2.2281125585398103,2.3701882480564125,4.6598441584195465,10.135944214162087,7.874573434951993,-0.10477087725981105,-0.27657951610845705,-3.652125519002765
-3.9821306629793862,-2.4046502818880553,1.6837432067346003,3.4143261801564364,6.264171795255859,11.058034787843196,4.476696230143271,-3.002248717144306,0.9275403303573829,-2.9521773903449517
-2.571522028853652,-2.3903092807554525,1.1804077911846618,4.481309908789694,8.305264056204209,10.124384744896407,-0.7204387380152998,-3.0142349832048083,1.9149795099133,-2.4126922344639965
-1.5095516395016457,-2.12743390110663,0.8553877365882857,5.32578211990749,10.154463017705222,6.386661647306827,-4.97708303213834,-1.6019687949998636,2.4590179439658284,-1.5434160545559388
-0.7212826510395923,-1.7326478549514726,0.4898252271922282,5.951716513244529,10.961203660420122,0.6619801146604427,-6.170685703070024,-0.6413908111081786,2.6228835795066967,-1.2924130356052044
0.05837478007167981,-1.2355790811928875,0.5192751775013283,6.589215814280999,9.871078180817285,-5.036539322651799,-4.26870388373893,-1.4675138572338666,2.565598640823093,-0.46318644124601843
0.41255623564427457,-0.6504272787887518,0.8636873156931488,7.071451232515138,7.196887948375847,-8.20209690862168,-0.154019741119257,-1.833778313772922,2.676464562480616,0.20649713742832687
1.0906276729147177,-0.1636352269883925,1.162344723045041,7.396518209569364,3.9934664189559723,-8.939016038710491,3.599548929733368,-0.05484556903679366,3.3724967761156837,0.9967952022843067
0.9858561963915902,0.32639414555835705,1.8338666695994896,7.686218391015841,0.7245776697035016,-8.406192454312745,4.290542247656751,2.7093623057773706,3.5740772687658926,1.391438258273011
1.5845948972933348,0.9068849074866285,2.4241203448211994,7.812842549885642,-2.6340799497587937,-7.239734197096525,2.5126400182903743,5.069444189225812,3.4102502943484283,1.5977856331812597
1.7293236085765031,1.5599084352426498,2.787563673746665,7.188185646894971,-5.271930875179575,-5.021918847082706,0.15594202898274084,5.8575541660786605,3.7568700080162323,1.0185596751237262
1.94915028040601,2.1048812138757382,3.666045175798884,6.186374112337274,-6.6075681222372,-2.0372195625894545,-1.5557708996674113,5.976436812262477,4.640700366720988,0.8383521014029478
2.2902929430035686,2.8319632407357505,4.3597781236758335,4.296856999687394,-7.19239689981331,0.9034001493118635,-1.4505423077011883,5.488597865218476,5.406706035361975,0.4363829037663038
2.738120051183247,3.7481488978656112,4.746714172889816,2.373445135252076,-6.8861431614184045,2.5670438469489563,0.09019214994937591,5.674102667476295,5.851292940532728,0.01533985346045199
3.030553780184237,4.703442060333599,4.758596334194733,0.32693938464207567,-6.096670393001875,2.838609091854055,2.464417440051764,6.097169513416412,5.527939302255303,-0.3646692167576399
3.5842067549671563,5.751845404843609,3.934442822421972,-1.8483293835746728,-5.190721930156239,2.148724457282068,4.365817517929496,6.612996801073073,4.460341640018515,-0.5064082008902897
3.5371193340548874,6.631500556078424,2.4162864254619514,-2.70525472269075,-4.326107395440406,0.8957537613165,5.348427217543511,7.387680072634376,2.9496997726988767,-0.7887520640413596
3.717473925044585,7.224370852115823,0.6570904329164925,-2.945642426765022,-3.4497365515648344,-0.26915283131893014,5.96890136916054,8.05832730925296,0.9391591341459975,-0.6163580251346471
4.029079270169855,7.3862424399797835,-1.3057752854014884,-2.1463031988325874,-2.6691813867511938,-0.9649753363940108,5.511105954534855,8.216526583749296,-0.9887725413889272,-0.11374119329504813
4.4451690727891275,7.137721532133099,-2.6202312418969966,-0.39972144738807724,-2.156078810073316,-1.420942709291591,5.062912172275311,8.190810557639725,-2.5721980769353605,0.7043758682138952
5.4041374213008435,6.038594405656244,-3.361907431908713,1.1130661616835598,-1.3842295916991285,-1.1633483627083787,4.825542646177501,7.9177499512167095,-3.1814748755717117,1.8076638055870866
6.176408301505805,4.560029383028656,-3.8980507420163946,2.833391650712607,-0.6732785270305497,-0.7455499912639818,4.464422547314723,7.539988274938585,-3.6447193741552937,2.5220869222540263
7.537142586462797,2.603163646951199,-3.890495425181112,3.688717381985585,0.28896219960489544,-0.26110761459941434,4.621490312588529,6.883052260804808,-3.5764694358680247,2.825812214345456
8.535608742435652,0.6542310146854803,-3.3149235202442595,3.9844838728609346,1.4561073995140552,0.5420199131411992,5.061083671528979,6.1786644820025955,-3.534528818493015,2.8619945382269076
8.678118352614922,-1.5964372399253333,-2.5369368555393472,3.9655106635152415,2.8620958394155265,0.917268250095828,5.210315647145762,5.286394530217284,-3.6029396317912394,2.6545938778288805
8.985980096919711,-2.924116099724163,-1.4628920147550222,3.8017091925976736,3.6866778268249614,1.6270806963216837,5.390689296853872,4.416762981930218,-3.366344928066234,2.613736118993253
9.252687750940797,-3.601944242884921,-0.039904847683738545,3.877130327750145,4.629966236032297,2.274733997489406,5.65762820676016,3.2009144119272337,-3.383266094361321,1.773787596797097
9.091126810918317,-3.36811482730423,1.3638001249414002,4.563631803749835,5.293704739288042,2.955688539499158,5.591776879251402,1.8483762324804263,-3.50411585849355,1.1117694559786664
9.314036078842989,-2.108143734148768,2.3745030606073465,5.424489797094428,5.792267769149055,3.547034213194059,4.996365353898295,0.3546356220376981,-3.0887415884997633,0.37269523654776815
9.361745734315274,-0.384604990778816,3.0928842799200584,6.704662075012376,6.263219906187144,3.3561713394716324,4.316877759965526,-0.45834637494647223,-2.2582943801264928,-0.35463020693802577
9.255898366727918,1.9228302131045276,3.181997053935622,7.672163653005105,6.5325349388335185,2.766750199538715,3.592276922144745,-0.8492225509691034,-1.6857899504696983,-0.6267827049452005
9.151653692628742,3.9552137759847716,3.315647003858147,8.32906005899038,6.028905926574427,1.50991894118616,3.086109327229589,-0.8822505034031202,-0.821838073600418,-0.7012642603562665
8.912811910587568,5.943880246220055,3.7193864885064802,8.390947151794617,5.208991753364856,0.4022860770112182,3.196411897527984,-0.38458987973725134,-0.11652766554815645,-0.5149235758664182
8.93979544306153,7.87523300849906,3.8315646778020156,8.195950512500383,3.987100277589945,-0.4568398672725983,3.3823485836419303,-0.07779560134372614,0.5266481378763483,0.17267013813174167
9.183437898212953,9.61182580857016,3.518121790198449,7.3207457677288525,2.7717056442873726,-0.3811918055997938,3.865789960539709,0.565444866142311,0.8451477121978066,0.9356670983112233
9.784284502177458,10.467521725115201,2.4869912460510015,6.307465834099809,1.9591849568374755,-0.27307428958660174,4.101251934950244,1.390579435197573,1.2504180153859326,1.6657465662780893
10.838713378492542,10.09804473467098,0.6116977384613671,5.801373702971983,1.9657282218250487,0.19162155031649525,4.464263851073,2.123241020529963,1.4271488429159547,2.6662787123815495
11.827768117637941,8.26024622700172,-1.3603166418868762,5.978031241983026,2.541102397703932,0.5297445471617501,4.582287737294548,2.779086673327512,1.8374372527656586,3.873278550045345
12.727717050744106,4.2634698152837185,-2.4434232706751984,6.527870578140824,3.6623133270643704,0.6307125588080971,4.99272192296201,3.338505832109077,2.3658817166054003,4.922117924182958
12.49157221283128,-0.5169659854788197,-2.676266715821577,6.190333260883009,5.250182829056941,0.9010655843838477,5.198457167345417,4.044788223799881,2.4587897147395683,6.166029091502687
10.427675367629822,-5.017641892740596,-1.087831142900661,5.784733802820726,6.090087166633204,1.1099566444017492,5.39308077146246,5.047892923227137,3.268693939945072,7.374218546419092
6.350476463986044,-7.677087699397905,0.12990365913355134,5.613369277040287,6.677235150871249,1.3305623362287238,5.613280753254432,5.813291768698157,4.145712395420848,8.092028141957881
1.806478202051801,-8.416023219846384,0.04198194258133929,6.187093124819668,7.362159499564589,1.6881374077601394,5.856292486735944,6.855604928337537,5.271398297561016,7.408857397010383
-2.322901474886533,-7.242419205042664,-2.0594733586588023,5.725189758342668,8.365129836863272,2.0104608146103162,5.716943285579491,7.874553630650883,5.61805661157211,5.490451032247519
-4.098278619589723,-5.34401987560845,-3.6137266110764217,3.571447681651623,9.652601866373285,3.0303039804554834,5.919740878162259,9.05029899305775,5.294810277623083,2.3404320656635114
-3.874121446513976,-3.360458103347659,-4.618688508192032,0.7621958610184433,10.43042998913175,5.344791043876073,6.127712302502414,9.057584452010047,3.400789016863585,0.1035762388307529
-3.1584741640612988,-2.070555012389578,-4.389552857994913,-1.5764027801149643,10.125070606097577,8.749943292548789,5.505236357332978,7.853294809302094,0.9813372047075648,-0.6160988050219495
-2.4448195472011416,-0.9420882267035434,-3.5124551670832322,-3.3716813850842993,8.27821673953244,12.214131412124297,4.482668631929429,5.32761012559324,-0.31264658966332814,-0.14702489237473806
-1.8190339267257145,0.11219879599619034,-2.9233618422085583,-3.817547827126829,5.457705366209727,14.485785778818807,2.7752114955371345,3.1792124861934483,-0.6652895377863411,0.43709714324305354
-1.3611089883671101,0.660807668870339,-2.300346897769728,-3.5608144246909865,2.4171137175350146,15.532123209959872,2.0713624561538095,1.631391353729803,-0.12442328846861994,0.983649370177934
-0.6118452764754031,1.4092055392808045,-1.9711335945886679,-2.907551480194826,0.1403296963231604,15.359862097936173,2.403243971288114,0.5575201365900905,-0.02586173560651006,1.594667329313023
0.07221323147417803,1.7876806381655137,-1.327013023229985,-1.880822616902893,-1.3942457285676477,15.121560554796574,3.0885007532545266,-1.0458896856728548,0.6449751586918189,1.9578883029075447
0.5273561312305469,2.274454809740909,-1.0180221939240814,-1.178100663130638,-2.2868506599639913,14.319968210250885,3.5315670696839643,-2.8686032199562557,1.2099915257455527,2.4623960289442706
1.1336679698035415,2.3372768274712965,-0.7656374343337901,-0.49304851539398503,-2.429466271808558,13.577378180967383,2.9081961931219804,-4.275596018914209,1.624341536137789,3.2115995359636504
1.593671938849239,2.4270117794250825,-0.49680375534455024,0.38553364313556304,-1.7208198627256146,13.30416590752613,1.5895716186433593,-4.951450302999559,1.7482745900613834,4.123591056701944
2.2961677257432282,2.4420216377315307,0.07905440613194453,0.6816187187379423,-0.7154225204131333,13.060093360307928,-0.023731424045073127,-4.475798556889126,1.5485194328362895,4.928181585138125
2.9642571238368656,2.3130521491286236,0.23303691118110556,1.0575318970130785,0.2314133533283216,12.83979973803043,-1.6821361137667286,-3.3653758984119486,0.7315371123193773,5.572712766659706
3.5631040096508673,1.766422839294604,0.4854450280565829,1.6148004635515545,1.3807279131883878,12.707889248349494,-3.003211743120603,-1.0379592526741186,0.22619360019503643,5.771451011230601
4.464535912945013,0.9094901802459088,0.9514152292913673,1.8197221891528605,2.8539146967773985,12.085539934479783,-3.5457967103037062,1.7575086322110667,0.9209625812356623,6.104473875976044
4.277779996653175,0.23883090867625661,1.1567682408202165,2.607839108555983,4.3890396476058875,10.764864520983126,-3.6531885354192717,3.587515723448622,2.736390267978444,6.566081884249202
3.3190301457046445,-0.1031622301350128,1.511873892526601,3.3612698811203554,6.073163707199469,9.171471979164213,-3.3102277746913087,5.111492988042461,5.302539849074334,6.382346415916317
1.8542442490484137,-0.13404231099198607,1.9838657534521833,4.16221844189127,7.226146649701652,6.957643654918125,-3.195702636947544,5.529846137333923,7.583082367641908,5.59694012175846
-0.01953047217686166,0.29126182686826285,2.3076919566364396,5.514554270188603,7.912981356353626,4.083922822799964,-3.2043582816208422,5.347506382047005,9.64622313490623,3.9536955526190045
-0.8534702195515553,0.8606171755492795,2.949552472928868,6.50400686124914,8.23707763255757,0.8257025143247918,-2.8330399558481485,4.211340686416109,11.140219691720056,1.6086147847354204
-0.3936120395969542,1.0956957331055945,3.6220164437449993,7.804649134695981,6.87918057107839,-2.2640768813850287,-2.1287863769326654,3.0775616276261757,11.70904691883955,-0.7516386271525698
0.7560068004230317,1.380544077745002,4.316299560901837,8.60368012130586,3.9329528960139477,-4.2480399025566165,-1.0950319691233303,2.4028827714043106,11.651109178565795,-1.5723954129687376
1.938645961172654,2.304386386020627,5.388286338965035,8.740355731069693,0.15679351866671332,-4.510865068620442,-0.28409282273240677,2.129108027231858,11.482908545784728,-1.376968216470558
2.6995228917210814,3.7202800992989213,6.440788637158047,7.679545600045501,-3.2552481514646083,-3.254755744552461,-0.739833141614294,2.0695229029027904,11.48739601448014,-0.819780506325622
3.2953347946874656,4.903512187323799,7.356945486658366,4.787829066866825,-5.299772052704208,-1.0372049396974907,-0.8362594055551384,1.8724189404048266,11.23961513125727,0.42939645255554804
3.4064129934208927,6.220263466794866,7.348507515025752,1.0873158544729185,-5.7645053425379835,0.3782495874188162,-0.41563349477858996,2.1291589184715347,11.460404288365762,1.6555384515712683
3.2991016032248965,7.213038893828894,6.006288194785714,-2.3299523597126583,-4.724152373321228,0.8098961889257674,0.263598074091413,2.395059635520126,11.737166644413394,2.6016561166904775
2.996808268219495,7.544066127132044,3.685957360822653,-4.606616519661389,-3.114074930226214,0.3242170727163842,1.112563029401512,3.1743024152325288,11.783888683450147,3.284754484518203
2.6369421718098667,7.558939027647885,1.0843741408447005,-5.164916643451641,-1.9208316187664438,0.27986554933904356,1.542857567819742,4.438693371334799,11.928585176935501,2.8856857409743673
2.4516312596575682,7.4633171305627,-1.1253774067123294,-4.341509563429349,-1.4773892523604164,-0.04544648709777849,2.061617913684086,5.4965043280864645,12.0396012475533,1.8761575470569716
2.6999943109435143,7.2319218869110395,-2.7606015111374496,-2.7483968360319304,-1.217274387588344,0.1963095950549673,2.1972689291115515,6.959512240354556,11.827303788588527,-0.14882007945588344
3.1602936680396447,6.9449798195235655,-3.7941480804238195,-0.8459650260765234,-0.9599462540694508,0.441149140095769,2.796932751797186,8.40216601302351,10.106002853483986,-2.050130825025151
3.656015018846032,7.015197102225763,-3.9848325285059207,1.193215893324772,-0.3980539098793862,0.6877430036395521,3.380451246639099,9.939393577710797,7.362169032707664,-4.015325972809157
3.585941998964264,7.27114300834791,-4.098931621307648,2.9192254185790314,0.5156942967465575,1.1658774642403091,4.128275512752686,10.560383615728107,3.1537090375821326,-4.890686265701067
2.1862601187806967,7.515471320098309,-3.086008133837953,4.579589610644304,2.075530653322153,1.6752168427766103,5.135330167372758,10.313170535455214,-1.5681532312281947,-4.684086559232433
0.7417044447719829,7.809486043939708,-1.073889401160236,5.230932576187025,3.4875800339155427,2.256787391652833,5.920431989865112,9.092351582124389,-5.531365449979878,-2.315745036768877
0.4824085097516013,8.033470910967672,1.23311300943636,5.499487268056617,4.238443486543717,2.449617495308384,6.538057863458411,6.227034704439504,-7.274974889485372,0.6516377185835843
2.02292826623182,8.068481832875793,3.1624104864360567,5.329373750623596,4.789846568603346,3.2140919243902397,6.663193944378199,2.8557361662162277,-7.817329591748277,2.0142127183895364
4.30168704196265,8.422062209186212,4.322595752937905,4.981489454613037,5.1596981609440995,4.157948561003328,6.254120372488952,-0.35664834323524675,-7.000104727269043,1.8739458830385884
5.370506104957851,9.368471238684718,4.671925014176909,4.2628392038820015,5.225119317265347,4.449623847157739,4.9182071530233005,-2.7485589339072187,-5.814663910015061,0.10937787501201524
4.957967733870077,10.70163940234502,4.223773881973704,3.6081613463191835,5.455645994166426,4.895243963963163,3.058421234099213,-4.202619588210726,-4.204378038327147,-1.4511596183949345
3.7736010561731024,11.944510542084036,3.8307119510149086,2.740469827368874,5.815894222708629,4.942651608791643,1.0472574871487608,-4.608001517778572,-2.6174658727257,-2.358481625079817
2.2070101228497614,12.890702742928239,3.675258396745605,1.7316987121441456,6.158218597553611,4.425097203576544,-0.7225202320612634,-4.080570402504493,-1.5237875668971712,-2.658399217249712
1.0374745486548993,13.130724353618081,4.052698834109638,0.9501747972412091,6.131506429105686,3.8844694304399283,-2.2202924964790167,-2.6643489379316323,-0.8652224934210082,-2.2829738777455777
-0.004114785186521419,13.123210040001426,4.300586634383655,0.13428298808949424,6.366747900864902,3.335119985471502,-2.964217840974909,-1.4893326175611703,-0.22733983679623937,-1.5333114185325103
-0.3423822565264119,12.811517743642284,4.278629247052408,-0.9399971807857477,6.662918592054608,2.687351016066779,-3.37403177921932,-0.48585852063776314,0.022948691086181666,-1.0684284979172227
-0.2297398894210146,12.655410305579991,4.1994415937763865,-1.482347290520318,6.872059722405535,2.111808024829486,-3.6173792773737694,0.3458881013516815,0.4205751680205484,-0.6381339337373202
0.0217513778087214,12.613640461074409,3.507786969026864,-2.0426409553254645,7.396951891730093,1.9228126647265542,-3.5453777855177804,1.1463975226836653,1.1080616368341483,-0.12996591366421117
0.5868651456534432,12.464809834945761,2.273703297485174,-2.2253689834330856,7.477169436335278,1.8050551126155172,-3.6862799888482165,1.5085678548492731,1.8054088728009523,0.3217764099865737
1.4788986685728371,12.532954416593077,0.8100241706978814,-1.9371067764867638,7.663628308147819,1.7466738439494505,-3.3154618824461863,1.7498597231344835,2.485998744264886,0.8532514541412752
2.0642019820839876,11.992805959832893,-0.8741705592635586,-1.3213426132743702,7.6753906150332565,1.530014521020472,-3.2062903220770353,2.0126747486609724,3.388754098803906,1.2460389066115993
3.211507025989885,11.681969256214835,-2.446274321845987,-0.47704434073468277,7.552293032082486,1.1866262172427806,-2.8198005258886147,2.2632813182457445,4.136646886153666,1.5187369973551677
4.1375423015343715,10.84108643490583,-3.7718373959461053,0.5440441961122696,7.760264619841717,0.7888219413154764,-2.5083463320246877,2.2091678619871034,4.841671919200335,2.5344810978894725
5.0427325397397045,8.927322679698237,-4.7929456592491135,1.4899926583209737,8.090815268259934,-0.3665998938764472,-1.8209564910272371,1.7182610530570637,5.421677079608374,3.297918957150307
5.567371181885446,6.9132869105043495,-5.280665558061572,1.77614703288842,8.662002769168515,-1.093154119882406,-1.115902567395064,1.8433800600833699,6.167654583728713,4.875008361136454
5.478960867059874,3.9073191575939474,-5.769854550418797,1.2217690703499373,8.8867798018778,-1.5979103013670426,0.01015262431652525,1.8983985171337456,7.263932036993383,6.256078852731711
3.9437038737025203,1.027449711304409,-5.385780660924375,-0.16702916408354052,9.157473566712994,-0.9411978485412135,0.7810658116880859,2.392008037631714,7.857199727431065,7.459794869239953
1.347973825452569,0.060917320919386925,-4.677606832557137,-1.9155132124820777,8.786671623115085,0.46160332194499404,1.442737621362594,3.309632743884842,8.939468964107256,7.567891678029158
-1.4185852535646786,0.5738875760560294,-4.080396402508003,-3.1266736844212883,8.188401101838855,2.442885045962397,1.5170960040307728,4.210291104857973,9.730591977390949,5.720335407454136
-2.829762483043033,1.6616279612417217,-3.351905266754982,-3.4985014446986082,7.062799819872768,4.833419128178518,1.228750629995323,5.2252269144148755,10.630552869160068,2.6498330758467694
-2.468925105445465,2.8012884543023175,-2.9798682249366744,-3.508912479910944,5.939525556105608,6.610650188893947,1.2574289622970198,5.407123210152412,10.27478676701163,-1.0945677231274362
-0.9090321611966654,3.1156747649672885,-2.440063772088367,-3.2546241132073153,4.260961974965322,7.671033043270857,2.1527332956622227,5.914305017829699,8.956683023201892,-4.103929391946988
0.8633834678336374,3.603534304454474,-2.3586594397189034,-2.6609697757002166,3.055378950791342,8.91424251667168,3.440192593009688,5.983417828463702,6.937262489344041,-5.77724810350964
1.6282324533361672,4.033819758617199,-2.315747734957677,-1.727954546843195,2.0637569925069386,9.981626734598544,5.132752979452591,5.492925317262664,3.916853806095942,-6.166084328690966
1.6430257069196648,4.402527481077197,-2.3817858516956205,-1.070923226572357,1.7187903055170848,10.460825864014689,6.551068513550541,3.51805624591531,1.917816593208402,-5.9383308260078485
1.2738484313268146,5.060263244866439,-2.214231096116596,-0.19042219325673526,1.8754690500607025,11.219867172824609,7.005388618091337,0.3421826017003571,1.0433349339256657,-5.307144736007243
0.5332645511046967,5.463843179165774,-1.6009126858352718,0.795973283032202,2.410377469558219,11.497936567602158,5.691565053499948,-2.2530457529239922,1.8977709140722845,-4.082917994538586
0.5035918087075152,5.76196022334407,-1.117467559681849,1.2481807706185928,3.4584225697767024,11.998559217558348,2.069241146190043,-3.284941033781343,3.3516935486146675,-3.039176209132098
0.872259354276206,5.9102382481334645,-0.17353279830667312,2.1544050836536877,4.739680346906102,11.590283044051215,-1.6066955795662194,-2.981514806235556,4.384861051807931,-1.619674450828893
1.3110866407683213,6.289145555895817,0.6741805007952817,2.093890002289836,6.001763180725307,9.821362280076398,-5.149726584462249,-1.2776683697259876,4.045565808241349,-0.4803119034739247
1.6918593343755748,6.448613543937091,1.3911500594682866,2.6512910622408934,7.431594354644823,7.04046236022223,-7.433951626366284,0.6625130706405258,4.436949650262874,0.2935630691752587
2.0455613202724896,6.843623550484913,1.9629480706607862,3.1652658021393005,7.895801767091202,3.264461416209143,-7.879127072094144,1.2033902408926302,5.238091262724642,1.0066810985343961
2.5698336548786864,7.042092381237045,2.7610563398682353,3.61912758014584,7.706157152991382,-0.8808699164273657,-7.6058994073692014,-0.22860973382984334,5.843894499208553,1.9121614097082307
3.2309198091693605,7.20290832187588,3.5999857921850023,3.8360101646679,6.708504891059572,-4.082972027009312,-5.725434613141808,-2.1871050228587,5.490220567140256,3.55479111030697
3.917680205871301,7.296090887978314,4.087718407878042,3.8706009253197773,5.0693514579656735,-5.6958311680169,-2.588398936379778,-3.7628590864933633,4.345983063250341,5.525981071654464
5.384515237827847,7.066516290085983,4.051887014548358,3.5877791984013196,3.4130250962354864,-6.072843577783202,0.4941769298456951,-3.400947856106003,3.086737404626269,7.222203661724007
6.782130438505978,5.933806876140063,3.398032075953118,3.244216867773725,2.2128287881410906,-5.518379418725921,2.5905282491941537,-2.2884293143274856,2.7381508251939484,8.567283568060585
7.986011009719299,4.081182319401908,2.905920832650513,3.190231494570886,1.357213508283518,-4.77876434263052,3.567423288588049,-0.46160297772890074,2.4126354464525877,9.66896780173319
8.065203491851822,1.1033545042237487,2.6217139092857655,3.0692072124058916,0.5605152752501075,-3.9942761437232925,4.050937274312117,1.3753023984469495,3.1127657843310916,10.737273347984894
5.789355950840712,-1.3996925328780914,2.8633030270981674,3.634755588297688,-0.017762967184721413,-3.2745769279948744,3.931081747930253,3.1371620362541894,4.252570137076178,11.71046195183916
2.0313773431392126,-2.499969370583817,3.10513538432961,4.230682822887959,-0.7175535234926683,-2.9496651014772426,3.7430742423121415,5.275539131522662,5.962350722696578,11.335624080213082
-2.441581876660938,-1.695424677590959,3.054290269345167,4.70341817854957,-1.300607001568072,-1.9906497178159888,3.1516111376424014,6.894987610845873,8.497037837610879,9.01697269125274
-5.39737383583589,-0.5714403350083688,2.8002395960875583,4.94960146477256,-2.09681502014863,-1.327205827102503,2.5878150233674875,8.663059770165555,9.780346584743743,3.544406407366113
-4.697919290463482,-0.7940805399859638,2.9254372365044214,5.065548510191677,-2.2920169202816316,-0.47681664778296307,2.521721984432505,10.040097630819186,8.729388318309471,-2.947462322282721
-1.9718930476129073,-1.5871478955670446,2.7586318179453646,5.039452831227551,-2.4395624312292563,0.34995571707593154,2.9880859115139144,10.732061275552713,4.793643766666817,-6.972780314927609
-0.08807481862174601,-1.4110543122120682,2.65580982785454,5.068379965375775,-2.482361067717408,0.8819098966237914,3.509301177163477,11.263556107379108,-0.7422557771329512,-7.365260035885303
-0.17648921888473368,-0.9696352802351419,2.7510699967493677,5.124145309900115,-2.1355918282344564,1.391422297684089,4.772238719026102,9.816371138940838,-5.633707794222248,-4.9036022463464475
-0.48931331609506434,-0.29885683774523697,2.756965654852929,5.229110209278297,-1.7988402059009405,2.0264993698831653,6.062510179643727,7.565584405989747,-8.544336669684338,-0.7853175750370913
0.45910269293055406,0.11209325114940265,3.0522454056368318,5.452619887756185,-1.5869591956643077,2.1947364118673396,6.8652280577900004,4.235131169441148,-9.394377365966147,2.584799328301098
2.2169867323492944,0.5888327742935463,3.6104500056658826,5.512193551347595,-1.008624102604313,2.6018269553319313,7.439600841749741,0.406025746816851,-8.678294672040828,3.2612596126844386
3.9771707280942574,0.8919364588804806,3.8459435557707304,5.307984475764084,-0.9738382014535159,2.7992246046177884,7.479255617699722,-3.1467482061643133,-7.626706020685059,2.004518526325983
4.442578824338295,2.1621415414199627,4.4031347137004095,4.986331676846023,-0.6784738857697434,2.888582290346631,7.105792889478708,-5.850409129272055,-5.129045366677171,-0.28512047530290185
4.532239992513825,3.934711046961348,4.644302534485609,4.416581640176747,-0.3613966726978662,3.210011464245107,6.342857959469202,-7.312038277041148,-1.7766903539076653,-1.859806985987623
4.16298233931902,5.477380367834736,4.679975086858208,3.5096085919724906,-0.043642851675759445,3.6669794209780755,5.379796254112804,-7.339753265000595,1.3329486514427766,-1.1924660291383629
4.481842843653078,6.937190669029139,4.5801776407281425,2.4924465104426177,0.3011448918468128,3.683387565026166,4.266758128458503,-6.818159600773046,3.748995315972069,0.8561119094089392
4.955203610588176,7.565024449167975,3.8563114338377447,1.330044448227265,0.7237811530863942,4.269361776704369,3.0728833598549294,-5.885466409940854,4.356865323416334,3.5363649726446797
6.080749149759069,7.157654650150362,2.677498596781758,0.7150618865552517,1.1993817422786046,4.7007691048526885,2.1244759841235807,-5.190633754420325,4.067610942061761,6.343061851243634
7.175287145238427,5.364254444681976,0.9625184471721777,0.5775585311569745,1.6153853899358843,4.879708053316267,0.9742641094606969,-4.55273000153714,2.8972685879975573,8.375304674340159
8.107862325739164,2.4475093850812977,-0.03054172400672958,1.1822723251011293,2.1726672528777784,5.012538293108635,-0.3481126582625355,-3.9225802844489395,1.3200081197854339,10.086552871228086
8.054501491991537,-1.2082168735283303,0.5140269961187703,1.5132446510247979,3.146926379886112,5.132051132131945,-1.3464985649205514,-3.180780965828006,-0.0686823978446952,10.246156082205925
6.985037712909663,-4.29045874291532,1.858800439705318,2.2681760015601435,3.873571308893873,4.6585520891463545,-2.0811656788419435,-1.9623589902071663,-0.9523169033330515,10.112358731050076
5.207927966711637,-5.869461077053436,2.9013998948789483,3.8886857582591015,4.3957936017084975,3.979994001199279,-2.738661892057289,-0.986981020635161,-1.2149493481956288,9.531059078097522
2.886207598362565,-6.199010891620129,3.0878222837688645,5.613686075281021,4.704306725665576,2.611077565984997,-2.7337250415709144,0.36581350981057514,-0.645710160568773,9.580274653181153
0.6184509239250827,-6.2443796746042946,1.8937285167808686,7.130357277891807,4.697319612106132,0.7674738165652945,-2.7103828004459047,1.098389144438021,0.356488293880883,9.564362680689802
-1.7579599488361022,-5.024847733943638,0.1437499335769124,7.774270930896,4.547384735193849,-0.8934721960929917,-1.811311974099171,1.291706479017453,1.4056156415017451,9.272827925902575
-4.084865965851475,-2.859931827167683,-1.6942346412087248,7.603177218030779,4.412915029529579,-2.260458332300501,-1.147517837188401,1.526060678443664,2.667351130030586,9.170315968388731
-5.185720322957962,0.1943844475598257,-1.852099639841146,7.116468554222615,4.239691713251835,-3.2309340586133466,-0.23755996476028196,1.7310533945955926,3.827103139096659,7.799234998529639
-5.333871077842955,2.940998121212477,-0.15637899857904425,7.139579017131512,3.5123328365002244,-4.182683807588082,0.7621131816813052,2.291257627687673,4.759158107635716,6.563536494043194
-5.021709626025763,4.425390887993927,2.7105239949269584,7.319751186062301,1.8959056555387985,-4.469086196203318,1.1347744605541596,3.207372712493405,5.718045293811452,4.68423757590439
-4.6780743861252265,4.5164730687966985,5.6137500107659,6.74620035729405,-0.6657085393412805,-4.112871005892703,1.0125694303462445,4.202830128932301,6.2103615107127,2.503210458833117
-4.065532952948421,3.540997760677076,7.816940171969921,4.865279870454127,-2.918464377847233,-2.878053371515075,0.293038250017592,4.785464915073217,6.657653510057479,0.09859709121830254
-3.111651547545699,2.175501518491179,8.91937911480975,2.227686806082965,-4.112470630827004,-1.6936573415858436,0.012196883861960736,5.014564206643695,6.421357252445882,-2.157486217326668
-1.8143167574189452,0.9923676525698353,9.420929251401423,0.1595962082048522,-3.995167476171783,-0.734652817558878,0.0020558508835777506,5.4571119089244915,5.74914741391657,-4.022586812454091
-0.5282028315976375,0.9634863981064794,9.393622660743167,-1.6207791711382367,-3.170744214089412,-0.3792375880955436,0.19658938318036717,5.6234460342469,4.88870676787119,-4.731480894604062
0.9142969043177075,1.5741725141405467,9.270530350391345,-2.312717807825299,-1.2187609845839151,0.004356214114981383,0.8353762559496756,5.81126275184279,3.439924379998925,-5.314130508494903
1.7483741696130517,2.948958219527336,8.953762381601646,-2.972541718765737,0.3043586880590289,0.3633153392846302,1.1625684510284253,6.016764513529537,1.9944599222450814,-5.1335813508149135
1.414577507615033,4.421829770814868,8.119163026915139,-3.3084471638459796,2.2084054071958072,1.0598866579288184,1.8401151659971116,6.487661244531047,0.5061034758342551,-4.815095591554454
0.7461905015072932,5.360762777922731,7.2450307997209995,-3.402427341653116,3.389837098730325,2.3218658753153307,2.338929890374791,6.452161495958515,-1.0923167793773256,-3.969718116768103
-0.015804138976026894,5.695050390734412,6.373845082787264,-3.216116843338471,4.44479905052503,3.645409804348744,2.8776667516480026,5.969364409159811,-2.4700142104203064,-2.6050052968788306
-0.36767888373256785,5.862944305491276,5.608757569933862,-2.861191788032875,4.930772173459749,5.475355044581896,3.414983432833208,5.036137164625381,-3.1203200281246684,-1.4102423801407524
-0.019115028213560592,5.964655689606404,5.158606371672005,-2.434085100418793,4.9534000782872445,7.154103780144193,3.6091356311703313,3.501848777156329,-3.3780292195948634,0.18234499306298763
0.48939153905008004,6.19941704948518,4.660929306220481,-1.887366663011712,5.027279596011203,8.836845944755222,3.048850861618007,1.9596382263997563,-3.26902444148252,0.8740735501696999
1.3627044795156253,6.369384287340347,4.082617486623625,-1.7570431223809582,4.683759181562943,9.875090718818726,1.804523327742896,0.8844630505805868,-2.552225049122996,1.3995461241837392
2.6064045367690207,6.813790741646206,3.1095262982455396,-1.5381790385244658,4.413967515384474,10.386835421885703,0.33207242342060855,0.649949920832591,-2.120427456832936,1.624815005591534
3.873237286696376,7.207771656871232,1.700056939618799,-1.421735054074063,4.049275300264755,10.667586681431757,-0.9114611371765354,1.4074643378068064,-1.4016506352246834,1.825336843687221
4.734702855098783,6.932700369674021,0.17944957389368538,-1.0801015557768847,3.5924483594885106,10.637637874901861,-1.4115453983147876,2.5447015621508613,-0.3971377457910811,2.005194296429268
5.560475782209123,6.449101899564126,-1.167910834624001,-0.6158902771220782,3.5133807927113474,10.496227250096846,-1.3403744327401435,3.4667269990693583,0.7342789418322819,2.3311742582833324
6.5678039379488435,5.139038257951272,-2.460097890918927,0.2499864040582456,3.968056310162853,10.378717973235174,-0.5647084626563166,4.354506150715484,1.696555070928568,3.0214761284781897
7.282606280411232,3.437896894375474,-3.139342583128198,0.7067290449572051,4.5925201825642565,10.367944610234973,0.02933055472952137,4.617883773708621,2.8946147523859875,3.6340982416230596
6.9603320264254505,1.0856699123161537,-3.35409190185712,0.7727604638941029,5.406222428458504,10.109627057083637,0.550513962672117,4.660505648992008,3.92350917673301,4.522642730232955
6.111577367824813,-1.0238887438487634,-2.759693545762981,0.4270003939745027,5.8523108026474855,10.01702238687065,0.6382670770473875,4.817070341118649,5.463833747117337,5.30988087069709
4.215939288078208,-2.202544767817641,-1.6473332356906165,0.10463558459065647,6.332329271542322,10.092504192739884,0.322187447150486,4.84906393889442,6.5606745222697205,5.285601274504739
2.1110258662374943,-2.593926806538782,-0.6822304607716267,0.10049105176874104,6.552035700693506,10.33406619984324,0.12166862732771026,5.25504624713572,8.123308585319684,4.895537878271752
-0.126813984536379,-2.208458364094235,-0.11710677396179241,0.4307795850696836,6.787998600667247,10.274836109759113,-0.03256887196675494,5.481307561656749,9.335107781796864,3.2382456890504576
-0.6946003455671311,-1.593604117997192,0.1551769384108836,0.9682097670878782,7.285486334668147,10.034895961974492,-0.26794983354972074,5.540646456237945,9.83266388732163,0.8466404728075114
0.15068352629130677,-1.0502540639615532,0.6695075353587512,1.5891603667074046,7.800701039112482,9.109660930093064,-0.5009481377918086,5.831279699890573,9.916345181317748,-1.8052342679232172
2.0455231145595825,-0.34766339451820183,1.1873470303586398,2.4510170415037456,8.795471793791808,8.137847797330961,-1.3257759370831748,5.999201356735975,9.392014591433306,-3.4782164585693036
3.873276370958935,0.9890396446349345,1.4809945833078162,3.3883809532614944,9.60947316564529,6.234619755738258,-1.7411639633991551,6.08906616797553,8.726103280080784,-4.113632751033302
5.68624285769336,2.841002147370207,1.8317658821967062,4.44717600783872,10.195417994824208,3.685245045676291,-2.1597687195189645,6.032824446180245,8.000502364865179,-3.896506739118848
6.633685005766703,4.549434303556846,1.93561749101947,5.238827178763985,10.385111815768063,0.5373411814728563,-2.101121466916096,5.504233458624403,7.870855846510378,-2.8964822966865182
6.857914536540174,6.672211980358308,1.9369287707908163,6.076960674213096,9.235425207586543,-2.525960518213009,-1.286561111875445,5.02796712533565,7.570665103880601,-1.8354504659498485
7.327801165611672,8.00061161639448,2.169143307963827,6.317921142249166,7.706357981989329,-4.772256568644062,0.004044967802225456,5.120163821093501,7.754501455729838,-0.5051370041241182
7.3681798160328285,8.547601864765097,2.081143768144413,6.119196252980741,5.576822069727603,-5.962231454034438,0.7723902982233378,5.4901190597556075,7.6109370813635335,0.706328378160937
7.489410596637585,9.067823121258531,2.0234325725995426,5.924518031241416,3.1505130496524654,-6.357253829610166,0.7566169686157024,6.43560650920642,7.911415576223553,1.810068323242017
7.7121018027946,8.90750563633375,1.6074341412796718,5.613160559070561,1.3941913525344944,-5.962798443656158,-0.13113834799447194,6.984659514602561,8.544385957288744,2.252078817086799
7.651333499904242,8.557689922066794,1.0343595704899435,5.365884508521306,-0.046901498361712736,-5.300302512958645,-1.3787440559994242,6.602142939576253,9.565788823354108,3.3254300259971825
7.319109278587678,7.3301227554030906,0.5295495418462156,5.332693033017115,-0.9504658003680173,-4.286189537335977,-2.5308272123323765,5.169777461724415,11.276245353725152,4.25683544686752
6.083496609864417,6.094933916298234,0.4091037937562197,5.346172257896457,-1.85002900994795,-3.221444913052314,-2.881170247977483,3.359329937533515,13.06009608174853,6.259665800559172
3.3774867223597087,4.864030516676373,1.0305700256731527,5.238732586074941,-1.8290004341433932,-1.9098848266624076,-2.704899229621135,1.465761686343244,13.79097197160707,8.002919459908986
-0.2804510513045558,4.178761306743943,2.126213250815066,5.090399572861947,-2.131645861046433,-0.49510289037658667,-2.1220208564018908,-0.14168446784006852,14.332660985981336,8.526413541097561
-3.7119596409049853,5.104486178938489,4.150178802296206,4.315923111589437,-2.1050293886896188,0.6085121587277524,-1.5726904116507892,-0.7839572854954908,13.757556072815646,7.5645007349055575
-5.371800083016777,5.702025394357669,6.596218450190979,2.589833369490373,-2.330266865066972,1.6148676785131435,-1.1761299216932293,-1.1468382208259063,13.179092173050527,5.220775412270449
-6.24525920066049,4.832587271073849,8.560284906816564,0.1930101695088711,-1.9327211451149833,2.2247157239242874,-0.5213418539774648,-0.9907575216751257,12.772798821384438,2.3945198195988575
-5.8016777547536105,2.5520393661545286,9.650533583449684,-1.5949845171924784,-0.9970112915599144,2.730577700576407,0.35458488131500143,-0.5244682904071079,12.544195929981937,-0.27402483886827184
-4.348184149903343,0.23093636430049014,9.714251071589791,-2.132905217557742,0.1186180597635838,2.6124292480071523,0.7164949939981825,0.25405116975096137,12.442252167722163,-2.6065680511932743
-1.1459088919970515,-1.2738712172329036,9.815006419855528,-0.6953105767099664,1.0387507996553553,3.3155464340804026,1.1696980171132965,1.2236913916695853,12.296392354028622,-4.27210222884547
2.0581007886523115,-0.15874343197571797,9.712734962400328,0.8360247976288668,1.6038433552689386,3.6036429494227575,1.593648685561805,2.131953273476259,11.610692639173585,-4.120273404525887
4.415498197620292,2.3567004435204377,9.686619667645171,1.5556047737995577,1.546187557099992,4.132643902353179,2.397911803975967,3.1678546731584194,10.765529136618795,-3.254090622083963
5.340988547295325,5.506232793460735,9.154067879788661,0.9163624348358607,1.3595495703684688,4.506255585143138,3.0416317146158383,4.447095268456379,9.763730979922377,-2.0092791046601324
5.730738844845945,8.556307193573208,7.072387652403303,-0.6232469684788521,1.9078818300415141,5.189176732702107,4.0225406423604575,5.2701469879354725,8.671262462959449,-0.8948222422207645
5.778054018047636,10.151917905839262,3.839273872441954,-2.3398879355034503,2.454363833076605,6.088418689598982,5.328184876897439,6.192656935949234,7.435329972269362,-0.25674043916637695
6.1190381550469475,10.914434475189003,-0.07854775027563304,-2.425951241023775,2.2405181173545183,7.043561234693808,7.063178071854253,6.23067902261391,5.617837868939662,0.15556313147259077
6.468314479748647,9.965321913016627,-3.774963017865411,-0.9097659457385847,1.6119660020800197,8.10321879873507,8.507134710168835,5.266292590338793,3.653538944850288,0.6292507418426948
6.746221240286255,8.03849313603992,-5.670973018868463,1.4792636119935603,2.459497554569268,9.063105907664577,9.542176037259159,2.975267607511635,2.254833355834886,1.4393683844277765
7.468610829183636,5.223406455096974,-6.788971557440904,2.9119045461809985,4.447272622298068,10.244210358153971,8.722592632823835,-0.10547458740222666,1.8843866764071924,2.396910705968699
7.806920243307848,1.7359993143546288,-6.916575980090504,2.391994182250806,7.352785641811996,11.576545857343461,4.7590215189478196,-2.5099880717121454,2.8132212120089446,3.8137563138447788
7.179661735634137,-1.8476158432076435,-5.962320203092661,0.1931006900233076,8.36217206786719,11.551625462273966,-1.242432871472976,-2.595204089412145,2.6976536566833964,5.5230293540013085
5.611449438464419,-4.716393304677757,-3.726937326258231,-2.2547607888426953,7.679368650240491,10.253660113381153,-5.939428644376277,-0.5281221370362342,2.2284959239494633,6.467202886874646
2.7193111482910806,-6.183036463845956,-1.3923754616509565,-3.1859579393208586,6.121067076404447,8.803445608970842,-8.068851011011276,2.3062714424618047,3.499300465542664,7.404489341713453
-0.7322660819946103,-5.74959026094477,0.439258075011073,-2.7493626983605544,5.205902604674296,7.504874596546686,-8.110392144534837,4.191612855657443,6.201173856481226,6.780454951877607
-3.7939166336020436,-4.608852772667105,1.2168588491892138,-1.535869001418917,4.91515687319298,6.2074325505340395,-7.254668166398267,4.154730740937479,9.396811974506065,4.3553653753758335
-4.742245616781248,-3.4351622926109027,0.8407574295248751,-0.47150172194809814,4.7461818126954824,4.8055974779781145,-6.866601511948971,2.8529463749816366,10.955742433929366,0.5671946409984602
-3.5059120787335716,-3.1586939382777017,0.5773549107044801,0.001629138667469443,5.105195537628557,3.684485575672996,-6.654406734517576,0.7867245384198511,11.406302134719724,-2.3157607769239217
-0.7509157761378676,-2.9453320540962724,0.7151608935051859,1.0073363289247521,5.199415170955919,2.4418859460984694,-6.831864162348753,-1.435474829407269,11.570635380976489,-2.650168112162021
0.8088471414024322,-2.17423970212766,1.0492290100527106,1.6946873573819095,5.537187300805175,0.5907954348383982,-6.274387969865744,-3.857962701697543,10.762638603768067,-0.5926365049041814
0.8934563352932015,-1.458908745808929,1.219052488338328,2.4121761397148083,5.612853225093938,-1.1837714069900858,-5.381019377134369,-6.2235507561318375,8.80226826084469,2.862458916147575
-0.5239194548538342,-0.983062469285791,1.58542456705331,3.2498862419078773,5.402062810186818,-2.6621414116529416,-3.480134010715585,-7.603434529552519,5.76522999276857,5.867261235988042
-1.813464882806123,-0.16806308207267087,1.896810511544559,4.050161078146173,4.876237880548354,-3.6408004261528877,-0.8107349188344913,-7.432034772643074,2.8829714184274042,7.167138695578104
-1.570071335143322,0.7301106457741386,2.3942341478039038,4.854461136660832,3.763682825133862,-3.770560493757424,1.6877787967439069,-6.452398246414317,0.6707075209708979,8.07307818743281
-0.8368067688365339,1.5237798632375565,3.034986636161114,5.1038970587620485,2.4416512834351543,-3.3502674035726576,3.723411366232358,-5.110006903747984,-0.25571677856674735,8.101769818297912
0.7359145835126178,1.94862969088761,3.9876523082343613,5.478250535856735,1.1528181591962006,-2.9014608866794545,4.809543283815384,-3.908936565702745,-0.5654244309472505,7.938499128718347
2.2720923666924473,2.1464834517065077,4.6471154187670365,5.587441929105305,-0.24221015282239375,-2.2285500158617575,5.5607879343033515,-2.6601316015792538,-0.5720161809293899,7.948438803704816
3.686333973302205,2.0324556343760687,5.070663195011503,4.870816747668221,-1.5595790260304918,-1.5782570746924054,5.983102378577975,-1.5428004093415748,-0.21639213863388032,8.157924756589003
4.656687229138108,2.091721111211792,5.445485734204564,4.1740326485068655,-2.394585910304125,-1.2785908425042614,6.014717518359346,-0.8703774623178991,0.04650930548368114,8.000952988976806
5.4834628373604275,1.6611395961106243,5.532677275822343,3.361254197946617,-3.010391002330511,-0.979314811790012,6.164961301498517,0.01819642681667119,0.5841995414735548,8.20738752375345
6.108837663645474,1.2236529417717028,5.401081688915525,2.3797061711337597,-3.1209661753380495,-1.0024681245818525,6.23089497382536,1.1522364624439252,1.1279746394957424,8.332154361379049
6.060025023820233,0.6547239414837467,5.568495138440917,1.549565047390278,-3.251124963150622,-1.2685075657832694,6.0846458595299024,2.3688691716387034,1.9372591706288613,8.977828451713185
5.243769653374203,0.11953755560874399,5.543559853999385,1.168142312225002,-3.125686740448373,-1.2165982727918174,6.001309384272855,3.728114603374951,2.488965876019732,9.290966572051337
4.2770833573201585,-0.16945396542610205,5.909500168170938,0.5908625345537696,-2.65923499363581,-1.2547195185810018,5.4152471930259445,5.348146493624141,3.725791975537895,9.412338487822112
2.311951952115669,-0.13072648477044468,6.244217632215936,0.5001421005276423,-2.1200444912078806,-1.404952575389162,5.3372485067687885,7.279478531831784,5.147255828766721,8.591643671076696
0.6131724442553579,0.09746667575720289,6.132454961172715,0.3690437165660745,-1.6487872242668935,-1.1737150923940791,4.842477725274914,9.136700366793132,6.337417466249527,6.539727905955192
-0.7549079349385086,0.7742770808396557,6.393426279927191,-0.05046666240428502,-1.3605107027277197,-1.0372629381358796,4.504861411707266,11.126597378078289,6.8373076201922345,3.4742773190838365
-0.5073079509398094,0.9120955287281147,6.519286667559439,-0.03465896083623807,-0.9266840676348664,-0.7404062859434789,4.122778233287207,12.351450066889042,5.699310218737542,-0.06453228949546119
0.018526515725166427,1.2892785477403477,6.743746325220491,-0.10419275376656538,-0.454757526027881,-0.2996221508891543,3.8604256811494877,13.204709377988463,2.4792694872014764,-2.2446945880069413
0.3615598004589745,1.7988999428559769,7.005629027595109,-0.1204301524352075,0.15958294538862094,0.14098485279717635,4.150231808944064,13.097889654959934,-1.2193102894505072,-1.7717269721240023
0.8701184505783597,2.438463228954159,7.112789555564406,-0.08965143041160764,0.8330387627097655,0.6369172522942845,4.616996933980336,12.21351596048973,-4.060229333551494,0.30411494651957155
1.8621325416442747,2.901059428648065,6.966075323637048,-0.24836331669822015,1.247486793612922,1.4250764209264544,5.538631340064024,10.616846258097492,-5.456360156805031,3.2748220453236248
4.293422020801128,3.8668529689901887,6.626388989580542,-0.48513322841841294,1.5578321152989159,2.329308561239113,6.39355586717207,8.320272350953225,-5.234578336707576,5.327178203564405
7.072065913040427,4.133062331887764,5.539252847361886,-0.559422616891926,2.1434811249711787,3.534319115362659,7.302238300732805,5.694850008512262,-4.983379870550986,5.916575726316317
9.526578689891585,4.140724204207693,3.882011596667371,-0.3112059098509965,2.6227738549670403,4.6545513912929355,7.785225029321001,2.7982901585073625,-4.669499613577669,5.229890896689632
11.479301057715407,3.8284126783465133,2.047571534196769,0.01173169841096744,2.9365258856046297,6.063320502042257,7.448405695203383,-0.8075730831970476,-4.113225847392897,3.4235757180890216
12.27613905790608,3.621137781948566,0.6002873066242075,0.39985736020419754,3.2266302196736754,7.319415388170977,5.910062852277363,-3.655161325700772,-2.963544786887359,1.220881987451393
12.205070128522335,3.579276235162924,-1.0567600325264377,0.9020038249220395,3.939376724604642,8.16225803630278,3.1392518151223054,-5.14669455847693,-1.5525775470670469,-0.0676472683088326
12.040351777192491,3.029200938491493,-2.408049250920744,1.1215662450923403,4.744615962565492,8.279585574236227,-0.4286996796236482,-4.893741726556278,-0.40737321655699876,-0.36360434423264465
11.737894863351562,1.9873877964813333,-2.996571128997978,1.1490725653851268,5.66916598778859,7.505310466581512,-3.4470923633231227,-3.180424189989325,-0.2623892700612852,-0.09586638465882404
11.798992921074788,0.6334833903150027,-2.974303257187367,0.913606195222562,6.527025749158112,5.892004607673969,-5.573498977062254,-0.9996165432280183,-0.3629316024230084,0.17366685947301874
11.682310902061255,-0.7107533537268937,-2.513276855636968,0.5792703543616736,6.816819876363729,3.769458607825358,-6.4388838482980315,0.8599127053420867,0.4346190472785244,0.5356221421161271
11.513669055830219,-1.6069648404483037,-1.1087560361266127,0.37585452254614216,7.072369994394673,1.6447874825155033,-6.195748917324966,2.037819991485083,1.201798582277055,1.311076654393082
11.196955320910497,-2.339035636884346,0.3950990517254143,0.6449580635895124,7.264758616296378,-0.05034209233238883,-5.6524154042296715,2.0373007213679686,2.4730694177834764,2.7246407728339657
9.956843983009358,-2.6734655808895265,2.0470704233681634,1.723703063572201,7.337930157993143,-1.9384639403076573,-4.626817255171476,1.473808386321834,3.4915338171824213,4.321510226987258
8.30794905924707,-3.1759626409100674,3.541734639177538,3.6561402943154353,6.6404090405231395,-3.6107415306636272,-3.081021444969728,0.40914758866735795,4.343055414968176,6.023926250407335
5.555054744750892,-3.570515432111392,4.437413800946918,5.603925721564565,4.874110431164531,-4.88733051303596,-1.3373119410203538,0.02010096892085014,4.818070877132048,7.916708307428326
2.432024874580358,-3.760296811373772,4.1391558682285865,7.207787954439283,2.108688711878743,-5.451414948716859,0.1607261252530558,0.26480070002273776,4.862822487512358,9.187210376225881
-0.9912064297478822,-3.298169198280481,3.085673767542812,8.213429261982972,-0.8866978609451625,-4.998327252374376,0.5793103401842142,0.993128975833734,5.705789517694365,9.018427341892753
-4.211106898522047,-1.7835949385018546,1.8231694950958994,8.41908808890687,-3.082467056853892,-3.3455559335514256,0.5203605910636765,1.5450314741969158,6.186593256566185,7.785616691935996
-6.0564180313617895,0.04513274113178726,1.781534448056267,8.118060719333366,-4.114884209110224,-1.3486839867102984,0.14840476759463428,2.180918794541352,6.978652640551164,5.506988240550889
-6.7319124033140545,1.0867400857953151,2.5726164149561472,7.813773253752049,-4.3409302644341805,0.7858703912516517,0.6279971964197899,2.565655727978668,7.6973084267116825,2.6242844924382815
-6.08773670112572,0.8141076440760925,3.7782454886476238,6.978335476241414,-4.253702150462416,2.4264306154450406,1.8729862758372913,3.541990951229514,7.698766887497513,-0.46283971326808676
-4.721518608456384,-0.17798341670446305,4.195209393102856,6.438229471892878,-3.848577664491313,3.864206051260512,3.2452165453266013,4.2494426732436255,6.816075929714847,-3.3962772548100038
-2.5923410641635374,-1.4711462517524658,4.257356108540391,6.000711631100124,-3.0340888643021473,4.271558357226361,5.135156725451986,4.936480081281811,5.020535084854523,-5.0393554012659
-0.40490497997469377,-1.1967715795437612,3.9141575223884773,5.869852591210107,-2.372663920561185,4.590072533400078,7.151165300826972,4.897717212361556,2.527169754739378,-5.577590720560535
0.7359571864808584,-0.6696214070586843,4.063270817601074,5.939660866995129,-1.5875110938488242,4.65364229704888,8.801979291297117,3.6701620774932353,-0.1070160636948164,-5.154793885564131
0.8772011047234987,0.27743200948683533,4.359778571134594,5.977678323649737,-0.9166143337953604,4.6388721536573065,9.771704841790056,1.4901528627289362,-1.356260473798642,-4.278447870561542
1.1895801589346202,1.0091913566730693,4.7431995361199615,5.869101118457069,-0.3457081552527432,4.7834887643995,10.02406543467874,-1.0204047241275276,-1.1085111981999434,-3.591789536729867
1.2301785615439178,2.1137408288045965,5.230812403980328,5.738752744032319,0.26274073608794674,5.192188030545871,9.328164919190323,-3.153118376660977,1.0750119902721211,-2.9766953547824886
1.4877202376245762,2.770901744785582,6.053931969670487,5.222801868402741,0.7509999152807237,5.360731748712334,8.503223663911438,-4.0406609373282025,3.3209687009945186,-1.8724912260447426
1.974653740912304,4.146970097594954,6.879165858161057,4.70144588666139,0.7910674827398296,5.540598342235544,7.156596178183383,-3.6713030702965863,5.338637316587809,-0.3930658994133203
2.323544175695321,4.99204080902595,7.374070900397056,3.823479513231086,1.020288015553609,6.156707515495394,6.036061593217989,-2.9943633233948717,6.464925856911204,2.264220412503067
2.48122650987326,5.647563129752124,7.560226266664162,2.4685759723997256,1.3517726810746475,6.483321725535734,5.278942600707124,-2.246595311939487,6.941535512293814,3.947878166299143
2.7675180030010105,6.1854890648564975,7.827001696224369,1.4051196862485036,1.6871215109587874,6.691582141369481,4.30626758695041,-1.5981883526833038,6.900459623493271,5.813206288616557
2.6242934122534165,6.529633125548808,7.132264926057228,0.12606412569754355,2.0058727236486327,7.312282227851925,3.4827994777577858,-1.0697711078167418,7.114084782847846,7.323934414333996
3.088613499466016,6.647230253608554,6.231799623197804,-0.7408999738483553,2.348892194227511,7.8946710357506635,2.765712721758853,-0.5201523323474666,6.922331567318278,8.631453101401192
3.075074180901568,6.240576896165196,5.348084078330966,-1.3466435897843128,2.706553040520087,8.54510177463622,1.8520875549915679,-0.23550512763296177,7.024645644008671,9.932596952600912
2.7271105829172693,5.435866922086108,4.137558874475153,-1.4915545980156208,2.4858470573047304,8.674163613606996,1.1715470116020557,0.38677833589219257,6.996603003733434,10.839917644258081
1.8039879712663225,4.8134211605335295,3.556675279901733,-1.5472124080205063,2.539366713878716,9.239972275738532,0.44120514081897255,0.6280014441875402,7.742004917867113,11.455012447902284
0.3482588696962693,4.696171397722666,3.0815734891355966,-1.193166174621149,2.6421400223531273,9.38918704009941,0.3031969927479179,1.062163776401617,7.861499852846539,11.831208317149024
-1.204739254956601,5.13690759726221,3.2887672039794587,-1.1620747769006174,2.628334881507333,9.614819291267805,-0.01495449684009003,1.3730668489315592,8.814145028635906,10.820517133183069
-2.4964498916792413,5.880536756462602,4.008568511125646,-0.7629718370889202,2.8195055462717087,9.727074757198295,0.050186241996930774,1.7979433587177043,9.82546515470983,9.228247153784901
-3.480077843736636,6.576195287348587,4.814193351732094,-1.0440363825317684,2.778079577350891,10.089588454169645,0.1841936265057833,2.2963174022795383,10.591378411391478,6.538704326343415
-3.752647547066179,6.542177245776098,5.857441266496914,-1.515775329322499,2.84159012253022,10.087348158971347,0.460869363500961,2.637410325289491,11.190150497540378,3.5898056538762337
-3.5214221199031357,6.14926075543902,6.65873137906082,-2.00818185787803,2.7767457968134157,10.456127940983114,0.7991847380237828,3.095716067049798,11.113691712783227,0.42959105595792846
-2.6209806846196857,5.006591905527739,7.093129071968247,-2.337198320050844,2.8507539884128286,10.997504575381763,1.7264556453959163,3.3378584463578456,10.744803012874797,-2.8176577971723193
-0.7990354459928785,4.293179364299473,7.05472374390698,-2.354132338366387,2.6415389003409446,11.558039658985463,2.507870895418759,3.6976336444265976,9.615376143031849,-4.771664111610595
0.7793851409807061,4.660607284083084,6.821383315135967,-2.387873088475607,2.4202971944650646,12.185855136625186,3.224340921655363,3.3742198827551046,8.31829881400995,-5.7817411397765195
1.975508350650907,5.582240940380059,5.863184166491152,-2.4782065988880926,2.1309704363452764,12.813204029364266,4.347814899852585,2.888491380522955,6.831416519885366,-5.476722909816546
2.3965476201937657,7.130377705275016,4.7858614132565815,-3.1564088806517336,1.5576998210062385,13.170804154226332,4.980265356788329,1.5439979150443088,5.711528719257451,-4.87716284400634
2.061344866466586,8.116596103662358,2.549484574561008,-3.7247572744578243,0.20312540878817237,13.507241165622021,5.4059525608297205,0.19122203293210677,5.400761875356818,-3.7442573930184406
2.201929174850919,8.832381339665874,0.47752161912289,-3.645434288866201,-1.6032723988574704,12.859896810522844,5.491893463538063,-1.5482935547675598,5.88420895869211,-2.370269402365937
2.6290873080202464,8.99428280789728,-1.4703474342475038,-2.7363784737598253,-2.9528041025561342,11.830811756388876,5.98895931428265,-2.5046002644143526,6.824530041167388,-0.19780453641901313
2.82184989697311,8.551030706006395,-2.783868131614161,-0.8702815670530283,-3.4531724183561576,10.45798234310786,6.668171477426795,-2.9065084754705492,7.924103236928136,2.187191319409996
3.380641237446821,7.546035989079998,-3.356097737625665,1.5344234366740632,-2.5415360543116927,9.246221201175622,6.995422039231305,-2.9427909376452663,8.37957349584896,5.021696332944065
2.987449723778633,6.239996456566684,-2.987116899014278,3.228239955495503,-0.5991527228203218,9.062824111132366,6.70329040737064,-2.379370633877617,8.441720251195836,7.784775120093574
2.321193851490845,4.884549918998563,-1.881822080772491,4.183760212062726,2.044040510368472,9.135101737606803,5.466868519451386,-2.1394598136104745,8.23626715225417,9.62811531914426
0.7329073596224526,4.341693451862239,-0.8320162763933127,4.524737497096505,4.60078897940524,9.131042797401822,3.3347921779254532,-1.821595504976766,7.828912644017215,11.022173350438106
-0.5659329874497364,4.398691636038826,0.6828073198295087,4.649718693882309,6.823924105758767,8.507935904894605,0.4882009734446286,-1.218424394433664,7.2388902272120985,11.408787442668016
-1.374721942865607,5.4161612943755095,2.5959345038045814,5.400729880956685,8.262533869226246,6.361778255088936,-2.0393000322175707,-0.6412920780784754,6.74562121930721,11.55771969649713
-1.0677822078406094,6.036122290744586,4.881449340802632,6.130627471976681,8.773393668431908,2.694415517941738,-3.6342891919268667,-0.7711164552650935,6.784593925540094,11.02749318521491
-0.8113117543562577,6.551966054635055,7.579644099024052,6.650859268300561,7.005857350389688,-1.0034527409129845,-3.2329351767187453,-0.8212657519284317,6.298809662900062,10.951589806955687
-0.08509089797270983,6.673138101327692,9.888512214932097,6.312500342438129,3.71261011658194,-2.792321803278483,-1.9482063988974778,-1.5036326085588032,5.606495395837939,11.139911978683765
1.4642663242869838,6.681536739622646,11.414851861161342,4.0941107515789446,0.34209697591593646,-2.881405018080333,-0.9388268017446231,-1.7475156349468137,4.7270183659260026,11.756123155006955
3.37981827034722,6.8884097146225605,11.2575502950813,0.19876691702909183,-0.7196463932571371,-2.1553539269969924,-0.3496970112306427,-1.1720288248317192,4.282182825905493,12.640802240981817
5.2208056358447665,6.493357167790928,9.280853988250627,-2.8612802819498,0.4320868542314459,-1.5895736460785308,0.2012688984235379,-0.5446490573117708,4.111392571310635,13.207996525439572
6.726299815830504,4.844742779696326,6.742035474781492,-3.985874733972302,2.644767210924763,-0.7375770660237391,0.8617231322443776,0.19404600410430758,4.253252016620486,14.508218902851903
6.133802354043005,2.2548886310726903,4.845916728410206,-3.154841693746058,4.02797566608807,0.47379854941318733,1.546735930630076,0.9817746338605673,4.817177619196479,15.63138601201639
3.0460762555208936,-0.11642431359178398,4.817455804645816,-1.7394081519038862,4.75261675648004,1.9726174592861254,1.608121287846533,1.6191931916430593,5.983037476862186,16.32659422453896
-2.112752729035237,0.22742463713990468,5.280631651202126,0.1605993531210611,5.09338330288023,2.800382821768413,1.7534132343130882,2.479165879374678,7.52386825814617,15.412464037688903
-6.43342132086093,2.5161754226364064,5.797215409205685,1.6392451498422165,5.121021812166303,3.540893584639848,1.6005574627322674,3.119677515722679,9.24011380392329,12.192623131347428
-8.598954719769747,3.9079221941158933,7.811147492960378,2.7323252663150583,5.33052501469687,3.5599434488542374,1.8568510120832764,3.975910216172606,10.723516826215077,6.736223704316945
-9.035417808036433,1.6955291393819707,9.435006336729076,3.8077991798481867,4.659023531667683,3.9275687801274466,2.0145278493281515,5.021289790066565,10.916228566295654,-0.2931514770363821
-5.964911287506658,-2.7986765096192765,9.305173751106716,6.332172926059244,3.4874552705660364,3.3948591146820046,2.649514181244029,5.818867780637092,9.175177884455328,-6.160416407680431
-0.516954568707199,-4.80126833539306,7.121303168968486,9.304826825445264,1.8154937744796178,3.121583411716584,3.6568038818651205,6.744543189932748,5.662396079732477,-9.178775637246993
3.3840654407010655,-2.8485329318778243,5.573544628732488,10.812501886698962,0.8059850520174017,3.265836794409822,4.865013496145418,7.073956717249148,1.3713028935641856,-9.377177007139016
3.8197851039862845,0.5916567987341398,5.427970251653364,11.208498740441996,0.2009274808133898,3.4526050082988227,5.961506201917331,6.069293034309176,-2.7874776536800554,-8.098725150426976
1.9600862437392799,2.935199891062066,6.37626425529252,10.4427108964242,-0.6143437427765935,3.6836888185938985,7.096404071892364,3.621646952798773,-5.553240897930589,-7.037628035756035
-0.6742023780206416,3.7644583462907044,8.086782171293127,9.008933862594814,-1.6209757563629823,4.087659590753322,7.892906293436584,0.4171067132459706,-6.7006616690460765,-5.696342524719718
-2.419978688076586,2.7974653221079775,9.769118992289219,6.618967586971871,-2.8398596155415197,4.354345425300055,8.079530120739408,-3.154064085564447,-4.502086893831961,-4.9511834232389695
-2.8604462603991374,1.2050913875194063,10.465701839353262,4.148391411726482,-3.7497562575892447,4.064322859163653,7.753677100843188,-5.294999324895411,-1.1161919960635533,-4.168957143750509
-2.3426092279609994,-0.12504067810015762,10.621605198346321,1.9754018896480636,-3.9505396955858654,3.5366650121039487,7.763602042659291,-5.689941572601543,2.6413577100112438,-3.4551516592858627
-1.0769541855381664,-0.6591658485515554,10.469835155742395,0.996856200528825,-3.9247674231258123,2.809577700020944,7.607972487363765,-4.506031815219577,5.691089646553904,-2.1290018242340634
-0.010405404777540487,-0.39406213895160236,10.390095582312156,-0.1759900643317708,-3.302252844390027,1.7314697879210506,7.8016031832250565,-2.1867310434370717,7.611022048458144,-0.4441452199316815
0.40143460157073096,0.27941911627768024,10.411781477702965,-1.1434073067276334,-2.4960562600816196,0.6686259530597256,7.798081204791839,1.0623096961551777,7.850172492813181,0.35384818052364053
0.8729587243025698,1.1154150595906267,10.264768789548596,-1.5494487423633625,-1.092269017762288,0.6830452072476311,8.123444169238695,4.02455565367358,6.821619593146281,0.21276134259794607
1.379883693312862,1.91234643930999,10.104398453896755,-1.988088367832512,0.1557004748917674,0.8257015027123373,8.597307884795887,6.564986602394018,4.886679747792672,-0.7153792790700433
1.8301271640900372,3.425948327602837,9.56902639658543,-2.2759158181561614,1.8454580806503489,1.9589491854028114,8.98480583181228,7.498111719626841,1.9235835289895247,-1.001462312703487
1.9181103202260985,4.377396886883715,8.895764473705023,-2.2777271828764487,2.7860743216688886,3.596450820304011,9.742347745863277,6.498174526718737,-1.3698665978583886,-0.6439099612371585
2.499906304428275,5.530515348135156,7.738630337443677,-2.3363411659779567,3.529757166423826,5.906403223414319,10.148111380029158,3.106487578079447,-3.173162116175547,0.3928400023452581
3.0781799404751427,6.731732095119181,6.446229913431462,-2.4386568991037043,3.8931769137283863,8.263541877314205,9.103815352431264,-1.361989649805988,-3.088136581082843,0.48404490093784935
3.418488389695259,7.684833984574298,4.549045730883546,-2.9076061491484024,3.743201133036298,10.524409796874583,5.67728841169191,-5.089563463037726,-1.1298078052857126,0.24043091637113598
4.024246093116725,8.30839915639914,2.01660034828944,-2.855160964497649,2.8675759138671593,11.096953835260255,1.119211334352561,-6.27670248007057,0.18404860765202358,0.5976106813151721
4.699158213696733,8.354365631617314,-0.5651352497884761,-2.310983688248872,1.7254789536843755,11.441231565818008,-2.858268635858348,-5.0109317305929455,0.15649066780876975,1.267410745406075
5.346627779738186,7.676629084764807,-2.8479641829606583,-1.5893089412835466,0.6507127515877403,11.172628529384289,-4.844422740405474,-1.7578605251775123,-0.02284513968559193,1.5668017653631956
6.300460207110634,6.3210954365438985,-4.296426694108613,0.4358930724218491,1.0183029901289427,10.996629054009961,-4.654500214073208,1.4929847349192993,0.09515063705800515,1.976720905244494
6.917820730683876,4.264161966794789,-4.873777476445204,1.5723087836084202,2.036023190166587,10.709484765069432,-3.1606125426735447,3.7667168471453385,1.559143974640148,2.2257748012580407
7.177487411479235,1.7066418250486615,-5.101872636319825,2.02109672749791,3.751806699487964,9.921676556406087,-1.6337556253994823,5.127083467776608,3.018827197241547,3.1490672827036925
6.576263668527664,-0.6633053922383878,-4.455006131596207,1.5107222149906396,5.441412920973622,9.400645423287127,-0.8204059538626655,5.731116768034043,4.675734774724501,3.844236903825859
5.524551786498889,-2.4573036383750777,-3.321838599181799,0.32150698702135727,6.383926481488317,8.90921113879989,-0.2774267514038068,5.964498334109888,6.053198491508657,4.242608177766201
3.7793918087522282,-3.1983739090391583,-1.880079460619667,-0.40016292353241506,6.2411671491239025,8.934118271508433,0.011694483565253766,6.359902306181831,7.806675469064076,3.861375111337776
2.1165388429787213,-3.465024446772493,-0.9545890148825942,-0.5529464328596747,6.502797969067226,9.310417602116802,0.3674742392407867,6.523088278470738,8.565516066722456,2.7893634494039223
1.3771633091507096,-2.993349319903681,-0.12678847939633392,-0.20274839401747197,6.307054976231087,9.703415466844314,1.076437599163531,6.6432507958961855,9.105659638095071,1.0276965484721596
1.709616479300237,-2.4292712494473387,0.6469779301249997,0.2977939763549674,6.4756314060056885,9.922980520981062,1.394835709339258,6.6040788433867155,8.671487041692592,-0.7323067096741483
2.812260970982392,-1.4707797035114036,1.3042991551848362,1.4540392814697565,7.043096975727061,10.11507670782755,1.822556275138748,6.779991746677688,7.808641302699534,-1.9412108669948596
4.011181489675598,-0.2822137820075845,1.6261283752311306,2.569678186460923,8.140095036664855,10.196082931958804,1.6920945128009364,6.574551266087915,6.565591682038583,-2.508045045921139
5.104613070796524,1.3675105149622628,2.1837785940408185,3.7111282995912402,9.267155626423303,9.763281148334249,1.0140867184290967,6.500251491107741,5.611346968669922,-2.4740437149774928
5.586523468039313,2.802292204492915,2.3736732936939413,4.851790098407343,10.74893241225967,7.80838732914304,0.06312400044403609,6.536802945869683,4.527855026954006,-2.2157115531209826
6.005443801190985,4.640912370781507,2.826396013410619,5.959434856002708,11.712034620404406,4.7379809592753865,-1.169393473311505,6.6254019064723595,4.566541213658679,-1.5596060757608554
6.103341177065068,6.158889464419499,3.2211024053516715,7.125354063098642,11.311784992259408,0.4705654977254547,-1.2358947085134242,6.487628256928493,4.624795893261212,-1.441969403881958
6.129078199660298,7.613629515868889,4.026650071064527,7.838006309252157,9.503995891814508,-3.16165998444772,-0.2189561659359845,6.532505044153813,4.920505247491022,-0.7416882951094425
6.101702246678934,9.235313340380099,4.916125832161937,7.655850212628553,6.036271042609899,-5.824661809036724,0.29351921393653124,6.8961207955661274,4.804763796551003,-0.602377576273474
6.31413077284318,11.11450266911572,5.564262262555713,6.218699106533158,2.391304065000809,-6.22233321823353,0.014789615769708919,7.115472992488299,4.91620177693653,-0.18838608541513177
6.433505304517192,13.07139300832674,5.0164668524809155,3.7291760174072905,-0.1488635981160137,-5.63306999191183,-1.150475148684287,7.078863242536365,5.295782741508291,0.06257770498873869
6.826695737981766,13.760707054637187,2.6446420568535824,1.4308025496885426,-0.8091124169303064,-4.818527429801776,-2.6279499709758154,6.15856734603249,6.2506902186129905,0.7540062225663813
7.40805923324817,13.242678865816965,-1.2079950054961262,1.5191005314530004,-0.41232803037851984,-4.127830658780077,-3.429739556101139,4.593176491232836,7.6784980168454045,1.8498270932953207
8.123212231716721,11.065755143727861,-3.9157906845062347,3.690847553423022,-0.027919773713324186,-3.025750922161249,-3.431943744389059,2.748342061908641,8.940768588026371,3.76027499519745
7.953723677270222,7.089163509087015,-5.0540348906479915,5.899782378816797,1.023041592646937,-2.8230605909436277,-2.9941680184415906,1.0908468659797037,9.701440016653146,6.998736423234391
5.819028342611562,2.743072005801741,-4.23966287028924,6.657277253576393,1.805095112489648,-2.745026748059727,-2.0758345630764468,0.013236973467140659,10.046718976723227,10.336414017696969
1.2021836346376058,-0.02709609657886053,-3.7254864858884815,6.728980736503106,2.7814039057566537,-3.0116359525550185,-1.3305465044113056,-0.6472976664792419,10.037826881917466,12.22427921186453
-3.6924970113099587,1.8605583111035835,-2.55669334832319,6.555358513245338,2.997594779752765,-3.5989597748735673,-0.2664772461703878,-0.44213858494280367,9.427893366030592,11.749846922175822
-6.027087676414547,5.172075206932144,-0.18249280333973714,6.63873294389222,2.580843164800932,-3.65675895569366,0.9532804660225913,0.14687487451538084,9.451950960419246,9.23245953752732
-6.710429187087246,7.200723659933544,4.486666224837787,6.161660945940912,1.2007978036686424,-3.5788194549894357,1.6248769804078445,1.5855685824107484,9.806794041434292,5.731621475496216
-6.236475381975385,6.111270175778861,9.047885968336008,4.178899791483673,-0.95430812327423,-2.758354860154178,1.5788346597187668,3.0414454521935217,9.84433607264964,1.758995542114095
-5.449860502854766,3.4430830167696325,10.720387619285841,1.1391157979677125,-2.1097985216469803,-2.171043448283752,1.3179678742452419,4.152077778563824,9.616148004422588,-2.54874937393356
-2.744956012859383,0.41259599098953853,11.2394001986234,-0.3392389857749513,-1.7110425529052196,-1.6988129317838376,1.1379103413102272,5.129835379982987,8.51880249052969,-5.954502529484085
0.24735960515691208,-0.3401290740200257,11.370882508272146,-0.2779454891427192,-0.7315995438348544,-1.2400066645242096,1.1397595159771867,5.878991104273969,6.386432492987671,-7.6594663419570646
2.3930211359625213,1.6558368314456664,11.182671662908882,-0.2580610956234616,-0.11225804683859997,-0.7477286902900541,1.0959359219591422,6.193669860394591,3.7368278619539037,-7.960946643560291
2.448161429534357,4.399661776815034,10.56882604361563,-1.2746144895898825,0.9091636064173976,-0.13721700667850475,1.3657529871366751,6.773064167311122,1.1257292249870485,-7.489772812271847
1.0000577783849092,6.47558597586148,9.461320582594283,-2.634165184235987,2.266285347143595,0.6886818532964333,1.953683221017719,6.860258561470729,-1.2382867504753419,-6.603855890704273
-1.071346455114864,6.291060453308218,8.536821981382635,-3.4155178834762325,3.8069029217516155,2.0419841894361284,2.3481066205750256,6.641363737749991,-3.564862300051288,-4.930034532424185
-2.4627904658437787,5.496744104010316,8.070938739783472,-3.4751096485697044,4.9123710011459165,3.7763596101452306,3.2895053419079177,5.646182148088968,-4.927982764824467,-2.5253254147687008
-2.459780447833176,4.577291853508347,8.124774758617948,-2.6911466370692843,5.7967631164571625,5.855190100124278,3.2786249459674925,4.201150775726779,-5.297482207694261,-0.019512667383912205
-1.3612144097890717,4.056636214449754,8.105078074399938,-1.3824880288328523,6.179334414164063,7.486083337585043,2.7868417176307605,2.774269386857971,-4.801939775058373,1.7736551265518192
0.19107441837666536,4.051597375186754,8.286138679788928,0.06617445731819258,6.442576178900766,8.531602058604319,1.7245569210437113,1.7253397221911728,-4.0975957381092565,2.987995560315111
1.9287054517549276,4.811106710941537,8.275392914966892,1.2254910287569802,6.544102949459859,8.568605220795853,-0.13214749977541704,1.666302548402679,-3.5026107635444728,3.3396074301388365
3.736740307956619,5.596966310328189,8.086825867285976,2.5476501420305104,6.638447996731917,7.955480705320064,-1.3890295943310194,2.5412912492982054,-2.4542199796335895,3.6498483156148414
5.572904425442979,6.714861594211336,7.7731909004474256,2.846251915134777,6.614533038691234,6.262394436081967,-2.075238456080066,3.7748089881173263,-0.9200264188599315,3.824837718824943
6.931144485651407,7.999846000012125,6.685861835072554,2.968085593194391,6.700131302905977,4.66826074304065,-2.3678947221008784,4.548925697872319,0.736454995945847,4.0897525992996195
8.522355649787528,8.662858690136176,4.820626511890076,2.9116533488096468,6.540302624363957,3.3112104146221095,-1.9485650896343094,5.09871028751654,2.850029869674488,4.835197266653099
9.603762357147193,7.919361402700482,2.5948901036704273,2.9958715041254766,6.684092416494701,2.0893778019513443,-1.4541900035961839,5.099417820755097,5.280722176461575,5.748490300401457
9.95639886607601,5.818801366088548,0.5935915766613981,3.315261175109145,6.834585842610787,1.0028947043016445,-1.2832649534308769,5.05118263777069,7.378164176682172,7.309891045666205
8.159759007746743,2.229350022318236,-0.2594957302436926,3.6413955757672705,6.880846920350024,0.10467998065217186,-0.5625827638376896,4.885345686084209,9.750575869671923,9.271539450436585
3.328735744843934,-0.27449419988686896,0.33417435433114956,3.795534228540863,6.925602369541173,-0.9174977388405156,-0.07983653724579497,5.093310044719559,12.133963141577507,9.781348454113079
-2.0595052507884732,0.0021810226084429812,0.7826493075976113,4.316181675519689,6.889107074227252,-1.7477549453038124,0.6595117938194106,5.439884888086121,14.154989438967522,6.778723089448708
-3.8491630032473743,0.7355161169809294,1.4062607541345236,4.847768572944451,6.289718551151794,-2.411813603390706,0.9042867894945172,6.0783053276966665,14.763899423112136,0.37879275547903946
-1.614304727436034,0.6677321223815684,2.0182113019564984,5.6595705750113,5.47410604940315,-2.833862454254531,1.3717892961187836,7.42226865234773,13.09283780805767,-6.040013994994706
2.925215538146822,1.6048719801457134,2.729480802627809,6.2064735651371,3.859074656853078,-3.109488764162736,1.2407560985458543,8.39974401986798,9.224791566287802,-8.99712949319086
5.44512593143083,4.865222598626393,3.2561661907688753,6.358287908620311,2.220996981129746,-3.6097205053746433,0.9609677060736006,8.983561482331487,4.853936242486947,-9.790200526769754
3.6912193051939375,8.079826320643503,4.058488754069241,5.77041304608686,0.54749902541923,-3.335168816564842,-0.028188511839081012,9.374746666207871,0.7125737466675943,-9.191505533698379
-0.30912111865454417,9.448910639032917,5.697386625183608,3.783578127423038,-0.8360591110815455,-2.5959578421961496,-1.097323972390057,9.135579032078287,-2.573789730432305,-7.874120470574288
-3.9575351940605823,8.061344228012196,8.011705143995089,0.7817111350697544,-1.3027030168847866,-1.8368430414090788,-1.4767815909408368,9.466088180820057,-4.324643784150276,-5.0216212278359675
-4.986739928565503,5.643887511285121,8.95788641027273,-2.068321670870758,-0.3720786758494883,-1.1811703786426504,-1.484213511355605,9.785548140828995,-4.411390884548407,-1.4120794692426033
-3.9134832795266368,3.676728239186531,9.589126935406377,-3.3452979375555327,1.5508681906659183,-0.5869216074365176,-1.6575319984142411,9.82320915765066,-2.624005605046547,1.9447926738915235
-2.6719149841241783,2.9729354836427193,9.853453760930517,-2.8086730557492565,3.4875492528811485,0.27304981788443833,-0.8782173990177881,10.08050580699491,-0.2072420458220743,3.2019103584778006
-1.752489741554948,2.5577502200510804,9.753693025811668,-1.555208657158149,4.740085202712305,0.8816381248853195,-0.4048396901490978,9.889357895538554,2.3384235144061867,2.7897486358577956
-1.2520398946685434,2.331612544091644,9.658893726657675,0.29014132236583295,5.376742167306909,1.5351053691937075,0.47345653774567464,9.851269734407433,3.715756507530374,1.3088965163854642
-0.6695143420521096,2.306151304757306,10.009358085828291,2.311211234379087,5.025586020893505,1.8892534020205332,1.4233873368811711,10.18145994882071,3.7558768032437797,-0.3479500300014516
-0.20620676533230375,2.3097910269097324,10.4230521401878,3.759113219884067,4.038002312613232,1.9416293840840573,2.097113763196393,10.220612722151055,2.829727837811357,-1.643962102243294
-0.04951472049162001,2.825576230366769,10.930722415770612,4.566080426295548,2.590377468320728,1.9712961544819638,3.5098934396817243,10.396093078497826,0.8974851184533631,-1.8130598213862008
0.5933170440563841,3.330205746588174,11.480952417919822,4.20953644289933,1.0644123503319138,2.5499991512317286,4.563827857383553,9.420802806577251,-1.387090790973583,-1.109357052060676
0.5944985264671844,3.9915704694606626,12.022892532220773,2.4558951063601446,-0.07109674316862424,2.9131444390300136,6.137973804445013,8.068530160892221,-3.5155044708264604,0.5396242192545253
1.6975753636812856,4.874601796551762,11.779694863969787,0.1469138804575717,-0.011078956674793389,3.126635488276348,7.43009514175478,6.025468568290525,-4.501638750843617,1.9224790617513072
3.552520827067102,6.2270872376830795,10.73955010888685,-2.274961251059959,0.7916799994160392,3.58905073672497,8.10130926559921,3.1609181279256946,-5.12156392213657,2.818080887846804
5.447646614024536,7.841507239838431,8.0376579205905,-4.211826199090179,2.024197276483488,4.740770201097916,8.241624415623857,-0.23685982397343458,-4.606992989518322,2.536113980731646
7.053035603993444,9.134810528135805,3.2955932259383562,-5.495655177005212,2.432718092224609,6.271205558997323,7.203959911058804,-3.493087348649861,-3.427421801368326,1.2910124753275778
7.3399296496222535,9.2823327290738,-1.7911369028480346,-4.722718223636277,1.0832074730131247,7.871003872706013,5.057418787263368,-5.738467700251027,-1.6663564059486178,0.4861712156823114
7.782638359997159,7.828312410744564,-6.056151373580104,-2.129147017854529,-0.6727597130647262,7.941164017220544,2.7657130344826926,-6.505890674957792,-0.009824075137890784,0.24418834398937886
7.9410220434908965,4.760969170739062,-7.851921520947759,0.7011995237276023,-0.8842138151009131,7.926944245302711,1.0134481457275557,-6.293613755143676,0.8591436940586701,1.1551741958262038
