T0,T1,T2,T3,T4,T5,T6,T7,T8,T9
-4.574802311496049,-1.2685402115763342,2.114499951290264,6.871340559850656,8.638447750811109,5.504243540873773,-3.1756316905596274,3.771480652010284,8.341212448342866,4.23024242809278
-4.7752558796569575,-0.6587797535153298,1.9326973264879557,8.019521745944502,9.262512728565829,0.7170144131119747,-3.49195329490328,2.9240078934573286,9.597656477134892,0.8039205409384037
-3.798420347016634,-0.7630468274367541,1.8563549336850926,9.035112135225386,7.777334884490683,-3.741390442394179,-2.3975755273800687,1.54364989610082,10.007146563465689,-1.8774029392722218
-1.7440794791557734,-0.5769688269502692,1.8550124236613839,9.758838916513708,4.638623876714591,-6.3434785882985345,-0.4639580087736653,1.0268615645751307,9.802089104146711,-3.373207548126657
0.7267982060108846,-0.4952223095331584,2.0255714349585396,10.048467912540643,0.5394393441440513,-6.800571623688409,0.5512601563946755,1.4633330918537943,9.555189926691535,-3.3774879490835263
2.678689708621021,0.573162152083952,2.4843507131394653,9.952343435601945,-3.053535599239144,-5.229113853061213,0.08792038010402564,2.260787492376528,9.491092246574429,-3.0702009425303647
3.8744354535806766,1.9041558715449238,3.217299931576138,9.098044117116679,-5.642255897042018,-2.5581708489870496,-0.856144029235445,2.1313151408914193,9.197778647121037,-1.5811282514325422
4.577419686970202,3.193933115164903,3.9631880913364266,7.418169024209284,-6.636359012581061,0.9375271415745833,-0.5514395428541107,2.2663741685634755,9.356098672947228,-0.2788405512961631
4.657582223872194,4.519859851875632,4.746744477975086,5.546755154171645,-6.509486719141732,3.6381523537463614,1.0213534888225893,2.544700746480552,9.239604495351967,1.1285377348177554
4.528810235364234,5.3097070242664985,4.773268102607378,3.2362808479720018,-5.761376927971208,4.482174720684599,3.4789280893255365,3.5419121234571302,9.221050853331311,2.3128267973290852
4.326919925925791,5.95066768583788,4.386039882822727,0.9154970655742947,-4.897031384729452,4.12234237308625,5.760807072069437,4.90904571537505,8.956155188345246,2.9504624576715606
4.153799415837688,6.2982708938640375,3.34244855888406,-0.6136501776489357,-4.439010043190117,2.5839931162285987,7.547368729689434,6.578077729699009,7.9934375734188805,2.5913255420617216
4.49932655402754,6.731452345114999,1.786789393495784,-1.5146520835592416,-3.7273435609285666,1.3262938340218573,9.053518043358581,8.800956361993785,5.685034343244992,2.073285498043654
5.061178342607188,6.789274142958057,0.21169498782145135,-1.5825555143841077,-2.879433981880201,0.0709808661782525,9.621405530628088,10.47165457032343,2.2855049685331825,1.4052466547162181
5.698023366156002,6.353720142562958,-1.3585226083009192,-0.7061101700736134,-2.225179239800576,-0.697166118075486,9.178959944433547,10.689721251048216,-1.5607280886042663,1.788645799052169
7.002363058227776,5.117889949747813,-2.4316972878181535,0.646325974937198,-1.6300706227041368,-0.8092353710962017,8.690033265719425,9.797557839801872,-4.402294255562801,2.5760550581910437
8.448703752169653,3.0655143657650172,-3.3709344293538517,1.87864381817417,-0.9375670270897903,-1.2054779537789742,8.379500964000957,8.084127289785584,-6.145230898670681,3.369269797311366
9.950447138540719,0.5401890692229077,-3.287312484471016,2.782651332761808,-0.15470014702874005,-0.6482021110615321,8.096078795125546,5.884588409743081,-6.829294656328767,2.827519866492882
10.775718434336566,-1.694723544395656,-2.4626908811903676,2.871449834438921,0.6651951704402627,-0.303798509649591,8.092317359963491,3.1770441943502443,-7.556325608410468,1.2158442158372722
10.54447767113731,-1.790235359122147,-1.0917772769897487,3.149824980358489,1.3774208871356892,0.6961589885057946,8.013659065732833,0.6334222370425182,-7.158715777861998,-1.460492180352562
9.918327366853356,-0.02233097866227889,-0.2978483576118851,3.357264492813874,2.285550755666212,1.6228346707556793,8.150375983282567,-2.2040471180533383,-6.037312611350504,-4.359332627844708
7.98376510461148,2.949078974967813,-0.013173799177204036,3.603896545178428,2.6103951781432064,2.6607542809461675,7.537494026732308,-4.2531573684449,-3.0869053528332855,-6.630374064281446
6.318994244847755,5.517807143869701,-0.14155450468213426,4.110957122851787,3.915621234956421,3.370373975586881,6.683421560818667,-4.778843738787353,0.7648294290890554,-6.432770804615664
5.53940205626795,7.252966415598364,-0.22467852379571607,4.31561261097759,4.913183573434951,4.4038306251263535,4.878251039717404,-4.651596707495728,4.058560018039117,-4.250266302645802
5.052729512363806,7.953929490762458,-0.026789303277075925,4.685176446379023,6.072232951918913,4.399551681222798,3.3255144835186576,-3.846472143247246,5.324541096835814,-1.5458365447810962
5.411043324947068,8.106895259570813,0.05890016386374941,4.880135380774123,7.229135080629141,3.9153740371132786,1.621704549193886,-2.9748315689713314,6.154067968769281,1.5583096329073363
6.0125728313115365,7.519294132561313,0.5805329101345722,5.045068474117579,8.063357089467571,2.644184669642337,0.4113164229048,-2.1543804747964126,6.073724857583328,4.361093719288665
6.19136146974923,6.137025865420294,0.7691442852880003,5.387027319623711,8.423292987164148,0.7988921444367459,0.07687635097572575,-1.6242567476147503,5.884069526061626,7.236200534433303
6.358403263925125,3.937674566136314,0.8741860574582841,5.653239812358306,8.414182269800262,-1.0046475899297402,0.4452252408919052,-0.8834113432527795,5.36421896204422,9.170857058397333
5.008005226595318,1.6202991368809716,1.2563069023985656,6.175399510828156,7.647556427608309,-2.3713825119207206,1.4438306454838519,-0.1353341463942469,5.403363071152327,10.964161028792162
2.5579061748616883,0.006169450391935616,1.7836593611189369,6.792310928708791,6.32768890641637,-3.2062829475567454,2.6855403343670106,1.4252069427879717,5.883347841882558,11.857915559514563
-0.7930652112957358,0.31046689510833764,2.212213355788981,7.554091925451069,4.680073132476761,-3.643657461284024,3.6292014347934454,3.4233227041989434,7.357014621650426,11.325334538576262
-3.8290894330419887,1.5249372880341188,3.03137218673542,7.989578504445694,2.5178067792279797,-3.6217238448812656,3.7303232123993086,5.866719793661365,8.628010665756054,8.593881738689046
-5.287670187857517,2.420062530487022,4.678256348710047,7.810726902756375,0.28097262141347507,-3.143663694067815,3.315866141044433,8.373065463676747,9.616909090890516,3.370127476940378
-4.330684038596727,1.594198343085584,6.027381544496202,7.232313059052395,-2.3683377574881113,-2.337781708068956,2.0975794874483986,9.928797137967418,8.447148266238317,-2.616436000596801
-2.4927704365773895,0.042516044542309964,6.870928982620589,6.022323186397114,-4.243872202750209,-0.8261205352914156,1.4472047521483593,10.849245609993444,4.861232532249987,-6.931211167040252
-0.5543855768297017,-0.4483614188435133,6.856639059410487,4.680592692000356,-5.435116370302195,0.5452165085252666,1.6965064307137137,10.785094520111572,0.6360386753400744,-7.5845056051888315
-0.7701443509668638,-0.1816087379047534,6.9232510366468105,3.0569988514634026,-5.776419760005972,1.54864336483602,3.183500028440123,10.498188201261538,-3.7379715901454484,-5.892308310823123
-1.1149516553168608,0.0028350242141743087,7.054528073805631,1.4537011447903763,-5.634715080786193,1.3440153910711246,4.4669826543823445,9.157446641344338,-6.966576045057647,-2.121102943035285
-0.48480069577035234,-0.04494667726165646,7.107798518554025,0.06268451532041282,-5.103041521935405,0.691726050860199,5.523544791401124,6.86060917949051,-8.133493678189485,1.6578142702961036
1.3035471783793082,0.5282312862187452,7.252652635824964,-1.071139723149603,-4.145830023592459,-0.27197265774958485,5.803852902785199,4.760556575255872,-7.959626134993968,4.439272063317995
3.7468130157382817,1.4424313668857764,7.144144984953847,-2.326172883094334,-2.7167823631426984,-1.0973474044468112,5.964636488719957,2.9842826815975245,-7.434129403936307,5.2008595744695665
6.3772250470629315,2.1815551113454608,6.706786907296308,-2.7936351950138674,-1.1985469910677047,-1.3148681340818398,5.595173585422472,1.7950936063942993,-6.591072593903094,4.373123538909351
8.18062398664778,3.3975991997666446,5.300862008452179,-3.2283485526962594,0.6096065992770633,-0.8473004091117582,5.864385715013858,0.677370607316536,-5.7765657109163575,2.8033979725111937
9.083118351250217,4.87620431774071,3.115773945691741,-3.2111482666230207,1.7437342141310357,0.13682667994083647,6.277160222267551,-0.27240096647736417,-5.269838028770241,0.8296347928812994
9.235671683283288,5.9186727763630165,0.21529212768724054,-2.8373692703494378,2.1086249366500387,1.6334860651426582,6.145018782479444,-1.2806731669314282,-4.012325076397781,-0.7808352302113477
8.628363554221002,6.371722084775084,-2.694821816360734,-1.8774740122808884,2.11991545269552,2.8917826619176528,5.777647390835651,-2.648558872932101,-2.747887582490082,-2.188228034517247
7.624468016760427,5.869280377981361,-4.717754632893795,-0.643816744773834,2.1703936461560525,3.9612242988666915,5.324998972868874,-3.408284916735885,-0.9681572389876072,-2.3768331990985794
7.173001170415034,5.131197185053877,-6.102180248367702,0.5731354211079063,2.581338174743491,4.802789054698369,4.151990656375637,-3.630425188442671,0.763168721341484,-1.8251361931533985
7.046495452821755,3.3244111148193483,-6.27732221772376,1.538542032169213,3.881886364989362,5.25124897454615,2.802709321877444,-3.7526761556121775,2.1274138542429544,-0.41700002463828645
7.307693803511278,1.4593652215540898,-6.173657799497549,1.3545788341737928,4.830773404380072,5.634920278793886,1.0553858029823557,-3.321898854045922,2.99842923431199,1.3309301292345612
6.904638522300333,-1.1368699093456371,-5.724767840494259,0.29259267743848083,5.684988069632458,5.725844273505491,-0.6746445522913934,-2.711809609925589,2.759490373340571,3.068333959360894
6.0166230903062905,-3.556947621880547,-4.025478531295862,-0.8743481544865264,5.651084855271636,5.538195757084109,-2.4109082054125053,-1.7349013486662086,2.711542163196708,4.820997784657924
4.515437209801006,-4.860854817848917,-1.8252983790386175,-1.973495559082336,5.370420225765558,5.352689524307695,-3.6483645174726664,-0.6546647863634517,2.384086663675228,5.7373896975408964
2.467086224727064,-5.449099632958048,0.16761199407483546,-1.6040412126491492,4.935325250190141,5.017241875991611,-4.330727245308613,0.27607730919055523,2.62390100524417,6.398230615240747
0.18486439344527594,-5.091449808592523,1.3792748839583213,-0.7795380067287179,4.792810463871585,4.261594771498542,-4.6039649390818,1.1603742201405327,3.31418924727612,6.575869801184677
-2.0629337264015044,-4.130366435551046,1.4907499633339818,0.49689057651967505,5.070430441423781,3.7329189713168236,-4.512330348799559,1.5913844138710387,4.512755455758382,6.469766292769228
-4.083973869998202,-2.6635165491856676,1.060922867618761,1.4452419789572086,5.258376799957143,2.4839109903448495,-4.454568848050753,1.6659383951742557,5.524647772018835,5.457752945513949
-5.136947778931156,-1.337263977829023,1.028083417612987,2.2772707864011794,5.745152712748159,1.3730162333606697,-4.0130149833213915,1.1534324256187574,6.496833253857751,3.6623173854182762
-5.335097731733916,-0.12204740856683174,1.2885098526000467,3.1476542475564218,6.036807779986521,-0.07192564771283941,-3.6269358958194764,0.443924919820648,6.924745102888895,2.1441757491744777
-5.000244881500629,0.29860938737201026,1.7075050177976367,3.653310065553839,5.7269100581867916,-1.3243623068557022,-2.7699581016679473,-0.4956833825763025,6.984781665274099,0.6750187775225456
-4.649941219376894,0.07658458574493232,2.2064225833943314,4.674762285891105,5.145720339835052,-2.608766811889269,-1.4354807847601663,-0.732055401538,7.0606466733761515,-0.20512670064641955
-3.6230014915002915,0.1934894055315114,2.7917774036394225,5.463866393933802,3.9176941451115277,-3.1698650216851676,-0.17299687554783708,-0.42137381036301336,7.160262923711517,-1.062356449106656
-2.322466859329927,-0.0278428002259417,2.970595623664637,6.042153898097998,2.4906464318270483,-3.4114989267098377,0.9643727256418231,0.18472649344698056,7.562091499901219,-1.714292207475073
-1.1765678576299574,0.18226252101274787,3.343886808227156,6.3432737890421835,0.8985720946950875,-3.343711434637817,1.4677194669523224,1.4352356716478896,7.295616627031328,-1.7003158151434221
0.07723392647657329,0.4178584274931866,3.771607730719667,6.577294402606225,-0.6254905771122677,-2.632119092471526,1.7135493141388112,2.4888799788716423,7.356752188742624,-2.131823069319006
1.0322558764627017,1.0193975286583008,4.23569728861134,6.336520877271115,-2.2056418881401108,-1.481686348684472,1.483438277918805,3.475754071755532,6.801060053975002,-2.352868592322319
2.1560819978363757,2.1839658248350706,4.707246951740736,5.658889169962519,-3.2164511456441245,-0.4784174717375915,1.6717404196472392,4.6187697002425185,6.129952339921818,-2.5957724871574865
2.9699160943454137,3.6489935388743096,5.465564058223989,4.011127807309057,-3.6026952746783927,0.6342451932632369,2.2434266058059587,5.387009991443774,5.160445793685652,-2.744447888287348
3.3515388164874644,4.852025861336342,5.656746665712277,2.2049352120109056,-3.8979363542161365,1.1219101456976452,2.9329805375278775,5.9770610125746,4.104941164645594,-2.491627024679569
3.318414896669517,6.628642526935732,5.18526079674514,0.20276633872071803,-3.4173427444880384,1.1359020639314659,3.7691658425371193,6.560902319708658,2.545272509827163,-2.1561725234369007
2.9807071337545725,7.8589213749312705,4.0733390935982925,-1.6591956304170445,-2.680841246061829,0.9823068433842459,4.621721841132561,7.066705827151878,0.780539291400131,-2.0427998913905143
2.7306022695183882,8.796972758083804,2.1187095659996746,-2.8024220501244277,-1.7199297826260145,0.3513574035795708,5.37849602242239,6.896881862946992,-1.3223552737343907,-1.360574531886862
2.5629208068428486,9.024758659370562,0.3152717529178773,-2.736669816795827,-1.1003591145494513,0.5777310527909985,5.522667646477074,6.218619619006997,-2.51237593942859,-0.46613239346698354
2.7903006836538804,8.867039943464896,-1.4645067963797835,-1.6375932888140052,-0.5922764277473654,0.5238409500303817,5.836673142551756,5.531733714456202,-3.6259066547548264,0.4184226008068588
3.8759153006404303,8.478552330384327,-2.701015384548451,-0.13937960404431152,-0.2110177672816001,0.8186830914400095,6.295076443368993,4.337264064428921,-4.174148680387024,1.174905583271876
5.0960852000331185,7.485604745233528,-3.5682310252707077,1.5678510347220873,0.48819097367156916,1.3344533102198168,6.814513280784347,2.9842142106328264,-4.490733541874605,1.6820431740971775
6.089898521436655,6.314732391189508,-3.923815057318731,3.321352034582554,1.5431057105060946,1.9486758820730639,6.9317438699407266,1.2372105194727567,-4.339516696475404,1.120150009518672
6.480315947649453,4.824634350409522,-4.079832635274588,4.102916214485145,3.2667555662336776,2.57710749784388,6.851897372706999,-0.66768961119305,-3.624908215664599,0.4570444801231982
6.875513858274985,3.6539379798981084,-4.064012375987646,4.563427320798596,4.911589869636934,3.42241130728787,6.145978393345381,-2.163734816491017,-2.378005702995403,-0.4280550795984661
6.719875038139254,3.12496446924985,-3.4510317142747207,4.300203034073237,6.826275578438776,4.125658333975442,4.768965245100634,-2.868852033638294,-1.2436519919014295,-0.6241616284296646
6.843302382458608,2.402407326563884,-3.263863743719158,3.8053345324346455,8.457501860937207,4.540538495731361,2.913328469561336,-3.3237018024998606,0.08364598216702313,-0.4283002458802015
7.003365608566217,1.828608228261805,-3.063724903906337,2.9059300559632524,9.784454480900045,4.063438710292312,0.6795870484663917,-3.0094592568348144,0.9551289857901282,0.3305957466564114
7.278488313147889,0.9044510765366477,-2.684192115068561,2.117533145862907,10.436304579746329,2.8126845059713603,-1.0719227411626675,-2.2681878700176945,1.2113330972215435,1.1651725877180739
7.3087854370877885,-0.26687596751864084,-2.213860339549745,1.1929810036886932,10.904083189270509,1.5268633760461694,-1.861760792552976,-1.5090734878841991,1.3988832096402972,2.1168655677609767
7.075365763107884,-1.2256168056374521,-1.3707909500723774,0.6588397552260361,10.909641044217187,0.43047300333195465,-1.8160037978905073,-1.0932717931766145,1.4048028503580041,3.0004980869177205
6.726133885358741,-2.0769528597949867,-0.41038115555855537,0.33670560684948486,10.888169801676083,-0.38016741198339643,-1.4897190737024129,-0.6120737962035869,1.6410720410909334,4.102126602494488
5.905759831837065,-2.968653675515368,0.9611855628203685,1.2636379746594733,10.744251633841959,-0.47877539949871295,-0.5595234525092326,-0.29048074737007296,1.913297671164808,5.104593819388317
4.610514613517632,-3.2878216689279047,1.8193532624132964,2.5230888201451274,10.64028825393964,-1.0836446780790827,0.4973336202596353,0.557297056265007,2.4067589506738267,5.703256552311528
3.294347058308831,-3.350255655677721,2.404718557942703,4.402074016341518,9.893389621329558,-1.6722199419849222,1.4139990648783956,1.1199547436048818,2.8373194399575943,6.205112151421148
1.4414810002155682,-3.0701428978667678,2.3797242531835154,5.895930494090215,8.834894541061598,-2.715220888758822,2.77037895473437,1.9181163468346953,3.321497121142108,6.728146386830724
-0.3013372327335091,-2.6386304965443936,1.7801339957339792,7.315458463232717,7.148000389872458,-3.389141152522738,3.9879903168631214,3.454615257549205,4.2644011133766835,6.3130581614166275
-1.7718508333352045,-1.8674681342999628,1.1522920003702188,7.99892001605068,5.4733602886067745,-3.7345554930319778,4.584066372339076,5.481235855745786,4.67588507686361,5.464617694866447
-2.553108550109805,-1.0101655593624848,0.9613015756525677,8.509818928517266,3.5633592045751095,-3.8651379666493955,4.303438569851126,7.765359319856925,4.7922839325634445,3.433597256162687
-2.70957160885225,-0.21234276857933065,1.0873342755894622,8.69324414123566,1.9843241561648608,-3.887816011949894,3.528635466406956,9.648569890962648,4.634097367971168,1.128058265089892
-1.815041551068496,0.06574134761557704,1.4446921004325453,8.985821529310138,0.21006010433943423,-3.4028486164027165,2.2863340249047925,10.888549971631496,3.2906853610288067,-1.1013512616837973
-1.1304584176024386,0.3267468670107883,2.03641297654343,8.907070149031593,-1.335206093878365,-2.4515492451524343,0.9223228842688023,11.290401319299061,1.9187700866209354,-1.9934051821422516
-0.7420496352647905,0.6940912871712014,2.640520363833273,8.622981928681428,-2.5899638483669873,-0.9947016783123589,0.2934167624621146,11.08176843789334,1.0249058481612752,-2.1682459565145513
-0.054959176072873595,0.9899719095222657,3.3022092861363532,7.979049461594607,-3.459859950744736,0.555625025696512,0.4001572710195978,11.073313023903658,0.23883432372953606,-1.9389696151317322
0.24034845661841459,1.681762016604896,4.256396251553096,7.141405560160119,-3.654433083986907,2.1763042338635437,1.9780595824871823,10.902379299920504,-0.9418197719747903,-1.326496822472857
0.7931693683554364,1.981462249208429,4.987660677763164,6.097464303693998,-3.492555634685554,3.1421070846934542,4.273018390535124,10.242249322113011,-2.00819228004021,0.04064808735850134
1.2902760708074965,2.795279730408463,5.81018856016558,4.933208578746403,-3.550578027315499,3.609466652977878,6.672109392957166,8.46684841854198,-3.7270354733237805,1.7280673833501619
2.6000495137882624,3.330835105139735,6.12444302010985,3.231605226414173,-3.2485002002453163,3.30658568600549,8.796413127587023,5.526409158640347,-4.785773537131465,3.3367315129530715
4.642062914926083,4.243915020305236,6.12212100519039,1.266401433530147,-2.9872609425969583,2.543635295558921,9.563616795348747,2.4535963195276342,-5.222535859699651,3.605865375101919
6.4815909044732605,5.137859031371209,5.256946574348824,-0.16225363056310801,-2.4489846681531806,1.7207824348062606,9.981845946013125,-0.8917252882804916,-4.442755757134983,2.9721662279367695
7.6747056972455745,6.144356774921232,3.3285131040202884,-1.4813905928738893,-1.7496610803148707,0.8778096687802316,9.981961043110758,-2.8538322952354687,-3.14291530400198,1.4304290465624714
8.084000361294136,6.5870607229508735,0.4833169102008651,-1.7088441249192856,-1.2977642909494262,0.4815936111279826,10.150187243894145,-3.5870691954150695,-1.171687423966387,0.6867737829505771
8.302780395239207,6.282045493290233,-2.0817850969314917,-0.9119970056922513,-0.6569476440612491,0.5062059560180266,9.890625085972436,-2.9844958810895394,1.0034134800598333,0.9885033213137903
8.888797496346225,4.478653311805936,-3.9150213448069473,0.7175704715904863,-0.23929876087372848,0.9634628442172999,9.884699346997955,-2.1879812929374642,2.5347467444341234,2.6259626494585597
8.829398164176226,1.4212073147557172,-4.3157495876903695,1.5623964232851646,0.6954747762984633,1.4562893254082432,9.81752338668992,-0.6817547069957313,3.2120254890413427,4.366170049745358
7.976960108619655,-1.9149238680065153,-3.389035513698107,1.6058489907062352,1.6962246640372673,2.298172415835022,9.579829997141193,0.8201002502875364,3.3841137165276964,5.963873804026893
5.663818471447527,-4.484389841964244,-1.8116974817355773,1.3496556311662458,2.4313893786608114,3.5043427494182073,9.539429750462478,1.4347367930497459,3.922113585886859,7.236838491130366
2.7676584701047235,-5.636286856684501,-0.5519227753302313,1.5689433638022008,3.143399818107281,5.0081171420826385,9.393306013528376,1.7806027939887439,3.7815490203100404,7.867815871400002
-0.631756534020909,-5.113264074230053,-0.33703454527303034,1.4146717295533175,4.064525613215493,6.578569515558568,8.928861489163832,1.382181994983157,3.8821872969079187,7.793376827638418
-3.3794129482922566,-3.7312890811742587,-0.5997486298101831,1.6331853975092099,4.892407426736639,8.213235219020014,7.692144427456849,0.6949895938674212,4.507324707510762,7.213845516295007
-4.947920145744925,-1.5471448246850643,-0.717321899550789,1.840700696489388,6.19282746191675,9.49648679025407,5.2113950235051725,-0.43085215257325815,4.545317263551054,6.55280643743353
-5.811574381666392,0.9305706967037075,-0.18986973548091488,2.0548908979748237,7.402595232331612,9.981634600320692,2.0157390778636333,-0.9051074116622071,4.857420212360983,5.618647443091226
-5.853593578022877,2.6655687913395947,0.8740917459120541,2.6224656295476185,8.495627773321488,9.22366414139933,-1.9933947622969246,-0.5177668677267149,4.862530428546793,4.692070787101615
-5.144849642637728,3.545119978032,2.7946505899660856,3.325827328379458,9.351064144425157,6.548533430949518,-4.723414499145386,0.6562344429249849,5.246988967380974,3.5530620790342002
-4.757605782864613,3.928719393912955,4.717282136009382,4.810829894621621,9.513990995764532,2.2545690700178582,-5.769993884866948,0.6664334307587156,5.745622874309391,2.1886941665907904
-4.071351277681697,3.0454012385314413,6.846202994281479,6.392620101208293,7.868006514832951,-2.374004439622077,-5.183571737541216,-0.451734561730324,6.025022102051204,1.1611448607398929
-3.702236919285026,2.2936017558075172,8.597903764244782,8.03830967721472,3.6309868861386896,-5.107947758118779,-3.050765335564926,-1.8861360000448004,5.970250133104812,0.806395901153866
-3.172579020312634,1.2764741197560099,9.542892926403551,7.683894928240823,-1.3422921581997753,-4.855400020064042,-1.6380400568054745,-2.459020321405308,5.8365208724750905,0.7957482885136562
-2.7288983877389317,0.34729066347542303,9.890293267638805,5.7911581234865,-5.277518837268119,-2.991283758539406,-0.8930828560390489,-2.309617277321173,5.815658586584253,1.1336297585253723
-2.453732620036675,-0.3627779383205146,10.181729866280843,2.7059223793483382,-7.149051781933933,-0.6099426443071798,-1.0595337328854004,-2.0489336370756535,5.54263776029573,1.3917423489872036
-2.4925346164477493,-0.5951388572712367,9.853364955635968,-0.44163272751174626,-6.83999880703418,0.597280821412172,-0.415359180633578,-1.7028743901248102,5.8852596332647105,1.9679781668106506
-2.47132888588482,-1.0506372020974013,9.865408379057188,-2.0826930664047296,-5.556710253433858,0.6245388476522835,0.45705911466589155,-1.2401885170782632,5.901748919693547,1.9973008518476332
-2.5498247093236417,-1.4151063963799635,9.747505888437464,-3.1643407685146183,-3.4673036601813885,0.4814581884552984,0.9761791159762049,-0.2897504444779765,5.824312108255199,1.8618991521563353
-2.5604627467329504,-2.0910802814919807,10.029190675597931,-2.7439257897578377,-1.5865494586825917,0.4389362984957792,1.438590134717846,0.5054228201189914,6.225104444017857,1.462594494842629
-2.2844325625654016,-2.3759088208625263,9.70920926414439,-1.397444958940707,0.11576523106685285,0.8663754439234967,1.884838857766639,1.4303235838014285,6.3686323378506415,0.7399742899658727
-1.8968993142089976,-2.9791501295159173,9.534319126315546,0.6561620258951298,0.5805790460477633,1.2962376223644076,2.5265713333776323,2.1297982346423177,6.319147425957133,-0.0652076211506222
-1.1679873707386061,-2.85375324906452,9.210772175064676,2.7356928262472375,0.4263501882714724,1.5936989343017807,2.9387672584996256,3.46206481740846,5.998093382750561,-0.8234416234330054
0.015222172861094271,-2.7137380977674668,8.699152022170775,4.5268514444873835,-0.16864506061365855,2.1256379984761153,3.3953465290446023,4.3618791607187575,5.32216993325482,-1.3865101039551277
1.0107486194734077,-1.5761059757686033,8.282924451269679,5.170731813917737,-1.1568439915924122,2.472640455359729,4.452727169926696,5.157145473163847,4.411615230507491,-1.964075746620534
1.904486452682249,-0.33593658773773644,8.09332590322721,5.416120785492448,-2.37985503643281,3.028003536915525,5.625379858348347,5.508977872552029,2.624741097887251,-2.042699911862925
2.3955131542175376,1.203103840970787,8.326940210754792,4.566264285149782,-2.7610952717538,2.868945777315843,6.999013059963573,5.471081531170317,0.9106657325700374,-1.7893333001472702
2.6577886066188894,2.8472837418964616,8.37647315981081,2.6830216430461697,-3.1414710391107716,2.805098187667911,8.45667155393107,4.4270699391926644,-0.9335311824703293,-1.21337566875167
2.9419413182728196,4.6026092449022995,8.161659826374223,0.3131696628523344,-2.792279149048598,2.088771174614624,9.225700598882355,2.80160902431049,-2.1723905690061494,-0.49427931816377924
2.934454410896419,5.859659918976532,7.458750355726054,-2.035255697333286,-2.0075794681352694,1.1666737148482955,9.740076930305012,1.1524144378772654,-2.3724029770419985,-0.28162227259262274
3.567841686663966,7.255400965152459,5.4079739618144576,-4.167307640428812,-0.4019827870659055,0.7107709819214519,9.732454017133405,-0.06633509651516947,-2.280015639426039,0.11103012842273842
3.7312660763419725,7.950393442809614,2.5085238561722765,-4.69318601964994,0.741190883810673,1.3062969453536877,9.990137815285042,-0.7889363801163461,-1.4571642630135493,0.1393550299169511
4.071244746058653,8.112544975015119,-0.491595595150015,-4.480658532357338,1.1196206373739497,2.457298977549238,9.605965009836835,-1.5722161049098982,-0.44405312319644097,0.3658914088169917
4.6444356013445285,7.965593015033528,-3.109628479286698,-2.9322938111715873,0.46828214591983486,3.4187117689249633,9.401177169532891,-2.181900790682147,0.9516939735313658,0.9420871495104235
5.231455179632687,6.50471343478357,-5.15354139802321,-1.1486335197391724,0.24845723633340502,3.567434427910801,8.80515832867631,-2.42635783621876,1.9199439500703233,2.0983793984687003
5.961459660794945,4.422429283781101,-5.7085921006269205,0.9846805336262289,0.6508251979447932,4.197881095240727,8.448040556499647,-2.194143046528795,3.260810321490198,3.4394653073281627
5.914184218619762,1.8052471718326606,-5.61080748929504,1.8882607681444774,1.845599502408624,4.818052944880915,7.866890977034413,-2.0053979645185276,3.9810230016333885,5.201124113737405
4.930806725818764,-0.9984562418196709,-4.930195916810317,1.9081562956213727,3.072870116068656,5.717539614681001,6.807462974670334,-1.7077569469727814,4.527199644686372,7.035422222775486
2.6618183620861218,-2.5749343643661726,-4.099199406269943,0.7833536787113301,4.164474170574977,6.838686316960168,5.186828531330383,-1.4712193840976526,4.588555049532099,8.390897039363061
-0.44787272230656117,-2.820833171295413,-3.2846335068980075,-0.19097274316268484,4.772074404146208,7.751427181602792,3.2449214533743307,-1.626879172411021,4.527521614769815,9.105712104989964
-2.5752211817731765,-1.313715207443495,-2.8217501707713795,-0.5423876012576099,4.7801126062850505,8.730005237780901,0.776451612488508,-1.433824619518547,4.0122354101271185,9.003770274338974
-3.946384571827409,1.0431883631748489,-2.2164183972709632,-0.6024016214219099,4.734356149029514,8.721717556032775,-0.9895942933383262,-0.9568002584076308,4.005391774796282,8.884188665725107
-3.9067399387262207,3.460045869162277,-1.088425360010218,-0.23196716017107355,4.62132926325803,8.2805471580646,-2.6486903851803816,0.09225997518791701,3.9928766986468682,8.066632817414954
-3.151661043304083,5.285781913913195,0.14139547417961187,0.2973008272319457,5.143022637401322,7.657794515002222,-3.892215406300193,1.054840226486766,4.723145808789956,7.541006904198576
-2.245991036350377,6.249930542969873,1.504575338864711,0.5116943263298824,5.209951043939543,6.648711936740761,-4.315895538906382,1.8884782983208457,5.582209236069191,6.6038410768384335
-1.654608059818447,6.864629095075345,2.895067764528537,0.9691578866458692,5.694984667794135,5.61707479044894,-4.583970328170386,2.380549478025389,7.0298121733203205,5.261288730837125
-1.0796324055083362,7.068537311101007,4.1403401543700555,1.1323698704565048,5.936635673742481,4.228612475602394,-4.607937768015602,1.8525433061431658,8.367589793252883,4.11776875720059
-1.0558454353398259,7.3969783160680755,5.127495111873082,1.5381785281466416,6.182004728069686,2.4529504102485364,-4.624962301804896,1.2830881644510572,8.944714123123894,3.282096174522932
-0.8369635531654455,7.0571434371799535,6.208072672309092,1.44380592267227,5.923937763512856,1.0982366823039025,-4.503294151627554,0.08726463121654017,9.314282284776365,3.101263772035143
-0.4893824041918538,7.310821361407435,7.150279458043738,1.4356470145620297,5.683353046090925,0.0055249444087541455,-4.090978794429436,-1.2053996434707257,9.046855340157661,3.378608326706801
-0.4772282584508181,7.141361185189298,8.118187641038027,1.3623682356393925,5.58882108418507,-1.0885388901053286,-3.111172797278091,-2.580404555545208,8.461172747764108,4.192658085966185
0.13955187280329656,7.268981149771231,8.263108667267153,0.9545837887927586,5.23942486773861,-1.2566199701716727,-1.9723647279060792,-2.9625601751149335,7.614303265782108,5.5378496390908385
0.728063460089184,7.53586293077167,8.545154232943824,0.40915660419956823,4.86966219214432,-1.319705745822725,-1.066773517515589,-2.8905924498540436,6.695420193493088,6.690782115033917
1.559965782684736,7.787968998993426,8.473545294015326,-0.22863477364482238,5.479428182827912,-0.8123711501061672,-0.12124891321204301,-2.368086482648745,5.985754657631224,7.980824570807214
3.0807388705647045,7.740416571873332,7.247729203258067,-0.7448122282512271,5.650393660569367,-0.12841576628657592,0.7959767882419823,-1.6090418273840648,5.2977783857853815,9.473799702437402
4.585256251654828,7.050364379437021,5.909698637510084,-0.6087093939081337,6.099535569557571,0.8847600739611977,1.1110863729806582,-0.8282974695252843,4.804318649907064,10.660460485289445
5.6786500274675795,5.674554415025459,4.023888973478935,-0.04003099185147391,6.4034680763114915,1.7245318888245131,1.0622666961970855,-0.2438509878589759,4.81705212547594,12.040234929634437
5.853812890518042,3.2470784342791186,3.154557626125319,0.5893821713949716,6.578046344255741,2.390108656674739,0.8667363704821498,0.5666025682642385,4.974436604994151,13.234457487549523
3.7561352638828067,1.1208817904696016,3.0680876437104336,1.8589330548811844,6.766505643642423,2.469282152908308,0.4239412412145331,0.9072120152694632,5.82261053390201,14.333005105484498
0.2047931328111253,0.693014040483068,3.5458442050133465,3.2958978983996294,6.722924638592019,2.200658084773631,0.205254285998055,1.5304371147557139,6.898195852423078,14.195366826879752
-3.662619972107881,1.8470798113743354,3.8895328630997006,4.67692346379633,6.589449167461502,1.4900931093756562,0.13909295394880294,2.1334132057477286,8.104227549557848,12.704915059143246
-6.268613206720555,3.7509894024093375,6.019947386331095,5.600736627798367,5.654834713867269,0.34295612417430993,0.8711830682395257,2.6441929301246336,9.30787431232896,9.308979046185348
-7.641071942178127,3.69311274141964,8.826303823024759,6.177872686731723,3.925345454609522,-0.20820996160069638,1.0795956837470968,3.189371172186663,10.19621478428297,4.3647311712733545
-7.287751846176323,1.2050406505792126,10.340472302909955,6.157874384273583,1.0560953812767413,-0.41973484841476416,1.4514732279451101,4.505610520947123,10.4336449477702,-1.0433416884918785
-4.58713059766462,-2.4434133731881147,10.199539309382843,6.5021507882002165,-1.7864581570986715,0.07541159024389948,1.87009625354891,5.310735138117515,9.025408585819955,-5.794508218567313
0.12357920008684785,-3.8232406335959963,8.830531807471212,7.046361824016366,-3.8665122668232628,1.2592188440561276,2.65915888114021,6.424489422807055,6.265109120539198,-8.213601585666087
3.5819403052798986,-1.459599340494001,8.118306135708028,6.290387158304937,-5.475069272557691,2.638234556406994,4.228912426307494,6.876994902074615,2.553759488095661,-8.320153827633026
3.819311147238484,2.388963195740087,8.147865719215655,3.827035392981746,-6.010488905158877,3.0897777896423597,6.0784063383987315,6.621554535667832,-1.3514679110119125,-7.669573100560161
1.9238386765914335,5.234690186600879,8.06551940771503,0.3184263349641382,-5.847298324991942,1.7398726653555936,7.67661163596489,4.831320159489613,-4.622901792778758,-6.273848680281255
-0.797532579781079,5.711298884280373,7.713526248317091,-3.2200001640702207,-4.394085719573212,-0.23808157172357614,8.310814589628077,2.4489257868574716,-6.29827593044592,-4.400999503935664
-2.326725821539191,5.026124437007844,6.900368995377026,-5.585465070118405,-1.7302351867152135,-1.7293403351451409,8.088966417288324,0.5725851689751091,-6.3680648722116375,-2.7519859330201717
-2.883999401499985,4.02881592347049,6.28095343880247,-6.647156836951827,1.308307255321596,-1.2833586655911355,8.023784894205747,-0.695900580882363,-5.788584431778054,-1.7415520435563294
-2.587702347869823,3.254314830569895,5.915247023091491,-6.2051105182791,3.6455692541465754,1.1412849379178218,8.377411239616299,-2.155219655183337,-4.137780687470923,-0.4710159626086165
-2.277067495496721,2.7584853868090686,5.74635997028859,-5.034708136538419,5.010305181889242,4.461367436885081,7.48909021905126,-3.7534232903671927,-2.129043412470408,-0.07318245987723804
-1.5386551712123002,2.9988195844540373,5.517127274786609,-3.7757260202204033,4.986993518686511,7.195029942602483,4.518828765179553,-5.322342213019506,-0.2340233430137555,0.03190271696192626
-0.9376417522831114,2.8891372981676886,5.40251736928147,-2.4014319779807334,4.640047632201694,8.894964381512331,0.9027084018489305,-5.685074632150297,0.8921446695682497,0.7802714638223069
-0.40228549391800555,2.897654999800142,5.4499365203174,-1.2130781213033235,4.680835491807652,8.959165040068223,-3.169717478122025,-4.4374052292572745,0.6252690775564065,1.575723943296429
0.2676493449815102,3.256458413422563,5.638710696089184,-0.26091505820346117,4.73782557742461,8.094553272845438,-5.627824021769869,-1.824335321281112,0.3162560910659003,1.889664379110621
1.0373919951891928,3.7880066102738223,5.780821328169898,0.5171941927542326,5.164872398995884,6.4047139280648935,-7.040524378144624,0.7782510473542842,0.6224880773498515,2.2202025556968246
1.9206399568008936,4.32867747926177,5.70953802709333,1.692375560802758,5.508957467887149,4.584079022181098,-6.867995221421884,2.782335437855843,2.1174854842681863,2.69420190748321
2.4910675959448416,5.042814568364485,5.809659457682752,2.2073540851754463,5.408226541284863,2.54752388554336,-6.780873966746966,3.197791217680112,3.795190483421523,2.779717720461616
3.119935767058969,5.55596238170597,5.991096661675958,2.4880726009656597,5.123561624534901,0.7016359468994969,-5.9714356464709155,2.9492598615992134,5.659856288043436,3.140523661338372
3.3724280417612933,6.223709529272276,6.107227818582466,2.436012986452337,4.609074175614165,-0.7892378485997061,-5.245811391336503,1.4358168540051717,6.954700951881278,3.647427556402141
3.6843954450386653,6.76307316218589,5.896234027691411,2.2961919155020776,4.082883070839254,-1.9088558423927402,-4.247793979663472,-0.13833209821064238,7.182515608101298,5.05759104413566
3.7564254752868744,6.95654572208501,5.675020509615736,1.6261851406927976,3.3762561707817023,-2.104226654294009,-3.0507257062393096,-1.1496057974796035,7.013192162887595,6.864733460874177
4.002893319163545,6.478777631802116,4.947642856221364,1.3463340619028545,3.170444230787821,-2.4321370572799883,-2.0233130097081915,-1.8008766585360656,6.2520173655869415,8.731263834892227
4.219886919106076,5.679362144512823,4.444419871858262,0.9848269754644414,3.1751216019851167,-1.98002853387312,-0.6396994982842414,-1.7991032424832056,5.616261731121554,10.182028539316246
4.600871027341251,4.104084393562656,3.85829264310777,1.012244202051182,3.2802119380317674,-1.8170599655763442,0.33028397432033313,-1.1601442804020983,4.935104012719079,12.035876085088
3.8821645944862517,2.6951197512120952,3.3042614576638933,1.4115653007837599,3.1716790631456333,-1.3299700659017748,0.9336054095737548,-0.5645659983104948,4.546695003225437,13.32333767988731
2.478647249941245,1.3200974137468837,3.9472061859143737,2.159698711754017,3.2216477179284198,-0.5830513779735367,1.6323258428838476,0.24669487028000603,4.905162124393362,13.807695414334935
0.33331751943954613,0.9672167548147304,4.306947380483558,2.8543898542103414,3.0205408180419293,-0.35201934256916095,1.7487964042741588,1.3140522055255728,5.447075060425375,13.800979264188225
-2.3668995715624614,1.9065569757397278,4.629423525777934,3.2358433856823114,2.6497221502181367,0.11858516709753078,2.278534156132494,2.3730915361212883,6.640839550549271,12.803464746240817
-4.236691235688599,3.365185507795246,5.96554185867548,3.7003127751701506,2.216243634790695,0.29268216948617676,2.810550056713677,3.6401389374068485,8.200352689826843,10.199671438920827
-5.700942274995315,4.262727496510894,7.7761532199510865,3.2819224423710405,1.519402826791362,0.9133515689125272,3.2210766516828526,5.184134048327769,9.210762087931,5.994420473587806
-5.808321960941123,2.7317239533416986,9.57090064656412,2.64096231206907,0.7872702149844084,1.3444628890401427,3.8172621203338086,6.930036156962986,9.161965337756387,0.7353979552492957
-4.386652332077196,-0.0037780305552386484,9.990275943096492,2.3947822421470817,0.23076213858459843,1.704118476274822,4.678266776619008,8.519298684768337,6.855678366764878,-4.242474529938128
-2.1220412385248126,-1.7132900796404158,9.820592271490309,3.2088617001063593,-0.3046420286204573,2.152281472500134,5.734080665001264,9.373869551085905,2.426556393679409,-6.422038827906826
-1.0263541520785333,-2.427622964117613,9.027597972717592,4.164118556874716,-1.2628070399662323,2.310272062657779,7.274773245936192,8.325269495615233,-2.8386057358462815,-5.506929105235707
-0.9787463420101222,-2.337178056851136,8.468917518466801,4.776768814911457,-1.881969471121389,2.3710837389627795,8.460594864110135,5.587704225423643,-6.508584227591156,-3.029879385632785
-0.6475454744611651,-1.980636528228425,7.891624105111005,4.873349813862744,-2.9079201156539773,2.313734683497778,9.006038792086338,1.6312527249782212,-7.596732002074896,-0.5967467318787967
-0.12325937123865768,-1.8094169616359728,7.56797648768201,4.756179666984514,-3.6346003784796457,2.0783708000905134,9.51868658429292,-2.269303833937456,-6.3760096977279614,-0.023497481634127744
0.03766750414266892,-1.2440315745057793,7.244625466865363,4.101546254948168,-4.1326837275054595,1.4100814355805837,9.526819981614638,-4.90008207779053,-3.9906535888091472,-0.36481686851328443
0.5523491925814765,-0.5050042634055648,7.2735387673168335,3.311691691234667,-4.527903057077653,0.8199634978991593,9.657460115840648,-5.670186517739888,-0.6462801451285407,-0.6042185854567471
1.1931435412183515,0.16624835374227048,7.617401009019629,1.8528451850833785,-4.559914825252222,-0.3205585750853065,9.640056517209706,-4.628717987995765,2.5246856434622993,0.2922605510580898
1.3421014838142145,1.0723397863683861,7.551846716165372,0.1672261435028237,-4.409064872207852,-1.869109109156339,9.405592331581099,-1.6187293130389455,4.350790475180034,1.6126417704925027
1.4081896326541337,2.013638891389729,7.527110463085578,-1.3877658290035013,-3.576110345521227,-3.499102520675696,9.009234898755418,2.141612887161075,4.616629288930362,2.2079752694028536
1.8479930760584407,2.8075001066271144,7.223763049391827,-2.7234272040991145,-1.8222647083409043,-3.9410044512940976,7.709915450675812,5.725940336852169,3.513621267400784,2.0285595333765314
2.139263375182042,3.66249856376753,6.5836966523286575,-3.297159826920414,0.19707189148554452,-3.740730036917222,6.18949345458905,8.375091582761273,2.271090933726553,1.6381883644968012
2.8467698079874753,4.6425836297363245,5.433447916876525,-3.669036604422166,2.2389459153688853,-2.3601516845747685,5.346729309965919,9.686328928607013,0.7333515605496173,1.5571854656849318
3.690264987742903,5.333436661814891,4.2987626525465785,-3.200845115514175,3.720493787499345,-0.49565635261358504,5.061190146105331,10.210645435728818,-0.3947286275939567,2.0535311283812154
4.772591775145725,5.6976642906588655,2.834726451825251,-2.7113538020517383,4.556253544891276,1.6541732104979363,5.427125057975257,9.8169042319088,-1.3326129990071531,2.7505483247692637
5.967939091453853,5.433085713396898,0.8760438308846469,-2.1050613518653374,4.440503347177708,3.9802414786818088,6.312268874337404,8.325601077815186,-2.0130003015504254,3.555511108757711
7.476869925419464,4.532177874059053,-0.6257601749965097,-1.648075883285891,4.427977449279477,6.15812239736527,7.312744367275553,5.9606896635520785,-2.321933654055692,3.8958889504712597
8.830662261767893,2.783638324610325,-1.8950183564416123,-1.206732741134023,4.336231631484252,8.263602797250318,7.385913780204189,2.728643487238548,-2.7800812127859476,3.725327357824423
9.50028092866676,0.6637705972347286,-2.0921587893437876,-0.9987999446089583,3.699931291889622,9.917041958935098,6.000809883831397,-0.8181700739577848,-2.365501556163618,2.833041175851248
9.65723354796763,-0.9492829560699939,-1.5374321527471773,-0.8716604925751582,3.607387455052923,10.872400928719925,3.2816306773929087,-2.999861133957748,-1.452959370806573,2.0933355205916864
9.545514594678789,-1.7559479173704877,-0.2617441170650835,-0.40368875863468473,3.6411039177462627,11.161726677952487,-0.319503246005093,-3.3256839554578153,-0.8998558924298267,1.844983906668116
9.546272195923178,-1.9009419574321855,1.294293682581829,0.25130027936588983,3.789736048674759,10.833375808195397,-3.390067027341296,-1.701487544616493,-0.844737431725227,1.7532498631557198
9.439024408279877,-1.168080446080052,2.2284911701454906,1.161656103772933,4.485358304290888,9.72684861749762,-4.961951323893555,1.2077237963565244,-0.3961495215407698,1.8582816011426095
9.488719661115157,-0.35516988160389584,3.062154383627714,2.2833054508414112,5.348287222768888,7.809541677742348,-5.316596597296673,3.8107240259444866,1.0212135531483613,2.180603541679332
9.314320285732553,0.4103539885268029,3.439843692197749,3.7572613057680764,6.082710863579425,6.003395200476003,-4.852874079558057,5.36458404055285,3.240556410527497,3.0075173137501108
8.57463978630163,0.7801916662643593,3.384815271397206,4.980073172440262,6.842209723230479,3.1509841584596354,-4.245938860304465,5.522045611002175,5.825598708868294,4.175151123846683
7.314493828194224,0.7838807650133208,3.6960286663370243,6.1186142573169136,6.246636666500772,0.6159895505941072,-3.6575770940439014,4.8546720453838965,8.182478507258525,5.2953779094495825
4.839927384753984,0.8081600311926843,4.016151478366871,7.357074812333207,4.919158653322196,-1.90334652460269,-2.8575625214777376,3.6125878604075576,10.142322283243093,6.281977600809992
1.7319996343299526,0.5431232596095046,4.291670771491803,8.106664558638965,2.8252619502878753,-3.199999593334213,-2.266669781556792,2.0367247282013032,11.384671409112128,6.889994189064992
-1.3430902995874054,1.0084774240474683,4.96820538014092,8.160555507657525,-0.06455847659077392,-3.255309381245108,-1.91535840564579,1.2959455381771212,12.10147384351181,6.208828853490567
-3.704188665386816,1.3884368703196774,5.77615707830593,7.602331954666291,-2.671458977442904,-1.6347986442486528,-1.293079384827527,0.4238132386107498,12.335757135247336,4.484003517799351
-4.758751056756107,1.218291643856858,6.913090878708287,6.150355496281637,-4.698888676168685,0.17413071813739495,-0.852591958492842,0.06830794131111156,11.8063987356507,1.8730115758413386
-4.326735451031034,0.2591123687927567,7.377676022612206,4.15453589937455,-5.388776092015952,2.0397834823777545,-0.14011623387237737,0.20337984018434474,12.096711794187648,-0.3730174610284995
-2.7772435594362754,-0.9804585173328938,7.448360185622991,2.507801418543793,-5.529193826758201,3.239148467752048,1.1997566385616596,0.9078553695885241,11.760231460117286,-2.620241376526564
-0.1646549848439534,-1.2177519178501701,7.2694544770107195,1.645442411808781,-4.978188488047169,3.5785783420503416,2.814833807201582,2.184869748222743,11.249903556236639,-3.5665729589126944
2.453476581259045,0.0475621698629356,7.424743223965646,0.42038081352223217,-4.618223352107796,3.290142192766222,4.556021043248995,3.824386458784154,10.209143300499425,-3.7125136912941654
4.34785426468007,2.4996777337800773,7.311573950278549,-0.9595715518027256,-3.7534927625377588,2.5124832976164786,6.029974476093605,5.915984537246903,7.823021400817558,-3.7825921344137714
4.976875540821936,5.323225804487737,6.238706145955633,-2.7894990114766944,-2.764260306664315,1.4825857589822191,7.332588705482812,7.222942578798389,4.635876896036714,-3.6839761684054833
4.7281504504792515,7.630816122743863,3.7562724379160795,-4.188423322474652,-1.29356654444494,0.8550062238718991,7.922321584592821,7.844565540489738,0.5317636108440307,-3.6025052227598233
3.4418013892678396,8.865662022613892,0.5445117560170682,-4.522268527066295,-0.6630303651358562,0.49082864752909705,8.316614535562074,7.208739663495035,-3.294509631438951,-2.628326638450675
2.5175634340466146,8.98969080055674,-2.10147934346264,-3.39657104803645,-0.3567966768282721,0.952907513868614,8.66598570243679,5.050836359557626,-5.863851565857333,-1.1207166806514515
2.4399359726167593,8.590235273539212,-3.675064108339927,-1.3119493961409534,-0.42436845796381145,1.049128280659982,9.012838019067292,2.0809228782023785,-6.8818987754369285,-0.46505450389631003
2.6807704041956057,8.238143678562038,-4.25713667712151,0.9253775805615364,0.20120111737895435,1.6138125437875066,8.990939417606816,-1.0330579309066463,-6.221547472363575,-0.2952094266318642
2.4576230332192255,7.958540313309493,-3.67367544884615,2.9078796845510273,1.0888772330678274,2.1937174662186822,8.815966464376348,-3.510353773813334,-4.246377235779848,-1.1566239848282904
1.950363114881652,7.876131068351775,-2.4621980005163784,4.142803703466463,2.547360740566835,3.0565213406803573,8.369519436576432,-5.04016031649427,-1.5177485112260958,-1.489719666963265
2.1163681358529662,8.002884208959223,-1.1294351912941103,4.945921869298091,4.133398507118347,3.801364780025939,6.734348739844211,-5.634286539699153,1.7016082967946695,-0.8879445267863957
2.426234916251623,7.996734124461948,0.47746599289750996,5.122460206358931,5.403177692068124,4.356834603900779,4.765806345224027,-5.067886060930798,3.688713808900881,0.5587116393929284
2.959141410270918,8.232121256596942,2.0664488644647814,5.209588960214707,6.343030772798734,4.003228953216302,2.9042771125390474,-4.485847337116292,4.506045278532617,2.6386230677246405
4.03198795358472,7.9981708325498095,3.271530578977043,5.352841514278396,6.730197404320522,3.3432882773103625,1.0441871186677965,-3.85091711084149,4.2019184241612955,4.582855352630026
5.230513576545668,7.880092886350735,3.8699955998543505,5.18300382900237,6.696951877761085,1.9400274576870187,0.01888552335634644,-3.153175964891105,3.7503461270909626,6.530508971064838
6.8386369389424635,6.80591070535349,3.730721351030072,5.302739260682883,6.376222018819917,0.7621077998862023,0.04209069002908283,-2.333138711765043,3.014839539814605,7.999682599209413
8.315617913497162,4.856155535999378,3.4014994991109306,5.435347142820199,5.7065784714396175,-0.24698593838082183,0.4031507729876336,-1.8041203274329047,2.5358678596648385,9.528374535211626
9.241258199786266,2.2421222369142155,3.149918463016635,6.06840053670726,4.45708204473404,-1.053612009379551,1.1331905652095766,-1.231840933274035,2.134988403200112,10.929675162967813
8.32219989737163,-0.9167005982350745,3.472174259307924,6.847523256594691,3.4268608550327633,-1.5290125528652845,1.9103890109890227,-0.333069627175394,2.3838425180465204,11.839119510286316
5.605640810255962,-3.29527795791755,3.7127412655861582,7.812819633269286,1.813928641930021,-1.629387787787356,2.5930609627423014,0.7926551034696191,2.653157488319639,12.623345761543753
1.364323859576724,-4.175141464800617,3.041865369277642,8.734103657664463,0.2540472767017194,-1.2157260918142017,2.8357147612314813,1.617980825699661,3.4891159225577466,12.665935134778428
-3.072265488854601,-3.267312077197026,1.464545903219574,9.173372740113486,-0.8321039847858681,-0.5861153608755081,2.9071178779314093,2.725275755042423,4.926090242786165,12.077166870851237
-6.177173825310458,-0.10435309426311833,0.9084102917335901,9.424118371212115,-0.7618535002605863,0.04477636314787495,3.171026604138378,3.970288977273454,6.499518402177565,9.551148773815143
-7.648113771159294,2.5062197559480106,2.3820049367174545,9.270193358359656,-0.8859186454114603,0.9325275154825782,3.7792355997865332,5.308281247437466,7.489441976702863,5.429009490365629
-7.6602845868312865,2.6652693670791754,4.95151149493101,8.437978122145157,-1.3858311789465392,1.3329183761332095,4.458547934064752,6.859534565513309,7.261675073580187,0.5008429466522085
-6.269460715132414,0.3670523668183441,6.494890478839324,7.543552135216886,-2.661571693214313,2.194925459597293,5.720774461221949,8.181693434262039,4.999348708391049,-3.553307395499312
-4.7865509690189105,-1.875082441251705,6.156529555552301,7.22166285595886,-3.394319797850856,2.6321693356043956,7.249417312621887,8.216015549341474,0.7911436500607294,-4.892292030257502
-3.6921473165805665,-3.3448515013722555,4.571615253480068,7.215520628669931,-3.346889135592965,3.0981254377005314,8.781479177068627,6.856799346222193,-3.499039136895525,-3.4108707003190926
-2.9854063354611595,-3.5099940781867836,3.09206155769026,7.142040369488095,-3.13881726250738,2.7922837094226858,10.039347893556627,3.391159807920713,-5.737880174833866,-0.6778636406588003
-2.6368007388782138,-3.196505468408758,1.7697445982345001,7.541821478824621,-2.485078621469239,2.6852204703316125,10.611840090843469,-0.6143965100123805,-5.412784088362287,0.9019857437325196
-1.6954398041490748,-2.773814841673507,0.6264164938358523,7.6652961158018496,-1.1974443945643138,2.9394086373333543,10.48756005666638,-4.2259025247560205,-3.4917504037151637,1.3516319778632129
-1.098222338192808,-2.1276355326193035,0.07015455180036134,7.764540245339997,0.41864028388525454,3.2025544134514394,10.039597345195515,-5.990778357714984,-0.7437303999748153,1.38577635658195
-0.836688316382273,-1.4441000291682555,-0.272616705761231,7.84006100663439,2.2159126765226818,3.772590680872315,8.634297650505525,-6.4798081456464,2.077375867004564,2.2592050475914442
-0.8741801159645899,-0.7834569267512754,-0.22423433035969814,7.920930611810591,4.078645409706044,3.8181966235411293,6.832025819777204,-5.766076884943069,4.093137661480415,3.2940984060067584
-1.389147749749928,-0.10102166059884393,0.37199301327552203,8.215227146600988,5.932613339516903,3.58522892678086,5.262827464833876,-4.688641253724488,5.076346794098809,4.5687199068211
-1.8765433506739424,0.9102061744546,0.8835091827639217,8.252373931367064,7.118225432889061,2.618957216818057,3.7710129057419888,-3.636127925039424,5.0655329340283055,5.558718487791414
-2.392281490425408,1.6470031255748216,2.109922066287939,8.887115820492053,7.57048377302643,1.1466798980814092,2.864101149302252,-2.5194367749540536,5.0466865764606155,5.979921700969442
-2.6632501276942446,2.600421396949151,3.556670871742781,9.680607686997476,6.491444452969498,-0.42876705530621745,3.1696615884352077,-1.1613703065927994,5.076413843885434,5.897313364938561
-2.556216800931885,3.052714939013558,5.718532111614916,10.122323588666523,3.7253191311331544,-1.7250229196226226,3.7428662528036982,0.3657710211828077,5.154970978577298,5.607438468961047
-2.4425623042457127,3.2753396107855366,8.091519511667007,9.739239236741497,-0.1484239668740886,-1.7266413155576399,4.222773983170331,2.560057680909593,5.5501662991767,4.844859979537208
-2.309385256820275,3.0336736574181975,9.720276836651285,7.636532745348544,-3.8567073728467673,-0.6366447427918304,3.8953303283891256,4.150206076616631,5.75158139278751,3.384601861033049
-2.2538249111662885,2.4198386743467846,10.725167962933556,3.7097033467258567,-5.925289177645778,0.2317780529181966,4.299544179150972,5.481595343926746,5.742014541764412,1.717757485383196
-1.774682732507933,1.6380475966190402,11.09636027642004,-0.7418184176994225,-5.944863613863111,-0.3250674242838932,4.786898302783164,7.0523129661316215,4.71693330191426,-0.1137447105269207
-1.1271984625902234,1.4427246118259276,10.983673394018659,-3.4580280606751845,-4.140560492917756,-1.4915465044009324,4.370502703981238,8.17888411867149,3.017376793643096,-1.1864541326315328
-0.6000055184875017,1.2053253284283687,10.613879280951075,-4.643917357842548,-0.6257134361792921,-1.9373305267146959,3.625773097610271,9.122227299218366,0.8911595593992506,-1.3649954227910193
0.012325400106683329,1.5144857961409661,10.35121232452895,-4.338861175713266,2.868403185430636,-0.9056910868945841,3.394413728958965,9.295023722053942,-0.7473620738832338,-0.909040585041495
0.35759329106065674,2.023977389896404,9.841833169447924,-2.595397980397014,4.949307379100313,0.9314874282811666,3.711276742279133,9.158338610601879,-1.8940463321137908,0.09651192593791802
1.003566840314303,2.6402118705083857,9.67395855306402,-0.2767583415197007,5.708231356913239,2.780699065859004,4.380770526673022,8.190884249151372,-2.5507680080606776,1.4285037037074082
2.0531215724712366,3.601019780862619,9.790486164896004,1.1520112700036733,5.859178546315796,4.452704675634181,4.984963170363155,6.661754050949355,-3.0018713011726947,2.844660762245746
3.6014947614244717,4.791886078478801,9.39309423073347,2.189464086484495,5.518542407890876,5.828407104766306,5.270072867283853,4.869067805880775,-2.9031358864089225,3.5609990873940407
5.567037302204315,6.170146164098976,8.83077814002435,2.7611716688926236,5.645710290759867,6.7897655250641025,4.989602229553736,3.1283081218020565,-2.391241494965012,4.04294080459114
7.402996711643218,8.013777512701363,7.57098447105357,2.584614961475873,5.6774263272246,7.185959011778325,4.210667827697372,1.4964742093082952,-2.1102155851109976,3.652883588245928
9.287026393946894,8.940560227238386,4.943197018907837,1.951660359285067,6.0151232315190075,7.786381953798948,2.5388580565702563,0.3499284411883701,-1.526342882230358,3.278589619110334
11.103455627575594,9.142463630412713,1.410680123543598,2.0225464405111113,6.566200762979929,7.735869030831782,0.46753435842109803,-0.034830577435477295,-0.785898762536021,3.18477021020086
12.52732581095815,7.240303688182445,-2.077719470237008,2.3880697794914743,7.340379576558243,7.094942236955269,-1.2384970816723098,0.6445702385451514,-0.20697285665844228,3.1524470018171766
13.205591238723873,3.0867981818962904,-4.223107540408752,2.1393742824048236,8.70014436087337,5.521644334226539,-3.0891557728551913,1.7955304506183878,0.6980892674352768,3.695763949065457
12.661710161677364,-1.5841275046933743,-3.704207116869038,0.8070488023012691,9.201134955827184,3.551557647958317,-3.5842902170850897,2.56474962608617,1.7724241081379575,4.370725050318649
11.016145591304326,-5.582723444380786,-0.9346421026663212,-0.3941233049348586,9.312277944205938,2.0234685298584605,-3.8747780368158145,2.8637665061270146,3.5028719245683746,5.9617954826734545
7.165370551526212,-7.641730417205668,2.638199513005512,1.013141907650034,9.253563903244158,0.657943421831092,-3.6201276847710906,2.8626042901261495,5.202775441586944,7.698047450168755
2.0302581216356366,-7.618091751590648,3.9720947208125263,4.356154673652034,9.086098207226046,-1.6235659185101834,-2.7161739640686853,2.038611354038254,7.09745250313854,8.025109480022282
-3.475729890533438,-6.634466998374611,1.6243888250005367,6.8509327453206685,7.258597505053507,-4.149534896102709,-1.3053618868077843,1.382624421928637,8.176113703154158,7.258913341126727
-6.989685499724446,-4.211119976341315,-1.0528883189175349,7.279409111159866,5.485859402219129,-5.815405419174607,0.5042888052870399,1.5068139972587633,8.585101221711907,4.557742188043751
-7.770356396042159,-1.5422083347521933,-2.652368231099772,6.461398580157436,4.188036904772859,-6.3657265206182805,1.8271319442492124,2.850410911090739,8.79987585343676,0.8126573222348801
-6.384636258334681,-0.5447107986961921,-2.6930652836028934,6.001383286992496,3.4819709729222095,-6.391931512852698,2.2913949723481926,4.849132227783059,8.138886640594595,-3.3561605997562913
-3.8243819171707596,-0.6531146921471891,-2.4091354446665907,5.777193715735921,2.705413185492107,-5.990670244858386,1.9275732883680343,6.408820405989427,6.367653413262712,-6.601098783421054
-0.8753064207156325,-0.5581761948283657,-2.0761087422080617,5.7116261180460315,1.9253163245084495,-5.946916306668222,0.864774127964248,7.318538149586759,3.5842376603208956,-7.869726829879484
0.6578672379549302,-0.23394902926062083,-1.6366980290519855,5.665640514618834,1.1571755786003937,-5.570413547271232,-0.13383241343386962,7.587702978541606,0.7438042638748588,-7.787206487957411
0.7742104926913824,0.6152800995187913,-0.9585423076725845,5.793417892157851,0.6516135692423947,-5.122996852163112,-1.3724038186189047,7.4512168260502145,-0.9593241416200079,-6.860898885513206
0.6203824345489053,1.2773939090830686,-0.19602543731162086,6.107791547412457,-0.08899157323235475,-4.510100897653995,-2.7101870551689498,7.277671763532644,-2.0855718738242848,-5.411840376190153
0.2736272703395955,1.6806909944941781,0.7346537467605453,6.235510953207183,-1.0030996756964938,-3.551066561935631,-3.5314670143520965,7.0832345444399,-1.9207503678454534,-4.055815006018681
0.020448226630778353,2.1675931657488126,1.6540878633696467,6.009765754620591,-1.6478463163126285,-2.2657259402970813,-3.9280478350642323,7.026929007850654,-1.214210573141385,-2.7299465106684178
0.2906287136310287,2.5820504660578427,2.5452954754777535,5.970491696008473,-2.2653249527098884,-0.5848553806087053,-3.9626235620683383,7.016936821957448,-0.08543697416349318,-1.7342435703484198
0.31774136219259164,3.2180480044602384,3.944445499670699,5.2203439679764685,-2.450920943766739,1.028928539822359,-3.0975458574229773,7.014356418841282,1.1408549322135426,-1.4306851798515188
0.7856498869443026,3.4022330088892256,4.825521739619256,4.299829168603504,-2.3684150463480655,2.2240431567412995,-1.6822703760105133,7.371936888775813,1.921879414887247,-1.433190393696561
0.9701073208535088,4.0960197615124505,5.44537890962659,2.9433886951251074,-2.313190564395517,3.3760353804859946,0.1414493538602273,7.362774039376757,2.172503743638792,-1.565918230908974
1.3004106423134794,4.940815954000307,5.979054061339401,1.2171132185109739,-2.1638330985253873,3.649752480667949,2.250309887608568,7.2965287652931625,1.503976839504785,-1.512033659916047
1.4600299052809091,5.785928345304575,5.902491460994341,-0.3664710968481564,-1.4988084071624528,3.7195386215502935,4.057286221011233,7.248227892168911,0.39211860336398136,-1.3570891036271289
1.690171015412339,6.348641010019664,5.348340613948971,-1.805451198550354,-0.8369666015369231,3.6994331711233226,5.741936832597177,6.23395821892737,-1.2110148822893236,-0.5626954669878519
2.0303949372329777,6.916240864277852,4.327129011731679,-2.9162195271100826,-0.1829434814451709,3.9807651675485882,7.0597197511881795,4.581109529113356,-2.2988109105331325,0.33918733421565694
2.720893931089394,7.396502107418159,2.4876235676970446,-3.5256181240878215,0.4154610102875026,4.217261893760888,7.979258782795284,2.285659802412856,-3.1678449691652175,1.0675448175171802
3.5328754483354423,7.807243321499749,0.2622018662037453,-3.4908547104729215,0.35695196968337867,4.672558536833183,8.261003069944415,-0.06856493480214085,-2.666133308677801,1.1442652103604671
4.409391430094165,7.302064311402732,-1.786942145395148,-2.6244211314132837,0.011149961190237756,4.99440451956729,8.004267951453171,-2.4563891221184844,-1.717312045218044,0.8540245120537686
5.003480709838669,6.859698314898642,-3.154826559331286,-0.8376710460696839,-0.16467556096532854,5.114582057159996,7.320679081237674,-4.282784310724496,-0.18071028352194146,0.8394092275977498
5.383195553647114,5.3463462184619255,-4.330750108551124,0.6100201730116019,0.16282825975742038,5.34062004080938,6.150876376184944,-4.928484716030195,1.6250597147956858,1.9128680815203924
6.04321521711789,3.7808103974324445,-4.501259684808859,2.0361974039381887,1.5517359717556267,5.651260311671614,5.036403276058465,-5.016103058287258,2.7417200666149992,3.5327258730051496
6.276707186806078,1.3516869499187425,-4.308458312634536,2.465071998933575,2.909815245286508,6.026805593129657,3.0051385719769015,-5.043301813750649,3.1303597528352727,5.461966681905688
5.414274126781423,-1.1899146842094297,-3.545980372891355,2.377478294633748,4.730173412074999,6.263571731801341,0.7225791073063083,-4.506975823174874,2.2999050159216345,6.990731629559137
4.163812736540104,-3.235878011888227,-2.884001750202056,1.3642814660582931,5.786456018303159,5.839600819925245,-1.5826782386711524,-3.67955777134644,1.2064810509815194,7.893286372591992
2.818027192428972,-4.341301086215643,-1.7920906626158937,0.711070285646096,6.348931252107611,4.905669620883748,-3.334774229186931,-2.3309734940516478,0.07865760488440118,8.573096710675582
1.3454678727991871,-4.4837714225038034,-0.7091915884380864,0.6048644198139486,6.628162930640562,3.910492748353653,-4.510370160113037,-1.0170429607624945,-0.40020607519522583,8.347801534158398
0.07916549737584556,-4.090352536969506,-0.24727418565609388,0.8977102649802375,6.8422167708345745,2.31520039809849,-4.886613117982563,0.4993451388998481,-0.08977028888026915,8.454305574848595
-1.189579322638204,-3.1733054321483185,0.050202464457367015,1.1368401256812068,7.1605482870252555,0.8893623488629492,-4.488309439537811,1.1195504701773964,1.0156482997796683,8.58850138541562
-2.3547042138035144,-1.78361137866525,0.26589350760263797,1.5392255812384377,7.114491495906433,-0.7881661582754486,-3.6993608347463196,1.231047720077739,2.0580277268082545,8.337092008917974
-3.1074492621862535,-0.38574648169427483,0.37071670445806487,2.1354831569616803,7.097526856426355,-1.9744431460203116,-2.7229073967858355,1.0129121686521803,3.4288854019417094,7.773955073971328
-3.630404425129843,1.3125539878049375,1.0974944940265252,2.6868261231074615,6.937049996517673,-3.0778024673086555,-1.2688438868435818,0.8077124068635392,4.020154163778511,7.200755570753601
-3.704265655013832,2.873683229174093,2.172371575099376,3.380563884988093,6.447097045077763,-3.5214811154855608,0.11586366977809388,1.1483703123781037,4.574401601644965,6.294705642359164
-3.6257616089192184,3.4778639345844122,3.794210115680976,4.2995147363302335,5.439344064507771,-3.669451856856825,1.5686475171097332,1.8668328401480931,5.190993974871597,5.335338400208201
-3.2470400071719694,4.1769047847368865,5.5583611276832094,4.608250069166683,3.9243044507166247,-3.447728303141913,2.2792644123844217,3.2551978955652716,5.569994494978125,4.029791116387792
-2.97092067670322,3.8355652092280654,7.336224991225008,4.323914468380194,1.997065372212336,-3.439369226567374,2.7021845318645465,4.63478111652332,6.127806853539542,2.120761394498075
-2.5026947627865517,3.1974347303281023,8.464507171010483,3.7784848480576985,0.28488582346763636,-2.805388464271741,2.242947234043672,5.8899064086790105,5.96527568485495,0.2311960731713013
-1.595793405074155,2.53294410649681,9.13547322395101,2.5045414559606716,-1.29300253365416,-2.199191962525312,1.8298699581155748,6.971113632234513,5.239403323811979,-1.5332877154817866
-0.6916859803085722,2.274643956203813,9.89597391597902,1.0295379239403477,-1.532769296367235,-1.5920111153195529,1.2492928489105444,7.532344762370924,4.02062760322836,-3.108764556005447
-0.017885273868098683,2.323087115374159,9.919360717597344,-0.20806227714261108,-1.1756666120984274,-1.179038969089502,1.2432839205808988,7.987662036740402,2.4486949841235472,-3.7222995012485174
0.22572447631781187,2.899944438153605,9.724426742981635,-1.4603405532420741,-0.19207982345073804,-0.5797299408515866,1.2143440536435803,8.329136173888426,0.8484377500628995,-3.8621058447634486
0.11712152748390617,3.2996214067709713,9.476973897257322,-2.103491776678018,1.201542483391733,0.07528894276435284,1.645497895924185,8.299632387885797,-0.7474554317873334,-2.981108189701985
0.12039470725605855,3.622737266630974,9.006074746300117,-2.1581601477326875,2.390043648523003,0.8022246655360717,2.3309495049932645,8.22367361599727,-2.0690574327771736,-1.9956195903738125
0.1182625203456063,3.944689356549271,8.744569217192074,-2.12128952962838,3.6813177652070497,2.1841327645510016,3.079912210181651,7.949032713044942,-3.0777617915586655,-0.27508883590933736
1.0368514388737493,4.411186808226461,8.454655965902463,-1.530386958828583,4.261378810663571,3.4434249504358654,3.916454178966905,6.885451787464221,-3.479466697156003,1.3088340657328044
2.015398423540135,5.190871416928953,7.839421743327778,-0.9691649115167155,4.947144401344617,5.157695121256951,4.359380303374858,5.500544615322526,-3.355454992159846,2.6545228695252536
3.723559983715284,6.120188790510729,7.025974271187256,-0.6161250081020156,5.120705374929394,6.567332395932558,4.698888566410182,3.8945328807968793,-3.2956582119904643,3.109465966908438
5.62696110916621,6.896027438472679,5.439985750171527,-0.4417849535893352,5.408289878595528,7.8164199720912695,3.8596811845950056,1.7538884995480388,-2.8915560515958534,3.2215476950533075
7.129039172630952,7.364891390065808,3.2840861942416644,-0.3044348911338653,5.661244444533903,9.180923927386385,2.4490845056514408,0.4244782051341754,-1.8738451808948637,2.928622594555413
8.533592678945908,7.2980220081574565,0.7745309413146887,0.10600209437332489,5.4873057299078605,9.572456388157718,0.2981441038953825,0.1912854451465104,-1.3745932126986993,2.7203663670789213
9.628188244511229,5.8350166798385095,-1.7268819794463992,0.41305680941667927,6.283943555708239,9.208658120303836,-1.5689661450383126,1.1579933406435574,-0.6894011856566814,2.3024064847136674
10.366918224021555,3.363872127361622,-3.3653962573300724,0.6118528372803061,6.633790793172166,8.332095902964086,-2.893715764875829,2.5425626881052654,0.16693120903940026,2.8374749682815414
10.560215039479152,0.3915141161267283,-3.529301153253971,0.3315960172330901,7.080192112903094,6.968958933425715,-3.6664772586503678,3.9573608642559788,1.924465681596701,3.478039574979466
9.740865222302672,-2.7079511800537155,-2.3497157477781654,-0.4542101158014009,7.3470390242410994,5.947750779226824,-3.9774746220740957,5.037684722391474,3.7359846549130573,4.464915008404804
7.340525676721624,-4.901883351705641,-0.11397327946559038,-0.547398934224788,7.314036945145,4.825817688224538,-3.9044381032911053,5.433182745197531,6.445922021000463,5.649536424838721
3.664696646287911,-5.608776441835509,2.0646553582317817,0.8301093954173273,7.349752475152171,4.017936286630522,-3.544666914738746,4.9578636712696555,9.151683794865113,6.057232642206165
-0.16018473157735982,-4.7945072329962475,2.2666929320071403,2.3356069640272024,7.615055440567765,2.4499031022554467,-3.3154317353659604,4.153915183363035,11.015063478202643,4.786067011862458
-2.5587411989054862,-4.096508915523285,1.5578691543493899,4.011798191969657,7.43647833308887,0.5379684442056127,-2.9290720449800123,2.724447841905177,12.094078960062022,2.214562554259227
-2.63805688328969,-3.5473103761069367,0.8986093275998834,4.900830827528563,7.046015531323161,-1.6494602336333606,-2.200453289922746,1.519683635978311,12.54847404316544,-0.3098363532483118
-1.2886181273157464,-2.7575318981489745,0.17346901896835376,5.612182981433076,6.453184857671253,-3.2162829194291076,-0.7926457986611968,0.8091137859892535,12.715215256152916,-1.5900719167557997
0.42300717029026247,-2.1806236111660544,-0.21440357348784256,5.551830820613509,5.716704081583757,-4.31816982895797,0.6867567545029635,1.1439110829253265,12.361144080935446,-1.585978337072539
2.1399858884794485,-1.753239644783446,-0.11783862087479502,5.823856493725021,4.712359959846806,-4.691046195350815,1.9069835146186025,2.7484175067618066,11.779752402595618,-1.3290685958871014
3.2985174610339425,-0.9715356786566588,0.018855362790434788,6.1738528014452365,3.584797287568725,-4.890426562597174,2.213664416079013,4.809800036541424,11.20000042306084,-1.4238255461064269
4.436211466008307,-0.0364890121624787,0.5817875963512584,6.236286164489505,2.448920841399747,-4.57141209247529,2.0390510556204755,6.657457315141376,9.913777641880417,-1.7952236254460825
5.538834223781609,1.375991725002624,1.043100345384986,6.437640803650793,0.9488797600611303,-4.295197554353644,1.3453607019327096,8.074041782103084,8.45128253307616,-2.3032938362555906
6.506695274460156,2.8978933126184616,1.5570094588057732,6.418600573738641,-0.32517218243408375,-3.6555057867141145,0.08421643646921546,8.292368880182224,7.4774224275091585,-2.5384925555118802
7.148640976281996,4.685954609407117,2.0532153998381117,6.277390975698461,-1.3223784900363469,-2.8062960917330293,-0.9745105734049999,8.35483092503847,6.560044589838141,-2.54665993040679
7.379948708105937,6.373008244659789,1.9547541401110042,5.775310315002016,-1.9256419206197786,-1.4216017543430979,-1.4436183844826094,7.948883905166707,6.510099723690758,-2.168278119703151
7.582511492937402,7.947527254647911,1.6858834171541874,5.047412962704981,-2.2531999930116178,-0.17890103019267262,-1.3657029175141446,7.63991635113166,6.32328357882737,-1.7086927750042413
7.315388507048299,9.060714695910523,1.0863744291905024,4.794590933983526,-1.7202162638727332,0.7019173692955519,-0.508817331211823,7.4319851603421645,6.5960714327842425,-1.1050565546411266
7.518740097408726,9.54407891917955,0.15296921971241986,4.553840510386028,-1.015888865948594,1.5888680875991328,0.5587149797904752,7.492053195384412,6.33933709263829,-0.5326737345572715
7.595020472816886,9.758520777003065,-0.6352971103697214,5.075186230037219,0.01282201679496528,2.206901215730721,1.7996476137736637,7.786353720448382,5.862270667661292,-0.15120738967926317
7.685201929629726,9.453651508880174,-1.1494324695037454,5.516699387423527,1.2228687470434065,2.3257412805374442,3.1222325376476303,8.407126938349116,5.159272952276051,0.27819568755688684
7.895235651715886,8.732353835514465,-1.5463517328566878,6.134123751922249,2.7049992183991396,2.754805933528198,3.935505179101114,8.594848173690135,4.3352708034720475,0.5394038037557799
8.147393430238303,7.957903015016646,-1.4467958287696159,6.653960337090963,4.417475125886623,2.48455898201504,4.99932872188637,9.08508709753886,2.6762513463440354,0.7674010047372835
8.463124221721904,7.143519985813314,-1.5395203180278005,7.0731325454876135,6.120237068914981,2.507184153791684,5.720484824423185,9.070511646840828,1.039952807559888,1.2010505782915575
8.909320537318209,6.127020322721657,-1.3753966690118113,7.251954348408854,7.617625164070436,2.597090952694809,6.261123311885751,8.234989741328189,-0.3451842505310775,1.897428791932447
9.801017917378536,4.6337762572474865,-1.107449178062168,7.180893906217418,9.345141288991082,2.756689267025757,6.344409414387717,7.4104218563871,-1.4242115597436968,1.8984865853255974
10.26769243476453,3.402601689210812,-1.1736791191814855,6.9245278060983635,10.519189632862872,2.6735370399740312,5.880033800939588,5.991464184385529,-2.379706887539053,2.0497185471641544
10.835008440564392,2.110373478630562,-1.2020866552862433,6.70046751289495,11.597540674865302,2.5660547626360226,5.569584645165622,4.862301687427957,-2.8768923664071586,1.6744791242576458
11.119154319658614,1.0491364606257938,-0.9703177315743371,6.1731806184846345,12.494408167991065,2.238267190900709,4.865641566713822,3.5914710557778693,-2.837790712324913,1.2268532985446676
11.087516953219584,0.40395496544053444,-0.6770366201442924,5.885606608643234,13.319077241209971,1.6145318379287257,4.079751221113977,2.954058826785362,-2.886841704179734,0.5509882109153028
11.204294974361305,0.5282983691638646,-0.22466124600715326,5.71268275654266,13.664843035790373,1.130820247807402,3.841061172949536,2.5451716013346815,-2.7107359193331084,-0.15938354184726067
11.063420184384208,1.2755773184249244,-0.12223247463707952,5.973430040655528,13.813023357631964,0.12560940696360812,3.8864615144703025,2.234443404857135,-2.741288926716439,-0.6457767305657846
10.924146610751801,2.3465481618748054,0.04783542258052961,5.988432502018918,13.25856082546743,-0.6069927239613642,4.267477457175063,2.074314569799921,-2.543644099672008,-1.408541652492005
10.348000980740562,3.457082874785924,0.04231822522731924,6.078994508297508,12.962228297606801,-1.0009939445772034,4.8909590333061,2.2973217888051294,-2.6814920471927954,-1.860501753969398
9.680995003860215,4.422688879615116,-0.4668972987709069,6.33925853345337,12.28306119636649,-0.9691179729269922,5.826001687813449,2.118822903589882,-2.783615327162061,-2.3101451936019854
8.44582266904776,5.851249350421033,-0.5465713681882541,6.483864742090788,12.34855208635598,-0.5632288602973996,6.576753711543197,1.7701786511537894,-2.9941170257041296,-2.7614044879047013
7.308732738272076,6.73188374789369,-0.5013614613618775,6.322604063299787,12.223622915781101,0.10364650249977136,6.925728188242159,1.4398386853041871,-3.115629572982357,-3.239331544495918
5.871777161222555,7.952310083972206,0.16083021868077868,6.384364004513374,12.198293987964412,0.7642242912577116,6.8037118183684235,0.684378222124158,-2.9538609641786056,-3.098118297094725
4.4629865707116405,9.183563272029458,1.2756399748551732,6.698367038485559,12.452122909964892,0.8379145346238324,6.388104728352147,-0.1445449331802336,-2.4331952235972825,-3.1592323427892404
2.821040352287827,10.071971775668652,3.4071271761358575,7.392943158590107,11.946956180386495,1.0375560038050042,5.749415055904506,-0.6351628446721969,-1.7313193722715305,-2.9803446915881837
1.4992001478433334,10.828773346455199,6.226711996090302,7.713592311568228,10.26561938115427,0.5394759040852091,5.575892194980962,-0.6198166220227599,-0.8315760179468867,-2.454949688119202
0.7456754070175219,11.370483756987424,9.882308373635142,6.825669969723471,7.5237702544901905,0.16882936528786302,5.756596120399495,-0.4313807893513862,-0.20156636568020037,-2.112354640963311
0.4175061368130111,11.544295473797147,12.79810434684115,3.7969085525857285,4.694332322734565,0.639866922200232,5.960491213880932,0.0040183696401906305,0.3520833309872421,-1.3426943823899746
0.10690505682863302,11.392771116561025,13.317586496314634,-0.5744165714611645,4.001517797678264,2.000727532890851,5.622871712452024,0.44471712173392075,0.7961979992770963,-0.9394690353499369
0.2899252795816971,11.417775473516675,11.60196785008467,-4.521478787939973,5.623572321784582,4.144202041268449,5.326872075966757,0.32515116433316,1.0670121450305379,-0.25200922183835905
0.7002664800544112,11.918269696683275,8.152688494117305,-6.306493435782048,6.758280004846393,7.490406122925215,3.7647195110188725,-0.24845197973855274,1.5569210123465997,0.34264038657280543
1.5406845865222698,11.99119995430357,3.5546076237676405,-7.018262924415829,5.756358396341085,10.48138295850296,1.0044734137641027,-0.6069515074486354,2.005017297350966,0.8351161553172062
2.6218340144763883,11.740923424094346,-1.3758455349512326,-6.510295582169049,2.4276170375138104,11.817380466049366,-1.3600673828322802,-0.1287788536306704,2.346272662752296,1.6494375152596166
3.77608090942715,10.842284275573434,-5.596745800673475,-3.8372347270713267,-1.347545461685019,12.13275847058033,-0.34200858373773213,1.091366279846897,2.505550014501982,2.375382843718442
4.897292243815747,8.785623971505158,-7.551103574347076,0.8480060717187514,-2.0676637936619002,11.584102856236598,1.8614846411401056,1.2907211451521101,3.264251037516569,3.049877197767431
5.810980798266369,5.930515505881951,-7.6670342081562985,4.3001871527534,1.1735198250682328,11.6795141313767,3.182158466299069,0.5355821491328291,3.6709263980334352,4.211104572040062
6.001783193080695,2.4796354517376464,-7.156288071731951,5.06991841256733,6.176375662719105,11.132784336578714,1.6447905411510508,-0.07783199847371171,3.8363205603225534,5.714171977186078
5.117006635763006,-0.6817975304528597,-6.4636746536577165,2.793118466920055,9.570408685831287,9.414152748339298,-1.8493904515655186,0.41903683944692177,4.467721452889552,6.94589624211516
3.116435350000517,-3.071677993993965,-5.321500871133594,-0.39956236685048896,10.640659511565527,6.936482257131186,-5.1139074931783,1.5232443277714254,4.9247468467477065,7.841560520770082
-0.17843039953503556,-3.0441268991820967,-3.8072340726965117,-2.9352700521826,9.902720049957649,5.1978506735530035,-6.670579868747922,1.8995767670473718,6.535036576875647,7.766596425352875
-3.243721320913041,-1.7784434346392772,-2.925808939756407,-4.083331865071687,8.330737102521464,3.4699357042274865,-7.531247627182319,1.2372617898202958,7.89138142095101,6.792062926939075
-5.055202917335108,0.5390877016481253,-2.5485687816484037,-4.632105876093394,7.138486376237658,2.688501161982665,-7.837714990088979,-0.21095702544241257,8.422815906433842,4.892765479515932
-5.528244465365481,2.7633114240941636,-1.6365519797430759,-4.240618130353457,6.1956278108945995,2.107244964654271,-7.79062785076715,-1.855766068222864,7.713493411790881,3.481524893637997
-5.600977212023672,4.019997330763715,-0.8218732592281777,-3.77734103413683,5.869268251365576,1.167952829248206,-7.534135131595075,-3.496171597964607,6.784026871106053,2.5847173965503853
-4.919653723562599,5.31046135312155,0.053759677868769874,-3.124446105235988,5.810497915039534,0.5471031365191098,-7.21118685126863,-4.562750576748771,4.644108289354134,2.6531535178075414
-3.6844514023535617,6.014120076495842,0.9324748312825761,-2.4561949097436027,5.95024669151905,-0.2403273530172852,-6.546725638826349,-5.054886310816058,2.8586109341688597,3.136988127586409
-2.023678718947802,6.403532638147387,1.7192586880134264,-2.020317901324266,6.299377175930833,-0.8411234633073127,-5.48969144693196,-4.714624670679921,0.6574728870859002,3.662437217798651
-0.4876246722806643,6.889912352772658,1.9864236441341272,-1.3406380082628044,6.756284909312743,-1.4072832970453808,-4.249351654936914,-4.378953961785829,-0.8984159872853472,3.981542539426667
1.5148479094406846,6.838438252441593,1.8610534096618996,-0.8725836118875583,7.178690357420039,-1.5533790819755355,-2.7124050729310754,-3.5952236541791707,-1.5795927706058164,4.00482247286812
3.5364823912585464,6.650156987888123,1.1707140093867714,-0.1959154777443094,7.298451616070183,-1.5616672295315324,-1.2853694346635534,-2.9396890145905425,-2.166263885048685,3.7550219831853955
5.732205285040159,6.347105688668507,0.04225752452105107,0.3145305306789637,7.462775451445646,-1.1615662090614334,0.05325764494309117,-2.2330786810092467,-2.1130509886125397,3.0968602010673476
6.650085030069392,5.376887774052612,-0.9566716782718396,0.7464655803646748,7.653485481727305,-0.7932091166063534,0.9749781044718524,-1.7156197919761846,-1.636642598452731,2.7057082371597
7.813293360202163,4.242852055441285,-1.9201749044532397,0.9562365034229795,7.9470048112578375,0.08364916697792113,1.483108251936946,-1.3786434340212523,-1.2743849685400293,2.5359616557568185
8.496739124066497,2.6266359671673256,-2.450414555931273,1.005746596828647,8.00061916563633,0.7841771718513677,1.852681438752064,-0.8127587369702277,-0.618453422612254,2.5270163108242123
8.850257135032573,0.8630182386763736,-2.674782047230855,0.5186390025411798,8.246433203432932,1.5679530036480418,1.6768380847622357,-0.23559640490884332,-0.3847187816142108,2.6858732393060287
9.023228164646156,-1.1064491501740532,-1.8658911675781913,0.07965429292020312,8.503210644786895,2.4146204578676453,1.3733884708272235,0.06428281942078228,0.4543405185095874,2.884991254044435
8.405244608259462,-2.2159180837040746,-0.5926234945119362,-0.1866983789967295,8.570782282439573,3.347240426741439,0.599468578675531,0.434627749679427,0.699333303942649,3.6083470640317388
7.748015902068733,-3.145074049397737,0.8776147120056852,0.4697638623910157,8.603817218041916,3.615583257199326,-0.4772133301869241,0.6804246297476533,1.323469171223737,4.225273049631273
6.698543449119266,-3.6234242777387475,2.4109717581201155,2.2121214392516024,8.709651163948573,2.800760960795801,-1.2786638055959163,1.2319842869932072,1.9882148246223188,5.005487879416371
5.202482638892447,-3.6420694440473675,3.4569549810896025,4.155894975700756,8.794921829414836,1.541121903802978,-1.3192521549611105,1.8801539440738089,3.021996739231941,5.864243064426882
3.47854174381445,-3.531610066516063,3.674244470658183,6.604008042333826,7.943294855070372,-1.085324285527648,-1.1006266318442828,2.0648799473408275,4.0573085292325795,6.468080986848376
1.2394213813326695,-3.2692677401147474,3.0556415636229497,8.38071914462187,5.940406379137492,-3.0145315447613856,-0.019001167961190127,2.1832422884659417,4.971466775498219,6.713186484332757
-1.012318088268512,-2.357671228573336,1.959301446109807,9.43632910198211,3.546547349012724,-4.248549796038949,1.0650922994615681,2.976521226649732,5.7786756753298105,6.24751290863091
-2.8389328276443067,-1.6017754073986326,1.2761842285332423,9.765019150895396,0.8620534793376482,-4.608789288948176,1.1709014656760284,3.5717902471183405,6.706345589936223,4.669210575758004
-3.4555649550962255,-0.5321876308346526,0.943837725096341,9.724397645582693,-1.2429699549915054,-3.8138165147092407,0.553096787110566,4.436605898104829,7.477858451051167,2.4874320883175276
-3.2879348776117197,-0.056417606939337756,1.1173629946721162,9.744053509718166,-2.619290476440794,-2.012665516231917,0.05820803438480681,4.813251891707729,7.701495962667013,-0.31212993547492224
-2.0882406349386984,-0.07611908270847703,1.3406933993371795,9.393370538225946,-3.0766322121032945,-0.08092019310574405,0.18126402763321647,5.372224473516019,7.553485488397972,-2.9178694341693854
-0.2228009388876769,0.20699588601943983,1.9657411074074522,9.359560313338976,-2.9181480515575227,1.645093980988501,1.1425809675615803,5.6029278250257715,6.509311991467106,-4.395561452445849
1.526759991584646,1.0921489191023077,2.672647408769607,9.170137909168814,-2.172536561568025,3.160470742551327,2.4683092222967766,5.923673935942764,4.570491805592126,-5.149905111760506
2.6925139075344573,2.3089310433034016,3.217180139094275,8.796958768604831,-1.3291429289406786,3.9373370144894064,4.158870882036179,6.158540962870726,2.4345074608472377,-5.375410279727579
2.360188838070449,3.7276505689556023,4.5946753053364,8.018261030108897,-0.7160458218604193,4.418499396273653,5.946977916544382,5.628117826163271,-0.42821385075345286,-4.6122059440481475
1.5902657267688303,4.9537065794935025,6.017840229665095,6.890072228758269,-0.6330208003251186,4.582715521575854,7.438825999019018,3.8805416861061626,-2.1576823529604687,-3.6781199953476285
0.7362949401137621,5.590920468241883,7.443621170446636,5.14705330961143,-0.26347028075334933,4.709560198554772,8.155977997131293,1.3236960499656865,-3.313587224286966,-2.750656950580052
0.09127153952008368,6.141376123508179,8.557670841283572,2.7732861300667575,-0.43790908393885936,5.0238527814288645,8.28895694242321,-1.5268442321712021,-2.3330697697893115,-2.2789662385453475
-0.29965196255702076,6.1248830917111095,9.091111991940965,0.22436047737928366,-0.3458638200399031,5.090664837316131,7.739664463239942,-3.55691568946272,-0.4283746418996999,-1.793038048412786
-0.25149477289720257,6.279063032026328,8.953555867215737,-2.1408911828280126,0.40506286297904726,5.451058572050122,6.84698883015563,-4.777989616317317,1.8871556952540052,-0.9704648083010998
0.3476235792341642,6.604551058462592,7.985515142786533,-3.6749697559348924,1.3281329178436143,5.823733210955264,5.68517811435707,-4.747545523113375,3.704539674704671,0.1678049440007043
0.7491396866972982,6.772677359675443,6.6609060246671215,-4.829730559915359,1.8076554623532537,7.014510318208784,3.80379764626187,-4.336899155323245,5.114085010491125,1.527942603557443
1.3861253653571775,7.267200117538615,4.576055101451259,-5.671535174565136,1.8652577486329036,7.537142532375332,1.7322609439649639,-3.953135486874589,5.07667069996825,3.5230098108565797
2.331916995493075,6.963306377463435,2.101537919981839,-5.63465915856317,0.7521652069298224,8.395582990114203,0.22575681173164497,-3.5442213139636025,5.030988075165171,5.0463547363327566
3.445177121246089,6.413245411609491,-0.24467767526354728,-5.295505828947919,-0.7956776753417324,8.592817287993613,-0.6182359324779856,-2.8224130076382976,4.549613068835888,7.0296706429150095
4.319887173577796,5.0351872242838205,-2.3476471112918498,-3.8228237074749973,-2.4381530935173283,8.315469721014574,-0.30204340185979645,-1.9336690303705448,3.6835704192795022,8.29664326347723
4.96485646167504,2.747865269375092,-3.565978150059531,-2.469686709854907,-3.449452091884283,7.830252558164169,0.6397207736734967,-1.4832054189331643,3.0835431001219424,9.202062050389914
4.446937338510094,-0.028066769042113943,-2.8746688120585024,-0.9588975240475516,-3.658269975587049,7.30848499990534,1.9156921223170191,-1.2210306146496561,2.98563270584087,10.177460852785833
2.668986518620611,-1.75272593479424,-2.259700426870277,-0.27069520097470207,-3.313750943397642,6.938705140411931,3.466581565638963,-1.1863704809368216,2.7477162639909833,10.708633190380574
0.4416849844730128,-2.022650257395466,-1.449749985795331,0.5989211069560194,-2.615573442098243,6.5585902585303115,4.032086371227226,-1.4440084553030246,2.8093109182253504,11.183312106249705
-1.623186564243673,-1.0344397224768818,-0.8813228289384363,0.8508263757954403,-1.818678543758061,6.4873514857926375,4.605594561604881,-1.7741247323259843,2.5025508090119635,11.25829044224665
-2.542631139637041,0.6651039912454005,-0.32371817683204895,1.378117350833045,-0.6632748503227522,6.242747010445113,4.4652389911357195,-1.869575284847531,2.3573439778696077,11.111356437605771
-2.27739747081837,2.4921114873346335,0.36791914858750063,1.861595723904242,0.2684651549552022,6.6096347485416045,4.261618755825575,-2.2997090948394145,2.1792705293147985,11.113510468774635
-0.9020912414564857,3.662986455514013,1.5433054023546917,1.903501121137528,1.323889902248501,6.776505931266987,3.560744108555315,-2.654356768352127,1.5388418959499468,11.055907616691387
0.9674198493808491,3.8078409073222774,2.176209778128159,2.4281739348355766,2.407019047018794,6.9761639386730785,2.2806057250737712,-2.796696789420414,0.9589113907073644,11.138086206211584
3.1965289697992305,3.4082335350767483,2.763451339318641,2.6883380104152512,3.3212770322438825,7.027840825002448,0.6212333146298432,-2.8227432054660166,-0.0006346982238784188,11.148290006248606
5.50558055294064,1.7798080895159663,2.6485126192049835,3.0280035943378816,4.286885447886003,6.679820056415277,-0.8093263353147395,-2.0984006487262814,-0.9739864377498205,10.859354481463832
6.751457210552187,-0.10287741910881797,2.8614430952228984,4.01041105962147,4.92849879150472,5.5938260568892,-2.0525709860157266,-1.1131996503007584,-1.1877044492812538,10.52554555779415
6.536463252128599,-2.0252770874768493,3.405131061700797,5.241593896163724,5.4824985806759745,3.916739503372666,-3.018315507973208,0.25064249004449374,-0.7167714962845636,10.130967231791534
5.754043821731706,-3.509098505484213,3.821400678601031,6.908899857452713,5.474846268156254,1.6657690143038366,-3.1230850021145984,1.3381113798128847,0.27102926101860914,9.947739165995614
3.6984592893687522,-4.169463019480408,3.4692786808282863,8.734421684750847,4.335930284085228,-0.3471302120434474,-2.4333933943740425,1.58162963395558,1.6975532898324792,10.043924766191148
0.7618152791162641,-4.000472542547286,2.264654236333176,10.156269636134567,2.8001707370976496,-2.0600301732153694,-1.8249737420243137,1.506867562317221,2.946560846378092,10.021528437107529
-2.475506994526368,-3.0418433469829242,0.5938048001012,10.472667077348385,1.1095238003450822,-2.44550759135054,-1.265548855388542,1.7537387637228417,4.562028739811663,9.68683124917474
-4.97881697045132,-0.8826397038084691,-0.2754859091289364,10.281697996319856,0.3035008899308763,-2.2395745666394054,-0.6670807629400901,1.8372818901201475,5.582509227997813,8.25845493532541
-6.521726147610915,1.7092261761485688,0.5582721984763035,10.496616474080522,-0.3422876871681995,-1.4825737821473186,-0.39960681923130936,1.8112595563423737,6.591471292711949,6.127538244774623
-6.595491083635252,2.851561675574618,3.16910816583787,10.093359703060925,-1.2300681799023854,-0.8186815810977703,0.06020178900880852,2.237346886767834,7.09781408052679,3.471408746077232
-5.958495288851158,2.4962230847049303,5.780669612169274,9.036499391359428,-3.122277214890832,0.6336785595861747,0.5783862780285678,2.5534222962634483,7.44920684983036,0.6957756343667754
-5.066640059139588,0.7544184645367227,7.110460023270412,7.414045619891754,-4.20549908151856,2.5518654139610533,1.492597676948198,3.2502015441352605,7.432649222875952,-2.1200877040842867
-3.0716685750095403,-0.704893740715234,7.301443666853272,5.585612990545804,-4.846738181673135,3.831728854438508,2.9944903700661603,4.018748348878819,6.703019575896689,-4.286110128476217
-0.6649454203987963,-1.5589401516070742,7.116052415212202,4.470276107888421,-5.103346306996994,4.115962680382134,5.38858880520374,4.687226664378726,4.682199874629383,-5.474545756050787
0.7872393379428495,-0.7681131510421162,6.88663607588938,3.5936255388074736,-4.834048617497662,4.046473464831303,7.482548036158643,4.642266207150116,2.3392618109475425,-5.356367083309478
1.7290154820688979,0.3822224668479348,7.1652674167520605,2.3953143847541396,-4.64878964872513,3.002533388512579,9.20074359701945,3.970095285880164,-0.26751188900586587,-4.724839690918471
1.5874302658417128,1.7713606603298657,7.360883303013607,0.7570254493975382,-4.08681446397086,1.542632657527959,10.002012094928375,2.4842876123349247,-2.036057714128959,-3.859081747621378
0.9476777666595725,2.9597909376523757,7.23001865519095,-1.2583443769426697,-3.513628646193591,-0.12007879732766359,10.273950042119182,1.1933860568295476,-2.653970172157686,-3.217934842519686
0.5630618346853777,3.6936864410195267,6.820034025540712,-2.627809583080697,-2.063062197535512,-1.003536765081395,10.197595210573288,0.6029093213006863,-2.6511278343986513,-2.5695445174947578
0.3956960571269794,4.1457320152729205,6.35886203255418,-3.6295953917473636,-0.12502572985693902,-1.423956508389414,9.909361631816475,0.6666297608034679,-2.4761181140246036,-2.0654876837963196
0.40601292290041685,4.500155784245382,5.53793669787389,-4.1453682062683175,1.5445267280021167,-0.41279610368745834,10.105705066118055,0.1614699561557842,-2.1358992427585326,-1.599699806040161
0.36499428256006183,4.969364163334883,4.793987826618111,-4.288397070095835,3.0297182821216166,1.5086431888730132,10.16346102331744,-0.46343734816454635,-1.6437749699636799,-0.7114074820616569
0.6607319050297799,5.294162593385853,4.017390125710732,-3.7945890476331283,3.3236966385469136,4.180657410687102,9.202994927801482,-1.8325912056735747,-0.5913629141720572,-0.27718436936608704
1.0918690954481676,5.659070545591153,2.9888868774146724,-3.74438128968941,3.494399568242844,6.5413606958482235,7.866651462122423,-3.3670566624924594,0.9415102592699742,0.15588751393984998
1.9205438757456625,6.102105226478601,2.029231347298806,-3.151164051821527,3.025934133795404,8.392073569480209,4.988087695626502,-4.446445757074219,2.6457474836687966,1.2653271623624942
2.3498014300935655,6.230173204498239,0.8434870266835117,-2.8945015969650054,2.22823479769974,9.287197611266201,2.104975516864065,-5.014818877212335,3.3606815277244837,2.9031958739796795
3.3478162120392048,5.964547146178877,-0.18257172586711182,-2.1729241636778025,1.6185002904307748,9.568311993562165,-0.6644267780332499,-4.385683929667619,3.0234654614668455,4.260352391666232
4.32918169190289,4.893045477552052,-1.3373407752873632,-1.1887094707465353,1.0610718693040317,9.835417881694868,-2.410893457023621,-3.2164465229838277,1.996982991716873,5.368326165013956
5.3771644994863745,3.6327068808798093,-1.74132142964742,-0.4273179598430747,1.0291855148817333,9.618167143029671,-3.3855548272351355,-1.2340195035449473,1.693511478494458,6.248144615405031
5.68654992977758,1.6402565705122698,-2.095200269194761,0.088008646984454,1.363943357682266,9.413548197610812,-3.2935835916458536,0.73994060111566,1.7528401549671124,6.7753001018028645
5.373794160393288,-0.5118331399501206,-1.6988646327290746,0.48856098088126004,2.019524847396562,9.426333936846838,-2.770362894058096,2.0733348029404035,2.923658308429973,7.648645998441208
3.6928051499171506,-2.016256228521755,-0.9106664293221496,0.6925550889920261,2.781875614858521,8.933442740351087,-2.1783533835761077,3.2218028163975285,4.75104456694484,7.996961634432809
0.49904173902044535,-2.529542412405264,-0.13092355256293461,1.168307023505779,3.266602716581948,8.628932298539768,-1.3419735851223134,3.7306457518939196,6.497447433928153,7.697738113411788
-2.0173649579134736,-1.6472307972953775,-0.0026988324583554213,1.498837751335114,4.249944456950555,8.161794122665864,-0.7407707397651195,4.135711082229684,8.34649777175971,6.233710474455977
-3.6875829139533787,-0.3290300491985478,0.45391070157678753,2.055600263735992,5.166675715908688,7.844891619174666,-0.25191390954324777,4.388600841089277,9.468502841364225,3.2975103099821412
-3.716598675848234,0.3953220140869725,0.8304795974711549,2.583919499100991,6.125218415485973,7.324694633246798,-0.36860829993463295,4.607159216203801,9.83360005665602,-0.42044126968712875
-1.968659543779578,0.18324319395020217,1.291716180384348,3.453825492399412,7.099444978577055,6.132146115592571,-0.521016241136403,4.873646633844539,9.323888376616397,-3.4993921599162676
0.387993240781645,0.5488590892350075,1.963638568811553,4.293986451642133,8.151370254012875,4.81340222085511,-0.6719184408152473,4.884104989462095,8.631746578881334,-5.546293598644244
2.5893139235285307,1.5824780136105367,2.516955233244082,5.339174193896729,8.444257392831437,2.7623072646195133,-0.8035726694299701,4.9896074739671725,7.370715016825704,-6.024293850171428
4.356426303296789,3.5895628732196916,3.2785980108905264,6.328023690558691,8.106524048725175,0.5040392980286525,-0.4490244469040816,5.242243444593274,6.223152805261565,-5.67008835378712
4.986413061393612,5.965843803877002,4.020721526821923,6.951370321628213,6.74105793017625,-1.5200912044366344,0.20796150505919977,5.3741805293319205,5.122467981528291,-5.088775244676531
4.356173223535437,8.28511780713317,5.262105121357042,6.871152219547101,4.7232216569318295,-2.9602987627849977,0.5543598470079272,5.730168083175315,3.9715932810171384,-4.607235639934762
3.48202102265355,10.537030267153352,6.140969241053066,5.239168740028762,2.05459990250137,-2.9361859808871738,0.6848584819458978,6.098059472303854,3.0610650124440344,-4.057444354525548
2.107642263365756,11.818139963207594,6.969506862057671,2.2329088673946855,0.8537758407123459,-2.8683866990790827,0.23390188602476963,6.313885823163744,1.9054043153879259,-3.781305184110929
0.5599929219786653,12.631539101020248,6.594934178043875,-1.424389485061531,0.9182647222362486,-2.295006291344864,0.10687111836038155,6.544359720913608,1.2545224495498493,-3.307460757017559
-0.9164556079696909,12.147416050854725,5.2719960144120535,-3.8721226263014867,2.33263408730695,-1.5612179580146552,-0.011820411945520443,6.825407273684644,0.33096534930721705,-2.972780507582897
-1.7188621336230574,11.802780618306675,3.604944815838346,-5.031909683617369,3.974193321585215,-0.2083725327117158,0.526212469649195,6.809323738610651,-0.2835988125014944,-2.370840223992977
-2.3771461983570448,11.19698272839263,2.339144790095095,-5.364748630331269,4.467004946086248,1.815506437109275,0.9384465605801997,6.991724659007986,-0.4613477690799443,-1.622255672293639
-2.501418718979222,10.811888142875153,0.9369290527507874,-5.055404945305183,4.816165633331619,3.577252708560326,1.6750097877235246,6.9226679651677125,-1.001121428317504,-0.5352183059558493
-1.9022390987116933,10.694010388661846,0.2299214092342877,-4.542972689060277,3.982967977937117,5.629599189716839,2.5871860172615397,6.551214437420923,-1.3040931252857768,0.4109954317067671
-0.7673568079697771,10.58569602305811,-0.7397469372567471,-3.646313269600785,3.0512972650286727,7.097555577707459,3.780121846468819,5.506760215504664,-1.238365722826198,1.4442066220086138
0.7848036612165428,10.644760575898784,-1.9090805824840145,-2.4210277561176796,2.062765905277905,8.08129314166801,4.901522342726094,3.8636898600463816,-1.2454762710791358,1.9664585536976555
2.6745619294324516,10.119163134612801,-2.7603122430642824,-0.8574425963014866,1.441341019640417,8.699498957063495,5.542768114917455,1.6387530507553403,-1.346215827251748,2.4021344687016595
4.304463703034399,9.173102198511938,-3.7256775494834047,1.159569569087476,2.0476705104532136,9.087238445309048,5.200588766371688,-0.5938196847402495,-0.7965801278864098,2.704762936380858
5.852829573287798,7.561841496294492,-4.484313841071074,2.5043080116820393,3.852931413161527,9.5941171513884,3.461639017108374,-2.374258236150174,-0.04337698022855743,2.9402992486214616
7.178170472927706,5.1203982635217855,-4.737295843100111,3.4909067851227364,6.06026790342305,9.215977628629574,0.11074794124080989,-2.7086400079934787,0.1007485366790744,3.4371627394917943
7.75307020550262,2.362980481814619,-4.933538251879366,2.841320108749426,8.478842865472714,7.7215240285901805,-3.391811449685852,-1.2933344698288245,0.12270163982686079,3.7598975573305546
8.09930791795136,-0.5941999371391947,-4.300640700725847,1.109777557745587,9.760156901391278,4.833410855735472,-5.417756591422084,0.4794596731817179,0.42432582813469555,4.146013091315938
7.25544506994197,-2.95717381008912,-2.9746252194099596,-0.2830453765310737,9.936311264904147,2.005989862302137,-6.120572763302424,1.7712713807322484,1.544169606674679,4.725742195034192
6.036170074535361,-4.882768096641092,-0.8723918012401964,-1.3053350818509724,9.838986432203676,-0.05348150409684735,-5.633151461999216,1.6298430985590417,2.983695376874637,5.373630920089727
3.653393298892351,-5.496589443787889,1.070206202792953,-0.36443894197481075,9.701418710837174,-1.7214331302720263,-4.551661104457239,0.9165014393219391,3.9165916791672886,6.193031569045703
0.8358555324167605,-5.178001012013422,1.7500402446998755,1.2123840181803094,9.65659977896451,-2.9168919909857416,-2.6958623770874364,0.20767810252432783,4.469944714891852,6.905064921277339
-1.9107993631684022,-4.357346862485186,1.948006031807269,3.2016396293032936,9.177766471116962,-4.165967033226147,-0.6451357447139711,0.16358762456711143,4.75336713541309,6.678250369230647
-4.127567136218097,-2.6897849615661817,1.109032107569501,4.254446965141327,8.211992464938696,-4.806570334454458,1.740991582786816,1.1913330083402016,5.205092444460914,6.151882145696966
-5.422432543592046,-1.1101692362732893,0.47344772013923947,4.974962182030445,6.981372564587407,-4.819740879587595,3.495074629595885,2.6930487839160713,5.447404237240748,4.6604461671588115
-5.665800982854468,0.29081335218943816,0.7447116836488812,5.285665082104792,5.775255485279128,-4.397808062300966,4.415277939523068,4.998264773330466,5.50283525345505,2.3537654981465894
-5.284197315752768,0.6306049651734666,1.6585515492068799,5.8772793420228195,4.343843877673673,-3.848845900067117,4.520669148748517,7.455496699029274,4.640603692850022,-0.32206377015364573
-4.349265163126911,0.35613060663051826,2.0895635927630094,6.523680528643127,3.077909455484493,-3.6208124404784554,3.7166842544313554,9.245094241007273,2.6350788159088867,-2.3487866498991794
-3.292161632774489,-0.02991192104632162,2.793679878077455,6.919417100713133,1.6463275952720928,-3.255742206781059,3.0190077661973294,10.153509710811639,0.0768605774683813,-2.341012508599925
-2.8925346524332793,-0.3960598986192055,2.8803573388181407,7.0913030430295505,0.07823120342566267,-2.7481775284465524,1.9443289107323352,10.26551621349755,-1.664976743163251,-1.4081981573562277
-2.168924433372748,-0.2265806189697525,3.042014329679804,7.258294254978594,-1.3304053128564255,-1.969895621009404,1.084034268464106,10.395015150239175,-2.1376794478036225,0.2567922834878622
-1.5342708735435264,0.0770398655659703,3.282328936604015,7.004701911217433,-2.476102794914912,-0.7695973324487065,0.7830847971990589,10.122992717012025,-1.2816361806218968,1.6837464140904466
-0.8147954990002507,0.43400003229123,3.911661304172227,6.7114127313728105,-3.022430147700806,0.5944090692128179,1.2472293158939478,10.185083020690193,-0.2098541656074916,2.5945990111232824
-0.35572763280336855,0.7847152832397551,4.409734796806065,5.836172364387185,-3.4412729774800597,1.7456947004827263,2.3301114246499446,10.10348917468214,1.0782014549612695,2.8315445431665465
0.33087780502324926,1.4210539612307926,5.163669655425564,5.149395623442114,-3.4056360498111884,2.4753696327508945,4.324578972070282,9.764729961893881,0.9834947111773117,2.6286176205165743
0.9698976832502968,2.1091044819372744,5.511335003599369,4.302648916775282,-3.301256835381053,2.700008392450107,6.301728578314121,9.457446324630803,0.22592077364863097,2.594435047576157
1.5103801688587564,2.3318452255507003,5.9016715227952234,3.149893885407868,-3.0253062341910484,2.598588578075617,8.26390461144182,8.398719130915246,-1.3667033032646918,3.0727089664952225
2.782072853723631,3.1248116331509994,6.198968755396268,1.7169619026332925,-2.7072139831805164,1.999190134368316,9.341966711927363,6.636167432090866,-2.460886839681311,3.8761765893173683
4.478436088143552,3.7183667993183507,6.050021326437746,0.08159059097518001,-2.2608023761641833,1.4337685511726965,9.994972589276038,4.752890098282355,-3.5126474187081977,4.4247091031205255
6.327548165233848,4.25031762780901,5.1435284763099895,-0.9474584388231134,-1.7652257284668567,0.46265380330216344,10.292059503080434,2.4776910789253557,-3.69862264101932,4.513400709891384
8.05418936325129,4.5458155360600925,3.340297049358244,-1.5236972592232818,-0.8979297219248499,0.25954571530833875,10.343814166193976,0.7845165206034597,-3.4838428627922102,3.600390596495776
9.61140039622488,4.510625906096102,1.1092547089461562,-1.673083886224729,-0.18680411206557485,0.4782726033875923,10.401008644218694,-0.6478673515393627,-3.0811458769501088,2.4973698223398664
10.181149796180042,3.8997268122543534,-0.5182593549615441,-0.9507347240454028,0.03467027916284332,0.8245279843243504,10.45620200632612,-1.4840363866912347,-1.8664520230770822,1.5073176379690312
10.577551000522629,2.9618170164046913,-1.926576456318669,-0.4450242642697526,0.614506110766027,1.5131386237357458,10.239695679118729,-2.1264603880766915,-0.47060155727339337,1.3073580056542116
10.618776679307008,1.386606569547071,-2.500804060282186,0.24626992295011815,1.1275151950868474,2.5221235197070904,9.967573520508772,-2.0609317849441666,1.0369632272829798,1.8688717856884658
10.454221920380649,-1.065371944471292,-2.03595644788285,0.5571828372718578,1.5897379490878192,3.4068420338651175,9.243300066603062,-2.457800392014793,2.433211143879622,3.5533360134149325
9.243789830366117,-3.1206717458379414,-0.3253127471981063,0.6886999223970396,2.3662126128190772,4.3841339208324035,8.708989162515076,-2.3178453814743403,3.0568927865452626,5.5727794639562225
7.025795361138387,-4.824352273067681,1.4009742983914175,1.4453775657571917,2.8936721601182036,5.734709706872426,7.504702303273947,-2.0733785576459227,3.7293135944812272,7.394762846295152
3.5185318796125524,-5.5894288801306455,2.6683222472831702,2.8449557778325447,3.4335622536379455,6.502226548987159,5.983294220426379,-2.2573032964174575,3.81920738422195,8.992982188033338
-0.535049277034268,-5.310841805329617,2.4581738071369745,4.077968422447523,4.812273103674176,6.9196422234165835,3.971113595391161,-2.5953603714381037,3.632464859831471,9.793187451509416
-3.775628762317662,-3.610777862833939,1.0232898910579122,5.666171872967926,6.0885474459366815,6.446603567961,1.7821744365861276,-2.438913820024054,3.2037201675483837,9.721250885210342
-5.560055138889473,-0.9368260596074339,0.5132849517441835,6.344756784983473,7.720135795780424,4.639769318366836,-0.49477536351923557,-1.84613497594152,2.5105289927529184,9.28066611853649
-5.542786950028125,1.959102098973288,1.2640118985932534,6.521203249539742,8.73347040817028,2.12908685462288,-1.6517260549310382,-1.251360835313381,2.240276362130691,8.97572276789249
-4.372064260158105,4.098549073843755,3.283139849585517,7.242669011021551,8.218598706229054,-1.216691668683111,-1.20995206388727,-0.7105875122702678,2.1659190397454475,8.611366927620278
-2.380723012085651,4.947706528138457,6.136185078911741,8.007829607796104,5.391065377119425,-3.4520368784363717,0.21675399431613349,-0.36058649891038347,2.141941737275073,8.491387414914572
-0.711059620949854,5.15749749729598,8.74433534662255,7.389472139159291,1.2454156065346857,-3.825914366033885,1.3936084085851728,0.4954817217194496,2.468303604000004,8.330758080916228
0.7230156303143631,5.4059806502444845,10.387360122588781,4.806773226372037,-2.5765453969515977,-3.1661073984919157,1.5119025592388438,1.4061304013457188,3.18805633175005,8.353374577297146
1.858960393742393,5.768562559243803,10.687603134661458,0.2923824295866042,-3.497267911274519,-2.4173360554993097,1.242085655213483,2.0149625170387435,4.023708273979099,8.138743292052194
2.991318953965103,6.185036915581897,9.520524717014403,-3.608432379360407,-1.518788004927818,-2.244496375871369,1.0815346287492973,3.0239263214030334,5.169579608848148,8.306754816657785
3.6651132246084277,6.479972032969105,7.084454597846018,-5.6773225049329445,1.140550247775916,-1.5201436665666288,0.981117997842318,3.6300184658205166,6.54439109070267,8.27536584331877
3.1818119071858155,6.154101515285335,4.1905947016744465,-5.987446874331401,3.5582038301481864,-0.11824819268677003,1.495478105530701,4.526949731064601,8.222694553184743,8.18029599975525
2.5706929237111007,5.776957412954408,2.0495610490091813,-5.482427683331873,4.657573295707857,1.746187004704277,1.9087144266014933,5.563492128320991,9.822779564035496,7.291232731346614
1.1388319488111989,5.502283140779952,0.6111916428714449,-4.75436452857994,4.420585648435789,3.8135309597589955,2.635639993227831,6.514252242891801,11.033494117053971,5.4402690816750425
0.692186768761386,5.28727838915919,-0.4241486871200725,-3.9708446919691083,3.484458949392925,5.729920048317675,3.7932780598998397,7.833605047179276,11.203614203694494,2.0190442209129307
1.0103357378651499,5.546421395666017,-1.2965139761395235,-3.416591306866251,2.6656270604893155,7.158214080857969,5.579249565874891,8.738322694638471,9.36383102877866,-1.5211065837847315
1.6315296325743198,6.15287408238449,-1.777851586904416,-2.563288664338707,1.7804698973398652,8.322667254829721,8.608779437625332,8.74712099601769,5.065835663256298,-3.611082800720121
1.3677744739534812,6.3015651312129375,-2.233699005228038,-1.2207753676453843,1.081437891035937,9.160444578602378,11.056982912675247,5.978759984497614,0.28622414261993556,-3.802876155515406
0.4724559294399347,6.562301369630777,-1.961086304691835,-0.1762844815714343,1.1762588087561934,9.762155203242193,11.927906233486107,0.11911475363960808,-1.31376781837537,-2.9311947569298713
-0.013700491320364563,6.564374283231152,-1.6173719114065122,0.6953795790164263,1.7239449175354635,10.735496514971656,9.5786684868185,-5.280390053930321,1.113210545300667,-2.5327570536101716
0.3123815976411252,6.804232166419422,-0.6842189047702465,1.2760992403504197,2.8192897127070284,11.370753932159495,4.846612385825126,-7.391132079943866,4.258329027604594,-0.9640007722723043
0.544261453648777,6.832600442341525,0.28344854492628224,1.920887697378017,4.064139342656406,11.053283704893875,-0.884844599353432,-7.33202849571505,5.3174887092928715,1.7512559701521413
1.3677842468602528,7.0128670659037455,0.984128257792839,2.1558811827707185,5.458755546020873,9.77141886689392,-6.158553720598634,-5.279564193574062,3.719902171295528,3.8055021589478186
2.9000452928027425,6.649217356314773,1.6549467635844852,2.5342812728562034,6.325280413954111,6.785547333132476,-9.324658749427817,-2.3419957640739746,1.5900614078134387,4.730285419828915
4.474998891337266,6.532719841408748,1.684172822922713,2.6708122668594902,6.758598410925231,2.7916570107435845,-10.354278361698611,0.0516629700058569,1.4653445395093856,5.0544224672922295
6.04571533033039,5.639241304610052,1.590515891583804,3.237113673051538,7.054469000100127,-1.2996154919697318,-9.487725403155078,-0.07446841623372612,1.6744713510418086,5.7672716243758435
7.284734904909738,4.118372145762972,1.198958220293696,3.834024067841572,6.454796660556938,-4.89572737238835,-7.32945626147356,-1.472221287830053,1.786475430221724,6.860706775969042
7.891958402683626,2.05947915174414,1.1574038515096068,3.9475996695108013,5.151526979529893,-6.69009813506063,-4.193476262499927,-3.109310238669523,0.9021523855757805,7.667454948150511
8.341009268266056,-0.07384111053345196,1.2670289920428641,4.503764737611967,3.6430253419273293,-7.363440774848606,-0.6999859347988596,-3.311189383268258,-0.652427003262974,7.81464283154774
8.423613592421681,-2.068483770562363,1.8465607019400219,5.2770694489575725,1.6485487629791868,-7.356071050963833,1.811447169975733,-2.369891530097253,-1.0613676635425775,7.486041246249901
7.903860737961264,-3.365527586687591,2.6862876541826575,5.8765540270085515,-0.2701261354396618,-6.513584249632269,3.138960260763647,-1.2082846722368485,-0.8760805679586198,6.965794887399746
6.894741600364573,-4.275124155832419,3.138023729830526,6.358656352010662,-2.5021168346599776,-5.4634457010943684,3.1435821384656104,0.1929189168248322,-0.5131648038392318,6.656857138505074
5.75071066020418,-4.56876627840142,3.5050513397583467,6.6191481792988585,-4.417901743403306,-4.103547201868349,2.454813280067557,1.2843983894447468,0.1436624366886654,6.954848470213457
3.962401644413539,-4.649834444239556,3.4415369707946364,6.720050134090833,-6.092753347300574,-1.9859708068646293,1.668646420879997,2.2227000286233567,1.1981587379722884,7.1792412576376226
2.137051377648969,-4.657487738023432,2.821056588735813,6.6274395078253345,-6.544232252951225,0.046924702349980696,1.4986689777710822,2.8091993135479094,2.2897010335082584,7.342503017219807
0.022916631913666205,-4.171578317227037,2.2126397605579746,6.575963622125216,-6.25501332953699,2.02076114888745,2.4702400801743103,3.192775365916473,3.363615919606984,7.185606845713915
-2.1306273179480053,-3.1438792959836226,1.0619622214489324,6.450485539614701,-5.272279510907255,3.275067532641833,4.075317058554775,3.774292574066954,4.188102107697681,6.615101133460243
-3.4864585525028877,-1.9431628887985395,0.523655951123697,6.6514437797410055,-3.483394887065609,3.6387613308441074,5.8444495200129385,4.280984960676408,4.668190342686798,4.8214616029739865
-4.017227269564697,-0.5327561752514158,0.4867991685335159,6.800718707015361,-1.5653073622200886,4.197897617042792,7.561928450442374,4.8021258505900795,4.459032191185774,3.30275719427521
-3.761113540971663,0.5126198928354179,0.6279217074507479,6.893110280626968,-0.019359817299828108,4.325835992218578,8.861924447517703,4.87120824082032,3.4646894575391327,1.789196604919691
-3.3312151588917933,1.0845721447219914,1.5235322319867615,6.951282968945326,1.6500207466574588,4.981754093076161,9.80942975855205,4.366315156499752,1.8684656825058106,1.4351139964750974
-2.704821301911486,1.1904286943476434,2.6803564997847054,7.361092287923493,2.981854208029161,5.436005834850982,9.926327273096373,2.784356950862204,0.7572339913830172,1.3480591227738519
-1.9766830624157243,1.3819079690120537,3.8618147969758496,7.87349763682635,4.414423199440725,5.8244211568125595,9.468647726804903,0.4300839381833049,0.638119766296097,1.532669790996137
-1.616463631998163,1.5792433057476924,4.795503223360694,8.670777863765045,5.57436204141826,6.360624204105606,7.78720825489167,-1.1701057731345288,1.1029098978424328,1.790984821451155
-0.8141165182808747,1.929618991513713,5.789677324516961,9.757780540979269,5.982757889027268,5.7687145012577545,5.589292442029234,-2.329660663373695,1.8892656550717593,2.5352682091813086
-0.31499637182675755,2.172280398923418,7.43039702372773,11.048976328816211,5.498701623147534,4.325864709174376,3.7989478553525724,-2.4224268381536493,2.515352861377376,3.0930220458948483
0.07530691175161176,2.749282582128237,8.6404636511066,11.825161443251607,3.2432766761431018,2.8456843155653404,2.7495404749642254,-1.7083676501416976,2.941887608486763,3.6419991094339865
0.5930924432217634,3.1360330795784845,10.51674825421596,11.049401747351208,-0.4612246623909185,2.393103691488318,2.861089744366709,-1.1683794813672237,3.3356757003585686,4.0930500902670905
0.9676965177674131,3.8825502627790125,11.85056699122576,8.01994692564809,-3.582323009978706,3.5226630616268415,3.494653476011947,-0.33540064541837744,3.43813379187636,4.831155235283646
1.6658773419488673,4.447407889022768,12.46970689638175,3.2246013621070504,-5.164673764656623,4.187616906004342,4.565655410485545,-0.10544801660067336,3.7754586002566137,5.296560983746723
2.3209383879838312,5.212639866342874,12.042748148701792,-2.6152593616044157,-4.531430294278472,3.0855077702655938,5.810379004313769,0.4241120929809833,4.044814280043357,5.843571210770334
2.9898716184695022,6.060852839458439,9.688977930829768,-7.001894550849866,-1.7298297415233423,1.9107555726674759,6.492447201272761,1.5117504011217915,4.419945810177036,6.414697161913831
4.063371176192585,6.524514379759915,6.1446078587124475,-8.501147795076262,1.2971106192573079,2.056763195526708,6.90745833335934,2.706192872929093,4.7442521443512,6.917892569101062
4.753130230317125,5.884820270291773,2.153915404875054,-8.427082148857624,2.1537406269956216,3.9628763980075234,7.349847174830467,3.67015426627937,4.846954073978952,7.182320679502736
4.9956937490912985,4.22847951084156,-0.9169911341529794,-7.859246321980196,0.7301058226093161,5.420092129091317,7.936617298877363,4.112465110455476,5.322570183608352,7.804465058197656
4.7021543089825055,2.514984421359408,-2.4490324005820057,-6.62420105948179,-1.605396970143025,5.3916710679027124,9.16367572853798,4.483361041494753,5.193009641827761,8.113927940934722
3.409170422755149,0.585128191081545,-2.5363068719207718,-5.4294100110190495,-2.9460418653218055,3.850994990166454,10.759181917076678,4.894316306091133,5.0546711667241935,8.13292076373878
1.9508398742287352,-0.33663024273771036,-2.012036318272419,-4.192692995601731,-3.7026666286185708,1.4752881490084195,12.124487342400746,6.256219928451141,4.1282836089393955,7.546166654193611
0.9708353612551887,-0.3927689399311501,-1.1647041244270948,-3.3952954810640352,-3.1004364605810912,-0.7358055786082816,12.09444665897028,8.240586980291472,2.866077029390337,6.581344729061232
0.6873300442856656,-0.12527141065130737,-0.5897052536287639,-2.7650499784726636,-2.6405314145220564,-2.1555538302095063,11.138791868909552,10.423588291109283,0.809460645965559,6.131141355066697
1.150651070218018,0.042798998570785715,-0.06496052408865732,-1.970107156218073,-1.5967633862240398,-2.7717484706491207,9.421106891410568,11.590063370119365,-1.0588813787678766,6.291473637201882
2.0292366982973262,-0.018985617216208506,0.46381287347742184,-1.3073532461861996,-0.8828420138376016,-2.9050431985883023,7.625692317785959,12.189029350816673,-1.4267527253588939,7.106886867321108
2.615154837331368,-0.21466191582534344,0.8246815026369454,-0.9797526150314171,-0.07543511405655438,-2.409679414545507,5.847958318876859,12.395884648379692,-0.38831964521314,7.715823021062958
2.6901219043563094,-0.584637935918503,1.4086517701162633,-0.2254658576931712,0.510841025559452,-1.8713187592563174,4.972965500918535,13.089549312656432,1.6715529414299128,7.489132706264043
2.039317614753076,-0.7703800249564237,1.9094337710297227,0.30704786894859726,0.7314155343772188,-0.8979037240185568,4.295125593914193,14.002774851265416,3.53036752603735,6.173129271266826
1.0098338968379574,-0.41176088261976657,2.4969058525690797,1.1186484270668515,1.356738033313913,-0.37644819461280643,4.142172563988806,14.621585493259857,4.454622518385571,3.8518776169645386
1.0100368722538946,0.27221537136466567,2.535362607203968,1.668772122058613,1.5093115342778687,0.49741105715985895,4.5764550988883315,15.313573661160554,3.0907979848347003,1.1036781498509756
1.404847324673299,0.7061335714793904,3.131966098093767,2.259579618934146,1.8068347369311164,0.9007243366188198,5.2944848770445425,15.413341311041824,0.547713298687663,0.30341588284561344
1.8210672182110053,1.3686352181931103,3.4970931880684226,2.6114352827725043,1.825855941986484,1.556728394761206,6.459984494476753,14.298318266524308,-2.883051423391897,1.5137705325809945
2.929118797981635,1.709518432308176,3.6393538306915265,2.950143492458568,2.1568244952968127,2.408954228941832,7.777241204844445,12.042199970066305,-4.898244125794575,3.8349595270723684
5.265804297595161,1.9574228604749622,4.010614800202631,3.365894540546301,2.3247810571422085,3.496456779629861,9.094280518838628,8.26209400060189,-6.13436991733766,5.923909388804817
7.839795342045376,1.7696390586663389,4.185469745566212,4.1224638455141545,2.702699249012944,4.540318642108936,9.678426262722567,3.700792744357739,-6.267993957301812,5.848807800208509
9.889813109837394,1.602350851228207,3.903425611215931,4.579003157292305,3.2038231680324736,5.580519676940709,9.257558713321847,-0.9538086405025672,-5.593568014671773,4.134974465628032
10.630871573793995,2.9060319973860174,3.5684426810694094,5.061351988591549,4.139238048575664,6.270572051093987,7.469010854080889,-5.1668907905263755,-3.904554801039844,1.040973083374307
10.734646551653414,4.909565373174486,2.8715719818895615,5.28255513927111,4.97423968991076,6.63931663017515,4.049610117695198,-6.96673123738102,-1.4975563721313934,-0.5692946600165825
10.385408954117873,6.992790869491886,1.7592619622984573,5.6172911777329455,6.126684989784466,5.838578220800239,0.3587501995473312,-6.749199472998041,0.16055724523938625,-0.7670075326182197
10.445361988857565,7.800796747170952,0.5742666528921025,5.772597717894678,7.811466967237121,3.8850566285596044,-2.4303546198436217,-5.797269941315622,0.39347078252806184,-0.20133604376133835
10.165131157526885,7.6482403784371895,-0.5930504233558673,6.151825808429967,8.332791610661761,0.6448863932672129,-3.108411720414131,-4.834462528634646,-0.07065148354971329,0.8148820203393852
10.638497224820094,7.0130251065249105,-1.5239349940739573,6.055658318763523,8.485139090247149,-2.6688125447861664,-1.5335185791169659,-4.141293310314922,-0.37135158004766633,1.1249825451566167
10.842962701017555,5.448898913186387,-2.603569898714715,6.12071163139148,7.981263130090372,-4.5703051227743074,1.0040276397866024,-3.478720481916912,-0.0641202743695652,1.1531283486799728
11.260630757023788,3.0478801968950826,-2.7929672809802084,5.874528913781715,7.2644062398113975,-5.230186009842289,4.130235370801811,-2.01824403743763,0.676836934880975,1.6389407005194152
11.261784626279201,0.7803828827185271,-2.8800042105271673,5.321931303746293,6.910902993584415,-4.756704414392625,6.499379746768832,0.16754252958830704,1.3125771834210425,2.6090241010256086
10.867720798775176,-1.9539463489375761,-2.079355937047096,4.597644032979013,6.775085976184674,-3.0620226147827787,7.694271864637323,2.4745895270389995,1.3169317305548351,3.7367557683456996
9.83338647158042,-4.070546206693302,-0.5293038166091686,4.365051353209296,6.624481525245834,-1.343977448102925,8.301269656213544,3.946134933282071,1.2747746101248985,4.453792464343515
8.619253352062731,-5.379986544936326,1.0604444445764525,4.759900824324796,6.77010509441708,0.497321931589719,8.309506486328683,4.7765596398077514,0.9372268054268026,5.025074225355562
6.828957531194607,-6.110574224209263,2.249337428356134,6.079810058871459,6.787388658850871,2.0107288451039693,8.353173574647881,4.778978481014363,0.53775270052147,5.3691341288436725
5.338458984360147,-6.033354559671655,2.449677428038731,7.942149789701681,7.0395002693060205,2.9832244688005294,8.026478459184958,4.057470934946392,0.4810346396684253,5.481358543644232
3.8340652899856917,-6.093319657469256,1.4340615642859031,9.263494479006258,7.632383121530271,2.8962165921067435,7.7669059112343275,3.4977846065111584,0.3825664356390484,5.898115532322499
2.2059107916796883,-6.274103400794765,0.02119784459938815,9.87522572247285,8.731752308034457,2.469881496355409,7.235183173310908,3.0810825159853144,0.6103211453003458,5.9580282890950675
0.4778114099532609,-5.902295931966532,-1.7970236624639468,9.203485904239944,10.22734902368647,1.860205157466743,6.802286004970217,2.956023437252683,1.0887850261198673,6.089066944852598
-1.0046780323076818,-4.940744588419959,-3.545450234519588,6.934124295369422,11.75296971680915,1.222489576900442,6.251059813834714,3.339245532225187,1.3679284153882612,6.252419148018068
-2.014388450653488,-3.4098312711234717,-4.297326325514442,3.9104663144461247,13.013982755705353,2.1851350051604026,5.692805240534058,3.7378327437972723,1.7075071346544195,5.916746802913862
-2.7949537497903876,-1.3791736952861615,-4.245681132738381,0.7454458718149013,13.769346135911634,4.497890237783453,4.609785771931523,3.550757829777112,2.3028343099649193,5.592277096663272
-2.8530688936593527,0.36430169858273537,-3.6160773971704856,-1.3718131623650482,13.262948760186362,7.121123221530766,2.036155255907416,3.636471171103619,2.830041631366752,4.81045991840443
-2.782204393978544,2.156483977221748,-2.7759571705076858,-2.7032177448067625,11.811566270060888,9.013286506159826,-1.2461426885992848,3.7613705949120035,4.06687286547229,4.103223541209519
-2.5359701673500994,3.311485829177619,-2.314829405081192,-3.258212409836271,10.000167258803314,9.168979041493833,-3.6715187621434318,4.736806303638411,5.541263186593036,2.7051849638510883
-2.3892351468954893,3.9651244952783458,-1.7978557803789919,-3.203208780090154,8.310658637856276,8.3550169477953,-4.766793661685785,5.540445162236459,7.325421357871416,0.7849746419223659
-1.6676958216373485,4.435243590413609,-1.4704892354812644,-2.6543892740245902,6.996669975747085,7.789475224858082,-5.077112614000142,5.4892074119608,8.602835718361472,-1.6377120558301141
-0.24443175397815864,4.447476097020791,-1.2392321349617754,-2.2779707704492873,6.059826153081703,7.063191392906901,-4.666718897682284,5.401840671155431,9.401962536700651,-4.1037108729401535
1.2213139373586535,4.911308428473153,-1.1851233665574263,-1.5894436613604932,5.4832627799685945,6.367578841746271,-4.209900821683289,5.085706342996814,9.281465070920774,-5.586952351972581
2.8800775917209562,5.746544131393204,-1.5976559053322257,-1.1807503721770432,4.982171758232731,6.154608216214841,-3.50651141160762,5.0771511639528395,8.68806426669247,-5.973748735975235
3.9360195840889265,6.502542387680069,-2.4946735427662436,-0.44055922258030544,5.092376590922988,5.728772680218666,-3.1070523052384056,4.749906556119268,8.185414630698965,-5.739359006521505
4.4199668523609015,7.353125659140774,-3.036465982721391,0.09550853452742111,5.35859326755731,5.224640034214056,-2.634500982979767,4.717664882553787,7.55705376261211,-5.048221014539319
4.764546528389705,7.662514407591312,-3.8682937207161308,0.9253093248141,5.80700002818229,4.5898880038331535,-1.9089184994535402,4.568878903316233,7.06117021743617,-4.76745238055244
4.8898937430111005,7.849751193023628,-4.476712788645678,1.8096789857418774,6.59102794601513,3.8381267713290375,-1.9594651024741472,4.555165665929393,6.760606693712826,-3.8539547802863763
4.782586783589932,7.4356181184310035,-4.868003755534481,2.470798723627553,7.6856873703407675,2.6634227718896515,-1.420693790587852,4.706817625793687,6.4238406335771945,-3.175424716980568
5.016463741420045,7.170787901192802,-4.8676253230126605,2.6484828291942395,8.712375747282767,1.498778667905953,-1.3204638267145963,4.4312136168498,6.41384484363135,-2.2290467556385187
5.198883816644775,6.648644745254472,-5.33680671423868,2.4387971731915887,9.559475222476848,0.1628422672156401,-1.233755460052053,4.453579483002525,6.5907862034484115,-1.5638392094140836
5.343638369713126,5.9214813768402985,-5.494758752110569,1.7815559990940792,10.003140223193167,-0.7622421451258894,-0.37026698847302497,4.415214174673791,6.689170633821505,-0.7431700382762805
5.777128461914957,4.538476840380763,-5.752985653619403,1.1651995223021623,10.222427689475776,-0.8728419108532874,0.17824584127189125,4.729883045106483,6.753268425027028,0.03908037692972704
5.917498394662187,3.239022699640781,-6.016119182504598,-0.35132008165880013,10.184716801260828,-0.24013861758804747,1.1176040084227357,4.979447021044764,6.760689783027143,0.8106156009547947
5.86510248951533,1.4336401774545309,-5.859548260938241,-2.442158835906274,9.5801853146413,1.5312410012359015,1.1986872684322165,5.831847395088544,7.141395521351577,1.5317957353774334
5.51986641479646,-0.20681778807313947,-5.2505155698850166,-4.112429163207513,8.6489583181229,3.994969720739388,1.4014454756068084,6.070734964256366,7.315721914755827,1.6123913698683057
4.977102541334292,-1.4202452750336034,-4.114473301178441,-5.443961007251669,6.303115820109246,6.408457390737147,1.2739380497112143,6.510114688358979,7.563594623715416,1.7127729423057574
4.609124290853026,-1.6933148458051661,-2.616029425867555,-5.720948263758135,3.57530256145055,8.354645506688431,2.335240626111883,6.733580132134478,7.492838176365813,1.213073108086937
4.244630658051795,-1.9458126941904785,-1.0614711341474843,-5.330251634767064,0.86100354710344,9.28121112389327,4.71993950050608,6.5711804019443285,6.946492761623835,0.8554054938280503
4.222105151096351,-1.5093527216319536,0.20914567407828882,-4.71637265310639,-0.9416753088868796,9.444087172128754,7.99871378704317,5.691635536356843,5.350494035877017,0.7412877951841939
4.173750696379525,-1.0507066739572182,1.3768283659925513,-3.862431008206981,-2.233431227205006,8.272330829244396,10.684162699798861,3.898626999545506,3.5338688464304635,1.0131754306227512
4.274509012821026,-0.38009764973714466,2.1521738237130004,-3.3975875449523216,-2.4327690811047056,6.6539055512354235,12.825134818289436,1.6652947961145785,2.560382525074674,1.5476978553859129
4.25343608117311,0.18039608846354516,2.6121232062042044,-2.943470634223363,-2.4430247420808553,4.678617485109052,13.615378561334797,0.02404592197371809,2.822462571043855,2.5948559284977533
4.307882612266454,0.5261124167658928,2.9450220823609707,-2.5705004050213573,-1.9100175739357428,3.2307342296629735,13.547881449161572,-0.2859196664281644,3.0347562276377986,3.3295194660533305
3.9236889421735177,0.6973251173477998,2.8756533680657683,-2.5935726477064156,-1.4406892580500301,2.149680277117178,13.599942847612283,0.6284141461155286,3.4097740127047245,4.4791316835615795
3.827217356576976,0.870269505159194,2.7622818573275585,-1.9654412439943711,-0.7779337785079881,1.5234148488436667,13.719590598832536,1.8938868350150777,3.1302068421896525,5.009855199124813
3.6265275934126042,0.9161217184911308,3.1209360295565567,-1.7130968751725624,-0.19335978289370365,1.8517682018957036,13.971344505251427,2.940039319157019,2.262273915293344,5.344873408796138
3.5226400080398315,0.8261650341006914,3.2687193404890604,-1.1421521280217126,0.5682847711121084,2.3589721404861366,13.863971296594801,3.3435946864270627,1.5704326450703083,5.8114900229431665
3.8513497746704193,1.2028882801441447,3.406448501232442,-0.7160765317301595,0.9884538141211044,3.3205810664541477,13.980615030492498,2.4463320370492836,0.7672704834837,6.22930565555662
4.254967429260792,0.9676862570158081,3.436564053724146,-0.32387282970203235,1.5191488134524955,4.564273828939347,13.917868398675877,0.4826816634918766,0.6028925060844489,6.271986813184591
4.326547761801357,0.7377749010805074,3.646709338056255,0.4834245018529119,1.8077976290468514,5.822919184958565,12.914918085618641,-1.9310433156951543,1.2154490545939667,6.528049829534284
4.222058426146112,0.415162337476648,4.023992182041456,1.235867199048411,2.2767766558225127,7.361644356476902,11.301691649606386,-4.114753818060968,2.3858507345632005,7.672952832251326
3.562897129750532,0.14030940457751745,4.133617532709134,2.245076946281367,3.107306380065068,8.423272887114294,8.141370147192637,-5.639355578214028,3.249674910614643,9.010821574944694
2.3326832710325247,-0.06019034518018891,4.3426771526394035,3.252666225174184,3.982446763320157,8.795401566949417,4.208393933803857,-6.684268065141659,2.4401985203526815,10.292323447050757
2.051203918445299,-0.37910191475141886,4.6835432853767704,4.73370195869184,5.055839783893479,8.663868503073543,-0.43693220308419706,-6.45263261303573,-0.06820260552460586,10.896843487424409
2.9573298824305545,-0.4477724868032206,4.982408363222707,6.448538340892081,6.189290858521178,6.554473330414787,-4.271397488206337,-4.620647847130534,-3.2142086077862366,9.948995318559401
4.9459922820871265,-0.9099944195768256,4.979201082046793,8.283273906320412,6.018699579679228,2.8061230691206736,-5.642483697008598,-1.6979887861347476,-4.941143917562066,8.590263279535149
6.571275753123111,-0.9292536078994326,5.066075837714372,9.802753528874293,4.468696025417867,-0.7326392362625198,-5.0572447799150915,0.35515349351966424,-4.379208016468271,7.378242769865908
7.69439605873966,-1.2710534821105868,5.11210778122798,10.948421544725264,0.9674304358004951,-2.5263714505371944,-4.222259339846846,1.2986442245985548,-3.11893753067701,6.2077589545442935
8.370264962895105,-0.9640381070725603,5.2351844873392235,11.096300093693804,-2.3294776331685236,-1.4431626568671436,-3.8013665659341207,1.882606534101936,-1.7851731845604908,5.632302852387477
8.442175185524924,-0.3207328627970569,5.608572144550094,10.043002032194499,-4.454249389029932,1.7861627502726571,-3.0040986430405066,2.3746277937184197,-0.4599466863476712,5.653292280390392
8.306704815773998,-0.012165208543575,5.513568920282899,8.831582841612555,-4.697851373386304,4.838482523632634,-1.3129949556521436,3.164903262991355,1.4602409433932002,6.1777445271498745
7.725399328569714,0.1404702653465843,5.863665813891421,7.736082467527124,-3.8626317731935442,7.000887161545953,1.6658605196398026,3.35920380171149,2.7435008188802126,6.610349672485926
6.949802158288202,0.41949770895991123,6.17978833141482,6.629782660056811,-2.917003066212709,7.62773134494285,4.482978599445544,2.939686931059057,3.7828589260133527,7.343572400143561
5.681773871393238,0.28208742084179156,6.165297003795291,6.235725817816146,-1.3809504382451208,7.822921123347925,6.589268563625042,2.685990282465737,4.2636380639971305,8.264549830697025
3.832909193714135,0.2971243911793794,6.568337615886522,5.833044063126353,-0.4478898741245795,7.99446866985172,7.897892566751313,1.6967095309603457,4.706612031109764,8.846869084500959
2.0467184593626655,0.18856394578252875,6.670583619020669,5.955031293943694,0.23060095220667545,8.07409614481657,8.33526197714912,0.8413558711920233,5.14806916762315,9.395983018640823
0.27219605315250034,0.7761753808940367,6.94698557937052,6.147676365332109,1.283964666354395,8.21936750777333,8.498098884009746,-0.04905002227922525,5.4861492793217135,9.746692030577478
-1.3163085134811807,1.1365607856926556,7.514975790597896,6.740109603368742,1.953908659453805,8.481627036475796,7.60782357077024,-0.5568545362752959,5.70871271429949,9.803102316920777
-2.672048986063643,1.828931212481237,8.06214322556313,7.240768224926519,2.9728186659179947,8.494204292533157,6.491896505456007,-1.2298707164402463,5.816931616729455,9.421149796279218
-3.767119110009969,2.176865875022026,9.23293894705934,7.736050580815194,3.0426252301512706,8.376882506688949,4.8655944414875405,-1.5361501229335315,5.663536987958919,8.731505620882492
-4.412161117258309,2.251871238221924,10.696404795438275,8.068211284807274,2.620511870594402,7.803746021562926,3.5545078437918853,-1.3268454181180374,5.5647128278763995,8.083131310650181
-5.156658929618371,1.7669955282539158,12.20283447279236,8.315869034677442,1.5483346427659965,7.404520128894038,2.5199405117939313,-1.1172940612105267,5.621908585342531,7.217685761677709
-5.875102390962527,0.5797085684351342,12.544522919142022,8.048895098382301,-0.07936018075146777,7.566689005631983,2.1493564714413185,-0.7096593239316198,5.642328144928898,6.104676604020425
-6.487278507245431,-1.0869711644146909,12.634083066607277,7.514102176777709,-1.597838528152864,7.734480362192622,2.834503316616913,-0.5150053071153208,5.664934752727287,5.095646414857999
-7.052768523451112,-3.0226154526143914,11.015328986448978,7.407419951201968,-2.273689858209472,8.371800659867333,3.6561181250102837,-0.16750651453608006,5.941186610440435,3.5824366352774746
-7.488792676790942,-4.992751059305637,7.835924603044419,8.590798914600745,-2.225289643497272,8.83592577437521,4.954763528599909,-0.6258692172414262,5.891816799932022,1.5285140890616828
-7.384439699778389,-6.059058955632214,3.422494776433588,9.613248749969816,0.05423396670590899,9.155268415640997,5.517878563641269,-0.6026089559220733,6.43279400357352,-0.021250579759275637
-5.761143066208239,-5.825932154599523,-1.2230518638988446,10.091986526683447,4.231016146340565,8.637527842706024,4.610407728927738,-0.675597844767173,6.589496345499614,-1.4746008906473973
-3.8851228420164867,-5.002119061328943,-4.327709030655483,8.104381269927979,9.248533834287594,6.802835144640486,2.204489095835092,-0.2330766907469086,6.9182680534609595,-2.303723733329864
-1.8198535555578268,-3.8327046916564953,-5.560082173482214,4.266694985284394,12.773890507747247,3.6728838386664457,-0.3192680844823583,0.25496553595898497,7.215092887257795,-2.6658844658563443
0.23323246682228269,-2.8672134258264785,-5.318766857779888,0.15452937174833603,13.586951591505162,1.949574061554287,-1.6141553525593553,0.37255535026285425,7.3362753488394405,-2.483329501923482
1.7547291627547594,-2.7219781927831495,-4.428958783355727,-3.4278487849103394,12.80827127155942,2.1586048273298157,-2.2028046277844346,0.23522186884969315,7.411469771576812,-1.7867573250530877
2.4723400869029386,-2.045393412408605,-2.9305290680544203,-5.054437822864909,11.144393396865878,3.5089934148691393,-3.2831613663867634,0.22852031063663347,7.662583795184322,-0.5156641178531138
2.765360628215314,-1.7571463782063377,-1.5871133503857524,-5.760744302075021,9.715349653505776,4.758434808770099,-4.750903521911708,-0.0257597055206066,7.812271590272153,1.1793561425854517
2.1888017425126476,-1.6485939942333439,-0.047067878208745625,-5.484534480097477,7.932192637672666,4.8118209273375845,-5.966843883071533,-0.43967851289579296,7.734751600389535,2.6655676048472627
1.3741048363537276,-1.4033645278716815,0.722748560145822,-4.566821766911762,7.106743101134556,4.629816608466859,-7.180877849282181,-0.6324998989555617,7.541142282737938,3.8112711448535657
-0.13795546063000086,-0.7934780504979342,1.315102573321477,-3.3331896069419624,6.685446441765528,3.6812995916710407,-7.792974326630695,-1.4623214096578683,6.981688593559109,4.600717612168034
-1.3941055042857422,-0.14874615355307247,2.045327654571851,-2.150047427984774,6.6106824918623435,1.957083755480395,-8.36887901190244,-2.4826859240707653,5.989839715445961,5.355420468016679
-1.9256140475850732,0.666169693510792,2.241802138828592,-0.8451824428872221,6.803702354430692,0.3583089408789896,-7.800547710677474,-3.1468044137614113,4.216337523422855,5.857506851174367
-2.246954132123033,1.43714618839731,2.899259875153517,0.46947445150712735,7.0973411859853215,-1.8800285043748464,-6.553293228446153,-4.152946407996745,2.105493828201207,6.062608606438732
-1.3014968893212155,2.2413956946802736,3.3691306801238814,1.8354498111428206,6.732250581323801,-3.419340215458314,-4.305871917254732,-4.438934478506643,-0.1248548203365474,6.513661912519605
0.4179476774461277,2.7612535531417794,4.087832587386573,2.8418361279871047,6.107106216063871,-4.370812873998476,-1.5316388222185728,-4.322715979974891,-1.545846987786612,6.5522313832076735
2.2677404045036047,2.794031040239107,4.5389179070648815,3.8425036975409737,4.690303437015156,-4.629414499814893,1.0595033211568157,-3.6163310412872107,-2.4037106559963775,6.046141288660169
4.017842843220865,3.196413170743746,5.085074925638022,4.354717355287764,3.04999932945092,-4.371834087640995,3.155185984698025,-2.4725547353661095,-2.2083940406048503,5.754055761454791
5.853546819024257,3.5106939148481113,5.102654500826455,4.319422271114602,1.531351755064663,-3.752252585106117,4.328518022810005,-1.684546869974013,-1.690119211025908,5.117064795704558
7.31641728852502,3.800931867691644,5.0234207599300635,3.8842111410746143,0.023713632078599396,-3.042340993716124,4.943182260229956,-0.4901640660323848,-1.333070396590053,4.897287017675856
8.478697082425631,4.310688748412454,4.468687684180971,3.350968536378822,-0.8708986266761836,-2.4945344342262423,5.074662503706876,0.30870905064779314,-0.48303816577154124,4.870441623382664
9.439053602935484,4.078215736045907,3.520658496889287,2.359562587668132,-1.090869672199112,-2.0399172264048238,5.158930771225563,1.348306438343331,-0.16549169154144253,4.886062706137831
10.348718166204286,3.299598631818402,2.35760560797021,2.121652863268805,-0.8928155266543303,-1.6280134523941867,5.15940431203348,2.0174394180935207,0.2636709033818436,4.834791139309708
11.222536755049088,1.96107335807642,1.6046849320157996,1.8100551363851007,-0.8760019597049818,-1.1060667013691128,5.225715844276788,3.079258649823769,0.7866879058647647,5.445746010140285
11.026870654961348,-0.034759454992382074,1.6288867505022344,2.486230832480933,-0.638965702101272,-0.6466561991982492,5.277840646084575,3.868383318657979,1.2207939969097512,6.149417342194591
10.013714092961806,-1.9374438491110348,2.32798820425799,3.0294557622162652,-0.5114793789711364,-0.30799270187935474,5.291117316022766,4.7527552719437764,1.929922685006192,6.851474816516965
8.124522491054346,-3.2489327014215252,3.7286536932782486,3.392559595486053,-0.23927881969125805,0.29780375672832043,5.479427025203956,5.604652868200043,3.001703652823578,7.482321405876467
5.599953416027441,-3.62326223163729,4.465218541436056,4.260923481558152,-0.6174643371829048,0.6862117749184014,5.798239884303344,6.846428245822592,3.6952945516307754,7.7625387401331345
2.9704884526894055,-3.895497346343833,4.432476438848003,5.438863696274766,-1.05114260667615,1.075837282478224,6.470407522271713,7.81684529665457,4.475259511534603,7.302928142043875
0.5802448689699703,-3.295473400240779,4.010038414110909,6.268407296618453,-1.3784289795632456,1.4030440680399137,7.167805869539208,9.136988243840344,4.825517718819715,5.829357431288983
-0.7820134973870835,-2.5499652891839415,3.64044775555108,6.759203615174089,-1.4097610558215645,1.5270190131428363,8.250530091793463,10.371235467867029,3.687025264104713,3.8997767229289684
-0.8963641766493586,-1.8297042906906624,2.9744471203236147,7.078724503546813,-1.2943774142081883,2.214244413298403,9.484144798452405,10.483215604438096,1.1068806430281732,2.7260168445942563
-0.49254189781658547,-1.3396308333480127,2.415961794170763,7.102487802466971,-0.8743136650541736,2.2332333994937876,10.476255637768482,9.148992985176305,-2.0348403726876416,3.2574021227289296
0.37956325909416777,-0.9968397334438741,2.448743457470109,7.347535830452764,-0.34019381913368213,2.5269984867951982,11.735788490430785,6.264067641310484,-3.9753077710187874,4.686080525868239
1.991736431124045,-0.44238805656536595,2.5596768301390047,7.694162908817498,0.12400965424372054,2.9284056538680994,11.929702227127933,2.5367281538686233,-4.633254502904511,5.803258081313003
3.1576708606001036,-0.43396181752415935,2.802061863871602,7.917462146438953,0.7828423872805874,3.528731187708847,11.921233701238945,-1.5669307305296283,-4.153385893227586,5.544012529423204
4.389274124248796,-0.19293111941406926,3.091979228488039,7.997119178712087,1.5774393663368298,3.6989735889520676,11.154344296784188,-4.797569904148367,-2.1298508111866514,4.70119715366138
4.91681864581391,0.0651371076201261,3.3505416747572596,8.648166211610055,2.04638863986187,4.256668666541178,9.403391017067385,-6.721871700800746,0.001358516437470392,4.118308697938306
4.827096575533421,0.21943021519613598,3.93100183735202,8.852570610863772,2.9357518610134417,4.4355598523346575,7.381818331399039,-7.609111566080046,1.5819274861780677,5.307475541734649
4.411556839053049,0.28039004967408526,4.290014153647007,9.750454771476784,3.3059418078426925,4.38776878709606,5.28889980320723,-7.271669786323868,2.2295430254817323,6.632730846716867
4.259311511787878,0.14085919641441014,4.457015613046018,10.36737780444571,3.5213786694082785,3.4218076837414295,3.4773901238704847,-6.773611295215729,1.5196621059106832,7.945966695704052
4.06780980291789,-0.25354893026336284,4.474961733921341,11.072257646685607,2.9573015937053677,2.3356797140336547,2.152701801897972,-6.234726370422999,0.17553439733460563,8.462764027786356
4.381687735564106,-0.3196030411625791,4.745511004075478,11.859403935879337,1.8406482310568617,1.7690839618095726,1.7829516336452496,-5.5956044983215465,-1.2380282716077549,8.394977141560311
5.294850398536314,-0.5609807286224675,4.869834068229976,12.039072064629753,0.3491662442053874,1.591824695815757,1.5237262942815333,-5.118881156888308,-2.2615251121532958,7.557413871636523
6.264069770133512,-0.5903246449028403,4.953301516373529,12.052772006642227,-0.949818979339128,2.140604360184481,1.4220915965663572,-4.752164054574651,-3.0427206616783624,6.055998651023457
7.234077533402708,-0.24984307918364718,4.874429417935108,11.760759069716507,-1.952439123258055,3.19599270821836,1.6420488110982498,-4.7279150806509085,-3.1444208278470556,4.740793908250523
7.738112303291174,0.7649258250278269,5.421203557577913,11.022139301513189,-2.0135995981635277,4.388527279629942,1.556911078024995,-4.391789388728841,-2.956718148687415,3.006020740006593
8.328522383445282,2.5863101745583057,5.751350823719593,10.164433901630135,-1.39786506080886,5.593326607498073,1.3342450125102479,-4.251107106028675,-2.7937749810472527,1.7328828379706582
8.745326654296775,5.0175760353394585,6.206269930697901,8.522775075027159,-0.9562276675981642,6.395640708850743,0.8596997936755728,-3.997982912345779,-2.0278378688428664,0.3888271143703017
8.805729871441342,7.662835426660289,6.015798155928136,6.767474785972177,-0.2878736130893911,6.80672446976577,0.25518479330080474,-3.5972975910546885,-1.3102847919053704,0.0017775370448980948
8.903948512733052,10.324854548339077,4.651435073360471,4.446656158324214,0.7036920079342963,7.012001460674636,-0.452530089137178,-2.851832687451283,-0.7680004236250324,-0.23983027531206166
8.87554207311586,11.8500054369747,1.8497635383073523,3.320192316622057,1.7247243656161495,6.609440765952994,-1.1171919024548704,-1.9137934035329918,-0.3149219610654824,-0.21761685109402412
8.952568485244502,11.838126943017024,-0.9290972885255033,3.3975266639448614,3.0395929976896285,6.460321539096071,-2.045493460212534,-0.9572595728611348,0.13515274787266132,0.3870532996163103
9.189767279450518,10.353008236109696,-3.4546705350558446,4.441611213168276,5.024265195069968,5.441360757399028,-2.493144860792459,0.4104901952465193,0.4766927503650693,0.9636552074328578
9.778057959655198,7.729356879207706,-4.795028013101982,5.178583568804333,7.279784149051079,3.3726231593806855,-3.135709189014314,1.149914629009761,0.9730727663923896,1.8021524351165623
10.64296373292562,4.121110553547866,-5.544429519776068,4.946902342141935,9.034318055437625,0.24828265180110903,-3.0252289359266737,1.7435638195448078,1.9274047005323183,2.7720071237728736
10.249361724019721,-0.2530880436501504,-5.649576931294072,2.846500470404974,10.112094027083792,-2.132018746126842,-1.9673234857961366,1.5095740870569976,2.747757719138636,4.106041797563691
8.735797056058933,-4.510946411762533,-3.639640552738878,0.19782628141316216,10.215720699270207,-3.0539305667632686,-0.211423946022129,1.8282494555002116,3.7121098036745463,5.758619199947242
5.7315828495130985,-6.777142902913907,-0.8787818680135433,-1.0004256805757603,10.354448952887015,-1.694867945727434,1.0750892600015867,2.138726444836376,4.646405908859053,6.984666556209569
1.4302985111519844,-7.42352009823001,1.290761622623714,-0.02130605162740424,10.036938182333312,-0.06336333126362592,2.086203625517721,3.273860009567904,5.642124046615765,7.261454820438768
-2.4679742267279248,-6.235011608822002,1.3913165378954369,1.4467356669386975,10.335494873908342,1.3151552935099828,2.305536611752504,4.081584600978426,6.818513491089474,6.1296000794502445
-4.849871412052379,-4.900326931904365,0.10564857246288542,2.5947888742389473,10.228905057970328,1.7295043895190045,2.3495493276136346,5.016799180134999,7.505812682791036,3.420684207490053
-5.283249068742225,-3.430068402729256,-1.0176490182755582,2.7677127326971656,10.822692465378726,1.652789067376658,2.2846521292368953,5.924797692425835,7.526576621614741,-0.27767257609359314
-3.5162404378343597,-3.0720982462872057,-1.4590132685146353,2.126084552782419,10.967702143367775,2.0739938836209535,2.058571266814238,6.735680536782756,6.18858649940181,-3.3186301239735494
-1.1694664822649514,-2.496128799948196,-1.3364629916002306,1.4474056003476905,11.277121842293731,2.8441287587892465,1.9496078394283198,6.987350056301318,4.279506891138352,-4.951881646025548
0.715056672417382,-2.174165184865286,-0.9226432380749661,1.0491844040345248,11.44013394707391,3.571758951252626,1.8551647998173675,7.350946382711877,2.186392298900876,-5.520315710203673
1.8924582182064738,-1.1382575637699024,-0.41997986984796876,0.815013159006129,11.608249163060066,4.326108403783707,1.336476071393443,7.179382173969344,-0.011276001452880581,-4.8425799036435695
2.2714763774925943,-0.12692288656693262,0.03927128225803809,1.1373375314241811,11.743432463777253,4.51560204141023,0.763950713715681,6.9416819316023295,-1.3460764122575082,-4.045784232611581
2.459205602694474,0.8842148936000411,0.23849008403172334,1.675760537435261,11.87497189421398,4.378914914011971,0.13198709279773557,6.942637115956034,-2.333295415441301,-3.034900540495724
2.3755528099501584,1.722900398220221,1.0596323191755939,2.5783573762299956,12.05462081757102,3.1722728670377807,-0.29179853752211676,7.291335754503305,-2.3767898800878555,-1.6875329396008187
2.277912867107846,2.358492705023618,1.4524370324633775,3.4815053125399316,12.396955934637674,1.6240739899790482,-0.3738858529753845,7.367373575214077,-2.153633763988914,-0.6662432382784197
2.7550614380940686,2.863141394567602,2.0947199894447786,4.553792242295257,11.7600837651227,-0.457663923626936,-0.12276402241583272,7.61244327119416,-1.6142292238030973,0.278519172990617
2.9758987644920047,3.6444492878062773,2.6044138058631825,5.824893878038662,10.771223804596957,-2.7558292179004016,0.7399030980994559,7.777439070101545,-0.7455854354249639,0.9332470189304769
3.7449587358372574,4.267131278966817,3.381013467984084,7.056138106137086,8.640485653023307,-4.453584340798768,1.5578850750035311,8.026393813155513,-0.049802265987258246,1.6653306941346209
4.595487420841241,4.724859288043065,4.822283145639083,7.501551380772132,5.245842094621609,-5.560736322339894,1.4993302639846164,8.389774652082165,0.2536613803626844,2.000071141350455
5.328113282441857,5.970193892236658,5.661928608810375,7.011451251802696,1.546811497175985,-6.017564578876727,0.3282416372053212,8.94649483464651,1.4156092520973833,2.2179184935237712
5.946504692282321,7.1479598998576614,5.985255540091702,5.366335574857928,-1.851502915711657,-5.045809819119049,-1.4627725218801964,8.738025162314262,2.934936177433338,2.3207826576614115
6.592687498163069,8.24660916463251,5.339937048132236,2.450698711950087,-3.0967157652877764,-3.6578285076101325,-3.795341699549363,7.651017159451457,5.272470618513038,2.467042727051399
6.927220527500507,9.160006417414468,3.216516911795148,0.38947464957402905,-3.095587773138214,-2.0157156535664824,-4.080872586861303,6.029639090358591,7.78882863744134,2.6502147460812355
7.135791993615961,8.59150458438814,0.4948006540014842,-0.13928287858613092,-2.490489809593255,-0.7061199971398676,-4.103768189676771,4.204468312039648,9.610892257190375,3.852880982257642
6.748801400192411,6.8973506050569755,-1.6939748849063336,0.6969708916707457,-1.8760528260463092,-0.038799352686995,-3.3844661072361397,2.484999499407251,11.042642842887854,6.072170185509386
4.75784303554658,4.298298963151499,-2.4028518852600027,1.7228710362807977,-1.0769395128171046,0.8083882623299704,-2.842566646600041,1.4109803045377414,11.915980157232132,8.517261040524433
0.9754030263312795,2.93410550658053,-1.828377366539635,2.566380265561776,-0.06610552961390546,1.3420914237481316,-1.9538857191643866,0.4042152694330922,12.196821517382089,9.652739954587032
-2.924559068875115,3.7587148152015497,-0.6987957829366644,3.2490533608207306,0.7927224506153736,1.7391049822886897,-1.3553135052250205,0.007528486607741178,12.303300481307174,9.09281613107142
-5.02815133895157,5.88392676408388,1.679515332249753,3.5452134448062163,1.5200226622116813,1.925521682983102,-0.9999434370112916,-0.28612307878303667,12.07964756581547,6.85287792941529
-5.992225282727926,6.334617670625292,4.573915047732404,3.3059677838246575,1.564416347972177,1.9196774689878422,-0.7431102772675071,0.025989354727191244,12.04929951852968,3.7075580752064594
-5.655918141860189,5.447464490555698,7.428450217316902,2.276628077553345,1.5172679572084797,2.1651384209306115,-0.19966197836990707,0.09764977867650183,11.806392864071645,0.5631748079616121
-4.61296201309382,3.3785738147101876,9.066712554064557,1.426937007009609,1.5351242863817025,2.262105035549029,0.06790805667425236,0.6383240301528592,11.799756324389461,-2.1833732674388595
-2.4015742393740704,1.4189413168221205,9.692160641335551,1.3593923107503174,1.4833332620246036,2.5956785965629576,0.47720958810005926,1.2811741969796895,11.409339061830456,-4.205002118426837
0.5156659301383124,0.9798955971674431,9.835338400077823,2.094779929833764,1.1799839922812758,2.8281939097417044,0.8178493245350998,2.057149086313649,11.063812282366028,-4.913913038385973
2.914960534461811,2.8063122229053477,9.788699694898751,2.012237338978795,1.1420070316327877,3.2296231421946877,1.6438092722060393,2.8385198308460997,10.191403072905853,-4.439977096886984
4.511236813043587,5.72730590432796,9.31867520834921,0.9395023360410271,0.8931361686940609,3.4829483984664957,2.3515567283389456,3.8755905839825457,9.247022571479743,-3.4573440283294237
4.860108779117489,8.472859223829705,7.668286408738465,-1.220486996630772,1.3103242190488325,4.0378150945353255,3.403601902248479,4.57980918149727,8.062967595844762,-2.6780989802468755
4.960376767129268,10.77481601279442,4.309702704895781,-3.2600182661759054,1.9225417725780707,4.952329138256012,4.487002000152373,5.564530325365055,6.500878209846981,-2.160517041443051
4.292640203675398,11.840861737760255,0.11272852276550574,-3.2687941200813344,1.8196868930031442,5.96770087955989,5.58866981755315,5.9506200389208805,4.8241173440436365,-1.9131010276255487
4.21233315975672,11.505674028150164,-3.46074600486071,-1.884925332830127,1.057315121331164,6.841615883048699,7.167752563546144,5.2000327090310945,2.7548286282843795,-1.4378839553367506
3.919921891579682,10.808258186462757,-5.322371455942698,1.021990104177447,1.1474765391610315,7.428609279484518,8.498481818662553,3.58069078290311,1.2834937428597106,-0.9379408079641602
3.80498899494614,9.869585835055203,-5.46131626200317,3.5300815067315257,3.1936525559611533,8.03005078164228,8.496810524352254,0.6432823351460892,0.6134864896695437,-0.3366511541159425
4.156742374631313,8.946741517893354,-4.517382288471514,5.223812489085162,6.475796371258962,9.04246644543134,6.050813383830534,-1.7721713092819078,1.1726315588777763,0.3064023511039433
4.835858773212134,8.111104667863762,-3.4346218703410525,5.296659529169477,10.061617094618462,8.632695179518821,1.9063208776323068,-2.697462454257139,1.918716106288754,1.3212973823843606
5.685751502775505,6.9080492289247575,-2.5224681394676116,4.970966336308664,12.313128549029184,5.489376491556936,-2.446285870813886,-1.8176729324502976,2.4148645566906874,2.5606020768406914
6.289131566958019,5.295756957465432,-2.36397570061534,4.422372954918178,13.709840098161802,0.22704344112036173,-4.005428095401356,-1.4394207236194823,2.0233076440664552,3.6194817660821204
6.9476806753756915,3.2980489045994403,-2.5289746182231734,3.298442581568044,13.74350639505625,-3.922045695011579,-1.8255451396642035,-1.3085241504049907,1.9267437486335228,4.937323292995684
7.154931215548794,0.9219680934318988,-2.3461865250868463,2.535090008524283,13.088814696262844,-5.133496109082606,2.425082923110941,-0.8736958987501999,2.1915000467612487,5.942938746722452
6.52602030597581,-1.43575576784103,-1.6425258995354997,1.6019226883025353,12.728490842777152,-3.405805950447659,5.3259015347986125,1.1145388174911854,2.451711734763312,6.934714975979823
4.79010647907126,-3.122881773277455,-0.594645968647649,1.3579554190720795,12.69614468197305,0.10789157449863172,6.118884823471848,2.901764069837882,3.086643090029899,7.532989703008723
2.447726643735606,-3.7168217944191597,0.4567327357116562,1.5644603589890975,12.541792714614116,3.600262824621439,5.5113462353623905,3.583088055170633,3.583153501240894,7.77699205005081
0.09816451415053123,-3.551652436151403,0.6986124775657747,2.493097007980457,12.794259095637228,5.466332556178612,3.764972574575071,3.84422741774408,4.344993223964301,7.421684032517482
-2.3812640818167927,-2.5950672727776323,0.6484358428187812,3.567312517057927,13.285654947114258,5.384658904635421,1.5101703496423886,3.864567885843875,5.531644814318415,6.430615137445771
-3.7328091408589215,-1.1410761874266377,0.30681874047664864,4.091565778753763,14.067909946247234,3.586980805081686,-0.36337657601393697,4.127075451399931,6.626120680109517,4.328424979696696
-4.226398256876984,-0.08276268239979764,0.6035040127025014,4.671724557580897,14.24077506490996,0.4114918661029966,-0.7598233881772826,4.259060983678627,7.475794411373233,1.5774952076182582
-3.6531824899219605,0.10738226230741793,1.0444401450448817,5.300375528497397,13.308054218395304,-2.761290682856173,0.44765193217034394,4.58530851038037,7.837652461031632,-0.9825547837311852
-2.2563308590081452,0.0383783411563445,1.5301649153104901,6.438838728680412,11.822945180382881,-4.8213288415860305,2.4019703801388794,5.647696956773055,7.0552017841880765,-3.2989130743664634
-0.288067112199227,0.38647626330976836,1.8936328044174955,7.472481671021312,9.101976229688145,-6.29562632125648,3.9361539371402676,7.481695400020552,4.788320893770015,-5.086513873756269
0.6781073861531421,1.0390303952418667,2.749779582469532,8.318742125006699,5.701882017922095,-6.735148589267001,3.6573326278506135,9.34350650837068,1.1773766180658145,-5.398229580956434
0.846146625923627,1.6688179468899715,3.3438166176315853,8.775618530871668,1.9013190605744532,-7.187498727282801,1.9287164707794306,10.48460953841258,-2.260013517621076,-4.553712493741986
0.31413327806263125,2.2074083640147473,4.635339198188857,8.33879418904992,-2.3396486486750008,-5.9891070323354985,-1.1292574798982975,10.557136934435151,-3.556301302675088,-2.279394948082565
0.5048574775648018,2.7153939076600304,5.7413555910435825,6.750132534453884,-5.547249151342141,-3.072258321886273,-3.883366001947384,10.34590565287278,-2.147545836939342,0.015047619909579382
1.049665757449573,3.3724649201834325,6.7357025786698745,4.1371059652419016,-6.827177861611533,0.43343767030560576,-4.392912815671934,10.092586999228375,0.9680112255764064,0.7068491557584731
1.5535553568812372,4.064847671552226,6.947015763338571,0.9345402820848795,-6.564402090223137,2.689263378192233,-2.0218508121206176,10.254174145012339,3.1980708994662255,0.35156788388202936
1.8645285403165037,4.8386440400334765,6.55410434486697,-2.1658038158893604,-5.62942618846282,3.2040340781924703,0.9791578130574359,10.034028995458494,3.5114329598174545,-0.8082909793875677
2.036148439594524,6.080227585210497,5.229482583432776,-4.893887199193089,-4.352738700674438,2.0003101182307965,3.526096855276084,9.968250003895124,2.2127808491335568,-1.4477571910802787
2.249407321242719,6.793076474123186,3.0296317221822067,-6.024847919964773,-2.907430665768975,0.7836120148907727,4.545742491248732,9.743383673399402,-0.07983726898211013,-1.3045211564407435
2.1646676696393645,7.314923228004294,0.6192358234775407,-6.0353484428602995,-1.8751620295006275,-0.15357791622359912,5.173527498945011,9.406554933282722,-2.212713591335821,-0.2071149711055057
2.917664935305602,7.240246430782194,-1.7998569481612086,-4.990515436335587,-1.49316372155541,-0.40494201403439645,5.545753501485863,8.929429274668514,-3.8225372772217647,1.2389272150238149
4.145330242563025,6.404872517734519,-3.814146769044577,-2.8887653084075633,-1.4754942491357483,-0.4793819135933528,5.336552297943736,7.8628303480922375,-4.61616651922216,2.7857057896694886
6.203919637930162,4.6107938268592426,-5.153223775339459,-0.8605183825427197,-1.1413930102279795,-0.47703242894663694,5.3863091718750615,6.979623803359776,-4.549842651299484,3.5501283373108383
7.970375350778718,1.6244802912360536,-5.7466997320135,0.8090260183934499,-0.6303276793829177,0.042354889098520254,5.524119790950922,5.797510346551349,-4.430662212090493,3.7697451299974762
8.847830994230293,-1.3722152940470989,-4.904970460295691,1.2140877872530358,0.33410331997505893,0.3499234238714525,5.539999370959952,5.018348174874833,-4.273980975668918,3.4969818129323755
8.87714955809976,-4.163709444748057,-2.9802712420330426,1.2181553397032994,0.7841694489252692,0.8444785042561853,5.895062705717815,3.845347916765123,-4.170480583655285,2.811626790229814
8.8172683793354,-5.345525201800137,-0.39816407998491915,0.8055578369262258,1.415924541446232,1.667202013594322,6.2575859060280825,2.594127503315727,-4.0577057790472955,2.0072434977924964
8.818360856887038,-5.034468898622812,1.7721809372648951,1.7353746168092348,2.1399501336777402,2.5301901523767802,6.659376881298877,0.8593691649845804,-3.778024878417931,0.9798066637580072
9.02735832112833,-3.159149318138026,3.515613383296866,2.9524096642553816,2.308743375744716,3.2127375695810247,6.4396465077222,-0.7085393288477371,-3.264272314703884,-0.10325520924748421
8.881876043241798,-0.22078946380822267,4.401468601634297,4.1968761358861615,2.7526786624549513,3.9441585154647907,6.019517859943423,-2.047196370562691,-2.0077054207923832,-0.818803967115452
8.817571550948747,2.5299291096181666,4.40300784351954,4.757615269271071,2.8983069094887615,4.304898595800529,5.037573802758531,-2.8755656780306476,-0.7040277305879519,-0.9859681737708438
8.62481400687201,5.169017111722866,4.075107221314997,5.139036265472168,3.3903837521570006,4.42608264174363,3.681163627811094,-3.066095278507102,0.6514496691135252,-0.3997366225850053
8.678683292774895,6.967357505881229,3.2126412712323424,4.6991892409640394,3.998590428312776,4.679533298644383,2.4640785874377986,-3.10510707866189,1.5773031186860489,0.6872586791777935
9.311532339128505,7.293592113704811,1.8162519944331195,4.691602538688393,4.758367435190736,4.229785929800719,1.4410414882827423,-2.8629898168587515,1.9794620050404224,2.3182445017810367
10.09084942449947,6.88749843925444,0.6093238009249677,4.702480729164984,5.5792573029727865,3.672907567820716,0.2851477318877847,-2.214400441358924,2.040918854674943,3.846548229409598
10.682653366258977,4.574764054396364,-0.49886464709143163,5.065567210854336,6.487942377987875,2.0905388705724963,-0.3298433738908391,-1.4870350852867682,2.112180296109313,5.403411961183186
11.130127910557757,1.2117865549749212,-0.7796381572054807,5.089397824477123,7.436754830175879,0.6918620519365043,-0.4400953144038139,-0.9731678770957756,2.0721673787515567,7.060760655543005
9.845036674137118,-2.698895478218962,-0.07733060307200118,4.95883631365202,7.712821315932681,-0.5634203092625617,0.10899318296606397,-0.5671568805490063,2.3690898114685677,8.371384779397689
6.888948696754075,-5.475384916085365,1.098838492106565,5.726634300872542,7.2229674365829855,-1.889802597244953,1.0488491073015584,0.24882123245718132,2.5233710059826397,9.172856501077199
2.9431411783053383,-6.809784854463259,0.8160809227875895,6.373025511424219,6.360402219945321,-2.682110875110574,2.158698015275742,0.8502308293800408,3.041964396291179,10.037420603182534
-1.6250813276231133,-6.178935262193427,-0.7082311867957607,6.836564151431666,5.431843263925533,-3.4541855567889663,3.1398387279215627,2.2198841629398847,4.021979603002118,9.679301396176427
-5.358397872030841,-3.5313038776767414,-2.4532729622936054,6.381873793202516,4.995931300799266,-3.485502038204233,3.794725260837319,4.039812898424787,4.902640978436814,8.06701118848281
-7.152970651007101,0.13642558779455577,-3.000159072100711,5.319900701955778,5.046401582207615,-3.3190335751273903,4.020424652680539,6.37540074770832,5.902319446998622,5.192157672667804
-7.171271539311746,2.6874027488360475,-1.303843812112198,5.274601421698139,5.081842100945745,-2.932012451187618,4.229894874489574,8.105170622897786,5.768589790791095,1.2978209595409154
-6.124823985044022,2.834432458641907,0.9600852281858221,5.583494435310059,4.5817224663071565,-2.7727851906126264,3.83717646161218,9.719563669988252,3.962713915488998,-2.404487776249874
-5.279378063966094,1.6978421039683154,2.674937792275117,5.786583884943857,3.7257435006650974,-2.4749132976618524,3.2904640711073787,10.546369830243137,0.8455684670706165,-3.570155598321315
-4.721475546489452,0.6630840801343612,3.6352491184169895,6.291280965653357,2.081332996758024,-2.3014463367694735,2.5069090051806486,10.777698195137402,-1.9119528047986183,-2.441233716980643
-4.3456224404373085,0.008075133010126051,4.085894159672456,6.815869192732942,0.5492520080571711,-1.8575859828920926,1.9814991005734244,10.837243296697942,-3.265285450513519,0.1793265713346794
-3.328931282476165,0.09132078786617347,4.281829653953297,6.898855981736737,-0.9991105628456531,-1.2573027410216293,1.4699226377304628,10.605503261784477,-2.650315556200785,2.966567607300159
-2.3615123074476396,0.2414768452425279,4.701935073877853,6.757045620975156,-2.539897397105457,-0.2569242781102878,1.3425845129750296,10.41671555299114,-0.9626810543402771,4.3824911892976655
-1.6348921974590054,0.6883861480538332,5.296950443176275,6.11715295660159,-2.972310262358351,0.7621877993584567,1.874436766105151,10.501802029950746,1.3292491886777447,4.519051656699384
-1.3187335797308881,1.0483449381218846,5.717001104630393,5.324725868338621,-3.4771599472816783,1.8097006433714844,3.244200280747123,10.468021871902923,2.547969944626201,3.4468214415146394
-1.03699588712209,1.6652074125939171,6.239418174792193,3.9012486256915326,-3.920356211485344,2.126176415458059,4.9701625236882565,10.72796181949436,2.145617685408737,2.595518843421995
-0.38452342180910415,1.5187700563801598,6.817676214018893,2.5391301981263195,-3.86034719795251,1.9796842414923728,6.892050261550293,10.650722178184102,0.7202402635770867,2.0014494600167234
0.4780179572503457,2.264335610445368,7.161291636819793,1.064938964474037,-3.589018356267321,1.397306205287498,8.263501362990676,9.76396799986825,-1.5446680128617416,2.4101636285720445
1.5966218115737258,2.458836223578956,6.998791060862362,-0.5339510038160186,-3.132616861462098,0.5988303284077549,8.80331464712749,8.375547640780514,-3.2932900880851963,3.8176307312278226
3.1380194598476834,3.220139942059081,6.678098349406604,-1.8447265889474813,-1.953504314763533,-0.18813422057929585,8.927490344928726,6.541268159121275,-4.256987892342249,4.94004692455851
5.994684565542861,3.755962160299398,5.755986835110597,-2.511295852216805,-0.600668978210521,-0.45888123159848243,8.741887100630743,5.0841294230308645,-4.39915813031606,5.451460890815106
8.353821826137363,3.9360810241646984,3.983527282179572,-2.9517580605362777,0.6931175527466468,0.023708651011478205,8.694063003370747,3.2254116214049295,-4.628318013101317,5.1357361436227045
10.113320629107147,3.411017497698681,1.9506571813954006,-2.806597196068625,1.438442999032868,1.2615927148432933,9.051981129136593,1.4215376738242411,-4.352385566539834,3.875209234178653
11.210323041563935,2.8956442296225258,0.632360981383786,-2.2463079246508464,1.9221755973424421,2.50773332515483,8.81757625773099,-0.4188443567226292,-3.682061104120318,2.2521842062930078
11.474739241094357,2.2536276341711807,-0.7776233766701836,-1.7846446221976213,1.9411074931613108,3.967795643329991,8.224781806907437,-2.769499421242709,-2.435014477085627,0.5682866998335707
11.440679039299843,1.9426994960954334,-1.63298356442657,-0.9665031945681382,1.7641022207476396,4.982641960081323,7.01208828550039,-4.387054954628203,-0.44604763783894774,-0.013540707848973751
11.572613744138971,1.2345175843129443,-2.112900010334183,-0.6441948598966729,2.12958559449238,5.899230607799503,5.314194321121743,-5.216143095155777,1.5208225190026807,0.7493718016627353
11.12112406534303,-0.4762109440823383,-1.804895740257987,-0.32488970922720417,2.1955785409238855,6.608873113995873,3.5501911313159145,-5.425216396678687,2.645649389461,3.183846448728104
10.1464093682617,-2.964031857251072,-0.1989337224430196,0.04081332512522939,2.5590724552524824,6.880387864085301,0.9707265973197792,-5.213262730703536,2.207654599298293,5.605609297151323
8.38706444632274,-4.763969462320304,1.941436701237439,0.906134958964348,2.990775071811285,7.326419870248907,-1.1276496313577495,-4.435562776420304,1.3084300383176872,6.728381417564014
6.431302171304651,-5.645653616012347,3.555873200547958,2.656351380006651,3.7968754556772626,6.672250820334511,-3.092422438460873,-3.134986123893848,0.3406367069625491,7.566645181086736
4.596049528841841,-5.600861969779556,4.555768204338633,4.720907768054024,4.317570036438681,5.384311832493565,-4.212766382866714,-1.2723046681318717,-0.5949348247709096,7.3000428693876005
2.9608094534856555,-5.416443853693132,4.145619056892235,7.261052751108277,4.483976515872588,3.2696038270324754,-4.559007856378451,0.4572823810269691,-0.2310021937230235,7.416742279896564
1.2427517826574024,-5.198637010542331,2.84194526590027,9.377531838038959,4.201626798066401,0.7374621766047964,-4.1930121487002605,1.3501264513226405,0.761732555107026,7.758185002599866
-0.39809409918200545,-4.4608337738570665,0.8122891832321063,10.129624835047567,3.391445229269588,-1.277751821569132,-3.543839418753899,1.4884547316575591,1.7720236608805955,7.71177914525624
-2.6493565066526514,-3.2580421860686797,-0.9139033890212787,10.049825304323699,2.8608048514340534,-2.752300340525089,-2.7641226281480145,1.2551088253582399,3.086043258883583,7.564800120748797
-3.8350008155356257,-1.3971539103620472,-1.6130727246733916,9.737533963488046,2.1772042528291076,-3.6544488482012696,-1.594691701659987,0.8426248477198844,3.8018948982214575,6.668986601911304
-4.566912528430471,1.0646689076482214,-1.1930293393264422,9.52076672382165,1.4879956117866575,-3.965416529238269,-1.1303471414099115,0.8214467553781616,4.448883880213435,5.846365916057564
-4.571070461138035,2.776120015520675,0.3984083300868655,9.8484019943295,0.44079394327694527,-3.66492544264315,-0.34730644354541873,1.0652844030682558,5.06554728035451,4.90283774794115
-4.23890728066289,3.649784869149856,3.2447502896199323,9.277764453221184,-1.525178030831412,-2.6893976253019276,0.026826260328491225,1.2647983929939046,5.360863109954565,3.838777835949757
-3.837507544505549,3.618829860475172,5.8262016740557785,7.88621109158762,-3.7937652093534724,-1.072750226536674,-0.06632167451921668,1.5700653471320447,5.952576129738095,2.7009387209806164
-3.467719290194422,3.3243519080146378,7.6800581042265,5.310182711173004,-5.312256923207156,0.9906341539681235,0.4337308171144808,2.0472549008118457,6.165209678365873,1.3101668968341207
-3.0154086332788763,2.2223867118029084,8.852082826902226,2.1099592810424608,-5.930678515664185,2.2239599853846688,1.420568859640774,2.6502998807170672,6.249811575645633,0.06350280419783236
-2.171150239219943,1.3685489967404314,9.018615302597162,-0.6566623359378388,-5.360744486503554,2.076860350924818,2.921223241599045,3.4689010685587607,6.072056032297568,-1.1858774482668104
-1.2561123748293888,1.1996234814346036,9.190831519553392,-2.7385822248079665,-3.6842587314249435,1.1769674024920276,4.127026690595534,4.57785124207465,5.4567448444181474,-2.2436300556231332
0.00812925762204561,1.1354565619691408,9.054165603261245,-3.794528724026794,-1.5775909183587127,0.7188500706476262,4.3732256132870475,5.5436322903061415,3.9138354190092306,-2.861089277871788
0.46825820855558975,1.7025039350448312,8.899325312075327,-4.110431159420809,0.32046062106915807,1.015109362130395,5.0169053508185035,6.063472394734394,2.105202549429379,-2.984675180501449
0.8085203665630372,2.397975866832973,8.442331507418,-3.585333495341033,2.3423013050026955,1.9231040510976165,5.607852221641354,6.151093807562444,-0.2519355785342727,-2.599061390227688
1.0278978553977964,3.5125378165368324,7.980033147016559,-2.9418107838442777,3.512563448476495,3.6275707865741227,6.3837136218866135,5.290089632045948,-2.017802130166899,-1.8225028566030759
0.8868312876780183,3.9741799922240317,7.559015072665893,-2.2099084060446104,4.189385541266393,5.7576380000107745,6.3217536857635075,3.2317769025803496,-3.2265571092084038,-0.6178434481552217
1.0750452944632864,4.593261438264989,7.023392256995024,-1.7183208371433718,4.319823327209342,7.49958053139024,5.83706333530474,0.5232289631794308,-3.037981939099595,-0.12638991822211382
1.8522912314774485,5.1779516672827866,6.286947164262076,-1.2383840767238705,4.766754086547123,9.180744517740687,3.7251731397892796,-1.72033207434309,-2.4145532703757273,0.22326672891042654
2.2606765320651605,6.170591839405241,5.533829898136151,-0.8292122183352655,4.873826502551531,9.98070127675215,1.0421935176900279,-2.5503669238896203,-1.428381127059794,0.1543825285912443
2.6662438325652174,6.802364662401668,4.768713201913288,-0.9301815302825074,4.8542944067479326,9.924561754050046,-2.1791356749213637,-1.4131984275157956,-1.0670563686161703,0.35368022274637245
3.30512752306583,7.815462641787864,3.678185610259259,-1.0133434168156619,4.781528203399448,9.47079004132492,-4.03305848976776,0.6611305842802722,-0.6436120447603654,0.8195401213507085
3.8608295740278633,8.031650436429649,2.1058343732817497,-0.7680023443020941,4.824305152495618,8.74566108755604,-4.5495755067101245,3.152573936482038,0.5225426021306994,1.0589596888669952
4.631572440227358,8.133904183673241,0.6672742537273253,-0.7226493805784922,4.963687673788011,7.801678301448785,-4.072631553579521,5.13143238220575,2.4427983435622935,1.5785121882502449
5.408923070471368,7.619609774754982,-0.8969147860546942,0.07118994774428133,4.976465058115109,7.318614276998268,-3.051781638019505,6.036131968218797,3.927712400394691,1.9759683200890645
5.858453315149589,6.772738767087353,-2.3937286283491153,0.659759398840574,5.371276249507677,6.6676378494844455,-2.212522424255178,6.368582422397834,5.611373452420835,2.2554883797840213
5.8840462741017845,5.3886223096785555,-3.4760191697447445,1.3396549254575454,5.8987025553409005,6.027030817348522,-1.3198581542534593,6.725941053879544,7.380894669417051,2.314826866458075
5.893691887424052,3.8171963053716937,-3.780220338152607,1.3088423092446957,6.818012441132968,5.399277686987362,-0.5838630990925093,6.852722095098446,8.505512802767367,2.4694931085645497
5.372499015366931,2.469111499385432,-3.6777528892143336,1.2216428781425244,7.548119050820213,5.2535054538737045,-0.39299178964394504,6.8109460078295285,9.56262224330479,2.278569662892008
4.76056534537139,1.455686055324934,-3.3190340136979444,0.5091408107727871,8.015813602958099,5.222503883546643,-0.07361296336411632,6.862768320590619,10.32618653363003,1.904811259487219
4.497080126932654,0.9911240296283877,-3.070571415167798,-0.16114132401351444,7.977024913400661,5.3592831770768665,0.22831850322040775,7.102320871351321,10.632301622813637,0.6531370217353383
4.432004912197068,0.5574490326772132,-2.760264554013473,-0.6099179696088555,7.875758532274935,5.98432996148462,0.5278222494200335,7.301726651931516,10.716737569868947,0.021238223329155898
4.97960264947412,0.8471901072830466,-1.9777869140696245,-1.034588799555503,7.753017602838894,6.71222369868999,0.8136606186132032,7.655976505862204,10.037282085298566,-1.0986653874625967
5.872754488708881,1.0900698051555746,-1.7423230943602246,-1.1559479865983333,7.350377749432668,7.737602589608395,1.3261635059868007,7.809045731720355,9.16844231665753,-1.5019753892426462
6.596384397354315,1.3777217724616717,-1.6604185263248095,-1.0913094913730153,7.063264160948241,8.769830152069895,2.0190304752988912,7.953249195089337,8.014740984005979,-1.6922856943836375
7.308205472704314,1.8253041476332468,-1.5792193647912889,-0.8698363657214292,6.591743064473429,10.158174447469191,3.1363379523174064,7.797643127817848,6.29920109203351,-1.4415623576487506
7.54471048019264,1.8203351142400646,-2.0586796081616274,-0.848514422559804,6.12979999987268,11.507243960042276,3.89478997962789,6.866731576738204,4.498930248255904,-1.0125422985649695
7.763079856520602,1.86008141432555,-2.189542625194047,-0.6838401431187869,5.833539631630151,12.88831400576913,4.4522300790966876,5.338096979360835,3.4100912740719567,-0.1146542543720521
7.892086936168624,1.188473327409835,-2.232997023603808,-0.645971458164508,5.416263090130702,13.93135005011035,3.827788607687824,3.5048163208947667,2.973523831552595,0.8141110427446643
7.9232599823454635,0.3265891362779222,-2.014164140961712,-0.5234975041442151,5.3540396865700375,14.928774724420716,2.3011433061180844,2.1046639523177273,3.1055582024618933,2.1267612647502
7.369275637681989,-1.0239983723480135,-1.4031195153683758,-0.5963251471428536,4.967898702047333,15.067241163690788,0.30473653013376684,1.7113468274612578,3.4453085787035005,3.282406431849005
6.247595372261655,-2.19377477081718,-0.240525144292623,-0.24196772129493682,5.056850499793977,14.664768998881426,-1.5346108091775625,2.410807061112433,4.132443402116626,4.521569811161839
4.825429908755437,-2.808025644101147,0.713686652151938,0.43162354495486105,5.208519871509453,14.131020026053598,-2.278718968521374,3.5360029156298616,5.686913031048144,5.5280088447326685
2.536808924527358,-2.9965981770235612,1.8666604651390464,1.4755977661173236,6.07763214049122,12.643192442108345,-2.528368496612415,4.975418146317327,7.6375830770180855,5.41172123528485
0.1016346207549153,-2.334328099175843,1.9312374882343724,2.8443713949404206,7.279220833540377,11.32447617328833,-2.656259117237008,5.556952895981722,9.544098346137979,3.918664570979285
-1.0399538099084098,-1.9611019806111034,2.0563180419882965,4.1087261841152785,8.461804613544968,8.801795973479955,-3.2820714884718107,5.902199028453359,11.002354323591094,0.9369096932122173
-0.2136223156373239,-1.4319624683118704,1.9972948886102242,5.458206786683381,10.087131053963493,5.045171147863546,-3.731659344942189,5.043050691189108,11.777218811441688,-2.090578055090627
2.2129253442341366,-0.7002209250579535,2.051600028420109,6.906848522258282,10.064288491755175,0.17434879508787712,-3.9421958734775897,3.3237568987571886,12.158145752807343,-3.4658294006572996
4.331350771467393,0.7461295937160329,2.6128381914080956,8.106084128781912,8.419436071921853,-4.322132633228226,-2.3618275669060815,1.7115488884195837,12.070661635838542,-2.2337499846553053
5.071356174793146,2.2777738020650884,3.047313063886535,8.972706495417695,4.740630032976236,-7.006492387412565,-0.3175617654516128,1.0742749231850282,11.833415648311977,0.46831709129292853
4.412238649275641,2.90276255038401,4.061934151078457,9.062723500298297,0.21790753919811012,-7.188748799941915,0.6782331563701087,1.8233420745655444,11.852091232803367,2.9518093472586044
3.2037653076794355,3.332905242714606,5.106956441133265,7.879177139968174,-3.7569904019748606,-5.794582017168371,-0.3091380618516981,2.649118043668259,12.120359005331036,4.211996738243459
1.6080852181256677,3.9256797514030883,6.046877143261485,5.448667617657892,-6.455325303525701,-2.833790135641021,-1.3890482285827512,2.2890223721747076,12.84818862433002,4.638413382380282
0.18782064929809245,4.329053339472839,6.86207951796622,2.3897717232889724,-7.370967726266367,-0.5274311490590025,-1.2692882446828044,1.8980350314228083,13.172601840285905,3.9485727393868713
-0.9366297669495169,4.3975456323461835,7.2680490453903355,-1.40151553308439,-6.5065640292966735,0.45498694055432926,-0.7952465858279775,1.278830737149321,13.41653466905049,3.0410790322088728
-1.340212991379002,4.4318008247009475,7.1706174424915945,-4.12865420540958,-4.734190563797121,0.36807936153046983,-0.19829075769427396,1.5088019351913886,13.44103604334366,1.4980386207213314
-1.136910050749565,4.329829699241327,6.391538156273113,-6.172774825791348,-2.332640078969762,0.06244162515619364,0.403633922145321,2.0457757902406164,13.462042992539661,-0.13436597794794664
-0.15810824111185756,4.237581782311744,5.256334516584262,-6.879245787521734,0.21759462193549373,-0.003970181962642441,0.8182132074995174,2.8620270476479606,12.989199638703917,-1.7320292374317798
1.1745611375877418,4.628977717577037,3.8327657173949876,-6.851300551894479,2.0996056287334177,1.0847702593172113,1.361484076887365,3.915419829346474,12.215110748102063,-2.813754396889452
2.6758817314257963,5.618458908676148,2.0960969069102,-6.536494434681437,2.86893474892329,2.471859809372958,2.116087436094329,4.966623983895261,10.991626969051623,-3.5834237243500096
3.778630703025893,6.488909833618525,-0.36780132410340566,-5.6634477608176645,2.601999522825509,3.808078842895048,2.8128375065494065,6.037805962548146,9.210149631471515,-4.078932216235139
4.307461553070784,7.284293589762765,-3.006622191939654,-4.382860121495842,1.3087531247808224,4.914727236779088,4.18696946651603,6.5623323492419905,6.99034911584558,-4.304125011226372
4.228984665197959,7.434724256194273,-5.1200595905189905,-2.6667491978922806,0.26327278420006084,5.557817828214981,6.024408065298644,6.891868198857875,3.8612688421184744,-4.309929333824123
3.2861863738261254,7.355164119676879,-6.10854965850417,0.4395516353462323,0.19185709763963305,5.75983706337164,8.035619076607992,5.896635501884168,0.661512161069727,-4.044098406736086
2.389822275422389,7.0301951267783584,-5.8265672985841235,2.7800415493155097,1.6023078280826546,6.228772632379331,9.30784785817073,3.1660228258308525,-1.779245528372536,-3.183714636330726
1.473843210351149,6.721708645228488,-4.623954809892322,4.075301783824795,3.825331168433769,7.146743082858812,8.847791652362572,-0.25575655520100105,-2.062698928747133,-2.588587988576839
0.9851508650481787,6.929368325169201,-2.6560613792259886,4.837125127463865,6.931978042524168,8.004344983896345,6.072744106357118,-3.170749982782666,-0.28805198726337755,-2.1701998353968723
0.8429831647522616,7.100669746946956,-0.6751161675307865,4.992510144456001,9.273075783220353,7.784825563769009,1.7749075872325937,-4.350706251773508,1.1837675016628562,-1.5183795063007752
0.8556022921942869,7.290452150475375,1.2812556638108186,5.292433423498564,10.758824512517643,5.190266798469033,-2.4851772820066174,-3.0667665753626006,1.7115204939016506,-0.4653355275465107
1.2094395181520021,7.563348533702564,3.252824606443341,5.83554858224915,10.949019906889982,0.3231436402694765,-3.6673152784369245,-2.6328770523170877,1.5702974765500661,0.06070741133996235
1.9386286387759575,8.107637524190304,5.500510923922966,6.495423860463459,8.845668316645458,-3.5830285236520525,-1.9838491504606337,-2.249698044772254,1.6341377874901033,1.0658388357644488
2.91136685030446,8.870412773888942,7.345755094817183,6.441162973162152,5.232341718436443,-5.6068570991189866,0.6559533484065994,-1.9095774720130152,1.890933662447091,2.066211598810856
4.077801968077844,9.47668985717151,8.36235427974567,4.396851368767846,1.9800069842778227,-5.418250459609476,2.6364416285632566,-0.6525607439817526,2.235856996240756,2.706764027576251
5.557085602559818,10.855538922411787,7.515894397142051,0.7193970131070817,0.7065171619879148,-4.797498028496224,3.240865920950835,0.7784133251905792,2.5835844554168954,3.68125515633046
7.418697986537631,11.306623879359321,3.468133344451934,-1.510440726238348,1.2991509494003264,-3.9593049123769504,3.1233441422627686,2.5955003391545377,2.9287507524636234,4.663221256433939
9.478688100089434,9.515435358279971,-1.5001016890801597,-1.4819124470716543,2.2134822536660868,-2.900612750707833,3.4602411478454056,4.166018639054917,3.6032690822582647,5.748364598834557
10.539247412698966,4.7023523043258235,-4.7889933744624065,-0.257586584540699,2.585954815061851,-1.5705443525287412,3.418587733259265,5.400391794047106,4.539182403368142,7.11373325344882
9.121587087927415,-1.3387058485463337,-5.008879239761937,-0.0722543725616957,2.6720306241384186,-0.6367441314158948,3.729844103449018,6.618822335736263,6.08090485036271,8.253165542524275
4.899327205353906,-5.179540528639787,-2.7729180149657133,-0.8108947415108403,3.1237871621442492,0.6436157718301351,4.008837925201574,7.965319042334871,7.931861150039078,8.255009170784007
0.36998469593364525,-5.719399208477153,-1.6316044900154276,-1.1208832216228757,3.206482194475133,1.7141766021273086,4.630482672052529,9.59371801754831,9.29056384592728,5.269088494628756
-1.2979769820663385,-4.57271960949868,-0.8299097162435267,-1.0557605217264583,3.5603720534838157,3.0727316895088492,5.574305883363364,11.381487449937952,8.194050765748933,0.7022463002557973
-0.2109783649712301,-3.9383015411605617,-0.2886341382844882,-0.5920952244693913,3.4291754646354744,4.933036730444138,7.4606098727913635,11.907877285129048,3.765598571707155,-2.5682860448224316
0.8577204790993124,-3.1862099367187784,0.3184009511081641,-0.2516162685133452,3.6821934296372336,6.677262255881419,9.701517587751578,9.649136983152095,-2.077917512435725,-2.4972552726382506
1.2050063661064745,-2.413805320305455,0.7971386671477798,0.477896788178906,4.1203264268232385,8.858959999796024,10.854481187988922,3.2448107710736185,-5.6072314772485425,-0.8103579328078724
1.587642962075217,-1.7631136490304609,1.2762261650128648,1.4242984985387097,4.967274067491121,10.860986356722814,8.447946140396335,-3.647754334809717,-4.718495222053183,-0.7788439569641641
1.6524306896895906,-0.8782144084725749,1.868553740553639,2.365970824654794,5.887834643440239,11.8009432135759,2.3522379555056365,-7.061253834887819,-2.2760398681002916,-1.3862806347234844
2.123683938357821,0.04945490414434919,2.192518272750006,3.401691827946409,7.323974527221339,10.071367112645547,-4.651569251195524,-5.4910320740537895,-1.3597282299819333,-1.4521952056270082
2.2964686435012496,0.9322220682723861,2.70180576107862,4.54013687057,8.687573197442187,5.989699568070432,-8.582464555199978,-1.3913123504179048,-1.894460379320301,-1.4692457145390503
2.6958534636848968,2.0557371741427266,3.083914776239939,5.808904215081298,8.65792089801721,-0.14290423910872527,-9.111118502693023,1.300138213833244,-0.9784304125278521,-1.1361564915413953
3.0460638925983465,2.642263297753175,3.893172966302522,6.990265752404031,6.65859950461213,-5.045956873810514,-7.3086755368706555,0.7649178126195303,-0.318317218098201,-0.5435870503331314
2.914150061418899,3.826854824314207,4.969351787383642,7.633052705832359,2.942092163501518,-7.468328213996144,-4.867644695990978,-0.5804230498276803,0.35639180645950475,-0.08245763478901655
3.4357474535890584,5.002773042926318,6.213760701390641,6.408030106603151,-1.3203734755444494,-7.256538987877477,-3.4312672982184194,-1.6291022068543364,0.5869816711635089,0.5940636746543452
4.068469459344561,6.410102964461658,6.6616352309087254,4.155653994450603,-4.313726288412199,-5.300153195773167,-3.110078220238935,-2.366083092694548,0.5398955088752753,1.1942276869579467
4.8598002889854905,7.439131527387065,6.057556950563555,0.8522798261741241,-4.824960239327435,-3.3710168533434173,-2.8298604510301324,-2.3028506037881815,0.639251850327011,1.7980263567836208
5.733141059966181,8.514229116997313,3.8776972211976886,-1.8658613573248741,-3.7072305925592017,-2.2641544353958376,-2.5809681338193555,-2.1282489892526066,0.37794173595441194,2.2839308115815515
6.981735960858139,8.555710863950889,0.6686506259909346,-2.634338348969862,-2.550038650506715,-1.7328327755230963,-1.9695346189168446,-1.7324144919259274,0.5453895374542697,3.0471422778377475
8.572666042695843,6.88548359270561,-2.5898098395991767,-1.424885023506036,-2.0165934792899285,-1.2028886487226065,-1.4927559910856942,-1.3251885505184549,0.7090520456962093,3.7721258599312195
9.36053128516918,3.7010591537447275,-4.460040946240961,0.23601970783024112,-1.3856079577013425,-0.5069383392089326,-1.0341011122046657,-0.8079132321652054,0.90284167979327,4.098329828795799
9.354284818994676,-0.2224374521990167,-4.349481225483517,1.2428464370493582,-0.7018508674635523,0.019129722633183178,-0.5823188362427867,-0.527180232377902,0.8728093001247423,4.9536284578915595
8.387998806202972,-3.9829188957177775,-2.9395445627589267,1.4827352284879218,0.09681536105964222,0.47592934197160486,0.18788899064162756,0.06926068549146897,1.4471987354112927,5.611349658524782
6.643920711943832,-6.219956245456471,-0.7521376519462246,1.4325490193559811,0.6563199634682892,0.855837848114707,0.5762480576709611,0.6509647845386712,1.8558435102384783,6.542941473853518
3.5760251771973466,-7.159791306847665,0.7893750176843775,1.6468684273002925,1.385817006759374,1.4666432227592032,1.0477380573679498,1.1123156846486526,2.6698272499920463,7.050306048023982
0.41283549895221267,-6.996898627486669,1.4309332006189608,2.618489088571795,1.719151352642248,1.528775167299468,1.7124438225627259,1.6104836382865113,3.3721979408827263,7.284449085961182
-2.6461485411880505,-5.618807642395675,0.5301295246460628,3.6412607941440434,2.3184789804891475,1.9581881190859347,1.9795136725675828,2.265398893067626,4.265131649066388,6.914122137083719
-5.036444541631483,-3.7588672471834474,-0.7993941219008371,3.715104873366877,3.212014031221097,2.2299137835124396,2.4250339955475644,2.9940043854125484,5.054314524689884,5.5736537494379546
-6.205347595824481,-1.2398865977963798,-1.4328452412752422,3.8083699000780737,4.178724657612116,2.197982347575115,2.622907429471875,3.3542362279292055,5.634019244819239,3.5571898757573
-5.917639684657775,0.25469530405934027,-1.1160784311005112,3.726327114146056,5.102099594046408,2.5738898453416192,2.807716900489155,4.313502216354228,5.816676991196425,1.1560824168910613
-5.345534466892542,0.8925731050501857,-0.30769516509705475,3.793402076695459,5.840714131246521,2.743358262271116,3.2267448158468106,5.154959395057131,5.2027924984183604,-1.1056837430431241
-3.983881234538267,0.9237419837407328,0.5486764643226277,4.194240858082153,6.504335885901418,2.5392127978373376,3.394906297147595,5.571597640909079,3.9403778119105044,-2.919531633118631
-3.095189364200278,0.5204726639271109,1.3381871094062638,4.652020715388057,7.102045769292355,2.7658372681288514,3.484938497853063,5.83002962099412,2.5491653208047476,-3.8436309194838296
-2.1879219047003575,0.6344830927218128,1.9165321089549852,5.392978895396142,7.531153460183215,2.6621092071604173,3.6166219903296017,5.778973193245415,0.5170816181628415,-3.5373058580689074
-1.6011824944393374,0.47320244516963894,2.593451114985881,6.660026481403289,7.683533862533691,1.9957820487357014,3.7720205673386324,5.56797370160843,-1.0014630210666056,-2.965572124725935
-1.252446987557097,0.5400494318519536,2.955130913156409,7.720831023580139,7.507285736645481,1.1818220761935008,3.9643111696366415,5.387289027705208,-2.0481067880380284,-1.8856431007147458
-0.8199288279021409,0.8406876232656222,3.804916466602834,8.698766206316025,6.458135858892784,0.27224581951441673,4.166371764294591,4.858510195181166,-2.691143129569922,-0.6079997876806709
-0.2753009422859936,1.0319183139005081,4.2959064761385894,9.834022014033431,4.605085147239106,-0.9541124257983519,4.158991410966365,4.603010588602446,-3.2885522829510965,0.676264193532881
0.32630574916266175,1.4443893504728171,5.111112033538434,10.357774669531006,2.083294801297601,-1.2540926003681536,4.504005351093505,4.622539450321657,-3.2028093694779907,1.7940586169543167
1.3693720645700018,1.8987390544192648,6.137429515177913,9.595103385691027,-0.8189320541841032,-0.8774225229479979,4.630315687729242,4.312564834803992,-2.8900761590095194,2.5904314923835012
2.76127884140502,2.7412630353885223,7.091887982831682,8.458086746319672,-3.4868197129559286,0.1684268888443261,4.6250944841096935,4.053852563163594,-2.6384031735401763,3.2930544944174214
4.011574558838886,3.814560319250456,8.07252565633268,5.654152283677636,-5.321350026641177,1.1810206875345979,5.418286967118371,3.576050104049297,-2.3527631597779233,3.892670527948373
5.45784120109169,5.070623232849926,7.854560718440038,1.7481636549435116,-5.873555800738574,0.9131292909845397,6.024453319365934,2.949033410309576,-2.0778717513129963,3.8299393763210676
7.200500742617577,6.2335299782421405,6.11290730795604,-1.6205634221684615,-5.016532155482623,-0.12540522902543108,6.23433762297105,2.500447833248859,-1.8386879525057245,3.8659215634185857
