T0,T1,T2,T3,T4,T5,T6,T7,T8,T9
5.856293391787995,10.788327154513144,-6.145120353584261,-0.12826569814673766,0.8103355362496627,3.662251743796099,6.281730246105174,-0.5788325546824065,-3.986732302336066,0.2673233887172506
5.893853593634244,8.93430197942132,-7.083336748314529,3.4001083104144656,2.1653086643450723,4.265624193681719,5.691742167492329,-2.290082272852557,-2.825590831803413,-0.4559537947298989
5.920239759021362,7.142323169244762,-7.048108936870911,5.181469977653962,4.976296573002549,4.681798964413866,4.5796473718015305,-3.3279843496014987,-1.2439359976476894,-0.7614069853286589
5.7000201126175565,5.587916624693318,-6.460602699198937,5.2471885244200065,8.246361610661856,4.494247999353545,2.336525563850758,-3.584937788265499,-0.19056252608824986,-0.5484403689120368
5.824972570393738,4.297826700642872,-5.6854988304301814,4.122434618621696,10.503813151218134,3.1346554957986292,0.5236038822384624,-3.233118655431863,0.7616193624579445,0.08122148944211972
6.304528613615602,2.7034108582196614,-5.496384425483294,2.35570074510758,11.902699286616,1.451265798094996,-0.7546501507157051,-2.666599719824685,1.0974911872243087,0.8370776356982261
6.376765233299743,1.0528249026455518,-5.173394406927443,0.047068580647093516,12.146002537263717,0.8401268774535346,-0.7350592790538808,-2.0531876974258436,1.1063505030102667,1.8487191239059588
6.301762983317029,-0.8138828308675214,-4.459356443367116,-2.4320553314376747,11.683768993786273,1.3896557639899025,-0.9007432995586313,-1.4138930341308211,1.3181851032181287,2.8637182271302595
6.061687080747656,-2.453694496396953,-2.8628214030607135,-3.945614216238913,10.68238207951356,2.869319104865794,-1.589470557875162,-0.7310675799632591,1.7728039923366659,3.70151766998228
5.341826327604664,-3.5379134436883026,-0.9157397298717695,-4.6158080960725325,9.70003220135235,4.313318022141885,-2.938229281599948,0.0004581626369202785,1.9085323458625147,4.559824668212607
4.266673656232936,-3.9619850078368564,1.2256217755611578,-3.5968415619242817,8.678453592079997,4.853412846002541,-4.407620623291907,1.152915745046685,2.5268770354153913,5.319405608677969
2.4241418397790997,-3.8708311347415045,2.7874093475147648,-1.6331309798774838,8.255605091980927,4.315803845518751,-5.2667523761273625,1.6067364092382879,3.5962156810041077,5.7279970100973445
0.7204937876184768,-3.303947865742085,3.583449675122906,0.8251586516604743,8.433686058764733,2.488924079246069,-5.515527047534279,2.0480466412692913,4.7397307604608265,5.888672076017605
-1.4899495874592719,-2.8038423475347076,3.3981301594547833,3.3798965563300327,8.193867480072369,-0.19524283026388234,-5.149096988827341,1.2041071582952552,5.9371353144451895,5.601448023438547
-2.8635275127313884,-1.722917302284542,3.1495237168171264,5.482800091794215,7.218060392684416,-3.213485004604788,-3.563916442319209,-0.13971822043604323,6.434858549048435,4.993760622035528
-4.166593945816679,-0.9347504316410947,2.927842574074868,6.588603999795006,5.076123035667656,-5.1157036991501945,-1.6374046003808789,-1.0715477154833504,6.311481775495568,4.370338510979134
-4.795965293897583,-0.16603205756863906,3.0182791986689765,7.5630183508682425,2.7008474371919906,-5.738722799855922,0.2610894802293593,-0.7469682941524844,6.317244049557729,3.5986515883144046
-5.064003095492398,0.4045568035607664,3.350395338716282,7.845282357664756,-0.3933133673067171,-5.386920909852586,1.2804015684535692,0.017753818766612278,6.240773754587051,2.4097091040677574
-4.791672185300504,0.31799629295276827,4.008271049172024,7.449697711854661,-3.1320949146575376,-4.2794980213884415,0.9883428784767131,1.2799263559348117,6.459152622063347,1.123559582137305
-4.159638782272928,0.14259626553405305,4.264315273976175,6.625710241288947,-4.897157269135826,-2.2756073692734637,0.4564663863500181,2.0194483431277526,6.699657661628188,-0.5451287025717703
-3.100163360113395,-0.42462503103478155,4.467569479968228,5.814819391122028,-5.964420189012086,-0.14880355245826477,0.5961246419784487,2.554430572326866,6.664443591108768,-1.8145214681856365
-1.3911404567336394,-0.6608958433431642,4.40708620594302,4.664417716814335,-6.0985545602027615,1.5119376834543548,1.5171991289795668,3.150274902202703,6.185008874580139,-3.0017544360792643
0.02237719584596508,-0.6105116886099072,4.602060288830875,4.018475367433719,-5.743982945780771,2.78262565121029,2.775779841521507,3.9685385195703753,5.565247622977072,-3.4892866351420473
1.6105872079545764,0.27996193026351407,4.848854463323494,2.8039106997249186,-5.289690382229982,3.094831942416879,4.467945121155914,4.508075252471773,4.303774421822574,-3.7206336217753924
2.3833468912748734,1.8175481355869592,5.068858772262703,1.800867065558027,-4.679017332932371,2.478964130496665,6.283332586496373,5.167070620008003,2.4045805753248737,-3.7386648126705264
2.5644617146704767,3.1027717394119456,5.052845902361438,0.336929654121669,-4.132752552009004,1.4986157492303813,7.283336708293073,5.0069615865067485,0.17614686463159457,-3.2251516462542713
2.353998599964301,4.2696063505505855,5.000718586006936,-0.9013634955907148,-3.4872957487689025,0.3622707933954297,7.94013787429797,4.594668933308981,-1.6323806702877381,-2.6473529591019456
2.0098944440366915,5.512808546413293,4.304359632052409,-2.3035994185586732,-2.493425658750247,-0.45108778035663827,7.9898248611343385,3.8056876515617524,-3.06662174986219,-1.4836466844793714
2.002658354938516,5.928796450861905,3.1927726289037146,-3.3015551303829325,-1.3362508803080146,-0.9705546224074099,7.7617551567980785,3.015569455598408,-4.171620225355415,-0.6630131919176736
2.1094051971991132,6.428027113379826,1.9625335934107189,-3.2361851674117568,-0.14269063211659455,-0.6825740333005569,8.030854277788507,2.1578374659904695,-4.316383365955453,-0.022218539555649734
2.615247492344813,6.922859800385303,0.391984256285412,-3.120350704329447,0.6305539385201083,0.07702559948847967,8.141096462475883,0.8578464592992652,-4.276563442084692,0.2965899020927249
2.9991878081691947,6.784854605399376,-0.8802026366617615,-2.4390834092685894,0.8775829657487053,0.9804293651927761,7.9833521416094335,-0.4998809698170741,-3.840895811176241,0.24245614780785515
3.605798040118203,6.729283925691833,-2.037819369998769,-1.3864646518450512,1.3759103551658591,2.042079716769708,7.982067801602102,-1.7391253418149182,-2.7121585909511547,-0.05953394743676331
3.801589724498143,6.713577275672433,-2.97495109343927,-0.043028953365548434,1.4794713092011567,2.845220686323065,7.686889898643442,-2.7563033462073285,-0.8907284516560777,0.012435926133725642
4.024429477631096,5.846267772888114,-3.224477664914838,1.0179510155007976,1.9898122680724977,3.699183710046864,6.827241415473281,-3.3368168696934943,0.6235466406798795,0.3767955018118716
4.621874258330678,5.222165159075445,-3.4552385823469702,1.9394402537624382,2.9164398737618162,4.538796809382622,5.752272673903564,-3.6847362323778072,1.924108724732501,1.4943001145399224
5.081175144169733,4.1778259878773785,-3.4261729680804267,2.6325932855021628,4.2493067135695135,5.501399236216749,4.429749964919635,-3.6486414057853946,2.962663977356573,2.959537264710227
5.336877207851292,2.6040504036655943,-3.2881228804015947,2.6145273421695943,5.793096726028443,5.85355644308539,2.331305250259573,-3.5481096340622083,3.2915140467679325,4.534939792197837
5.343932199109539,0.7098384380535007,-2.897276355767428,2.393882633507176,6.89519507967338,5.714529438277945,0.004372899613123927,-2.8337014663129563,2.8407331018742776,5.991669399997687
4.637201929807588,-0.8518232105061438,-2.1734358786202193,1.9531763753636815,7.77771715549259,4.44631645246672,-2.012932533904985,-1.9669339168983557,2.3322812799053674,7.16070988171996
3.5658088202285274,-2.3422036437170433,-1.4477730744215993,1.4391307302623706,8.619950234770203,3.125356123196357,-3.187687974199732,-1.1863990781298683,1.8523582038095792,8.002400284289894
2.086109497120443,-2.695233698725833,-0.6237729657289789,1.309822908083264,8.628697813191108,1.3033915497495447,-3.7091263023888956,-0.6701121071250293,1.8123782742200123,8.326254565312805
0.4357692979080392,-2.9342124840359944,-0.06884851525099785,1.3518479928250722,8.785898861603362,-0.5069930138324239,-3.3694677127584924,-0.1903702467217661,1.7530006285265267,8.677045739171543
-0.9425395446027097,-2.2714573744178836,0.007938281544166842,1.8298028966577293,8.989931478220672,-1.8338888931068968,-2.3263926249264664,-0.17293896413972087,1.872430922491812,8.632996210161798
-2.112398231757917,-0.9553770176976092,0.21956833174745394,2.4518756755170092,8.621710525424895,-2.699477809820885,-0.6309560827387966,-0.11243944343881912,2.287942543842553,8.622707455231298
-2.4598558810437345,0.6122134512346837,0.766161143995217,3.0235802019460314,8.071008639845934,-3.0946650744334283,0.979377818406519,0.45467500274464945,2.9538843466479205,8.255348314919864
-2.872694910680316,1.946694039250114,1.752855287932619,3.8248582705214824,7.552527181803781,-2.7568865167567362,2.5061136835383424,1.609464146762321,3.4407885581340736,7.730188028382471
-2.790710880657845,3.1507222011389393,2.884133251554256,4.399955445832002,6.581965618516468,-2.7089506527894534,3.58726774652267,3.084026805212241,4.304143744426314,7.133958330517734
-2.356848583179279,3.554582799036069,4.415135508631595,5.162494075319783,5.470215668241085,-2.6055830298852034,4.09685995511014,4.7781048323310165,4.976924086684195,5.809200172992802
-2.156164141006608,3.7906630194380213,6.000983039156325,5.746557586009206,3.5002259405100284,-2.030688781895659,4.39722247365942,6.573739212961833,5.299280968990602,3.9316612665907096
-1.7251867378456565,3.819381935744992,7.742379665155608,5.373905171941971,1.4511069054800678,-1.7240407131653772,4.355952020921062,8.582465457651764,4.978755200547556,1.73374848932435
-1.0982545819209304,3.741714131860343,8.93158363689983,4.270703944796661,-0.535551055762052,-1.1144484272067374,4.002447280107974,9.543003567505435,3.6769388725878978,0.043469690821659884
-0.6916049747502129,3.3658555737809506,9.880788404814531,2.6449737732836436,-1.5540055791633487,-0.5243815489042855,3.805160048074099,10.192519621191776,1.7448860249838287,-1.0313661521281134
-0.4519208201552737,3.585013450281216,10.071829690571468,0.08808202208821744,-1.8914161664308018,-0.2972319528364044,3.8543989892085615,10.28479723998226,-0.2184742301436926,-0.978742995235603
0.0421559682739355,3.6800796847081187,9.935676586013022,-1.701746285605409,-0.8502003546655573,0.01591865559704836,3.923706448980537,10.286062113149617,-2.098494835694828,0.34453819353814674
0.8790118175305962,4.249282325297386,9.552233314788161,-2.9289307697296594,0.887946776285163,0.5275085790357346,4.423744877755012,9.811409898666538,-2.9423675721511766,1.9108558021585205
2.3885109996261904,4.70442227977804,8.35747967817374,-3.836688438407539,2.7981689732965727,1.7030820105239577,4.985864571061312,8.82465335703172,-3.4705057627754634,3.508050608815489
4.424972263483766,5.98384694350681,6.527447089942549,-3.69610084358578,3.929648693279957,3.6836107483174234,5.789188707050182,7.296322496828074,-3.0373054816716976,4.682478942366923
6.811034824104417,5.889567048539385,3.9893595211551673,-3.3968361309406943,4.54505796138357,5.700010858200594,6.466664069808606,5.096120186898218,-2.841438991031127,4.94315611983123
8.882903634566771,5.358247290799598,1.0265839567623232,-3.14152228849652,3.861615473640588,8.062994323033287,6.414275401798905,2.287750449759016,-2.822459064570533,4.540632391125461
10.506586826748817,3.5114213879636553,-1.3083642194653127,-2.4958257095566188,2.9715252458884676,9.609294892602346,5.450437047494338,-0.6229346376208007,-2.086748983768304,3.7028842147727143
11.135935405252162,1.102809450182047,-2.1925065797806664,-1.8560248399236503,2.091323507591519,10.47396680411271,3.458064040687747,-2.791204795385235,-1.3821905114769903,2.924131372244276
11.287577222314209,-1.151335775865199,-1.4105888218987102,-1.3651983003529315,1.3600251742953011,10.91021471099169,1.099151491717068,-3.408678980788036,-0.9043641794753385,2.5797809760521755
10.96051038368771,-2.3189308748696704,0.11380127106287805,-0.9255944974443411,1.2211495826013399,10.904367999125755,-0.7167748955052405,-2.77436673834575,-0.793961414839638,2.2316358257512667
10.604214067552302,-2.418554206734981,1.9579532579295669,-0.32365928487650164,1.3542793380797216,10.751715215871034,-2.1990755140890013,-1.4672848392911864,-0.46728720286470904,2.212906207367506
10.522271091170698,-1.5935792546242737,3.414039076317212,0.5345801489374732,1.6476815127427973,10.573405010035366,-2.4448331851931417,0.20146036895509914,-0.2584756268732261,2.2920459505520476
10.381114128832673,-0.3161188255516237,4.007449395710134,1.588190686491601,2.503375063499061,10.194743330103831,-2.3852708019894413,1.8699723801367716,0.5296020575080859,2.711330609662339
10.065101280802086,0.5900984756451589,4.252359205398455,2.624588155608495,3.4898538095726455,9.298450499747288,-1.7507637419876727,3.4174879570858794,1.7012605058006063,3.4340663511768152
10.160715342630246,1.0148616295560378,4.399468665235056,3.473999032107597,4.5129791757707505,8.722755650815088,-1.448288366006986,4.263290701008937,3.0915175180130863,4.562170331536343
9.369133962215653,1.0773590478734374,4.1827128820584525,4.449909822183821,5.512680940518088,7.228124918986031,-1.0423661216142366,4.634794524532647,4.901563952194009,5.853093175502263
7.595050382409312,0.7309304069697178,4.316774898613481,6.017173048297362,6.475550251530812,5.639521508630131,-0.8593917854843175,4.865259177700876,7.059034775959342,7.14737079600245
5.010310986698265,0.06718760601920767,4.5995295398159834,7.574059694779228,6.580251343323083,3.533631373938633,-0.5802662797359573,5.1422282590088395,9.171595256168903,7.825198062281282
1.5044423907007078,0.14999291346905058,4.749995618789429,8.914533515479238,5.674791503859761,1.1601819541638567,-0.2294815755039164,5.150554451731605,11.288014112209899,7.00116898900535
-1.2960752027554363,0.5767442775754713,5.247062574331724,10.045628542751734,3.655702856102063,-0.5544311287756372,0.18257650117428756,5.384102717747808,12.634053183577773,4.07508029388242
-1.5987067402035569,0.8233938025731896,5.7463520550685265,10.720363342589508,0.3908683569488405,-1.0894407039206215,0.5809174742872796,5.695188860548887,12.957988699273645,-0.360230921648663
0.2065797821002345,0.6529035112466997,6.385550566875048,10.058175415659388,-2.4853762846566614,-0.2759906856087293,0.5838321544599135,6.4960037884875454,11.665880241510754,-4.324023148836512
3.088851044500494,2.2416734352742256,7.032904713683525,8.214447480188861,-4.5219170708690815,1.656927377032758,1.8451863401183208,7.124712313383468,9.573070590029412,-6.239917191025351
4.840501689924719,5.458972542144627,7.679106945640271,5.013499575000846,-5.569660582113434,3.3240066576454015,3.675602388094311,7.860294913842683,6.300338367268076,-6.633526385180632
3.8989959795127214,8.774693420124473,7.186086201575418,0.6887611141436505,-5.496318106003583,3.058904669092606,6.1055349836219515,7.971956265806771,1.8082316149905406,-6.475751525340065
1.0354464056767931,10.577579997981802,5.2394690801325146,-3.4730106495763104,-4.293852193436105,1.3396980199818773,7.717581913498909,7.196229257974537,-2.9086480939919164,-5.671552858855312
-1.7651022832393604,10.24153606823642,3.3136103182279353,-5.890814737451408,-2.8713660010825364,-0.6216395903894048,8.129474533106109,5.412734668226891,-6.359846292657328,-3.3223061350315577
-2.738005214802888,9.98596134705217,1.9717152985451598,-6.401586529897554,-1.2741018690436159,-1.2161627952818783,7.968567358049132,3.3283387792402905,-7.492353238459481,-0.2606650031239264
-1.4141314404436682,9.792501406439321,0.20641617377568253,-6.1436774329928445,0.1943034638287724,-0.9156031520170866,7.955171183247138,1.2433882065640254,-7.374855770762399,1.7564840268704467
0.8204511754362682,9.85183280110226,-1.8468552350496534,-5.199832300841702,0.41975692754231886,0.052839631114607044,7.870065216253546,-1.0114120732163037,-6.370929969623544,2.469384893134623
2.7786864427400975,9.16775373442545,-3.9203430751779416,-3.0082722127562023,0.5482361707103703,0.640326139059164,7.9592601248453505,-2.777461030977252,-5.242197494383575,1.514226354880854
4.162237177007857,8.148858366169826,-5.751671634765241,-0.20996651439800898,0.41467376479681506,1.3347951271317322,7.916387166445177,-4.281895596479401,-3.1630081109485593,0.5368271215733617
4.345536539229974,6.982782259188348,-6.221319508536949,2.2772051122007735,1.3193577481394176,1.9524458089120835,7.472806852897005,-5.11697303526037,-0.958604464809449,0.04095405258487214
4.806227437803312,5.973998134071208,-5.785124664511492,3.9589680552473676,3.3396925423763126,2.723602006707994,6.919092753067214,-4.82082311701854,1.3259453306334317,0.605658312065316
5.175584470015829,4.259223159787342,-5.082458396210461,4.505993484134248,5.389931423810346,3.579810573315335,5.754795258297387,-4.361105132585608,2.8870909446623494,2.141391519536851
5.403280731731164,2.586571523765736,-4.704326666660109,4.056320581638411,7.248989243902385,3.9593859977435573,3.8706373546110466,-4.038697009644903,3.408411248067768,4.166692893273955
5.100966698719718,0.487157012335975,-3.9594885836821425,3.1602891074119444,8.803571990798119,3.9032789742915606,2.011047368628662,-3.338003540706433,3.386037461662234,6.095052758084462
4.044861387701834,-1.5918375657239063,-3.1687725136674314,1.4347979254738186,9.772982844255997,3.578072644644073,0.0408715087033062,-2.6027459043341112,2.9597468415078363,7.329535266818948
2.607518250024861,-2.5889982285865765,-2.410324031014849,0.22347025780355706,10.025547425939775,3.00184759263977,-1.5469278876936585,-2.0487627964689565,2.1862101173962873,8.052230491457184
0.9085478265842085,-3.0107053653383686,-1.422715621192654,-0.5004633502105413,10.086986941062758,2.680489124349043,-2.5487286718763693,-1.4876035092944606,1.80550170013633,8.70975365981192
-0.531785652923799,-2.4552652559960184,-1.0308335100486867,-0.6647273164114058,9.95312748225321,1.685622052029763,-3.1204353185118894,-0.8291560050478675,1.5794462252979453,8.943094637793811
-1.5049392207545402,-1.0596294577459497,-0.5516056852618466,-0.4125651268897103,10.06174582646076,0.744236083490891,-2.8458025968627307,-0.2701551815269341,1.6857148623238953,8.850159350306813
-2.186371327880594,0.16149088167564613,0.05618647143734451,-0.06709326186600632,9.940947055953782,0.1276848118095576,-2.8065383107457484,-0.05900775239938741,1.8860062238729083,8.747081599218554
-2.041111516504253,1.5167180552064359,0.807033086612797,0.5987832035946588,9.81859322885787,-0.6677891923666464,-1.9030177247435855,0.15148124323980017,2.497084629532874,8.686714292239637
-1.6187520905022126,2.6667750305041347,1.389680284017544,1.7405163606043623,9.876594680839478,-1.272841389245583,-0.8384865379516449,0.3772201621427697,3.014234744468845,8.37736002438053
-1.206918778564067,3.5212892394358914,2.242570150463349,2.4781327123482706,9.584461160596254,-1.8286152459656682,0.6973584610918835,0.8345492907071681,3.6499320581747736,8.199133663868167
-0.8105984540032625,3.9233341453854793,3.598458330304695,3.662943342339095,8.646248233121218,-2.1529926121715994,1.7873438946465134,1.7111967892716693,4.395587578475491,7.980077199298629
-0.4764159096225435,4.325580451001672,4.728642511539305,4.822033232665102,7.550825250408725,-2.149525063619244,2.7326934412017616,2.680920178512613,5.093228700688629,7.124636402890227
-0.342581506677695,4.526752772537948,6.35242018092836,5.422154150602208,5.723301094210473,-2.2583017959682232,3.571262743422005,4.4676274434144405,5.870938712566507,6.288158208040832
-0.39224915285698136,4.680030556301196,7.756027848015878,5.70843740244269,3.358704224942738,-2.198094749583963,3.6454146439538824,6.206307733898249,6.740351693010591,4.543175395933836
-0.13131078794476125,5.020926670646353,9.209615650933953,4.6591150651002335,1.0637321843173706,-1.5813278595983102,3.5530158335437068,7.95155186395449,6.727272692499796,2.549795002021704
0.2771504006484741,5.588686341928329,10.099807203655322,2.2555018646535894,-0.7453630754228566,-1.1736817706015037,3.0318224648690046,9.391544695046868,6.099573285427547,0.29634248500543847
0.7494343564185401,5.966597397197508,10.383438639424515,-0.21868830739957862,-0.7373795946559742,-0.7018668016465957,3.073650658864379,10.55726305772157,4.423176066974683,-1.7111469553468432
0.868571212217944,6.586377547240225,9.443962040944776,-2.9827867666219197,0.7928466716876332,-0.23582030615521218,3.102437687612485,10.794609557888997,1.7913259986124321,-2.6003169342270738
0.514753489813597,7.04723492332991,7.843545339991316,-4.543022975043217,2.8166773005694994,0.9673699346348911,3.548188176690826,10.72485940404189,-0.9256242894970791,-2.5056296508577605
0.12481990048208744,7.484931841920009,6.237486331958926,-5.246086274029459,4.2687966563343105,2.779470376099918,4.449885571794199,10.024081264772601,-3.1261583755955957,-0.6388614278497423
0.9160998468623771,7.4595004050130145,4.490329435619687,-5.151532553460581,4.87809822605255,5.699951706770891,5.5890045317324475,7.8809354598449675,-4.672856728398551,1.5296499939321135
2.635970031331486,7.76933968161259,2.1663071122386026,-4.831936035866254,4.348517802815457,8.521483672304292,6.184710410229647,4.498892222332883,-4.914382930678992,2.932975712552458
4.989974285251598,7.565429010597749,-0.40554930534354533,-4.1947090549985,2.7224664832491037,10.313817509504705,6.135738223178662,0.36110827295619485,-4.713353363780675,2.9567806012293776
6.780294497401538,6.14495452444381,-3.400568787422201,-3.0732486122261293,0.6849123452541517,11.074394251264458,4.51741039194691,-3.1207409317909174,-3.810869164864205,1.768828409014466
7.140627081192189,4.503708766105686,-5.067601683188863,-1.1400189676380414,-0.3050372930189814,10.799378948196836,2.6670799196118264,-5.072918710391958,-2.474953814132294,0.48027258442387055
7.6482600244861665,2.8664915903715977,-5.8075260094580035,0.3715987833548898,-0.19197651512468986,10.915352015171598,0.3927351427833575,-5.214253958929851,-1.701024341735431,-0.4043943814727606
7.447894080684891,1.4496666548179877,-5.590635403407299,1.2548675365256392,1.1563789193522063,10.617492950065957,-1.8356345234724354,-3.9039829266021937,-1.3858174219979071,-0.7041819531379709
7.64131166232671,0.00876035210266704,-5.1113296698715285,1.3021276524269603,2.6703009291392585,10.467005377064254,-3.7456038217290333,-1.7050515977553071,-0.8675340530706476,-0.566845339603853
7.540857567118338,-1.133102557429282,-4.022590579804497,0.971915073607523,3.6853766284002596,9.403773596748744,-4.694768764464687,1.1162303557105282,-0.3675742522772803,-0.4422419757101052
7.760634079716083,-1.9643912586456242,-3.024126054689886,0.2664772157413833,4.471733049332138,8.149632868922502,-4.993642455891441,3.711404619762738,0.8121412608360341,0.15408218758095846
7.740371179685459,-2.3838692796459653,-1.5043855772393475,0.2323313281456812,5.047163599782655,7.298335722967468,-4.113492589521505,5.354996596284755,2.5964624204024345,1.0314176331534393
7.546026566453321,-2.3769974525871658,-0.10387490944268328,0.2673588664335295,5.273356944794939,6.358649566692806,-3.4724402716818847,6.171369504849151,4.309699749284144,1.6940904095827387
6.903463642708361,-2.25091820891189,1.120915957497254,1.0884295109687185,5.696390892172461,5.45486838246744,-2.3672196101203515,6.619024258425415,5.95242713409832,2.2000867104534505
6.069224599163739,-1.8461105984809396,2.1557719443598993,2.0648889056802764,5.973804767839822,4.892630584421511,-1.5866406064731449,6.881364394814819,7.440116750739297,2.4869586779079698
5.053637992405634,-1.2855248853609553,2.845410823553305,3.47971275560548,6.616699136435837,3.907390239617745,-0.7405076140228188,6.526709005948706,8.900342943313584,2.457452887361873
3.9481298658688306,-0.7631857183642395,3.0812844753760062,5.09216994861296,6.80503067844052,2.7805134502697286,-0.27485626957450127,6.626194405739588,9.902444315779013,1.7420337796431815
3.664757755869044,0.08291457154099485,3.254127253908323,6.2920164267158585,6.544294265930475,1.0521416231863183,0.04117817575132142,6.746547318906293,10.478029782887315,0.7706508204171786
3.8518454114041956,1.3263674731295807,3.9848297790209197,7.511067544987953,5.428354701781531,-0.5812112706377549,0.6065467659699166,6.885947311422473,10.261120154687326,-0.29122750969878053
4.407121497097439,2.525834071932082,4.647015095103759,7.976289111681943,3.598287868894069,-1.6686587026529658,0.8865200912195426,7.4985099096148815,9.925244286552607,-1.2095061530584807
5.023665051070373,4.712610750485581,5.407599238645948,7.8226600375746305,1.0696774776050662,-1.967859004573422,0.9883188612872758,8.181928979603747,8.885261470199591,-2.0211346284549667
5.659063400209189,6.900056618652301,6.15316307780131,6.445638251411627,-0.9556840181686165,-1.2363906978923054,0.6312654544565536,8.723214538533007,7.729422445478487,-2.627539820725465
5.769096329992598,9.674974747004763,6.047285579066229,3.382479636733978,-2.275771081105327,-0.5054662303550896,0.6745492422923456,8.762593350902653,6.380101609064946,-2.8789068273727136
4.905150913225445,11.945088792477367,4.188176871532452,0.5060398325922137,-2.2223280650641035,0.07259585802998642,0.8850848520403853,9.167121120577523,4.91741552190532,-3.525907097457157
3.7104641870653943,13.199615294266161,1.6036291770622462,-1.2231360398714448,-1.6886188398859567,0.5274114653094811,1.5196664078379496,9.268044334962203,2.94349275394963,-3.653472711712949
1.9403217295956483,13.51356340477408,-0.7847780412432905,-0.7741269098059506,-0.9028916769149617,0.9091218041854786,2.0354506154095326,9.424836421752968,0.7628295915488363,-3.3091346993822013
0.31252033843860294,13.743657231975904,-1.157992731453556,0.5843892532904373,-0.5183045626654448,1.1951940196906161,3.1356793736031348,9.3057065034831,-1.5908432921386322,-2.6808247890839905
-0.4971437922178676,13.421977790272592,0.30284742432121525,1.2953020667164605,-0.013650331297041893,1.3644039173951903,4.113882623008001,8.746945996237269,-3.3344312290431457,-0.9192253365939147
-0.15794875545853185,13.17509408018319,1.9092068585341526,0.9661330525949698,0.6896971275794644,1.964047982379085,5.039416768502129,7.382077008724218,-4.586537952872465,1.3835215494544226
2.3617414275458044,12.981210177959149,2.1059747560313173,-0.10789486481446403,1.004047331454077,2.622991761858209,6.009549335053974,5.86802908253986,-4.8927157640732215,3.1121849902336427
5.418005440495519,12.61564443844021,-0.12030402485556288,-0.1186463554953145,1.6002939474021771,3.493335939072385,6.630538274580347,3.667595215894378,-4.7227406016519815,3.454155091848249
8.219458520276739,10.605139926157252,-3.3895205164048954,1.321145798360341,1.9747000320877968,4.306603990497965,6.90785147794186,1.1894947459483496,-4.344360591335118,2.8286559643220013
9.601934254603607,7.5557587599582465,-5.718829073227215,3.077562028386723,3.461601412162492,5.200503056218908,6.165488594735868,-1.2954798147741007,-3.365632458624654,1.2479870842311964
10.180531270613429,4.282386381236443,-6.824406263151,3.8191408156987166,5.967705802811064,5.729211697621161,4.525792537625047,-3.073986912381089,-2.450571318852821,-0.05304383642786755
9.832451845614607,1.3064095849334891,-6.7219127156251535,2.7494005922306353,8.093833386172046,6.047163696051189,1.740112405844557,-3.639246939054205,-1.1803526074113144,-0.8007017111420632
9.96804648262047,-0.944088018393523,-5.938775966469718,0.24448650670645738,9.09507598987674,5.438472612446846,-1.253216963247401,-3.0701791301897776,-0.5706640650041502,-0.783906504556926
9.836015684137681,-2.764402706927838,-4.305510597194543,-2.0501474515076605,8.607773535246176,5.29652045674756,-3.6723720590677904,-1.6456492518073738,-0.20614705872228184,-0.3555531656976624
9.98613864921568,-3.4194421618487785,-1.6728091974074597,-3.2391594998867603,7.6556599282203335,4.770349250953324,-5.206712787993875,-0.1217429667098653,0.041898540366865064,0.06954461326085672
9.75660988264886,-3.261186263617525,0.9415923940759978,-2.799390926563174,6.983561180663607,3.883230624906137,-5.8171494288139725,1.2763367899826723,0.9429260539558694,0.649104878186209
9.572092063653898,-2.333968329110383,3.170527086666407,-1.1917127201503739,7.0625206321280585,2.9827067136680827,-6.101757423099956,2.5430749773796255,2.1422947217556882,1.866368998958368
8.93126953830384,-0.9134253799001695,4.115602843161879,1.0454368967171321,7.219805095564704,1.10132778891329,-5.742899445770908,2.7646549859832095,3.541727938849492,3.126281166349617
8.2830128314903,-0.062174493808901915,4.53370263895882,3.050746858052709,6.856257499018794,-0.8640746441397145,-5.131351979940804,2.1734974877550366,4.815578144865824,4.679441149649924
6.779722671147034,-0.04672217821417277,4.747124446218639,4.916090361287729,5.787647175696727,-2.800207892836025,-3.9243127365587345,0.9218183129264614,5.930940259060777,6.5199048911286415
4.4349456469895205,-0.2847874174763573,5.22262159494946,6.346026886234076,3.4441838790935333,-4.14913997457425,-2.358106628011695,-0.16582023998644396,6.387378589983803,8.531475103708704
2.073893524204977,-0.2743651566809957,5.1657477394496185,7.085758519937694,0.6694130078986867,-4.508195602772235,-1.0433746964105188,-0.6239588677153209,6.294716576588617,9.64022427691868
-0.6396844399905405,-0.11863208631945071,5.164465881585435,7.210588754814687,-2.0898963658679404,-3.4246544383260096,-0.5520739255799595,-0.3950408026832219,6.169795098510175,10.056456183012795
-2.916254005611447,0.8389162610605522,5.849725481360125,6.362532483782084,-4.125337326681493,-1.6925739903610546,-0.42482604025577114,-0.19567269993904834,6.093214386328844,9.619912032356835
-4.333197016630113,1.7707105695534755,6.5381954330400385,4.540632859811548,-5.296437782922463,0.15531531807497675,-0.2588191675251087,0.2694753756067058,6.3419794979924005,8.474911810629296
-5.347315734090816,2.1211461438347463,7.589784936392381,2.020970287344187,-5.693970217548726,1.697572744553911,0.695925541724599,0.9882878119744034,6.49347864893365,6.693871599668107
-5.820126806880747,1.9544081833482199,8.473818755969758,-0.7210508473625525,-4.970403675600743,1.8885486460995855,1.7917686178124888,1.3197167955808133,6.844926275313633,4.758143689215826
-6.013961513409606,0.8525141119853962,9.047246361859145,-2.5519933230201404,-3.7063299337423774,1.396416219807205,2.6801799184680632,2.6007698959171,7.170756641027114,2.1923526290145614
-5.529712024532024,-1.0209905496748521,8.978128396529623,-3.11208388891232,-1.798278860682622,1.129392015906623,3.4683674742789243,3.834313024065375,7.158365873357215,-0.6652875067280684
-3.79903220329968,-3.1256309216529483,8.797064082520894,-2.1485132823857422,-0.47841170362735064,1.1873959347848262,3.972952243454502,5.104335494118268,6.125840741846,-3.076199992049246
-1.5567007420425063,-3.8764398468887,8.607921925920621,0.15966435355141306,0.4673652220440789,1.5247587689472952,4.652889610006747,5.934213811735357,3.910420987009364,-4.369072594920498
0.37787060455900096,-3.6144579416416978,8.123371285952192,2.5889343186408564,0.574598812705236,2.1869804910597255,5.405488264307083,6.487890992991613,1.210665488226794,-4.710663387395699
1.6866897521977726,-2.589577038954946,8.127671067108588,4.2075193912566915,0.03720476910617769,2.563268046993668,6.112746350791828,5.826592599644662,-1.5929404235182207,-3.986751963106773
1.8931967644290477,-0.7162918371664128,7.944651005264066,4.892049323758191,-0.607567388392228,2.8765399892672114,7.149095461753498,4.388015930894302,-3.4708054489116185,-2.7004415146445924
1.7515837522840485,0.7025075333961204,7.997946153683356,4.8955117345617385,-1.4106811752520019,3.1451672674859164,7.890413966499917,1.8535901066562723,-4.506810990661669,-1.9902860991517362
1.8696557525388544,2.067935638042068,8.335892235769148,3.9086828926240247,-1.8107914005244377,3.0224176581256557,8.406630929078855,-0.60115163959222,-3.8911559128549906,-1.7336694893867945
1.6732691816607521,3.276744932759296,8.578399446893373,2.531490859463031,-2.2349112085355216,3.135796613285863,8.38676829898106,-2.827174895855587,-2.4473078318887307,-1.7934211904440627
1.5989966412831293,4.289796885255746,8.354256857535606,0.24604010706009927,-1.7159604710672958,2.5489994030106042,8.47266773661255,-3.876664787720179,-0.5121323085951979,-1.5119491610765425
1.9725454062043302,5.538986588844844,7.918268236545545,-1.8878256377789253,-1.0703383074087498,2.358391119992209,8.179465980490473,-3.7029184834024496,1.8344517700467815,-0.5049913629137751
2.117048212072144,6.3783491939230155,6.782156616696896,-3.5300173074173054,0.031313656617824176,2.4780172277668835,7.678841122459076,-2.85075754880825,3.6724807020002332,0.6556073062837489
2.5886083034831224,7.097359388951533,4.605759972284304,-4.654953473516744,1.1019735566449806,3.3517577726475305,7.699538666630174,-1.590564018322683,4.871701389384892,2.281267592929386
3.50632670245801,7.283531017233022,2.054827072399278,-4.915538998246208,1.6429130272011747,4.486173777160324,7.306236811539568,-0.5916128131155656,5.28661470760011,3.7033884549513387
4.2904755466921385,6.630792243403805,-0.5610623891561536,-4.386969833515323,0.9170461302865103,5.456495969075555,7.047793738318741,-0.22993072609021725,5.6373562172487155,5.164534139891905
4.659916191014253,5.292896001328834,-2.384231847046865,-3.1364991314986623,-0.10450002841864997,5.935617724653352,6.88936184484901,0.41602786930597846,5.5224761624900065,6.547055294726455
4.373819915538321,3.257730257483529,-3.18904080889003,-1.771829293979879,-0.639009207812765,6.1659082093032405,7.3775620305523395,0.7702440669041679,6.084733366642899,7.710682513206011
3.079550156280875,1.4753809718553803,-3.328322262324411,-0.8919038333754413,-0.4340566450589456,5.819426978200765,8.038468792026375,1.3191109354450967,6.149826246063091,8.722703005841927
1.0067660165968013,0.7020013930724769,-2.826039317263575,-0.015688852810604316,-0.3514742057710567,5.761551604511805,8.710849573446565,1.712426551366898,6.615429854540299,9.004502701167514
-0.8985417088830461,1.0579502269898775,-2.0257157267259998,0.42222535622451574,0.2495941407237528,6.09112419842248,9.419744383357209,2.4964006313263813,6.502313338884381,8.216077629078402
-2.213335610274352,2.2218438552759596,-1.3954051842984436,0.9637814381625268,1.1509242604820158,6.5828179722930384,10.230915405501207,3.2109687228428863,6.602188866669021,6.982951212856092
-2.868293609785105,3.5686958206699817,-0.38632157973808606,1.6533379951906628,1.8748271938369097,7.267383419904628,10.45622837913245,3.0809714072074113,6.051295889737472,5.599516532967484
-2.5150747492178978,4.178122586060565,1.1329769176926434,2.1111670592714544,3.016014719021635,8.691884133940782,10.489305679739669,1.8556134053129263,5.621608964219326,4.4057788041581
-2.02954308527738,4.987768537595551,2.5228452549726277,2.232953302858408,4.178780051069142,10.213914341599148,9.541412599719012,0.6185694465266501,5.267959655100913,3.8207295175099945
-1.5161107060738224,5.084429489081871,3.9986110487055107,2.601656763087413,5.3118098232845785,11.567221712445404,6.659925782468123,-1.1964577187552146,5.745519098430727,3.6086988517060448
-0.9195824591282149,5.242638636891124,5.213156849992072,3.242328793772188,6.5089963186786575,11.97567928715893,2.6125607826808492,-1.8101894779724028,5.907699361494691,4.0312748900558235
-0.5240757563792372,5.402549146086582,6.581323953257852,3.890148237280391,7.752258540127006,10.60435964349952,-1.9117603210688894,-1.5433933843376313,5.700960977840951,4.676383045514318
-0.046890872420090886,5.769505272640163,7.983198798552146,5.101687735277325,8.100873409659272,7.525851018248075,-5.452871283636786,-0.23987760176957418,5.631902252125415,4.911630458630781
0.27340856272975256,5.9322707917930355,9.675512300085256,6.149061179784479,7.126173095022674,2.902541413411746,-6.647189527154577,0.027191420508100854,5.831767593522299,5.3485276746657044
0.9508292526592338,6.322648135928645,11.243195605553327,6.159827279825345,4.323526706613017,-0.19583319145850492,-5.998939156858879,-0.9645979551919761,5.715014187270639,6.01581687381369
1.6584149030508004,6.917137318426773,12.483747929078827,4.167237609986025,1.3229564103463798,-1.3161874370735767,-5.506837231136162,-1.9698725714983445,5.074252867544117,6.70719322383207
3.2374375611743136,7.550062140516515,12.380684432159851,0.3385664708971464,0.11191180436469297,-1.0515740937027114,-4.293051261088534,-3.0897275884429787,3.6704644298268865,8.20676746590236
5.653456925148671,8.266500153474032,9.753438990548492,-3.2149082602342838,1.64815812827822,-0.5078895646486223,-3.4432884208677894,-3.0411651539179734,2.286869961788891,9.313767091420294
9.183705144834093,7.488795325810167,5.2216861496155405,-4.7010549909309125,3.79498189289802,0.2763501868236303,-2.7126872478745305,-2.6372054409369112,1.0590121305538782,9.894081149148922
12.045081355676741,3.8681112701628035,1.1177590288690584,-4.361854820885581,4.44109004520188,1.0144992747678925,-2.540452999261663,-1.8647234466655025,-0.09776696629361736,10.194406611266507
12.605475073005007,-1.608600926574334,0.5708530762634982,-3.5358162643290756,4.706471173136126,1.8200563343919516,-2.185741079129005,-1.306799434520026,-0.5545315786640544,9.8284222702711
10.973040240963597,-5.565616924946131,3.922244244827169,-2.148053837493386,4.855182908602651,2.514477030247961,-2.1735123637796003,-0.2573809423751056,-0.36541505160192467,9.45840029992073
8.199400493533526,-6.714415873081945,7.026215548116429,1.4717150669114059,5.045671812892851,2.555867604009416,-2.1529204517008393,0.4240694512602728,0.10773959857995595,9.554565745191082
5.302715342235848,-6.39802644006919,8.04464366678426,6.209332848799952,4.1834635538987595,1.3604088442116924,-2.124070588428075,1.068943257743473,1.0218662449944078,9.484188620412896
1.9274766378262516,-5.705568998704395,7.066835810287249,9.596837111152263,1.8242061793695628,0.40878090324324534,-1.6475338720206718,1.4616991643138104,2.000439140023051,9.750643774472914
-1.4255475873150032,-5.10331006228557,4.162647049431361,11.436411055954915,-0.6292226501359758,0.7539657534133873,-0.8504584531388624,1.6769267363757787,3.4229058169874444,9.422781190173126
-4.872346771488583,-3.3341626772455766,1.4147060492034302,11.649671866115291,-0.9715807941561053,1.8311055022606197,-0.22550826325748458,1.9435554174293868,4.433408379303222,8.310925152365321
-6.588714323380575,-0.5938660632948132,0.02280145816535646,11.749113330440297,0.517740828128631,2.2429943267482617,0.6853941316906061,2.630742162742495,5.669488951571336,6.5964658429144025
-7.17645956587343,1.485344538161311,1.0428514134476858,11.84782403847693,1.796470397133174,1.9575586973784425,1.1647633900490106,2.8473171536190485,6.554532070437837,3.968764741207
-6.7672838685951975,1.9905920729095377,3.244821874536275,11.638166370191335,2.009791955450455,1.245382375777667,1.567533812470292,3.7769063900576305,6.734719068640073,0.6253522802473721
-5.80302628726961,1.0766872977706368,5.041189774433805,11.584911624213722,0.7820578591948252,1.0732708277694185,2.143349784098294,4.709487123308378,6.336054954591883,-2.3714516975359814
-3.947570654555019,-0.8003163231851611,5.209681631025687,11.501248068767596,-1.0209060050595826,1.4792840539420786,2.957914670000961,5.5680681879670955,5.013917840270763,-4.333340983796124
-2.1886268339567647,-1.6563289073123786,4.3834261630674956,11.292826444874025,-2.074297082526117,2.6160153357826323,4.167433928535567,5.8785979781357405,2.8220363950952816,-5.519985971009759
-0.8089729266010753,-1.7108631129883463,3.49876369542366,11.24907610374605,-1.9489925883234975,3.68769356459219,5.543101468628666,5.69913928654823,0.32610115136449785,-5.1435922847466236
0.02486676911211581,-1.332030736494117,2.8850401019201777,11.12170095993678,-1.0022334654236333,4.186391130497773,7.098509741594604,4.18174283389989,-2.0908314344204553,-4.155815083383213
0.21974133129090676,-0.7285553966412747,2.900766925365033,11.400757708132407,0.4744428996699131,4.495775455203999,7.961786896681152,2.0490710546398794,-3.3306038477764703,-3.222231167254285
0.24456117531490948,-0.12603922613633578,2.859742851450925,11.368059554004004,1.810076392562526,4.562384921079915,7.8862570339255695,-0.5777277958571547,-2.975740030008585,-2.476284675615575
0.4154150870298259,0.5878388393931118,3.325928827706542,11.709249899285076,2.9279606150083657,4.477120731101638,6.915252787170844,-2.62137000067506,-1.5280813107900053,-2.2200970282726766
0.7730873370931163,0.9634810776308225,3.9988065747309043,12.272992666144889,3.690687707559152,3.5548833884971516,5.782621537308108,-3.7405748689625673,0.42536352038438247,-1.547702832580979
1.258383706784756,2.0164982993537235,5.243117708165687,12.39202717155662,3.2815081941068684,2.682041976402071,4.924975541862314,-3.4162739992580606,1.906060850572043,-0.8574110661145206
1.6384422122013835,2.725083707033341,6.596870664348536,12.409673943272708,1.4277580834541923,2.2865091105380753,4.432197424164529,-2.6762527104157474,3.0419241794548757,0.32872820968161565
2.1416022890654265,3.6555640762926846,8.27408264910454,11.238336357053107,-1.2035490427393092,2.482262952019397,4.471474856627872,-1.7208967721372788,3.7006247639828165,1.6824650911089822
2.563651944585694,4.573141321349841,9.664592968053912,8.165273702030785,-3.626860492957548,3.243639817485296,4.940093428821331,-1.0017905606263842,4.232565727470655,2.7800072809177037
3.0186911842020043,5.849395495635459,10.57723145544682,3.2694182850640474,-4.7885502219266,3.9300757380637843,5.931737165008775,-0.2387183906592182,4.817241294433957,3.791980491767098
3.659132918561504,7.157523102993691,9.758015134451146,-1.9575361678649381,-4.255367462718597,2.936355320366109,6.925346761561069,0.6352909179430408,4.913220068424012,4.667294165928716
4.460039027843057,7.875453283465894,6.807236726628892,-5.820551312724839,-2.519369808747818,1.1797923042289695,7.394115063840116,2.193286883706461,4.879181918062041,5.633700675168425
5.643667486100037,7.59434873770278,2.470494630018846,-7.1929890226333,-0.5604840314555719,0.744390996054266,7.648388377257112,3.9877938538707425,5.079271549921369,6.642894342439646
6.463475083641014,5.6101471516515256,-1.440043083171953,-6.368470614114749,-0.18668662789462293,0.8636973476580405,8.241354024378104,6.030370314971853,4.732411152877429,6.8310464125227
6.591403527793244,2.6003174373447986,-3.2927372468390277,-5.043813170387626,-0.8130464507320119,0.9115447759628758,8.660395079310359,7.851530848546581,4.632977825630752,7.008979245076999
5.5543968087114814,0.08475889214996568,-3.6974551828052524,-3.9702678653291033,-1.4319547430384514,0.8827946902892277,8.990635924208622,9.344174479764531,4.0524377254214325,6.772323901115543
4.492831415874055,-1.9593180958442669,-2.458328404861466,-3.117988383747643,-1.4133421932207875,0.3671746134608153,9.44724165110726,10.675361553362219,3.000275880071863,5.949540134938713
3.487501938516846,-2.4855044241988256,-1.1454532545058975,-2.4442490280195655,-1.1378782147959547,0.07314326279145926,9.718549657993973,11.635853600479328,1.0822539405685179,5.415305091358151
2.943849108623681,-2.9378051234053286,0.3218783809692738,-1.9019697091069918,-0.4927892627259057,-0.08864819493725568,9.540400191855175,11.675451375389697,-0.9386434160429487,5.703143730066885
3.0971526549708663,-3.0369748116909436,1.3657000909861599,-1.2745873555676284,-0.0927965719695196,0.33572341155256813,9.637925507804017,10.568526425969287,-2.516411975426941,6.354441618686882
3.266261562507653,-3.1955027462123553,2.4207106615703253,-0.388846330305472,0.42007428518959655,0.8978460973656514,9.887899271989177,8.96087398312293,-2.8934652582938236,7.544986008194086
3.5759977586273792,-3.3264124984055043,3.3023432521681384,0.5891331258471436,0.9535282872025349,1.5816308757150717,10.294379032095414,6.829649855023575,-3.1696012870689096,8.363721397792895
3.880065753512602,-3.6034157756643714,4.132694716373238,1.9054225992011815,1.2080964886768488,2.5925091441133064,10.888329597828433,4.094187345615118,-3.4357706746965433,8.78633012441777
3.6334104900175466,-3.6935043918811816,4.561331522113162,3.4872622828775004,1.4956472447830333,3.5429109503344174,10.851296565544436,1.0368249218452885,-3.010395866453031,8.708236247123246
3.382171154882398,-3.804566636104073,4.605590730010922,4.9156782023457515,2.0362016991773917,4.386330545588774,10.614547340787562,-1.8141375117420202,-2.0936174185634595,8.228456857799651
3.0995879561110176,-3.6237873265330616,4.512437694638237,6.479460382258548,2.0976207704059044,5.204940575933303,9.34001489137017,-4.398019139156845,-1.2058251720428745,7.734404352997405
2.3032673258606104,-3.4590442428883716,3.930321550554605,8.200433456698864,3.1703198000644224,5.646698250235503,7.133092294056941,-6.1963836783837865,-0.5006246819496178,7.691487214685095
1.652186303525641,-3.1241211350461073,3.0867376231869996,9.237531878942457,4.278997825781028,5.125153052552006,4.560334404044521,-7.258900311762699,-0.7394533983007378,7.289392775792824
1.6385420722445385,-2.9535517617932276,2.297750578994326,10.260136477686244,5.36666292079113,3.861948883570026,2.095284481750232,-7.321045812859666,-1.6168462640554029,6.92017166911622
1.630788681955878,-2.5798780295603416,1.549425840886331,10.984616434483442,6.046901492451211,1.585224059020851,0.7339264508042329,-6.7295880642146235,-2.861517938488971,6.424954750207689
2.2452049352330556,-2.5010111193219164,0.8405153990092346,11.633107531342223,5.77902938222186,-1.1206709481419923,1.059499566090389,-5.930163652582664,-3.703143090294179,5.152978288982169
3.023651738536596,-2.292124103873115,0.2196355823893273,11.496160462699768,4.559321985304297,-3.0674960769374033,2.7014489849242405,-5.560428048802702,-3.7208875990886536,3.810461495985734
3.4972449920348927,-2.394889726357861,-0.4445797002022191,11.357869615270115,2.7407297981167686,-3.787213736438094,4.507827991662098,-4.616252201945001,-3.046701858794836,2.7886237865191807
3.872309907534448,-2.2548945300589134,-0.7011068932213541,11.039758843385064,1.332741298753608,-3.627385673288827,6.1224170879391435,-3.436968539602488,-1.6492598119279274,1.9301995239774217
4.172674330975789,-2.2431593611261573,-0.9988600643766345,11.081835059130668,0.3220152897307641,-3.2398107603973334,6.791336577907277,-1.9495808427802195,-0.5398699655930862,2.1966829768686544
4.119540807357578,-2.0567006868434246,-1.2028135729626424,10.953216433019918,-0.37471738727328735,-2.5766736273818975,7.133912075472761,-0.6716645535450343,0.13222884978785843,2.4026890256101567
4.1091890519638925,-2.395375140155388,-1.31759414402568,10.601133474735962,-0.46776531118946363,-2.153978190842004,7.309595129095933,0.804483985509127,0.6886526505555658,3.118586080944366
3.9570972506400652,-2.63262637357227,-1.557482793858058,10.572104359396688,0.04455505024784671,-1.4205546826667244,7.281422363391865,1.9050799386615838,0.7580510953141528,3.314354511018019
3.527348388742315,-2.9659261310881866,-1.7637107535604104,10.371562821769608,0.6825236501868218,-0.8531224811458981,7.199391523345435,3.137824127159581,0.8882858250178172,3.7618154332365115
3.083086579959473,-3.1810442019390526,-2.4726299824476707,9.538542328379991,2.078475324117538,-0.40248324453383233,7.293944199177634,3.9493629016631666,0.6564512278872281,4.060899254131659
2.7197704243953598,-3.7846495552892883,-2.8428811695267027,9.025498222521751,3.483749487587883,-0.18895573431015728,7.512473760187284,4.786041612324785,0.5177620381895902,4.182194974697155
2.043103877076239,-3.8715390792263213,-3.2262649644373975,7.6966970036351166,4.9619718355506715,0.009832790324329072,7.553455871277829,4.822800458635934,0.11073284858396484,4.599565369109763
1.6859236463844867,-4.006555046552043,-3.6918598053649467,6.26375507010667,6.521820773828225,0.753676319785378,7.658684843933403,5.0314217167464745,-0.2418279106315902,4.760457367093553
1.2570114486948623,-3.767707758142339,-3.798460676348356,4.32744052701986,8.00792274147079,1.8642085323098323,7.699632459770057,4.730983999194802,-0.18021088995311732,5.122094309727532
0.7190199944484916,-3.630141529686543,-3.4974154359901672,2.362048846617569,9.197479412497268,4.275593619765241,7.042454812429907,3.7770642412499162,-0.30113686123839356,5.264995768225741
0.32779834523952023,-3.3012586606506953,-2.9018132450383503,0.641525332434571,9.692674939583371,6.5805037031898035,5.45838858848142,2.5501066652579754,-0.02889563052637195,5.608896520006416
-0.1326868913842174,-2.694131232868686,-2.2675711011111725,-0.445676268922437,9.931561332355574,8.759902542152478,2.3775780915109332,1.400295567135616,0.7037813982378288,5.605650198604323
-0.7053856211175081,-1.9640238327278094,-1.776401216478971,-1.3502262099456779,9.457992981601983,9.582222447137234,-0.9021998532610167,1.3825879524559523,1.2674234320878541,5.905371266227034
-1.0677988086106547,-0.9999129433027814,-1.0902953821758163,-1.3758419226592737,8.640417747446055,9.28547649292222,-3.5231206842784517,2.769603910612051,2.7070669239694065,5.609971897737209
-1.509491935786488,-0.1654017552894209,-0.6097343434764472,-1.1987309851773686,8.427561060894497,7.950917663858105,-5.155785901572423,4.15818717901174,4.64732167502345,5.205070827364418
-2.4459302771517417,0.7341820227585141,0.026552225774738626,-0.543560483555453,7.805427181037528,6.249132815839159,-5.567849537353543,4.840460932696639,7.17857166734646,3.5423946949723133
-2.625432165656493,1.5553826703792755,0.49776331641785837,0.11447417410847535,8.096896365992185,4.333366276585158,-5.953160554390453,4.302374414202579,9.005124201291741,0.9462260026525049
-1.7028629867293252,1.8373892967189338,1.356578421355132,0.8632167082900742,7.978563540399232,2.4397160467147616,-5.8038634010225705,2.659887740724202,10.09379668276862,-1.198994259709366
-0.4515060713464461,1.9191116918302296,1.916355965252682,1.426028762007096,8.177969197462513,0.22304275528779782,-5.117492715257732,0.6639770190854816,10.443538646017318,-2.0246255716365478
0.7348559761856309,2.361549710201188,2.3523852481051244,2.6800407565233386,7.667264606331738,-2.126909011581917,-4.119179267643791,-1.5063140896162552,10.304167752383263,-1.1746884887556044
1.2091557464257117,2.945071500337264,3.095616326188378,3.6179493480963774,7.11405395130176,-3.8211396602014456,-1.9141889759993835,-2.992109992892809,9.868933858236819,1.2060063228310711
0.7845314147137696,3.2782197871682683,4.019899227984734,4.392388517815373,5.690126895481947,-4.763886565905486,0.6354578340821548,-2.6605972409436034,9.479129194683392,3.5273603247966276
0.08677974947093596,3.6007103848769058,4.7947058223748105,5.120786378369655,3.776988936088317,-4.50403944432204,2.5716258281687883,-0.9185450406949178,9.217152157677035,4.96312929335556
-0.6792510930447685,4.002666936203295,6.268853265148202,4.907661862037954,1.6529315142184968,-3.978940073082923,3.4226451475619775,1.6119329038130086,9.288339539360054,4.97518826693769
-1.285700180141232,3.9192863570750394,7.757187379789767,3.871032582543166,-0.4286379430313518,-3.515417252473934,3.2886488231700284,4.184414924680845,9.402443326039563,3.489851374464819
-1.3404069296298329,3.9864023964075015,8.745769629649518,2.1595874847269645,-1.535725026371313,-2.890866394946687,2.6613563298278238,6.440745784031751,9.059383900930035,0.6845946727768769
-0.6413067827841734,3.891567646998257,9.136379354008069,0.07503060065391637,-1.6068949378481119,-2.246876322645758,1.8930177451556118,7.837192291861335,8.18644555041188,-2.338508161003462
0.5421702487117697,3.9698373929495223,8.957673097380527,-1.7677191579224771,-0.7174284036203955,-1.8154769414702765,1.4444283650546663,8.686156539077945,6.0314186755079655,-4.736105004831615
0.9048205481749579,5.016946856673995,8.231840902195179,-2.9830843039919377,0.8135374076913937,-1.1664487855202148,1.1189186570249903,9.215222888599595,3.2966020605311335,-5.9619242994830195
0.3723851500150467,5.864210526113308,7.307487501991203,-3.6404227898727055,2.7027066527946255,-0.35591714017621146,1.2931611697996503,9.448744448495669,0.5938613171045707,-5.850537634661646
-0.8730014931317833,5.820154106329724,6.4663642192888995,-3.7180138224601786,4.212433079300437,1.2739340506583365,1.8631159158884598,9.126860369024259,-2.044097819973529,-4.654418254900782
-1.8300663343057584,5.366072350319952,6.006528388097484,-3.219851412923642,5.173860728469975,2.8784177120609042,2.4975998807922877,8.863206404507757,-4.04916888498142,-2.2031677503038805
-1.7282200203598237,4.766269689051794,5.9924030058791615,-2.6006354823230473,5.869220479023308,4.926110221816503,3.3536411774737998,7.386836566643258,-4.941379624651241,0.5972645503515218
-0.06675100130833561,4.841727142273985,5.746052940830696,-1.4735195157073835,6.14558268417834,7.031428044843218,3.672121312911587,5.529042539159857,-4.914119457554546,2.809449068674804
1.8965968371840098,5.399899416495628,5.607519051199226,-0.7019059558985199,6.042708036769814,8.415480419419962,3.548288621167215,3.471039519825749,-4.102275707677358,4.276983317244383
4.22408279364851,5.834292795775815,4.905891341068251,-0.07550053253748232,6.228850050120906,9.657738212621796,2.329794502891048,1.9112441262841753,-3.5850429550235106,4.205712375744859
6.402890595281376,5.972585275266566,3.666244925386222,0.5697188948576674,6.562722444443082,9.837840444702469,0.31939921890027373,1.4730301803043944,-2.4571022410670778,4.06438486933511
8.06238340373461,5.834801739614482,2.080832818138597,1.2549777142584788,6.9880088696921145,9.531614898353713,-1.4850695741249385,2.3813405049883825,-1.4910097950044476,3.7507033224787896
9.348390359218005,4.969220298975828,0.5017829445638656,1.7418851053452666,7.636354566663559,8.254691484028864,-2.9431051558419474,3.6609186689277458,-0.14770362885148658,3.7900523930278274
9.85092167824861,3.445797637432012,-0.7443875928620725,2.2339980831314055,8.436680866663606,6.028874403312743,-3.764597576406497,4.963261027291582,2.0684566289883626,4.424564453893378
9.624102897716744,0.9199549686227134,-1.0501763764452328,2.2021435411640153,9.137951072204206,3.9370382890658955,-3.8096720020126944,5.514745906808707,4.520500179114136,5.32373669291243
7.581677906453859,-1.522933034853293,-0.24534375222501698,2.4185448437584336,9.477604259008585,1.4102449351634567,-3.5856362952937366,5.111894991241565,7.532402928834646,6.7162184389048925
4.203704689414649,-2.8104940825132,0.8308531796196181,2.9039931940323895,9.521169189214111,-0.8515542160220223,-3.0734393961326325,4.0067109007403126,10.026592227852671,7.225834473290295
-0.5207242440144082,-2.736940259674436,0.9725776841269144,3.667157528397605,9.350894736585694,-2.782038123833911,-1.81863791668398,2.811943639797733,11.548337061351278,6.611077590147175
-3.5643712687675246,-1.775910318186261,0.5889086934213996,4.26347896298491,8.347752886497391,-4.5364046499879995,-0.05972642897886275,2.425499349634721,12.305459646965913,4.015495673541751
-4.3018814783392845,-0.8043146217720228,0.5821024529652413,4.851640539475842,7.257482314280809,-5.334585008502184,1.578989010706762,3.4312446662310303,12.339267289258991,-0.045174667867453513
-2.423542034131368,-0.9435804491076918,0.6201271879713874,5.445245370062511,5.910184498374348,-5.5989368879679215,2.2519142367718916,5.533346257815241,11.358232655136009,-4.126525481856877
1.286657699879518,-0.5130279835525938,0.8771993955952501,5.741621580457279,4.224768177396757,-5.47463504625088,2.6907577993654277,7.686750388842117,8.405751482107005,-7.028930387055817
3.8924210605115803,1.2706491256316106,1.1530716761066233,6.13367857948316,2.7975699131689957,-5.4712751790414895,1.531214814118105,9.02433505703653,4.7224316980400864,-8.02442487669771
4.436538422493289,3.6000939353406047,2.0464340741186557,6.242593479310468,0.8442348435711898,-5.094847097021018,0.05655926901530229,9.557557488323052,0.8402673783067248,-7.85474102700134
2.6734849149477657,5.94550550811744,2.893783107493494,5.870475860701835,-0.556795520818058,-4.421973018574472,-1.5026673897697695,9.241646042772741,-1.7281559877842203,-6.594431826634007
0.6750789011342375,6.70791932576632,4.614248490089026,4.670183004210421,-2.234472041301896,-3.1850202654339324,-2.800509160089978,9.097851639878495,-2.8372123098843565,-5.078041687759579
-0.9585760407639046,6.792530534313219,6.11789992592743,2.543689836864366,-2.84195233202668,-1.5509843439489102,-3.656344661321035,9.334235651532982,-2.481704565008376,-2.9513898570084502
-1.076561481462531,6.452102698035147,6.91763590017736,-0.30445111687390025,-2.8663907846017325,-0.32267713762861033,-3.565118634304648,9.506810804158956,-1.123289999947057,-1.5341475655777745
-0.9721898819575868,6.180875115674733,7.088517964545729,-2.675398460274189,-1.5749709906757534,0.46514566886746816,-2.883993759068623,9.59445057331201,0.27137122867388547,-0.7803610191607255
-0.7320175370670546,6.085429247764825,6.357229065888136,-4.207723960019704,0.15081875195232106,0.6519327540050599,-1.9989345864021641,9.499589956649583,1.7630037665854115,-0.8041904108052054
-0.29122589730637183,6.0432310573883266,5.2106521783584805,-5.052039136190819,1.5411062607226582,1.395115158995991,-0.7614920800023698,9.459989030518228,2.4090428620244504,-1.257335946215045
-0.19172132317062132,5.983416499974729,4.076992775354825,-5.2590713113064265,2.76646668935526,2.2943682294387933,0.3036003205818821,9.6403426028958,1.9645157368433266,-1.8123801429638156
-0.08574485998085438,6.511384052532722,2.7213491757452375,-4.95182766315228,3.21811876342131,3.7327523743237503,1.6996395612747723,9.421334873642788,0.901672421792593,-1.8163961735284437
-0.12582187981690152,6.458332713643584,1.5740691722126616,-4.612500566298028,3.1573546474309877,4.866720242504456,3.3442607143997574,8.963926503455708,-0.2551779101140084,-1.3752416845105486
-0.024332996726418865,6.607577902143283,0.5608324206906303,-4.128113611603702,2.3361664984158823,6.572704101874283,5.165691745836687,7.457809571447098,-2.2238302974429573,-0.7128446733321071
0.594495080407808,6.952440631745773,-0.19564051309079555,-3.4493488523939217,1.3902981959884677,7.598186934653547,6.884656749544036,4.488641672147861,-3.325603961850443,0.8585883339362668
1.770412877938102,7.088749107163388,-0.8987028261822514,-2.6219430160281805,0.5951654965026663,8.203063524309476,7.761510048455027,0.8589124978397031,-3.448865815593239,1.605458312251571
2.684921164393275,6.5825436649212525,-2.0127472043538712,-1.4740262214704487,0.060589311013904294,8.506396597382288,7.24182682328498,-3.238872978215392,-2.461436427122686,1.457638694409949
3.5010101658523203,6.336605508969422,-2.51323998037675,-0.10495452142934661,-0.07688388340796129,8.559968549752565,5.596975486475739,-5.601636142714182,-0.8164641588899569,1.1726045245037688
4.310239942032541,5.602285487577531,-3.0073094556378157,1.0845613673470658,1.0684068708633117,8.733223891741778,3.085569544220245,-6.767354283370068,0.5399294682339455,1.6739765822352275
5.17265054004869,4.348645298856323,-3.281433346694581,1.9325591051816589,2.2841845486332444,8.768575611228297,-0.17439577317613053,-6.294379869131695,0.825011633282208,2.5497411891031714
5.793071556970448,3.116335060727976,-3.1493275277188473,2.580848842343209,3.935260713521086,8.056175764589794,-3.570245459772636,-4.911753048824164,-0.10013598602612343,3.1336883361693024
6.3898943011730545,1.606253900086274,-2.9525490954502267,2.632027609339247,5.457651138833173,6.452899371140684,-5.855789215416082,-2.4343389873347414,-0.6398979108292673,3.3460133513216213
6.961726115266655,0.07051974697101339,-2.410104636895069,2.3695950950190228,6.759701652747057,3.735962586038097,-6.919484616153276,0.22687383828442045,-0.9038295638375459,3.241689979316621
7.232133218559016,-1.58227736456424,-1.7028141060729851,1.7073422583828854,7.358728887190122,0.909986772121224,-6.801570322909748,1.6400029582023294,0.2561828044479106,3.4905496756263403
6.586828392525434,-2.510269817966374,-0.8018337585760469,1.7191860766423386,7.5803931923022,-1.5394419066868823,-5.8711076651319365,1.7315529717515843,1.5931194267923485,3.993770314953473
5.867583425050074,-3.1031955755578378,0.3771788789919449,1.8965360851803408,7.6413753665007835,-3.5498168518205393,-4.37474477196577,0.9079088452598115,2.4361559011052822,4.904374581679412
4.381549624925605,-3.817838899044217,1.3783866325367815,2.8666440331328795,7.18199144341297,-4.978301658815978,-2.1542926937313203,0.06266968705278717,3.2183320982307775,5.900155383433726
2.4123610467413603,-3.8210236238039115,1.82806967110482,4.061797089362567,5.9448185882440345,-5.681473525959437,-0.07371161588390782,0.2857258064122043,3.6226260226752727,6.430265874568373
0.4590402599335558,-3.41047652412916,1.4984650000625135,5.135767664260202,4.4679125229534185,-6.010717070436019,1.9882503021869367,1.3263464227898374,4.012995709444725,6.880676930925687
-1.46760437669522,-2.6090808137935553,1.3272272368315787,5.805003172086844,2.767352011557389,-5.655504780209937,2.5840450161947928,2.8568421366170993,4.603131644879586,6.478451374956045
-3.1262785185401136,-1.6014367180031424,0.9420036411930179,6.254021461754187,1.2622712540696437,-5.053914877598096,2.654450302248011,4.584205327491665,5.568322026335286,5.06167504410914
-3.698376052463543,-0.3408797279570364,0.8263537792859882,6.371497270968642,-0.007344667508215847,-4.429726344452505,1.840428175076532,6.088789080337325,6.126057854195653,2.7213432929371995
-3.2626177174934137,0.16478373127165694,1.2241579449188138,6.609839413656732,-1.1709876822727767,-3.696733128479409,0.823867017396398,6.875052361708041,6.378037257727945,-0.17891794344488055
-2.331503424483468,0.1086557387542541,2.0037101366282006,6.611124364108806,-2.259423769766227,-2.537235416996567,-0.1451104061773672,7.2764062215479015,6.045705114668274,-2.8785614631695386
-0.8662317377334932,0.20971140278581507,2.1871413136124973,6.527045013203249,-2.6088036210511776,-1.0045533476084596,-0.45344443838404647,7.2633096962389185,5.064839064421062,-4.393296327634685
0.5076130906975606,0.8095115880135296,2.799830786499444,6.268389835549019,-2.6766952434096156,0.4296734384849329,0.06842075216517803,7.313553669953057,3.6688867666545764,-5.13972990040455
1.5463613815264081,1.7215000943535856,3.479960744749732,5.808002909311502,-3.0126741338872565,1.7257874239236743,1.060569135225127,7.3728974743571625,1.9862057599323077,-5.332986685919599
1.5739982067192313,2.8473089122552286,4.318268743829359,5.050384454376189,-2.610152382073329,2.7139989115602896,2.4881647590071676,7.277064947342265,-0.13743896116521592,-4.680879701047502
0.8891377135371039,3.6767728618169895,4.808547640213423,3.9159000807579765,-2.696867543723853,3.2364373311336485,4.409989129743882,6.8130951761145075,-2.5491382391744675,-3.8448353890561138
0.39252635548508397,4.299102094769928,5.820266286143947,2.7282408042216906,-2.338765016837998,3.400060509148512,5.947727381371866,5.127585104020807,-4.1871009209545855,-2.1189283900254194
0.2197423503886821,4.703747256111661,6.269565176904716,1.0157862466050944,-1.8450795784995775,3.008119571747282,7.104868375771818,3.0980425049578217,-5.341957737643792,-0.6775976976301147
0.7087436002355093,5.069070903108873,6.343134495496199,-0.33431908908004637,-1.182671289244969,2.932009118145727,7.810041192368687,0.13519869723445135,-4.973343911484798,0.09399873198823024
1.0852002189375318,5.401082863375666,5.968071751480311,-1.8863619303853996,-0.6427127183997652,2.7050108562612443,7.8988155927527135,-2.0941585740266664,-3.8895468273520857,0.15670803567796882
1.7967843823260803,6.259512326117709,5.126940902347412,-3.051979427335004,0.21839303834749368,3.135176328925708,7.609172135631014,-3.6630950464020855,-2.29312188363384,0.056876450176629026
2.2587221699775677,6.54612232227248,3.6150134398686964,-3.704689103184434,0.9928382031724675,3.6373317509836287,6.925648830963071,-4.707855985457773,0.04911959393617675,0.2974592808055563
2.7034555888129783,7.295865715809131,1.812350939301142,-3.778000028344435,1.1675474562255976,4.617811170441093,5.919946975391227,-4.914726124680876,1.8730082353630841,1.0921783022281715
3.500101543730547,7.229251957068392,-0.13501083386676857,-3.47778289178467,0.8660144662832518,5.4042490306215845,4.913995480340141,-4.887544914553231,3.060688710681369,2.519111373170023
4.1309234945057,6.383052569581107,-1.9301885975204645,-2.3530987239685484,0.4031624488529815,5.480897035032328,3.2956895437861835,-4.745350035029914,3.352070727393171,4.084686251298679
5.228535381092542,4.740201220493641,-2.867033333996537,-1.2278204128843095,0.040830916366495454,6.004441177973094,2.383944978134955,-4.04920404499613,3.3712871267577396,6.087347076198644
5.689677567739265,2.281668226264321,-3.534781445399309,0.04429208338086638,0.382226245352557,6.275869163757719,1.5640472304019857,-3.511501839027813,2.7032697420266887,7.656925206141013
5.054796513692079,-0.3797827109932211,-3.1532840468401377,0.5463091234105626,1.1790777211206012,6.396975117461328,0.8302240413733424,-3.3550037590142505,1.8110142422317632,8.799361847045413
4.356651088920085,-2.674496790153858,-2.3371627907102166,0.6908601646012724,1.7517132117691419,6.7638189131283895,-0.2557348951180064,-2.798268812655582,0.8372667764122863,9.479399055726642
2.3503933643269557,-3.6716463090682616,-1.12786536724562,0.6537678561880577,2.2385742439503775,6.474753864638229,-0.9800358560968108,-1.8208557246415256,0.2431983411270921,9.636895754189297
0.9876657857382446,-4.068602716384732,-0.41051066895295196,0.7820945854910629,3.0798653557625335,6.412730375710623,-1.6325155020786655,-0.9004068043942967,0.006645381083389142,9.582778518097067
-0.45506410706985206,-3.5486707116832332,-0.01808314129761491,1.2478688019172675,3.754699652271011,6.145372831225757,-2.4375538759249755,0.24114117690507342,0.5101022125139821,9.681094585976284
-1.6505180187943345,-2.507593471233642,0.04300010203417311,1.6983070247255287,4.5381310223399485,5.461238102858475,-2.7228432250086985,1.4629610208320962,1.373419472756323,9.616101997782676
-2.797716837156347,-0.6452649028474952,0.2697203567282773,2.1516872769393074,5.103343849715921,4.486895161175838,-2.7676197457821847,2.2142348866018886,2.6467335294008487,9.210929169605297
-3.6548262158153912,1.0250250910219914,0.7270284194880823,2.653124413413427,6.035660065608356,3.4466722640453713,-2.709753329558931,2.5914651256733237,4.687178510857876,8.31170634678779
-4.252812996182876,2.6998292051886876,1.7592596531479752,3.2442623450987713,6.152783117572245,2.08039747006546,-2.5837656332832486,2.5516954351042482,6.282186725083727,6.572986571440013
-4.657842157129909,3.7620416874663256,3.4348452526542546,3.966806541369279,5.985053885254275,0.6003316529649829,-2.0806658931964765,2.3867258931169757,7.3165199938759455,4.2815996967903915
-4.354283813723579,3.7176476546635033,5.476558659002572,4.720828229431954,5.215547288055018,-0.6421271324567811,-1.5685209540682172,1.9798613643244887,8.004490871555362,2.008781550723373
-3.9418338445013372,2.8291828510601422,7.284895786923173,5.531349861633117,3.6304886800272125,-1.569485505863259,-0.9724652156526563,1.8383798785863275,8.53704518935152,-0.11448796966345394
-3.096945740383509,1.8273855790330547,8.19447903427703,5.735487769898675,1.3532164014793426,-1.7898840269959415,-0.3404799850941328,2.057130483391103,8.287566276640435,-1.6234626276351942
-1.536939810849247,1.0230350427592483,8.855135061817077,5.642243143457797,-1.0742274132205365,-1.221068852057315,0.04532487164605349,2.038478769197556,8.294245635769462,-3.1480355880167927
0.2028631890082047,0.8468065675998517,9.360690857275008,4.730067054558084,-2.881445513901305,-0.11740660234854233,0.3805409987031844,2.7609453149109022,7.800797916984651,-3.6329950536492746
1.8200771943737246,2.059547599993555,9.463310846027357,2.556846565281759,-3.6022179971079074,0.8213995240351898,0.9115081876934693,3.1307399449232527,7.392015007405634,-3.7908124583034604
2.9835204587856374,3.895145295659071,9.020818113336901,0.010632252537141257,-3.4783872994351257,1.078058596435289,1.744625394234411,4.230416174293488,6.446858903511047,-3.2732121016324185
3.596340658042314,6.222180655117558,7.821189516495522,-3.1921807377920857,-2.261908803938208,1.0078338096216315,2.60905101906376,4.974454859801131,5.73968753586259,-3.210363141543973
3.6564006618976457,7.9231797575395015,5.514774077948075,-5.353011994372338,-0.40805606385935045,0.8651284655258813,3.1334386619300263,5.783720964474189,4.112101492672785,-2.7829779564984745
2.657323291073636,9.148794399385514,1.845706153067715,-6.228803261982416,0.6383516917258418,1.4398835407759152,4.030912588059941,6.248858074304751,2.7416585581624853,-2.729884253412076
2.289083356866287,9.625801542991846,-1.7573995525913533,-5.334883787532859,0.45675532908834027,2.190598558795946,4.848744139499031,6.496306820758113,0.7271698783593211,-2.3793219750923584
1.8071793838953198,9.272022976424543,-4.083400228839224,-3.0997685625583244,-0.27194717692405124,2.7069671716378605,5.602900606104074,5.9409498752806345,-0.999889319703153,-1.760172927752998
1.389002394486337,9.23936249527534,-4.992870285210226,-0.3577529915755866,-0.23727860097729145,3.0594517448783085,6.8994704705537995,4.69838094760257,-2.360502097774377,-0.9862887760025295
1.535280633766493,8.924253506154225,-4.295058097067228,2.317443530523598,0.8978543019726497,3.2992634025763015,7.345378116234787,2.8340524425557754,-3.2982982408527786,-0.18966084156660773
1.9463163153096046,8.736354568081245,-3.0000050192985825,3.9300243044535814,2.144995514161892,3.9177332305285613,7.651199035103345,0.46235979573681985,-3.132613683441491,0.17856773674650261
2.6520901331192994,8.27173886623635,-1.5830601005617657,4.85682007726985,4.1552285074158695,4.611710315630489,6.760833500952529,-1.411170234791012,-2.646210149820003,0.6128935841566612
3.261478808812249,8.344315005255826,-0.21285614658582958,5.330823654049169,5.7938293031662305,5.129650881261452,5.306917510484218,-2.9950315003741865,-1.173532113537177,0.4669840841354134
3.743810115197394,8.295689132633006,0.9007311502830032,5.556670465701477,7.339811347623377,5.0331781796291475,3.154930929652186,-3.5261484829765664,-0.13486149616584603,0.6458357818563951
4.477171796510779,8.572365597945426,2.219037337821029,5.5850679824335145,8.473535811542513,3.880319427222937,0.8034206551998104,-3.086193655199468,0.6799035406300765,1.4265422421937373
5.637193124639096,8.967828894724859,2.739598585981974,5.6557798471196294,8.474201058568038,1.768116588787052,-0.33305784489304857,-2.6879754501618702,0.7429519939685323,2.280133663257019
6.701933320933385,9.040687553309425,3.040421146549601,5.994784371878902,7.674392147593532,-0.30926995565806525,-0.10478894483228918,-2.1184304337930535,0.7891007140850433,2.6430801841529363
8.120444254277087,9.067618338023822,2.6460149224719043,5.9517448805011535,6.776391773385262,-1.6624116718784352,0.9891982380479616,-1.5431924722867558,1.0650537768157033,3.5138033803438917
9.644063578424541,8.182129046799936,1.734012813794349,5.920727652451255,5.658127959424884,-2.4686449101860672,1.9648929887946913,-0.6234910974596523,1.283722541881865,4.421291306461571
11.202782145885001,6.474880763894224,0.6402195300596512,5.894337076857421,4.7620943034232575,-2.7906124000921877,3.179474742108989,0.22987525285285781,2.0084150097526323,5.6178690471592905
11.653304733030867,3.183170999050608,-0.3108070192813614,6.055557937427705,4.050797290826273,-2.719188723069878,3.730602362361721,1.8721933024043609,2.4484329360044064,6.856237719990386
11.010353153568191,-1.1509005664728742,-0.04729106806606624,6.157870035433742,3.7048271069755123,-2.427368115293646,4.306489874876463,3.342450721325808,3.149074115021667,8.283720803887599
7.9564039580368915,-4.618949820800248,0.973744863444237,6.574275176013439,2.7697588978182877,-2.095378556676547,4.695263857936668,4.831588221115336,4.327045961525346,9.455023127733424
3.035632077315411,-6.05326772785648,1.0484655023675464,7.278010317741733,2.440948515952159,-2.0453583890439275,4.604350924925128,6.853813696207143,6.024128142506637,9.17974974245892
-1.900625520207589,-5.629556371276146,-0.6841785277546959,7.623150488301934,2.073354523821715,-1.744899592690526,4.3006060431587905,8.978783345331362,7.845022165386668,6.781309682905903
-4.031409300179301,-3.924455496795074,-2.461328387067917,6.914363358748984,2.4660256615909675,-1.3905172855358294,3.9292830507356062,10.964080697980586,8.023223213107803,1.75171938896877
-2.9040788790226384,-2.7196115737118194,-3.6020843064773334,6.200777874204654,3.3156105401529508,-1.3357914823966541,3.6951753301580115,12.431225107286652,5.0036457578384805,-3.1139382269978477
-1.2250108573053877,-2.256007028875867,-3.800880920466377,5.250108198623749,4.583721278317187,-1.0355438834134523,3.6927148675740815,12.915683255327735,0.5328357601546871,-4.513219412637649
-0.7083811888223795,-1.4789706407116356,-3.822837719485996,4.1843781146590455,5.361844597075036,-0.9475359384152655,3.469980021179956,12.747244425247592,-3.7306876774151503,-2.7462223567961104
-0.2689257099191716,-1.0072749706049626,-3.234264895823755,3.0817797890326615,6.302241095743089,-0.32029488571143433,3.4540832516649234,11.995993067944971,-5.930348426556092,0.998975989373437
0.9540183513636291,-0.36007879220085626,-2.639533973618232,2.473481110612576,6.791290154085901,0.4018711952576198,4.064549901252087,10.673184960545768,-5.333772986508728,4.5178142448274725
2.440081376338905,-0.5894697509129073,-2.0756205878799108,2.0061570988774484,7.320786064769899,1.5221208098613872,4.261748697047358,9.58866128490596,-3.9362316333482243,6.7130963282434
3.5591610661221886,-1.7248595699165816,-1.6029601217621103,1.7314962084099828,7.891811589697754,3.062020459065587,4.733852959981909,8.417407222627327,-2.276494036479686,7.785020902207837
3.7224546461089756,-2.6644404715732715,-0.8290480884451505,1.4812298456470465,8.326515171687808,4.722447778064761,4.999408826070234,7.269545730545491,-0.2759368483103387,8.23079928885157
2.3398393198078984,-3.3479457859550337,0.09180604646036605,1.6969350171905275,8.793244490850403,6.269555379642959,4.648075893034018,6.094363102206513,1.2535489047231616,8.179541276153842
0.6247319189688134,-3.3411631803023183,0.4327721328729228,2.1370777097383153,9.488456392292488,7.583917252441105,3.773707747886693,5.364328134397701,2.8285195456631316,7.688984187706461
-1.079156955194468,-2.453368468744659,0.28930194914775564,3.0619536994207244,10.59263990097129,7.900401107360453,2.151478956695846,4.807390564549574,4.07985378036568,6.976785240112226
-2.628998958596486,-1.3509993196248686,0.4665064167553006,3.689856983904952,11.467147243266542,6.759995238375092,0.3229835263619534,5.032994079430649,5.770109498750751,5.496910988924489
-3.5463869138283397,-0.14332671560226254,0.6427588313692547,4.260510751894573,12.208690699189624,4.3458504882816245,-1.1227692537564729,5.017209219844477,7.043362131635438,3.299053512298918
-3.7228203187216784,0.3899022326559096,1.2704480151958903,5.050776645692299,12.757583514309253,0.6930710390483683,-1.5371920185235495,4.989397654854932,7.957806460846419,0.3080679256518001
-2.4054445364229355,0.41140162237580297,2.0625541684818463,6.3252351924883055,12.02187337351271,-2.687082876677254,-0.6672840380656085,4.890439521274788,7.970632187520361,-2.3152860528257952
-0.6580142975804825,0.6007637927804601,2.439483247811495,7.574393691490539,9.450347099003222,-5.977248615000922,1.1316419463181373,5.230380331171309,7.238998560728255,-4.171559047456038
1.1171706300730733,1.1425084718336511,3.105033353730992,8.505246502052,5.724809025522292,-7.51943623799294,2.2156530034280566,6.731895301332254,5.3771121655283345,-5.520873077467752
2.34401662581678,2.512067295851078,4.158755440247921,8.920022010904669,0.9802927388801214,-7.718645808831774,1.1340499797660155,7.767129054259571,3.122719971753554,-5.752756469024871
2.40454443020102,4.03488152179714,5.487078985406418,7.869785917155721,-3.409412027429182,-6.415075043654962,-1.648840499967741,8.024787587526594,1.4101066543510006,-5.579169697904809
1.8793720739053046,5.527799054397363,6.554877670153222,4.989859929893552,-6.502329048538283,-3.3106968370130967,-4.18041802665284,7.185182716832602,0.9782893896769234,-5.05221570818903
1.0462412239019403,6.300992844822515,7.259344873668319,1.0301438490236334,-6.775297884206929,-0.05734955324241908,-4.402490848490608,6.848204785234054,1.0603196146684772,-4.457637407804481
0.2632206932135976,6.95267134617928,6.7190443652053995,-3.245154058601401,-5.6963017800916305,1.167594674193349,-2.9157277653138367,6.838415834908277,1.2678204366043981,-4.234143725949513
-0.4016246316330121,7.227993422743212,5.08254762328203,-6.024486954381367,-3.783020531960969,1.1568621446189304,-1.7615928054079215,7.125107555331668,1.038958241706415,-4.064383654624259
-1.0776329240083997,6.885179388742857,3.513445438573853,-7.449337413710394,-1.9813722908710463,0.6703518281646671,-0.6279584089109881,7.121556098568593,0.6641239626455856,-3.6396303383492055
-1.5958439989884472,6.655089109359828,1.5803103421697715,-7.5992903056504515,-0.7107609350423019,0.8019919424581782,0.41934143318643624,7.4768855667950564,0.031172594822109087,-3.0723985466886012
-2.1901877889532377,6.76379083154529,0.29416431840432783,-7.031717495500304,-0.24638422054010903,1.032996402210164,1.0617094939612812,7.466505778896424,-0.9691940625392877,-2.343016497856019
-1.974772286018397,6.482662163264846,-0.8762922142553757,-6.224318611605783,-0.2626084509989067,1.2944373483028744,1.9834999455718731,7.235532106991622,-1.2132952578758613,-1.1710235736495882
-1.6480402490251624,6.7079118865497875,-1.2935209315238154,-5.170096132656222,-0.3075950859069898,1.7973365349842454,2.869517547459301,7.165393102151063,-1.8456490815810034,0.22431838282697772
-0.9063941057851103,7.0762378413751845,-1.7200729920685576,-3.5362025038729943,-0.801251013968445,1.8523521899949127,3.9504602020409254,6.633444365140957,-2.3412469131045177,1.4336273189675717
0.7396421290310133,7.303086063475589,-2.0827940124230055,-2.189307099596441,-0.8020991712648388,1.9868734746597894,4.8646426433132905,5.635582681214853,-2.352503268110984,2.434620874042949
2.402801093523896,6.859462506463701,-2.7821885122136027,-0.5054946729033457,-0.4762359147557988,2.240301983908538,5.61862945428669,4.840170582416118,-2.3130184684470723,3.3910548903959574
4.51513333605068,5.93007197316087,-3.2740138190607952,0.8649462639043594,-0.055929741556839996,2.580541955439129,6.235557892692726,3.741587608672388,-2.396740724718992,3.724110418209033
6.018110596976987,4.332597556227824,-3.619320640212019,2.094177400012042,1.0623001965465866,2.9197507442618424,6.996413519008448,2.431483595247803,-2.0911023897566614,3.7694376818416777
7.400919648206289,2.0977930729748606,-3.4940572061540487,2.698897301622304,2.25252850019464,3.857798084973756,7.133386912743495,0.9087260836039349,-1.804232851360034,3.632169640691231
7.691123079290572,0.09067003630281456,-3.019791225153566,2.7675735502424734,3.490890809688634,4.540202464655602,6.589787752279878,-0.40967562241409466,-1.2095002087742142,3.444350198451102
8.049809038776667,-1.762499298445484,-2.0886962193313514,2.4795541569281516,4.981617070995627,5.563184825239051,5.409880898961612,-1.794683006953621,-0.6814024188183396,3.2939471589518576
7.78286588104954,-3.1966518661409404,-0.9440433872818054,2.2512593062691826,5.937314286665528,6.385827225088797,3.4204837218274116,-2.64259496062007,0.08849657323022493,3.410403733090789
7.215891478549566,-3.873126185848552,0.47996789302928505,2.213525893457965,6.999728867873716,6.561257660791709,0.756013692328257,-2.4254557243155603,0.34604222284585223,3.7806746952702768
6.1649622311722085,-4.2605589481056665,1.7371065509679606,3.6145512422137327,7.975728659980893,5.390732890891697,-1.8287111949979216,-1.9411056944268554,0.18055294127604413,4.251504081768559
5.481898147346821,-4.26137247692052,2.532801806092635,4.981075712687898,8.344455409087791,2.9393253093626517,-2.9653928126954017,-0.8008901293641011,0.2706811825980758,5.007906001287205
4.53931515415206,-4.266749634776833,2.634066515605834,6.875839355742796,7.940281289039815,-0.4549540957251368,-2.9709502482549692,-0.503127776492005,0.7403561877493227,5.150172171285003
3.5446323353829525,-4.018502032255438,2.048140284782466,8.63039947770067,6.420813319740418,-3.6496376678151883,-1.5973092823796045,-0.04004416664795312,0.9271112021726917,5.4812421650644705
2.2992619687739064,-3.9268378286700703,1.54072885490093,9.214823820011175,3.697656694934042,-5.317158494750454,-0.17077580813815343,0.36109885831997246,1.5741399611604183,5.778953964384638
0.9086161264269087,-3.543821176674082,0.3076123605117758,9.778471407310635,1.1616318501952585,-5.5891855037459495,1.1238842070968005,0.9426466407957138,2.1480923912168377,6.233248809188345
-0.24614014426738207,-3.027972781978947,-0.7025053759839016,9.5996353416043,-0.8440340615962516,-4.977021543190464,1.1671222216357797,1.8669881224451257,2.7974176172945096,6.224361210678753
-1.47198868008097,-2.063814788404582,-1.5353203629714822,9.49318381625641,-1.9629461917143203,-3.447108837842822,0.8086748261434255,2.5347612493718805,3.9310812698017568,5.999658080016164
-2.4432042342287468,-0.6622854092744798,-1.6692490540774019,9.704201620399424,-1.6663791550182854,-1.9863699632095817,0.608998324299719,3.1343670179686276,4.645781664982382,4.955116702206653
-3.2308633771249635,0.6416763673930865,-1.2551524045133913,9.804066642992684,-0.8934116623256274,-0.8979922433106076,0.7842098628755612,3.84835296945942,5.604089670376727,3.704426201399863
-3.097971973374485,1.5836805827374363,-0.2618521519862562,9.836175800369224,-0.3759004816095937,-0.1458340910582927,1.091795419119616,4.3042559935615685,6.250515333808532,1.9385639367497882
-2.750718053927375,2.0236820336759,1.630241667479967,9.888054861160029,-0.13393957075805174,0.6315271763192495,1.6053311213326553,5.2057517140506535,6.3609661290094515,-0.2527109264000446
-1.9362707941420798,2.0958973228684754,3.1677936956160426,9.647002109492588,-0.4936874365417927,1.0644888750432153,2.1656888392724682,5.686736251248704,5.5251110253699975,-1.864713329873037
-0.9040368297976924,1.9978260936058347,4.5691424294555185,9.092334752571592,-1.1920685998139484,1.5820449445645743,3.051813160747724,6.330562721589021,4.4151371567575435,-3.122729274726641
-0.20166886250814717,2.189508377106122,5.831205132053042,8.19700967486901,-1.8207368927450436,2.3459278983426177,4.234637314381893,6.791928352906154,2.345710023694454,-3.708082617478615
0.1884801111521485,2.549612316723202,6.850195823226935,6.835318446193334,-2.532349870448964,2.9002481820830477,5.822229169945154,6.598893486581641,-0.18813134022243444,-3.404779921075711
0.010409621862064615,2.900893705319133,7.625797982146862,5.106223718116415,-3.0477623893261514,3.417915808305157,7.450309220253251,5.05347175140003,-2.4769504256990724,-2.3969701409376816
0.008084301456604881,3.3288673618073004,8.490326175523322,2.6155943324551956,-3.3999893527814353,3.068108395819627,8.716094863363148,3.012246065027048,-3.785957313978637,-1.3885567491784174
0.30148213662719114,3.7086132327445376,8.66593994580022,-0.0046239935757371176,-3.044846835715811,2.1344425734896526,9.154309443861212,0.28829084272009886,-3.734624177326389,-0.221689955422947
0.4422530969202774,4.287395381754169,8.742636685691652,-1.95072083635666,-2.1371774061837048,1.0996248078624453,9.633074368821374,-1.41791800503075,-3.0444542595050255,-0.041426008855958235
1.2647133117751912,4.726380904742564,7.7998267267995,-3.8487053332856553,-0.3117731119216367,0.8219065874727483,9.714300926230214,-2.3597006512581284,-1.181315073333042,0.33297999355093166
1.5672473200787271,5.575846453993536,6.459301475386263,-4.9804314819085596,1.3193873972718806,1.5074273431689427,9.258370635767616,-2.380575964186582,0.29818822121261945,0.6102314728923687
2.3391529078548126,6.19407022562556,4.475988320790408,-4.98691791207318,2.598555408021356,3.563150474703028,8.71448802397473,-2.515964809127272,1.5364899142520654,1.4543738064403053
2.965523423337059,6.571096618238349,2.412127822079922,-4.9877254749705555,2.732602577525268,5.648598856303213,7.729395889396839,-2.8770087714753023,2.947651965959729,2.510847994507973
3.841121260060927,6.32014875458441,0.11373093656950603,-4.496412133100855,1.750795272698212,7.380421420368692,6.140056554808514,-3.1188277759785707,4.0384956730007024,3.7713658175524256
4.326323275682017,5.534623007913144,-1.8622580816483079,-3.6544138928764633,0.4498919784611307,7.813736582201672,4.773733773540281,-3.439200027454619,4.19011222005612,5.50708494512741
4.67726258838945,3.5943585184847175,-2.952485380123082,-2.3010292953148497,-0.577577214608983,8.023703614107434,3.665324424320964,-3.5653146728773826,4.2827772794996575,7.419046728252531
4.575062036397126,1.1675308404432947,-3.232963175916516,-1.2347687836948635,-1.107785557158882,7.7984611173674185,2.7492357924255275,-3.6062700828967347,3.7368932809366084,9.213047792681495
3.2273131090940437,-0.7703601736922602,-2.695504468671879,-0.48636466271273493,-0.6357799660914585,7.763887718446855,2.349474441771654,-3.4521379536630628,2.6627360168289096,10.251581305183976
1.792775808584051,-2.1152904935279606,-1.763325765971711,-0.06837670135103169,-0.7063432404191248,7.887619831574879,1.7454835883000506,-3.2448865907926163,1.813142561297281,10.90706953456028
0.519431466733827,-1.79749190183625,-1.0000652589807772,0.2619509335511946,0.03797340696670878,7.824445096126015,0.9567271379543931,-3.1703539473781808,0.4535395465369695,10.991647953981154
0.165945216984535,-1.5892292326111912,-0.5265001346093046,0.6314206405940705,0.8971517792032971,7.939926404335561,0.36919590063520846,-2.6066259898333226,-0.6251609684516356,11.063943872559099
0.48005270693183655,-1.027615328426575,0.0015455614238565896,1.174921594615998,1.6009591720939844,7.860118621895794,-0.7176430470100937,-1.9695393782622395,-1.447978144651842,10.96617503020228
1.0132708801019108,-0.8957668133495854,0.4558216744807745,1.6583235215646919,2.3310912781957835,8.068598047625123,-1.5353333569883942,-0.8649931082136275,-1.8547930446037606,10.845778005068125
1.8310985433326747,-1.0999289027080832,0.9343138613824876,2.243765907921487,3.298757068802008,7.464839818305419,-2.2288408833587203,0.5391971372519464,-1.2176006388054743,10.576942469958212
1.7735964769423667,-1.444023063143193,1.161103863479213,2.6708450498880665,4.331537851647584,6.868950053457139,-2.333530857812996,1.6332912034713707,-0.062415375006698096,10.345544023839103
0.7796750270233166,-1.8957870298689736,1.334257334682129,3.5693181088817196,5.4889746885038875,5.668533445438619,-2.519883792819602,2.924924209744454,1.9409596345071067,10.247365603387935
-0.9563473403415642,-1.2202186068028118,1.694703897608288,4.3966371848741,6.245762976465498,3.9635796449309497,-2.546651578493073,3.5900354169036635,4.422916995568994,9.95486712799482
-2.999563904959442,0.2545914191976322,1.7388437110931902,5.251134140843314,6.50157275042233,1.6808663516620668,-2.406435159834603,3.3810729291018182,6.40976880344283,8.275860890539846
-4.826410834560095,1.5547914483180976,2.676742898988225,6.151910977772159,6.4575036370729215,-0.420589792759309,-1.9847251325925397,2.8649897418868644,8.307892501828073,5.836417194393974
-5.379662379699278,2.139734235672862,4.2473180164690945,6.978610134668254,5.004417166326114,-2.1663795058057107,-1.150584291071435,2.6122765530488996,9.117016667114664,2.624059276710643
-5.096418870625293,1.5628635640777895,5.618986159964066,7.577607080756046,2.5302561310299088,-3.1130860491955343,-0.481780971567818,2.5681164027031147,9.27460581430112,-0.6517056944180036
-3.5322742401516205,0.22867823312846963,6.448728411962893,7.775398695356661,-0.46045158967857913,-2.545001490357755,-0.032058679841739046,2.669399869103942,9.177066675710588,-3.1104974766318234
-0.860504704527197,-0.4832075344129271,6.531239053803824,7.279332820735433,-3.253593999381322,-1.474519426974394,-0.1608651952296028,2.9583289607494097,8.606058412689757,-4.6480316075296075
1.5966428060870013,0.5148030719186889,6.662689911706408,6.002909811083625,-4.983251778462925,0.5120440677344422,0.4126694399979988,3.107216770267118,7.9103773428506035,-5.217148537469432
3.6269794387255714,2.2581010377629407,6.801675737878183,4.286415609301308,-5.531222716587099,1.9512085298670596,1.482892420825193,3.8956331498792878,7.097513931796908,-4.8619449835032436
4.954548033514404,5.028409522111159,6.652554002137879,1.447600879123404,-5.398159904884396,2.6596599440429536,2.8540600553796516,4.443612700275484,5.707955662405542,-3.9685221331361236
4.614727383905875,7.391237745384673,5.539923184063693,-1.5459373810614425,-4.526748868309472,2.131987421012285,4.595636882778936,5.230371519321335,4.40241799780105,-3.447026652223052
4.084091584274475,9.161533932111883,2.3726995075083335,-3.3665329645906694,-3.6087097001725925,0.9644984777107245,5.408551911298625,5.98524015808751,2.4456940501657125,-2.892261027014253
3.1828614210928654,10.092618894515525,-0.46993481255245445,-3.558493815554408,-2.926426871363396,-0.06549929595055967,5.894546348719652,6.267496108979351,0.2555047197596896,-2.466552156137639
2.722244485091178,9.887644394566161,-2.639575650629455,-1.7763390532169037,-2.3542528547904373,-0.7236537036737369,6.128385584072597,6.326358250112966,-1.774005287368217,-1.572252115263648
2.180619283231286,9.724645883839704,-3.67429338374427,0.7045144838948294,-1.9710934221761502,-0.765225569166755,6.0016830642727905,6.014321430235475,-3.3056769003986424,-0.5052356684360919
2.5910873160409866,9.282389272503636,-3.1839443031718746,2.8436464790640494,-0.8585627425657955,-0.3928742779030438,5.918534350289396,5.287364545532886,-4.243522983982703,0.38749660507425493
3.693250685217668,8.693422031782841,-2.3658866787130512,4.781815637828274,-0.24850148614758039,0.0455358979654092,6.059304431517253,3.9882426920053944,-4.961508118565425,1.4905396216136193
5.144888113044307,8.158151426678863,-1.3439385043600596,5.4532031744191105,0.8357267968787184,0.39803699061096637,6.2290740327766025,3.151446515725618,-4.654937463323968,1.5014018622856076
6.102336464480285,7.4527744590088885,-0.7105017513912602,5.948632134459145,1.9405728339530757,1.0094653953744017,6.4076643389450005,1.5537276852473885,-4.808058046931793,1.3676505224413062
7.04782591907171,7.2019719440729455,-0.16020467811668443,6.528349089669122,2.62579375658035,1.3468833991839657,6.477762977975243,0.5139148807533361,-4.135852722075625,0.3280327061729896
7.082920296517716,7.511799875785441,0.09282367513161684,6.777033269140548,3.5798493756014182,1.8960823551433301,6.566275909839416,-0.9486138837680101,-3.4459456813595626,-0.5260913329765463
6.691133175743266,7.63711045100328,0.27826046574674196,6.756816779528205,4.508450325604317,2.052757724287813,6.201443373681278,-2.0383716716747786,-2.3037057098677947,-1.138291593732808
6.211238852717617,8.387254805699584,1.0653062470004813,6.700891611734021,5.267759630850601,2.261981141727613,5.466936667962225,-2.4060737368515697,-1.0020685339237514,-1.4024754085265194
5.987212262539319,9.374035436540053,1.572469716971928,6.670549261783162,5.7813377762450715,2.239531102825487,4.9509598556780645,-2.53764108845442,0.2722604696436201,-0.7430269267304193
6.0133279624172244,10.120299830565195,2.4705521396269683,6.318878819947016,5.976634628939584,2.1044048468583356,4.305384781944182,-2.2223027391645913,1.208552340044585,-0.007284742780638013
6.585920551443408,10.739398305764578,2.9083306116557273,5.822384047482967,5.791741187407161,1.5981266279588042,3.8450352494745808,-1.664640606862211,2.161783985844878,1.1982411725857371
7.363903952880937,11.030744023715037,2.6898924354109757,5.535488702287983,5.673336880114934,1.6022522403200032,3.5584256187028624,-0.9216087228791826,2.6823477781147593,2.7108394539598093
8.744956606302004,10.465358130915586,1.609279943649699,5.048920605237367,5.915741865148469,1.381243947082647,3.5024244485355456,0.06499081228500536,2.9161300569446906,3.8839003173809763
10.38815763586284,8.632915882049947,-0.13566298054134035,5.18094693064379,6.1989808015224455,1.3783828967311815,3.335047143083816,0.5271040870715655,3.2196553436274047,5.893310269825731
11.312057737545505,4.673205351328719,-1.3445784968965264,5.485772765029049,6.903771277631032,1.235148479587276,3.3017498002996293,1.6067239753767733,3.7819550379889417,7.732224540561263
10.189277426708472,-0.7087901514878322,-1.4385314846511537,5.362193526878767,7.737988808262283,0.8321083311015158,3.384531204074759,2.3864329228370638,4.693210798640539,9.764434898850109
5.873231742407225,-4.907872362790454,-0.4802906034185827,5.012521014673468,8.233985146783208,0.7933865479533954,3.5928112052444754,3.613854720260604,5.952128182543813,10.909285075293555
-0.4851554139905155,-5.649290477896153,-0.5441674674224724,5.070938516937847,8.65774179545654,0.6317569213855904,3.8900228462946904,4.980119031510268,7.635033418091283,10.535225800712288
-5.698518692849648,-3.1698512073227882,-1.7493985927229745,4.458588578074693,8.984032877170012,0.6539428146305455,3.9292512051299977,6.456096972609191,9.347853666125765,6.508409128285465
-6.758816749798527,-1.0786223515966178,-2.293724302080553,3.43353642267492,9.743428396242619,1.1480839549937947,4.095152365511667,8.684709538906462,8.920535295923909,0.06675979617692004
-4.85448422318088,-0.5660523044713587,-1.888655644925369,2.6697102643592148,10.19311185334184,2.1666057888513865,4.383742667625116,10.018299950723055,5.928761644541828,-4.97636226112084
-3.049777862361444,-0.8226811777097386,-1.4206272520641927,2.0147163725008923,10.729411089543161,3.6043642762323205,4.700707936364645,10.0426394916739,0.7373489931854478,-6.487839654926487
-2.5161074762384312,-0.8375467663196339,-1.109315104695295,1.6045970783277141,11.384386373148502,5.541009199248552,4.49155175590802,8.547934461898658,-3.560665079038117,-4.8812372339289825
-2.8380804498566734,-0.5480597492666127,-0.7106771152030731,1.4262463053787613,11.801591930101162,7.0968777267397956,3.6817094956609293,6.2946886807636195,-5.562466103948158,-1.7336805547666945
-1.9685893433752957,-0.12424851982557708,-0.3747308176787426,1.3819291267673246,12.480127673798776,7.7886698308245546,1.204317095906858,5.13769685204484,-5.797350590523956,1.074184222011251
-0.8616993583989241,0.5859052732852681,0.1550539261426706,1.9140106080346837,12.758546558634093,7.043345651000852,-0.9845932401870727,4.984440228002766,-4.513821212480085,3.320816597799486
0.35069253073212847,1.1582135573527652,0.6367645148002435,2.387863419026089,13.435741573518547,4.701523073965076,-2.557934955086478,6.135902139246811,-2.1543514818382126,4.533794583048554
1.1154248063227823,1.2615508851131374,1.4413095533689972,3.5978707369719625,13.342275244470423,1.1403430213003616,-3.1396988819729863,6.926819931807353,0.9387874139455264,4.942654402349701
1.3486841608852338,1.5117041965231226,1.8174136803480923,4.702347073885296,12.497245841612285,-2.719563450658109,-2.1393292821949688,6.6775155696966735,3.747047247214817,4.512871266537145
1.161734190591475,1.819146871934994,2.643853521159746,6.0067570849934935,10.654629138380932,-6.049950659925513,-0.07469849602172274,6.329018348573301,5.907271536729135,3.750929836316772
0.9322279070940248,2.296689266596849,3.647504767886804,7.283968929095989,7.347035164005411,-8.007756851249047,1.421629139381985,6.811090494254727,6.879072259576566,2.283448734704668
1.2106168394200592,2.5347188893232904,4.551064283474356,7.78799747858243,2.689759468849613,-8.905555473591424,0.6226355983395451,7.7035608493253305,7.223039828704502,0.44550663589409967
1.4633125287889617,3.583204198660033,5.820218371730369,7.345862485673511,-1.9835471233368065,-8.007939934145881,-2.184234961288868,7.2968367634768505,7.315014955781823,-1.2905886676123282
2.436105878565009,4.775056649654246,6.81525120498653,4.978409183415058,-5.616036498015,-5.1587115411264755,-4.893909921838122,5.199425099733282,7.814026383743091,-2.1777162514912245
3.2172047996027886,6.136120455077998,6.959992012544229,0.98433680249572,-6.207875950876237,-1.826577244185908,-5.865046688906468,2.073976596358478,8.713276777015027,-2.111301455245687
3.626654157168964,7.709757321534848,5.73085038184349,-2.4392006669462494,-5.305605894807774,0.09331370074304646,-5.377705894015908,0.3979576629962703,8.85786817592151,-0.490708019253429
3.7745174884155377,8.431415197314333,3.104384340981008,-4.85370889455383,-3.941795070375648,0.8952843320091532,-4.350459066227594,-1.3499781327924487,8.860795072713394,1.8813519333549458
4.433370634774836,8.157421405554755,-0.25087018665737704,-4.726483625762524,-3.066128384120584,0.8939920060293531,-3.63774528310069,-2.215943055085556,8.06782261972287,4.685838523880276
4.393689091931958,6.617195591722989,-2.8824544309827593,-3.0911410729379236,-3.1344435839795524,1.3339138534975634,-2.7351173366074972,-2.5986114438292827,7.215989486774073,7.368199829049925
4.095966379928018,4.267103907645705,-3.830309558000883,-1.1626378255305443,-3.1836012184511104,1.9623526278975294,-2.0239406994631435,-2.6603815856645014,5.797275386976797,9.896044471968583
3.399602096544085,1.75917998264317,-3.7900633615891612,0.6374803772164235,-2.4488776503117213,2.506885797329938,-1.5319760174272392,-2.204024641561648,4.7070258174657305,11.648928532095468
1.7018734548024745,0.2835281706868288,-3.184542113061354,1.4682682857127631,-1.5358722230884958,3.238899230998515,-1.0038885956631964,-1.7190681463017268,3.3662821216339367,12.196679501319387
0.28533219392764697,-0.09726816358935063,-2.7805510932171655,1.9128283026231347,-0.3268587628883268,3.69248492108305,-0.5650043154774484,-1.044753658817062,2.8914948025220553,12.520145753350933
-0.8763982467133486,0.8062993429726233,-1.930474637011918,2.2368137064522937,0.9020707137786943,3.961568084097205,-0.5036986971768548,-0.6778453052225677,2.61805003574178,12.41999238554095
-1.1943265828074794,1.7694018711881712,-1.16976330194683,2.7089577264992357,1.955243000015772,4.033369804680044,-0.042320542117013346,-0.2277972126005944,2.805732764096762,12.1972248184176
-1.2216650986281408,2.715309023736072,-0.017878916257434402,3.0318707639666767,2.8569079396862462,3.949833590925583,-0.2399523197979504,0.4865106168390561,3.364630364551559,11.946656948280365
-0.6108377269105741,3.690708460631125,0.8500102065926727,3.528394599213052,4.054785812168174,3.6051109341351903,-0.09447419323455436,0.911302547381177,4.050148181948278,11.575479307092634
-0.6297831725497844,4.189816217681299,2.0986991563263935,3.885049487336333,4.553050965128732,3.2577953844175,-0.035520128289961275,1.5354963971980609,5.005026695150322,11.011498578284023
-0.3690987103973332,4.9041326909388765,3.7726517407141773,4.152202752497023,4.723549236946346,2.7226938623155617,-0.025701270079479602,2.0153278706571673,5.952961519465849,10.604452316100417
-0.7020036977859554,5.073544144370764,5.169399639166161,4.423836759660574,4.551774394615016,1.9461003208134793,-0.010036917321176508,2.112595704012055,7.319386277519024,9.964569386843895
-1.2081917913954168,5.5108683499001465,6.679086748666499,4.360032052969773,3.868465157407706,1.7142068159385486,0.5093389488377638,2.5826301855808818,8.460551487853568,8.333548164592095
-1.8670749241383353,5.737867517497784,8.39498628717093,3.7493111886878765,2.865042921743857,1.2696565782707938,0.8299897323966873,3.3488864747544365,9.38261129434917,6.404939681225956
-2.363715995959208,5.552703548788998,10.008094426129801,2.7040516802083046,2.2263849496039985,1.579700264152616,1.4571786541534033,4.15671466338567,10.219303150516891,3.960976113526346
-2.478892018593795,4.846785955217741,10.99368092812589,1.1782456517752313,1.8218774107418658,1.8985629295529516,1.831832599004067,5.13515947382058,10.345630770861638,0.7995346828243545
-1.4521987507623062,3.905146519351562,11.53043981865389,0.2658398316567473,1.6855035269232845,2.376576511240112,2.7624180515119736,6.1757234959072935,9.133578472128747,-2.5736886008335915
-0.09075731526972838,3.66502470594373,11.66694513600553,-0.01035949126785074,2.273637930556995,3.316014696160108,3.932672678831344,7.4080742031317515,6.921349905380488,-4.950878543285497
0.6099713482260751,4.359986866635693,11.482214025343566,-0.6459311312561296,2.6324603716127415,4.159874724665774,5.066271858667069,7.808820785169763,3.3349031622580445,-5.950306496205208
0.29732111897843116,4.964513869169893,11.175178776791327,-0.9599773497001951,3.348641250344743,5.210850295916062,6.448369573667221,6.958100880544829,-0.6506398619449939,-5.64282014199793
-0.9127313075533303,4.958354884518618,11.007723449715577,-1.059121622560981,3.8710240547729056,6.938312825022583,6.980124253594726,4.30195701302623,-3.4114119250149706,-4.190652746523264
-2.097580626028014,4.1665616442168565,10.972413742341429,-0.9461667035482276,4.480263479716627,8.684336891045124,6.755356361576545,0.444230419675271,-3.998276923346277,-2.9704487241325976
-2.4336080128640516,3.1461120182010185,11.080055999508135,0.11456362844330878,4.745683783403813,10.097904797543531,4.223443724682159,-2.5847141551198543,-3.10123403452739,-1.9546568495085062
-2.1712743863962216,2.001304290682963,11.433904491617989,1.6903019140959588,4.94638454365509,10.485978596825145,0.5193640852549476,-3.256840122183489,-1.676651335216249,-1.5616447687136361
-1.7303877367786713,1.4163020474794041,11.617010247460222,4.096448765566256,4.853031724929568,9.344951672649907,-2.805890316072048,-2.0549419090801404,-0.9821947561089337,-1.0573542245260712
-1.2016567969474012,0.6925798555008585,11.743616458036207,6.653546842512349,4.090950809447707,7.294109405429114,-4.517488800516285,0.4511501167818853,-0.7749199463193631,-0.44297025943621504
-0.5680678784766281,0.693867475735675,12.21035050421192,8.321954178959226,2.304572784212235,5.457420150553997,-4.515951194042606,2.3371387697872468,-0.01798388522879979,0.11570286102517108
-0.07292139584317088,0.9029767751851853,12.258140815088769,8.637492525481813,-0.22070664042487237,5.069637810140936,-3.2578319339695216,3.5115634862853318,1.30104294612022,0.5039319009258721
0.25733369554958063,1.5136087695333629,12.775127524187994,7.0446843309015685,-2.530105224967466,5.997177246023006,-1.0826538585098702,4.185828969253544,2.3184274006380496,0.6041828836378687
0.6886630845830981,2.3049899685799478,12.946670433628574,4.014035701643678,-3.624770596463426,6.904333271567589,1.7490861266324143,4.6694993423220295,2.6901626986019624,0.6509807352668817
1.2597642483882883,3.224069481479727,12.85044454813364,0.29590766289055004,-3.6131947740686616,6.729007340844667,4.881892721142578,4.1003823553863326,2.326401814063761,0.7147650540603654
1.652779084048408,4.402746234794621,12.117405769841678,-3.5637946437412897,-2.4035734701454787,5.981784947459267,7.217491886704682,3.10709076214707,1.7520055354399469,0.6799598512149482
2.390858497925521,5.846490456933952,10.247570619803014,-6.6248677092643025,-0.47793268622829266,5.259297745582849,8.507017641748082,1.7722783238984654,1.4168301811230757,1.2794086843282555
3.2502225623451584,6.944948656107213,7.001605034784424,-8.164570530771936,1.419656464864959,5.882978215528071,8.639190538719046,0.3697664205234056,1.3511290492866173,1.7113264656484084
4.067417086379871,7.620354261474604,2.881668736871744,-8.701491021821775,1.0419965796406954,7.419840924224851,8.230105702345396,-1.1809537875539975,1.9078842599046983,2.479085250294691
5.081422561388635,7.156708217592104,-1.6832916609224455,-7.887925691151312,-1.220392138634332,7.604449281400839,7.471844828238646,-2.5696670391902954,2.7299184983672458,3.6794728788498254
5.73359570845716,5.107896666755149,-4.762816410717249,-5.676708339941562,-4.307984337057271,5.652160945906676,7.573688857126739,-3.1299963183300386,3.4577934463077686,5.269769575496845
6.088632684467328,1.8017264475702444,-5.874545603591582,-2.575726469771053,-5.3415257760241355,3.0507479888925215,7.990664344201459,-2.732734774549451,4.000511616587046,7.102318955580692
4.5985754063651445,-1.2869857420716486,-5.171182802645486,-0.5990813851119319,-5.106797250595139,0.7176219978377792,8.461990297262638,-1.0508996854374397,4.515678204048846,8.941807444435602
1.7405142310918766,-3.105933946187836,-4.256891282695147,0.6623502770457949,-4.432012971682317,-0.8572804343745848,8.678825543788564,1.3832340267564827,4.478951622305907,9.485716327015174
-1.4377670682160293,-2.5776917815742624,-3.4414448330906824,1.320994788327813,-3.6078131465727856,-1.7258418918459104,8.139455414969971,4.517485200793211,5.309580748435824,8.903889165689666
-3.4236225452650655,-0.4019284751576129,-3.2160911680844744,1.9622504316774148,-2.8232522776625877,-1.989849337741326,7.363795758789393,7.313884247208018,5.332397560903993,6.854517836273463
-4.134067871176438,1.727852443337063,-2.2576025394656836,2.8914455044389658,-2.2087903285408443,-1.9998058522408741,6.316520378272479,10.051315809341526,4.994781297854518,3.8487235854672885
-3.5294637470767403,2.8286563862017418,-0.9491654674583833,3.4797630404586246,-1.8220238968426075,-1.6403898706561073,5.0983435747109365,11.617756732167049,3.416707232002061,1.0966752371185418
-2.9899984869445126,3.248543067799178,0.7814450659019263,3.9161437005655966,-1.4212571962621783,-1.247308179561607,4.433541515233863,12.614866441983201,0.7623706990209334,-0.305472267624661
-2.1434917801077362,3.3167739233283147,2.598115837629043,3.872936273318967,-1.4477128650371673,-0.7109273162502564,4.121582197488629,12.309896308297981,-1.3282999277156204,0.3962515277416164
-1.281943401178574,3.5001832831972304,3.479909083328342,3.19910120925931,-1.381909966800487,-0.34490554017203945,4.085158876732714,11.961475898881067,-2.496591125181956,2.320317057495512
0.03751175316715295,3.7496958925634467,4.469124987696087,2.612389834202549,-1.3947172383662128,0.31448362907998856,4.203562076597428,11.481570343937198,-2.394425250044672,4.101020134571513
2.119472431125223,4.223249059332087,4.959243546882289,2.0361028850820047,-1.3219793936658264,0.5182951469746142,4.930923432291482,10.94932672058507,-1.675923815197393,5.420522974381472
3.9265792883673734,4.398079099628169,4.768573987995581,0.9428373002025827,-1.0041749604056027,0.7472960951380445,5.696734607087602,10.350925663301702,-0.7534292341593616,6.1455668972796476
5.6754970491405,4.269155034536275,4.194073274947326,0.17672377201299755,-0.6304007471529018,0.9981431989112642,6.278574256375634,10.169954054576905,-0.06129853919470013,6.4585739364131065
7.226635317071554,3.690833556261439,3.1416029915824244,-0.2226226944131663,-0.04906660685825599,1.265594346614677,6.87061703972131,9.647334060914325,0.38164966843091747,6.612527189307432
8.176219210187691,2.560430601740762,2.503629102786413,-0.07873632108658159,0.48140116323911863,1.872618148579602,7.919308908648555,9.216843073028848,0.32128231114824946,6.617785355703702
8.620977124195516,1.0532702731280605,2.058300112949413,0.2578637697218477,0.8958654142846381,2.3553503923081425,8.626683068745487,8.551804280732304,0.21986185263829858,6.747215697878861
8.91261670290398,-0.5152807802939907,2.47018511629291,0.9082922861058383,1.4603556893122889,3.3062855004974865,10.08352961027772,7.41411761971666,-0.09163622360454751,7.0497065012496325
8.754452291154845,-1.8273112880609863,3.07452066747431,1.430393597696734,1.6871284141882452,4.413918513581564,10.759616722170998,5.202264800347852,-1.000544176693432,6.923140191054027
8.347850442791655,-2.4854320145013955,4.1031732037142365,2.7940733685190313,2.318805698995147,5.553606242703379,11.130389854367255,2.292663348114019,-1.1101145461220476,6.854507453137628
7.762091617583347,-2.8606852090866437,5.031228764560276,4.069330258400403,2.8730961705544735,6.748603407116328,10.263334815069333,-1.1257082984900781,-0.6165182434211179,6.852878056889544
7.076505791595004,-2.872434607447933,5.485011584776948,6.24946266223864,3.8959951061429305,7.428857968027178,8.355729736893881,-3.981765442606251,-0.006449691296390669,6.806528818944486
6.132085907186216,-2.5232155852918874,5.773893039259793,8.4108247391233,4.907573380319566,7.5024438517711705,4.8804018976110255,-5.594547152831967,0.43434337507152176,7.074081840697817
5.145699174403442,-2.2915803177639313,5.503347017608777,10.532711315716666,5.591094335586778,6.072328408608394,1.3204522170275683,-5.7433861673103666,-0.28018724235690406,7.484040664011769
4.949115300444567,-2.3645714262225286,4.983525791646242,12.645285359872634,5.531924893095222,3.0853994849236424,-0.463672998353453,-5.2034778923578004,-1.4650821002785335,7.046351888907775
5.211774180977049,-2.279372492368568,4.055328288280445,14.117307462571969,3.7499833188867675,-0.014108307578630679,-0.9148777909296225,-4.031283662697516,-2.8087562545371747,6.31161838737709
5.664445577578112,-2.2340973917161326,3.6420416570660135,14.432485793096314,0.8416512719284193,-1.1556317601240405,-0.017392344622517993,-3.3550197736146994,-3.2719577420358474,5.05795178397525
6.189041582457992,-2.029165767549694,2.9302157482412174,14.76740382690525,-1.543154467638224,-0.25129274448815,0.6051052226819855,-2.9725298435261225,-3.2646435423687135,3.9507808438381375
6.556689741946155,-1.4459151529577128,2.4310490449634004,14.425883875646287,-2.4426481906379136,1.5353957708835009,0.9247147648370196,-2.366643991807562,-2.9384676468923265,2.8267141745752293
6.804374123633323,-1.0851411193074616,2.5519150387988914,14.166387466186704,-1.5399056191452358,3.492966045000018,1.3063289466084607,-2.2111468922873376,-2.486056156025956,1.9140434733512808
7.3234891000443705,-0.061306001270580876,2.5219104303119675,14.021937971638533,-0.0675566270912182,4.1813012489312005,1.7113638703270222,-2.1003469440173004,-1.8939842398317266,1.4448598255958918
7.238972525521166,0.687479484756664,2.8337893410780963,13.810194831173831,1.3931060006963099,3.9503717788281403,1.4856723779628083,-2.024385709506329,-1.2868366433062581,1.0327899843272204
7.639395547758331,2.2034963232506657,3.6915315147422305,13.691858001015001,2.2828037636921534,3.072810159976038,1.2213428772074766,-1.4439032179163174,-0.7946068020378719,1.0650077202900996
8.096134034195098,3.7960410392030206,4.673009824117933,13.49518405990228,1.4534540923607482,2.398606706073049,1.2903994211689185,-0.958744671168988,-0.2882166718009508,1.3128782273357447
8.5082514189955,5.764658231076893,6.276312454601235,12.045644203619773,-0.26440390980396533,2.3768829559650086,1.4664641428445806,-0.6101410808320397,0.42569018352113475,1.7289195588562536
9.047183609406018,7.814922775222934,7.077025272229423,9.403743588695951,-2.038729541059837,3.0351123604248222,1.9840697305231496,-0.4654202701261507,0.8317044739304709,2.3647540633601176
10.389533883338572,9.79540151679162,6.19534700181176,5.546806547208675,-2.247855031621477,3.9684657687342715,2.7223118967044337,-0.394868422476225,1.2500012695005112,3.309976047434165
12.02509220538395,10.255653289402227,3.0358004303069888,2.9735884380906845,-1.8179675717926569,4.501642004608373,3.5297150002396096,-0.060703917594487275,1.6080242026396987,4.381597876628729
13.607057818611946,7.387056061197729,-1.0714985321622574,2.929921786623364,-0.7934395191173407,4.666143534810535,4.1664411873029,-0.14615452100567877,2.211192170485524,5.973678664745576
14.118352759792415,1.5763025961979558,-2.899228440348052,3.833283315227739,1.0016337126142019,4.843438568324878,4.396291197849654,-0.25264035337627466,2.4322819566806952,7.58806688025424
12.01865397220479,-5.617292567465149,-1.5052938375146045,3.50215275839828,2.6130028023484533,5.191497256807939,3.96562509764372,-0.1907708946648431,2.7940203108959203,9.522102504886853
6.36715079097465,-9.364102576516846,1.0236964130075736,3.841033538084597,4.032819244862421,5.592818172123495,3.3850401643045434,-0.09375460388159046,3.0146575478750393,10.959900735910951
-0.49812106034419723,-9.66522037872551,0.7587792762635472,5.237411847749086,5.256517506438538,5.289270020698824,2.569605904124722,-0.043357860552284515,3.259445281786611,11.021723508527645
-6.588282999227697,-6.539398345682867,-2.409330071948132,4.983339146201612,6.9763616198921,4.562009592954613,1.4574553015537306,0.332650895500765,3.8043870239635265,10.44447860104799
-9.583921303752962,-0.4420630220206087,-3.7976236299587676,2.928627848620126,8.628483925312086,3.650740275786476,0.6067525270408769,0.8895199951831918,4.341342658028998,8.76144275080334
-9.224749019710881,4.8754752386597815,-1.9458654228853243,2.516303016195835,9.317341343850515,2.7095589321111717,-0.3502673598001936,1.3908296685491977,5.111153253324498,6.424140343252539
-8.1402361739975,7.513010649896189,2.4365824686466335,2.835234299314122,9.68624317224769,1.6044823211581716,-0.8655192763673857,1.4838886885775182,5.6787368061914245,3.844976169367843
-7.000229783234265,6.8238711889681625,6.503946508055409,3.651621113709633,9.266074126225819,0.3332900280697956,-0.5210778583265017,1.7859758914426642,6.175031290458291,1.5014928920405444
-6.149721624226513,4.4143336243809035,9.92629392380815,5.128990011717348,7.405452305183979,-1.3235474582962992,0.13870914036634457,2.291717958415121,6.36576546211105,-0.5946316049954818
-4.981444492556385,1.210303478736174,11.51783321813953,6.787301002580743,3.9252927302304284,-2.168868288860322,0.817082560120227,2.7775509827894562,6.243891386140343,-2.8537021403294274
-3.261981111418802,-1.559310552809749,11.100382446750052,7.905377286197947,-0.7671940697170739,-2.135716855810599,1.1708015533889036,3.5359696909160605,5.8890053006222365,-4.428801916628505
-0.9092603058669663,-2.475213213099686,9.957331879695618,7.671785866156186,-4.809211008550027,-0.4253635066379853,1.018504943981823,4.1326882622809435,4.876019071989124,-4.992841347097721
1.404022177725313,-1.450375471037219,9.324565581005547,5.6024107397445295,-7.086657604796397,1.5018665979353742,1.9385853193225537,4.544543373725217,3.557309140291347,-5.140228760259593
2.649331991229805,0.604527478444156,9.443699039365208,2.8408124913994044,-7.8500113255244095,2.5797572310562025,3.5751793977079602,4.8630565362900215,2.0327947556428545,-4.9605030058732
2.828620095278317,2.836665298239964,9.175595499277476,-1.226383407655862,-7.0243577189675825,1.5943429697992493,5.486640106867841,4.977604504610957,0.15591197435275692,-4.403081132690314
2.3238611830863753,4.814955983534929,8.040448826778732,-5.121467837975594,-5.130487438252771,-0.8607412154692868,5.870278991669315,4.796910003548638,-1.8027463329984958,-3.624089070654911
1.5215690398318422,6.155185194409883,6.025943593585071,-7.505421174275425,-1.573753149418578,-2.3527222257784097,5.338160478998103,4.945681523009871,-3.250231914170629,-2.430990839922811
1.0702187121814197,6.545132380094786,3.389756011323287,-8.004397684897434,1.5301819609326344,-1.6451592256482401,5.0566571299735354,4.720387270325749,-4.297886135671248,-1.2315046107060288
1.204310680654169,6.943900239213569,0.3688300161240042,-7.622385406207779,2.860764836152242,0.4052743825129946,5.26920341520974,3.9075843851867025,-4.82759231985556,-0.031229026190004228
1.9651390021352817,6.787434408025475,-1.9234016696956984,-6.498490530947517,2.4852655163977344,2.6705526720784705,5.483209975449167,2.4889570906820118,-4.751196900540324,1.0957499259128896
2.8945506479804246,6.616753240832813,-4.045185249718933,-4.980158372904465,1.1652457117434232,4.080006414510955,5.803167531603894,0.7012347145026462,-4.604400483168069,1.3104449097227975
3.90009310238869,5.871565471887737,-5.6873805642770225,-3.010491326528748,-0.4482253088867379,4.576509574552652,5.938708210399466,-1.2936725358790622,-3.689928208164368,1.0108838553393038
4.389911951851221,4.564354384393276,-6.398162980561903,-0.35511096505102546,-0.7159045376956569,4.589418520655454,5.605739565467985,-3.0578748146685517,-2.2024584961416247,0.310637201672273
4.755292098998698,3.600085662648902,-6.437958328058428,1.2788067665122784,0.07311799886044619,4.804637320224901,5.084951077996448,-4.160882716517852,-0.8365054778089975,0.18150600561579375
5.27081531795977,2.3284741312327895,-6.098748999864823,2.3361851019706568,1.7179083564661697,5.102244429771761,4.125412241759774,-4.386599105780166,0.5309986089323149,0.6600424232005041
5.390802343147445,0.9724757654889378,-5.318037138968037,2.3709079013198298,3.3766364564006013,5.314581333759281,2.6430298568122628,-4.612048807429898,1.517408177885404,1.608352449363234
5.278771819486794,-0.6386266147071514,-4.644111708932923,1.975199696979003,4.839852180354676,5.572012202534967,0.7276978816087115,-4.139894960101814,1.766822822974142,2.7407573322163197
5.198198092963636,-2.0330713634609516,-3.613592653147782,0.822779620031165,5.651417044733823,5.2670305137738,-1.3081173436545674,-3.3768959858134795,1.4372794764096797,3.8994979388600592
4.411137993985541,-3.244462497780716,-2.4392699037559105,0.022545543653088862,6.022658083108877,4.7235322865424125,-2.8012166375475562,-2.3867352963516506,1.0584420108571102,4.685333209116802
3.7817379519634686,-3.7829601826231047,-1.0027785262401103,-0.21199359087800565,6.2363712289873225,3.9825224244095567,-3.9654543182865067,-1.1836808116417161,0.7353245187386159,5.093268344630586
2.7121290330283214,-4.22972235216477,0.07325739417362727,0.006371054100940243,6.373567119283247,3.0364281717640798,-4.549179911067908,-0.14228795942767378,0.9191444100988113,5.433430860399216
1.6155449561381237,-4.04765600790701,1.0201476319412734,0.8163508587472346,6.523129905520959,1.8004221624673646,-4.503361975503691,0.7776567647519086,1.7027908229341282,5.91276796689735
0.4300920955446975,-3.4915162276421197,1.1337410755059616,1.898687920735724,6.540523364722527,0.5362584162750232,-4.259105310092159,0.9087772300232051,2.4424521730378324,6.1711627378569895
-1.0770615992318444,-2.7516953822812065,1.2416243827411648,3.0904249847378558,6.9145459116872034,-1.105558390697934,-3.4828909712281915,0.981379855220268,3.4377360568520916,5.973545429365933
-2.3368897024489934,-1.7179465809909629,1.397694864444945,3.834359385725047,6.146425304563799,-2.428850215631414,-2.125066066339908,0.633673976484265,4.152990943344643,5.880073357565156
-2.986706852774592,-0.592629888375826,1.2743198448086899,4.6096717587542875,5.406742833879454,-3.7588841787373646,-0.7377950400575387,0.4278785655956883,4.470045547591149,5.386873441157239
-3.5606380287860704,0.6064510412586193,1.674101539838457,5.139796990807171,4.601551443449266,-4.297308994759559,0.6419339610090776,0.7992246653740998,4.941662848615749,4.646026296086388
-3.938020094364358,1.3751798619948523,2.5171512449117737,5.658616452988674,3.231396630085309,-4.377491805109992,1.6216709527573903,1.9584613678713914,5.155279399629968,3.7686818641060222
-3.657798651076842,1.8229254290135248,3.6111481419709452,6.157918661584407,1.3512806361584617,-3.974077373780221,2.1526801551120314,3.1412431697695666,5.680875716564441,2.1614478640966817
-3.327070071205539,1.7263381890272675,4.692247813789403,6.040731584934496,-0.4218346491283276,-3.2390318655956514,1.5776009480037094,4.18274605068383,5.561262671655828,0.337817621996757
-2.49576631807259,1.1746031579765512,5.617963868105221,5.183029593545936,-2.234378603369407,-2.5831426263445705,1.320443427885831,5.231816148416657,5.576113604779499,-1.082906626203331
-1.6021171331139852,0.965504166806282,6.264154219265898,4.563429559252419,-3.378349925272919,-1.4478133928822448,0.8895169808596237,5.741847224284932,5.006179011047046,-2.6247927883415048
-0.46532844667459056,0.9177329010383508,6.525745120771682,3.0019785922370543,-4.084367860062154,-0.05918129543229403,0.8713565341834149,6.3479576643537055,3.9968638851041756,-3.6594087936827853
0.6689576755552303,1.3852634090804183,6.849046962299542,1.8304633565475372,-4.138333363305502,0.32255162079404776,1.5076294609247574,6.616436331758451,2.6861968775121894,-3.8227483016735975
0.9400449281185768,2.2648285216337696,7.077740278787726,0.04771354771095621,-3.7516435152231726,0.8142323883182906,2.2603655622937957,6.864709382285459,1.1661350408179767,-3.890509466291589
0.9013625490223519,3.207368862486873,6.825115315704703,-1.339680167429323,-2.8511771007689393,0.5243517357345358,2.9519585261417305,6.998216388784139,-0.5521080632838647,-3.402240768515046
0.6349175645947598,4.008147478008179,6.492915614867412,-2.9409342776752823,-1.593415113869501,0.40062687539226094,3.752282171820619,6.865725762738444,-2.1251794473162366,-2.2970207305860364
0.7641268471565422,4.2989904406848405,5.874526598489078,-3.7520122526429227,-0.19770954228935472,0.7191686862518223,4.24575994205852,6.345319340835476,-3.3031656799924227,-0.8110944978529538
1.3174591997821758,4.707739744203927,4.9173889421047505,-4.251045354983829,1.147633562300638,1.2506631052167283,4.620432156237518,5.754318657681779,-3.9092093330122353,0.5657690234550917
2.167066443447843,5.446732327170468,3.9548372048158122,-4.372648547615656,2.3028840259131043,2.5278994466572797,4.954247592269102,4.296136790619426,-4.258440699566823,1.6902233483812406
3.41855195071082,5.690659878337531,1.9882872290841025,-4.09049554027506,2.4764288178492175,4.185953972244279,5.537117306461988,2.6123331629750894,-4.137340659863905,2.257629714427193
4.9176961488303865,5.83005114495408,0.16994746252054854,-3.5683063878351753,2.1744135134234397,5.554782997648835,5.605866676503936,0.49931016698171504,-3.6500011210102055,2.0117505987699094
5.997543259449253,5.2605883365408,-1.7843948640222176,-2.907223831038948,1.54573465209156,6.559595444654691,5.088599946658705,-1.4700979581998286,-2.778617597158043,1.7011602369334824
6.743439273127697,4.277365410400753,-3.01356639594211,-1.6967031188226824,0.8290493143246466,7.270921432166877,4.105090367198905,-2.8542034141462964,-1.938099495909897,1.0119118088155037
7.032906589285619,3.166493746397484,-3.943667333459289,-0.40536860371389216,0.8755178901359107,7.18354950770951,2.913813520606053,-3.8930428819213887,-0.7947818153737867,0.7338688336456548
7.185930042658781,1.6518313493226802,-4.095611468394368,0.19011304942584437,1.1601476826835657,7.394958821480718,1.2979516767641104,-4.211209666814354,-0.09667164039413145,0.9202365207115665
7.533323373656256,0.32130923045791265,-3.6946689916297135,0.651111135268248,1.6899091260840702,7.982085616690748,-0.12790482713451784,-3.591331366640225,0.43637426165836896,1.5135143140380751
7.394285727398404,-1.0011275802903796,-2.8324305451831786,0.6558714873466331,2.3323988392161894,7.784359589477475,-1.7277669839142682,-2.6753009625838517,0.45791047171964916,2.232280924359061
7.252571239275597,-2.155366197232529,-1.710254680512173,0.5484508629303028,3.098405284038764,7.500593414040301,-2.773060252928995,-1.4557756006449938,0.48858496064543394,2.499038189374089
7.039537044828381,-2.9665382062876366,-0.41633189438184937,0.7516520051015763,3.6121301693127235,6.818099892524462,-3.588288742568571,0.38656876438928456,0.9350908799703396,3.269516638079751
6.422890974534486,-3.5015848301083166,0.9607732798982862,1.3509334281292793,4.350942419579107,6.038746366207062,-3.628526861873093,1.9453997606283742,1.7589758675233096,4.168772132711068
5.269086085550597,-3.7779348155182193,2.2579899639872463,2.684144334641502,5.001398154162932,4.960786846579242,-3.850703018801887,2.8638171336496274,3.0268221497296652,4.422644810718137
3.586530019962689,-3.380404414865016,2.8249338064390965,3.9233544736524033,5.320733570446146,3.363880337317492,-3.5279252773005783,3.260150270801354,4.574219535899431,5.003136646328125
1.8108303931682195,-3.191848088306446,3.031716902175331,5.666815434000214,5.557126370042998,1.6506601591313708,-3.2710082019243956,3.0616755799097026,6.33570296343206,5.125026751079689
-0.17589313316318025,-2.412226870055953,2.546270180770975,6.9281579666693816,5.124762736083086,-0.5453339200552212,-2.641530950682635,2.728435343318404,7.719219587863698,4.594086181175956
-1.9170385106446606,-1.804405940248689,2.0054069298270387,7.849273719209901,4.023585586787585,-2.1252892801407306,-1.8216076644739878,1.8189048455845995,8.241869619943577,3.8030614255654207
-2.558686896978034,-1.1112991179040312,1.7105028016543002,8.319301051473786,2.5399811556539755,-2.8632877828630035,-0.9463579427530697,1.657623190329273,8.846645640695659,2.3617298128891675
-2.732711332980845,-0.6778241511902274,1.687683079597607,8.71310699563404,0.9334356730440725,-3.0710040170197197,-0.3662797137503244,1.5512050541234699,9.152723913291693,0.9475762023446854
-2.3172576002037513,-0.23212132873627905,1.956160545087692,8.572375645169151,-0.38620206962469217,-2.548027052223669,-0.1296471147827068,1.6461283064156422,9.212412975337022,-0.7996006295680166
-1.1779901472623602,0.0008921060372353087,2.3136652785307033,8.642778252763703,-1.7255900439738614,-1.4596503582987952,-0.11217482791038542,2.0527185528044427,8.866666788233658,-1.8112611697182013
0.3964415164113537,0.3421060195286718,2.6486451601365175,8.536872821287597,-2.433812800034248,0.0037135268391057102,0.5065214159779253,2.43016867489466,9.067308920820686,-2.2730697908785973
1.8629488232267855,1.1448424172296514,3.3254337187661567,8.032557115662994,-2.525315962454039,1.3864221314216292,0.9748942200075982,3.0875251980186067,8.409179307186346,-2.4195599102527114
2.90573024084492,2.330383575625123,4.051366573640795,7.403497102463036,-2.730898259597582,2.7582113354336393,2.095726806986412,4.1273817789363765,7.8944281080275465,-2.2876509263132156
3.6899062181976796,3.7074848086684797,4.766302606350894,6.297064407395905,-2.559918033638832,3.5826125943070153,3.4397836806855397,4.892603571441453,6.7925032643962755,-2.245041370974285
4.339711542120998,5.636149705559759,5.525425826225799,4.714855786219898,-2.1529019089401134,4.048472886963006,5.5494746971881215,5.351990056473384,5.5084872143530506,-1.8158432742276993
4.3096770365132135,7.378746559028306,5.683179968357481,2.7006459778129948,-1.806284804354728,4.115644170006793,7.265151122313061,5.889385326416321,3.3290241341113087,-1.7508053461417834
4.16913325772242,8.78411234155106,4.613239853578038,0.6986208892896392,-1.4320740758300914,4.01908814079027,8.657328865386663,5.568685255802677,1.09390142909359,-1.132979544594737
3.9919701178910145,9.62272040079065,2.9627843548531527,-0.7050739587419499,-0.6718766325638693,3.7989324620757676,9.784174818882866,3.6176420816787167,-0.9682351003501775,-0.6228191306934898
4.467128230827774,10.066680315825934,0.8300025567936689,-1.1199393844586791,-0.40791995148514737,3.7439010691102883,10.317367310775515,1.6543437756369181,-1.842414054196635,-0.20919957278254064
4.341833124187577,10.345078376542162,-1.4555087863128804,-0.5347333759166335,-0.10021480165608213,3.7683036902078193,10.79504412196002,-0.8123015961643772,-1.5342378142015987,-0.09063071448596
4.74685693799779,9.630547867747376,-2.821916689706309,1.1415554118662647,0.44417572030475444,3.9419560077333307,10.265179582280998,-2.7718411744139235,-0.036568708022362825,0.3725058582457727
5.023481807481659,8.710661236670843,-3.6725887290990054,2.8522944347984245,1.8238086548474073,4.861086073010997,9.115128079678495,-3.6960087689163483,2.074169035843567,1.043043799497567
6.065211898150565,7.3467716707148085,-3.7449393689705013,4.121802268494633,3.6568467812986256,5.793242800247579,7.446575224239632,-3.9310258026845553,3.812330352587497,2.8736501546883493
6.458730989177839,5.116459318895396,-3.6305179955320512,4.56449409469734,6.144471039996668,6.395738485816687,4.7281845382127345,-3.9919379087238043,4.439470342008085,5.226058662401779
6.437772810394873,2.146734378141216,-3.2780571221381276,4.059174668672295,8.560712055600973,6.15105808303697,1.6019069282463314,-3.6900303909483863,4.074188405063243,7.750070743564165
5.461767131215565,-0.633884681192395,-2.697975474752116,3.2637429408599736,10.136809092982743,4.38384133216583,-1.2801939153602275,-3.011103453439535,3.0468715608505423,9.275855295188636
3.5832970173334497,-2.929240010829404,-1.9608862042525521,2.3050699055557398,10.957136764915251,2.226009792758435,-2.8999942040926916,-2.155032056378982,1.850012126578455,10.151185547895167
1.4435653660631882,-3.8891534778951815,-1.2405731215642852,1.7050756629734238,11.183347672059508,-0.021931253809292242,-2.981530599338898,-1.8624857278204172,0.9403040307858104,10.27797558493075
-0.06792058328670464,-3.5310750583945016,-0.9381357056578661,1.336209070962674,10.742410203197608,-1.709450307522146,-1.5955672109750774,-1.344834535258649,0.18960650509091456,10.487110558674459
-1.3012632995121027,-2.3421393278623395,-0.5015912842593684,1.396536948140629,10.814086421608124,-2.2097891434127184,0.025159376308056217,-0.7940947812421675,0.2599412683831823,10.57320325442746
-1.7007307662123166,-0.8307539467983691,-0.1716020388504867,1.2619393414759008,10.956322338468343,-1.8692434831798774,1.7500018719294244,-0.0895434825730663,0.25069732105824816,10.4969571066992
-1.576540969287413,0.7021725772789531,0.26066780635880415,1.6531352277762448,10.672344845489008,-0.7982323697109592,2.8874939480509845,0.5705581241519878,1.0067965309111875,10.307362636654336
-1.0251494977277695,1.6720791553716028,0.7656416315005717,2.5420437621773577,10.648435223048065,0.23366319922636758,3.4230883068659494,1.176190979291895,1.7619966053090725,10.260577043186192
-0.5920045952033328,2.4831597602617848,1.7830180866524152,3.369582116636043,10.452659663881137,0.8800318600019126,3.394917209073164,1.8079442075510779,2.5606803848657043,10.086475727740172
-0.1766764241292803,2.820747809647919,2.7295865439020206,4.521357559611905,9.959773848516456,1.2823945248433157,3.29015405413597,2.3650509010554672,3.6699066961010973,9.5599128943707
-0.32277048844036044,3.3794075228768543,3.9479876719160307,5.807617887724515,9.38768580249829,0.6551090904646569,3.4047257125565213,3.5768415910756555,4.941567201936041,8.812230438872952
-0.3605213928508616,3.869891668993212,5.478585048365842,7.321393124122901,8.120481652072773,-0.19683859035654067,3.3632623156404313,4.597187150575584,5.974190826702065,7.716198515137259
-0.8212347835258981,4.117688318348539,7.337027853649932,8.466425464006536,5.821320419711182,-1.1766786249026433,3.9382834159627946,6.1937595548436,7.122370633586165,5.832989411151335
-1.155991997010828,4.150800036388554,9.280829875061604,8.05828465689992,1.974592613998585,-1.3256847180464593,4.104333036449106,7.9996976303329275,7.47009282132628,2.88440859382152
-0.8917659506378779,4.07822293079179,10.88163765059196,6.311423973015548,-1.9166407911444088,-0.8725023465133369,3.8923998270220515,9.88692663639465,6.425162739762713,0.040945538914866575
-0.11737240915559648,4.005703557207309,11.832039197569655,2.470124389438508,-3.9729874234813356,-0.24934968289035142,3.643518798572124,10.940767517794844,3.869974583165764,-2.410168613770957
0.25278157797275,4.330243503854358,11.926924729802332,-1.6927998114119103,-3.384346798293077,-0.46106714009915667,3.9268338216626817,11.322627167484608,0.7041933539636337,-2.789474168618876
-0.13809618639506768,4.628707475856534,10.92035362465673,-4.866004719735021,-0.7337899049068011,-0.6560628013887998,3.8289989066574925,11.197548848016925,-2.6491934118169995,-1.8834237716836177
0.11033044118017912,4.653137021966056,9.719617945993937,-5.855818837216901,2.8349696197880405,0.31756613600644784,4.09242104895769,10.61110456965117,-4.129342152930247,0.47790555364388787
1.4691361918951016,5.169868109958139,8.055552253302853,-5.582540690514722,5.0941349113969405,2.9105913809989215,4.564904452588002,9.082834881967981,-4.86558413267479,3.2204889476541845
3.933108535758375,6.034103921262294,6.121294393475795,-4.920399263097795,6.316367936106589,6.219105169925836,5.374885955087851,6.786243922112126,-4.476258782277861,4.6299120894143435
6.893262457470283,5.7731136993604455,3.325008405901243,-3.795038151565646,5.584598270353904,9.161921648980236,5.395601243446178,3.911354642225363,-3.8535968971951133,5.067821479271001
8.995239462306307,5.178699220904715,0.604067500450528,-3.447931306715262,4.395033111925194,11.459609733738029,4.238587356658162,0.7930779091151666,-3.2605797711172713,4.420616876109681
10.26789932621838,3.162434368956017,-1.5001142155007061,-2.8427084012684563,2.7739604559181346,12.350443462160488,2.344249397094536,-1.034308838861008,-2.790581854404044,3.232508997565927
11.01831381208204,1.1717549346079446,-2.424261576427764,-2.0392948353936995,1.5053036870907774,12.521764418797046,0.42678850127003204,-1.5276527902726078,-2.0368639096116263,1.969428036905666
11.020402069302364,-0.3932157240944711,-1.852639390020226,-1.585185186097323,0.5391057669269087,12.719258426387993,-0.38239564145987637,-0.9741073037831675,-1.858579805748765,1.3679704729684528
10.9840295354065,-1.411792734062588,-0.8145178111841553,-1.1727328672298702,0.07629753101102475,12.587365157689339,-0.33411044856481764,-0.1298157969218865,-0.9351121123720982,1.085983472610318
10.980974039906789,-1.4372582164685013,0.6628875745898481,-0.564213894380907,0.13104956816493182,12.382899936524854,0.08343372149098749,0.5640811323615741,-0.508551807073254,0.9852110200321026
10.890462475589807,-0.9445096123207779,1.9865341641871153,0.1549066985167355,0.2538924255750937,12.149737710566734,0.8633696135800545,0.6317204069002196,0.03633725653654518,1.2853449107097332
10.73454390905618,-0.10516651393987475,2.304678341477162,0.49448236866960105,0.9216685522074645,12.12409004961449,1.2683985981127748,0.4274581137342442,0.5099688757158662,1.9552289572338721
10.56579146983923,0.6102738907584737,2.5894883096671677,1.2229513417806355,2.047933973944221,12.090611608072143,0.8725995129017325,0.0755978509147442,1.0977142185433253,2.645248804604628
10.507121085246492,0.6781632936872781,2.5494212029232632,2.023356810699505,3.0207475606128242,12.078338314281543,-0.022632932817552492,0.41002333256690227,1.5993371854967173,3.7244178485077595
10.255289584529775,0.4402959938418297,2.7691978642681323,2.7689809033697985,4.42583179293915,11.225512402115685,-1.3297267382092635,1.1651648436885584,2.000640463645537,4.792088414604445
9.861029737606131,-0.274688801708512,3.1021251589539034,3.806851061475113,5.738910725967126,9.90784194582823,-2.3620418885539993,2.3344450755041706,3.0090780030254254,6.130776240199865
8.129113226074757,-1.277852310651326,3.6567937943781383,5.305041839844733,7.123511607949774,7.515850196969747,-3.4666232679809164,3.314489730416091,4.540084278139156,7.379211244958831
5.470276943292441,-2.05438033192852,3.9944998855642955,7.3647390573699525,7.683997024664915,3.7718487308373834,-3.942446572648896,3.4614624092145116,7.057125838802261,8.243001151833703
1.386430512851784,-2.1881522356957532,3.856118621057719,9.313476582897955,7.202346175464285,-0.27944331569866265,-3.4779992623194933,2.6922426082461928,9.182930712767687,8.28942731625866
-2.641552447505534,-1.5511369827708186,3.1135619114567863,10.530660958127077,4.638949076391983,-3.77900459969899,-2.5196228677361057,1.2988684400744976,10.28963214647947,7.364601459369368
-5.428557932565175,-0.09246490888984082,2.6596957726045796,11.264176239334585,0.8508684202159414,-4.769399292245086,-1.3085160981019897,0.03572918252272858,10.476712132650993,4.702734565137018
-6.47698765733313,0.4050813932823785,3.172740012557817,10.719546769426946,-2.653994932007712,-3.545024803546549,-1.1593135935666623,-0.09613601959511897,10.491369193321178,1.8616009230817887
-5.868000995445477,-0.17407929747387402,3.6899619117739,10.148157594352964,-5.114563253408964,-0.545413659212015,-1.0859593334105422,-0.2539459947401233,10.390912448718527,-0.6639528762056129
-4.256627682010697,-1.1168904165213318,3.6481114511146315,9.246100006258883,-5.557142166173133,2.425551085023366,-0.03655826497497516,-0.014519310913624545,10.27196432370508,-2.6891379435565286
-1.4474986834637984,-1.4071297900642992,3.2483762906926805,8.691006532867386,-4.546883691787132,4.884577009382377,1.4530491561101468,0.5660194896205938,10.565710243951273,-3.626850453450884
1.0973688323545385,-0.7975498258933678,3.1334115605869983,8.259696885395329,-2.8402226888078466,6.32731981363763,3.0962879149011933,1.456121218754891,10.096011623139589,-3.6419938417432474
2.890677207597127,0.3490504383011898,3.2168523824613477,8.171617571914807,-0.8179393840494554,6.785003947836224,4.5547093846606685,2.4763713848863054,9.501296063579526,-2.7889378195996377
4.290763524196091,1.9113782729504296,4.040197497663143,8.031870465033862,1.2631080557626575,7.0304705469303705,5.738670770053688,3.1493741763779286,8.468550674458355,-1.7398283832604808
4.800000295599348,3.777967079710409,4.597420353619634,8.054745494101686,2.6129265553769825,7.037549196497431,6.425253425701018,3.798482590029254,7.185178577281688,-0.7985616731185711
5.287288269408403,5.065699811262435,5.511729833943338,7.7691959495235245,3.8213894829004253,7.0200312588352975,6.881283272922066,3.9207690289039427,5.877591653867975,0.12246464337760536
5.357067464251517,6.883844209399412,6.46039276505266,7.486779108008142,4.422686532076645,6.897308614986782,6.65807324431639,3.694430732334768,4.911176936787147,0.7146332981934548
5.859276696273523,8.443503131132745,7.078948473531341,6.587031440988873,4.836577049609851,7.067193258933739,6.614405475649265,2.9555036245774677,4.053597289900505,1.866385930881709
6.932787126044304,9.969894560834433,7.233470202715341,5.2427540211399455,5.314738960573106,7.368402518517435,6.1569951793162305,2.531006690247732,3.8887979644754025,2.9031721509973147
7.90040369852708,11.011715466022464,5.884377989015216,3.7441005842154245,5.715021393890475,7.910880986312815,5.1310304006897365,1.8230832956530183,3.9653402060118124,4.192486273919559
9.830263359563185,10.59482474440526,2.914949464877237,3.0008815078855493,6.512145873388498,8.180852274162307,3.6985104972581917,1.5279615037806633,4.238287800062427,6.0182667627084925
11.391682390528766,7.493438974328236,-0.23872551356415728,3.2092139418493013,7.563913550946021,8.03827224782001,1.6332669841382708,1.3491566683853622,5.037142515840656,8.30328575875018
11.168020659457342,1.43034930981331,-1.674630755961383,3.1415643631682295,9.150846407267556,6.998007214230996,-0.6943063975106434,1.6421468041285845,5.812349894174292,10.964909873243402
6.227537788590518,-3.8461272508697797,-0.7485884507095037,3.0241054083004615,10.342428071209119,5.076303446732252,-2.334095125948152,1.8455134605821781,7.258749419910715,12.997788309947886
-2.1885366912395505,-4.51021574181704,-0.530273432727872,3.077153180273201,10.861121853710737,2.4560907478713534,-3.389971281731993,1.8394880655254953,9.028187802908963,13.123638498856687
-8.556173578723419,-0.3956297083365867,-0.9016245958071175,2.952831008793545,10.941143564101674,-0.6376882630663421,-3.085345015313692,0.6743881923154256,9.966449299698802,9.717314652642964
-10.604023727871148,3.44953861731938,0.7193668486794221,2.9651035142517905,10.781062087997629,-2.7228423453534916,-1.5051223678106593,-0.1543183732803869,10.208887129296636,4.61442303297998
-10.209383941458718,3.6619184645407503,3.7923298361449747,3.846770515690687,9.72353707824628,-4.130705713533085,1.0159711997742062,0.09298124376404857,10.062101023549161,-0.23232395320455715
-7.948808887678949,0.5086591147825711,5.5977083505412555,5.915495296291714,7.394450188575013,-4.518105025874837,2.823898852432489,2.1325975415309015,10.05147062423081,-5.05624603946021
-3.64556205773077,-2.602029530528645,5.126875104992041,7.957378632568224,4.12555855656158,-4.9209210341876455,4.009639346034042,4.962265574485287,7.894186834188295,-8.593729715976298
1.068394333467353,-2.851885999126616,3.829197129902866,9.112688666659857,0.3469080348311909,-4.636383213480601,3.2046998635764004,7.250708128168001,3.9847768108554495,-10.070616785090877
3.279221145268544,-0.48878446274427934,3.789547631174909,9.449590120109248,-2.846816964885078,-3.521306462590074,1.7585516502693064,8.153816642485905,-0.2197175050534108,-9.490284136322517
2.525267303234791,1.7136077178833664,4.100468061472886,8.604808700465655,-5.133869324231852,-1.2312057609329952,0.7812828532471566,8.417013794530497,-3.810972087418646,-7.911610988005541
0.3859667861508773,2.9455021093313585,5.193414825862427,6.740169028950349,-5.858432127161504,1.12701677669698,1.2472333373511217,7.9328187712420855,-6.03426610238164,-5.30137216760342
-0.8793732609757794,3.2452830796093814,6.210647623342187,4.526442398179903,-6.361131466718183,2.6073183923881276,2.9792900587899855,7.379311328429457,-7.358780108546667,-1.7851698063096386
-0.4037008598553995,3.2081099698162787,7.008488415334351,1.650469887362142,-6.0187763593066395,2.7636097285669674,4.966113498648236,5.537590541761136,-7.8458735198834,1.5455484020480428
1.7135120699174,3.579018043694461,7.080125427162046,-1.151167311890173,-5.413528964895615,1.389914749572853,6.17200082424655,2.882947848261924,-7.961364028451588,3.1691333820178293
3.9341052175080446,4.460321466848432,6.425462497667435,-3.451678618112569,-3.801180168550562,-0.009076821611920381,6.676482511350441,0.6546525959939327,-7.091911252526071,3.2549598262789834
5.551936220087066,5.240111631165642,4.551025894505405,-4.887568867071007,-1.8970771831907565,-1.2791615110261518,7.012486804231476,-1.0789845764008659,-6.111925187376355,2.0478251545179216
6.506569309525498,6.043820300868616,1.4492262958922453,-5.01618743326846,-0.3464794560140856,-1.2288904722049203,7.059854591406149,-1.7647033069568654,-5.209322085306793,0.21604717681759178
6.495767241262805,6.416728395530513,-1.4321744158227305,-4.402820620440206,0.45013296283447574,-0.4786210533036736,7.399988412999112,-2.6653070739381857,-3.387830455125035,-0.9204454489197735
5.906184494740958,5.9809470069565975,-3.9094478102575727,-2.8113039554457333,0.5146078744407322,0.2258609967409837,7.449429386572535,-2.5991827209837433,-1.590245057630621,-1.741711058709686
5.670923269562968,5.429608176388516,-5.572317062454135,-1.0828206741579411,0.384185492177031,0.8318678534438533,7.509570334869852,-2.4906885799487495,0.23222053065232914,-1.3970873331999218
5.726223552971837,4.2405222480256395,-6.022753230098016,0.8177078294004357,0.9414296484196482,1.5091341786295172,7.269999425120456,-1.9138886775042943,1.5629366875025652,-0.4495240028551734
5.812069806206617,2.647540234915548,-6.065343102173277,1.7771587841543839,1.8399004028091448,2.283956836527378,7.273534466606013,-1.5403431369627072,2.5695637119216572,0.9173340786566253
6.105471774600226,0.9364088498459054,-5.713962695696822,2.291335093243973,3.1046177892670044,3.196429662169906,6.861532711367287,-0.741154063282584,3.369229166160296,2.404671506347346
5.844159087748275,-1.1151820948211089,-5.034452057077935,1.2354812792466343,4.297320202342207,4.534058003371519,6.280495315788182,-0.2798208862396994,3.7464320924246084,3.874920969436772
4.634395126482652,-2.8921945677121714,-3.615768127159854,0.44150343954143667,5.076092602976482,5.8162311222732965,5.136734579449725,-0.2765299903348307,4.066548496662469,5.08293143747739
2.7625903510656165,-3.747865681566577,-2.4802357992719806,-0.46293599974583,5.10063247627475,7.137062770490724,3.5885759483273465,-0.22946584489488367,4.527473805025746,6.318721931783028
0.46411106375802114,-3.873515064144772,-1.3829812641714012,-0.723231616232725,5.285419804657681,8.159393169077651,1.7453915650888447,-0.3265243543501588,4.616404987754887,6.713530278396201
-1.6435042786784615,-2.8083517478191715,-0.8095580875132916,-0.7258647439309709,5.348280193083579,8.62452594721628,-0.09530003894407758,0.14998573800814408,4.7861474918532885,6.835957702928223
-3.4526474338656565,-1.3035459731435817,-0.6909746162044419,-0.3250777583852739,5.233368100092009,8.783052606111207,-1.6066643771382247,0.8347953775444572,5.09005229454934,6.161521103814321
-4.395001267002415,0.36306737818304,-0.05169385641832664,-0.1142270074764513,5.45223820143887,8.226485774842173,-2.4929312521864118,1.598993883894635,5.853116615117105,5.024783747372972
-4.598948792011387,1.9048926241749,0.5078685240630363,0.3064285547928004,5.68320605800153,7.519778559761594,-3.415729012696802,2.1530790176511423,6.7375789458843585,3.342520144543383
-4.548076322918181,2.4703794429360575,1.8169700580888444,1.3010965193712225,6.1118835479773495,6.279371784512863,-4.006246697045775,2.3725267190425186,7.701275228346773,1.235588886448973
-3.8936058208505746,2.314805386628236,2.7175180483235284,2.2509395809594905,6.658366085606709,4.565924245023564,-4.496244615795578,2.316882888591741,8.158623187426995,-1.1491481899098188
-2.508306023428766,1.9529794556743447,3.927776134411176,3.1504992672160865,6.8001856403651235,2.48488664748413,-4.495239176500763,1.6500878196036761,8.388425063208407,-2.7152567244139756
-1.0468936067925971,1.6975441630868946,4.550491386481734,4.4196060544092575,6.496639174121566,0.19372440839631327,-4.058728824774574,0.4223941887628167,8.632985688006448,-3.221923132506649
0.4973878411789755,1.9507848717828018,5.268603899556688,5.9352231568689415,4.971950309192976,-1.8572092586412263,-2.8811264071637614,-0.6730965212459197,8.636530775538994,-2.579080128320102
1.6083224126870705,2.782422692190078,6.082857437315392,6.368964722369376,2.972971369128577,-2.9420105893251804,-1.855077956549941,-1.753798788466205,8.821903730917553,-0.8619420904536561
1.9292353118877283,3.699161812142207,6.878384087955671,5.855365369535342,0.3390614090412862,-3.0086842736595805,-0.7075538950858669,-1.821350467672381,8.732673559463219,1.180358434065126
2.1538908723397543,4.655425384598486,7.888778453918005,4.2460102016987085,-1.9290490922812022,-1.9053951563786564,-0.07467696044954296,-1.5523288036629466,8.509844212458953,3.059332639370001
1.657643013418515,5.311596639468639,8.26392570768397,1.6997953426509633,-2.643488186465209,-1.171075424836174,0.25026539584436136,-0.8304613348330436,8.495360317656402,4.649037656428593
1.0560326561350712,5.813534174258099,8.109567941550514,-0.9605312176268864,-2.310473240236146,-0.649609974009332,0.6790075329250403,-0.053898498124992616,8.193414574813024,5.61507271451487
0.9855053978655439,5.934903148318865,7.112090595974299,-3.32893228022159,-0.637122378171131,-0.3116329759627857,0.9681064103154378,0.8016538944020117,8.762809490484809,6.179014068419109
0.6017682297288489,5.983927465100547,5.999816523748777,-4.372136475676468,1.0451085468998906,0.28989246216559,1.7040283750849539,1.5974669659951437,9.04858851920014,6.2163509907726695
0.08576104919063746,6.3151540474200365,4.48551531982311,-4.87057577317916,2.642111226877452,1.5605975379328014,1.9888615830381242,2.8836043811042016,9.39400455728961,5.530920323331034
-0.08173183722920935,6.541378569338762,3.2845074205331257,-5.097720926922824,3.345391175043386,2.6632784709191615,2.324816441616249,3.99833877599852,9.884259112414957,4.168672730338775
-0.24532164442212895,6.639669648677519,2.1843447033135246,-4.511731458160956,3.4141194057450415,4.361510922179611,2.8310741400624737,5.248118418665077,10.097618546637614,2.164989925227453
0.036567553031337297,6.69923357780287,1.2099556222634582,-4.17697217418749,2.721022004175494,5.896700608251235,3.6273134990783813,6.045168033865152,9.343388104153334,-0.0601389249245753
0.7413970688894349,6.954033241778904,0.19036394408377016,-3.4326180336393937,2.3254694858908826,7.174122404626318,5.324563032099426,6.756301347037453,7.470556922193252,-2.1756795906014754
1.1654461142127914,7.290658485085646,-0.8992244270657812,-2.65715298655657,1.467276844894554,8.139830077093798,7.545777718675801,6.223968955211191,4.671478915144587,-3.285149269239697
1.0019448840722767,7.566245257131383,-1.5802786088236784,-1.6626678546634794,0.6292533965683389,8.708782331037865,9.267723536768854,4.373610607305002,1.6760998194758412,-3.1111155523643914
0.3206262685298026,7.723576992396976,-1.5757079577882265,-0.7118882933838281,0.8053314846707883,8.927666422347361,10.075399352529194,0.7593785629709031,0.5876506131620854,-2.7985882775525623
-0.3397200626413833,7.836702920843715,-1.084967206695222,0.291653445854896,1.1375049645183397,9.633092671031543,9.323026186070356,-2.7848009107934795,1.8530185862411157,-2.1805081054197073
-0.02831135402462786,7.690452459758501,-0.32083523942980263,1.0812402957229588,1.8844871314534404,10.11704072950128,6.716866656195734,-4.931159990791419,3.934285635082905,-1.014157249863711
0.4045144067230244,7.945691743209705,0.6336507918015167,1.4201089008227155,2.8268033140040356,10.577800735284248,2.7923123607655698,-5.705623001458858,5.6395327307163035,0.7631471149403586
1.2402763174789337,8.19887833474092,1.5301399177533854,1.4103611521513388,3.9834317078132657,10.528285641560363,-1.1145962516887646,-4.884039673294664,5.5633634206789395,3.1519195879888207
2.2420026145304854,8.022411323866155,2.0189999552145155,1.6842784621514082,4.742005268276447,9.379987029247618,-4.861764585119636,-3.6978485167934947,4.251171590965217,4.901711223471162
3.8504933284230756,7.59647606726716,1.8797382071870814,2.005161017441146,5.57566584469976,7.371764486171408,-7.231694495097732,-1.534783042220326,2.917793078679418,6.124004109560946
5.253740374178808,6.424584726008653,1.48806456366133,2.0564059383193745,6.322608463794073,4.628216570963467,-8.280234956358449,0.22233146286883476,3.0898437633379534,7.0807229114105565
6.464564746412702,4.899908077617443,0.8357299152925493,2.5574989867904545,6.446160042516936,1.6876721422875878,-8.400286792838067,0.5436906695966449,3.771541452018359,8.048210290860695
6.443667775939117,2.4557053539281153,0.4990204234735536,2.90128347608383,6.46805401095552,-1.5485565890124156,-7.471698663736774,-0.5615449911745088,4.167582960404703,9.314766834187221
5.3322014029333635,0.1156527484255805,0.8823637372642431,3.515476350442848,6.217674025598862,-4.316403613813751,-5.532729227003038,-2.158944577679855,3.3528637908600074,11.135593655043833
3.64777191659754,-1.6677551667160344,1.1909709249568503,4.180205813165393,5.366571425853962,-5.576375404227961,-2.5668882641097874,-3.0387348688116256,1.4813579634695377,11.652696917762034
2.443269835679643,-2.531411768150881,1.5319335381836612,4.7135414275128245,3.9944805594405044,-6.015314912183513,0.2060389913523404,-2.816036946004181,0.11033747667800067,11.922506652987622
1.124527669045222,-2.6947116890536127,1.645166720876601,5.584178331076448,2.4651500925546324,-6.004448911169952,2.4303900274085146,-1.8369066584033782,-0.5839786676528744,11.745041244637001
0.5590958189382852,-2.652877021441403,1.1716948005085417,6.156843402008718,0.6797633320371089,-5.483312865103131,3.2344458046677,-0.4740683706857196,-0.6402737907082867,11.488801221735104
-0.2918387239497095,-1.992848032937682,0.8292205450992487,6.394387354374262,-0.7306849019179932,-4.714013804098513,3.888650600503802,0.8686488551965851,-0.04204860896574256,11.321745510661483
-0.7120983114065973,-1.2561265240403094,0.8386441915001976,6.352666540721932,-1.9648549848309407,-3.565179292504376,3.3283018319209776,1.9812776249922708,0.94786630606016,11.436859047734602
-1.759510992000572,-0.011774893089905772,1.0091990545237335,6.4601838723319975,-2.5960900474526607,-2.777450000884035,2.912087075754438,3.0715890997109816,2.523167059511339,10.866112077304447
-2.333584609350966,1.1041004798295664,1.7642918604449171,6.734471513107681,-3.1030124598822684,-1.5640048463630905,2.572145421579764,4.400971445898719,4.105073824783977,9.86858201797551
-3.1721839229825584,2.8705600661723647,3.0293969519354174,6.291617479468113,-3.442245391114651,-0.4482035848695709,2.5953158741574476,5.526775123522993,6.254369644333016,8.084251397237903
-3.7175772680768646,3.4587345685984334,4.8348410324688675,4.964987587398498,-3.8804938474667994,0.650013552332292,3.068091561079248,6.487021255255746,7.185244716332824,4.8243300658909805
-3.7370361292942484,3.2095080530701385,6.2751384717936975,3.1580717241794547,-4.107625774190055,1.3638324664885184,3.918757909915582,7.763575378654934,7.190654160237931,1.0175774772837818
-2.8439010412607937,2.5022136097441123,7.123386788594414,1.240360728838482,-3.8758567864184013,1.2095367947639766,5.023068134756663,8.919945280498348,5.3465508287697405,-2.0155745613154714
-2.0174711813539155,1.6468873800062949,7.601977464317939,-0.500653674238091,-3.39767020879983,0.5658725787574288,6.052726179883709,9.949990991936291,1.6341615756818229,-3.3487161835239547
-1.6035695796824165,1.1048716013920614,8.01567481227468,-1.6400656664676987,-2.2648324735407175,0.11269570815204198,6.42529116722895,9.662837835834557,-2.603688397455673,-2.663483871567768
-1.3794000477947468,0.7234320202910405,8.006341233159098,-1.9511731184103838,-1.069309727164355,-0.004407976513449971,6.507137811083423,8.31159407813424,-5.265239426639333,0.10277069677322581
-0.30718933278642113,0.7896146453379176,8.112708130394358,-1.8132686171553734,0.1962376764731284,0.08741890232501456,6.667620115889886,6.349165306337606,-6.363872672042915,2.968162148585628
1.5828635692292596,1.3682445034751733,8.22336981218175,-1.2173835303582663,1.4918441745540927,1.040080026764399,6.987933075629462,4.1267018202273915,-6.35391250392391,4.876176120020866
3.9824851128450125,2.095713762449034,8.030235566589084,-0.7053891891960773,2.038264252085967,2.051934000066774,7.266433780098545,1.9770490226095288,-5.611078278763781,5.259057502341511
6.212739003363369,3.2223590656042993,7.14352891854834,-0.3926357589468467,2.533536347569307,3.3278721188906304,6.909964032891192,-0.581199020300609,-4.964634666049794,4.122174345963808
7.712697847000767,4.478460163372997,6.086138980210915,-0.3855815189926133,2.99516019715389,4.3888025533800015,6.373724209240913,-2.9589696284740676,-4.109084079763103,2.56206755980075
8.455698208241833,6.135361472861832,4.086621603775862,-0.2057359972511975,3.0416588531126245,5.807725506605035,4.529986666100106,-4.585654434559175,-2.6535255421888744,0.858639126164151
8.930246606836002,7.2205882973697015,1.2147228088634103,-0.37617916035715815,3.494395933929942,6.79896802205611,2.1465824706258045,-5.366288893858342,-1.1060237452244879,0.09695196339540299
8.811769811734314,7.324585313267022,-1.7219444820490402,0.298490324925469,4.1701632171190814,7.0621005490303,-0.2524420461750088,-4.937549407174212,-0.47010366317058816,0.06548906818354622
8.929377363986942,6.171776689415745,-3.7998171770071125,1.2600885690625072,4.558776513327739,6.778681384162224,-2.8875015474280734,-3.6259037263232052,-0.34420190801220407,0.38787862674094314
9.142264571151616,4.122271847821069,-5.043243938452581,1.7353485907684552,5.561224275168579,5.538132144799573,-4.57874874169893,-1.6439840734702846,-0.26617582558768776,0.40077517357534576
9.36556603524833,1.5940890187254104,-5.304240852787297,1.0454747669234907,6.408055561741764,3.8006907694792806,-5.430088186502791,-0.22390738097448987,-0.1306604090003042,0.9058318834562892
9.409476223973854,-0.8358916718224935,-4.700911621345385,0.034961534290489114,6.979451848147316,2.121609751742462,-5.371974396605919,1.1399163218803399,0.5250542825133657,1.4552898753018197
9.042291968045571,-3.1375797950798456,-3.1536078651957835,-1.3471794589341912,6.824229725416171,0.7876084004234409,-5.168938018992785,1.7554010606813633,1.4763706310039444,2.168219628316634
8.383757358526985,-4.372609994519568,-0.43086283460219876,-1.578082083759443,6.950090453477305,0.15318470256640263,-4.529231066921825,1.725041390957719,2.6151987863155672,3.2627885685215903
6.894391687798495,-4.7865590256937125,2.0498022817985873,-0.6359604437973968,7.049471175088232,-0.4088385715371058,-3.8232718426028813,1.4441897290599006,3.4846577908263643,4.686245236525822
4.721211674721063,-4.907443703422142,3.5395151847343773,1.6770722800739757,7.226327523265401,-1.031372122666804,-3.0629994347837117,1.1341393637773975,4.493012050715627,5.706917962079754
2.2313993574051727,-4.43248396183864,4.1860322066314595,4.275142162288531,6.329260174192049,-2.3402932292275134,-1.8481668345557036,0.8238572621171212,5.105706338261478,6.371129471734738
-0.5919510470547049,-3.8160796041306266,3.539095493667793,6.473068253455379,4.832498552798439,-3.5523161935378105,-0.5184894484342412,0.8894134774990197,5.634349824628163,6.963970464593885
-2.9931201745962177,-2.612785466137491,2.3610978589082263,7.645495034507582,2.6031722229836896,-4.276086286505515,0.4191999867088315,1.1987320363425633,6.178191577914081,5.903067961641908
-4.491702430524185,-1.5041694608433807,1.3598127452228668,8.13625225074651,0.596802233932482,-3.9040775659899944,0.9855002330956187,2.174045442748544,6.776318992399536,4.533131799506261
-5.194321094341931,-0.20381062042471776,1.149680113133546,8.308420929984056,-0.8493663304248376,-3.247052665900789,0.9371706352762952,2.88834113969152,7.138820563025269,2.2835966986739695
-4.99598139022577,-0.1282466267619719,1.5876406370634526,8.310491586910613,-2.0636958008714683,-2.116647728233368,0.7477797340866856,3.7089653984229924,7.351732656388884,-0.5472397753589409
-3.4348285055294854,-0.2775525274751177,1.9164748968632521,8.069110437626822,-2.6217023210967914,-0.610173177544249,0.7416469219021422,4.378552993848069,7.093207801724442,-2.6841172411710046
-1.6513092524579551,-0.524734573175871,1.9949675154731283,8.145998818349423,-2.7822431262858993,0.7669649418641449,1.2414527382473357,4.778387851151238,6.075315645898622,-4.65404110899048
0.18154320670907823,-0.16482241693806796,2.3614182805885746,7.873093218085102,-2.5836274072523366,2.1177103970111695,2.1979797565233326,5.453634619504897,4.559762840284456,-5.253108867530326
1.6302064197586916,0.6433690602590374,2.654774464851241,7.754520991445655,-1.7351153478415227,3.052425685021052,3.63575078004945,5.611713830722439,2.501745995578985,-5.385407875735001
2.172553258381984,1.9125164701944914,3.4629952028409634,7.198479218020251,-1.1894079773960498,3.64224707007554,5.008802860882862,5.442386596931052,0.134394512685204,-5.081967420614292
1.77237988730343,3.0142527134379753,4.497824272891909,6.855595790486092,-0.4224498942496322,4.040202834006499,6.363002130925964,4.391199138921103,-1.9457914370445444,-4.001338545193866
1.1132960535901226,4.050624956737741,5.644352882231477,6.0301245122120966,-0.25898433912310115,4.344892421587678,7.4280680659999865,2.610609001239556,-3.109407587987627,-3.001941795746924
0.5756938534925317,4.723782916209256,6.86529511882677,4.7407180355814065,-0.42572766693821723,4.461765708442317,7.867461914721742,0.21566053999713372,-2.8750179485829737,-2.4472321881926007
0.29164021531507556,5.0824388980283,7.841722948102311,2.9164861606264885,-0.3270657563018864,4.725334881210148,7.856908952974626,-2.1634961431018547,-1.6736082707476463,-1.9147420889983382
-0.012713346519362456,5.369563078766061,8.37580371208062,1.0298604997104492,-0.26131413326076136,4.751568056797829,7.374068331928675,-3.7319029092585008,0.1506959067293174,-1.593325997189531
0.32892114729372046,5.730469179515795,8.5802242594817,-0.8675771800969249,0.12012943504420687,5.094471608039309,6.311229134237708,-4.216081779197995,2.294917297798312,-0.6689673308231202
0.9134837385810555,6.189363087813041,7.933215258810835,-2.353582531284281,1.0606853479021752,5.488879824400655,5.209278237309995,-4.0398920452108875,4.026033779318228,0.4619659369150278
1.3490481428026115,6.649630907153202,7.020121774023375,-3.5866594543399724,1.5128427874313861,6.291669055644379,3.9151626199915985,-3.8663195333775375,4.830537254762549,2.305558634911555
2.1888086429432247,6.9782476063924905,4.947892123515001,-4.511599321158022,1.79080929100795,6.8086615205799506,2.406204449985918,-3.524472279014918,5.09700009577389,3.777423944668446
3.1941703108482224,7.189413818229502,2.5823028281369513,-4.495013668049301,1.2685343614763118,7.64025530292918,1.1443435240766213,-2.9947870839631476,4.849127050200903,5.739498247090583
4.204124258933247,6.562733039972786,0.1117070166365198,-4.473860349669216,0.26516630515159584,7.990292966355601,0.20071680858401683,-2.6013351326854712,4.260456944818525,7.136009897950041
5.130251351682247,4.5490314479962475,-1.6094230148966187,-3.6440330519632407,-0.8341629418484966,8.196498501913387,-0.08981298879177191,-1.6350978955368405,3.6305897080210117,8.662490968987067
5.061485279403965,1.8469000638194466,-2.438505827558307,-2.281586811518248,-2.034135514442844,8.135487128255148,0.37460321619027265,-1.4325733611287566,3.3503733963816247,9.754221958442987
4.138719849768055,-0.5472088958131803,-1.9375276786346787,-1.266483625283925,-2.240623582175114,7.997103770464174,1.1420995217992786,-0.738906389876796,3.065519558344475,10.754416125114123
1.9496485436733935,-1.8177353895038646,-1.1847073911551418,-0.9696391866965334,-1.9688959062534697,7.4009901995506135,1.9965413963240888,-0.8674519707655061,3.150355984639369,11.27062791639866
-0.5392759250357563,-1.6440721488060714,-0.6633937246640879,-0.20225347074605807,-1.7139607837649329,7.527636123069526,2.8972810943768685,-0.8156843784686031,3.270965083164309,11.641674664205826
-2.268211213579507,-0.24685851802486378,-0.02553440039666093,0.3138963785882583,-1.230196600021082,7.300620262803504,3.6017635933292858,-0.8228706186381887,3.231794731707584,11.306580456101486
-3.084014458492349,1.656302493032066,0.4373364451793646,0.6184066076811887,-0.8060687665365054,7.305127443679684,4.002586180892738,-1.114789929158281,3.0808391796639882,10.807070489683495
-2.6898154702117174,3.5450638737798825,1.3536786227292166,0.9246882775037284,0.3089321995397639,7.426887984324688,3.626832452088195,-1.30749169890999,2.864388497367928,10.809843170894819
-1.3945780918055888,4.518035436069728,2.3089165380713976,0.9772976565697279,0.9840867228536568,7.560340010889768,3.0937765554143697,-1.769439632430615,2.8117796414236076,10.630001145380408
0.4923683149664355,4.974443557819923,3.295042742485855,1.0806667906684289,1.7336239638797988,7.92156919370179,2.699415350495854,-1.7822388967252727,2.484269612322413,10.80937230591068
2.2455936062711896,4.946020576199143,3.6578936816166636,0.8664460491276884,2.2693446003000304,8.264571301599508,1.40571691325872,-1.8793034817681535,2.261264868719604,10.924464439737466
4.030851523467678,4.173203402655236,3.59728597524288,0.9821662439340451,2.865893197693775,8.092689366037764,0.27759139200744254,-1.1180037007757482,1.7369728702948255,11.42985399733598
5.130667450499528,2.2703635925593266,3.2749423647093763,1.4910388148384355,3.581325579812191,7.846766847502685,-1.1518643472195582,-0.7509037095367433,1.5691666634860624,11.82116379650817
5.143353748678699,0.33495278745175655,3.338047162029556,2.193863568823131,4.301043634668874,7.328747034082738,-2.1175361658615763,0.5224731643441454,1.757694910034401,12.18636760164647
3.862116096441542,-1.0006956125326583,3.6606510406938804,3.578707411607019,4.885516215699428,6.301762593927735,-2.8553855983710252,1.1604726236356884,2.7646210536196056,12.472764155520448
0.8059786292615972,-1.6316858587998757,3.5842549739341565,5.185832063551297,5.569800695991287,4.6132964024029395,-2.989865751699158,2.0702710747613495,4.6517805537428165,12.368682808734844
-2.5975648005261345,-0.7569131820494416,3.7616337716764114,6.867633880805323,5.816299752931976,2.332131124837908,-2.945200327113321,2.0447477366365394,6.363100108108034,11.522052997733601
-5.500149068421174,1.1303558570554724,4.109207283850743,7.614638400291124,4.988784668055508,-0.12903433955439358,-2.489830800914944,1.5619013601792295,7.909437996451639,9.134249141032512
-7.3207661261353865,2.3298061645737342,5.727112191387607,8.369721247992308,2.9418394512585047,-1.5236681095825064,-1.8014527413178847,1.1399027740947676,8.643075788928812,6.030447386339644
-7.598336532912546,1.9129979780002448,7.891219612970128,8.246722510256127,-0.2144988396228944,-1.7331852546027835,-1.0977759179727626,0.7592503128562451,9.006534210375188,2.604921614777117
-7.287264355320592,-0.5502898948599424,8.534106590444054,7.071015925796825,-3.1025184264681256,-0.4136569924515576,-0.8295434170827851,0.7133375021834621,8.990568835473498,-0.7352775525504438
-5.2115160891520915,-3.0476934776674582,7.343956058894792,6.551566243869727,-5.1027835897758695,1.5235544466723607,-0.03645900103791731,0.9111572994965642,8.960244163140846,-3.3233165127063526
-2.051346240407063,-4.471841046500119,5.6595952504295495,5.935012561345125,-5.453872942024817,3.4260807327615668,1.177977612591988,1.4379495363002501,8.928773621987297,-4.686410618739784
1.7904554274419464,-3.7986790298613444,4.46450352703887,6.00004141855844,-4.946147085949319,4.910267806809353,3.015281452193249,2.169935540946143,8.153416116497143,-4.751957623257302
4.245962593303196,-1.684781939574942,4.551999627515034,5.784191332558558,-4.048545684858434,5.427575203502,5.215668960991691,3.2543535490683513,7.22934379590703,-4.145983690891312
5.943165849780586,0.9499918694288885,4.689436341544866,5.267049610047114,-3.110668173153253,5.605376643867427,7.406876863426433,3.87506925319934,5.619942924873319,-2.5722744277801324
6.396372709926428,3.4759938039865754,4.845011017463741,4.286708421825268,-2.2240519531383365,5.22785954913565,9.305023071412608,3.8202202697321153,3.809416575764725,-1.573445662926768
6.402260275657663,5.5667860214381815,4.356636410959858,3.2170959093648888,-1.5906975733669786,5.000915550679774,10.687885848561955,3.094869671647026,2.3330185832407815,-0.5575939450929401
6.838022733987663,7.084171397089419,3.649269539035433,1.66550628051043,-1.107345818502095,4.605447651869845,11.481193913602699,1.7986680677859581,1.258041216536278,0.22911110976326973
6.914145460303672,7.748091072847387,1.8455250612527447,1.2592895704005946,-0.18894337620031773,4.6628670586532746,11.675421758955045,0.27965773678284706,1.3371058791949588,1.1434998182850715
7.542905571230136,7.805792835993313,-0.07097681333867073,1.2574238528146258,0.3656182807548106,4.886067549405912,11.75667790098658,-1.1672565166168432,1.998032632293768,2.1892375073835355
8.31108070557286,6.405800276753341,-1.6695740395844567,1.9647082548212802,1.3468160744832418,5.454115913592445,11.001321772421958,-2.0478945667905477,3.0365424397489793,3.5015401110471713
8.85073804620325,3.461673740035417,-2.784429754462148,2.78195305487881,2.82263670477086,6.439725228608093,9.65830759185376,-2.7294146662548275,3.8613981627456915,5.972840955044539
7.924982595484375,-0.19165246709907585,-2.7077151950973066,2.890967804645235,4.283519389259459,7.493571939820287,7.397138148347352,-3.29632626999787,4.450297844703928,8.571448601054817
5.035021390211984,-3.426888059097949,-1.7084161578711519,2.572381062733049,6.210082979508713,8.627982190834992,3.887734201915741,-3.66718093658785,4.177292322942527,10.537960266507131
1.0285363688623606,-4.699115599327812,-1.2339215168023716,2.12154581334531,7.42886227127609,8.54796623961062,-0.17691884789552173,-3.4284314776800278,2.6329327116415633,11.705023258384832
-2.0060451404285917,-3.563965196818678,-1.081230924277066,1.8175358691400794,8.251089545420742,6.881095179615169,-3.8226568059228554,-2.2837388847868896,1.0900026993142697,12.105395544289815
-3.2165515864987246,-1.121234336194796,-0.8683046433318145,1.6702767669468759,8.861247447543393,4.187741112558974,-5.91582798016973,-0.4307107332491562,0.7087424540176609,11.577606113812745
-2.9013558640662813,1.3805290824702092,-0.3362484296002075,1.708623558540533,9.311925052257818,0.8430720325851192,-6.158364669321495,0.5700238125081258,1.3611367952780156,11.437775272072553
-1.8657745929267429,3.0015812718790182,0.7289738662367855,2.102480701288367,9.255831631490668,-2.1469777984442118,-5.1484205641397445,0.5179053960789821,1.993794629541703,11.045947926505896
-0.6238468939516209,3.98868061027626,1.8395052946881236,2.874999018237752,8.893273074313619,-4.578950701603762,-2.8883060507047515,-0.16748623159956197,2.574720556515437,11.059876997709027
0.7683026584446857,4.364466916560849,2.7713273628147412,3.7265908883993526,7.603889756745718,-5.532643608230278,-0.12426742910747302,-0.30872777977087046,2.744975517421022,11.009404612755937
2.100217318706911,4.054004134815194,3.8739661680104924,4.179066241887104,5.928860349726207,-5.955447087539133,2.6782623240419614,0.6797318697572279,3.1849750690475003,11.105519693560595
2.4033767886586523,3.645901647827466,4.459436569164103,4.8380407873979445,3.767239211020198,-5.505171301201721,3.5022621319986778,2.7887867857145783,4.066278037420073,11.040334456623516
2.0325327376125397,3.09139007115589,5.162826422892247,5.047752662740541,1.6036281394755896,-5.02315811772831,3.773597633013808,4.9180104657035795,5.552388249199243,10.732639998265602
0.6230216625167235,3.2648119552221773,6.009030073018929,4.504978782597927,-0.22660780933554348,-4.124971911655986,2.8604519122753573,6.804786589219952,7.989952851151599,9.214624902366298
-1.111372862695407,3.668312387630084,6.971286866862402,3.1895310861190325,-1.9027613219825605,-3.491946959564072,1.4516897746717932,8.46282201529968,9.994385190301754,5.627099107522198
-1.387631194817966,3.731000230687677,7.840918109488961,1.6312799827627236,-2.2966237995369583,-2.4479467083276667,0.31577491321547463,9.034643884368505,11.121381979731039,0.5723669182757521
-0.2796802705791691,3.5495652607332335,7.995299929207226,-0.2604043800423585,-2.154148680866558,-1.8754501174438545,-0.3958001088996214,9.082868322884774,10.080812740163,-4.2848196596804735
1.6660003578020683,4.441573305993787,7.8429883562975204,-1.7553253939526452,-1.0439128502463089,-1.3630563248422891,-0.6711730519639715,8.712635563593121,8.13987399998639,-7.228096171644931
2.676500827598176,6.519340868169862,6.305257708168236,-3.3226087095938004,0.6601671163768577,-0.766503136234445,-0.8232154393993782,8.351462427227373,5.193813109245598,-8.431745251788957
1.5365772563415012,8.118014700103876,4.558819816123443,-4.2998051303161935,2.073280577820239,-0.07717198937161615,-0.5363899694365326,8.45276651034062,2.0559766296809667,-8.507641277217964
-1.5400524295023028,8.333956011989615,3.110052542286091,-4.619906305201884,3.2054977129599065,0.8680833239928547,0.15501420641606797,8.73586497085831,-1.041661399446178,-7.711277235194334
-3.8392253288873435,7.075060647606115,2.575370687275838,-4.6323532234227365,3.842080642372067,2.35732333450876,1.077455523450874,8.419014671710181,-3.5936720959366597,-5.691404773245282
-5.576301805148803,5.658410732465801,3.3880287512993594,-4.0269887111616,3.9642903186319494,3.932830016801151,2.208507510442054,8.051546333870093,-5.01453461029242,-2.0077627184525486
-4.80020032216367,4.793228684125879,3.766237378055416,-3.6426561749703827,4.155025886200189,5.397531184332726,3.195935606842829,6.724107396008393,-5.357207124300966,1.773389438317096
-2.4064455101678544,4.9691807607061955,4.149461736455405,-2.9689311958507427,4.06283566168487,7.151890621412151,4.178163456048994,4.94982033828505,-4.773903700322168,4.528468584913315
0.47519731502770796,5.019554872018039,4.178921653812956,-2.4171027819203705,3.9423976533181437,8.511746913460724,4.2045595252309,2.625430021899693,-3.825538907390472,5.893519855589785
3.5447405646316237,5.26564770387354,3.214864914985778,-2.11403695939804,3.6096983667806737,9.889865785270743,3.1181386764035204,0.335506091576568,-3.077904577880845,5.976485007524466
5.995294651068099,4.64232131397177,1.8092030150580007,-1.7638030747833675,3.0287055070969817,10.431026174488608,2.028430566798038,-0.9504660346561103,-2.437409704837727,5.499925405249671
7.880904383037663,3.6962869728594203,0.6157092306146247,-1.2935195914721809,2.735622346983641,11.034583609098728,0.20152933272773005,-0.8924251331349867,-2.0432942879206943,4.72603192186948
8.781614082884479,2.0857619226778463,-0.026669190278162835,-0.7245369510315764,2.513296282699819,10.931970942007359,-1.0655064961154639,-0.28025091710848343,-1.6413914682895645,4.294875655507487
9.429535204801832,0.45066197855385587,-0.47195200334306053,-0.3053985111321938,2.5574426677857005,10.845123312247818,-1.6098215204688582,1.1706985038693658,-0.969307877956077,4.10966454545436
9.326154104047673,-1.2128496472993482,0.3860794018281841,0.07508241847980957,2.712292784024978,10.70805400294132,-1.5649968404806054,2.3617655332420524,0.11902523135512581,4.1049478972635445
9.14930841917414,-1.990709450636213,1.4448728933276125,0.8209051406708675,3.5152108695133824,10.307097377350862,-1.1491611665379644,3.1968251487521133,1.2825776007770913,4.699535761567193
7.908186206064302,-2.7179958716933545,2.56132627578514,1.9263205992455714,4.3952478382227955,10.085084809170947,-0.6272966672226967,3.932947539013418,2.965131986272511,5.221274217657588
6.175837605706083,-3.129815907631637,3.6922633330603505,3.4783234410053128,5.293826496893468,9.088483402398094,-0.4224607905863988,4.131629732669047,4.568069172810719,6.0962567990599155
3.7613329408747487,-3.177975539576802,4.113564160394131,5.656614957112284,6.702935416574485,7.7238458584524405,-0.4253992549902257,4.761254849740694,6.2388251458949116,6.518162579859436
1.0835853217395586,-2.6037925751007145,3.875821688059968,7.80100349362213,7.766049734128653,5.1058487469313905,-0.7141048194217873,5.155878786697846,7.947727444086272,5.767939132826718
-1.4104342978293933,-2.0037752170918597,2.96776665712844,9.622392513712079,7.801494571180811,1.805752532091052,-0.7232936537690832,4.925336318241831,9.475459928820356,3.7973774974596006
-1.75718933108514,-1.441444602287839,2.352143884285169,10.778652569043027,6.526700971377364,-1.545757838713956,-0.23500716844019398,5.26680666595758,10.216039242226401,0.8516416885575738
-0.7852606956839004,-1.2559969435040295,2.06206977820299,11.451513334408467,4.024668865879792,-3.9326716128454735,0.34825024026131557,5.421336561386561,10.143993788556337,-2.1138018098725677
1.269457465017562,-0.5707851971880219,2.114433604885769,11.760525282812115,0.667790800042734,-4.531529070779546,0.1126618379867353,5.810109644083264,9.001396833615374,-3.989316737416189
3.7129654634531564,0.7052800181835535,2.2680639609222717,11.460459997595834,-2.3560926107958435,-3.2584848019030903,-0.9032919756802978,5.9384116415036345,7.857261577362065,-4.648174280611627
4.955721760091702,2.799338843779946,3.2284977580226335,10.915180261970743,-4.301700253062906,-0.5416436804116228,-0.994091529017691,5.510721289273475,6.78620412894443,-4.598640187966557
6.017218280222343,5.360133294955471,4.5475827979782535,9.006685145662432,-5.149398198372742,2.3858206697477042,-0.19836979072883573,5.474887782572709,6.254054476724317,-3.890142787885922
5.947725409097127,8.029031071738707,5.197159790848444,6.2890184747927105,-4.886082972483718,4.3218955820026,2.46017278852054,5.790809006706502,5.198313016652712,-2.9028088516101542
5.4530555495501725,10.309119006483648,4.916197132854631,2.905447008802854,-4.3729427602201865,4.8426525280008805,5.144173771741232,5.999016673197825,3.509828485011009,-2.40889879672901
4.7844371317910355,11.824994843169096,3.124446247246841,0.17534426966821115,-3.5287990329292453,4.220879813613634,7.786438831937984,5.308402558849976,1.4964449161690134,-1.9867263589555817
4.277388634217914,12.617427820611706,0.7009784211653389,-0.7947770085211899,-2.6120746451885566,3.2245825231388245,9.191021843307636,4.2811388856009405,-0.5349421380899184,-1.4214375908402146
3.631466401315956,12.472155595113081,-1.5800296492623334,0.22075975513268586,-2.4340190822118792,2.149586403367263,9.82732778133685,2.9971443378803713,-1.7827998814085395,-0.7418001843922567
3.415430782275444,12.148500764829178,-2.303168678524431,2.1904727184475767,-1.488255065664807,1.7805749382284928,10.523048284882615,0.978426650716107,-2.292898128805368,-0.4145178537034701
3.6468445309434294,11.708481780985405,-2.173826940955493,4.184885097610077,-0.2732222297855217,1.8776597587060824,10.248186611468597,-0.4343736819790669,-1.702531945809476,-0.3974585274877483
3.7139387291813333,11.395100012191614,-0.813058683897951,5.0498587830871235,0.8471451808392526,2.4440384996803393,10.40799165170625,-1.5560852580241613,-0.5220563198902003,-0.11354422967592444
4.239764514573522,11.38381632554834,0.468519808156935,5.517077341853429,2.2502689568237724,3.0926953470114515,9.50586470423976,-2.3405601752755,0.7499209765458439,0.3723381606578409
4.954959135571163,11.423491174650175,1.5689072520419032,5.341503302698751,3.326360718500443,4.06843954789356,8.814171590032693,-2.6700031405512696,2.2875081312970265,1.4068130653623658
6.2052847280330585,10.977373396351869,1.7693090473906121,4.847722950249433,4.246184322593626,4.816623411217259,7.456764204144693,-2.6692264331585562,3.421589072269886,3.094547563659883
7.5386486264095565,10.124356101457284,1.2091830001994548,4.869904263046487,5.678362160657925,5.480145934005202,5.788412963859989,-2.498441291848718,4.110043154957181,5.302399642407526
9.076092215007964,7.792444918363815,0.03710802536561095,5.019471307614635,6.932301536671762,5.626338176704354,3.636440230902476,-2.038739177010809,4.202642338367483,7.427984009859287
9.808014431243096,3.4032269246921216,-0.6358359510165879,5.120949415277597,8.196758813361694,4.996877537843056,1.3718671108958413,-1.562903488160663,4.03747474065976,9.960600394529116
8.436826279959828,-1.227152430331426,-0.46814419390059286,5.350543250806832,9.800003203751643,3.2075476443512403,-0.23068909742189295,-1.1551544755354142,3.631285563736038,11.852390506082372
4.30500394683941,-4.988231264916272,0.18890631702637023,5.380674934972327,10.431616459192648,0.47361636819339625,-0.8539635137600388,-0.6124439905057627,3.2885443297096497,13.194613292617749
-1.0271140618428642,-5.194856249915199,-0.4460177887186376,5.677475967450168,10.152713592842716,-1.703441205272066,0.16307427563999474,-0.18119933967246205,3.413913513793901,13.24191088728972
-5.0727366604870685,-2.1381512561952176,-1.659803421385905,5.170120617538155,9.4155799324954,-3.3373311749072925,1.9173542250900646,0.7358963605502291,3.6248952265711707,12.553302360328809
-6.76300641732931,2.34180630444303,-0.886830670676281,4.723906671207696,9.005834688605072,-3.5144809564124166,3.660608735058451,2.0505522837129773,4.797713082023719,10.737541332605183
-6.271762880460321,5.577573094318135,1.948945420286946,5.184460747706309,8.115871473747069,-3.180192556615005,5.0163269215307125,4.439591249634637,5.625553154636127,8.217462227725232
-5.4498144977083385,6.674388503000752,6.06572864903495,5.542063087436316,6.153096974791973,-2.5233168972208797,5.420572495655278,6.8928001589888375,6.049587569868492,4.9690458503618835
-4.525480975055358,5.593120216424933,9.362452754802696,5.363040626005427,3.634491258721526,-2.1170686148799276,5.41793102147366,9.538470267942825,5.46613782647602,1.2671461633530525
-3.9384380542156996,3.6440022183047915,11.399830972773387,4.311319794562271,1.1412956934810334,-1.430963835056589,4.923280715362616,10.866781876905447,3.052506561849348,-1.3640121272748
-3.4295664562748382,1.3348997631685717,12.428363820530592,3.2343095292572537,-0.6043429110189744,-0.9647189949754124,4.5148248468127345,11.329561916521584,-0.12915536643844738,-1.8487127505465402
-2.7778316900402005,-0.29112295973447333,12.444985331185968,2.160157419009534,-2.1115295796913527,-0.36132973420570036,4.285618630431049,11.274953521082166,-2.6013103979580854,-0.25413203554791003
-2.082832162187812,-1.227402227330345,12.212016263740448,1.8053966439873044,-2.6494111008028285,-0.34367469750179225,4.137695151310557,10.677945254843484,-3.6136469361462247,2.4210667368422696
-1.223495204722277,-1.3794488882390452,11.797628985501003,1.2979663976654379,-2.9604090153501073,-0.34517378740854326,4.305331236489816,9.86798507341498,-3.5985790379069638,4.908677845853724
-0.19343070805872836,-0.6858074461720017,11.609305145372709,0.6726901764733414,-2.852054251350858,-0.19970036716004028,4.434145310302053,9.221284308667538,-2.2038015212039155,6.5172742932333545
0.5345125730213188,-0.3097350117343249,11.651212471008785,-0.15893963954847878,-2.4954486474518762,-0.36730509171272113,4.6624749672836465,8.970639229720899,-0.4189776538915547,7.263739319808607
1.0238684404436094,0.4474822950886318,11.547027244037407,-0.8363919704727321,-1.5170985054432422,-0.38072086975736896,4.682099631476559,9.091367481342466,1.2187376102316723,7.280925852588064
1.074264906919731,1.0203613868735237,11.26619897751411,-1.244981311711325,-0.32524169808778064,0.098094403136366,4.889936197573735,9.653947705541986,2.5509343994290927,6.409093682042796
1.0670023833210316,1.9778230381827373,11.029890876046013,-1.3185469771296536,0.8635793057035784,0.5365281716886493,5.472794141769659,10.577056683267244,3.4664046717812,5.48690860791068
1.2002039358380843,2.381518054939134,10.892099923458131,-1.2043167776317598,1.7749496180528128,1.410653355352104,5.993050672477473,11.046662464345633,3.3243423799639205,4.064276187737887
1.5479669340857671,3.5458408461247135,10.513365554670782,-0.9261813971288961,2.595377452928312,2.704778495769377,6.998315993984876,11.218956376499778,1.8829124094663037,3.0122952884843204
2.719617776431101,4.2997440411620955,9.93646880184655,-0.8489841460864312,3.428155089744155,4.195598094371444,8.513648785171421,10.121165939369652,-0.25963307867249685,3.1739005811776293
3.9958300746639677,5.410597424657578,8.692360614411301,-0.8786687620264979,3.7533327323713332,6.389518199845308,9.975615064787137,6.859069739437055,-2.3122803421721008,3.8259035763020575
6.012632732809494,6.686128628703634,7.015770314732158,-1.4270894279321449,4.101334120105924,8.772944171187188,9.916443901374912,1.7092628855513607,-3.070342404799056,4.149117519550687
7.920702207721636,7.786723543255959,4.1649597585749305,-1.4961542494845337,4.334940447416395,11.050617281790602,7.61796884156922,-3.571347780384231,-2.220009505246803,3.1484904623808614
9.608583451630434,7.58835143222341,0.518422006679209,-1.6330061866338204,3.7018308981700514,12.288621700798176,2.4478363877242013,-6.182097598000088,-1.2186731468639391,2.467702955565548
10.18537939889904,5.957227980944677,-2.4983564542455072,-0.7147181634063589,3.3178606297657507,12.241428610841279,-2.8387552969280354,-5.0692264080235185,-1.3992497237947459,2.0103971610481493
10.635778337784371,3.5539895849817933,-4.740320726577872,-0.22973480913052702,3.450322555307207,11.482893811992318,-6.0892365063595655,-1.3845258880179794,-1.7626946037377025,1.3599028058226144
10.958451992468035,0.5936745158377797,-4.831059915271074,0.32732449769129707,3.807040419812266,10.248425739148123,-6.703346936490009,3.2371004971221744,-0.6180703043655904,1.2165586447591044
10.82996620251243,-2.075196618534623,-3.684761326971785,-0.5085324920123013,4.183928626304322,9.023421048109448,-5.3610634336081535,6.428088553979678,1.3386713194865405,1.6740654504918029
10.2599584290646,-3.8648058453512255,-1.3811149597762327,-0.8326216142100976,4.009025277028132,8.590429599732486,-3.262533348061051,8.072299633274,4.286963870687597,2.2398972975803484
8.783799785817513,-4.499955930191111,1.3920253890629088,-0.27076498126772447,4.133613249147183,7.926155165024789,-0.9424994990033141,8.398165294463336,6.3357534395601585,3.203312584305258
7.016423081676294,-4.0712210605218315,3.2541121708174177,1.2244425504601433,4.47221804157927,8.191337472592215,1.2053836281308228,8.376294175732871,7.8593493373188865,3.1403009579964385
5.355981265529436,-3.184705960259088,4.130875941396698,3.3714577674590376,5.1614422273408795,8.052100007430784,3.1382341702333845,8.538689500331243,8.449568001010752,2.810917365312866
4.392363556896374,-1.9776505071424246,4.746830226940386,5.4320850126513704,6.118972537247036,8.124801319911251,4.427451569484911,8.62890329487108,7.616443791518516,1.6393176868278907
4.031666651305413,-0.735484223813826,4.912809705954156,7.58424591769812,7.505003901971858,7.701647778476413,5.486115196734133,8.44255101462449,6.389035428359512,0.6284158894644095
4.599202752167248,0.8402525185543964,5.191814693116138,9.526695120756417,8.494818120695008,6.573758043946632,5.863835904915484,7.760923370275302,4.2124745142150335,-0.03264030324150066
4.9178403171109535,2.477930431775212,6.126283153020662,11.484309060964932,8.53308903927529,4.598081240113593,5.5063402493420845,7.425847316280722,2.33831328574096,-0.09157320436688322
4.800153870042626,4.429249351585733,7.258341657294367,12.796526104300609,7.008561565071236,2.5693672519315878,5.607990831395912,7.1429784163131655,0.9102603224364579,0.14055960574626547
5.244236017766224,6.492682278550182,9.41192401690963,12.535923576845594,3.003646015326158,0.9811883616486764,5.983450200889437,6.636748562491541,-0.64765508167721,0.6432014354456724
5.9457707079435,9.363007999012638,11.48849747847291,8.408758878538793,-1.648973581387912,1.2030507903167946,6.466666549686836,6.353547733397597,-1.7773197502921012,1.1067519946434354
7.174202397147168,12.686986431222614,10.507829291804608,0.877454137297472,-3.4016336934514277,1.2903894657448827,7.452426296062313,5.078485777323138,-2.74039199619806,1.4987897535735233
8.502985533535021,14.68200314501806,3.433782450288769,-4.371615509407901,-2.1067486501366814,0.4895556035323499,7.729894277877663,3.897444047225425,-3.624182711086295,1.463833826804746
9.552962680885116,13.144066584129604,-5.717396628399749,-2.754105364951238,-1.7586062380444893,-0.33187131444996293,7.736037691696296,2.88977435659666,-3.8641832524099664,0.7133099732668413
9.946653703457043,8.898835179841269,-10.547677954324433,2.9267698476075417,-1.0960924219760282,-0.6048291021641372,7.861018132690856,1.8392532967960473,-4.004522225951364,-0.25542176647661197
9.347587842894482,4.152595107914914,-10.774763278522927,6.6415749998886255,2.0780385838648097,-0.026153370494941652,7.87439365706453,0.8320454240538425,-3.958353967018725,-1.508128572057595
9.125715427403874,0.4392084774838266,-10.126839704814671,5.728150000523537,6.008518826107332,0.9200299439207452,8.050132390155087,-0.4942820769876475,-3.4416548215032905,-2.3115822268675794
8.90489611841274,-2.32490701147811,-9.065716496763244,2.05403546910403,8.3151796060714,2.732098487184025,7.461647604903238,-1.739659963761005,-2.052373604973656,-3.156961363811014
9.287603707069488,-3.5765363889374924,-6.912821196313531,-1.9460048085006059,8.345870149512734,5.717009481153776,5.325911274156775,-2.748044844904642,-0.43617340073860505,-3.225229144081957
9.892986347189435,-3.9996912729011127,-3.443697899375001,-4.119178006753641,6.519604106147688,8.464728444831449,1.827297347938664,-3.426256083398581,0.9330966541583926,-2.4317002756901607
10.240808982565696,-3.4541357956026775,-0.32427244596792987,-4.524750075799479,4.222271192022567,9.90034218438883,-1.5012250138222865,-2.6951012203382105,1.5379258675122514,-0.9442048099063561
10.328677715877134,-2.0045880097334168,2.0817241807532687,-3.4148367451678703,2.7580027757989654,9.921009229667233,-3.7000626006228785,-0.92250523323479,2.0571322081315913,0.7806084224170031
9.913080078999739,-0.8886342186669252,3.4094868377915577,-2.3972607919707274,2.136151088803281,9.719588731541752,-3.944676579132082,1.147580546510154,2.2178321810131996,2.037595713542263
9.569902569521833,0.24603927959223906,4.07817006903239,-1.0154748375709035,2.0236162177724446,9.669688399489766,-3.3315523354016094,2.935337574355099,3.3723516180756365,3.36555310039231
8.768228778124199,0.4768701721731198,4.08603591772099,-0.34580942857031594,2.3877127177862665,9.37541660858518,-2.0855377402729878,3.8507285568891256,4.8591664135674995,5.09342367224162
7.315103263095386,0.09277079899401158,4.044229401350694,0.6175828513389556,2.7201041188422734,9.221409492835518,-0.8133415573576883,4.538362192295994,6.6250396003189005,6.375076722335388
5.0650514066489905,0.08897776879155149,4.536654798536799,1.817864225729862,3.3192106915973163,9.041241637958214,0.5068380928542804,4.887210282068759,8.466483209885618,7.0389199248077325
2.4091039746040264,0.0935375194294305,4.704959353089475,2.805733066440122,4.067601789018276,9.088114755604577,1.4134620987419606,5.103469121258398,9.836251731598496,6.6182133285833435
-0.28553498413422673,0.4933861833946805,5.0878420678035,4.1076897302586595,5.057143674740726,8.647178511468226,2.302666988798235,5.432003184527591,10.845934340578616,4.601837496183685
-1.0409072176567993,0.9451292412290728,5.501679246802241,5.889529322495371,6.0397051023454775,8.079592085871294,2.7732419080727855,5.882126563008563,11.011409145275692,1.2393532684501518
-0.47870958671394925,1.088306397491263,6.201569904907093,7.529507220793026,6.937666403476537,6.894761056871814,3.05851586746323,6.615330148790979,10.02055679790677,-1.950635676330287
0.9777325222196805,1.5765919508836932,6.684615687844326,9.351127296945641,6.833471387955821,5.365657429914606,3.1644297781273076,7.204512339677096,7.603144707546484,-4.218950229919512
2.4022495241750534,3.300453815904113,8.163898033387362,10.721459093109331,5.540836764854906,3.5514766897784114,3.833404599167164,7.602102494847265,4.968763482644239,-5.174556139117573
2.4963008006635747,5.2598872784302815,9.623428560198462,10.74989808614772,2.7189482775647935,2.27135900081465,4.55023134308835,7.710112225884244,1.5123974985984205,-5.147769656642776
1.335022575211796,7.024533033494934,12.096903615207493,7.704951370365227,-0.9368255948530405,2.61281572136169,5.580550054661947,7.309090636500462,-1.7583816194576696,-4.442635361453418
-0.05371269253357226,7.769564098886437,13.512362317906415,1.7003688744845071,-2.77739246229957,2.793421239725346,7.09298111740698,5.748371248526973,-4.2828232310730705,-2.807251880653589
-0.7027983101335348,7.43761434150858,13.043746382610129,-4.315965806508291,-1.3147222078070808,1.8426717475625272,7.952620789407619,3.16105938543874,-5.696333816546121,-0.9065511793527248
-0.2004097410053927,7.343599265624123,10.754050876897368,-7.923080663881756,2.1858347548675088,2.8096900235369127,8.067373454072268,0.3514514308675581,-5.76369234749473,0.3406267366026997
0.3697732059309672,7.399216966896946,7.798150089892641,-8.635882272788049,4.575914532544405,6.132863558878763,7.018732835193987,-2.8263380187523275,-4.358249803260823,0.43578809481997327
0.8755615756313335,7.738194719289359,4.170489270645096,-8.59745488339539,4.056108428472384,9.395695811787618,3.752876999877375,-5.236310053873442,-2.7574887406585615,0.15748802351822389
1.3799508588307612,7.977379389239458,1.2365202538571503,-8.037175456260588,1.292473913795716,10.916574451978391,-0.06951045125922267,-5.676335291927803,-1.5357829302095578,-0.06800928493498554
