T0,T1,T2,T3,T4,T5,T6,T7,T8,T9
19.295932869073148,-16.009592900155248,-17.71114195289216,-11.999552486052536,6.845435117540089,26.13574230328092,3.7772881152339925,19.079773260976623,10.490765552873015,6.738835659100006
9.7438416130637,-20.509591513244928,14.203440115993562,-12.145647434367422,-9.856667927164107,18.884219209633653,28.47119694476823,8.420364129231096,6.754226889460425,8.049188072851914
1.2663264508700924,-14.57867232434825,25.50983231251553,0.505768098982835,-5.37512697926798,4.912836409376157,35.45970038295691,0.9686145256483045,4.849634912520696,10.218997417209422
-5.846287513387974,-13.08604550797793,20.60815738484576,10.402778748105796,-10.193505876028992,-3.137547108333312,36.00813326958801,7.845467269981918,1.7344488197902628,10.48509722873926
-8.939885178408382,-11.73883161944839,9.788791492071354,10.292617404743153,-21.189057856886414,-15.798239717378152,21.498789001999878,18.596666199596584,-7.798247662717173,16.125602743557987
-12.739641295761123,-2.4136551142366307,4.555797405672793,6.708028539378785,-26.995151431273015,-6.902354592739104,-9.989454389919263,20.912632623328292,11.770499123358395,18.48494152092112
-12.395717570168651,-1.7057638438512035,6.389566372340545,1.442637815780897,-24.410074093453485,10.936174220421515,0.2402943293089131,14.537018041785625,23.675171699458307,-12.952047108618956
6.363852054597523,-0.3360797442785537,7.762166664243994,-3.350556668299081,-21.06098219133744,0.31189120927203184,16.602292221168987,17.802464497766262,-1.158361337888001,-23.62935282558203
-6.3398204997269945,3.567143412215847,8.478078351421416,-9.210029241939766,-12.686819098083742,-13.955501382287737,5.166942967641266,14.806536214800015,-23.939327622440267,-8.056042524221994
1.702296056203757,3.639893186209722,8.957177843673367,-10.341571002933367,2.011929431604291,-14.242605720951405,-8.069207383881489,16.435637425002202,-14.563588983914833,15.686897774770813
8.104451110392942,1.947290142179372,8.112955803858307,-6.030361309084477,13.119932498851501,-12.532901486876748,-10.429206307818818,11.91522781588376,9.309982650081404,19.002256326145705
-3.1041749121478674,2.079460858671705,9.260975223449613,2.1361436522400568,16.30344232091499,-14.115764905734427,-2.691812211347787,3.3150057669669906,19.949581592894802,16.86952297341357
-11.202435665453084,3.8490958082222826,13.257249114364871,9.469125724753765,10.006092415436283,-13.811296101398515,5.6337545413393,9.352080929533534,22.752870020417014,4.139188565346155
-1.861495480294946,-2.1901752264713594,15.401262069001197,12.71829841728817,-4.267449914431,-11.799881733466563,0.3524714778261383,17.791892537570558,15.132717532465009,-16.392442638687676
7.140660085323241,7.276404075231234,16.289192673040738,5.231735803751595,-13.942395184734915,-1.7165006312192415,-7.286131046335828,15.98545259390551,4.0640162263226225,-19.65600651253596
-2.3272482013812397,14.623033397769568,13.200959554747705,-11.562312534001903,-9.488684058802441,2.253321809991948,-3.148074804179517,17.4273474491942,-4.522851177820532,-16.41995209387895
-10.625446265899352,8.447979971426138,9.554574766396838,-18.003882120786063,0.49453400805199377,0.7817102714704193,0.3204643495254683,19.068813769460032,-10.534242275091596,-2.772866704796284
-4.394145096073829,8.158331616338483,7.61765275503665,-16.489081412946167,6.904026967622851,7.130570796521999,4.542942953066134,18.788333527755483,-5.247753712114496,10.843748257939028
4.622957227884349,9.141646173024226,2.240603594194922,-14.482962969012766,3.758335298202714,15.540597022743173,12.362571894339855,14.200824278883081,0.84335537987688,14.063072538950118
10.295031323068079,4.841282249711393,-3.488225488987956,-11.140462506077146,-5.727518259351983,15.328244581724102,21.672995081720362,2.9675293071003668,2.2117821199638366,15.319181176126138
9.606826108756195,-3.8734416865802213,-2.0287071715633753,-7.213055540288706,-9.261215644856257,2.9347052448373976,26.09935537260909,-2.7717859704436854,4.410530505152391,18.554342037997863
-0.08243201632782736,-6.324811143265094,3.2298460912117135,-4.943175150214722,-6.219054698338437,-7.764349579997438,24.61089146764646,9.996631005149155,5.529752861247024,19.83407510529988
-6.554878492228826,-1.6675336172342528,5.212571539847211,-2.3989449158955276,-1.0914839680812625,-9.931877981316136,15.111271208629876,26.344258519936588,5.444962017919356,15.03221867010757
-7.258234662329272,1.7000259579955246,7.023721980459729,-0.42310794328636536,1.895724682465903,-7.058110601399653,3.285669400506749,33.61266248530982,8.678238197472023,3.371421335071053
-4.15959339008525,0.12331489008321439,9.031193013381861,2.2713982948275278,3.210385947726149,-5.212195130318322,-4.157743429086994,33.57109155019801,4.547973049823316,-9.438650917480485
-0.8085103909371238,-0.050763172620982205,10.348002917774457,5.517260309642217,2.2986234949278943,-4.514763720690406,-9.092449996867986,31.674325746968748,0.4356434445462993,-10.509269090824624
1.677977190428769,2.3558574164801342,12.40107813528191,6.998178626883334,-0.7440729952320312,-3.0550618991847367,-12.54107400419393,28.981872235157223,3.831046959681122,-10.614663026843068
3.6663906257195635,7.935981161772722,14.407800265454949,4.101548731811442,-3.0719271071599983,0.8396935830334573,-11.63607513760102,25.268566663053235,6.120404555409129,-14.321242541044013
-0.10960432493448674,13.213807257822918,14.214604851642063,-3.7416770726031405,-1.1484196398541733,3.963950571452994,-5.600936619435288,25.525228109807767,-0.5759365179012597,-15.723376605979007
-7.577417620211169,9.331438918536913,14.028059408659555,-8.804153227975181,3.7031888788448035,6.3395351038924534,2.667810391175307,26.470047831668033,-10.748032226785261,-3.499119748662487
0.742919376351092,8.273321403451211,13.739251216194393,-8.065602284404564,7.517858805286784,12.889773409335696,12.231506901079563,19.4593858263254,-9.947374259339862,14.324223377892178
16.053373001499047,7.354640213315263,8.62607400775063,-6.041890423788684,7.079735976481514,22.62744513309232,15.59665060738137,0.9727722875747501,-6.29730301833024,16.919483637842333
24.107165541579135,1.2347766256099204,5.148372794956316,-3.4285339151922005,4.085115121631052,27.596657017181702,0.5030401657432136,-11.335318263806036,-6.276778886300153,10.034879737936718
26.708230682551147,3.972721837284551,4.841624635147087,-0.8758237885771324,3.8409810046204447,27.497752109852584,-10.234106182972539,2.7949663319829847,-7.104081546145897,0.10344703156755439
26.610386192826187,9.690251551414196,-3.3493896368434526,1.2445835718826064,5.784921585162293,26.620328194690163,-0.3534990023745138,14.609543289580738,-3.0885471086060368,-2.0643823122087888
25.648035017227578,4.614899119477069,-10.036716635243558,2.6497501158720063,11.424070510137154,28.580982998828706,7.267812995460461,8.392734525282034,-5.391782576917214,-3.0040866025265833
25.2111879344052,-0.9749579729895871,-9.150229829448273,-1.544602555716555,14.155940276516304,30.258115552705007,-3.407941893884726,5.149656508286694,-4.788953967802517,-5.991554151606571
24.599144516812736,0.2582175761062185,-5.7222508394469065,-4.260056788204605,9.388507237170382,29.639670242013484,-3.1770778789869873,15.738859497044341,-3.285446155130104,-6.727042599280429
23.2215015837189,3.4270049279673622,-5.969850106601208,-3.379624030008878,3.7909036282088118,32.181006314537704,11.299212141989445,9.079797813801175,-8.536863701487182,-6.9762899435958
17.626868212389148,7.631217429973087,-9.501139915994953,-0.013040959427378459,1.8128789306845636,34.08239081768548,4.782971993174821,-11.285840503161367,-3.4516498030280434,-13.403978325948401
13.212673519883221,10.099612964348937,-12.761939437948726,4.6183031737449385,9.126493607992302,31.795493319444333,-14.553576309462981,-0.009212981919172082,2.3932742321027742,-10.452121809896287
12.258166194190398,9.021591603644085,-14.03802157195594,2.8430820574715465,19.020218362098355,16.88434082627445,-16.91460401669164,18.62275204206145,8.69478890166405,-8.118426041642353
16.279952124157212,6.006552900593597,-16.52877713850795,-4.365440189547992,19.706584272797116,3.088695480975359,-14.730426224324193,16.81207342094932,16.855112315351956,-9.087934887076328
21.33489622153133,-3.8600074921273557,-16.275946393469546,-14.67640907718783,12.321817202483695,1.3785927943932237,-12.19408097459224,5.98016250584347,22.243164723143526,0.9894494388481508
2.4104800980075454,-15.006791006967312,3.42429411684128,-17.98430081652403,4.735496629737833,5.345114673472337,-10.534349056045935,-3.366712050243082,23.232350924799295,18.876177285946063
-23.77490079483398,-6.082142747641866,6.898772448339893,-9.379303714524799,6.43741485101496,7.7049786739675605,-12.249249721699446,-8.085047279299959,15.23248222689223,14.562964819870997
-27.107388527290016,0.5874347321991891,6.783915057975414,-3.94332100907273,7.792570601765963,6.5552846243254015,-15.436478462955671,-7.993640968819392,6.341217487370878,6.510004642330329
-24.889163044209297,-1.1120625504970751,8.592257384366647,1.5445085191874446,9.57140585294743,1.8541214044441636,-15.879691896228612,-4.867978576908726,1.2971304748873114,4.880952659350524
-22.246394698734594,-2.1676136710696463,7.186526845254811,7.801937331012315,8.599603945394737,-5.155355117082674,-12.218221327586582,-3.81911204830411,-0.8470452715843966,6.287024401768337
-19.13133799338457,0.2594333605973906,7.31660651310611,11.932042783569274,3.198898649394306,-8.863198707531748,-5.900361889948248,-4.483528643903059,-2.240642210947132,9.083333022958008
-13.561264174289052,3.616227849860453,11.908315546455423,11.491458121216276,-5.3032535418163524,-5.542151212314943,-2.5187384757003013,-3.297623666464604,-2.7537131682381553,12.100715227215908
-6.431036873985957,4.81624635056847,16.808428548481306,3.7779495700867165,-9.858461974231757,0.6954211381768929,-0.8251779534441137,-1.204939843249716,-2.5815426321374066,14.446103135725128
1.1514436143427302,6.125555988698817,18.18806361476527,-6.753753816855268,-6.099960242388143,1.9172437006931407,1.765749445631755,0.8815461352574497,-0.3784377993257818,16.155389830924
8.115710906136341,7.795182378150956,14.047755183519453,-11.767065745913563,3.2786209477005004,3.1245967043912044,3.8387017020260923,2.7368215815257164,2.589803777998271,17.38613870539438
11.659017377001488,5.089447557669426,8.08050039976115,-9.659251197255344,7.624490580440898,9.420153890658195,4.75274553479238,4.147452419397218,6.797980946423035,20.117053848387634
5.20569871358132,0.07531360094259408,7.506186397510817,-5.531036927600932,7.11271595087457,15.26859474512451,4.7489732807390554,5.200285556774862,12.27904480890989,23.06799586897846
-8.56175541302112,2.843268790365136,9.132397544506485,-0.7144883877996183,7.380892211336427,19.548425800348987,5.360601473288602,6.337119137483693,18.376427362663687,17.96472323328905
-13.547341212663143,3.30238469314672,13.264196188226633,3.4177333424187797,9.372588183970242,22.141528509065658,5.655066814213183,7.8087540634229855,20.594728502159395,0.05370190243930244
-2.402165660030886,-4.461215982179281,13.776475490458816,14.030270066837307,14.206563949385409,21.251781802597105,3.7627191310042307,8.490082124085374,16.324430397166058,-14.403841291111512
10.450159265145826,4.838068437482033,14.146077616040259,27.006381548618833,16.468081504590778,6.254751705355166,-0.0018234836355448675,9.763915603593764,10.181051649538103,-14.424141801643206
8.1632012683008,22.59574330373817,25.72119791877457,18.165160693170495,-6.5365953602095175,-0.5216270993299031,1.2199767204445113,11.290734145537515,4.464639694844511,-11.765144153180305
-4.141883142850502,27.612867126105083,17.03772633627173,-23.23283875452181,-0.6696073834367631,-0.09751724247390209,3.959723240324739,12.896509840232026,-1.9173161812516193,-9.425348632553726
-11.271485601508957,24.60009502591873,-4.7560543725605475,-25.97016504754917,2.209635541285077,8.867167942916499,7.18130683765254,11.952760792229574,-7.173081154075923,-2.1072077144711643
-3.5794007769714207,30.493984047561238,-13.822238159171867,-4.575554878960611,-11.032134719497924,3.270631401629371,13.793667631948184,5.42409882971066,-8.05276740173187,6.406140313413126
12.873345241753142,27.40757985460622,-5.923861629311584,17.279288149690537,-4.499409767590085,1.5950807688218618,15.866999247559471,0.507218000898623,-6.9282251659221865,7.78303669863083
22.652300725858147,20.270208259665853,-1.2224160956056762,22.16471015791044,3.453310891630302,3.5080037154988424,16.80667694418069,-4.246348115390003,-3.2266040463226777,4.1653652084226955
26.80867541863432,15.30210072777718,-0.9418655615055676,23.538496502909926,10.05749909076692,3.2275938817183727,15.679945325986406,-5.637695145584998,1.9888888955261208,5.0690034903669465
29.629051982135387,2.8275776448247676,-1.3118903468378262,24.266969421989742,14.717400118441452,-0.3455610585197113,15.750680164331351,-1.411955311936341,5.3010715059502695,12.830227219885964
17.863188102737027,-16.873734512856668,0.34769754724553137,24.872215425477197,13.53428031388274,-3.6801352870152977,18.227281327019877,7.594712133238911,7.193404139334319,20.838080228750364
-10.132713493249343,-17.42651384173465,-16.476468580071067,14.568427497623944,16.311249802279715,-3.827157843424975,18.998090302918722,21.13713444758968,9.894653611638583,16.879304973147217
-14.704864234025099,6.899707127940067,-19.580961481636223,-7.310824597016506,17.49861166216593,15.066749396565923,21.211778633444098,23.908912286793186,-0.5585657016965999,6.902458856420096
-1.8371687637551588,20.612438097768358,-14.7621143849324,-1.6688390491083045,5.561652433364957,31.822219860948803,18.982099549548266,-8.362299681550024,-5.270228053170141,11.968006193369625
12.810715930026305,14.578983914218243,-14.257824304920735,7.047256592793223,15.846704876061336,28.857225658534126,-17.595968474710848,-8.776851995269794,-9.768844079172155,7.433737716106093
17.562937925563556,-0.29099155701836543,-14.917668611518653,-1.8485019281713568,23.945745043184647,-1.2239244325391203,-26.801352841967088,16.1691339647061,6.237853284280462,5.622001365685023
8.324097976926074,-12.359931908758947,-3.453295153243238,-15.170645312023325,26.04181485165907,-13.237044692796351,-12.731189863848588,-7.175037267677618,15.609250030959545,14.604864151812372
-10.45475149311322,-8.66216349454138,5.571367257714703,-7.32029759763744,32.13616785744041,3.239487368783173,0.20580353139097896,-9.006686471713223,6.483947547171814,20.689525118330085
-12.981601451099179,3.8918750747743363,6.4953206368356735,4.118683809224461,32.45360337765767,0.9112163546259933,-6.89954004681273,-5.916704753630119,-1.145272844070342,21.329091396232258
1.7070756074456377,9.939118215374851,14.464395974979393,16.24200888905186,22.816694737092742,-14.187681855674855,7.221199011224677,-3.3570466990994077,-4.918617008245776,22.106563499540442
18.03963889312516,9.567929483784924,19.299946605967058,15.865629764878408,-5.088050501046482,-14.549876351961448,14.728842864761445,5.9727961956440065,-2.5680681458430357,21.269063887882318
27.241026000818735,5.6295029313861455,13.670568777638485,-0.41486366790183915,-14.75655161824315,-12.677855036790072,1.1090845435174457,13.228528146937915,6.6967887171818345,22.752046955303427
5.244463791354713,-4.919068638265455,14.972289601269846,-5.500977761951387,-7.187849105887523,-9.5317884024613,-9.868688953141532,6.775953550111148,25.59636614115283,29.22002280950652
-26.980628946452445,-0.09411033046545335,15.869546563012584,-3.6581075466451094,0.3988278948714222,-6.13308316611863,-8.18877195967025,-8.652142972250042,25.129018888715397,13.288431422769474
-27.942896327283663,-13.232510742649719,8.95650631720434,3.4227696449205856,3.4192438345211693,-4.448672281824498,-2.163247557208449,-13.482131404900697,21.2360967097132,-4.2920027687498346
-7.259614034423812,-18.283613959200146,-9.489196760875148,3.29674567030682,4.444365481088221,-3.216864665797561,2.8923148110759955,-9.85355518127516,27.328796132447067,-9.334050216216001
3.8479337302342365,-16.080986197664263,-5.823634859180797,-4.795707455109949,5.852833629671358,0.49040040619387343,5.694338469055051,-0.2840698554760875,30.61702750200949,1.6245370090918951
0.9808482006851191,-13.692442731082343,1.5631514885553885,-4.383921582537755,6.183737973235537,5.816583963192466,7.497775513131106,10.246280193457375,29.639955889330754,-1.3561003619696033
13.705650023420038,-6.594885015292982,7.607110138052227,1.4145807672138864,7.478125580202505,11.123675304867982,12.592570312486759,19.170009597068855,17.684939605989417,-9.83530495949099
17.110373310799876,10.796194037331393,8.213072415436304,6.4202824937775755,10.388264594156922,18.237577049178036,20.309381498316647,12.194012322738573,-4.413621101685477,-8.465757471466697
7.416202433996877,21.898938049316843,5.074309188843746,6.934241519791877,17.32351806947079,24.991553125111867,6.063412584164748,-8.389332793057642,-3.6590063902142695,-10.139090445659154
-2.509126542106523,24.462436007123486,12.880290658990607,7.474601901640684,22.42429485858957,9.70286975138283,-18.073766880827804,0.38008910948509156,-0.16625492708656217,-8.562512703184405
-7.981802249637377,17.260631894084305,28.07254972027193,6.922677570694885,14.87607898241036,-12.907753696122182,-12.98832183130938,-0.9412202000915911,2.3180138629890035,-6.46586158917237
-7.610003645517112,2.951808192590766,35.73371479465864,5.396119671183371,1.4239620550420957,-16.052661505998188,-1.5548719272533413,-4.889099994405632,4.369169742426438,-5.06316642010236
-3.7064546456247185,-6.46139563080759,34.7174721753432,4.281308779426808,-9.021369421604795,-12.380422646517962,0.3823380370055122,-2.517177990502404,6.685568862541482,-3.1815611041197713
0.12313192976012677,-7.217009261766256,33.66796663133787,-0.295439505355839,-11.769431302328274,-7.99345921264044,-2.534273739102442,-1.2208212377637933,8.346523771102282,-1.152142628408449
1.679681691886337,-2.875231737336729,34.79024742707056,-3.7045538662599165,-4.170459082067471,-5.494445411841701,-2.7535748796322683,-1.3529281932946893,10.050138181015683,2.034475120637912
1.9223490113796147,2.04396881189201,35.088272805900345,-0.8381750250580915,3.0778719211541135,-3.1691877077380823,-0.39762715409989025,-0.40988075331196905,11.056595289370632,5.17078988315906
1.2763904289406838,5.994547864357882,35.146371257706896,0.8257302586484152,4.419309833862021,-0.8613342950132848,1.9398245992474872,2.118524110537109,12.560698849824652,7.558649338131215
0.6234043302553434,9.027144333942275,34.855024727709164,-1.4445543529452807,6.642336788644184,2.0173074217923603,3.9583136660104294,5.634874430532115,14.866054295523144,7.3266979761022935
1.2262033014819398,11.710623779149097,33.583683874062274,-1.9714378235114387,11.060020517051722,6.588546216263158,5.343285456725908,9.968909796742933,16.411534583077067,3.484484901595965
2.8294744405111296,16.479763479776157,31.691165576294477,-1.5504299119447873,14.185890506793468,12.915566262632645,6.663281752321262,13.147955106122556,14.144070520001089,-2.3566465521791122
2.8898786886259424,22.619292747900115,26.11082933570089,-5.070831690769992,17.08226809095328,21.511508217940367,6.268276818730372,12.690250634676097,8.491910219766503,-5.874725932006743
-1.255625745486324,25.169140426720773,16.51610443160069,-10.182623030639231,15.540760050985496,31.894159879901615,0.367690435788666,10.70169434081846,4.258413990017417,-6.63521910649321
-6.1354174806991635,22.701340525226936,6.556503414948235,-15.332257521827286,1.372519209328153,38.190561562886444,5.934219681615476,10.583643951431187,1.819968456522294,-6.6361959040801475
-9.526094263948774,20.37505525542174,-0.5662861110587343,-16.45070620087131,-20.799712523709296,19.07782569774323,25.044301955560066,-11.368334063687808,4.88244168452412,-4.7855490364455155
-8.487353498940623,20.35794174797194,-2.390003281914328,-9.486520408098052,-18.28162946044761,-21.37504508263864,19.857555932429054,10.38164418768784,15.34320339898059,-5.727780091872381
-11.930156683920682,16.00854396303992,2.0742361367287883,-5.877510240221084,-6.915018868992272,-24.985047212859577,-17.388477089339066,13.666363475903394,6.418642448290061,-15.18876361348312
-11.423631647708726,3.548030520981028,7.042875988765528,-6.046976319035768,3.2353860619447206,-20.615457834595947,-15.797238496744294,-14.425804641339765,8.146730702364547,-16.605687655292275
-2.0176047305827174,-1.8444741427639952,8.74272435958776,-0.6928181905244264,10.136906272047595,-16.604880056842827,10.782554283851205,-14.595884640127613,18.795413036369855,-6.765428668813866
3.216531011734384,0.7354548533802299,10.113695547328707,6.5581989376789895,8.557831121055003,-6.861885283984964,19.19405848636358,15.120405774228951,19.210849412207416,-3.3877615909387826
5.351527416812553,7.104284413021792,12.26795270259852,9.44761501818295,4.041651460625377,-1.5057457445195606,17.382397566757348,25.74841533741124,-8.318253979594134,-6.1218490075742675
9.74342445428389,12.167824640526977,14.661187625821231,5.449675555630601,0.45681238402801133,1.3297676880923626,18.248149779008724,11.286665625706286,-22.82685415304618,6.965677726334988
15.280210636869386,20.11490603602227,5.796457881424258,-0.9512555138296447,1.099230851709414,3.6236835940851395,19.157489456720935,-10.246683990517989,-18.258134003490355,-6.6085419245192965
-0.6334760335818884,25.387284547142837,-0.8112441063345084,0.8215482765284298,2.88089198337772,7.25860574642593,15.361258266507068,-17.918966778943823,7.8859767757222095,-12.126243820984973
-1.8674323521157197,25.39843045269701,5.046564168292376,0.2478766249540925,5.203899314902582,10.924208985710663,8.43234766996728,-10.657648980276454,22.67859374880111,0.34154735715173656
0.6110912725604558,25.824904316182085,5.764105025659174,-3.7162051756247223,6.2549821753518495,14.216465658562644,1.705923728930105,-5.258845968907141,23.937369856687166,10.314757947271252
4.9958743614291485,24.621169693925843,-1.0743587139856945,-4.073193462409143,5.364068912571066,16.291424965884495,-4.360872193906247,-3.631305712079651,21.124327768663985,19.53213310437377
7.955280619128461,15.009719116060069,-7.529814776182392,1.7509560094756649,5.878264839931208,16.068986915275598,-8.51057083846592,-2.4127478396465563,17.632309441855707,30.006858703401587
-0.9836415710270082,7.654001516047449,-6.190632974585352,4.373811651845098,11.06739128912039,11.387971734110062,-13.351062985129467,-1.4701987233328908,15.033846453123443,35.40819036412558
-1.7822183210287121,15.235667442278533,0.853422463232943,5.584280873781215,14.475813945467078,0.2950596468821032,-14.998456962561365,-4.346471366535429,10.425281773017737,35.0041259340055
16.624072059314205,5.877326711191074,3.1752279177636438,7.555565748568674,12.950799911333563,-10.325810927761536,-6.372957770833241,-7.80904163248347,-3.377008177010378,36.30503809967997
20.115465193027784,-18.8914176134819,8.819496725413819,13.917947923340222,5.60201107232411,-13.028527734511828,5.677898751077854,-5.740986176845811,-12.005271026750052,24.687288436926064
12.434649556184702,-23.36785387153903,6.12230337802532,23.929300609467308,-12.271330852139814,-8.099985875337532,8.628178126133328,-3.954196450388535,-11.824524887785863,13.110080028646165
7.513914275007552,-25.40937471508917,-9.806660740592127,23.4249829664733,-9.159202705584395,4.961311400670227,9.2921533968808,-5.883882494501778,-9.502450021185219,6.871168384940644
4.499062930777706,-28.29347907335676,-18.5955436443083,0.7570256100196737,8.68503242119273,7.7245022624540045,7.837653717749909,-9.967870705907732,-5.339939675321181,3.468905516184854
2.7510944607590755,-27.243401392006785,2.711885850412781,-13.388675069383206,1.3463306772378445,12.873559442608492,0.7384351319242376,-10.394884416976216,-2.7028547219346093,2.6764659051139708
1.0558500967679942,-23.055242053763607,14.682688510095371,2.480707963246126,1.6678589554760015,14.376857520415138,-3.8994461218961405,-6.732275545219277,-2.2024303776020515,3.598700606342628
-0.7514684964818465,-19.82636105708685,4.476218515350163,17.742122817606724,5.861746356586938,12.772681263415954,-6.207151374588694,-0.39390326277294574,-1.7040904850926026,4.859569771518728
-3.7194664154012775,-15.689812483672732,-11.03292434595966,12.661918642789534,17.226075855433976,0.7929893840392427,-7.060377372114946,4.406876130231551,1.6796475379008589,6.469091610113135
-6.690433651217078,-8.047061981520573,-13.717824490884091,-6.632996334582256,19.7282470133215,-4.308702533641186,-1.9591414029453644,4.448757064303915,6.156209282440902,6.0629960456275445
-6.97179340067367,0.25633101440391,-10.652348286401182,-16.77655652475549,12.023460937262048,7.82286081656962,-0.21728400848977303,5.958835220882103,9.077637119339508,3.0308006212589325
-5.073596781686794,5.235913965432434,-9.65317481052145,-14.624526759011651,-3.8193882014246165,12.724512787308438,3.7464476015491606,7.23538600069137,10.465059829317347,-1.4923241571858177
-2.618878535631388,8.337715576878868,-9.108354080336134,-4.849964160050498,-11.35873692924406,6.057804196961977,13.300058531553315,9.029214720464413,7.013782240618358,-4.7785006424643575
-1.91109707843454,9.981534996410401,-5.474744354835473,4.835126342729141,-8.843788667766917,-0.12250434730335549,16.93348399071099,10.847417206373413,-1.6127128053444486,-4.164218860950176
-1.3468486950625682,11.736179776369859,1.6031021350949435,8.250444313842216,-6.286342089645289,-1.9355548982077406,17.139082294369516,8.523654720731242,-8.809959676832058,1.1127923258326287
4.608695871135971,13.129855662347573,7.05576039368768,5.676940986347082,-6.860685037458969,-2.73681628995987,16.854208188742625,3.409250098563512,-10.6056064780663,5.223808735589361
11.820604907321874,15.129081596989932,4.829187257115362,0.7886542905536916,-5.833327234585304,-5.324922233211926,16.47678421006466,0.43707589902376814,-8.847268983522548,3.5494534074337363
15.283278158612978,15.395659455484452,-3.777869101195599,1.9822694207600176,-3.8137357991138052,-6.630614223049731,16.304277342373112,0.8771051788580164,-6.736991490630804,0.09748515876795165
15.552127023550801,12.449774609212872,-8.668009563412765,9.281977988073447,-1.2640084777131853,-5.791355201181278,15.936702460482428,2.798640388102967,-6.064970307161748,-2.0445511443716553
14.061120632743814,9.607851693210398,-7.438952711228862,15.090656796163405,2.9028223212332707,-3.5669899944148407,16.588280683891707,3.1498768163851034,-6.695524147126027,-3.8143500899195795
11.921489342674029,10.396347168425756,-3.659880572745821,17.326362211102513,7.640020189380626,-1.3407121169300558,17.89775393605,0.8688981522797792,-7.089312780351663,-5.22148691426978
7.9757617646249965,14.203155580232423,3.2504094592726247,18.711369160317968,9.504655320266055,0.9471232349242092,19.254479016878165,-2.2270279975283978,-3.90735013358214,-6.122998523558587
4.630900876889675,19.547049291408953,14.63933223638082,15.247799559045529,5.389242243296026,3.456795640039575,18.986267181680805,-3.1548470914579996,1.7252658770902154,-4.442616034379887
4.005160060187808,25.089240785159667,19.6002038253697,-1.5323633122253233,1.7894555345210916,6.517077938670674,19.023424114661008,-1.5512876525861434,6.310125305909028,-0.9332375531395299
6.762797665336834,28.085423122391767,1.1658457325397895,-13.438925966238076,3.8300067189253135,12.910974690791411,17.74503605649546,-1.0074285275197248,8.414870397704501,3.4547360542349517
13.273772425334357,19.61135113576204,-18.565893009781185,2.420346733308199,-2.1657970656901573,14.51921416852693,17.725358892002514,-2.728478948694941,11.214295592165094,11.006892631183367
10.08397181018784,-3.160051731822544,-18.6104679323051,7.210077219165639,13.662388881007343,17.083216391142916,12.608290511043084,-3.272824256941395,12.522306756666344,22.18860594743808
-9.451016641193416,-0.8722038210334565,-15.34954177596924,-8.480439892230638,11.992076269382135,22.47905618222875,-4.155151439553722,-2.198386177335403,10.900849682189474,25.038935754183406
-8.492882998140656,20.295693004741633,-10.801188977401257,-3.136136619837732,-0.5500754840819295,23.936061752656784,-6.264719422995028,4.245290092019478,13.488064081802431,19.207600806077636
-0.6963713166014864,26.048405670984124,-0.7115096881295555,5.463184869678712,4.590533891102948,24.40984591645315,1.59368518766588,6.758345906529121,19.56425254053624,12.320525359562835
3.9350851131279625,26.26385616716407,5.737085848806268,4.748731380651757,11.995264849951301,24.204473822299178,1.7785799188390135,8.071896473555844,23.01699687231559,7.9425431388319065
6.092853232800742,26.776197184607707,5.4371666674702634,2.8523836203175668,16.45945705370105,22.146397698137864,-2.395553905306221,9.431498550898976,26.953818451723606,5.337667890867257
7.380465352355877,27.298965936191635,1.740481208962035,3.0329286365284713,19.557756921559893,15.55052485027382,-8.599771849924498,8.092535637579035,31.83096761677398,3.4506884609347646
6.589117905676279,25.64030609352905,-1.1790171996281034,4.847195991519392,22.433274093107705,0.9084079818043482,-13.478039880826499,-4.854877395833414,34.1397106691722,13.039432349538856
6.733915083080229,20.01720410840119,1.2963071612780914,6.390615997364531,21.054689414088525,-11.937539910424766,1.3770690118454654,-15.86604166919346,13.584425184144607,35.72431658887949
17.128316112579935,-5.66736328464039,1.4406177129417777,8.614105907800939,18.123067145692563,-5.643497527165994,18.454987039175553,-6.391716297832447,-0.9610050042028779,41.13362422650294
-5.666594841676302,-15.825806300412173,-1.1494359909170622,13.024543008493655,18.1898053857075,4.405456976963242,20.020212533293098,-6.716107297032715,-4.124872211772158,39.81672639831301
2.0256287268154427,2.040849385148006,-4.990477352169196,8.334425183362017,25.876707223053874,10.352312385856633,7.838652845947954,-15.464214087595348,-15.496945629119985,37.33201290865819
23.72052136459403,-11.387139611397501,1.773657606237363,5.741640772065865,29.671749252515202,1.4038593093401586,-6.4627952816185115,-10.511028770284124,-29.694133948556146,-1.2465215614448528
-0.011909228546091576,6.556212673547946,6.907695711478922,14.25553087449176,23.678257524073214,-12.983324851140768,6.271904924150016,-5.020160771166231,-21.614587595768217,-28.699894748641807
-16.76841807711524,-12.213482009880632,4.90146173682377,22.16545397456045,4.774022638102855,-13.422673715920936,21.13181000654072,-3.2713034921443027,-9.19732231195339,-20.74336062355622
-6.781328983419273,-16.03938399916412,-19.200534727796146,16.573021045641376,1.6861783887933877,-10.598787677392039,22.18345451300847,3.961818022692216,-7.8089810998267986,-13.249517303073638
-2.961057514900415,-10.485335599206577,-23.999570543034434,-3.3476912385782294,7.320398590281627,-3.467622617664374,23.010191203511813,2.7011319751006053,-12.567717075007756,-6.3013305091299525
-1.572636266845386,-6.028248441050147,-17.701455749625808,-13.626903082926715,-2.1492399846492334,4.0470888974745325,23.183692395217,-9.478425953295138,-5.329799517891438,-4.161403228733543
1.4196478574066371,-3.752383751086567,-12.307789703378381,-9.809569256280366,-9.286895571656864,-6.221965831183991,23.739982930844352,-4.063098166092187,8.801762891505819,-0.8394467572253446
3.275915119088715,-2.898865285548317,-8.083134470586916,-4.745759191238791,-6.594993503171942,-15.255283478778438,15.064133022223489,17.539544761723196,3.6482194886133144,-0.28287559534706586
4.932032795198702,-2.09264977018803,-5.133446130393409,-1.6858064234378973,-2.914788430442474,-14.889595750732344,-3.8795435342523885,23.021076649011956,0.5941409675478663,1.544876564191808
6.636056062821177,-1.2819780587569325,-2.2565921320355633,0.1383102351660987,-0.4448206781822306,-11.51220745563594,-15.342506814062384,13.174263574299367,12.977305818487274,-0.49173440425717047
7.429821423381788,0.09797511648269173,-0.06309185483944606,2.157473383963809,1.0569771873412201,-9.374497167652299,-14.465982811805207,-6.240359906944527,16.740330844751615,5.220652117079252
3.0394643800035657,-0.1769834200412227,2.0287434065729144,4.128168554166709,1.4342181599025712,-7.749273720386492,-6.490558553543678,-14.733421608271733,5.102146776715283,16.315870116042515
5.717137382496831,-0.7448389207549503,3.5486160921473546,6.138125487890449,0.9997427394206461,-5.807931269541877,0.8379385189614589,-12.995077860100132,-6.882985783077762,16.171215443781886
11.845991412101151,-1.7716569310000214,5.836890555687921,8.08277845520084,-0.47637636350501067,-3.798226440790466,6.085414188362688,-11.32812970910893,-9.864860826201568,7.994626682523481
14.351058287584808,2.2651509888576036,7.584029797874719,9.296681893009245,-2.3332923003815655,-1.4092892682818643,8.735352605808282,-10.979399419105311,-5.323676043394279,-0.06143970034751085
15.378861171934794,10.251234301099876,6.6499847851241665,7.231345300269195,-3.6930836958372097,0.27705419853488844,10.399938200198532,-8.635454836112173,2.1397658792874568,0.10895866765352377
17.741736756653157,12.806469236543963,2.1345424276169616,5.169566505195202,-2.7383202952019126,1.2782224884164237,11.715792193158999,-4.515243033591594,6.538546701271788,7.2386926607948086
19.10545397935438,2.3720977732145396,-1.5140844318808293,7.02192238517711,0.2716040234563595,2.7662759845071188,13.11728179118682,1.0979138472683379,8.317318549794436,16.397748330434048
5.986646731873844,-9.589975234576045,1.0413217204981955,8.647680855483104,3.6056055962420785,5.3685445233691995,14.907809598948704,6.693769501114462,11.073903738709879,22.16130148528349
-12.244911747469976,-3.4064126130295382,-1.7855115362439988,9.951971734792304,8.766595866761975,9.09128659061652,17.313966816179096,13.196959168035175,13.934116790684815,13.59974594737549
-13.283946181908409,3.366153696697869,1.3728526304943776,11.074052394074053,16.759460883309295,15.530804818449656,19.150793557576627,13.433003002752086,6.2384506888874975,-0.0006338474375106352
-10.859919184656635,2.0448794357692646,6.819137646264638,16.735368904202574,27.1413821281358,17.95007054858744,7.520769269673943,3.3654081463442087,1.1126931976782022,-0.5196963083548506
-8.238209608210921,-0.13933233583290588,9.604688359464957,29.186752373195535,23.047674079801222,-10.05375114063756,1.5058975974596025,4.066625910071358,2.736235997424094,0.31369846188009626
-5.89839459812293,-1.5694359384418677,9.261990780276017,31.640812086314046,-16.07901435043643,-11.856758788246063,0.326606526428601,9.493933672982346,3.063509907313371,-0.23348199162631134
-3.3771968827548156,-1.7362404713972168,8.207351379012207,23.528195050250314,-19.451138790830935,18.51861349247871,10.710283849089867,9.526324250964075,4.070591564573919,-0.9387394315214359
-1.301161289344746,-0.7978536221809345,8.423261817434344,20.472551508903425,-2.9046088776423713,21.185381856882074,25.446751670167526,-7.4353472786469075,4.674687766849232,0.37886882621837714
-1.4622467264766534,1.3928438544525392,10.15736820980751,23.343108478892926,11.73191138376202,20.098805964265292,7.5625964226249796,-15.454733199494422,14.863461492600484,8.899583246393265
-5.027228054618078,3.453047624875061,15.000633424818691,31.46917538109034,10.754551539787533,0.49228190017621987,-6.678944503328964,-13.441355576256344,5.295621409701759,16.59993468080939
1.6136135364945046,5.028974399626952,22.939609956922904,23.685788227040067,-16.556846281305102,6.91083771755508,-3.4760906268100364,-10.872271998999574,-6.679436071534708,17.15413873718589
14.683458926716908,11.256359284676392,22.838182367848777,-7.655154190161011,-19.138048773201028,15.366332594297829,6.202332937539339,-9.886166858403529,-10.354232581468722,9.951323042016789
20.45516770298451,18.29005559428569,-6.428344486126758,-21.361381067169727,-13.097039123321537,-3.2052579441181246,9.434189903698329,-13.430808418581218,-4.950617139711465,-1.3139745238577416
20.289430611160174,3.1750766821657312,-23.379445399309606,4.192507220032957,-13.454355434018773,-13.702099631283723,9.15028478573996,-6.345205047133452,3.2949344320010625,-0.11763425421161494
18.493724985135085,-18.362625337786103,-16.540539466680663,9.126408039460806,-7.335814564920869,-10.298832434865854,5.1954578075876805,1.5795775529557121,5.549447092354793,6.571875133612399
5.21215494561953,-28.023830226932233,-4.460752051777177,1.8449459494905955,-4.437349262428504,-7.509014110078913,2.7845226108900745,6.886670156592207,8.628945936215233,10.857115933745837
-9.876917429425063,-22.512579558339752,-6.95963344707148,-1.2308630840154295,-2.3698015557431393,-5.385298636326225,0.8429657831719479,9.81533334674679,13.354141865279473,5.4862819578281385
-6.476272831359158,-14.934302561714622,-10.406769877109344,-6.694562900515654,-1.3521698111732687,-3.665570040268331,0.09211619469447357,11.592347176347578,13.737194292744222,-6.887637934042431
7.856422976930289,-11.358303249572725,-2.3293397193651955,-8.834372550837797,-1.255082301860197,-1.870965233708549,0.26485201941516434,13.17519632303253,8.844892381269823,-11.455870102874176
15.915370169714084,-0.4459229202148777,5.846816704588857,-5.611836196853304,2.0288428068719506,0.030787694021976203,1.3788299621715674,14.578887509863925,2.5292632589997526,-9.448931746308647
14.380904024848922,11.58263473140718,1.6149213124287456,-3.915035951306776,4.658601503458602,3.527742391717567,4.483483012176639,15.353238341500116,-3.641625521581727,-7.351937367409284
10.290483135077983,14.66552502152411,-6.45102525336588,-0.5547145939569642,5.640785002014981,7.316544237641279,8.641128759329433,12.680479470992651,-9.955410945992703,-3.9609438413576292
8.03996655401619,13.714478742388172,-9.418374365532715,4.353401224802157,9.176722121425536,11.584197084414727,10.417920590465371,3.3810509004841514,-12.809572640314276,-2.1324373183717245
5.590953521319827,13.04085635618587,-7.4778612605367325,6.361996589078183,16.905830586241745,14.036786509273867,2.704621652227124,-3.9238516184825376,-9.630903403585963,-4.817995513058721
1.834937039900387,14.110490355325123,-3.4146830764813254,6.103494967538285,23.107932371048108,5.5513961216978425,-7.590388506761707,0.7380688031559943,-6.955484692758912,-5.018992428175054
-0.1793313718029916,15.470472459453601,2.8878013875990955,7.262675422415565,23.464882237319394,-7.9968630046888,-3.6932810764000914,4.128016814188228,-4.278274690091233,-2.143481544336936
1.2466526446616708,16.829095194256304,11.778863092206196,10.226658487518781,15.945462955651477,-13.138297574331213,6.83290073059544,6.886562737078446,-2.8088031053942695,0.6121743002440773
5.193077599312735,20.163619833611122,18.224531881447838,5.018088921789359,5.336872254171918,-10.705992317166386,8.708755562635098,12.276565687940593,-3.9888340517776317,3.5975197580549683
13.552624201359135,24.744528285558122,7.913892027277105,-5.728311058047049,7.497521234850985,-5.977449233956396,6.497504381493821,15.508878146210344,-3.404974138120169,6.451593149951455
23.026762151581813,13.85057753912757,-15.2851057074248,-1.9172555097496733,9.104694390685534,1.0945940742843328,7.295662853250042,16.81517847721437,-0.878377436758978,7.839331719979261
23.21525813301757,-14.252425879044017,-10.862607851768566,-7.049804437778655,7.746195249651205,8.019476395992129,10.50067011129002,16.23580469346113,1.2240325202093654,9.551273177590897
13.408146149990582,-19.524267629223626,14.818592949658724,-0.7023680364492842,5.782047688893697,15.358637225355926,16.547997822549426,9.936866011954448,1.0991743919664947,11.341713558991792
4.087788048889868,-14.330112934787458,15.14349915778462,20.961058615649918,8.175009841358424,18.350110181253083,15.20461240835649,-2.025278710238996,1.8783342556161309,12.873417106540604
-4.523563359876691,-10.721708239465855,-0.990909396297685,30.92753897239579,19.35252977812921,7.065257235900138,3.835806742828716,-6.257842019374096,2.4488574920119133,14.962355961188319
-8.367318879126449,-0.25467712692832845,-9.516604634935396,21.832056045616238,22.93301900409671,-14.619116879774854,12.873195518061994,-0.9153391662644329,2.279333798930872,15.883346390645363
-4.203433621236397,9.201185973797735,-0.9568148342427919,17.782508688401375,16.33287937802328,-11.655808767299092,22.911441647961677,17.070729577260828,1.5716943059703217,15.423712572586274
6.836937830664732,10.577251024681013,9.843281043862742,18.64831425894424,5.0257466352862465,-6.964378692662685,19.16925962715222,26.87835535234643,-2.6514900494465854,17.424059174711786
17.301355656033735,7.930519284718894,13.30614480240788,12.660753682868119,-7.4559501206805265,-4.469624291850233,11.433464508278279,31.466148386784475,4.437379500513241,18.84229892711681
15.13626318563123,6.992005756717823,11.43877398964549,3.3328997058946954,-11.594373179134735,-2.4734906935637366,5.286543230158012,37.6895617864659,18.507177298526933,9.16841800487095
15.263378953569271,16.131115417472376,4.321253464208587,-3.8623490956029447,-9.087690330518665,-2.6453537006698564,1.3375828064038482,41.00831947700198,10.433600129236538,-9.95991879271068
6.3834665844519005,22.420325552416717,-7.19748993691516,1.938148403999313,-6.4131775777829185,-1.0078142590505645,-1.7679217689541982,41.16550768588273,-8.348488308270294,-6.391491520098006
9.804663036320106,20.686511404548327,-3.822620765259504,11.721754868858525,-1.8025935470950933,2.440879478680413,1.8254642303230075,41.457599897287544,-1.1680296030866015,7.047058498394543
16.72368033978654,15.654627239390958,-1.7193266696088274,14.974770793634463,4.170757845529282,3.990948432411431,10.384951321430039,41.078809463967566,2.2524443506157232,5.656257720704835
23.671247779328898,8.323392306400093,-1.5363100757357304,16.76308511819522,10.64768500286045,5.385708388695835,18.683601705899584,34.87180538783513,-9.966415238341458,10.153203128740156
32.889939943185226,-6.852202419520513,1.0258875826662148,17.376342135420803,19.415163351491195,10.44407286713288,22.461719419764147,10.884317540429919,-19.47608075394953,7.083954233984151
26.07177630026665,11.454656160664754,4.82612314745621,23.0497569933201,27.21935121765718,7.487327877671174,8.900203318554599,-12.12730466662383,-11.286538497326406,-20.99371425251907
-1.7404080555441128,30.20663540298826,23.16542824059197,21.08094173829814,13.68716932639691,-8.92419202369743,13.097552673834837,-8.105820219995605,9.469427559192413,-21.44352473537389
-9.551810289679727,8.905050922982245,40.27189946717073,-7.621105558492674,5.151578870435488,-5.9407617314004195,15.894850945475852,9.269974748924044,8.980236736185097,-23.37099828483825
-5.2897547200835495,-12.152823420505651,36.745303316546064,17.921450802145607,3.3824481137476385,2.6083358747151673,16.867930076989744,9.924557267466948,-11.978589568965702,-19.305121931413204
-2.4958894580887865,-17.913245558928793,13.200262634420115,27.570240467246457,-20.017260160865156,8.526207921073864,21.355548471648977,-6.706311377916144,-13.40526015100145,-11.834980919321415
7.941398119487842,-14.828813331746039,-6.752006214043775,27.492829914186284,-4.19606056492889,13.587049159368869,21.559299884514978,-18.3461558662061,14.07619288591539,-7.328951331737161
-2.3270318510529617,-16.75819479038352,-15.84875720177499,11.787314754767824,23.87508564935946,10.843480794840117,6.327138530027989,-10.306271930273132,22.979174349596693,16.84678091434578
-21.128785971084092,10.343658510360838,-17.11386082660927,-13.479816381875366,19.42848272673838,13.831788538358682,-10.479817706507967,-7.80619531067345,16.304974726284712,12.694359490945335
-14.252790933771498,31.05896913709379,-5.361573382466297,-5.77656231132848,6.505071685169362,12.651787273160545,-20.254813057746933,-4.129120427454546,9.63503356853538,6.4114887815136195
-5.172099904603378,33.91572133797924,5.600322465077244,-5.114913160621445,6.073770774855801,9.370832879159996,-21.40858812651643,0.39535248005191626,9.055994024092264,4.6256216793464295
2.5219887343120226,34.04711760106404,-2.4241787608241245,-6.804990861104352,6.34882934883004,6.2773833916398125,-20.52231940412267,-0.22388768762880817,11.251472655355412,5.619461226682842
12.90925705729356,27.38829379592289,-13.732248458970576,6.215256376515373,7.338000202531963,2.4851088134285857,-19.381691392052748,-4.096252482653171,9.670408564453986,12.131402173076967
21.21839080068904,-0.7513385989078051,-16.06136802014403,10.235322854504915,14.875136938692362,-11.35129501751106,-12.297014144298071,-9.394019802199448,-0.19772139758718046,19.4158880093402
14.018243433970362,-24.553098020400107,-0.9884276811399535,-2.3502952102690475,16.74480997906443,-12.473007201251406,7.786361501196734,-8.724050936985105,-7.816810390980119,13.498512897841511
5.671620911094217,-23.942279960870522,8.298507433080461,12.595811161138428,15.697286880961084,-1.6809396717402056,16.770515421324156,-6.511738272078591,-4.4647659105809225,9.244570444914498
-2.006460102592701,-21.049541363177102,-7.1859657797422205,16.97636845690361,15.815380181077352,0.9964228939206685,18.371263933357447,-6.123703444731508,0.5553885074002628,9.802314933434955
-9.730227542456598,-10.5440667355169,-15.976862478892647,-4.928949094357708,20.97324207843114,12.647452486722855,12.784424239083634,-6.0685587530034395,3.723520958564057,10.924215508224478
-10.559806639695092,6.156631708669746,-13.72125879404242,-13.881769536680522,0.98380279865658,24.153856765885887,-4.151339532303124,-5.522655064423475,3.2294224454590865,11.726544898789186
-2.6200485487912064,16.374673906020234,-10.929406635031182,0.42600796096867677,-10.814869133139045,23.282332178857303,3.5317332702313258,-1.371980279749304,3.002922660103619,12.271831863261328
7.92182568688525,14.91043627832469,-5.015350354382469,11.362329674989857,2.336607687091055,23.645682108921545,7.394931793582156,-6.37197353541633,3.782264549222889,14.992595113872545
15.621284387409167,4.164945979321419,-2.376961988881786,12.675154263571592,19.112811757236074,16.137383773846185,-9.30579062974729,-4.0934542955920294,0.45161421350264447,18.552731601515656
13.490310165064038,-9.53509520253412,0.07228777685539187,12.70138766915865,22.87036104467356,-10.584855702415048,-10.46868948566653,-0.18047620574470957,1.1485761324636552,19.693103830433163
0.002830084435259589,-14.286215476049206,-2.2237233504865843,13.840615341840781,11.624810752343087,-21.597615154012573,8.0154277090096,1.4982091989502742,2.239079121831151,21.219036365232196
-12.37630795903724,-2.4020132343388663,-8.785030296841997,10.525511997547293,4.4909576187806275,-19.460881423764455,8.22571721905373,15.683468099987753,8.261883986427259,17.57818360226199
-13.5974768644629,9.567810974508426,0.049800753731021295,12.050971245011494,-0.8577667531447404,-17.492717164373968,-5.593629486640043,19.32178198423093,16.516365557559247,-2.3826605470720166
-3.954187499553178,3.3501293112576747,9.223294357297323,10.011410372502704,-9.62182448052054,-8.018852360323326,-15.235412538533899,3.2466180586820896,17.54285350301087,-18.600066278726732
8.707029204678323,8.935343531894532,11.062511202392317,3.1908556723400685,-11.47439367725849,5.9796319741166535,-13.261670446492296,-8.523740083927008,18.40457418186438,-9.575627077724107
11.080249366988786,14.483953840673559,4.812161925901912,-4.850999449409815,-9.334213267174661,13.110582451959841,-10.728597545409583,-10.101732498530007,13.508483733266658,9.645368259792777
14.227612359739817,6.030149221570664,-3.02872614985612,-3.1927391310813342,-10.397221238956831,16.401150580852505,-6.837237640466395,-5.2307475926061375,5.300867418258203,20.258158964962316
9.075670432696844,-8.181789887360983,-0.22355777123283105,0.06661398432685178,-9.257514746467338,18.29782775653579,1.9387385636094927,-1.2657958126231674,3.2500116393285756,24.335197911989816
-5.2590313540416656,-7.9538133739826264,1.8863835322808316,2.2865594440213894,-5.943819509839142,17.63275257937891,8.662572948304504,-3.347081282696083,3.548691612385133,25.72878845263203
-8.461767521843477,4.40472913189645,2.836868224119405,3.815404640442424,-1.4505165773712383,17.60123888544718,8.549806295311113,-7.8766034131950615,0.7541478667322501,25.976653799471862
7.47092448891869,8.312013542624888,6.651882563238293,3.772167393315146,2.960652709802376,18.366068238978066,0.7199524897360841,-10.634919493398103,-7.542882451297054,24.894484550526332
23.99236039529831,0.1059572589709542,6.444213169852382,5.924418470520623,7.251543672634879,17.11923470342568,-8.591645464240404,-1.569611341344403,-13.976482838641862,11.415501385296773
27.89953080961614,4.78228750172716,7.0549448563948385,10.246984829358292,11.461257496707997,9.775512722635742,-9.092751347531703,12.026561702702494,-7.600506092074851,1.267292142871593
28.810162880131696,11.967604590856533,1.2617195505034817,12.648275645400172,13.112396209034024,-0.3639755272345382,-5.989762005242727,16.779905840008606,0.46842652486400915,0.6511026687425499
29.84055448322577,5.850155953313524,-4.944559114432349,13.436853516298882,12.480671235546396,-9.996181417421944,-4.616101165481829,15.37817639241784,8.923653230161227,5.709773877397702
19.79741742483073,-11.874723341355521,-1.4360286903151045,12.488602392979137,7.343085813772046,-16.515859441353317,-4.222541387081606,10.41855584799385,20.13464380294993,16.974184960404745
-13.131489108469335,-11.907299022520526,-6.467227467843296,12.357096231696632,-0.3107076314157776,-16.538899584664872,-4.823158970296656,2.345715872094761,28.610408663369736,12.333735131719694
-13.968599869519903,-0.0019236649776523465,-10.800146994051506,12.05537108413617,-1.1057520221776191,-12.956439450366675,-2.2024791715597134,-4.251029712992712,29.223783801017614,-7.3509734545652945
1.7275447724390338,2.1772615112612406,-7.333108094894954,14.230640206492877,-0.4921647949670583,-9.761022588271148,1.7613900926789114,-2.7577293799873788,31.584936012187544,-7.490433293374208
6.603210676487885,2.779449810377817,-3.7840856894277346,16.336420127018577,-0.8813451402516536,-6.974668084704018,2.9869390660357706,4.515512537628327,32.18588816159266,2.4740098934307535
5.1230720285508555,3.690172529683032,0.31992853372249747,18.003964861679883,-1.9039414361147828,-3.8337583676702205,2.2936022010153834,11.362335565283443,32.37754260983476,-0.1171375062046997
11.74708574006047,8.411706236449639,4.838454845292161,17.8923931842923,-3.8111489985524525,0.7076632091787947,3.0229723626014646,16.489625805178196,27.83970422224049,-7.731587558221528
16.191835797073402,21.373928217111438,6.670076094709853,12.93689566195873,-4.33114737939713,4.565974536629061,8.214889972598185,22.17189267662711,14.72536485919581,-10.212652579357238
5.603967229415577,31.590754581273103,5.067407274084307,6.172172063769963,-2.4315896746302457,6.075765348397987,17.093067073535842,20.599408250033513,-9.368513368206314,-8.393971401909482
1.2181076951612089,32.969964266968056,7.196174675937366,-3.291980908856515,-0.2813453149215253,6.76868016422074,21.780631234292304,-1.594545700953939,-19.345469285228415,0.9003320209750759
-0.7612502640777408,33.54135597063068,-2.5883325310035863,-4.557015722492525,0.3750273890335057,9.10796124249901,17.37486622041313,-19.985470968187798,-2.687887218065628,-4.739232741541782
-1.0306404966162013,34.077303539800695,0.3452590959201598,0.284211194255979,1.277731267120922,10.649399867300872,8.382653304823092,-19.09697150152289,14.04562341298411,4.31190666967836
12.701791013127211,30.55849445892815,-3.443239758937726,2.156805543680788,3.5139477648190627,12.275934288671658,-1.234376703539355,-15.603513261126604,8.782740309051357,19.653210950373765
30.10852946724991,-7.355548857969763,-12.105761987191494,5.77195563025961,11.398564477887595,9.321875468786272,-10.623237240590889,-9.145793492619996,-7.730585293908331,20.07149418927859
25.41234935010661,-22.470137054841302,13.496471050690007,9.567338433181307,13.332916102667923,0.1969207614220206,-12.193825809027043,2.412700602405866,-9.789450723086931,5.900917816987329
25.004570888078984,-1.1731169629578238,18.88007871550162,25.038559666167284,-8.105759831315805,-3.4914782510213898,-10.274535746022018,5.5883936450668115,-4.461790073164732,0.8172161769948831
25.98420265777797,22.334317093938942,12.176067366757486,3.531186148887128,-16.674295615770504,14.134032528240487,0.4297914492327258,9.53743335472439,0.2864445835576299,0.9834557047938172
28.862073254723178,16.473531277153317,-15.045438771596613,9.219103425839267,-11.748276495894432,9.869867846277758,16.861849403965724,5.54255515751514,-0.4409399458605345,3.0951398076860746
29.86244513323803,-11.859946394375667,-14.532930103062418,13.410089371720094,10.17705422720671,10.878047360930655,19.05717214649019,-2.6964617489320344,0.32070153870481355,4.234465601235492
22.654258320841382,-24.36701738983133,7.101876641253962,9.064983331215599,19.43112348228842,15.916301129894249,4.667043607932854,-7.87111648184106,3.7996878821379405,9.91776308173924
7.536417369500441,-23.35182034152429,3.0974630058453374,29.39825216981064,17.896131027486845,-4.693490474067515,-4.183821846209279,-5.571621048663727,0.8874137087484328,14.212037138479722
-7.070265630454406,-18.543067644349964,-21.94218044000352,12.469825341932376,13.341831334006846,-18.32932826647617,9.926793559225661,-0.9903178956005347,-0.06599400130152261,15.596975962555213
-11.008628958154038,5.410733599759379,-23.72129068265073,-11.244391727302206,11.816424226193492,-3.9386030549188473,17.610337821319725,10.99675838077679,1.832497574562967,15.94529183872881
0.5115327154150389,18.644715785585216,-22.153878845773864,-0.549165679414765,3.4378801517368807,7.242914193810845,19.59176046056047,11.244650519521265,1.9672441257806865,15.24802941950212
12.070061562659689,7.116708028701704,-19.747282410439208,8.467563201338535,14.68695709180791,14.149407810978081,20.423860150835,3.641108401456291,1.8906559932963016,16.352057411568946
8.446963283094437,-12.025558727357286,-13.935889150001751,-8.905035622581186,17.17859097790559,25.9722187969804,1.357956387801575,-4.421863975779309,2.5443444858747695,18.86259640518362
-5.41699060607894,-12.121568872426025,-1.3250154791156585,-14.202764401153333,-4.728333809998323,29.06850578233461,-5.45936557376427,5.454203242955185,4.41885648015691,20.01439487839036
-15.828436726423291,-0.5652616122729396,1.7516959346497414,-11.948462842458092,-18.075968412554033,16.321645230157205,18.347816369000522,3.651952146898893,9.47059688704853,14.417504795519275
-15.653785292427578,7.087613357010537,4.50860800460142,-12.963116258706032,-13.912604226354338,-12.487332427384619,20.21968760295103,13.885274000062886,6.842306123778519,5.751478662750531
-12.51247053761708,7.074027789676692,6.231874467446907,-13.701810904352708,3.98309180044095,-17.634019728116023,-1.2445081841824823,24.650216989182187,2.911740631084443,1.4145348940955758
-9.621418737414793,3.867807093374914,7.728021116117745,-8.661638667755787,18.220957359299423,-12.01315580180718,-7.271010902837585,19.320112922218062,9.137366099639259,-6.853223965830256
-3.554854559728115,-0.5641930012207099,9.699938374003034,1.9551309786554603,22.9880547918473,-10.977881458045799,-2.552115461291509,15.183020415366384,5.943589690452295,-14.031066061433142
0.03194095889325803,0.22599106307990646,10.811000307356856,13.658066446512782,13.906001475425501,-15.872666696596603,1.935001360419856,16.496623037530984,-3.3301701011168254,-12.830375165244403
-1.0462425442644785,1.6136317509580507,13.122202428807991,16.283637874549285,-7.351369713874055,-14.99224757968715,-7.727378835529028,17.337522043539074,-7.25011748334874,-4.143278838241466
0.36941144332960885,3.4081893623788138,15.789946687414671,5.588685161797476,-17.35804532648523,4.514899267079902,-13.278796078921157,16.414806311935923,4.089937274247894,-0.3019350649406859
2.6224688342110616,6.322004880908581,15.796062224975596,-9.382693001898074,-14.088145389475427,9.169012221886078,4.112310570055409,17.82562772854816,8.20945176382232,-4.340846521537432
3.206677782006282,11.035378040644286,8.885018824924245,-18.8844895324294,-4.638868264976074,-0.5944548059053839,11.532072448059454,18.408281565019482,-2.7868648896259054,-4.400668234604774
4.541125193631302,13.089235772658869,-3.056357185187717,-18.11624374860712,1.082099472254073,0.4926952338508974,12.385838104812906,15.331537519275033,-11.620153389642303,3.1376454958120106
13.1367579586737,7.600523991842559,-13.747992633803072,-10.032551179007143,-3.8076892080238616,1.1663912157469722,14.250092545691448,7.316005647224114,-13.249787572733833,6.854266231265204
17.387847492640546,-4.646513782228447,-12.228005191526876,-3.1049732779295964,-5.872748288830344,-2.381757358462804,15.627321391823296,-0.304052124496624,-12.37267750287515,0.20647834831431489
18.225833378459807,-5.781433618660053,-3.2627347171462375,-1.6369541053497585,-4.112331690496673,-4.757909208811359,16.218590769159757,-3.2995195849123005,-7.650907903232906,-7.6006097504009285
17.664299205099283,3.907022688613362,0.20581054651524297,0.37898890603313345,-1.9298410098533678,-4.93388189093282,17.213264703509918,-0.6080641499941071,-2.639956963208543,-9.824337173065697
14.090068890660564,12.196348574466505,-3.3939538256965913,3.092814482993524,0.3113027836745422,-3.4677950622583635,17.913911899900075,3.391438407722914,-2.229830840630154,-9.12382085466909
7.925881420935722,15.302776095369337,-5.161628054429953,7.958339747580908,2.8789192263105297,-0.5323649668972177,18.547760619298902,3.6245323414096764,-5.2402059664447425,-7.833633943542431
1.7347907312930717,17.449462109968334,1.4783338625176885,11.124942375917472,6.478614489678179,3.535796250035927,19.254140891853194,-1.3712663244278516,-5.029879824883065,-6.4703114758826965
-1.8205275701129895,18.372056772100173,12.68319338790881,8.75357116597478,7.470133622060932,8.239877845543175,16.905765590336962,-6.394990887963324,1.8851044694513606,-4.422850738472965
-1.5500555045308713,17.46883268481909,20.45023690074568,1.6317848896331992,7.506274300524144,12.858310308816062,10.559980917044202,-7.199260580060089,9.45874868187565,-0.7593597364953797
0.9085688439633782,18.174944789603924,19.628344070797613,-5.753804219846094,9.539685387152751,17.687725089347747,0.7340480359733105,-5.998208185303083,12.407505398876726,4.71138945808494
6.113990772326605,20.22546948320207,9.518539876647534,-10.364308262241883,9.209957654017689,20.060476067944922,-10.634977601463408,-1.7130933485001814,11.297443367518325,10.897829612501381
11.736139086575921,14.788471456012177,-6.742039281574092,-8.51720758907632,1.137563793787777,20.52994178759801,-11.80254298334091,5.147235732845157,15.239000899793124,16.75228820726413
1.9575218966601584,4.37535679177341,-10.687050836690021,-1.0899651280001348,-3.644312794800286,21.6182828161747,-0.24766527486293216,7.532784160228781,24.952195258588283,19.19014414287539
-8.30267121296796,10.156496334660927,-5.492035168975054,4.648246356971236,1.2882106000401268,22.207811832261164,13.100961813263561,11.008126353947077,27.37648615116819,1.5246618617513292
-2.520723135722728,10.069737771854319,2.730320348123559,6.9208620379883,10.299565615097295,26.737234403209673,21.249370031320787,9.118840852276467,12.902365186949119,-15.038182951623217
-0.6306573191555992,10.062995343490858,9.197189442364827,10.33059538974759,21.5887800963705,30.79574086263362,0.9733100618470556,-3.007846979605537,10.603992811031205,-13.942750120455484
1.889118912773061,12.417801123438762,18.50971929995513,21.379702784019283,22.67522019266085,-3.5773538873668493,-18.236154474825266,-0.7056544250599962,12.435543730014917,-10.588332391775872
2.8531223224090168,17.96999139177952,31.55585686974022,6.46133145450079,-11.841981048541783,-12.077648235730562,-7.895215569984889,-13.829712668830355,11.86625320264818,-1.8425755732845468
7.535897805828426,23.03568714854457,13.068061793388777,-24.371724832658252,10.893030959198615,-7.124048212749994,-0.20364716685509232,-16.070780935560748,6.144276975935776,9.204152913468825
19.08102725973474,10.00403502887497,-20.721833688744635,-19.991409366976868,3.928157364486678,10.390663310039159,-1.2025987209769475,-13.316407080966203,-0.3694466599834424,14.734451000338593
19.11946405453697,-19.360386143402543,-6.157865405683893,-15.007513552075363,-16.948198583944965,6.008566637334417,-0.8393442607107068,-9.43529269435165,-6.798889799710794,9.685371711001313
16.66680737679701,-12.61976308328783,24.06408433733453,-9.93544259089805,-8.903662349687608,-2.1405138875767378,1.55172982471151,-6.939463468899435,-6.4926971544358425,2.241229348071043
17.525796279765714,12.798372472656597,25.048939332733898,-9.31337802466841,5.325451951346999,-0.8117823242723687,3.8077921030104034,-5.147009696702008,-3.5339183469569844,-1.672399693284533
16.428916037424784,25.403684024297913,-4.780203311881771,-12.514485801041083,10.977421717070497,9.428358831314283,2.6764817403768295,-4.0317893994613705,0.07276919968942486,-1.4232566813094514
17.262705416479157,11.597534052936695,-25.83263864723587,1.2397013415141014,5.20760825830066,13.51269038739614,-1.1764043514641525,-2.157713344242427,1.900352975774991,1.7369305110431412
17.259026360681855,-11.985890847356508,-21.61734837528529,-6.344679225668476,7.472217173800833,13.724580311948731,-4.386252225465854,1.5403767007545075,3.940860671742776,6.0590297629614
8.390230195198507,-21.87151297719024,4.924692445097513,-12.945974458535556,-3.8238116585846695,14.920537177149766,-0.5289620856197027,4.896285022374561,7.416623919012008,10.156209501434407
-5.349937509904765,-19.11192159071238,15.42296688131435,0.0766086551368343,-2.853473037709191,14.058341047875938,7.921104342618174,5.591808614579599,10.606026234650885,9.370748454656633
-12.540082834784323,-18.08456858893234,2.081748033913929,9.931746209614891,1.0068200744700568,14.900144784009438,14.3873220432952,5.529896265576187,10.70906619246645,2.5220274935244458
-9.099012471160345,-12.367297453024591,-11.255165281074245,5.025810208714054,12.287574617101686,18.282571611280343,13.880694402564428,2.4901103816768844,8.83722800388722,-3.1118331544443607
-3.0101215361293403,-7.332256584999376,-11.355155730790145,-6.9910937366153485,10.707210937358465,25.391280395912066,1.2410986319465842,-0.4778572480266427,10.018952702938625,-3.9908543990965377
1.66449709601411,-4.776899518823844,-6.416566848915195,-9.046650497848995,-3.3468133490221756,27.609367730583674,-0.19574453239696124,2.7828753723885518,11.231611918340606,-2.887434066340754
4.8264198368396425,-3.0389786502987564,-2.3606745520350025,-6.052179706510388,-12.548519425104212,21.130116236689254,15.264762560485082,0.16040558797024915,11.937857350384206,-0.084630993899379
4.587629372930297,-1.7525189365697544,0.8340314385504468,-3.6376357081299036,-13.352231159387888,4.87995717196976,25.067982555673485,2.3744776946755826,13.54333012517854,5.544595505887131
3.284395148960949,-0.1628894644037844,3.305406917211933,-2.6142102950969646,-10.122311622549567,-9.46418671250593,21.402816624437047,20.06515630161732,4.3514789686922075,3.976635858823147
5.660637503343278,1.5697858976273307,4.7809177651969295,-2.1647227721235147,-5.807402153567622,-13.225216227524186,2.1119003997094867,28.230913739906168,-2.342529723813834,7.263787229488378
6.265665347353956,3.048614701723101,5.6947150415034855,-1.759283215997524,-1.8168679523730933,-9.895501968809812,-13.449403538904017,21.727199391257045,16.70266168706926,3.190401036339727
7.848724853143383,6.7749879947258735,5.511928097239036,-1.1718589800995545,0.987424888135164,-7.451130069753778,-15.586747294837881,-1.5996904628397601,25.82184495617701,1.84941354583109
2.672354587200162,6.813978192332013,4.834100116391799,-0.20816941319490453,3.2812375398621403,-6.314856572187899,-8.54907986025749,-17.241907989253637,13.03565740261307,20.633091948544717
10.798955607059067,4.19558990396201,5.36597127048288,1.218140139731376,4.913961589703109,-5.093708750557148,0.09124403875202687,-16.661594738920467,-9.408221537092574,21.880647640498058
21.09339187252148,1.486104026977914,6.005444447973103,4.143907518917284,5.530814709034984,-2.6049044934695504,5.973989322859565,-15.590217860334754,-13.940641783993645,0.4620122414300289
16.23498632039125,14.720073072577238,2.580450268306707,5.756778824915977,5.75504841188825,0.22599989718986155,9.14395290908247,-15.218962612385038,0.4597719875986933,-10.746664637487532
13.926079861196653,20.308131719256643,-2.9138399792809944,7.6186257784251845,8.166165175314402,3.2084379256230444,9.07379609700908,-9.801623114601824,11.911724452599762,1.2088566833531973
15.885709260533115,10.46344483883236,-5.622192777306233,10.200741159171221,13.56646538895758,4.081643658506477,7.580331786579035,-3.6193991636406504,13.60235112031674,17.11335318982945
3.4747262416189812,-3.8317413417553308,-4.393223554450116,8.297870398995368,19.260936062394453,3.349419709229556,5.6890193930947595,1.5170272303128667,14.351272106179687,26.640601918112406
-14.528655595823007,6.722863505334273,-1.7432716755748066,6.0251669752921515,22.28670203185766,3.367738518385205,4.6242977142441415,6.754080613264453,19.26200330940356,17.958518487856235
-14.821773444903037,8.882426310386265,12.758124018422224,10.679395397792126,22.17551707116107,1.4178885714012177,4.1165879782801245,12.006426979514117,20.436728003163704,-7.047308616004268
-2.1783446676113196,-2.971753871937617,16.34176298656164,23.521086478326282,7.57700678698638,-5.725480164559471,5.51666892760501,17.40602409431473,5.2736191917884305,-21.883297802694152
-2.2859763175355385,-1.8565916799267213,14.421845963823799,22.9248989826002,-13.913008357279729,1.164804978544343,3.3126221305811603,18.612648832198964,-14.230614713773699,-13.87220504373352
-2.6766633472722443,-2.955860987773715,12.7276636994622,14.506720285395149,-17.171976363973503,10.719679196654365,16.440960842152005,6.953942187593648,-21.065801405316584,5.625168367158437
4.239694990990726,-0.33287454718310727,12.919123032116847,6.719601287129661,-16.613254479166773,3.8309627912961868,22.577550956000806,-18.18706765621178,-12.156916091623017,1.1875214158080871
5.668657989298135,4.9067575358958315,13.678248275378415,-4.031336683831668,-14.282748348331902,-10.86026319432213,23.46504195196171,-11.141016728518197,11.079695018586895,3.201942868242118
5.904831829990849,8.352251258434244,10.32287809602524,-10.86486388925709,0.039167327606260155,-19.59279560653779,12.816202388545667,19.350321140254476,10.904081916238743,5.548407572591929
7.237622515370525,11.497904688857306,3.491019779332497,-9.308082563598697,13.847629484893659,-11.158190962908597,0.4127898315597068,27.670035039792715,8.596873067145566,-1.0569746893197278
7.687295497234551,14.289173403334372,-4.584323887334266,-7.029741613271183,17.659477260597512,-3.3250133374941253,-1.496194653307244,27.769080308907796,5.754473954967762,-6.652230199375856
4.95730244869228,15.163335068136453,-11.830529229226334,-5.666589816556938,16.21436715423663,3.260802740003372,0.44787033020896694,27.848885852398336,-1.4801370149750268,-6.907666607258159
3.4003062002679143,14.570447511775809,-15.210929019692038,-3.060364732489795,12.992439397488123,10.854210085503784,7.026339021911624,26.058320052079193,-8.148848134086395,1.3309617096175628
11.934645139054274,7.636177723505855,-17.441970859959063,-0.9194673924087131,11.644341049956575,19.80009890446369,14.360019144901061,12.667100855502357,-10.87929916340508,9.679238989019796
17.36257844332346,-9.467162483046462,-12.683641130997298,-7.873324628148935,5.570421316666177,28.275605564310514,6.284556732596928,-5.723724404186199,-9.06416065739919,4.384421315612021
18.562306456291196,-10.593552731036231,5.461995413625953,-8.314398812428893,-7.123158508755919,28.367712281303408,0.2692026439278128,-6.548207231300665,-6.405200912381503,-3.0587586230057693
19.166011826722674,6.1625425451995035,10.735466267619682,-9.500349805577091,-11.2130193084264,23.895659924215263,5.608986858727649,-8.196231330395053,-1.309107135876427,-6.19901004509574
18.17766430347135,14.63314969109862,-5.875617796426326,-10.29731682232332,-17.085838767872474,11.400672559963969,10.287888932728386,-11.535429921535483,6.473422860526603,-0.40662007754163904
17.528409906557894,-0.922053614905495,-13.29337184262023,6.555934116761869,-15.917000486474814,0.37665741560005506,13.335980688819758,-5.829329823725778,10.989566195066049,14.512110543026797
-1.644645830038583,-13.060465983088768,-11.515098262775448,10.224519958473197,-8.11673857132585,-0.39918678593187995,14.610050819410663,4.487811036400151,12.56736114977963,21.517479211541726
-15.422812041513135,4.9947389522799,-13.20761372670836,10.631905834624582,0.7745881509285576,0.4852615544739313,15.77074841599938,16.578243367827948,13.53657753060785,7.982201767996156
-13.755478894884474,11.273798602798541,2.319081190621705,13.704566582550235,7.085052124910263,3.436975089841654,18.411383500466524,21.802715835416592,-2.0547786187378065,-2.6003506269461387
-6.702165243049064,9.103679565945168,16.745839765646938,13.398945976724313,5.3223514259107825,7.2839183041392,21.6303271700667,7.935457550234566,-13.319414236258758,11.338003578367772
9.423879002490322,11.97878213243636,22.24594512704597,7.999792435680066,0.8255798958798087,10.462791652109244,19.817644357391494,-12.751630918680334,-9.33047667830863,10.565312814891744
17.957365207534746,21.603202864402974,11.626179161513797,-4.793245328318271,1.6757647482999194,12.454032600938627,9.758369009378535,-22.458995602008685,0.5636664611406241,5.554324674865152
26.0095469957769,11.852001736967525,-12.824436378681682,-1.9759099928790094,0.16536474604484558,14.443903814755602,-4.227395430664117,-20.723191601932392,-2.701547381356556,7.980717110331521
28.167651914620745,-8.393423827933553,-10.128486816067197,-0.305549125436982,2.2040868551969144,14.92764764804038,-13.78368131395423,-7.1648944672498684,-9.440047398417915,-4.961495500447903
26.320956550108484,2.8470410774771056,-0.852189123862924,-0.30635222354468045,3.367871327267534,14.673908960174032,-11.296157594971062,10.571983520858074,-7.633698468403767,-13.810512773270641
13.62702642089122,15.45851879533887,-8.193203290563156,3.196707657411445,6.12628911840453,14.346107841559151,-0.5360740955648313,19.03304401930291,-11.902656800628005,-12.996923739399437
2.6119165060297833,16.94620019829563,-6.5262930252346125,7.641769016405464,14.257879156783845,14.775206172571039,6.696174341028271,13.770296300141974,-19.41927022777158,-1.6715310640236873
9.275659902590114,16.495162595106017,-1.2030987059858456,9.169739279458778,22.982903794977663,12.491734939954846,1.8911697925217765,6.756424976831061,-18.17448726389301,4.575999252309878
16.23760625704082,14.479170693582562,-1.9928138073567934,10.0306078052453,27.771127046854826,0.23551179785033988,-2.356290371309414,9.36166410037102,-13.3484818929826,2.1073409535106653
18.69230197807649,12.019314811745936,-5.042335545717606,8.990922444862328,26.9203201066179,-10.262550426305076,4.71945607608835,11.17742315498764,-10.82106236244598,-0.26215629461247514
18.117490001987726,8.40789950503787,-8.336523191870246,5.289578941970592,26.75699829897965,-5.391785719966018,13.322121413681073,10.882666012079182,-14.064575381218145,-2.4832663242913124
13.558551217903311,6.033980046060785,-11.094872938911086,-3.0612252740901513,27.557477884943626,13.131482151171525,10.001901700709439,-0.5659719527472605,-16.805857769809943,-8.858524872630008
1.9922958079221538,7.738632581089371,-13.646921256096348,-10.564289400779895,16.34247043981421,22.072689549789082,-11.289768408238816,3.995455156382905,-13.023480098164558,-13.494644424626225
-4.530357397145666,10.37868485077198,-14.13358129156993,-7.313225610871812,-0.410436452531325,22.488693770240623,-0.9306410713802232,21.450781928069663,-9.64436074245729,-1.8622275952573821
2.8933833979305557,13.137675692888575,-11.282174869756922,4.037018890759887,-1.1465252440466565,22.034667462067492,20.30788409388566,3.33113739321827,-11.503089742017773,8.744192959308158
11.380756229803206,8.322819859611409,-8.925136379770116,8.678791203635775,12.67484316199823,23.458275373640248,3.30260572943661,-18.9985475105241,-5.616146547545083,3.0693083550284426
12.43067801377268,5.164588218458176,-8.14912919033099,5.1534742792994646,23.457337017224393,5.00065167746666,-21.61532106692492,-3.065344073272592,-9.63208708596119,-3.8053021993128486
10.26575886853277,5.446463127406624,-7.974756966304665,-0.4235931998386321,24.73568758643892,-16.920663309091275,-9.579302707609783,0.4507168145661226,-6.9226293379071215,-5.894533667835009
8.353299776425873,5.979391787239801,-8.959085065531,-6.556670068872302,26.582428270328453,-7.178478001133577,10.937947123058262,2.722719413003572,-5.098840165026718,-6.374211253439792
6.518240430704788,6.145246697903079,-11.897721897523436,-13.133875825689204,17.87367544547636,19.021886967548483,5.465937952175137,-1.088134438924329,-4.442656833614439,-5.442742312069742
6.0593710286670035,5.260275532614227,-14.894990030016494,-10.491126267560006,-4.926297428317817,25.079647965783455,-0.39578196375170105,0.7147045393406891,-2.056951670605469,-4.417565620218278
6.808863144233546,3.3718976496011694,-14.518498354221828,2.5002749813427356,-10.886932568662209,20.69345196963421,12.0809481673601,-4.286216155370907,0.7145241559065315,-2.408269283977232
8.06566371878315,0.20864169985652314,-12.05455595070667,8.981501979782058,2.46150550654772,19.583249684919764,9.776011345609462,-11.735260852074628,7.75659606699976,3.1987664693028575
5.611181705328548,-4.492789968774183,-9.416712990325259,4.446255393699145,15.071764496195673,17.22104962099551,-8.486514046729727,-9.831199935837345,5.585993297101578,12.419236322089667
2.095617343883407,-6.100404184431532,-6.357877551446801,-2.3740151000428327,17.55060362712109,5.055364289021506,-18.678548897271547,-0.8427160000024195,0.06023341022878556,15.08052137289548
-1.2039726566204876,-4.210722963001575,-2.724013759875035,-5.468381285743357,17.672163688493484,-4.67066187616807,-15.614035719579691,-0.32176182462348574,2.7328182612925462,16.060076397889777
-3.1447882430329206,0.21843637633699442,-0.2125537156548289,-4.842484781092142,20.303328970887343,-7.644719065112126,-5.850605871108335,-3.1544848189847277,1.7850436044658213,17.177472200369074
-0.17116735126141164,3.602299321205263,1.3150538148510773,-1.930403677009289,22.104414019750735,-2.346539875850416,3.121065882327835,-1.6142899054789788,1.2368806059119015,18.318485370928453
3.6682216587443213,4.037482899165878,2.9243290564057047,2.279524181840947,23.388808024443886,4.125067253492232,3.6819618525697058,0.43232140032547917,2.856976803904995,19.558660428519993
4.336976125288562,1.846413612764865,4.765245907957246,7.847191323442522,24.107459692542307,2.5115916187138936,0.9905280988488127,2.5167989619380444,6.046850662251345,21.044300316845902
-0.9004718465122834,2.1435227451665284,7.528124014927838,15.490624205725585,19.83983465974099,-6.549470864926069,4.348535325945235,5.550914318282503,11.222544305608224,21.505163197571033
-7.734566281345579,5.5085820754531465,13.749705775818704,20.306305686534294,2.550404129449178,-11.771662978790898,6.77322316992501,15.098071646883408,17.506156960350943,11.712879225999966
-5.452100666397415,0.7336187636769311,19.906080156468153,10.586988449450994,-16.761050249954444,-2.9071320350089036,-1.7988109624997586,19.536271830267626,16.685944849490802,-10.473456980371019
4.233494532549983,3.5193602686905483,20.400235666618155,-6.280162019848905,-16.37947270246223,1.6165786424908646,1.9539362569360283,19.999722067767266,2.866289399746971,-18.613804062870884
-3.1677164244239537,8.05865001516972,16.09832675219305,-18.939789728345033,0.2604609078883628,-3.0516613738555862,2.2066777962661295,20.266952347772307,-13.419210718805546,-9.708902809489796
-0.47700920816605696,6.908978102111382,12.467498163895497,-15.430131637709351,13.754855971899675,7.361144731975045,4.2002389529450594,19.107813812643585,-12.882857409504732,9.822447127286507
11.686111677045732,6.587804011003397,7.306468765820198,-9.204111836915637,12.784881787579852,21.387187960765893,7.3497178058605215,13.660294943077707,-3.4748611695309757,16.220163565120046
16.186043081575963,-0.1813220349636274,4.952292657703739,-5.304539428255206,7.258726294185385,29.60407629751987,7.993202985984511,4.499855931591251,2.486314933192495,17.84720504878754
9.858841340471418,-6.423468397822771,9.449810340337928,0.3562463397562427,5.433255522826006,32.455333953960945,2.1461279094006556,-1.325128442743078,4.7531796243676405,21.488948143277618
-2.429906998432714,-6.533165712231347,10.486846075173633,10.226530539882459,12.057772449147853,29.20709004681524,-7.667798555092619,4.142385426350876,7.295983355542352,23.01679675256135
-15.781357723263413,-0.23995561172297547,8.325577335323523,20.927385424198157,20.72302605474285,5.883332523552333,-14.29025880312804,8.209870645447092,20.686522025027415,11.206787419094633
-12.864335505449715,-4.705269337024434,7.004663179305663,27.962200238569107,0.37619029518628033,-15.61067144561895,-6.774165663525584,-6.689439561546392,23.597249496463498,-6.709062456838509
-2.661049119130485,-5.852128372601764,-1.5404045331249203,28.602429249243176,-12.5306852786543,2.167895034134359,-3.801521859750617,-12.424198628876457,24.733380317602595,-0.3222154686998425
-8.072833283002932,-0.9168546657919623,-5.685747727729686,28.61321016702626,8.570716568331916,9.225965009079145,-6.346745041273863,-12.526281741370067,19.2957339702184,10.87881874658573
-11.334048225216275,8.811296098310034,4.367368379801758,28.010019810619067,11.17109314224783,-12.165900494255173,-1.4582797668276524,-14.416828376578295,7.601041632180803,14.317172094559119
-4.418047747041549,11.27635572960274,22.925275739038113,15.242644359318232,-19.243053772340573,-7.979107153306375,6.018047234653924,-8.35706727566701,3.131789063098331,16.252423133194608
6.095474255711882,12.56540989289597,20.796805793304216,-20.660401622315472,-9.231652862690604,-12.305104074874656,2.6585276845259296,-3.902247303203228,0.9266380284610433,18.00647793794027
17.48083632275604,8.422212108357654,1.345956802574748,-23.058692123239414,16.20604372831487,0.57451798583757,7.260784197124924,0.19499090770167488,1.6756987878196785,19.80429672219814
14.406429600267451,-9.118689735377659,4.443308986503178,-19.8129314771579,5.392508388615741,18.138830063897124,3.343159780829081,0.1748476364120361,3.8664542826119614,23.321970255353165
-3.6886619645747207,-11.028818751476516,17.22026747763032,-9.303829571537179,0.6382608955664147,21.23373747693834,3.23619724060162,-0.13621092661063644,5.722204928328928,25.218980368103548
-18.550246070638618,-4.383618912238439,15.8989211829947,1.091994745839348,1.7538078532817725,22.62786704661081,3.339331376362546,-0.7830497245739153,6.724081709687828,22.389433883971797
-23.719150175392873,1.4156379305987692,16.26952979638523,6.113192585275564,5.0801449559096366,22.849351910070915,0.46573327662175806,-0.5286624570220466,8.000588446001746,15.598380766322803
-25.095537383106436,-3.8248885527468923,17.04065694957913,13.827133151047942,8.667863568495472,19.745624194062444,-4.147503691163283,2.6244899815559606,9.795237583301427,6.130788766211436
-20.41944260980553,-13.355845187355468,-2.1528616117345276,23.219086106573915,15.200488177290833,6.3238568166840965,-6.732027536253364,5.100621260855339,12.480221909052586,-7.616832708099666
-1.9799061913949934,-11.535405685971382,-17.651965387522058,3.4933675431644295,22.95810134178656,-11.336248304540335,-0.42249709746129793,3.530990256134722,12.136722146997128,-15.026388420982109
14.079228624321463,-8.386711107294696,-7.692774249783376,-17.2145874493454,19.495631880885874,5.178786838548395,6.4130448803677025,8.05790932821815,8.249586734876829,-11.961192066991888
20.153660029506604,0.8020926266607283,1.8682343901861098,-16.73988878983885,5.976643958757973,22.052529696679475,5.253604960185648,7.378746203106751,4.169634088351823,-6.6896796351730545
20.893888883954343,6.434117069432482,-4.559828425602754,-13.07281867363223,-9.647019503580374,20.308269259594777,13.958084019585096,0.41660610757803884,2.947869308431934,-1.8664311567453875
21.72766284932342,-1.2023542009153025,-8.13851674074453,-4.068060164736574,-16.010134729931373,2.694727681537545,21.60140187517276,-3.241030627264727,7.277463891943611,5.937602711609104
13.527416448788971,-12.63743812263108,1.2010612334290505,0.036795615451319826,-13.482688010447323,-11.665488610912025,16.963995804472585,12.092149249567722,8.14331287896145,13.578799718244293
0.7644770338543778,-13.052644385956034,6.95319108251708,2.273839075677835,-11.828822529485258,-13.022554231583765,-2.678026266871694,21.40586894354215,14.612493123068065,8.632293639150504
2.3562280711182066,-10.534772151297025,6.3966167752373355,4.250355201224362,-11.824778849133686,-3.0268253746067666,-12.90652504991692,8.860944144492516,24.351728417442807,-6.019156692357373
10.200110108445818,-4.133764674768323,8.752022204725982,4.53686676784456,-10.300658905882623,7.77697208729209,-9.185606429023439,-2.3107733687199437,25.48557650813914,2.9904718036984095
-2.1635914590590946,-1.8157490520372714,10.657988667580534,3.3150584121198547,-7.4780759186776375,13.950858697645028,-4.126626195046257,-4.708128232603307,22.900462750131943,15.796446807254636
-15.705117419709497,1.8844209956848657,12.303889247238875,1.5377485103740784,-4.622120694367502,16.9147988953254,-0.5612279865626972,-3.2553541521529836,19.889758886566117,11.445553025648866
-17.39829457626051,-3.7442545314108275,13.518936389106534,1.148594411704974,-2.3027843102527386,18.086479079182833,2.2838722188833325,-1.2697541628832247,20.33431522385585,-2.0995069542660976
-2.6069145137408305,-12.116291011124082,8.476670514197366,7.502491573268722,1.272454316162547,18.84023399042653,4.842644135821605,1.1997126483127327,21.08692584060449,-11.578935388646249
13.256990391212256,-4.408133814749104,8.028849754849062,14.177440281512244,9.329644645306102,18.508100119542,4.456531453466389,3.754182133153048,20.478557839536215,-4.681748707072451
13.547237981304653,2.8962056215980723,9.856810459816291,21.1705670231126,15.71344899649573,9.044583560961922,0.11100650114569366,5.941664069032146,21.43428191603016,7.196474637974111
4.911941554229655,5.2128694799850726,14.386628330567344,26.337762939806353,4.897079740969487,-3.3090861803232205,0.9352531942956832,7.789628072261774,25.65891327975205,11.92358247167572
-1.453037880978467,7.074880517994898,22.2062771629012,15.226669080008362,-14.818213126906741,4.201180833789111,3.058439456691043,11.579214158805716,28.935310578520422,1.2890291384197274
5.492747276273368,11.247898419232943,22.72059185338934,-11.894158923843454,-13.452620902128121,0.9699602208732642,12.487961435534334,20.28543999966399,17.220128321057057,-14.034361791146452
-3.0186964196935633,18.5067797593619,4.630876017927168,-24.21256269770163,5.3573878927558995,-1.731517958652115,10.190780522913318,24.31613020943019,-12.83444420615576,-11.490076258005095
2.5218338611465447,19.462559972438957,-9.973696732185283,-18.82915341780789,0.024147497052823944,8.396595688230978,14.310607801058676,11.114594266445735,-21.136777245983055,12.484065580475528
20.89881837850825,0.880332228757314,-21.87381165106518,-0.8120518981778049,-8.715148945237296,2.683291946625547,18.04426964606241,-8.034750238244536,-17.109989508076666,1.615180497332373
22.375172755884556,-8.582856274882843,-13.40863410671065,2.7176582092184574,-4.565437068536709,-1.0617260896707645,19.244243874369214,-14.067158037208753,2.1447970105981096,-10.327762839275893
24.422557428846247,-11.796871946883732,-0.07532364928750525,2.657960979690951,-1.6865493349189429,-1.404061839362458,20.452718077608434,-0.5581425077101422,13.666364615996756,7.53636599957412
7.348198338993893,-15.285052557661622,9.442226213775074,8.614608391686504,-1.5690203772326445,-0.413658929425102,20.963900776634485,16.15444789087816,12.552910222892853,14.54905510351688
-3.901815616361646,-12.721638433774544,3.2208226174434818,14.263927812051332,-3.5844583066758346,0.3160440370072145,21.967034713449202,26.214946722864518,1.862344314512752,7.767437485971445
-3.7660745079810884,-7.523371869994762,-4.803797347300127,15.083561220286702,-0.1695973790033107,1.2443304592180222,23.828288079402395,19.974126012619717,-10.356629781511641,16.671459033729278
4.120126684622774,-5.613362114752712,-6.65304530356233,13.372148184692769,8.545125871955696,5.175974691078913,25.321568462212728,4.2192196242181685,-10.447421792898565,24.575189295089555
6.420702343749461,-12.124912184177647,-6.154619847054681,7.531123364126026,18.361809271656018,14.601341821876403,15.915124306019932,-14.577652650525998,-8.218076387392793,20.317067964335017
5.876187091137894,-15.239080964803879,-2.59604260481352,1.0243107551599198,23.279811599662384,12.778985191655828,-12.79197260015199,-12.80486359310934,-17.0832439805879,8.485943139802025
8.184682447607273,-13.463631082126373,3.5525841968501077,3.9790226628903436,24.034467990893816,-7.068558992206122,-15.881074126913768,7.049578738639326,-16.024669687503444,2.286270529475263
9.917292409739312,-9.796422737870023,5.495842734573955,13.694328727880912,14.716543409094161,-24.10747626835197,-3.391124673335908,7.743752073014009,-8.294583203453072,3.640478300206027
10.741647680939462,-6.930664919794237,4.954130435218999,17.99470661481345,-8.66911153226209,-23.01856799634415,-6.670483050108519,6.838944474880786,-3.2297916656530226,4.405679900188669
10.752817127560304,-4.780081051809485,4.746687143677769,16.47246901741069,-19.62803312294964,4.239977303963197,-14.632698830800072,2.765128770601691,1.6930746495930948,6.2805891762810795
8.920507859884662,-4.185546129681315,5.207320748156294,15.295923861903102,-8.276630599907339,23.224162702123753,3.9582174612994843,6.962839284872191,7.167122419319272,8.60567454980022
4.759610350889232,-3.5178453121846838,5.419134216066379,17.39093272449257,8.870183926052276,24.348178607986878,10.486625612193444,0.976815027043094,9.172744905428823,11.567665361003439
-1.3257933109282634,-1.831041639149854,4.5677226991481925,23.577046000418967,24.23000286708667,9.350026089536646,-3.6801067726425933,0.36582529144574183,10.38258437878812,13.782054497715391
-6.482181880962316,1.9765065695450408,5.922445663400354,28.923447654539782,9.485948521116232,-17.885139916981124,2.9526931021811924,1.2660949148030185,11.926822180954101,12.378439076156441
-8.827676853027222,3.4862807797863176,13.433364162018272,23.30539820150933,-22.42656796187489,-4.715218315410475,-2.296123058527575,5.940546189252104,15.08446985169601,5.546521624906721
-6.657581194252602,-0.7798843340821049,16.635164954807582,2.9746666493097442,-26.151993882698573,11.054961831693701,11.51719055704732,7.763029693544116,15.436166241656847,-4.469500279667869
0.216603282675154,-2.4376679804533428,18.29358086257692,-12.39922341700338,-16.902708973680532,-11.24022288598247,13.94123606803058,16.9004098755944,3.0412898179927743,-9.542611051428556
1.3330922615550116,1.011814950768026,20.123637717257363,-12.290413368786322,9.818827482688858,-13.670829355379732,-1.633441024555593,21.134167949096813,-6.8262128972551315,-3.5675411632244955
3.258527273069363,4.866434029457472,20.470731700186814,3.713045015559417,18.491612446658834,-10.246687925935142,-2.569728267493648,21.54115105740537,-1.589894842182134,3.0488716215840443
5.861471513699227,10.762327089216969,22.971881989351864,10.527950661033124,4.358147539013916,-14.44506083909373,-5.766863385376713,19.79339948767683,7.4681044851297855,2.9479524674508326
7.758846656349654,19.556885297688016,20.78045125505929,-5.881531880105199,-0.47263410583735654,-11.53262357443069,-13.520398682668228,7.558639313964322,16.938774656248818,0.5166297314673526
10.348224361992896,22.884293942555907,-0.5712417024127487,-12.771256936990431,12.548862237105778,-8.445662360527256,-7.600300505609569,-7.082483327537613,17.299828790984996,10.952373101572459
13.48060347512919,4.941641513865533,-16.659879490760094,-9.776185225104443,11.264250003101855,-1.2730999117724418,-0.20282550744453082,-8.270007651195083,9.118393721751785,26.032879175730557
0.33446459404915524,-10.232630519735391,-9.083161699973116,-15.864990381638396,2.601168926089772,5.158020259045685,0.6934763832213162,-5.822972382913661,0.8188906156145437,30.603363214782707
-3.9329987855352218,-0.9090214798456954,-3.0416738908211403,-14.621308615606452,-4.24254842849927,5.677888931771557,1.7078015730632379,-4.119481252828383,-4.1189266912453615,31.245412730465375
7.181009041524882,-1.352172951780822,-1.2344942120483369,-11.446405300272314,-6.302694844273065,3.1001043344808994,3.778071672487209,-3.2498228485149516,-6.604975992085503,30.218437482984875
10.064951824367242,-11.834784749041953,7.452454482813216,-8.37135832661691,-3.8966654827388285,0.8550054120386423,5.712042414227656,-3.249472201367229,-7.978214245627117,25.828059542218437
5.92435404735863,-13.623884517402555,16.641785682170195,1.7194849861522696,0.014829256034282978,2.086069479389178,7.395470670752485,-4.435431416383265,-8.68302347742196,21.673472661421737
4.079771218140815,-11.456074271364052,15.759813325647425,13.489513589454983,-3.252045523454518,3.937516608190621,8.253402598988979,-7.03748032768844,-9.648192676927016,17.997141376139943
5.126113889760804,-9.547415264231903,10.866357931397603,18.0462955652276,-7.13836763128533,7.925161763666728,8.879653310080426,-11.170495145910479,-9.784878681782494,12.890851233613134
7.110585559141256,-7.339286029115079,6.943011819592384,20.051014721643863,-3.316230634313745,12.533005077923685,6.3280272114053755,-16.435479820886194,-7.930182264324742,5.15287701457286
8.465709501955352,-3.431699726395461,4.8482244177562155,23.160517466580846,6.509436802670984,12.043062413125917,-3.771634585993827,-15.594344832877615,-5.612420783525681,-1.0325694209385383
9.229845739163935,2.283603103107863,6.223761414557721,26.378845739600145,8.790945642395217,-1.3138055058722893,-7.695292977742394,-8.996876136879123,-5.80599784706459,-5.041540068903352
7.615601284323278,10.585111263258385,13.440651175779571,24.23131210562783,-6.947942630575933,-2.3705320756341117,-3.626097658642043,-6.463676180499635,-3.4351894661688753,-6.508342477816715
4.021789840298515,18.633606216252236,20.09012643102699,0.7835582174433371,-14.34388371457194,8.802480044476267,0.45061500880942,-3.635798734658997,-0.276076116642496,-5.366873419235514
1.8974936033872007,22.54027155492251,5.214465434936057,-20.726648624529382,-7.37844661209233,2.5922259786190964,4.93054428030439,-2.081075540688002,2.827892957554119,-2.9324890543155044
2.384364078495386,22.844520459704587,-14.305829593048143,-9.17502769763828,-8.654967792597311,-3.992133763555076,6.391918071070157,1.4377855444567285,4.630866934401904,-0.5406057958440893
4.358140560068831,21.53443357426114,-11.179765986049796,14.819098331638044,-4.428469287282672,-2.8385336008428084,5.627152362556028,5.9557904768555385,5.572703237444322,1.4477902831853695
7.880851455967887,20.92048383320531,4.652167410101739,19.882586677686067,-0.7364952678418186,0.0917461653699175,6.758538054494934,9.789322459513956,5.605627509644128,2.8443433654945047
12.397521004345034,25.026811537628426,11.993759376111885,8.40314996457786,-4.460374033737923,2.7457460089862846,9.373344394310042,12.601898264013391,4.738623202638544,4.358584462095006
19.39780990026599,25.67085888436371,-3.591999669386175,1.1179486691234664,-3.3020934297766895,2.7181625408968326,13.465155742485482,14.235814512288686,2.286105571003294,6.323507246989582
26.131766971908192,4.756682681095102,-15.409706654460088,11.415949314579096,4.39959147813214,4.440633804301458,17.076231348797226,13.302727885358532,-1.484148303621035,8.041230526214097
24.951134883535822,-18.71538404193932,-4.279756072206288,3.673539886384966,13.821267305978692,11.12931343972889,17.692100054054833,5.797360392811608,-4.571786100025731,6.871241541377399
21.652379059122463,-15.698550727809723,12.933480049912587,15.484685480737326,17.661987907222343,16.884036725693253,6.3935914596302075,-5.380591723754793,-2.571057133987567,3.9908345141623527
20.992850748658647,-2.8474956342996034,13.197442171931195,33.58948753772547,10.649973640798567,-2.3336057923332034,-1.2341165743880391,-3.9185948385978318,-1.2717400776422654,3.831823240432301
22.77261092096229,9.861912343119545,16.239379673162333,28.826827543755023,-15.407214361819985,4.745683151864715,1.2836483627141093,-1.7407031227087477,0.20910878688087658,4.922847477203637
28.54333708532612,21.621211655791264,8.563030952121226,4.8115704046718495,-16.127965841517216,14.761973892241416,12.748710190354096,-3.591710733961914,2.180353542553938,8.143462456512538
34.30737518916752,-1.4812569290613034,-8.544587926998608,8.274305541664914,-9.685249558419892,8.76168166713019,18.28347030694894,-7.28490866450735,5.345142829364029,17.116185842603183
6.533600378542123,-28.17252805102174,3.4539685830688946,10.600480566540853,-3.0870477810716133,7.526483790821044,18.88840651897533,-7.168419085265456,5.662361413812614,27.078287592084624
-24.960859965665982,-1.2711507068531849,-14.55556288764265,7.678274765070371,6.0219707456797975,9.441340169861796,16.568824205502185,-7.636285488075392,4.167904754206051,26.33132469398323
-2.330048998414835,27.946124873223155,8.56156086442184,8.875018998515497,13.978537366100452,12.729978568076001,6.640127750994872,-10.434086011330526,-0.1444178023156266,25.37182212206233
33.45331408464225,14.997586535678193,0.29874457679386246,6.170576712727818,16.45466578700911,8.992103047259482,-5.61408915163962,-7.467451677982456,-9.121104519696848,18.751411304686243
40.359525034367984,-4.461943456592504,-0.282697491175846,5.385089860615994,19.56435791449113,-1.658300814978558,-7.516519442075084,0.237005761249414,-10.242722513357233,-1.928804447420009
33.11248251380459,15.849971634743591,-4.384454580998422,7.7600590819181505,18.36519890541085,-9.717385955535871,-0.010835560914566056,2.862180655276207,-8.417138781886422,-15.752143457154807
4.617781339987615,25.25427364975615,-12.523613111945393,11.471992362377724,19.52669757139133,-11.401509758598271,9.660488106998148,5.246228757134537,-10.676442910981958,-19.88016723640376
-20.311629633763314,16.83800307584818,15.644437893488506,13.287079321191865,13.600947374798345,-8.024160882921455,17.538311669499265,4.283358458783539,-15.810791956289235,-6.169697544479017
-14.629903069268465,-1.2155993651624983,27.697281102819858,12.421227267127275,-4.0147180119926515,-4.444531470977068,20.010927593679593,-2.9714213898629467,-14.014374266647806,11.038512306772036
-6.8771231329063305,-5.697748296802008,24.72554722722769,4.72777888831257,-16.390546685551893,-8.443523915729774,19.50751001107104,-7.079966186577987,-9.741752954192519,15.369092961519467
-2.7640843219803855,-5.321788044523853,24.26785913105562,-5.276901651220457,-11.670173713001713,-19.188772942905132,12.54259480007788,-0.36220944104637676,-6.928496499889357,16.523500295055417
-0.12051665554084703,-3.8136093120786674,25.802197996962114,-2.112405310722827,2.114005786232275,-19.801009715344108,5.721565035181131,8.01572680163792,-2.616713141643014,18.98999502265119
-2.9479080670797386,-1.8748431069520202,26.29696977819442,5.8219514125279055,-1.0609201825175985,-16.469440561466783,-0.10444576634260891,12.539773131492483,8.115309400273677,18.23443372558489
-11.387351624240639,-4.729608709517649,25.443460680712885,3.1314344058184607,-9.17357828492263,-10.601313694955826,-9.56898433310725,6.502378150290938,19.45245688815494,6.675341762039736
-8.984398774985308,-14.799214690971667,19.52968971571243,4.408037310458563,-10.88862802363688,-1.3735878314737922,-10.478641750024662,-5.706379761394638,20.95729327097263,-3.0033355095299497
-4.324788287972501,-16.925135326640522,9.902453590454611,9.599541800787748,-11.743388575821943,10.040379338799799,-7.588327649011913,-10.67325575155093,18.345848255885844,2.0281267490458714
-9.936761197372224,-13.429158613801661,-2.1120458015199635,12.32892234787189,-2.7448599810812637,18.627428592283945,-6.988495896660867,-8.570189787533339,13.591411308652198,6.530295743605146
-13.53127427929527,-2.573711321096658,-10.006766619538933,8.609890204080969,12.452739569141457,14.301850456369452,-14.225153154577,-3.2641123831579466,10.41954542924322,4.937276511878865
-12.172089920179477,6.661725160282657,-5.32802135191749,4.48228346102532,18.649062245539227,-3.039421062074837,-16.63338799824372,-4.5915194356923035,9.078779700822802,1.7523369267619902
-9.523627466431641,10.056263287160746,3.4611599554002734,5.479138721338295,17.38811140299815,-14.188987736779238,-0.6667456260390293,-10.182560750462173,6.461981254963473,2.683058351027126
-6.797357901823199,9.393301132236546,12.741945513873505,8.926935708387383,10.636446619905337,-11.217122192442629,14.6391058658359,0.8466580590969188,8.630504191375783,3.532435565252084
-4.197835619561425,7.31251771349719,20.11428344719855,8.075885750173637,0.9783525615308728,-6.840727970255368,15.303116950472898,14.877181037645572,4.06783508846526,0.5183226005372074
-1.6921767012422306,5.731135695982607,23.656937373445658,0.5008385194061521,-3.62275134288316,-5.2455906263912,10.634894030900808,19.72113282585318,-4.405989185790409,3.0959482811822014
4.172393311892328,7.993277581996351,22.751839437098155,-5.89784228878414,3.193877239305972,-3.6098431737224828,7.135756238834291,20.526174983499814,-4.3142048268107835,10.046893598220416
12.452904098759795,12.727169904263873,16.03823503841719,-6.5004849836172625,11.314983611426072,4.002545299480533,8.26580888181789,21.28210367585447,2.018189306111143,12.357727395593345
19.103470382687988,11.368835639092413,3.449887300408169,-4.442155828774169,13.021149899587382,15.882827485225953,13.453358205909453,19.285968688088495,5.909860359135277,12.932111619775448
19.81971423078389,-1.3685674356306852,-1.4701835502078402,-2.5831145893223493,10.744463857969336,28.233373880304303,16.862348632068173,7.498730098937943,6.2745693405886405,15.7441527692823
7.536127898456574,-11.602391107418464,5.885607608192575,1.4432240361524422,10.288795806177914,34.77220493739212,1.77099304940666,-4.392811235773804,6.585898315294183,21.7671127709789
-10.084567001864974,-7.444801901134242,3.9255546244646493,10.317262228524381,19.077891139564183,23.32497226045851,-17.523220633260216,7.936836337436884,9.922926664509314,21.752257091590803
-19.62384701658962,2.108880300994883,4.034721615411597,14.767526897468723,22.00021929343502,-11.251983257347353,-17.732575230549823,-2.2666025539840606,23.253757112673913,1.50331416293818
-13.436913488017137,-2.9499928602642043,5.560887862885237,19.542780080232454,-0.3204871206435751,-24.121434888617554,7.196948975224628,-8.905939810958463,23.8782177862828,-4.248480310377679
0.8362003844635253,-4.807414927584352,1.4129439924794163,19.505353558238447,-20.298381104679056,-11.756657495377134,-1.4896409555774968,5.6431801047745,24.326193231824895,-12.065431872073672
15.117084936557257,1.8534779259425707,2.171512786148991,18.983200423635655,-17.3976115017445,13.045814199505543,1.8578928648188695,4.3170235113806,23.445949032902003,-4.117986928085379
13.598277704006474,4.3816850480932406,4.5601070055622435,18.26626631916782,-1.7519794855037367,19.47711205489717,17.002093603850533,8.455910031911591,22.096531171345962,8.25883753262537
6.948066092896943,3.7982566363017343,7.83716359126524,19.84460182528465,13.059980451018886,21.14816342091904,21.84079698710117,9.873951719746735,18.28615595030616,10.487021971525193
2.7787612539100555,5.625208634188279,13.818245981080798,29.11392303852164,24.845121841730563,15.188600521878234,11.994245772932269,8.09620706311838,15.782240550663275,8.587743471714376
1.738655409850578,8.56480510771185,26.35579136535621,36.72742937276647,-2.5882250347146205,-2.572026300482884,9.63646428074616,15.10541954426506,15.112661596302221,3.425819990874383
3.162076920810056,14.063952078525897,33.633797770565046,-12.59902338745401,-23.610199989537314,-1.4867809268581467,15.570676982529294,21.36961057972871,4.501332856803738,-3.7222122177391848
3.4954877097014267,18.89563429110478,7.097780426877958,-33.41670611990311,19.575806778130893,1.7313072459370202,7.481270328006367,25.26535935075245,-7.698700167395381,1.8914329729133406
13.25111277813736,12.262381404247765,-23.333949688434632,-20.85498932141359,-14.686177140936366,17.196271223888377,20.668015821279347,10.078265739079638,-10.549072313492934,8.831550554755028
18.436440143336277,-12.022698070826367,-22.901533511618254,8.786847729660467,-20.376096960325647,-11.229353800442487,23.454964253233364,-1.5830034970035853,-8.596269757951866,2.7036095157553053
19.4805005406881,-25.742941216069877,-11.005384175251244,8.919838009284556,-15.951263767204843,-15.05296318551462,10.561970985328292,5.992469336489375,-7.822605465904634,-1.6454986473773563
23.17256674400466,-20.605606188674233,7.1069826715567395,9.260923960947432,-17.49276041941651,-8.472264199076866,-2.945771470996541,8.88634543638097,-7.841527931643487,-5.086177655480896
24.33886891677469,5.693573033447483,15.066825726549059,2.910726143007055,-20.05117574042763,5.021458234780224,-1.9803391169098419,11.563624522149746,-6.857170290251403,-7.606030789844369
14.249217828912617,23.343040088882738,-4.160042325657945,-6.359955679422649,-17.08802174875466,0.39193576341500413,6.087223927688899,11.062008284016459,-10.987949621794634,-8.810191682379521
2.2841227157818267,24.024152337393197,-7.230844364875611,13.316308944325653,-12.914797900463068,-0.3102105612775034,6.0282765909873035,9.011234572091004,-15.145859271957242,-4.871227985392607
1.7959767948301772,24.957496327201632,11.309228940505543,10.369124244211186,-9.931228682779713,5.315635233204177,10.06176316716254,3.202511508373705,-15.253555136441829,1.4574729820128187
6.466728776171365,27.88588560293499,6.762326816745905,-8.566235060035172,-7.507548007998363,1.8035603856509494,13.43828022376946,-5.532878960690145,-11.891220344789522,-0.32311891593078157
4.1454287664784415,28.321927033683767,-9.902216944212402,-1.4355765393263258,-5.735313304419442,-2.9860010179833005,14.72405052537425,-7.9040549178758575,-3.0978872932908295,-3.1997599227933082
2.843428921691388,28.223959511336126,-1.5995760419303475,12.979061498822626,-2.2984710254644747,-2.7254873066364187,16.395179805127015,-2.7021361600397427,3.7043972158211864,-0.978141778198607
5.139288926830242,30.01960856839925,10.528730533119873,5.6731951328439125,-3.8737195406579485,-1.548404168656534,17.18919196088929,4.960467220330124,4.574103543587364,1.487144886209615
9.934628268921053,31.465734856239422,-0.7852344571943218,-3.9847689127667785,-1.5889472196913845,-2.0443387190428735,17.48318995485348,10.605180704143798,0.36294294062747623,3.2387462275618106
17.546893400320794,22.444528362970857,-15.144921188949168,10.50389415615375,2.3476094361006807,-0.5049058799117797,17.516147339511196,11.359110907285435,-4.798606200614386,4.625127035041791
22.627402124767258,3.1792250691941817,-15.827461001980122,14.662994953328745,16.768830034708238,2.836844573322639,18.298771590346888,5.78186256308565,-8.851662429854388,2.13248946042801
23.546976740882332,-8.75396053772868,-8.897954251379861,-0.8595218729678858,24.87708630120569,14.180844655132148,10.509550041733984,-5.026458031940425,-6.595819591343506,-5.164675210951248
24.991695201903234,-0.43289435460339437,1.5137953020064152,-3.3181214316309435,21.991384834399618,17.820960526737938,-13.706216504402366,-0.7893092854653327,-2.433300776874814,-8.980998375835823
23.24280890621626,11.248729346699776,-4.782130835876445,-1.297840111524774,21.81793318774536,1.6984717351330838,-19.55354163391778,10.163814472476167,2.7335617657841067,-7.229225305060707
22.862791770923646,5.752344036697453,-14.730286712636056,-5.188334550781333,21.994369984231998,-11.679797577363269,-11.522077136316607,2.110769220555818,9.018556397016583,0.2010952654516713
18.179207294433784,-12.990296545805025,-4.925113990353374,-18.295476799980232,20.721192694402554,-1.4293326533638469,0.45608889386403306,-0.7252580575553145,10.233781338968127,12.866857801115417
-2.928000492003583,-15.552691359259939,13.770477454406503,-2.9835687678635705,20.867161019391816,12.990836944685846,-5.047699002342787,1.626542598784846,12.095748078980915,18.247543644369614
-20.504566784743513,-9.445829636248295,2.2675767092978267,15.1645717105193,20.283608176792015,-2.962266627595692,-9.392901503861575,-0.24768046743465283,15.287810653777438,9.533794351290771
-20.687010266183535,-1.6231619756679703,-4.395779346144895,14.122505526884522,14.325632567679298,-17.295972861676205,4.563693538253443,-1.7130057329745005,15.815878640880879,-3.5748175431880305
-9.072440457077303,-3.5941681261345866,-5.124061966906087,12.72684186453257,6.972684044713818,-16.73102687881206,9.86556167714195,14.628948433248787,9.980849135500238,-17.02269420530739
-3.1580889205898757,-4.156313159493973,-6.351777832514788,11.7079978821571,2.2121015384018095,-15.393908207675498,-0.03030186468389271,20.954559446080562,-9.401586132985914,-13.69216385330283
-3.2340239840986134,-1.8810887006966692,-6.482123351394697,11.38698361615687,-0.1311351841332954,-13.343114621070715,-12.343717059259033,20.395182411637588,-6.556812796925537,1.4502357745084233
-1.4769054967287514,1.1357044799522138,-4.62802582141187,13.37209264662475,-1.865901547511873,-9.035402083672574,-19.569957005408316,9.510046067220022,10.993358895848193,1.7170155515418064
-0.20594454010360755,3.127645138788157,-0.6128376528627388,15.326015372797569,-2.2067758904553596,-3.359414280352603,-17.98458752475837,-7.190187967255053,12.93412782375946,2.781896868012867
0.8669404174611867,4.907797958232229,4.3744582130622,15.740367669488311,-1.7939538669048227,2.096622014225177,-15.04379267172638,-11.91009504878848,2.5384818778203373,8.828438161674388
6.476824558786534,6.498092989904311,9.169690346371441,14.381360506337554,-1.709737629383901,6.290212711414451,-13.632280346203512,-4.511969081111522,-5.870765693943786,8.78272032740432
13.579357634474743,9.468014807158617,11.663502217280984,10.773850668210864,-1.4382712948614742,9.980876292781613,-9.866192026817444,5.7189146540675555,-3.1747354496084452,7.896403150525239
19.065046416683735,12.462969540708823,8.567468946204912,6.01839992827987,0.6788611470104704,12.040480052469448,-2.4064372048213905,10.816102266242774,5.0877919206014175,9.769239065610707
20.616628889970173,6.707418645343828,2.2537896536114803,5.5420521297928,4.3345931650966945,12.909063187449147,5.003723789165819,12.192360553975524,12.889328796036311,15.276950029147123
7.775594850180097,-3.282358632799411,2.9829041720116827,7.834650775076261,9.931898175693963,14.759295523631161,10.699075020372137,14.590205135890393,20.246837512360784,17.74922227829615
-3.645311454028254,-2.104474564048143,3.5878839808164718,12.285855528562411,18.033090782440965,17.912836129951376,14.883106998218516,19.106734611165386,19.026507741187167,1.4865704017915486
1.0173788009443228,-0.38279695240884337,4.383309222205821,18.311441152356558,29.82104722043647,17.550694064182927,10.66802839532101,15.019240350624976,3.421263248832554,-7.998243179136688
2.100466049806603,2.6678824752333847,7.205124384485897,27.858791714300754,30.691719313204228,-7.719479477861914,6.131381371655001,13.514516868198069,-3.682855247652408,-5.27788481179764
3.2821346635630992,6.197624054353304,15.031619163217051,30.87304285610493,-11.603075997497442,-18.015222202502017,2.029569649720173,18.738355576034696,-9.017238245251548,1.5999145924103482
7.7647973635752265,11.542030137372922,20.386396669098502,-0.6853531834057711,-30.204280788927125,9.262558946586513,1.7860386463390003,20.186061980259453,1.313197534697397,6.684415964332294
13.4865116230629,15.49854123639074,1.9001164299490114,-24.271580076422996,-14.189410960478222,-14.246416207748908,1.3047883373072695,22.475722039411174,3.728039273492817,6.959427426728692
14.784891427559884,4.85802791164974,-16.37111149474172,-14.679971035880493,-3.271154073577542,-16.351661640061963,-17.468740240983582,8.488959265741128,19.246200396270897,7.759293351641164
1.1219438736776282,-5.875169922643285,-12.163637394985635,-11.55407056688927,-1.3407149858220895,-13.051954285399269,-12.249630698219582,-16.791851210099946,9.873251066812516,22.443649480401785
2.516662788342709,-2.107334303437208,-7.7461260031136785,-10.669754551619954,1.710765569166367,-10.291467633260671,0.7941451230299392,-17.673452027188826,-14.653950258703809,19.944212042723876
11.076282891797694,-5.105630280882048,-1.4652096538303632,-9.915618585557223,5.16337036351425,-5.006913582660793,10.79651396930815,-18.044043607687616,-15.13850184882964,-0.4233453043089005
11.882190111541757,1.1206183766836153,2.745464359484732,-7.098481443188424,7.604724751489536,4.288141505739269,12.621036328349366,-18.400966548793406,5.105672752771089,-6.847460274695764
12.476926696258765,3.5761492287900074,1.4631350148645965,-4.400213444157285,7.720517968239491,11.657790423341327,4.427653135708069,-14.100290344414118,13.132846510372188,11.05124000730745
6.560301684188327,-2.115193091671484,2.669194149783262,-1.4026594017783034,7.681349493643514,13.426594557920076,-6.6134374009053385,-10.793794133557732,2.883542843723027,22.70115410789046
6.635622593945507,-5.625858573765002,5.373822535619453,3.1017257971324845,9.523419172031343,10.111653842217239,-13.219795068410974,-0.41889055228090855,-4.905303313684372,22.36916964135675
2.3454344595475134,-7.938189414639703,6.745852528514558,10.481178290446618,10.433924299445948,1.5090012204384269,-12.612766997118504,6.4128835943851765,4.148678853325287,22.554994230130216
-11.677709132132373,-1.5997231579080093,3.8064245207317504,15.528141616738562,5.941887110360064,-7.174119845983896,-9.43652701201432,1.3557339039955523,13.352479414995702,18.497684689084853
-16.71231735814066,6.479861481654318,10.803336410938101,15.874284513962083,-3.537199978659043,-6.904045403484751,-5.468523612645406,-4.533010971545253,12.410340080374455,11.067075505719634
-16.420890655646442,1.9602679696800884,19.52351023919749,6.218620100422105,-12.036400862073195,1.6829052533422837,-3.3739739653356966,-5.344582770252167,10.658282355334395,6.268390319851391
-16.412240001533583,-8.685187554876945,18.12962683782429,-0.9784128298350162,-10.950191034913123,5.804566092578209,0.19968703191754877,-3.861769900254706,10.933473079189808,1.9893959982332685
-12.68906237110023,-16.94825015991985,8.826716202227754,3.1486502846490727,-8.525732516690683,6.785651200926332,4.380592042789875,-1.0993777168796117,12.222239838439762,-3.068016121236543
-2.195635294183737,-17.68941814102324,-1.1157226977556949,6.738526378398995,-5.094035577819569,7.753863905297273,8.890377053469551,2.812868677767025,13.080075150373352,-6.279941011872357
8.252741677062295,-14.249726344479233,-1.7730737939029249,6.857088848445415,0.7691350368397091,9.075901864679384,13.329748120824188,6.3632716112450565,10.43525602927087,-5.001992877954123
12.984223644989273,-9.88495450035533,2.2371125723210117,8.607426768792449,6.294974110637988,11.922263232701999,16.21637000467315,6.270600444098809,5.722661837188925,-1.411900059380949
14.027581925994395,-5.247877340081686,5.262016273324823,13.44507667739038,13.222826308719412,15.184106483768577,13.383991555604338,1.0807272855247607,4.4427453519356295,3.019452141453621
12.620618875390448,-2.7651531784293155,6.431613716622141,20.91633959800231,20.28316958692401,8.777347479844433,3.3779246554476408,-0.5086413207201934,6.247069796514078,8.447402859914673
8.665691944019862,-3.217554026671316,6.003819743972698,28.499216221257655,11.972286192442096,-9.212258716818521,4.838569838963977,2.775498673532118,8.196991997540325,13.459072380088395
0.8907529617807707,-3.2394134703109128,3.762970210537032,30.327770637362654,-9.315357597244917,-7.223838564142596,3.812420727206368,10.085598813834052,12.514149873517548,13.661699453540471
-5.09264654773513,-0.3935183136247903,2.5808234341043503,29.36650360461879,-9.045154250807661,9.470075931476998,7.56382694412946,14.186597725019936,16.662805560786666,3.5605116810193334
-1.7282848126396821,0.4197104313479313,4.926242393957262,29.776590073105677,5.709583498211205,12.61043490956247,19.15761331592837,14.785726763732626,5.136744004066876,-6.820761103569771
-0.36560675960951344,1.9770625267514763,8.712417268959484,33.507130450227955,14.231664329565255,8.33644169259522,19.88722293777514,3.3332786507656573,-5.4373850308960066,-4.149938111790016
0.6006892261665061,3.970014210514536,15.080574700758763,37.53790510290859,1.8634441968483313,1.4667582567428201,18.425139678137416,-3.0230368211476706,-2.4431454160041595,-2.1833707959286137
2.147321219704352,7.126185485483166,24.12038837650205,21.634032834463948,-20.292745508903636,8.227041699167367,21.576980537310472,-4.850460218539423,3.262275077415541,0.32617550597523937
4.2710087451871,12.136236874939232,23.670363033308348,-17.277878287135934,-16.21580024581514,-13.547917489155488,22.20934105639292,4.668710022015912,8.301314656610314,4.01907428497213
7.86005604250552,16.138533264543067,3.2314585648053704,-24.375812786626824,19.319143468586166,-2.5686780601752432,14.445359823250703,22.376345190627767,0.6957484530920812,3.729990519794095
13.731147670268404,9.474053279446832,-18.20726225600039,-18.587040409984386,-3.2421453309023476,21.88796317462508,20.917752715904808,8.398566496472707,-7.262427482125827,6.117613126830084
16.92281296047977,-7.979419928833742,-17.383647175489386,-1.6323990104881982,-17.85365161142242,-0.8920358338361628,28.062375664372247,-10.743765374762795,0.3925070654254317,3.5856402196522064
11.876138551684614,-18.785631764639547,-4.8694296911026616,2.3577549719882427,-15.402538211462891,-18.701204894050278,19.264317508557355,10.671870419454395,5.182211195282937,8.76825977554996
2.593458051727789,-19.336617247330462,1.0797821527655567,4.007969219154034,-15.47320362543964,-16.54624066441836,-11.206711614777662,16.973359287050936,11.368831089934728,6.859417205431241
-2.165622732598386,-16.484188292848845,-1.2886351751098872,5.769736488478373,-14.493679520392238,2.4819046252422696,-18.165406014753934,-2.284128637867965,19.924631578293294,2.659788197076796
-6.963024535601932,-11.619675195866284,-6.797858849443218,6.717581492472013,-7.0165059677207084,16.523108352235724,-12.948149522345242,-5.84723910996348,15.364229584939658,5.8012941291878235
-10.109942898320842,-2.9807403653702074,-10.232085465257668,5.913209328717138,3.8351713318543617,19.221506075341182,-12.449412873906912,-0.9582168761968881,13.372283990717074,3.8820826782007827
-8.48667833988206,3.8903468730564126,-7.02964330677235,4.215788934288337,11.616555547211629,12.682397423358353,-15.3213031608089,2.5070310791724495,15.508953381165027,-2.0573252975962055
-3.813485671430723,5.899131376775888,-2.274565079064196,3.850666306020044,15.282827236688085,0.526778170522121,-16.63887368243551,-3.4606242603516444,17.09113584257792,-5.374687985918308
-0.4432761829995971,7.414515516047221,1.8893039606187871,5.762347498399893,15.187619941006918,-10.8686553929206,-6.11405661465855,-14.442513058151748,13.400769939030651,2.579851544372238
0.15139364631585983,8.866836622582825,6.492984248585663,8.419814032486057,10.88828520441709,-10.96619049618088,11.33872673545158,-8.21926217370118,11.470632365933593,11.737763875855778
0.36297943046149306,10.199842741425122,12.117269812382503,8.626750950316044,4.49437512814797,-6.392626423825007,16.16205485139915,9.111466862723331,12.816196121526986,13.240834579927336
2.142361924189071,12.395731105275898,16.36816947730747,3.431928903900074,-0.09862870400474277,-3.377890327678897,14.065962357517042,23.10275751304087,9.14299699087397,5.921226779264084
5.495992513211886,15.905864206341166,14.171790626909793,-5.089774605513082,2.740512592888609,-0.6075016547360024,12.710758798956261,27.881088271740555,-1.693964777193399,3.26953345408288
14.74391065300308,17.3456366516179,1.1810531094712786,-8.029656709408872,6.201278809457993,6.817896263017954,16.755098745396896,22.003568687231578,-9.869739368111416,9.57158254068257
26.424384059796637,1.501859282170891,-10.869909448127533,-4.607642646197377,3.0832483963861863,14.63390146180572,21.378856815415645,0.6084385589561639,-12.72289308850037,5.409455504998148
27.676389603297118,-3.9723790442786218,-2.6537093764014923,-4.292181564956084,-0.49370947507421603,17.348910269436566,12.468816705759714,-18.742975756052946,0.8073032435505236,-5.655215002941908
27.308772235908382,-3.5990312504026636,2.9946481009307226,-2.0058940274624146,-0.9486738661713658,18.209683469367494,-2.520164925714334,-18.877005057787724,5.670529989731485,10.54392888351487
24.299013997399143,-7.725471114046261,13.259355421309909,2.970392822362325,0.8004090842477989,19.11812674469643,-13.14715798583315,-6.821934702734547,-7.133900919642965,10.581764376882138
26.22896771370486,5.9219678459731355,16.328094352005717,7.616070034094925,3.5879662066018683,18.088427580523227,-10.190644826044036,11.083159182434088,-2.634738466009783,4.9973270565477685
29.868087066703186,14.817923746703032,4.804374853765842,5.701926688446358,7.102804983028975,16.399210226517077,0.613160614388452,16.46168106483134,7.257489051823161,8.31039558871641
27.260461946595214,-3.3360117753956673,-2.3608233459508177,6.43009139552384,13.78616147219899,17.14647905043035,7.599825725191131,16.78082418536075,15.131319985421587,17.126377179694874
-0.30178312493427173,-14.185709152161929,2.203190901265372,10.056807097437929,21.683991883949002,18.887837516737633,8.927489938420445,18.631725543698707,24.499141291201617,14.1486496118302
0.5198791676186448,-10.902280369792853,-4.8859216037922835,7.81960449484228,32.16657609761796,16.29688900842494,4.978701499470462,21.735181139146267,17.4402972194336,-12.483030920401621
14.842805843469497,-2.5647100653017705,-1.2533091207702074,2.053750507551664,36.43931749201456,12.096774794273918,-2.2872716418755035,22.780654555884436,0.48070129552914254,-16.167921200430875
10.555723294146686,8.478412243279553,-0.9854263036646553,2.549240610280543,37.34422928716822,1.3214782748991853,-4.8466522640006815,26.15127913868366,-9.111232153428897,-10.500871191278945
7.267042423274571,11.348438118117208,-1.8861138607729944,2.3971986845429765,37.31606298529057,-7.7536319745158595,-0.9361892533934923,28.03864423660634,-8.547366201832137,0.8870213705772285
12.73415729517195,9.005150031905726,-3.663763357958524,1.1103052234626043,36.79334777091493,-5.984048647754804,4.371462302500858,28.800930118324544,-1.8664746601302387,7.835528400950709
15.539927965379398,1.1177565353240795,-5.199757249638487,-4.123465720975099,36.31741819467686,8.377505180268113,5.9862404726196825,29.67558065358842,4.265741633129064,8.175461810063483
13.804924523889595,-4.6826591930125225,-0.6352987948149921,-8.025248779128244,28.543508794224483,29.217861999223217,4.037340543295195,27.54887071894954,8.91636896139559,5.37880351479311
12.875019489596848,-2.68195455742468,5.190484863516079,-2.391359295191394,19.814884360686044,42.796333875952655,8.047097271576577,19.82577924910059,7.58393584736083,1.860910757573658
13.571757427982291,2.0379210546940847,7.250649634873523,6.271397869418101,24.16350770052903,44.540794768620906,-4.256253398777504,13.127432574764935,7.509013890163251,3.429236915997891
13.602413844822737,7.450890013105224,8.772849466214867,18.35897046937427,35.0404502431991,4.3579120741688,-18.483938016227302,20.371355214472565,24.69956052957151,0.3571444601581575
11.859478830277666,14.308255366026886,15.898016254757735,23.685652593073478,-2.157301996373436,-31.527673040859586,-2.63626398946441,-3.0684047750199346,30.925034823603543,12.845566983773875
0.48329784047219704,15.071617823730215,20.18265727771397,-7.8295826256597465,-22.637293843881274,-14.06483264473948,-11.383248052201365,-16.608169219491714,16.444599291855187,32.875518200178156
28.18036292213464,4.836038761715122,4.820026479694089,-22.253668566763174,4.482429174408465,-13.530552050968783,-1.3412488087730687,-19.398112244783686,-21.78979940315163,21.527513630799877
21.55999925824948,16.10848493298447,-7.124436071790724,-18.3936638937285,13.627172986129924,4.157652274916863,8.545395389159818,-20.43250283745807,-7.416966196009627,-25.427451027763034
9.101243091037894,19.55496303477326,-27.859229712029734,-0.014801144738490257,-0.1086952169148755,12.029552169168603,-1.6501490743983138,-18.48515742072641,19.135834166529484,-10.619301681782124
9.265786812362338,6.175494569332103,-25.61946337368386,10.006272825016898,18.342168965015137,5.062244426437255,-12.55649269444848,-17.874144492001694,10.58795311300191,15.563976243103873
10.324099592767043,-10.815565860720557,-19.133620611143925,-15.2913402442014,19.10219199923549,-2.690961775309211,-7.0663418754967475,-15.199906598625086,-12.54238670812538,14.267283003839323
12.022941569526363,-14.610475155986425,8.175019451663246,-21.751882020994568,9.749288174243658,9.096715277334754,-8.054077052435888,-6.344612913049583,-17.253442299193082,-2.269403578255262
10.322611804410704,1.2073237558509595,19.844657353022985,-4.0650937765352895,13.762715389826544,11.763803440315181,-11.459435338781732,9.758630846370112,-14.352636476911814,-8.37539685431584
6.560295206248342,12.721321744335965,18.90120475518432,4.450913941226979,14.210575760959143,5.187467569752182,-8.215908059527642,21.55916071463197,-7.7515721396254476,-1.5299460454242273
9.265885683963443,20.738300725102558,17.13079206941797,3.1181829942058408,12.030538703827316,0.0593688188130611,-4.987435317671323,23.954275002659568,3.232641153303959,2.1586016823861094
11.80435126200858,27.360612380534068,5.182542105394908,-2.0649574839613445,13.147718062203097,-0.5847390022762684,-2.995322563982475,23.363328611413486,10.840239286208911,-0.5308576307462398
10.872661394616078,27.66237412139778,-10.057591472221018,2.1125445364512436,14.674134743166212,0.7333122193639094,-0.786906249263969,23.108635556415386,11.259142336689711,-5.2927377114765335
5.47864498078959,26.275534902914178,-10.584457939729782,9.95751007418362,19.41959798392626,-2.205558947659828,1.1908105773032742,23.91603379803952,4.224977968879128,-8.868581816969439
-3.2200222949124666,26.723252570607798,5.687782300009851,12.456744604410332,18.606167401536823,-10.281864036147828,1.453257194758125,25.16305944283739,-5.29571944824045,-4.837993561120691
-0.7006739462627031,24.956367815142375,23.100413290605555,2.8667329181327483,7.5150386314451305,-14.086956733462142,-5.089822482442118,25.372421923723735,-1.6295665398955903,4.48047411783457
4.800278905028344,27.780180852858877,13.491911393798294,-10.891911501755173,17.7283472662466,-12.972654352853453,-10.234101590298438,16.77263530469914,13.814387325898249,1.0397878567260923
5.984454869452984,29.173043831394533,-8.305988278905733,-9.573098076010425,25.556992573260583,-5.748866561155281,-2.748585636427533,9.066141972999272,18.563749549472483,-2.367160610467016
6.524167108374461,25.546668632978296,-23.709895137155485,-3.85130741738003,21.08890500382228,3.8265390976534226,-0.18369177161394712,9.46935735032166,19.069803857563382,-2.739101761387246
7.722764676337645,17.99765990209745,-29.41093840484271,0.00401237238225835,20.42060000646448,6.062900862680258,-0.7972973742641152,10.722391479727149,18.75047894644313,-3.5533329296524236
10.095504105550722,6.958836921305335,-32.95743141276525,-8.164745217465954,15.239687579884999,8.930455236632813,-1.57564577789613,11.374025384393251,18.686326221428953,-3.2466336727157894
13.527016181469115,-8.870775619123203,-27.895312760633807,-13.1425802734136,-8.970599069131065,11.7040080494327,5.07567558131697,12.508186712776375,18.122682501934726,-0.7835029030513874
14.778719733833855,-18.98485642218847,-5.658337162017668,-9.606560712781446,-19.356956716654366,-4.961405233256385,12.66949545741125,19.963076183549095,11.004097011284628,0.3522915313142926
16.003247517732607,-11.314880103031214,15.62785262418306,-6.532349433723558,-10.082086423156333,-12.941711558796445,-6.463520355737886,24.114178813586346,8.005176585321873,-0.7260719954958477
17.77363695739878,7.602604835340499,18.852116520655073,-6.7169498349196965,0.90939388893345,-9.074207989909963,-16.18649908582685,9.20495267335995,19.613721575351402,1.6699258166224582
14.621667928141958,11.034030109381094,5.630511760674569,-7.8570191990398675,11.083275022114558,-8.379064670176053,-10.249404848597608,-9.966516144241169,17.66199968410202,21.929346291342036
10.348547964494133,-2.466120136161723,3.2742250034710745,-4.43654010098764,15.771884350573432,-4.589759176607401,0.8049778684584961,-11.745298473337419,-1.1038719729105722,32.93124841854341
11.188646371912695,-12.73295487777099,9.030880757482066,5.196462049258782,16.985596179494742,0.6241964612152234,5.045839188048799,-10.719783629154065,-13.11052711190749,24.741740003555538
13.650626476152583,-13.910230969620484,9.55854031852265,21.202211704661018,10.891712777717995,-2.892573948195664,6.8985262973755095,-12.369110683343228,-16.52417756806909,7.5567087081111275
14.69885250055107,-5.501808041715535,5.5354549125139965,27.844118374251632,-1.9228414372379312,-4.214539184505799,12.464998069794353,-13.392567612318127,-6.7219337027592525,-7.765350915434134
16.078551616116332,6.940730312970649,7.790629694544489,26.08924683020773,-9.433847707799062,2.294475242091006,14.340097942146818,-9.430126355725859,7.695734112079708,-3.858323522971043
17.378891053771007,14.29537832859362,11.334657627244356,15.57045242003882,-11.800965649817334,7.275920222517401,16.87026618977667,-2.663341089996543,13.317385144850652,10.407280976125474
17.202821404377456,9.496928920179489,7.568362776695733,4.43478543306802,-11.195349883788506,3.066651096383409,22.03721001880764,7.086392151915807,14.721818003760719,22.80522161244424
5.177292758541734,0.8786002395741452,6.948183556925763,1.5937809813794586,-9.702159041985173,-5.025885632412357,20.712380025703865,27.044827944195138,16.75388961600032,19.968446916874807
0.6579349843851138,2.4965685455244317,8.493862990908715,-0.49171907717145874,-7.624082684250097,-8.662340626352202,5.187603216960174,42.15700156245595,8.148668495094002,-2.034465138461926
2.7124115979667205,5.544427072088628,9.477334151912043,-3.068319739221021,-4.053150397944988,-5.820364670350837,-10.990772102228235,40.416443970066815,4.737373168332259,-9.184184003294886
3.789431370674604,10.811475986708011,8.14244612298967,-4.999292341323485,0.9618839138593331,-2.861528019033851,-16.286033210935315,32.208377722701286,8.190641885125457,-18.230214812728793
-2.1436238887173946,14.382957693734388,5.050663960395577,-6.042569875420497,5.188169009491596,-2.5779349501160973,-17.038197881182207,25.425161668411803,3.498038914433266,-23.477534949396365
-11.72884071922212,5.368087305584511,7.375233138729244,-4.578608504148802,9.369625152373748,-4.5541924284881725,-16.93482650278381,23.008643661699985,-1.9356215434168624,-21.145969005303648
-9.405671087388344,-7.9254276837125115,7.622547022605293,2.798732549285653,11.553013056588805,-11.07709633377495,-17.72056912025153,19.149312385293637,-0.4849764871623228,-15.184876316811541
1.1857908786941027,-9.919911784657259,3.641908462235074,9.899682078435664,5.748838113242411,-19.624870240723194,-17.0990462701351,4.777497009040196,3.6740039412101213,-13.531050897063526
9.706443858686088,-3.441868303453952,3.4356923605263434,12.678418477645403,-5.641717715945764,-17.168050196607254,-10.996419890895222,-10.394596916986949,5.046726128668638,-8.612271621433678
12.528918455534813,3.458571396679247,5.191555063111791,11.760845337359836,-12.646202893128018,-4.527553960527953,-6.147598591364834,-14.607881577158686,4.298336896478134,-0.31601961067371587
14.411582566409853,6.96713301646885,5.95229650129513,8.112305893420668,-12.249884319975473,7.133240766810245,-3.8531617692150784,-12.286244594433576,0.9240997863353317,5.212061519038477
18.168738696848298,7.961828578027887,4.037052830259152,5.274654966783982,-7.920085830688782,13.5593283183249,-1.9695282631512652,-8.191505731576855,-1.773230147820407,5.633764205107707
21.52369989297326,6.194261508373832,0.28997790044360106,5.273208037500895,-2.4675106790626327,16.415714468303523,-0.7895581265281322,-4.923423034482794,-1.7229121651783499,5.0108088712113545
23.90240745324351,1.7648925687311128,-1.2999876880406669,7.276353852211373,5.081810218200905,16.81208813953344,-2.565242166646264,-1.6746348208298771,-0.7202475178898022,4.8590065716246675
24.297576167481473,-3.173752964749731,1.5808629448757558,8.8614037594268,12.60663669526646,12.414705868751078,-6.366566860277478,3.5360768406222367,1.7276877618354507,6.815460366532365
20.111658050812256,-7.191124501765753,6.263570042770834,14.499751317617525,15.298579365840505,0.2544952551494352,-7.416411943309235,6.179773620365235,8.360917722261465,12.507216386221163
4.802269244992111,-10.09770966791937,5.341990532314563,22.22170340837451,4.389617739672326,-10.444902389668213,-3.61023886807347,3.356357883977843,14.78327928379835,18.72287942493504
-14.02190514774835,-2.9083606903061807,-3.825379448881745,23.72122711401123,-4.65810710321395,-5.72539679469539,-2.9600022120768887,1.2168689521965208,18.135563871425752,12.964212968882965
-16.606909319967198,4.850613600456458,3.266219758937962,24.976371608292556,-2.9881932674508986,1.4222976132176792,-1.5760171404304597,0.6475741482676346,19.453839908510584,-1.774425625366455
-6.2289748048145475,-1.9268705851645307,8.406619437453658,24.060752185577343,-4.017949943276088,7.729116355086241,1.7970115289061757,2.54443273171715,19.75815542957111,-12.784847435819541
9.437341669404255,2.4337941036007167,8.294135232662208,24.599074057459333,0.632921344185368,11.231229496007646,6.514851963087878,6.223923260067274,17.027610482747626,-12.315568918526377
13.583202749024492,16.804814284068136,14.40110614095924,21.151185059582218,2.691872910249648,10.744726881839922,11.290903021358666,9.05946393075384,11.135449231239882,-6.629224953306265
11.680365632873794,30.970736368328733,15.69373953965082,3.5472534031467364,1.0285858823725353,12.358938482949238,16.838373170691295,7.8997995541242725,4.507172455798157,-2.845573935939362
10.776054112193089,35.27623024191965,-6.378567756487349,-3.1431711760415926,1.14828346949761,15.450235573797919,19.395566530258865,-0.7875632423241475,2.3304410577683443,-0.16866357634069123
15.259258256547021,25.703611787042917,-14.435429309700215,15.114279651785184,12.713487322237437,17.66941298458953,12.311596192950832,-8.795792630617846,7.416345155558076,6.374037773791952
20.38981634583159,2.7833136882054275,-13.379095798753912,10.071102053169376,33.467368881744,1.9384471920901034,-4.5840448163752825,-7.985639561043779,4.953780057356098,17.883885528296087
9.210659173490535,-19.461738760257933,-1.621819626992577,-7.239512816543295,34.50897633268407,1.6146473303346478,1.900865689618895,-6.095116491644086,-0.7734466648920888,21.070333108140865
-6.732441822938844,-17.393220445729952,3.742669156512293,4.396813304650985,34.47721357589047,3.1324593202737923,-7.5324272517093736,-2.395287082494855,-4.069536086642145,21.61410838917515
-11.773027517156892,-2.038924677793608,-2.6350971821451306,5.620213913199536,32.94802802084497,-11.337922176445607,4.79236611686941,0.07379783565054429,-3.4980746612624274,24.44032591975819
-1.0493242655385226,9.285056062509623,1.657271739366034,5.88977059540622,32.04869422914611,1.8143120874520793,15.470927196664258,4.363150228472918,0.4306043849758122,26.216524315138635
8.324744741170871,5.651855662136554,5.362282221189366,12.263080984164967,34.07467819103373,8.54468595544672,6.294589362050665,3.320035959211414,4.885897632528152,26.95844490274039
2.2742039021743863,0.5557286686958471,8.111185830186036,23.36447128125558,27.089594614152507,-10.705970670817656,7.3929964144403435,6.985988184211868,11.91086350911249,28.050062526948643
-11.348530022056577,4.268031922661936,13.424920526800422,27.98345053410569,-7.147502089899048,-17.21455925419098,4.316366596243414,24.16246800864035,21.671769866263652,10.23346848790314
0.503816141213902,-2.2575447944294424,17.11370292086554,10.645788548345585,-27.233037739738315,9.667028735710629,-1.6502082287811755,20.898861924136195,17.73761194590514,-22.697342902796223
-0.08223799538823395,10.24141310827037,15.476680347533591,-12.788512795748968,-22.61723771972729,-3.4365119956952164,18.10672728162661,16.59061891629342,-15.55324660998034,-21.425996708609702
-9.867003039879556,4.093076744091387,12.877492393570902,-21.492418421579448,7.338783149906558,-15.815305220232272,6.0406306858215,11.803075903352156,-26.24770068588856,7.974073844883755
14.654642358543189,3.7740126999000108,10.33696425787844,-10.604673638363185,23.49662633322243,7.413916324077836,7.482224318910531,7.017305880871025,-18.36504443522118,19.690891687417434
27.975892326586795,1.5859306054731876,9.345883126113419,2.0811083858888404,24.13007037019758,16.435263200150015,-4.448274887276728,5.306486799910909,-12.922182844851752,7.063041154008991
30.134614444055046,11.257541124446753,4.4887484567402485,11.098379902544368,24.670003756620307,-1.1556450683255122,-9.22771439545561,13.891582593781484,-5.277623593666934,-0.5352864812010052
30.245085285893445,12.849465547381893,-5.4193481198445,12.600392029270374,18.812215771044396,-19.410939475056697,-2.4960608718759096,13.077837388584527,0.8340992730996906,0.10196832901511897
30.695417567424098,-1.2218369229496082,-8.964607977754994,10.685902521922786,11.325939357027321,-25.348321385471408,0.9314567523858989,14.528215562638422,4.145307354466694,4.051547431016903
24.52863782512578,-15.792537311306733,2.0129145130766632,8.80838152880603,3.474937591021768,-25.7767274855056,-6.070029399692676,12.47087807885736,12.258288214857519,10.788784083909043
-1.1561971099225126,-18.61368996067644,5.333550389430963,14.320853276726393,-11.529175791528655,-18.082486302246007,-12.73118734689253,-5.799661906505582,17.584013396724885,19.746677403526213
-19.20157014911306,0.9469233838265474,-7.230722415917322,16.928041971665593,-11.785666181250525,4.097135598044059,-11.701670653622157,-13.544313985511158,-0.796406145567868,20.92860011981618
3.8590706867189626,14.794063398104388,8.792114384751656,18.01824769950227,-0.29196602144481254,13.59778261828949,-10.481755917925152,-1.379024538959805,-12.16530173368394,21.749023495185572
25.87955255955361,8.8888713238241,10.02933793376896,13.327872292173225,3.877964395123009,12.853499230722932,-5.7927796779861085,10.14994661132707,-2.2608869972478436,18.62992657348771
23.739718374667365,-4.291292594356853,9.424014621910931,15.954094074193547,7.033428628894354,9.633800012753447,-0.0037405147319210935,12.895500036642165,12.816672805803224,23.281643787643972
-8.548747221523636,-8.387656579578895,5.599421068904989,23.73820737166611,6.835378272162182,5.065973987622252,4.55025675691133,16.213634313440878,28.316777138843772,15.82680663106523
-0.3136350033750947,-7.124166303670187,-4.280430577785123,24.55195510104769,11.015144594097281,-1.252049519387052,7.352538816510466,24.51570544982818,16.826892306280367,-21.776650346134225
4.12331405954154,0.38344894027252086,-5.239406046689142,21.068263311122994,13.114777362384672,-8.98176100424336,5.484796708043048,26.333162336803152,-19.662218018002466,-16.910402431736618
5.481938802174339,1.6054769210130042,-1.9465808003687959,20.060213456331283,5.623693024346725,-15.305344281614778,-2.3847823848607406,25.418471966578743,-20.435387410244903,14.699335151812425
6.783816733708844,-6.047431180038289,-0.8654124642501676,21.22119855815633,-6.664528933679691,-10.45913176650548,-17.81903623790932,17.939299804876157,16.924077287985344,19.03020374762487
-12.295049015776792,-1.0172914438180538,-4.711587319481754,22.28437735556256,-2.9486567789239118,5.386740097710675,-18.062130562887063,-6.5242331667803715,26.91538355226413,9.556223744251724
-16.28252551928021,7.677079382870696,5.109933728936343,23.138194027969302,5.653150863684311,1.2082158846256528,-18.481492066999184,-17.657503341210386,10.759232092890187,8.33789986518146
-9.426869009265909,6.70004257250001,20.48447491927291,18.142299468794786,-7.151116068059756,2.2287896580115545,-15.215369726152913,-14.943955882686103,-10.569869784386078,9.34196981323735
1.7066765881861936,5.725393064989261,25.202067760320084,-0.3342483988375873,-12.082738216563708,15.991329970718754,-8.66099447404862,2.975120931191616,-15.439370789683291,9.237137013172886
13.792832537697473,11.817999299997867,18.06078165220136,-18.743869945494996,-6.32080950939252,13.42300723352776,5.9936510915159,6.402515514655113,-9.257509122662807,10.45929146216725
23.854465114285578,10.086999483218808,-6.391238228594289,-21.19764022713991,-8.704450718603752,5.863070471707937,12.506804479027911,-0.03680074122944044,-6.8039831413087,5.898163340415188
25.830109372481676,-4.898842697363553,-9.072174820622598,-10.835281248418463,-13.270966714564741,-9.675631326482673,12.523069844351875,-0.4533779794197646,-3.7882029053825357,0.5669896209859275
26.66770869328429,-4.841152752130019,4.474235553112533,-7.435415421615781,-6.015872536828804,-16.20685053707125,4.9718537809155094,5.9793697090169715,-2.887452009233998,-0.908300379137047
27.22674193616677,7.15976759392277,4.440566630018365,-5.916244368428176,3.3809344106114727,-14.0185548324933,-0.041583969506186036,8.7134242020497,-1.7596021678137312,-1.1126993487389245
27.432977624482838,7.302148070076403,-7.643907795665939,-3.586707826499175,7.712614559274731,-10.1269906672054,-0.3061477207742505,10.052184737780273,-0.010602694928785128,-0.022987442604910882
27.700628748444274,-5.051099636830196,-7.188136379926601,-4.604907059568338,9.185849012577611,-6.140174700028186,0.8006731980813794,11.841332733288004,2.790864111269504,3.261665604691271
24.59244210599588,-9.701188437175697,8.196436942596055,-1.6854971793382567,11.549695956525271,-1.018924727367672,2.2434308763793323,13.595596138981564,7.262202618097185,8.06938949426379
16.100798521003,-4.75220157745844,15.891584095341997,12.175806184751726,9.009912880233838,4.2948632184645896e-05,4.126412982544856,16.741586866752478,14.100387204253861,12.256183248974024
7.021391768079751,0.6328190173718976,16.858978204082344,18.17588420220083,-3.0207375168336177,0.2031506893381178,5.475032565274093,22.05915815063923,20.686229248458393,6.176131257316266
8.220623801538228,9.231587648229835,19.098556112567177,7.861393011802722,-11.716320971175177,4.126923725507552,11.621507587893595,28.30441192316357,9.494414729511774,-7.449652269082874
4.8657666915226,18.840568315638308,12.596482521473813,-11.931259149905014,-7.053514968466081,-2.8811004661950834,15.876206903164043,23.658505737878308,-17.448320196427847,-0.5787255385859766
19.84871662649772,15.72010048509313,-9.447294109684044,-13.183778182615075,-0.13963498953767997,-4.135822996062725,12.723009615258716,13.296142805568195,-21.884509288784603,8.865737757241117
25.151405332789857,-3.9711341263051794,-15.097260419445115,-5.768086611275938,-2.692173819775496,-3.4298501462782607,12.287335779079852,3.564298241486223,-22.429278249591437,-6.815271524743437
10.32053617218177,2.2239385171696373,-9.067214517526768,-3.380552841178915,-2.556514341852862,-3.8301701631954908,13.237841474301478,-5.105601383459414,-17.099723622530497,-25.23971680349364
-6.080158236508476,4.296418790402797,-6.582927648387326,0.9572678166709617,-0.5414237749484021,-2.834097413927593,15.369665314812726,-6.642121923934211,-0.4151386859362067,-26.27204955471546
-1.0200344446473297,1.998773737395785,-3.5034153478005576,3.386209906868718,1.6409239479161923,-0.48083507913504736,16.91195830109925,1.3554658817829544,7.543981819358837,-23.446699053233758
2.7935981813163484,5.601988522819001,-1.1979956496651702,5.426916983038532,4.2561508393183365,3.365976655192653,18.306777493101272,6.045410232274168,0.3944230337135715,-20.834341486638245
-4.5823241738135545,6.81713391602638,3.1699793994215346,7.201979696696785,7.580813770327702,8.680747058294253,18.402809467041646,-0.4051235017899649,-4.2401698329247886,-17.24488912937905
-6.324474341423625,1.7502198114558798,8.308345172446481,10.496531058537032,11.491833570275181,13.176890408641063,11.402647195385663,-7.4442738510008075,4.7607849969018785,-14.244086373096408
1.2824430133531777,0.8225969922332743,10.069978916293852,17.784254331556344,14.807476346668864,9.092690413857353,0.3124090769870048,-6.5696762755665405,12.891493855758197,-9.228205423666244
5.965950691657578,5.7664532518568885,13.802265470501025,23.637311058992086,6.328283924474472,-2.714556705397297,-0.6708478160118285,-5.114441135042489,15.074038151457392,0.14279818140728273
5.976491373061362,10.862496108424372,20.98881361939785,13.710655169258933,-11.477518066047228,1.762981720258569,2.0763699199262944,-2.3115965464113333,15.733252138563916,9.53063970582844
5.860676219860273,14.701612904723047,18.37997433529797,-11.442551660215186,-10.03531053841234,2.030967795794262,5.686444548021054,2.3469148755497864,16.903601670745196,15.80486977147008
4.116995668302271,14.440915465018362,2.9577451558318204,-19.600151407271184,1.3916360094783018,0.2880074213585372,7.5074692898565365,10.300517836299882,20.780032334508608,16.082747762769056
1.6005750977286133,14.026823491453444,-9.096277571629747,-14.478393435877777,-1.2299859499546666,3.2321902536735894,10.852985445802304,20.64480073901002,22.748091031880243,3.0143515931313765
2.028195995858996,14.583601709781743,-13.884032400153975,-0.7157658349211309,-5.0913446872970995,1.161113367747183,15.546587297991444,28.282447271370636,-0.43511470060207935,-9.944049957608051
2.3449812138800765,15.719196384680902,-6.67756993838316,10.724904131349449,0.3782513401358437,1.3778066696435363,18.02410132219369,16.284252266567663,-21.768272819194724,7.8766444303147205
19.40738504420054,9.808500235555396,-3.3652907835627137,14.59290015145937,6.629423233863412,4.368934849747909,19.146885935566623,-5.171633274775241,-20.852158738406587,2.5419308219479952
12.371569090543673,14.747770590174099,-2.220617494660103,15.759582239960794,15.013475975380212,6.443031447101803,13.124455612878469,-18.290407601126233,-0.8176326024705368,-13.993338125010673
9.560124676054778,20.54609045235868,5.365030748161548,16.81009196267726,18.786037215266976,1.2882044861920816,6.29198516571162,-14.010325669607088,15.611806964278674,0.45638710870668253
13.538240510525197,21.17985950949543,12.643142554176116,15.051434764878104,10.753042082329648,-3.466513239316089,9.797715232284961,-4.43764093282183,16.127024744876508,19.187868332407465
14.941423136101212,11.695130178928082,11.311956023464491,9.452840386784494,3.108315181809506,-1.8858702749898075,11.910728651361042,8.504267176070634,19.246946077673616,31.361204515890243
-6.743627440792524,7.7324615210484,13.92600336265941,7.085881363676332,-0.1756813705070041,0.2925676250403807,12.8259388159293,26.060892023003625,31.4064143498586,14.226600227622724
-4.319083453433652,2.4879492047549596,18.23184191774767,3.2277314829115116,-2.1298703398435634,1.4526477972492657,16.356794147664047,37.417520069703436,-8.82584349582078,-17.671129330166465
5.05576814020518,-0.4280003575940671,19.590050681428348,2.9259223721090177,-2.4546524825718934,1.5883923590921118,19.971926642508684,12.64704549906676,-30.074091809712314,21.873756510733454
25.840950440622613,9.857297170035263,18.156752735356378,0.5515925436567892,-2.2849426988935573,1.2785669520816547,21.04615049362065,-15.569615333972623,-22.72235641046454,-4.798017833062268
7.150494837436023,30.728434558787253,-2.304640832222339,-5.736995571077518,0.3056793359087518,2.1873865222234006,20.5030447002039,-17.994505588204717,16.527115894175637,-12.312799281539386
7.3673769276864105,28.91207877540004,-9.602068010612982,7.973898921238492,2.9885303205589033,4.905448582651451,20.390103603124054,5.438560338741201,26.57292172140545,5.413533108339076
9.856915642353355,25.4220067690037,-1.8732255614671687,15.623119317303654,13.233174892931567,10.091589791549838,24.098344698677057,22.24007243738377,12.989724786804107,0.6606593250691132
11.522818990949396,27.571710668394584,6.981595353012256,16.346457649348125,23.793811315748858,19.514041411305517,22.933810212469833,6.37716002950232,-7.0920561723442805,0.5777134284296415
12.119855072815696,34.903400062727876,14.708010402994603,16.26392628496845,30.652417019912367,10.454584102873278,-4.229190369521039,-4.982717733951753,-4.600121600109908,-1.7003439225633732
8.555219304534049,45.37653655691986,18.059359260399486,4.377988223455637,20.72439929770334,-9.454419772259804,0.10864959265321597,-1.7818223432643538,-2.900608105733993,-2.3003082915857136
5.978725708464353,48.870821611743466,-4.2050561676954885,-4.5941549719172725,22.226279621009578,1.345122194056355,7.86750574512357,0.6989999282101899,-0.8445453497406611,-0.8735830258187911
8.179926921362746,44.873954066430834,-11.658341895637252,10.473422417285358,25.877919028156768,6.542583395002722,2.8739532830641243,1.0643182586042736,1.0206994933129157,1.0997472950250695
14.240308944098516,39.97695042406497,-2.411837978828166,16.298751537139463,30.322491505884482,-8.68596142333293,5.6885720217790565,3.275984487157683,2.842154154415608,3.85225303068755
24.825742015670503,32.63707349946452,-3.612103162322619,18.245189066817087,21.835060477640514,-12.891925572557774,17.825012146262637,14.6946524830886,1.560478339227408,7.268251293801146
35.11305342830377,8.471232836686315,-12.582288324542636,19.48884395214723,19.744783895346682,-10.915005702899778,18.506749986969584,24.076701347859952,-7.552514204039457,7.476792366767022
37.296616662170486,-15.51674675897677,-1.193787165799376,9.13705532022932,21.26617099290739,-4.003773718270557,18.450573581672327,20.24201656835577,-20.842834141260433,-0.15322320668884903
16.34010076563938,15.445217380163644,8.093394158236801,16.44420824827118,19.29074819845409,4.326526100590185,18.200832352080738,-4.7410027199586935,-28.47117895764673,-29.724993104908666
-18.89705793370594,-12.011391851561774,17.964064056189216,24.066995156645188,10.181406999911397,3.9740393360705886,12.533722629395477,-16.538744868512808,6.246951405530735,-31.8734432828373
25.79688610137715,-9.955959165685874,-1.0286850032470034,31.362360625152675,7.519107066560965,-0.5992098511552049,12.0453386786903,-3.0506073937325153,28.57481280260326,-8.521472881425865
10.213772988335258,-16.404582359979102,-4.380691062709724,30.128554528550765,6.945594332477836,-5.091242708140915,12.787698806779,18.73313980008644,29.202207627828173,14.55676741235594
8.41420013733783,-15.936603188861577,-18.25027264206705,13.634874171353848,14.428514775046738,-8.691870911832172,7.414036073979823,36.67242253191622,13.330978561887266,-13.903979053174861
17.741220689366614,-13.359458795064674,-5.83011926015594,-6.018176525180952,16.923025693769073,-4.767162622263128,0.8412312944816772,38.616175244070554,-17.45149020301868,-7.310508834158045
19.159832393782484,-11.184332251791817,10.006783577564443,-0.33063526409688754,18.738254954976483,2.4228894744710696,1.7310891910741666,38.1486057454587,-10.212304857487721,11.678345267595327
13.087190149484794,-8.499428222145239,15.251098211101235,20.043822554455723,13.356487859068274,-0.5777729475582754,5.501991388975668,38.26304575036461,10.035672891056981,11.768941463813507
10.896588080719845,-0.9329445679245998,12.649621540169148,27.47344927103981,-5.88492963609125,-1.6474519149126103,2.403823993035375,41.516605061801606,9.838673734657396,-4.559189553358973
10.804415770550388,12.655239649076526,16.922010199189234,15.20881168129753,-15.410817935649405,8.69854013220326,15.961130914598792,37.92462000525848,-14.13532507454969,-1.7222641704569852
24.974288718184454,19.594640538252378,6.141944660783024,-6.214886253812288,-13.693735079644435,-5.189560584718616,26.25550811313903,4.0736403042528355,-30.488261807596988,3.6887367557824042
-2.2202268555384914,24.247287361797152,-11.352644305562036,6.751420676719105,-10.287899837234082,-18.40605533539112,24.058566527243787,-8.912567730205732,-15.310038382425885,-22.723117531952568
-26.425148478333085,4.854030639565919,13.334727612001025,6.817239963187473,-18.766035498258503,-22.296960968731987,13.306141443176891,5.4195437059309315,-6.977543963298471,-14.813855035131942
-24.240707899244217,-15.33590334577973,3.1253965909583803,1.5806766507745231,-20.26768285482048,-15.260266155526827,-13.676090797787332,7.160318653945619,-6.409786854994866,1.2147916750261025
-22.89919694146596,-2.9909806557280025,-8.226237662214695,5.355302468187489,-16.95282428052525,6.753100991553878,-16.998169528230925,6.758658763645511,2.2932151582126648,6.212996583252997
-20.28218545483619,7.993243814328556,0.8529107420373984,11.09703932547368,-5.371372158437689,18.96671384111671,0.28498095589099437,11.409566343220487,9.264599792749316,-2.448032188149979
-16.156512497639127,-2.237106619923474,8.213631537822675,12.169358401971097,4.329965634085824,20.578773609483896,12.723359932856784,7.579022420507054,3.3372744942095696,-10.187688752153102
-9.040791508080572,-9.94690257542063,0.36265441341561305,16.940216115770802,17.56110561082514,18.904035873887786,6.041522144193519,-1.1290343183489997,2.05733614389458,-9.080733348926442
-1.4018455007865565,-8.689608143871238,-7.325777687894001,10.746154361659272,30.009697525900908,0.2908734479785022,-4.649280867422703,0.15479748382120354,4.465960005191896,-7.505108551268329
4.562289391280763,-6.576085351389934,-5.980819399437078,-1.4365475407428283,31.22628038376334,-4.43821482316544,5.011815733753,2.220941846383169,5.789223226823566,-4.919983403288461
8.306183575822063,-4.126455867804776,-0.8783160314726677,-5.738678412546623,29.761260953314707,12.400862155984232,1.8592292213373036,4.751994925088555,5.842665837041302,-1.912204371508113
10.053817013907594,-1.3041880852961854,2.9699312535684936,-1.8878590306256893,27.50266696526488,12.098386656618068,-12.038406580464713,8.49010811977585,9.370183290749697,1.1333204377927577
9.631238726357028,1.3361835687045094,4.921553603521466,5.482067370737272,27.46134551478056,-7.491341892170595,-11.948417826016023,3.0876464044332743,16.447312608829318,4.857211602986756
4.009427997523641,2.0157992889153515,6.77303235817978,13.28173625432945,17.707086974607797,-19.57910708956781,8.153384794722975,2.1282099423016483,17.712919581306902,12.982879862170545
-1.7613695703989345,3.8001298176305336,10.576937969054946,16.485920880521306,-2.2773782446457145,-18.30232192454983,5.37917683688726,22.125758910672896,18.203880998526934,3.2692813822533155
4.147707079321001,6.050964795422018,14.344104615947275,7.886595147885459,-17.2066744891294,-4.603301633895627,-13.14924732693822,16.10639789832575,18.45629240330657,-13.438357434325086
10.493966828703368,18.82081325774875,9.019556635185014,-9.155757806369635,-14.99562810590932,6.376898356938331,-7.137107719853134,8.233482368636778,17.804300742810554,-13.501979704856574
8.732804630761931,24.766706631213673,-11.153301486849834,-3.602989851357869,-14.81577082630699,3.1783609897291543,0.3612719836571885,8.163235702170839,15.852680795969755,-9.233845866505982
5.976840980655386,24.25640493760209,-6.806040434812029,18.80396761373375,-4.911738773786208,7.350498031790252,7.035527413632795,11.090161751060988,11.27875759302819,-8.21385334058694
0.05040249066855686,26.345208399321272,15.381346747244752,15.384889229458318,1.714409812721326,9.038069619115957,13.245180206249726,11.432868485394854,2.036729842569241,-8.422200943977112
-7.112512235718196,21.23104553794364,25.491955180498717,-9.587333267309011,2.7582382133938848,11.355089296568407,17.9992957511558,2.843857601552874,-4.981501240745692,-4.697107143006231
-7.599922586274828,12.321891742612529,20.011170878718474,-18.424979145287868,8.849156264109144,23.04086141987198,9.351016559773074,-9.958679878183569,0.22167955108655235,-1.5848168867664485
-5.647552023405962,7.512312516339938,15.59964534759629,-18.668590416427485,1.4980086683687408,29.53071021633581,-10.035189762952573,-5.559713369727741,2.1229646418021693,0.7004611730369441
-3.03457600073191,6.646138541306207,11.305100502565788,-23.61252256337796,-12.00762710005697,25.928397854662347,1.7419185281485325,6.136521526859005,4.195072365557251,1.6405836706591514
-1.0612008112717746,7.726476318676966,4.214658032920749,-29.08072494698584,-14.80799743351985,-3.8252414070956107,16.034122659954928,5.029940680297964,4.0256535017831245,2.0610262801875354
1.9473380060855767,8.881757578104443,-5.662873212643079,-26.1734761797704,3.409720147546437,-12.901634009971785,8.50189200923811,15.32104200488466,1.018088002088725,2.9276423699712546
5.253797441261792,7.7986602849085855,-15.084416426825685,-20.77861742763792,2.087828753303641,-3.295302328118587,5.472226753083941,19.45670394710114,0.5296626169293345,4.4224477259589605
7.778061649856446,1.9556468352144132,-18.503397534960804,-10.819471324029502,-7.388153221525162,-4.002357427254886,3.866179996955306,21.119515544599867,2.396307417095855,5.341959469553969
7.952654755998341,-4.745268198242339,-14.738798752434235,-2.270044583880108,-8.786045353193863,-4.668156920976161,-1.6751328102869074,22.51349388553057,7.919693830293191,3.5706983783686144
9.118129251100624,-7.414986304527316,-9.228872064274743,0.43103859058615973,-6.596217892776208,-1.5054815975665716,-4.204563857583233,20.926592426688533,13.943014727367656,-2.4006444369539794
15.669405383206787,-5.724328073974839,-2.8395888818894277,1.878405257984867,-4.316080737766007,1.7256800561280459,-1.8900907699194136,19.56480887625213,14.441341054681873,-6.0547835970502675
20.737021747892406,0.9665420659030819,1.1460989482692387,3.7683118496306216,-1.4529248724913288,3.8048496389010156,3.188194489513959,20.316824424930957,9.652336049934892,-4.723493786809053
22.03529610699339,7.0442022775437065,-0.8316747511749846,5.157693833334162,1.6365621305403815,5.73696913397388,9.947249094210465,21.439701686992876,0.8183916683332677,-2.219420830454018
22.08601600840701,7.297208755948404,-4.695594127394661,7.5070971583529955,6.5129766062790075,8.750882424504054,16.708262633917737,13.863875349211426,-10.66911828790327,-1.3658347603878542
18.21436371235329,7.724505544435127,-6.840658436165403,7.970201688669562,14.932753164877889,14.391968466356237,13.806777496703338,-4.682881525877047,-12.83487269945007,-9.910159790955191
7.080214894744956,13.313031703350266,-7.135162899626328,6.420029663982472,24.185263683180366,12.21931248168659,-5.9412214324479,-8.247275413098421,-2.52233724803428,-15.533143630270086
-2.208416727542302,15.667189315092887,-2.2394921572741313,4.980013302862603,27.207942426246344,-5.928412184595087,-8.962656988281468,-4.307466939084983,0.8527373578113194,-13.178191919766505
-6.951896492905786,13.002308169133704,7.7314188546392115,8.03172463358709,23.613920981033672,-11.966395244484072,9.161690856334996,-1.369074041873279,4.815293051302833,-10.858629523359802
-7.704445697769632,5.446004402930154,18.016731770902414,15.408023138799427,11.475248474239189,-6.754206612926585,17.54290477070804,9.73832792517115,0.8711821378386768,-10.497296773769209
-7.562648447735344,-3.07711280093144,19.875954680883872,17.34000643447173,-8.037849797848782,-4.046924370059114,16.238240263898174,10.945611560489828,-11.259574390216265,-2.835145869249493
-3.9287485126582395,-5.579348727533444,16.06259910445838,9.757301952801301,-20.18032640850489,-3.0495461733692224,13.902903396713352,4.92224095000279,-13.840294532992031,8.288652224746542
2.395379035609501,-3.862514762714787,15.853019780998434,-1.6321621874988246,-21.4932044631111,-9.12372223952677,8.68537335054652,2.469696236342922,-11.319874628834677,12.557485092522333
8.692878496398103,-0.5421244785966224,18.126936980861142,-10.814296121459858,-8.106104082035596,-14.599569298414181,-1.320063971060687,4.441116012496936,-7.213917265107777,12.909531308454623
14.367013772898234,4.630405649218703,16.76516237752309,-8.44087579617526,10.709937529487593,-11.523983475772619,-1.2051019784548718,4.891490854817684,-1.5575900342438165,12.684194416190229
18.720376068419142,7.0007356963270295,11.86617824859802,0.0185088252008387,17.091141666704537,-4.645953137872199,4.0264090981461145,7.169973544788537,3.8718590441595637,14.861226394663158
17.9223931687176,2.0093704272900275,9.152322672970714,7.823306495836226,16.18128748749498,-1.260616502127817,6.893647304697711,11.659755142215218,10.811072844285654,19.16054709452038
3.3583726635656883,-1.8323319547660264,10.44134647393876,16.328610884595417,10.554916678933767,-1.8837361446733039,8.43217721931045,19.506747169435137,20.858412677678075,16.438394151001656
-0.23587378256551436,-0.42939806971875283,10.927220731902143,20.734976767295443,-0.4401691195379229,-2.388501445872629,7.420860277183971,30.01768922411711,15.965772775298483,-8.80021254005846
1.4824772989765593,4.435958693452305,13.933709447924508,17.06766349415712,-10.23757971205478,2.8301465840049165,8.848664641936072,30.731792979332266,-13.052236682061253,-8.51707084953981
9.67196270126871,7.225185355953341,17.059024820398438,3.8021747910758736,-13.902046745962798,2.5618293073489404,17.726140979868966,15.093779599620497,-22.709613837007037,13.82350119589041
25.87211619499132,12.686894426639817,6.863317480366229,-8.638143134079872,-8.41668267095914,-7.839292800097899,17.499884847476853,-1.2799497699035167,-21.24219013115474,-0.06355756034155424
7.458928579012039,20.896755231093636,-13.15959522296674,-1.2899442279733762,-3.4742062399926255,-12.010900239098103,18.259061137738637,-5.001004553501059,-12.19174257122621,-18.284605466066893
-15.340417815677887,18.483438805306044,1.1256305711001737,11.238394056031021,-2.9451624569132426,-11.013963396477656,18.962659382304636,0.7225424040976158,-5.28502838750606,-15.235147828770272
-21.569519863054477,-1.4735481780570026,15.917922242888368,5.156272147608882,-9.506801650124336,-11.470027865629673,14.55348637642672,6.456512829871453,-8.281749749548599,-4.6976625552085345
-18.679081293211294,-9.248916315546872,8.11331603787018,4.492023412090929,-12.423939662326875,-11.659460923037576,4.83026567910494,9.579872045200148,-8.475032841679935,10.218140011978907
-16.321730843837994,1.3927682499057696,4.653037226420452,4.4688603828468,-13.147911097418849,-5.99656794461587,-4.087495778432296,10.701218923557253,1.641919050937169,17.427032323888607
-14.64123016765819,8.266384099515786,11.2098607573394,-0.8739951727320651,-11.5386150216122,0.7283189768976402,-4.493607931886327,9.717457483564575,13.307197995207659,8.644897563016075
-11.444235626599461,1.2327080160222155,15.016732019801577,-8.507187542214382,-5.885801653594715,2.0206268681531685,-0.783711117514402,9.217500874675693,16.115696492607682,-7.130735289640741
1.3584253645064492,-4.052124373294682,16.85008025264846,-5.4027446232416585,1.7830446684434011,2.9531667958706085,2.2086713901515864,11.305686345982707,10.49500393936519,-15.794516762625815
6.7289041817194155,6.93167234461749,17.782720690899705,-0.42289075244954544,4.902388322999849,5.784369874331989,5.859420045470832,12.687988782298708,0.0051315820144254825,-15.086637151961808
-1.9112668170851592,13.075593561237907,16.639164595868575,-3.074725722523148,7.2525136059245305,10.402802976328207,9.441467608580934,8.808530450205184,-9.59033728977614,-10.036783472995987
-6.68209105528638,8.668197899672824,18.288872331113485,-3.1051722788352003,9.665827067374147,17.187363780226523,7.6984543879424026,-1.039144990884669,-10.503188590832714,-2.9401652019608315
-5.055601764745667,4.133190132193394,21.002531881048007,2.828314991208214,10.937484477323144,19.595693647219647,-3.2423504001981183,-2.2941052908489694,-7.765312800830971,0.5584370171471417
-2.0211954955107347,2.661224708732019,23.711055424601483,13.404925269332688,9.868766951472384,12.64768887143086,-8.33248282340491,7.415254204192762,-3.7399299660307515,4.329687947645698
0.7022610099668922,3.9423526467302294,26.92136946570829,16.66675579477622,-1.6224524746719706,8.410233453754907,-3.734006616956086,12.30856889691522,4.4822520476727705,5.909096058668711
2.1789567253904476,7.606760392170748,29.79547874370389,1.3238454638794923,-8.551309452288072,11.689275207144014,8.377425876697073,13.494765376813882,8.122351693784541,3.6608955890463695
4.571250249219425,13.34701593024949,23.502769246198387,-17.344037174723347,1.5862303987824005,9.275922548485907,18.561945187258445,11.57446141731574,2.4351031462676103,2.6480390152788287
9.216344299171729,17.440049979138387,2.776530113844454,-21.79150345885285,2.523235112044357,20.267983942552444,20.093834284149448,-1.6718659147003567,-1.0010421867819022,4.314761603320018
13.98868924411657,10.01947996962405,-17.03679263169096,-7.831445870699031,-16.429706500671877,8.323349268458923,19.680406755727244,-12.839937442114351,6.623714839429448,9.012863282010844
7.258415893331573,-8.09378083518674,-16.20905222668615,8.534064972121667,-12.625748496487176,-4.674005456651181,20.489970415064867,-0.8637650894244133,11.110799839502333,19.888160809783837
-9.451311818459441,-2.4063903769661796,-17.453296037289565,10.768556565991489,-4.75091884466754,-6.45259277755004,16.46739311113756,17.39815553463033,12.534183763514898,14.74136320284837
-9.968585994095472,10.228462283656032,-8.43591367854523,15.902596915267493,3.1089419646562373,-4.294981963376261,11.19368978700379,28.78775017630377,4.816184980050344,-0.6088719864169925
-6.979304653756614,12.080115640820257,8.587172061400421,17.089503336776147,1.3601952835994087,-3.485422515933255,7.39504627515506,30.53986865852606,-6.2515686700617215,5.124494943382982
3.0435537313926253,13.0894078140051,18.70746906609279,6.179417117915099,-7.044072372496048,-0.4463659278768378,5.493897821567718,30.38656502374839,2.111441925794,12.411304802127072
8.650333817514536,16.879289591845666,13.342917738184912,-10.141615160055578,-2.846880774249881,-0.9346109193605613,6.273567370554003,33.05702800707379,9.315396906847656,5.225352196271359
10.619219394245691,19.21111103850279,-5.213489396245658,-11.549095443655034,1.6917896455141044,1.6220295089126746,7.8970721108182715,35.5240212624304,1.3022667201352747,-1.0436671713427803
14.16180500469911,11.566767272021876,-17.694660907827544,0.6696914533418752,-0.16584212884273114,3.7172579962282195,14.079890449532433,31.19075729119035,-11.623086514901887,6.807935847042492
22.523776362402703,-12.917854023654577,-14.091518152829961,1.0717152847186662,5.450807773865262,7.545842250050614,20.527188485479297,14.047031613463542,-17.152992480397916,11.176666074260815
23.60226497717506,-16.54587100251775,11.408937518584262,1.6908574238657077,6.348126306881432,15.169982042930187,17.449320902996174,-12.893510372374278,-13.006052488202178,-6.066349825060041
23.178644919095472,16.302149735759873,14.036819212804089,8.73208011905314,8.588650446042198,16.51276372367698,-2.5714275963579265,-19.417012504955693,5.77554833312248,-8.418674306484185
23.403382343010865,26.126466949741168,-3.0756315128310527,6.387198754911942,12.124326968232731,8.535974896749993,-17.628135309815043,-12.054500356641416,0.7697798854248344,2.9950156166059494
26.616859806651753,10.184661485313358,-16.67517460111602,9.037237665163683,18.144246723517153,-9.465407661076958,-14.584175525630176,-6.517851499539533,-5.61077619495711,-0.32363327824602306
26.61087655477276,-5.157421838198064,-14.477370590876081,-4.307844695619521,19.947780719268223,-13.939411741421996,6.8576863144591,-5.653512060429625,-3.5323340315196043,-6.818679024893138
29.017175364030365,-3.7439297016073496,-0.8669126912995463,-11.625616631774271,18.27193409145378,9.560805688523827,12.322741279704497,-2.597509122218253,1.2517683886258058,-5.804935270693002
30.06076702617645,2.867460290429874,0.19146486714617755,-8.621081382477819,11.378815775476289,22.981753139469863,-2.61345841656531,-3.6513952087168406,4.653675024879001,1.9424637995555958
28.27318806087927,-5.062327046771149,2.3188031159121256,-6.0867166838727265,3.947033786079608,24.29894686426151,-8.371187893652444,4.80342184997969,7.146440728276706,11.19286896751408
12.13780880204109,-10.609007306017132,14.469142242909074,1.0845656536951802,2.5511237001288887,24.759333582156685,0.5766269886760645,9.849489259652042,16.63125643120717,19.876219333650553
-11.341226838307847,-9.26683631572775,11.980712672545653,13.744639217862508,8.374526452935807,24.881075089002984,9.04344780853752,10.625938973338547,23.432344992822195,8.753387020765286
-4.088107404639278,-10.8336081268048,-0.8775623423859543,21.14978490848288,25.300728401651682,17.037740259806053,5.427246294784198,11.592387277571895,17.949644437840107,-12.63419421757428
14.262060097721516,-5.811836718539023,-5.071633812358093,13.24087500711496,34.862780384009206,-5.79578555606668,2.720258812467238,13.734246305242328,8.62476603691092,-14.927487996781206
16.998015998613745,4.674746941419635,-2.9852432994269624,8.27729568420756,32.668701362196174,-7.758216786301339,12.351288798967579,18.377463206444997,-6.5876772893163995,-12.091832317259913
7.572745361034853,10.754666974685165,-2.8008408989612597,6.447314601560876,33.47137003084236,5.9195101427622205,14.212979217412185,9.140960442642307,-22.587435606987082,-7.185906619264956
-1.624629746779913,12.77196975133462,1.171823028544075,6.549629491034957,37.19584036342929,9.569484087503376,-1.8554929793100396,-1.3379063482397109,-21.63718475841931,-5.897985559805815
-3.6908619930120445,12.336604374002523,11.409091285394727,14.932578384175793,32.65468502331746,-12.619798506446754,1.3859850984664726,4.310106717528418,-18.29686797275653,2.112480727595929
6.778970519287057,14.667859392881411,24.64507579810979,18.139935167254347,-1.5604600121154142,-19.552424257361178,12.686431323792155,7.297892920580824,-16.47967557701436,7.96982098061392
20.80291808725729,25.58887018464068,11.408456151348922,-12.938431435259014,-6.055510398222893,-18.342674724982118,-2.1209997708010877,9.417020926388085,-12.97752138379104,5.460057277488513
26.0936257726102,10.95065661982874,-24.95568029165205,-3.2096047704571267,1.7973345349818226,-16.071332838565667,-8.017525104229831,8.732985394808235,-6.701017421882153,0.08600134374815065
27.220635153716373,-16.42389174460034,-15.151718744965901,-7.7265197946144255,2.889687751668315,-14.004256166879426,-9.2000145623114,5.559075057431542,-1.756857852633521,-1.9091878399857443
28.517542936239305,-8.893747013432758,16.330053563750003,-2.9068790602881562,9.760641735625763,-11.362074007547346,-5.318860298455817,2.382329510981884,1.6052995865457198,0.46325005779883444
29.690179807359133,13.782592417862537,13.545303634262309,4.449309421516978,7.298435275515392,-11.345438613114561,0.5387101252548008,2.655252159065758,3.790148285857311,6.0767166984103325
33.59009610836054,5.317234593672882,-3.2313280807533014,4.367980756165563,6.113572101871091,-8.961896605003433,3.652220404830618,6.304295950651333,7.52841561222385,14.790555411463167
11.57458432282687,-19.612594831889997,5.6567325091115945,7.374869387427765,5.824717980060684,-6.995102382955572,4.306330293245329,11.824368295103453,16.97542751311028,24.864875718840434
-17.853118857003736,-12.594302813558949,-6.9642949036120845,10.654978877063288,3.6735085733184394,-5.99148755422755,2.6093281050859978,18.407892810806842,26.13642671724168,-2.132828661041928
9.255520449042908,-9.583428530421081,-12.055633617822393,2.599511127108595,7.2073487981094235,-5.210430288909413,0.3115224339637097,21.370415739512104,7.521755517390344,-25.44060112898752
10.091215775338059,2.1590388099857267,-7.353696285579438,-0.8094033296617309,8.98389642710197,-3.267376899631666,-0.6201648830289832,22.417179553992877,-15.80908541214019,-19.9465971245862
1.0196762041534015,5.4546540543689765,-5.934610127131006,-0.663234956277717,10.24490514627452,-0.8582651350376628,-0.0592956376308866,23.705297937916914,-23.094937560870083,4.406096906313712
13.726138800544696,-0.9983579789445759,-4.765570154249203,-0.6123962476894054,11.72250482079615,1.888100356001257,2.1018897764106113,23.94137834993545,-4.841836256394138,18.988486142961257
4.251474746519664,-10.538895865271467,1.291721985675774,-0.10350378108516507,12.702583009984478,6.602542052311425,6.70682519360007,25.1217300963943,14.191047627465606,15.280166719957258
-1.546026213928712,-8.158331007629956,1.9630635236944536,3.9151156031042786,14.850344764023546,13.859356069445326,14.55564552023223,27.941359162115607,9.301964806790236,-3.599200335521766
1.6282579608452674,-5.7544765312615676,1.673413764238602,8.213303555044886,21.607864234519035,25.777567891812744,17.404835269175614,8.182691047160395,-11.020000430254449,-0.6008727790628988
3.6329268030157,-3.3309172276984444,2.0664042961600653,12.61881079455628,33.500272313011735,14.135781582144437,-12.526484153087651,3.6654522696971497,-9.34704931148536,0.7044741413934555
5.689948956307326,-1.2242434163047577,2.7631638800406906,17.889773233295806,24.84377930185512,-26.39243296206047,-1.6068330938436826,6.313389595900939,-2.31899313437443,3.3272592245208514
7.530494143782391,0.8342592322325578,4.358083101900752,20.434339234137997,-6.97638502134079,-30.044581686431453,-0.8655965857268082,13.663133775229463,-0.2096638569242319,5.16359889097208
8.010956391637515,2.3391626131062084,6.966394804187688,15.505709718160405,-24.940461885847373,4.968826594828635,-19.55747272613563,3.0031789625644825,8.816815341602934,7.346368806294969
5.830622865902338,3.780067533408095,8.986253651103759,7.497165864997319,-15.837519787041844,26.976809431303806,8.03392220512903,5.936722745857832,13.83395851127053,10.145295586584696
2.17020393782912,5.572847713605656,10.59332049870946,0.9378972422976454,-9.868097457923644,18.821940412527088,27.324460309163115,-0.7878668107495196,14.79996457539261,12.71772634902978
-2.021850275331298,7.121210379792857,11.312197529088722,-5.135005626945632,-7.182224150272964,6.1889585889076875,33.0610672723407,5.81015557388994,15.261056850838328,13.587340206959418
-1.2223050834699216,8.625850072682832,10.698607262974154,-9.880958655523457,-1.246003997495061,-1.3916859697571735,34.39468648234633,20.20174873101694,-0.7098820790335284,8.502017464574664
12.177346739545326,8.725592849054022,5.448898269607466,-10.252879353803724,4.749045555783973,5.597312549846557,34.51397548876483,2.277804508432076,-15.320946549832358,13.182076265185636
20.221084549649117,5.609736518267036,-1.9848667004803795,-8.06176575774996,2.1278188530886477,15.211725379403715,24.028012834613836,-25.82762887426321,3.8838626287020275,4.368000745913197
13.38766968971471,-8.058825907098932,0.05584212304371902,-5.61462803939339,-2.253515018247821,16.67130142462625,2.9054258243999476,-27.580040576571676,2.6512244873218807,24.835744377542003
12.736616404007615,-13.227291255857432,10.903855394442857,-0.8571012207821261,-2.703300772062633,17.870873024962567,-12.276466700016812,-14.492771625991018,-23.38600833800407,6.097806085138048
10.835634906847211,0.18894266876144722,16.06906202378021,4.9372469756800745,0.2369985580524631,19.97715649390911,-7.829325602593411,13.587100883716996,-22.227905200230577,-6.469915183376944
10.282797235633804,10.523772834444866,15.692956071993905,3.3279040230786467,3.1330597441327024,20.877744073791238,9.251614847256551,12.567125538591828,-21.24388050522143,2.746357899243957
12.000459014514444,19.441409104499115,8.17585159036853,-1.55110119515866,5.043640727758718,23.724824071868923,7.57335008827129,-8.264797146813384,-18.545087253959604,-6.051522703303921
-6.75727460648349,23.13478535965698,3.5225302803525285,-3.1676791073328565,4.044599848971989,25.105348804143205,-7.842902735049454,-5.401127422729933,-10.623882421214454,-13.120181927536429
-17.192371877442948,12.170732395715557,12.97679122596923,-6.5984079640424875,2.2618905059793835,25.2522648552204,-5.149364658017299,10.95819447274705,-7.612465536628781,-3.4472217407134624
-13.28610256295793,3.3591483523402994,17.311830986564964,-9.006390817951951,0.24972279869474623,26.289614928656658,10.35974614671967,8.290102535364753,-5.097061884816737,7.1132599372696195
-7.681865634290326,0.8286482562472564,18.67902614449446,-8.712028018875491,-1.5924764149531037,26.311830610859346,11.821798352035723,-9.71337728493909,-3.3242530688453806,11.061385587527191
-3.054492436032165,0.8065322794864487,19.46344050858018,-9.0578698648681,-2.4673240765903452,25.572661589512357,-1.8601538988694692,-14.819322695675957,-5.6281536330652315,11.001759015068147
3.6745043461972897,2.908197883032807,19.417431116425576,-10.719772495796915,-3.3231769921012204,25.74532941251154,-7.501626343506837,-1.5004199913553145,-9.927109180742148,8.57299855425299
11.315745282262428,7.988537686720734,14.678676253196084,-16.686365697343643,-5.9835759797069885,23.845779650926673,4.268102197928791,4.864830067960474,-6.098937849236428,8.51143488850502
18.176672470774168,9.19947167287658,-0.05859929041066478,-20.467144298018493,-13.908002762284417,10.04028210297867,14.938849814661731,-4.687706547975248,-3.326485108211211,6.768697729297523
21.045302021640303,-1.0388603763714008,-6.911446790622627,-12.618148604673033,-14.257741897807994,-13.272392680596207,14.567357429643778,-1.4804798318146386,1.068406496097787,7.342137055537914
18.346721473256867,-9.718869309940835,4.495738112605183,-8.795397752089908,-3.743172190116698,-20.541248371485924,2.962933292743694,9.34947642790825,3.4574199578677973,9.989150696145888
9.54895826058213,-8.328652741226586,15.297794965176594,0.25873519919071186,5.616895147271474,-17.6820635799458,-2.8663222116957336,9.581675495108778,11.614757276961692,13.059573205296067
-2.4510810237693104,-5.197231470030712,16.35010951498887,9.8712261648285,-2.0781192156354926,-15.980365596165912,-4.758408087709741,5.474768151187306,18.962377552304037,10.634746593530581
-9.40402066489248,-5.582747959921525,13.153062107981054,9.119569069093629,-13.329392136258944,-6.124956896758892,-8.137040919499313,-3.387671427192713,21.0644249642189,4.307561658002954
-10.749525286968517,-7.557352216402552,8.628456064924348,6.348616635983548,-14.610145066218715,6.671575079712443,-5.796152560885903,-8.298957418095918,19.077612210205494,2.2591367398380626
-10.634042807630664,-7.423221744201305,4.055679623699632,6.401111675132249,-10.573255852136313,14.422075666444705,-0.798909849655818,-7.181600436822735,17.922825893584903,1.6695150219272574
-9.225776801750802,-5.833871176673609,0.08438521931235654,7.795175235248698,-3.191508475497572,17.8024491831199,1.8737878450352303,-4.918172554227553,18.779003215143725,-0.2319903019166233
-5.474938987850618,-3.460689527103059,-1.4224577363772752,9.102892798550103,6.910966661008045,18.030608771482893,-1.000322913175371,-2.639218124464347,20.33682313292817,-1.7996872842324252
-1.2407322857647722,-1.4598466222661335,-0.9272407761772096,9.655143760038234,15.954755849273619,10.313456295281886,-9.013063510866889,-2.1105394922951803,21.107062344811176,-1.0927660882920267
-0.7316161516803456,0.7067357935490804,0.8076408688493334,11.099014726250346,18.466779455638203,-6.0670724514917405,-8.469622367988372,-9.065299994222284,18.894322985057645,5.564636295205427
-5.52739689699073,3.635746232226146,4.21440737006967,13.744039746622118,10.934707965418818,-14.01350227106012,7.920544004508151,-7.303230223563869,14.54808489253299,12.84138635655708
-8.857314797924618,6.532505058906988,12.05289636880203,14.087646614023297,-2.610028767795109,-12.292846079081379,11.404564529030047,10.791616215764122,15.012187593717275,7.556814296818356
-6.231022667214148,2.415850938062238,17.844776564191314,4.385445292353473,-13.124200393042196,-7.859344720266191,0.27085914849794157,19.70768638403066,11.29530688780453,-7.163656225242178
0.36301298567565193,-0.018127357616389728,19.45924166149762,-5.549279300010264,-9.219341791132868,-4.20186821575317,-6.702804903487884,18.649908401882715,5.500604042244576,-14.198983858340805
2.6500959957613572,5.595301029987313,18.882523395622748,-9.433582236730983,1.8008787623230922,-1.7002355652596228,-7.4184443073577215,17.494015148501717,1.0137197903364918,-14.012463237478428
-0.6012318606042704,8.998649736213887,16.2371936565826,-7.784399390924037,11.322388004180924,1.2533602165168978,-5.51522147155268,18.826964111266886,-2.3824709624713747,-10.845237737760709
-3.269100590449866,8.067042233903816,16.255772665224463,-1.2299773941709933,16.258150140460337,3.6495616741756685,-2.4376177636394614,20.698313114211235,-3.978363557989678,-4.766222919275484
-1.849415441340999,6.896464854795589,19.621046786687277,8.287051023699789,14.497236918522868,1.7838780495883129,0.2456605308042189,21.839288329467415,-1.9429428829902986,1.3049717816121893
1.2269667443591588,8.272496939466038,24.993218490890243,11.904256617751985,3.462135644149578,-0.8988748353857614,2.2649871123262106,23.02657739378158,1.6552442545696753,3.649924166049494
4.236651701837937,13.230580349736224,26.889362858561793,-2.033329964364259,-2.8742468985899747,0.7667219532372469,4.083042664144544,24.34786033723825,3.5816730797190104,2.436630755412056
7.188344062371992,19.88894693169617,14.283315898373141,-15.501557956094077,8.06525293708527,5.582674298877766,8.199991539828074,24.989457537022492,0.4638995246156894,1.8225146653034892
13.03534140403551,19.40671532109206,-10.711951591083015,-13.434221855709255,1.9758289931661284,17.327293993426263,17.938573147893578,15.422853541905457,-7.200165075588123,5.0320374899600075
18.712911022564573,2.3134642556857887,-21.518675016120266,2.280148836354002,-4.613369126008315,14.185882030817393,23.973022313194647,-10.857204277416605,-5.48262855436489,1.2674747988678818
17.353761337956538,-15.175208406115129,-13.034590682439624,-0.18577977339462007,1.6829192275318636,14.504289995444152,14.220978754415626,-19.081703484697815,10.382583921355058,9.110569157125731
-5.608618472841972,-20.2451486555349,-1.003956283578443,-3.947813145301448,0.7046395615657884,16.46645108451331,-0.11710815597758077,-18.335288536376638,2.3212816986143703,22.085588304083124
-9.201061740007953,-4.400942723369688,-3.0637020580121015,-2.7804040521575826,-0.5723771414189889,17.768466325714055,-10.101215658248828,-7.608399113303157,-14.970922566893881,22.625750314129423
8.645597217433219,-2.403749589069387,-1.0192301052742858,-0.9106203282773526,-0.6164586134087461,19.267462295181776,-5.161015614066528,9.137230973242911,-9.434397292086771,24.728591398960265
3.325718628845798,-10.399640103649347,3.48712090810776,1.7481197599275735,1.5474930272655507,20.166085751713783,7.024934098607383,10.22718085830729,5.516216859412324,25.237663665884998
-14.115245355057562,-2.3224009941822077,2.359811364698621,5.3581467511247665,6.7364529983445385,22.630793663753185,12.90551800275435,5.651688948078707,12.150374238709489,19.183992392422002
-17.982438607441985,6.722289569389582,8.695941854980171,8.488370203624905,14.831994084108306,24.88134097178668,5.643783815901692,1.8008073106507396,13.994150934696908,7.089162329396179
-15.045421972402528,-1.746544438532401,15.321181309761377,19.812357936029088,19.910733534333485,11.300476690438801,-8.27962443135321,3.4394783943017377,15.56658679202224,-5.4351452826148
-1.1701412147752106,-8.89493232285413,4.660666346193993,32.132705025486004,3.7564340315382334,-10.21348575171587,-6.092993014751215,-1.9446300040851954,17.002974400183223,-11.274730708057591
9.468460739863398,-5.5343657527303005,-3.167573146107615,32.56100516501088,-5.5859324632790655,-1.6443454673451494,-3.4935628447557785,-5.395095525077926,18.363030438481466,-0.5016241055594381
2.654257845491176,-7.253742798908927,-8.744694884345213,31.129140263309004,7.966438276211385,0.24935924405940232,-1.8660121332981332,-5.200062648705746,16.951682317384765,12.691375039874746
-10.004649085726339,0.807213073863852,-13.379662063476019,20.576729460854917,16.685994904554295,-13.52135739997874,6.462694181655676,-1.3294057624316244,15.103031441055988,14.25747638889622
-11.554862264405774,11.867664828277587,0.2901483805043339,17.5910559581632,10.956932078071327,-15.88621584547197,13.429562992416063,18.304823021270124,13.58406426074164,1.1846455228368449
-10.253361138149751,5.989504952628424,16.039688418104358,14.488067628808604,-7.489087192096848,-13.272962280374461,-2.0656221767819716,28.057958487746994,0.040769363344902,-7.614515155774012
-7.6044781988935775,-3.758000059401472,18.550417898190066,2.874482766243702,-16.146015320200263,1.404874671777963,-11.881881898490054,25.14213160177757,5.247952645221179,-7.755983403722571
0.5319750171471158,-6.599294489064775,18.830711123857835,-3.231229132401816,-13.220228298337487,7.522745500862291,1.6595381223321655,25.94771282507251,0.7341116161411283,-12.579481839090377
1.697207460015398,-1.8559938373398774,21.11552683973843,-7.168053497993594,-6.5377591108434565,2.5076937107311474,12.593058584583899,20.169103855438554,-16.83810041944703,-1.4780407579828903
9.505242889311415,3.692662625675274,21.632862866575685,-7.346437220315359,2.9534839859433544,2.858401500158982,15.264178395232351,6.673994205702535,-20.13051195969833,9.021763806057477
16.140302876220485,15.762340478346166,12.856837604206744,-6.924472093905427,8.661039226385972,11.35367198588279,12.750584237785251,-10.261176418439407,-15.26536690248359,-3.618498498041974
3.359379481004065,24.00478495810605,-3.7461040968578794,-6.267102448214453,6.19794711556974,18.213105934990026,-2.8239138623248143,-14.802128580484013,-1.8723682889510427,-12.291921119538928
-7.96420584988439,24.102039078619146,-1.4711356370968074,0.0619877035938976,4.597388584388465,17.787001663291093,-13.874880567625622,-4.214466732046564,1.5340724607764238,-9.770032320414971
-14.075752185818315,16.336698443012633,12.073104648049476,-1.3887508939875923,6.3907371742949195,14.862046106831889,-14.143522611369688,8.12913855274706,3.99099598774658,-9.234333833852434
-12.333479289903906,-1.331826424143674,18.165783011696533,0.6970597946316057,8.289939604449241,12.643091300094829,-8.364341491252025,14.58145571308523,5.600602665374158,-13.585803418884002
-1.8783242637911908,-10.830783047963607,13.578433685353874,15.234395316926772,7.844876517811852,9.044450001277804,-1.8955653565591726,17.632689760591475,-0.6112104608452787,-14.68095031324763
2.7620121131762483,-7.472561914812581,6.04899671035948,24.155054362466508,6.017793176989602,4.020796332343612,3.7845584440058557,17.81777356578419,-9.957732149678968,-7.729594923061962
3.969779824110296,-4.346807218042283,1.8965858363160466,26.9891674319751,5.687091297693697,-0.026458923369800602,6.552626876594587,15.007995719865336,-13.888266737300496,2.8980839811908585
8.769534610666144,-4.2917996174191675,-0.5376135756342807,27.933356327012753,4.047311073187904,-3.3329819860672583,7.41791082708171,12.355408489808452,-11.528593824955491,9.227484800901424
12.151325307159636,-8.460158537751383,-3.2617129628193133,27.74858210156612,2.8483813105434224,-4.518885388798569,7.105174442884517,11.889492893872326,-7.148271883030323,11.51814983025959
8.797669039665163,-16.145882137688115,-10.044267000635108,23.20271424916007,6.1186137295700265,-5.729353656393168,6.741916177589296,13.319881240598741,-1.6512710335935843,13.220217384006926
-2.7997173968866718,-17.577309437356313,-17.68617793124717,3.9731096512630737,12.726651624963202,-6.965178920099036,6.585161869590955,17.522834524675556,5.517940246470568,12.930698399721523
-9.651679326417613,-5.568534940318888,-15.936122375131664,-14.594747056678068,8.548577676526646,3.0902289255682454,7.711415167901699,21.9020387598976,8.815540989060754,3.3272192728329024
-7.414738303732125,2.3587508423226833,-12.927363074225793,-13.756879105355813,-5.196047134527901,6.275196998290785,15.883588782172007,21.40632539821566,-2.6261226904644253,-1.5200720967772519
-1.6754732705509716,8.262963930653129,-10.953569361354662,-3.0076920319061213,-9.479936611631638,-3.315716235331717,19.290476866128138,12.55367108035185,-13.164344517512392,10.006047567448741
13.357690273275285,2.7761183921369126,-9.684616518384148,6.746479245606738,-6.82300701390432,-7.61572240659501,15.034512442045326,7.716237180186423,-12.440993522993674,13.896478679926192
18.78487883136166,-11.703639678662872,-4.9047746669779935,8.83180834950541,-4.117177746949575,-6.416451313749814,12.049086381848998,6.371261340322865,-10.619324728637183,9.386042145551144
18.373195641720635,-15.79781445392257,3.9797770003205617,10.247011979455975,-4.393296317952659,-4.750744759626159,10.58958683605343,5.756796015890341,-9.11188611812786,4.783669650386698
18.847023656728776,-9.417308136086838,9.709024812760015,14.00161390350536,-8.717825740014726,-1.6250311433126172,10.259186146390402,4.363785275243494,-8.911953213746225,0.8270462362386871
18.757671973009632,4.810831675491198,11.772996669939689,10.619106432809271,-13.318575712989066,1.6302097167350522,11.852313341357563,1.6549680225868473,-8.223269836521816,-3.945790067515119
13.75793777531172,19.543073850698004,5.4768474829606975,-0.16896696526062038,-13.078792947462258,-1.9739506388366215,13.52364452931205,-1.1947222030526725,-5.610155007870802,-7.733916012075739
4.775341483648032,24.61966487205374,-3.305866052138263,2.096873725076179,-10.575935544979833,-7.624011313879836,11.933607658273178,1.1899282947716603,-3.0331111652098817,-7.4639906102194535
-2.012262418478601,25.28493927785082,3.465160059762799,5.621314720564819,-9.805636230612592,-7.902723489490868,8.171372063322986,5.662286757261661,-3.592141163853905,-4.730831225814582
-3.8235603130761295,24.355022547891977,10.084271707811528,-5.994665367021098,-7.2571853384743195,-7.903171064618414,3.571058134292967,8.323057624071993,-4.5145719853919415,-0.48295774511083517
0.6797333698428195,24.52236681156938,1.2405509349273676,-12.827131356717036,2.44168637166055,-6.875333019889673,0.9860571989649104,10.334469122816287,-2.2137625918384343,3.652336417838218
8.40194525128105,22.288023909519882,-13.242514422850551,-4.082757131089354,3.9325517214403174,-2.5821069945463786,1.236957878922244,11.987288172048435,1.94949159046125,5.759392980996937
13.602950196739105,10.365021338076328,-18.239201382596434,7.151780697916361,7.979469922857344,-0.6951605745376966,2.5272412091129643,13.93489007787761,6.541160181833764,6.877168802506362
12.229232101640115,-4.8839821335654285,-15.871261600191476,0.8692443960683073,14.118494036152859,0.29440596018225623,4.1686429290385965,16.62078966992806,10.880684351332164,7.857625680790242
6.887554280023533,-11.579431924422712,-6.369913186331698,-9.939245773419808,11.240356789199037,9.189656452871487,7.453221439263066,20.045885554904665,13.034640951562334,3.695542565746953
7.565973152476845,-9.42509809490608,4.900323151558761,-8.272885316636259,5.144041005114192,19.060091192422,17.494481623200016,17.351572605554725,3.8551967795481143,-0.5721494710698662
8.988491511111947,-3.594538181438319,10.909028849587365,-1.9628651230296494,3.6129873184914554,25.471911416835972,21.105041082599335,-6.077269068335543,-1.0269008340128114,0.6729273939428584
10.098268220385673,2.726421549839988,12.775732251708154,2.836213397208795,5.912550267810806,27.752267491429595,-2.560524432918508,-16.63146193110744,4.830087991967542,6.787244955946951
13.592663637440028,6.798736436073648,12.615532464583877,7.036370169572136,10.53312405408923,20.231395152242715,-21.369784790469865,3.708013302227867,-0.9671672763171646,9.487217525524605
15.120054769692993,9.160803096547715,11.416418570329975,10.573193888015572,11.98296710667948,4.075401762240712,-19.480309565204912,11.068075290029803,17.18989660993118,12.162430983160128
5.356394287797447,8.365369164833858,12.920913274058188,12.205470201326612,5.039608099516363,-7.528825944433669,-15.047332198153494,-8.916702992449126,20.40391035641119,23.90384501133053
8.078053982422198,7.322413898126833,16.859899277505523,7.299669239365953,-4.543754572255137,-5.241535230917811,-7.563396845589429,-15.399914340120446,-5.992573871019848,30.570381583593374
29.154308805529848,6.598162005526728,13.798431871826935,0.10496021767613246,-5.7787939224854314,-0.5330218491523977,-4.00680251263742,-9.297088699285215,-20.711676408837885,4.863332544286317
8.085496697530875,26.35439930218213,-4.980923617021038,-1.602868096219718,-3.3133119531237827,1.3300225661649578,-1.932468091338661,-4.106332794427068,-15.857900415886599,-21.436837376190613
-25.59375535912249,14.659701787998715,10.901321284420996,1.2348484434941165,-1.1125180688365868,3.681194766332993,-0.007411294248095423,-1.2056650446694444,-10.609972756854908,-13.582286133624367
-26.713936086523205,-11.012015757665186,11.905336285827424,3.1508608008310146,0.6336738946152293,5.565143812510706,1.8898708929574382,0.10593336776898049,-8.228849687930873,1.5301760293209927
-24.502699335538612,-4.336480117962485,-3.0292833371118357,7.502645099208423,3.7044713364763484,6.787827890325334,3.374600155095686,0.36783098835044126,-5.788752871158188,11.931600333736435
-13.561489542718347,13.456872533918997,5.852965956800673,8.483869389328264,8.421581596269347,6.998871091620213,3.178058463760659,0.6182007719813725,-3.231946848610153,17.767713653402577
5.182052934275778,16.816292018451037,16.391779219248786,5.277935949802078,7.948591362960389,6.793442960750984,2.464018552105807,1.2545763056547607,-0.3728524610458359,19.490055182326348
21.00030508029158,13.023377745078978,9.4656944806453,1.7240170213757793,8.30949301913326,7.794028844846677,1.874971755743735,2.5233471911646115,3.064122964370664,21.519363300675373
19.22470106011496,-5.7026250164977865,6.343097109043188,4.888105563102725,10.289344541167303,9.00847896314125,1.3321219113842275,4.299258610717704,8.743971084727628,27.88455699895497
-12.459466129140688,-8.308759709381272,5.092811278065367,13.849206053661238,12.010014934077223,5.809253560032068,0.9075538180379961,6.153344149110712,17.46999917260596,26.74515159162855
-24.700851253147636,2.5695116298626286,7.1553589821659624,18.1281743692036,11.504345543101435,-1.5311103540005115,2.011430579074841,9.189763994274475,22.640146686586057,-2.808989808236487
-0.8343044967542507,-10.99939298435007,0.49180861515986074,22.479767050027018,3.219459593450679,-5.365671156585416,3.017705557150034,13.873489148058544,11.69019988136287,-25.674271148677555
11.125765508680564,1.347401959058969,-2.150370372008984,22.471407463768507,1.2324958474714682,-5.289471228270615,1.222330779733669,16.067347821086766,-7.449802395397643,-24.061615798587425
-5.262370004465274,6.5606389509494925,5.577857379606302,22.88388984935956,-2.726111341082302,-2.6179099600482916,-0.5301349213783608,17.058787487108034,-20.552287274704312,-10.012920497709125
