T0,T1,T2,T3,T4,T5,T6,T7,T8,T9
-6.488940611829855,-0.2929565814864816,-3.6241700811231747,1.9663005249469852,8.034543996556664,26.151621516162443,-1.8606213426544245,-6.645169353327283,7.227950012144123,22.327225795153286
-4.302738720815196,9.616159615501214,0.6557947305412862,3.3014769961946073,12.394558451064967,20.488363572059317,-14.604058628588206,3.9678837468171455,6.089903958178476,22.209529194371687
-3.2201584794307125,13.31959149094223,6.834083711897835,5.550912771841958,16.0837046030201,6.782948166483617,-17.107927758837423,6.163341456696078,20.161664564092774,16.518191116719247
-6.128307342373744,15.116381919116156,16.557957099689034,7.33533004660478,12.926063075211651,-8.447994893149303,-12.225905202446613,-9.93370262760012,19.60795161604774,13.997199968589486
-1.1500586911755992,15.558256006426625,25.29819989699878,1.854429423876806,5.757880779278495,-11.206649518091353,2.068550447491104,-13.822308957200718,6.158777181664931,20.049991053902133
15.424411798167341,16.586103771771374,18.474967266751314,-6.166235903623506,11.394419290843658,-4.389482316841024,11.722866162182328,-7.732908013166397,0.12242848461372742,22.70946017107045
29.96098768226354,1.33133435019912,4.209091768677715,-3.451787893403302,15.159433941206096,9.99208096079764,9.840861463405647,-7.358415170222664,-1.6496008085063316,22.114009077268427
26.657301193565182,-12.505764098605209,15.853144088282205,9.818458578521328,15.798414289594229,12.702177707530712,-3.687036537703928,-7.3932694496300675,-6.332545493769576,16.38296569441528
26.553460265630306,-0.39594192776885767,19.82674813597934,28.710565128104875,1.8462423970117257,-0.4710756264413072,-7.168911017517253,-0.8335553464126388,-7.7668893480354235,6.335792080041957
28.873485435942797,24.296273619996107,15.502673410959083,10.764309614038984,-13.53966226692786,11.708654510563617,-1.1498613903209876,3.4766677673784323,-5.217082728828618,-0.5053386887273794
25.674706962731253,28.19774985357345,-14.87389705249106,12.186968695316576,-6.69776261640591,13.834369965999958,10.14917105911858,1.1324562846004738,-3.6641919177470625,-3.5740726534804033
21.348713899249702,14.754884076008702,-15.088669640900545,23.57232438863969,25.667568060944156,7.674394420919841,5.414088035107896,-4.468725400187957,-0.19768753956977309,-4.502998969905925
21.073401932545117,4.706598454650137,-13.717096180284802,8.48832414123872,36.93653411998141,-6.944160543663273,12.220885517100422,-0.30401534373647054,3.150146799626712,-0.4761570300918817
21.34492494793351,-8.515484847954161,-7.535916681487937,-12.7499242174499,32.32534352837695,22.241946692143262,3.9794434512735397,1.1205064122784238,3.9438157371367026,4.653160763764537
15.427855424311405,-11.034310968642723,11.669552516932242,-7.257297531293893,16.348890112872144,28.076698146454625,-17.124776047100784,13.540539844133487,12.080760261794714,9.914215004458441
5.080329624464601,-5.675539821064577,16.351360057844754,13.443351136601843,16.8569522173272,13.757405740227352,-14.318415170384762,14.988723987542516,32.25371237202531,2.737959473869428
5.951020271722144,0.7529047257477322,16.158507357004954,26.176870855063978,3.2888970099685984,-5.1467842905641525,-11.961753428139733,-5.133231050000006,36.210077322690644,4.870892847392259
-11.880868674732573,3.792826555910793,20.425041994925582,17.080507008946856,-16.09250248720334,9.618027373882375,-8.935889398456494,-17.830976511157694,18.84624135414758,23.064263901121354
-10.350217552007074,5.776435121906651,25.7624773116342,-6.591169779208011,-15.457736260636928,21.747268472871852,-5.361162402108567,-11.206709551999104,-4.059753494874388,25.019333319141786
10.695413392381711,7.416672296560834,20.66912103714636,-26.990255890914483,-7.275179559661723,14.090985084669157,0.6285796850960674,-6.245700641404716,-12.249213736196374,21.865249758360008
26.860094007581072,6.933277851803748,3.461794175526671,-30.90821389444885,-3.534858542173218,9.640296383642566,1.5895934923852668,-5.609052126288297,-13.457731742393914,5.642869386329206
24.311669640557362,6.76078186670408,-12.890098375214961,-22.745983121987805,-14.761266205926825,-2.329186307088628,3.8642463655503794,-5.396065576206659,-9.23584714631958,-11.439160247893545
16.157441313255934,6.013776907170808,-20.256262646446395,0.9148150059375378,-17.426986639119118,-11.735833102918388,-0.38876886032203384,-3.087243097997437,-3.414823709034371,-16.42532929355972
12.106344715947406,5.22385419656785,-17.941913109489715,20.55438777371459,-6.335342400945842,-1.0792253962427307,-2.3781427512847184,-1.5638827518412572,0.20197829844602183,-14.85109332795724
11.510522913659859,5.278085725697799,-12.532681212713868,22.702516148795382,12.531973936765581,-3.623715913979653,-0.13970208634746778,0.47158595104197526,2.5141882462012215,-11.008738822770267
11.594693244668495,6.77444296916321,-7.234898423789722,19.442862450024613,14.215302684123891,-14.040045413943972,7.587555300940961,4.915763306372104,3.0705681129489317,-7.129651287556625
10.82874334344679,9.132790958687107,-1.680004296110439,19.74613018671391,5.023174997768121,-16.127514727536024,9.328411247051761,14.415021804073925,-2.4387507950981666,-4.4789356413977135
10.283475052316115,12.770839330974521,5.407591036425994,19.02249571867371,-9.261164862377948,-11.229839943807153,-2.315534403261916,17.878830346464756,-5.92270162576005,-0.8024146868863553
12.450195592076009,18.206522032187355,9.343408304833114,8.09747740237441,-15.262161470640958,4.400417758073104,-4.809386810252764,18.778540350664798,2.021060859115704,2.2897069163941657
15.888250859526599,21.2037608543037,-0.5308989788166077,0.3604089315980068,-12.979398846548744,6.976356215046922,9.006005120703087,19.777076510453114,4.398824224022514,2.883806646183776
20.093613088150377,13.167452380430596,-9.954084873757274,11.10232962150878,-7.293763524013854,3.806535037631759,17.948322947296067,17.385002673751043,-3.5989455806215,4.536918263402119
23.949122448928136,-0.903164585353344,-10.04616293595756,15.94595609341453,5.551503871833137,5.149739137470928,21.48543078925398,6.398127362129129,-11.201267080059877,1.8359685263530947
23.947878421836098,-4.174778466352462,-5.2441115688588775,11.260818378649144,17.518999838457614,10.780919511066253,16.649877062249356,-9.694614545015357,-5.817525801121808,-8.820674404638032
25.247658882632425,3.3968779156056437,-3.1723001288855714,8.670063347700166,25.925105403677595,9.247049990908145,-1.7905135943518773,-12.384747852164402,5.82601047308032,-4.320398857176157
25.543440936730175,-1.7265855129314631,-3.010686859720258,5.695050132006171,28.787804852379054,-5.553744150231814,-2.68202272425997,-10.825732207779392,3.7975022601202353,7.485802303769412
20.55410584877846,-11.834239096718212,4.898889472434893,8.855141154936158,27.134733060941976,-5.028352610177569,11.555594537294708,-5.970034203023811,2.9258451572771316,13.629364159446395
7.739724976506056,-15.560867525227057,5.281877454460919,22.883914815707588,19.901929683110588,-3.5741365042908106,17.32920062372681,1.2506187201334948,4.485727431053116,17.781712372317717
-8.342169157261965,-11.126390335254822,-10.123412535667457,20.65321427536174,17.59294483237533,-5.164084524657663,20.811023173119832,12.728327166691567,5.461186290448125,16.932814479355034
-10.785402421429922,6.2159481485968575,-11.632112622915256,6.686896679925492,25.64531890775271,6.213815241228499,22.08184170563329,19.15601370916347,1.0423530227920328,12.913328582744985
0.02525690431592781,14.243333534093434,-4.268207924324218,2.019696512327554,30.33904098773007,26.902134873392043,7.833182354444483,5.582886114769679,-0.5760396184252139,14.802330782492387
8.927913015490152,10.289029989025623,-4.364978868276721,0.3672188287117921,32.77237429048748,13.14488475550925,-18.790313025599946,12.075637273019764,11.043498919015569,15.511450793073214
0.7275551253668326,5.529637018415844,-5.008783219870457,-4.240978852710238,33.43199037439632,-12.681706197780496,-11.922992641490833,-4.70565482845768,22.58375035846149,17.826548605093926
-7.764133105517599,12.880818398748055,-3.5265917500215935,-7.657029771487533,34.828992585047004,2.117653666925207,8.340273779037398,-3.0704474275461626,17.198714827631605,20.898632483957144
-5.109147839249891,21.359212685046934,-1.9831614927071748,-7.121176855433677,29.408903278721855,17.548956558535703,-10.592905787143922,0.3294912969859559,17.451796967991022,16.453868280360638
0.7259096334674204,24.420180283594952,-4.64848003003504,-5.394496610103272,25.389478179822962,2.446405710454733,-23.14810762638433,-5.01176575337024,17.395938875407673,16.35362800275481
16.35367786862701,13.74487054336286,-14.218838490802312,-5.39364812683036,25.58554941415862,-11.706583229088654,-7.371772200543469,-15.999959567049968,-3.4578554975698714,22.705809919793026
24.27620741137824,-15.714211498421308,-3.5401081292123924,-19.58770822427629,20.46566929320466,7.164013986079892,4.902316105689123,-15.345089246871602,-11.353238763150145,5.823892877955645
23.52884649375511,4.272303189300962,17.551682726391455,-3.716147807491302,17.991389306472733,16.277761805201504,-15.616483887643094,-5.694737161662241,-9.536145343495573,-11.087327514930067
6.471694130075857,26.651505489074673,5.407479265782091,-0.16091763300887352,19.106595627192085,0.6571314921576641,-19.862558520717617,12.244948712268819,-5.899335045558619,-13.536166592968856
-8.420369254437809,25.49930354325351,9.43917430094911,-0.49231794904676796,20.361684613487327,-14.313696872323243,-14.222962630421582,9.795631995988318,0.2735642584346085,-9.421837573806718
-14.195748141598562,11.105083990030613,22.21922363093974,3.4785119315746926,20.31771626662191,-19.399443297174248,1.4193357428954818,5.112547228217098,2.01741669091528,-8.586473952491769
-11.608556281399691,-8.49449930212224,23.078530184772497,18.09409715451739,-2.6701789816625907,-18.209067266630832,6.1567465470507,12.584172623676697,-1.9208846196132607,-6.673566452279997
-7.527228813076373,-15.185495419310968,5.961622092117795,17.921123877793384,-23.88162926924939,1.9990241060982208,-5.610885861818583,14.298605414670913,-1.1750351208496657,-1.3576024254018615
-4.967810953476084,-12.146045019867888,-8.853349122345561,18.45458488646471,-7.666396057694866,18.13646758905102,15.362303222704478,11.547276943598838,-1.7789259423728363,1.1105823110394597
-3.7832472907967625,-6.112262584788399,-15.499214102424483,9.162104802281268,18.278208369921355,20.443016382449276,12.60507776956802,-5.983851736138852,-2.0309668307214275,4.116071516099664
-1.8975246918405544,-1.0417884975396583,-13.606158732811478,-7.463634254784668,20.18442560549411,19.03672598029177,-15.003538418824041,-1.9794957374157693,-1.7085468702892281,5.662331121962192
-0.37783582068572585,1.7683210747881462,-11.365104642567461,-12.858473663909136,4.977688350103312,15.541574050482195,-17.675383384133802,13.236279461726049,8.746877829120146,5.964093181293876
0.8336588382505324,3.8676109135494294,-10.449056094088343,-7.822316878942281,-7.456580599861427,16.08624629141533,-1.9026081110649278,15.428114520201659,19.086388586541425,-3.929029450482546
6.2758832713020345,5.542985351540271,-9.71517496424227,1.3647947540383625,-9.197472413461558,11.844192983037226,18.24961061359367,16.06901988944346,6.660817737297795,-10.743899933661693
3.711281491043903,7.603013997880155,-7.21067342559379,8.515206166417878,-2.2354733405376868,7.702600569070201,27.327657040532007,2.5066932871837504,-9.322295206051605,-8.22502662626991
0.67309940503602,9.261145513243802,-1.0863944107344976,11.588478643938938,6.236371655955231,10.801022439446335,23.7444814949433,-12.563015267900267,4.074104371825733,-7.106570350859879
2.09461928242306,11.131309739399805,6.513249504685843,13.401247820016883,14.280968745525639,14.191393859060286,10.106380236748576,-10.84646690071972,18.296182437755252,4.058806737435481
1.0407149414427312,12.442776402255909,15.562253342427892,16.606372999291995,15.471849940621144,6.024336065686895,-2.0888700666111966,-7.536959050705166,16.547717898216362,15.373983601416718
3.206883786828722,14.115861875206411,26.309364031455267,12.52972318904266,0.8464160430432022,-0.9904462532476236,-1.5748881162134074,-6.877125505466823,10.113611903849899,22.451480116511384
15.005735331588628,15.388318673038203,22.186228972365818,-8.141852364463388,-0.21328255825688608,1.3044334705755738,0.4958517906398401,-4.74979903714508,4.184508405918049,27.644932984116615
25.718162743342,-1.4578181658654068,9.13594671027507,-10.386468244818397,7.324244880446225,5.826102511852271,1.1827613563731114,-2.7022880724856893,1.0355116898261119,31.18599330324876
8.542840987527402,-15.59005158558254,20.63583568365789,7.427049536761162,9.437621380206513,8.95537897304042,-1.2062880821829358,-0.5071367665746378,0.5401815194040867,32.21378878043365
-14.504127207675303,-8.511188149121002,7.478899716451699,24.987187354527123,3.559935413171777,4.898746101981887,-0.7044659720582979,1.8027122957415105,3.5024712956216635,31.75698421947231
-16.909165595170514,12.6812734180382,16.13115668443887,24.90596237232557,-0.1434295420006444,2.792595227379433,0.8455583727398122,3.6966518785086957,9.117522932529747,25.890788136701403
-12.629463797149866,9.98014664957209,35.00581689418993,-2.809705944949391,-10.944260093356446,6.649548907823974,6.576323474188048,6.479329466851105,14.8647344903081,15.257410775356037
-13.902187561577936,-7.652543448560038,35.82537180054643,-7.791113252989464,8.144234605924087,7.262667277929135,11.32176436363523,12.721847816479679,14.921991479161518,-1.1058762403820828
-1.9129135481755541,-21.63333099833344,17.271057713046307,28.65477272726734,2.3941037730433075,10.474016896981228,15.911546168449602,13.393703614497433,2.383692635707745,-9.706606644445758
6.686375827612932,-18.281652829670243,-10.485914728957258,30.68971623541636,16.87212623580761,7.735641255333255,18.465067419890026,2.3326222974367155,-6.981315587855097,-7.355309456746355
13.07958712106549,-19.0184363064718,-12.804982988647883,-2.304124364884778,32.983428852354656,10.883946278254893,10.21625107862917,-4.683766153653379,-2.673563747669059,-7.741719306093137
19.83603999481697,-10.630154439248983,9.659707425384395,-4.560789942636748,25.347162115765883,19.251915356237422,-17.555799128248747,1.7746336469064719,0.7434877039640775,-6.000495430820603
21.99147607087736,8.791624184126867,12.670860475436378,12.853891130664497,21.71525140670613,-11.850909926721982,-19.859089557152778,4.265036576191759,8.441339849627221,-0.5589862492682787
24.978386744314918,15.616989941193134,7.971492029849185,13.28214514963345,0.1141394116727244,-24.861800462185524,-1.1677451391210831,-8.726733399456819,7.080893646859494,12.581221521569285
28.52424664273525,-1.7935670769673784,3.340416595475647,10.734921871063223,-12.941519884664212,-18.094309230178208,0.5890463862536224,-4.604726970358102,3.1892394164997477,22.330083671376663
12.532477060156479,-18.973412983033,10.31770291368216,11.026187919376609,-20.23842815546618,-4.334632501990865,-4.289251715377575,-3.7005003235441065,-0.16951568001362158,25.409555252641248
-8.870591199259259,-16.52555741183515,2.561910885866858,11.896460223746255,-19.10094663704625,12.163667956400216,2.0639459539656237,-1.315647536101482,-1.5616199125813799,26.085329951980494
-12.451814559462184,5.361157994353678,-2.8481089244431423,14.4001943138232,-4.752528859508232,17.235189840588504,11.024298550169835,-5.63841450797173,-1.9246212399074742,27.51639136668247
10.39696796949735,10.826348256637768,7.404249960386938,14.972415144517663,7.816976512345631,16.89545197605399,2.1698937869060244,-11.716215905533423,-8.853107185845351,25.666003745469094
28.540388404501297,3.978466286496085,7.833100416545786,17.885036978480336,13.205943543880485,6.479671784137517,-8.75510007423917,-3.7422236554758666,-16.16640948079396,5.8729740694100885
22.164329857731833,20.45730694988957,5.464402475980601,19.365339546695896,7.262154436530604,-6.985937400518568,-6.539274681756105,4.129036081836549,-14.034146821437417,-12.103435532526355
-4.872129611740355,30.18217267906477,16.776914721233474,7.792115473741615,-3.640692952674908,-6.545183119066834,-5.9612593072233695,7.436096114346485,-13.485715795955658,-11.777460159243311
-11.626565197758106,16.52311061212334,24.088066071351328,-16.871621229901745,7.815537331612556,-3.383075770446186,-6.289808043728777,11.282091183736936,-9.820600518351196,2.8450648882409557
-3.254981426352905,11.92838959496813,19.933442642272777,-9.300985548171479,24.693819590936396,6.949274269065922,-5.049626669336535,14.527669404584344,0.7243778723081661,9.684408931507843
1.324522285619233,13.020657947368127,20.294851668361026,6.504519607545136,25.94941912453683,2.4974813203479314,-6.308467142114305,15.4548646599724,13.376255679015197,5.855137866515792
2.93270078765025,17.03745221261779,28.137627355969666,13.014658347216445,9.307254258476965,-11.305409510568287,-3.3475025186026754,11.561003012174293,19.233619278734412,-1.8770316855897933
4.650870731615084,24.531508253939908,26.33868296760848,-10.664954479091604,6.284644548894313,-9.796356944742923,-4.317587961162112,6.974608778980753,20.13955395988008,-5.291289238639655
4.922986740159517,29.477922559763698,-1.10520805766202,-17.074419204740472,20.745792567009083,3.5490212471412783,-0.7479259192748667,5.238187127464275,20.864515796281818,-3.682402025973793
5.429777437587749,27.135207429032064,-23.5218285679893,-3.7429435422076405,8.878461616660847,13.373327922560113,-3.1214114265676898,5.865074208594731,21.4620366386034,-2.23022441046759
6.691857287209016,21.11500102603229,-20.727736146332617,11.89153368379549,20.868323295788674,7.755795999449369,-4.874729077703177,5.97348945272579,22.956814957246202,0.03285011168859528
7.458822077685807,14.528134416218276,-15.677959845886106,5.80855320923001,30.323733581140875,-8.236052232362322,-0.3041110090338069,2.8880440794188242,25.21689651819285,5.860678866961619
3.8416001779265914,9.386766669868196,-16.07036748939812,-6.949051939733907,29.932282710533777,2.4711196113773863,8.796075122957216,12.83930219889365,26.28967040393218,6.173379563466465
5.399655012908496,7.7857479941682275,-20.020527397853726,-16.02225069406993,8.72082250236838,25.342208683036315,8.551312259596221,17.62682627490662,20.424383136902176,-6.637705686075343
9.669877159580357,4.2534024395997685,-22.743260106049746,-0.6750388758413808,-12.502437317825214,17.380668688632767,32.228598979784564,5.5373358741621015,3.5148377537917335,-8.781074106451559
11.626699374592523,-1.7627870100168614,-20.125824821828243,10.80024437250324,0.3620091882114238,8.223074899271882,36.34449990138434,-3.8282507646244897,8.224642340517907,-3.5574469368329322
11.203670694804249,-11.400897359325132,-15.015895489910575,0.24288695950442768,12.209864375512444,20.061158554491666,29.623475086427206,-3.3304213969984255,14.305426539177244,6.9576611649549855
-6.454057338680853,-12.974607994215198,-5.820115413202846,-9.205712300651133,2.7126593100092022,32.60094643876184,7.677427897956611,-11.240493322961797,16.618866610410528,17.419823669983703
-19.278344097448045,5.926836568241915,-3.694248374035419,-6.944827917512603,-11.442514158913653,31.119520642443632,-0.3067593197460324,-9.615799963427007,9.27679741309431,16.425786049210885
-10.715833935239893,19.66800272433919,5.159468104374889,-6.48689032592816,-16.407335856360913,24.928706976667552,8.229381162078623,-11.200847914181324,5.038656127857148,15.441889042475392
6.060747389903665,21.606217250553655,-1.316101473935655,-12.181662365861568,-19.450124653126473,6.289396873184668,13.59294501400975,-15.175170244916137,3.1753801436148046,18.72088549802902
19.25354181473757,1.2426580254825714,-12.347463041616752,3.443224614680289,-18.352474297216133,-10.08848228315448,13.406280954620717,-8.818384862492913,0.6034716932653681,22.38752410981581
6.155557626262894,-20.636458304653797,-6.651099141517602,8.017338665748603,-16.05768039396465,-10.839473285901082,7.888959128238951,-0.3614395816191994,0.481784149101534,23.34137497537589
-14.966835291098388,-8.263465763271832,-15.004472679691716,8.790688872035743,-12.726218496247283,-5.717519757699749,2.183096668643228,3.9995855861946037,4.371628217833753,23.07170719217553
-13.318349409739705,18.90778828805712,-0.883223465924866,17.938835342293675,-4.619608212722344,0.7955731079714958,2.217883063710805,6.472806650626238,10.869944945466822,15.866035565852023
-6.587218789466952,19.5856723757948,23.08054586929591,1.7147083368210716,-7.230219496628665,4.809356622426373,6.477081863518295,10.076984835143623,15.007042575707915,5.542489289632693
-4.360770390473122,14.64893167098724,19.923638727753783,-18.768065401023318,4.8972626806271355,5.485169551712008,11.489656107049028,15.818592992374013,10.278849271835309,-4.764288897981649
-5.442418570592931,10.85901068546826,11.488147291738416,-19.30463435794684,8.76358065275829,21.618509192067123,15.642030053956017,9.8438296621955,-2.684171310889815,-6.062112983063558
-5.83810212686575,8.807616844982002,6.645821261278368,-19.2655710924049,-5.772521583813803,26.543579007661357,13.18497064930376,-10.351650807447516,-0.8485118298007772,-2.7688964861007177
-3.9815578723830485,8.840628962712847,1.7335576113944853,-20.666492378180763,-17.38390527089476,7.419022426419485,11.912313024944792,-15.98293199487051,10.335867426990442,2.1446219506346873
-2.6979242557144767,11.773750319920776,-4.242389338107124,-16.2026507665948,-11.318033430960439,-14.712276884678367,11.367253242505049,-1.8262242746622934,15.480247247691903,8.060825338534627
-1.8620334911082697,14.496918352470782,-8.069803924246504,-7.588947084157036,-2.0923004404950007,-18.575312435318814,1.8374077707569172,11.676305510589343,16.68575120833849,2.9768436424480402
0.524330316490585,15.902544771647111,-7.453306881379375,1.0362240065504356,1.542262104895458,-15.604799989899721,-5.766086628359313,8.660425225374329,18.588860266693956,-5.3125376692045085
3.1743139495139503,17.269649474766794,-3.227277052258639,7.14364989154736,1.3436832116686188,-13.979027729096686,-5.47595579509666,-0.1383875404693577,19.35125903900024,-5.015855196385804
5.292516786679636,18.61381121443559,2.4790659151434356,8.933017858894289,-1.9708200380372498,-11.332982516959024,-1.7428800731923897,-3.935156827224898,19.97359274191485,3.747655685504702
6.3537722922414055,18.143170889994206,5.7505242491069195,5.35854882080618,-4.945553250301306,-7.256075067608457,0.3696963761819947,-2.7477135721441504,19.60060513531696,14.578361464049461
5.494989095118817,15.141473669895559,4.968786565461667,1.3726257580742112,-4.49059515651259,-4.204399090365123,1.1093654940815885,0.08705220464215194,19.329973394718355,22.801287881476014
-0.8418662559071988,13.603517876927853,4.66409415288677,-0.8198710817133046,-2.35288296429518,-2.384863929029418,2.276110683432799,4.192656880169903,22.552039508625484,24.17946154514945
-8.0931149095207,17.48336127756534,8.481411620414347,-4.027364081534142,0.7630633449603781,-0.5835729280526174,3.4338136044417564,9.553120947102421,28.363070164894133,10.097322924603024
-4.3572799001293205,14.135590409114059,10.899116009925654,-8.773763089891244,5.690625955679704,3.0375581497747386,5.657900429216728,16.619387284097034,23.28185411245207,-15.854111540357978
-5.407348713120276,11.760039220874669,8.0409610278365,-9.021564374987845,8.286917504799852,11.088728090193227,11.304184872149778,18.580015782270216,-3.8298966863104145,-23.8031802528436
-17.811614243803255,-1.4585477597391239,10.094054543364422,-5.299469717478723,7.364796661459892,20.66462492533632,13.74874686824657,-0.7605950494802792,-17.795451900312216,-4.931397919392541
-15.072082482352501,-6.751794064745266,7.665456018751123,2.23916692352372,8.020143480550004,24.207034289140704,-3.419453738815524,-10.808008033337705,-13.322517363077562,3.374756011624238
-9.67394827306214,-3.846623285006614,3.9686930517420524,8.662994177259792,13.826527404307456,16.1098850068539,-14.578020030296912,9.60963987787411,-10.430888864211141,12.178001473781846
-8.553037678339647,2.3733985027545597,5.064562566509645,13.28768381846322,16.56029215182551,-2.0131415783637956,-12.431632297049395,15.794645191024038,12.990657481803309,12.100992052791593
-8.424934576658979,1.771604076116311,10.522509521308566,17.668241481011847,3.542751796147389,-14.553326538481953,-8.699586054811187,2.101961850093985,21.976683698070232,-3.7473403192404744
-1.140520404948964,0.35877716265190657,12.776953557173094,14.433732313323334,-14.17761892340953,-4.845469021599001,-7.465988105315833,-8.942932383997878,22.373555120585916,-2.1539736029059546
-2.6484002606181734,1.8724495696762564,14.717880052496394,3.7333265861774434,-16.914657387416206,9.883785243463096,-4.133886920161109,-11.744393873547654,17.34523764659102,10.049250927595484
-7.6342712085814,3.06334297811718,16.28720358336679,-8.218286928153633,-13.534178563798212,11.345756188218296,0.4405824599372893,-9.564325856880577,10.661738642624302,15.560982733301014
-8.36102818213063,4.927102256236697,16.330751348660357,-17.25322801331328,-5.412247534339767,5.408638232165494,3.2765807668387965,-7.264764566683099,6.068541823136486,16.60478262519444
-5.039717038337879,7.433343369048353,14.18119451855664,-18.671520909236,5.660468904883651,7.848110029296247,3.1559812066283204,-4.948240736039184,3.6544699094177346,17.730235253100403
2.2526454709877233,8.930597097603837,8.730335424286553,-16.228597504783476,7.2697458582552175,16.2719138771834,-2.084330403134353,-2.9540543882872474,1.931055473271008,19.06644451031562
9.814499027445805,5.8095979526354435,1.6194011386571103,-14.394393158145624,-1.0264246763226914,19.44550373841899,-3.70418102779045,2.123867089231335,3.3005231658371796,20.925729201682735
6.229266775954068,-2.30014768251935,1.9077908959662988,-12.277956210898417,-10.365506460520448,15.878914804029588,6.77905976019661,3.7359178818578673,8.53977762782217,23.418223163782034
-6.690346168389264,-0.43139813036682195,5.276332723785594,-11.441263298795233,-11.461456833487949,3.427181820264208,16.303895024685183,6.272425841712555,12.285972526883075,21.595634544169478
-12.234825752294727,6.239194870008937,6.8505438124218285,-12.372897067702095,-3.927528549128225,-5.885429326867439,14.90224154160866,20.21675331617052,12.500814777096176,7.738370775630387
-10.307683357720528,4.084322367469358,8.260697572897158,-11.437098169833158,5.802981227273592,-2.4801214479679086,9.550996223544852,28.52172514863567,-0.2954209065311816,-2.8203919570935683
-6.1625284137216445,2.966864272751342,9.631185894415315,-6.41579175629057,10.785770941515667,7.783838931229112,12.615692234005191,24.46842678244533,-9.057990854455378,9.781606151993383
5.762194935412393,4.500169994556214,10.615832507625743,-0.5182619371704643,11.828969718662181,19.7992255540169,17.262723000275646,7.882603335179566,-7.195919517670964,19.128565147224965
15.904551346179272,2.1590200896753053,10.816059516763215,6.604778156021774,15.117324345785335,25.80135648271422,0.8361343751277296,-6.489028529208608,-6.210172242018703,16.32935194166008
22.384282821837747,1.930310462831941,11.418621724096745,17.33957216464376,19.825762767467953,6.8823634312895825,-15.553776913991337,6.328484415161284,-4.536001316005198,10.95265762808129
24.518990339013897,4.579872774273598,12.530935574051343,23.662136191601864,0.765081531603037,-13.526792468321595,-12.327189059443459,3.244663477637532,5.610444527902065,13.565540401754713
21.944303975692286,0.44737313968776027,13.487010133865658,15.803990645430279,-17.009687882077383,5.275735533883835,-11.549762918011297,-2.554539511547115,6.130115677264777,22.907120578252403
10.581170495814046,-7.263883113791589,15.835758535551964,8.073764651188485,-14.378222172127058,20.57796565784457,2.5546416902787494,0.8551367329605306,6.557153936364819,28.578485480434928
-9.545586661067915,-5.031881436931979,14.927355020299446,5.896723928976327,-10.140853880338163,19.836766302333192,16.128012986111756,-3.7213126459493715,7.824995994661134,29.460158046031374
-15.947707477254086,6.532475614643517,16.72267572942868,0.5011901708913844,-7.000555194848624,14.783747969763176,18.48722943608795,-10.38529058900509,5.871990825324152,27.544732734712596
-3.961418319322673,12.801229665106982,20.15220050455183,-12.204751185087524,-2.418722969634479,10.527962060688104,14.80096155858992,-15.747738678226993,0.32518544298580454,28.13342693636525
20.45061202608854,8.782952371604948,7.113660305071649,-18.364100841518624,1.7441853049641454,12.988516659701645,5.444099754265357,-20.907048088763442,-11.688936709982965,20.30729488448762
25.364883414932436,7.753274836037654,-3.1256758805819387,-15.651318894489425,-6.182267490934155,13.278628660528014,-5.186572251722878,-17.064100825388245,-14.522873026614135,-12.75307610152596
3.8073561726936087,17.09372976986135,-15.851694155683333,1.3197684387024267,-13.736140386379327,13.140886346224063,-3.5618057802875236,-8.472044524041605,-3.189479059965566,-23.256236992600556
-10.668296208742483,14.32135826710133,-0.7308870475545188,15.647573927625924,1.7886511940916503,17.616699789347116,-1.451408991142127,-5.114602678533479,5.5268520906808325,-20.63142563330509
-8.126035020295383,1.0891519455006016,11.569682907292826,17.649871432724765,9.954460871741036,11.327796488185324,-7.125606065189797,-1.4818398251476876,9.721960118461508,-20.695274719123226
5.540584170908615,1.1435819973033903,12.591822394568002,24.132370716889245,4.494282706816766,1.079179265949251,-7.72814552124131,-1.437223087975369,11.90166537295425,-17.646712724340645
11.193475224388552,15.470037899030109,18.121522115549084,16.913946433124398,-8.055624573428176,5.643121633178515,-5.2435664711713725,-3.0913523741728355,13.929387868017159,-7.290551890994403
12.58502818847808,26.807896643529528,10.017589377717785,-7.47850300721247,-8.58626009188488,10.630606513716069,0.30214036976756886,-1.6690458858122028,15.134577315380458,4.920934117969604
17.492409319814747,14.825610406528233,-14.617963823568228,-0.25343732010184494,-9.878202208383659,7.354597799684444,5.858129437394623,1.5704515060835595,16.32833484874209,18.46449889499378
-0.8794047405803446,-4.973486637974194,-14.92172725020982,7.84087211009208,-1.0226091219799351,8.101267895572619,11.258374927497295,7.93976032830863,20.833099873466423,25.021437186377447
-14.673943900177944,10.351618073283545,-8.947380434938747,8.174048554769833,9.633099149399373,11.19956779047978,16.746531390784877,18.71700468141373,20.474873993701365,-0.7948001171324298
-13.804192173463443,6.416381573082384,3.940451694914831,9.881446581705276,18.382776084880263,19.905488036090667,20.39545714372354,12.422225693639918,-4.794546339212691,-12.198999476335343
-14.588310179903962,-2.2891821715917917,8.11539355623922,19.068454134860737,28.955646501724907,17.02661440531151,-1.377583839148285,-2.8258174938093843,-6.339400019924879,-3.607007769029757
-11.970746368460507,-4.471105904579866,2.0902056357439074,28.529839337402766,18.25251293459306,-20.35724205812646,2.061578493019392,0.5948312808139723,-4.200210971059218,1.9089460405543794
-9.445523277099245,-0.10697835058544049,-0.6592449403433487,29.618313286770448,-13.486984755269953,-19.091146625573273,1.2476861695208998,7.679642132031605,-2.0106824992821695,6.035430506870036
-6.480053263100068,4.0974104718311635,5.16381310056369,28.17517045432691,-17.399426857267667,14.1709790552893,0.40897587199640895,8.846971522486523,3.9383164503224464,7.285214924667135
-4.134575116029419,5.204596233477629,13.85909033597269,22.766216120284277,-0.7597246115718671,23.53645523203131,17.088202847229084,1.4401820843857314,4.9148376230274184,5.930361504101813
-2.47469177331393,4.780151734703059,21.54576991170386,23.141562534226935,7.132014105911906,22.06778570172659,8.702630213458727,-8.90554650259908,7.914987182971224,8.099775926861437
-1.6363506435628496,5.209294971816512,28.933371022563023,25.04311313543964,1.8928610203138887,16.971180051725003,-3.483815469035637,-7.395148654889014,5.601378807172087,12.007159281642819
1.3395320561933342,6.539200019030481,34.66059268799808,9.64550974221139,-8.801053875104822,22.28764251766788,-1.4571735905851122,-2.2495186049435403,3.6268248869676296,14.070944255384475
6.939150303801361,11.593480127238932,30.840098701252444,-16.27789164502335,-4.368515288241746,21.06019508995351,6.78270532164266,-3.3219105223770153,4.0254949247596175,16.771434650690498
17.643930735412887,12.884773922998257,7.330106098422958,-28.763049078824196,-3.2259635481809075,19.72644287257803,5.209981870998265,-6.411137814124844,2.8357075950554056,20.890064179404945
20.465906669790005,-8.636947202459416,2.005193540588174,-25.495988930309487,-17.45018801417861,0.3882588466725294,8.72644841591608,-7.429487660386309,-1.050496397718423,22.87325986887548
9.599736040584268,-12.672488146937331,26.981963432581924,-13.953269518877738,9.17995825688448,-8.145756404009779,10.548171229981657,-2.41051268363277,-2.194170884173561,21.88611422151999
2.1477280400634524,-7.857577866982163,29.1498906474133,20.132239486989345,4.326840678353532,-0.49126277011416203,13.93426748149108,0.20284823504832541,-0.5656478727260262,22.1280139367901
-4.070218591340694,-5.482377065420367,21.947838444477256,18.67916851166926,-20.00611621362247,4.515962586259748,16.611308369612473,1.4124199654037393,1.744161094795856,23.008982375739734
-9.73907607039781,-2.181098185385211,19.143722828558115,0.3605926969515597,-25.11901912211284,-5.006447443794679,19.80295488552315,4.145393646359642,3.961266548812722,22.612030164226915
-14.049837504305197,-0.012018023701119422,20.224899221198775,-14.567604301231173,-6.531456226703711,-21.084236520524442,-0.3304660857338991,15.684246580095262,11.371683664423069,15.613823545076617
-14.984398163954733,-10.190415788200935,19.270535780255077,-0.9777883811858579,16.21953609257869,-17.6573615747815,-3.6293169307111417,8.583650414416665,19.32114790458145,-6.087411005064057
7.594360502388347,-13.976471039607182,9.18290089909383,19.084397568699533,0.06770648021950075,-19.26707321409823,0.24912933495305295,9.728461531703909,15.044328962577607,-15.570821656445085
21.199367352281794,4.683324152040025,8.475772376242908,17.89494275550925,-18.660643757176306,-2.729546091482973,-9.385299305876305,5.518576970907274,12.950814313199945,-8.046221922068074
22.802463033362333,14.996088615588707,4.101054382572785,8.389297775758212,-15.929645620083488,15.727611002086752,2.932948602209477,5.101912540739116,14.92033888165982,6.413153424826621
18.740943278821945,2.5025405063902304,-1.3267251778736378,8.96975718845018,-6.932052858822325,15.62558822896448,18.37128795917074,6.87052320445142,16.819548368764522,20.35089961695556
-3.7832372337267626,-5.011712878861992,-0.25628433042286625,10.301284822015754,3.054702960116507,15.940880308331812,27.56683554841187,11.351429981149858,17.752487954668645,20.45161503484649
-12.427542930354523,3.4862618979353495,1.3936020521145274,11.898053107632544,15.419670482598448,25.10909810086088,28.805264382426145,5.114999214542576,11.112226362753793,7.364948214204472
-11.607505434097597,5.274236622058748,9.5181657297128,18.69780171863406,32.380252773393174,21.812620908575507,-6.996144947026036,-4.735274139536048,12.005448601313498,3.7489418726106924
-10.043579129970164,1.015996733849981,17.03803196197216,34.09929444837469,4.120660918094999,-23.844717416846173,-1.67814184296346,-8.898538535060258,10.043977889227785,2.8500436299317404
-9.47037556946769,-3.432252452269332,16.075492114990848,17.04960412062729,-34.83213565897966,8.577381967369535,-1.208002684721425,-7.558025606997545,9.346708596211936,3.8497481687578445
-10.202895160626943,-6.304418862095735,13.381478442526856,-2.047846326109853,-31.916121499285616,6.716834706651241,18.33515910049663,-6.07214609436504,12.548831804974714,4.1090905009742285
-9.391694648648292,-9.934343397595045,14.050797048713232,-12.288222425357871,-17.763021908206213,-22.35253893246364,4.548501812876511,11.676752221950919,12.902844111876826,-2.666597732590292
1.7593939455974232,-12.387824681859218,18.392751037780744,-4.087998507290417,4.10265058471034,-22.32108760713793,-10.460873961547426,2.1892425043435373,13.205177680974066,-9.069703420682762
9.325973713659986,-1.6664578900309135,20.954700953782456,8.456329874111987,-1.5669023080407665,-20.90524886152601,-0.34244834840865723,-5.71049275592526,14.652158866237862,0.3989076542964871
7.491467173362668,6.738491958449716,20.847175499770213,-1.0147971188081069,-10.180420715212795,-16.389476155523678,-1.2215635210423241,-3.4393250856012454,14.694696269439438,12.00496891438196
5.009119124789472,9.346896837048648,16.39901641811615,-10.491732873911303,4.163631942069164,-14.064582680278294,0.5387846664673428,-3.2428338758123645,12.885026022787539,20.03932553202221
2.774214023873278,9.099659387283076,11.504679390441908,-7.075274417827003,16.768503780524625,-3.4402298560124467,7.757721334733204,3.235082614224473,13.623838967821852,23.53220187110896
-2.6055453819809675,10.330469145061311,11.148119131877769,0.03469782156037529,19.51796135985302,9.193733167923053,7.557229294191001,10.317084617648076,19.68823813867994,18.54325026327504
-6.167420647220792,10.418236447074499,17.54917242987933,8.197459974855134,19.955898929752674,12.617736507163261,5.129482699562887,14.841184442721143,22.679345907883796,0.22147554624407112
0.44344443015315266,7.806109132402364,25.536325112033683,19.308905907305977,12.59259682033407,6.948908413199739,5.897612733152002,18.36763219320667,11.977545087353429,-16.098423280283384
-4.0650946490403435,8.314850539620215,34.10007658739836,10.181512816582805,-6.5297249441180245,6.211307291133033,12.066335165312212,16.840986365966405,-9.588517300785773,-14.1897949125402
-7.380043198494606,-4.204357381012087,35.9770403047757,-4.568023640120298,-4.195501168247412,2.5558187064698523,17.834205554436704,2.102644949919857,-18.542317052391887,1.5187961999307484
-3.654723884515317,-10.459794815943738,33.20881890334938,8.171135507747788,-3.0535309169576874,3.0104123809848002,18.35665344510609,-12.329816573828209,-12.003371194070981,3.769326928078299
-2.5305738965738787,-11.910504944423183,25.398334516577133,12.553093662229726,-16.603123095952558,1.8386728925688782,18.626291596449185,-16.413832309016357,2.6386925205174814,2.963063619687936
-5.93086588178233,-12.256926994133185,18.892909091818815,4.253561390132847,-23.6820479364746,-6.965659937955169,18.118648749916613,-4.308919881972994,12.433973902685667,7.5498303114816565
-9.976425568307599,-14.513268397531162,14.426213876933174,-2.484003371289749,-20.875885326887474,-17.150409450265613,0.5960790485908338,11.022926822319912,12.902992734138913,0.3659245752697351
-0.8261612544216018,-16.79512997645593,12.822407693094355,-1.3555607037622315,-14.546559744764087,-8.557138476608953,-14.968038786721568,0.04541117013319785,15.638120972417745,-6.686334730757044
5.8117951184250085,-11.211461645642826,16.277462554388144,1.4506376158044476,-12.220258776038381,3.569123389270649,-13.621647474997017,-10.61264619949344,12.820231724408325,2.6334751511355505
1.4826492619790923,-6.629555305796611,18.306968959709486,1.046404445977422,-10.378443736017447,12.798611199511619,-10.360469814121995,-8.364331521537421,4.187275114015785,10.473067779084909
-1.013542918256085,-4.322537731051114,19.429407889878217,-0.5992422117895057,-7.852145133158475,17.98017151255527,-4.440633413574089,-0.8192328453670275,1.4372461462623403,12.562542727090088
-2.9634831234126118,-2.7412532207727702,20.374823735568206,-1.700993633980458,-5.649067654398801,18.73474861883036,4.437709336495106,1.0917136500622688,3.960088915770305,13.74534792042304
-5.9363209776635095,-2.3034820900983246,21.138363258430235,-1.4384219590826484,-3.058656736788279,17.80875176042717,9.931133892895051,-2.1015959135039797,5.667313586019081,13.932432509550992
-9.491811657503673,-2.9010498275881353,20.954909882175723,0.8827785039698639,-1.0342869538926607,17.825201487619953,9.628560824107627,-5.700273020312389,6.589051196585086,13.890821240262582
-13.92738934545459,-4.100706059222274,18.997533857485756,6.278776535294418,0.7009743260876596,18.77421966402143,5.046803827331557,-7.57326981960129,6.275588067139438,13.756132684044587
-17.667743447241886,-4.630478854446006,13.987287671834276,13.685815528806373,3.8578904077608764,18.66524377018602,-2.340255662418045,-6.5339590915776595,3.487833380628364,13.126207615313033
-18.268571648981755,-1.1492918080094667,9.689306394469297,20.553959242971807,9.647884778942586,11.828358483037979,-8.402099228773492,-0.5405475704893504,2.0419838212896764,12.748978123399521
-17.155549783634363,1.966596234351603,12.883415576468597,25.6163809215741,4.389771030526349,-0.3479403251942013,-8.305488553223494,2.2036932381786305,5.402327155725557,10.856409345964115
-16.759065645449247,-1.5568649239900372,15.943240822037444,22.58336223572436,-10.55458913147371,6.901449544961967,-5.083640723530051,2.1219182454860643,8.223834845878327,5.821191587274874
-15.322491793172619,-7.996424491539017,8.280169097124674,19.75651241304962,-7.0629844495821,19.14211505092572,6.313570052658291,3.269164606007628,10.195552706129916,-1.6679032858191765
-8.025315419710909,-9.797176605067285,-5.147984164922438,20.29707783714418,13.696222266358689,19.029120357067534,7.649608327471872,0.6304010673735874,10.406533819281094,-6.548671232865889
0.7949281699132341,-6.891187103410189,-10.42577662022714,6.541349630106285,30.797713351605235,4.543399060631959,-3.361217460445884,1.7763182277055614,11.18494484337764,-6.959760792453211
7.236176644670574,-5.596145770425849,-6.221337257268139,-8.381732316670034,30.58784100129644,2.719414552783325,-3.8594465342168256,1.389453501911206,12.814387367795673,-3.020756802195297
8.588740040694695,-4.6707240640885255,0.6159826916755717,-10.794954399986944,25.864452574126478,10.078792591191107,-10.907520352920194,1.4148864925412274,14.593338641974412,3.6452354940244893
3.406804618925032,-3.5722776754567653,5.247052039443899,-3.648358531559476,24.53719512246148,2.961507975860734,-17.806014277827167,-2.371452711056299,15.724559943064436,10.048208588278403
-4.132468941320193,-1.0240477783299238,6.966128291747878,6.611183493377976,23.352646098117646,-13.732553963717388,-5.1193177569606965,-12.213779389792837,7.030269770137804,15.786214963673707
-4.406013782776908,2.9857633851214143,9.665920973415481,14.610880817444452,11.114215326028333,-14.952784071165537,18.016480668976154,-2.1591938181452637,3.7346691931677514,18.039304277316532
-2.069699738419088,5.759579703310449,15.38508797191796,14.276045211427851,-6.677365027861221,-11.606804347260692,16.216850625560802,15.808043416146758,5.055871741816647,16.688159634595664
-0.7319246286150771,7.266271650923348,19.140106422391153,-1.2202348217759855,-14.797275027011867,-9.639640292829847,-0.06340695207119379,24.21902099432383,12.42873238032273,8.952404381481413
1.658972554615911,8.9096844704953,16.63587225195874,-14.292691762530596,-0.24447041224586724,-7.9974277437077665,-11.3873382862696,15.512427451599471,21.624698320076728,-7.967583058758507
8.819346241475431,16.00552308379385,5.568590552468474,-14.135545258672204,14.843919192434347,-3.9383244824034596,-9.090751021062383,1.2027784420280196,23.303404441413676,-8.087163782469922
10.330865536861559,15.494704376771598,-11.807363868807384,-11.234109677893208,15.003388594608332,2.441083830076987,-6.177302392025101,-5.320199275044493,22.743900902621608,8.668750352835314
3.1263051855492496,4.948524038579334,-17.98328853261633,-9.448711612935673,5.800212235178819,5.999426090619013,-7.769414787597972,-7.987009058772118,15.119933479806225,24.212723531409743
0.13225552240326838,6.576816278669871,-17.314893107668883,-3.9480515142285983,-1.1928946772298943,7.744206064210971,-8.58728630632756,-6.500855246001134,2.9230890490429107,28.614370079843454
7.880438586342563,-2.2797197786189947,-15.300771247763205,1.7999477192791071,0.4353704055191631,9.796334281855225,-7.207831226029834,-0.6908129257745375,-1.9303757636387873,29.110001045957294
-2.1257889030374915,-9.82675866383014,-10.850681574221445,-2.3402701946591455,2.4809017526536423,10.58985741746772,-4.913517537173043,4.443019774844528,3.85203095165305,29.285130680792467
-14.19653019518038,9.224426450897857,-7.799360308808902,-2.1754878623480476,1.1993432308693894,12.302881691519032,-0.5245957569593321,6.85647312372427,13.894018034340144,22.478148587249436
-11.714884423581085,21.605366129182,5.827911153234591,0.5752686442094848,3.1222922662462174,13.772344370217192,5.253669029936581,8.838458552876238,19.407443237214384,5.931233905373825
-9.16323775872714,15.295960981805221,15.107354800213207,-6.026904950909837,4.432547116768924,17.032926181490637,11.54071526015676,11.155161400227561,14.723139442355162,-10.768021674394518
-7.856721303891469,4.046749685404812,17.089567888921376,-7.436968199318763,4.73266383761182,23.723002771088098,16.81618282742512,3.754320292022686,3.3561889693601827,-15.669565285503312
-1.8655445149553929,-2.6660923763789617,18.213141223742046,-0.796237461972346,4.605458121528974,28.55673829441966,7.261433473049641,-8.519986490953862,9.318527514651532,-13.074357541769304
6.075013849152548,2.756202534618974,19.10391978383495,7.165108029566282,7.957314600755227,27.117887833211068,-10.685636907607579,-4.718894408181327,13.963257472878452,-3.777216802764523
7.879298242728748,11.755655836416336,21.201956250512808,11.331347391607881,10.199584359047249,15.25246667344375,-19.29017494912271,2.707775560428012,15.385192069240585,3.5805211521887954
8.983333970572204,19.107231669036157,22.56915161722279,4.660857734708981,6.009860264618631,4.808533306064787,-19.523943452956733,-2.8152741605208678,17.34715145105811,11.530011882774875
18.245832737433858,18.86797804855051,9.590054638319145,-5.56169196793132,8.260119806783859,1.0246015584667383,-18.397661028085906,-10.075453868958729,4.883625333204666,24.148556484698098
31.881672391838872,-7.187632777113662,1.7837457869812376,-4.13758908742224,10.62875127230465,-2.4778918323089187,-14.762173956743164,-5.444374481505256,-9.957678978709035,17.504771783437263
32.64689532952,-1.295744746744922,17.29105343137307,8.455535061654873,9.972176289306447,-8.123514653460605,-8.834571657822362,0.5149029901747297,-10.176485162934114,0.9069109870310788
25.583011948881193,28.249578277569164,3.097580651036999,6.481127808307182,1.664191464222728,-9.575687227663153,-5.076207009088854,2.2129447595286904,-7.69412820388507,-10.09203946146868
3.656212881998708,34.63762869445331,-3.066744878387811,14.514233705813872,1.7100260784891113,-8.168692072884166,-3.463880092713847,3.648822558218013,-6.436876584070795,-11.820673487968882
-12.743479296605713,27.543802405864263,24.04048292571899,-3.1225475359709183,-3.2255280014264285,-5.564451686521046,-3.222618577900053,5.224138531315785,-5.548968764332426,-6.280273397816425
-13.728140031215943,8.224028707631028,26.137940359470747,-14.742007188390481,18.13496956528958,1.2134609073865545,-1.4064765409469238,7.027586390797276,-3.382462190697321,0.3645192841234285
-11.056319777356817,-4.693354673672663,26.10905499177929,15.301753734813783,20.3618623862738,1.6957904263064816,-2.8925347462259583,9.358686344905012,0.745585138721711,3.663248361950936
-10.450524539096365,-11.180308070067131,10.850723226457582,32.04858895799393,-8.763950834417368,-2.57371009915705,-2.014450312028834,10.169835957779842,5.3065891927734095,2.350925169122637
-8.020360957772352,-8.623310793167231,-8.961298969482659,31.78695761193296,3.0442394788969853,11.536846653994571,4.902773145615676,11.22582249343773,6.461219133293925,-2.235671067614265
-3.960803169257379,-3.56382238934191,-15.866589533023644,15.062225115212984,28.665866861120097,-2.452217180483455,6.616319156142492,12.46606064325215,2.755995818495762,-4.250238999914973
-1.47629529531336,0.26212333705198615,-14.027283432198915,-7.895638245832023,30.40551888977845,7.902309354896792,8.799639036330529,13.820449876673162,-3.6208489881311925,-2.0545109661165832
0.8232663768548265,2.1809872968466806,-12.50646894823831,-18.264873189087062,6.003058428900904,29.159169516702278,2.832107000979271,10.091547150060277,-4.0536645531175415,2.7906516331218674
3.9293487626779697,2.246124201284783,-11.84339295356022,-8.31034204824795,-19.70643867711164,16.248022346689325,21.55771026329371,-4.334111867083502,-2.5875512247633052,5.070309793513648
5.311235209675983,0.1991254039284379,-9.868321165039534,5.621685492242374,-18.76666048024256,-7.517004796776839,24.40140539527267,-3.0536371291466464,6.0798270901305145,7.785506010537636
3.7444178985078707,-2.0814839025807723,-7.594745595864873,14.685146543208985,-17.735621583980215,-12.750151748285031,10.058416673492536,15.403192608732756,5.4307637158961395,8.850263818379826
2.356654850160923,-2.0429393316572524,-7.123335228976406,21.202644874394103,-13.611987721119183,1.6517066529896653,1.1266512696515436,19.07969023441074,10.480059606380525,4.662304359192966
3.639350225203357,-1.0002007724317195,-6.4072099810152165,23.25396869763298,3.942322271475261,8.537826862852043,10.88311069846064,20.756644451839442,7.09895464941104,-2.411757359910577
5.613996684242157,0.2678338757548284,-4.385320177067653,20.83819810648857,19.490906766543972,5.167095997085745,14.956110948220314,16.774986663601396,-6.575449488500576,-0.5758103513101197
8.291261571384082,0.4479156468355785,-1.806759677427918,18.1426574195553,26.868359510720712,1.706946121645674,14.649968075452035,7.983690033359581,-12.325682536606982,4.077565388640709
12.118761613060729,0.42118235604055454,0.2824972431589898,18.61044525869133,28.414912677439013,-1.0314804652215723,15.53231245909537,0.4112402429114845,-11.955042629604634,1.9023505950952015
13.001977783232677,3.6619086337753934,2.8128702101281613,21.440749747570408,25.702217507224354,-2.404735439103571,19.290837056639965,-4.315920840935884,-6.9517526968859675,-3.2851595926006523
12.0931609746952,11.421196086785292,8.824346526322367,25.85132145316716,17.209602175737835,-2.563418977490228,23.39156470497471,-2.859870752617318,0.4592562722646889,-3.833388019078035
12.127576339569426,22.648460080427125,20.448269324871497,19.015587109577694,-1.3139194242369123,-1.0118308867999344,25.117100927662396,3.9413513064968004,1.6492670862439118,-0.6314737973837962
13.935434713707641,34.261412835373775,6.641909604824442,-9.418849562900144,-4.07948149878442,-4.895994149095069,24.60637167493791,7.600843146088063,-3.6105045523578587,1.0042368268939854
17.40447188764144,24.79313141908653,-22.166928465296213,9.745287895131934,-0.3475291729058202,-5.860256048513416,22.203728026447827,7.889777355472231,-10.751274803950931,0.271184142295793
15.534047305850452,9.69534602991055,-18.636738449328025,20.653890179593926,16.952080366403194,-2.672961365616331,23.381887751906515,0.3016567902644988,-13.39135929048178,-5.4819089803921255
9.774717883865202,6.464879342649382,-14.967307948067749,7.812079458155384,31.466108704193093,9.968615106558392,19.656277558807698,-10.780028202760132,-1.9562063690416307,-11.167416568970072
10.454337192061393,4.871309048052429,-15.311639445651322,-9.822418818958592,29.571562845140672,17.861264313586886,-15.92575267491865,-10.304154703083094,6.738993947767144,-3.5255625915665396
11.875186602208611,-1.9443278782190536,-14.727496763334363,-20.5615071574763,7.380799746357273,10.654445873206683,-29.25781208287798,2.9871643859592374,5.057463838024616,2.1654021874783855
9.77903692068288,-7.717045736723122,-3.8088306971058534,-18.871661957712195,-11.907878978628663,12.38008339654221,-20.686492667059994,6.597119323178506,15.265221878115838,6.352320922612603
0.9461019327323895,-7.360822525895495,7.287791246565029,-17.352760280050248,-17.941694708056,9.34757865814558,-4.960522635097311,4.461543717430243,21.759855583873406,7.9929236476361565
-4.8646772298045065,-6.187434413612641,13.81720277544548,-18.795584594487,-9.018415431633299,-1.2978312237225897,1.067667472900702,5.520648241179469,24.140558935773456,1.220233807219402
2.9087748494552605,-5.286934196048955,19.099294247574516,-10.93885615542442,7.456499825690379,-0.027600610288772115,2.341801067606919,9.152879045306584,22.88504956169073,-7.754463465161452
12.66871799089137,9.23914754648686,19.906615886551872,1.6019697607870487,12.381315570086096,5.3723172097615395,4.212123001119572,13.28376991631115,17.256853319736898,-7.966896859616297
12.662491095920354,25.603678039414792,10.193753826897943,-0.09335839508878913,12.927630708435178,9.475009885774423,6.774362671544413,15.95944657319738,9.233176319076396,-6.56577071916096
6.565900855059551,30.96652184558408,-3.637965137758894,-0.10623545727664224,13.747468644775061,17.047579611419327,9.653556556591578,13.442343579483348,0.09212376098004138,-5.412371098844582
1.8666208877114507,31.418244683606645,-3.0260507043580973,5.634953519314781,18.703208104853225,22.06840162655022,4.585298396404979,5.542073120714899,-3.966915146330431,-2.5938666497140934
1.7203215537134646,31.86420416840864,7.083002589651853,6.792500706383447,24.980678597032615,12.731816037388898,-8.481047774701898,9.104994079841553,-1.2091891120213885,0.30189149471594634
5.063810533880891,33.83011405674559,12.442565457396624,4.277321306390163,24.04715825282684,-4.5999113269699645,-8.767561259683776,11.082191380404495,6.558357437942987,1.371156780670136
8.777151278885933,36.75754202029914,4.885080085775184,0.24485599162860003,23.02771464528078,-10.24238780770811,-0.4180244004565277,8.52864781858844,11.586845489487612,2.1057350022832724
13.919778188042878,33.2190330580415,-10.951575896165394,3.5499847646904006,23.957342794242447,-4.928136111761816,6.591119059854163,13.319858516488573,12.421380851530204,4.329187889649871
18.376743252652197,15.222306699934935,-22.00913420424372,3.764560110602257,28.803803826165478,0.9311171606537683,9.381611450920708,20.355369016183193,11.363941856001658,5.872365101059596
17.167516282779726,-9.754500351999656,-19.037224704226826,-21.096259813629864,14.248847806258057,22.809049505416358,10.384484937008697,21.33572660023766,9.195201185900242,5.882805881414678
11.969215923877833,-15.565701164918556,11.62346531169043,-23.362441821921877,-14.783701961573483,9.10718671775627,32.072217640073575,6.111531014895066,1.8628295099963559,7.22201033559714
9.48788616860968,-5.877663762703749,29.667502135317616,-10.733120825207894,8.965897191726423,-0.26986781805625415,32.42461168691056,8.669326298514783,-4.463046408179075,9.28638017649283
13.386426595911948,8.045944628874578,30.69526607599137,8.40461805602681,11.666750993419754,18.837975700069347,24.464062141726895,-12.870504715868211,-2.0807901523700676,7.547504920764197
22.091966114753742,24.963747228796365,21.402659832674466,1.8576666591233004,10.528714443494895,21.405015772850284,-6.034143407813327,-19.642287687118184,-0.9466067620788755,11.4827713238111
33.36735151410006,20.141859094568343,-15.593251379820991,0.5117421533132497,10.836963464796385,14.188395336094914,-22.579252869214947,4.624510002047123,-8.945271774681368,-0.461419687048112
32.60553089371852,-10.224049211544848,-20.115595190160555,-6.466405582868733,12.532540404472492,2.23963055889845,-19.544611948561542,17.291162412887928,5.589754898862316,-1.8198545922654104
25.06984996600479,-17.287376783291034,18.070614155144106,-4.8772853640376646,12.701707627167597,-0.11967522290852677,-16.56353724607515,7.311089575558675,21.461527104035547,12.60468361495211
-11.274639798651059,-11.978702508416086,18.21075938517075,22.266240136034998,-0.9064895024290203,-7.874182290430177,-11.07189796328214,-9.917260263186522,19.000278692949408,24.902443118758498
-25.308214763833814,4.574469501704005,9.716955926475435,21.80390524608917,-12.019734885722192,9.429773095005759,-7.9258192133266485,-12.130153032644227,-0.17398751593699757,22.59992850014815
-3.5433984984820586,12.04488639234817,24.69772808218529,4.431803666980322,-9.733701780693323,22.113652001278805,-2.607587281681321,-3.5176683969009663,-9.63579965995966,25.156843335144103
24.106806075536294,12.149411210142778,14.253858624157273,-16.452299054381808,-8.084488598260144,19.15653089763779,5.647633266704133,-3.888802283785641,-9.693770612350209,19.414027983223356
34.70759820683489,2.631876584174389,-2.173409708540585,-17.646519447683012,-14.006769632727838,6.253730499116475,9.778278459648396,-10.702516405659322,-8.16263645905987,2.5116515633587317
34.6842070529175,2.681502294707688,-4.891509429568646,-12.192883825870265,-12.783777010909864,-9.88993208309389,10.718369159706173,-8.65071322630178,1.124517163966537,-3.766617638926834
34.50380657586904,-5.070767825143488,-2.7423699307555913,-7.060654149016253,-6.296432358749625,-16.49678582352613,7.779009681244428,2.26977518249345,5.159003585265967,5.09366283581255
27.238197505135442,-9.21576833103018,14.431782840209129,-2.120526423676384,1.3237542043731463,-15.18170795016944,2.579597632505997,9.516798570314782,8.671841193069524,14.251953624494886
8.686747527362582,-6.009184639469533,22.16962914869544,7.900064898118453,-2.2456908702527674,-12.407327086425799,-2.085121896697686,11.458521590787125,19.700815040161142,20.2122988696821
-11.628442187710009,-5.6755019461246485,20.36804208489422,6.252173899336847,-12.35956658297589,-4.457050352704986,-7.061056015692563,4.118992153346889,29.347650498192536,6.564436561508222
-4.698480974195446,-13.263678867180342,14.343223883452795,4.414775870907954,-13.941594538048653,5.1798497312229115,-4.724204896606642,-3.669808347239096,30.46289900646054,-6.436002551944951
2.321097148031694,-10.368834008735531,12.926727983512249,5.268884511240685,-12.310796333121148,11.484838649428374,1.203695976364552,-3.8063534543668305,30.95101274550304,3.6004832356224603
-6.915511389566127,-8.613409829442862,10.742869484049594,6.232403313773189,-9.584863428143443,13.533625456026385,9.074732676496339,2.5944902759867325,31.14339914861719,3.4618131409783874
3.6008963589941505,-8.283468439124421,7.139615068903221,8.342444312421222,-5.617769907567499,12.144433271472288,20.967974037474768,15.203227338987364,21.64356978035231,-12.352682977036581
10.9950505074434,4.749828736203668,8.528267164684719,9.405400872079992,-1.9590425567438858,10.129727913713227,32.174118287697524,8.64625839183129,-7.98196742921253,-13.240209787348569
2.3604441560909724,13.17382831809565,11.117288005774348,5.679266529578858,0.22158168468009048,10.986604880005748,30.13151823948747,-14.82713616702436,6.329238972510014,-12.934185971954504
4.316306592820226,17.172989250394814,11.74046695814094,-1.0156888011551437,2.18750391204378,13.710438812950168,23.62139087497011,-3.7509149943315183,26.22379168453705,1.944513987541949
4.400501381155669,19.26555115188666,6.012360894267148,-6.044417131083523,2.6219321164440053,18.52044381275939,25.343947049661114,9.446746841442462,23.641811459078117,4.633246339323815
6.189980685068964,19.95350998384578,-3.2022882907205297,-5.056381642146226,-1.1148155081269235,20.905808952814347,35.108809479428395,6.004647160799439,11.398673002491794,2.0891776353450178
9.177268624104094,16.355557362412103,-8.958397721666005,3.8566199595922237,-0.12130010318881158,18.88361937880635,35.30891799800691,-7.157446842987836,15.070945790717001,9.805553558680772
3.616227993125371,7.655756638414681,-7.508285521838936,8.257849990311925,11.96787011106155,24.964904000328396,21.693877516148465,-8.145599728219551,20.87662783159221,25.347681906331538
-5.764332268992799,14.194364210337088,0.3657568261153109,8.13204221401083,25.459574150355355,21.171959511173988,-12.761332233928353,-6.8776465538883365,11.509760354337676,31.341320905744606
12.395308830027941,13.237547971458394,8.33072463448118,12.713391288969706,24.057516930952616,-16.0274894293654,-14.757763375010102,-7.7570484183604975,-0.49009006370146746,32.95833165528482
28.723624137110043,-6.939611440309752,9.923841839065451,18.063882717698878,0.39433965040829766,-25.023299012252306,11.653204093194075,-5.136858738468957,-10.410341525449063,22.143495633798423
29.228916645140412,-7.601762768573098,16.38097447817758,15.081658880683978,-28.42884587913978,-13.455822288030928,0.21912817167923831,2.367126865264686,-8.117701103021682,9.286453840056538
31.579160920145892,11.946949575638849,12.852693938721844,-11.109250867146272,-29.537832568919395,-0.4668376021585301,-4.078085222755417,5.005000932240349,-4.101551205634437,2.7299027824539746
33.32237876667444,5.9080349582171054,-14.44280886489306,-5.59707066704338,-23.707848436211957,-7.161568643327482,-9.915375751536482,5.3105802050295345,0.16562209092026794,1.920539953066956
30.77235822863735,-17.468210541973196,-3.0154377711267006,6.411272790641871,-19.06237440693319,8.869240635277045,-7.415515354191362,5.553146383556723,5.65389650357583,7.787610735120149
13.838284497966539,-20.512324044736463,14.728657878819881,10.076729587439793,-14.10054197456591,15.843233514684057,9.83383334594372,6.754830036512181,10.891339471553753,16.03379467059602
-9.68620311379785,-16.92084420461512,5.660768238150569,15.857806905550344,-9.211185532840132,14.301156013994373,25.138123547771034,5.324301676749855,11.966582710205262,14.305688865035924
-18.400125888370816,-4.0196310134550375,-9.907200117916354,15.106340090693049,6.59382406261768,14.732608065350734,30.429576250852932,2.816202865309671,9.26051902810706,5.4477195403988175
-16.44981073059175,6.950499476610221,-3.6275458792471866,11.379738764751117,25.522397843748355,23.90546037156757,12.213812832654733,-6.263779698553299,12.180693261327733,-0.5922654706871143
-12.814495633584784,5.337986140616534,7.918865561847798,15.84209678476987,33.23139549453993,-2.4751514910772063,-13.443846701107123,-6.386291527486042,12.950126591471562,-4.1854890460019565
-8.026043343386208,-0.7665839544616019,12.804245108148248,26.25990549670369,0.35146182236042933,-25.126113261162438,11.532820450742827,-2.0196513473659246,15.193286196636436,-3.736091905140286
-0.2692065715183797,-2.6050375761125495,11.308090691469495,17.13595492804478,-31.53186422032872,-2.539109333391117,-4.5926967278656985,8.513553108468633,13.797603179146234,-9.290205307490135
7.776124691834795,3.6877547586307906,11.990870949115907,0.615088830644047,-30.101748787352186,9.40407296947964,13.945889331805942,8.99316991350217,9.84052540715895,-9.482160466777149
7.529822384796235,13.090773682699332,5.55023988136771,-14.364538698395064,-19.58363694483633,-18.335150072162744,6.641189446178281,16.234097608260253,-2.1468574882475715,-7.46727398337875
4.321944037912824,15.922268166273481,-7.03764617318017,-11.354244596495873,-2.7716473240313984,-20.772214796745065,-17.68590503979005,10.00033739005171,0.7717197301352368,-4.09069065714968
4.3197432141335055,15.418253467419731,-12.56547612403418,-1.1871225119427145,2.4510061690915754,-18.28372117607831,-14.917096380618716,-8.1717388638256,3.018093398252361,-1.2236732103216676
6.3904085088718325,13.267783151702135,-11.456027292137136,7.969780079367188,3.3292274561580566,-17.041517238439447,0.9777639559447044,-12.867130950686821,0.4421971081163154,1.828496130020069
9.55301764140029,9.684634896245182,-7.237207984749145,13.636969195575452,1.433887531101496,-14.734161449625553,11.805050118721944,-3.660307363761116,3.827905241438196,5.385428843152077
11.812440486785604,4.802977109485031,-3.352188064769352,16.857180761532607,-3.1680408961048814,-11.893372199476024,11.041713819168633,9.51767236731091,4.9389487286009635,8.619043566652106
11.464203876086072,-0.054781242808985,-0.48590070130948076,18.532170991461058,-7.632640672216073,-6.431855351157098,3.6498146001543055,16.543239905019377,8.413449774741892,9.508994346484288
7.569380338649872,-1.9725620845503449,0.6577850464957786,19.721846181953502,-7.3796831995684835,2.3975506250239076,3.104244142040746,19.463898874615303,14.821704548823126,5.786658841821625
7.592595183057821,-0.13215407488330233,1.5170992059911332,20.585196944971006,-0.8661851671307284,7.144590981478386,11.40883245932591,23.15405430327921,10.499223338808735,-2.4245468465394007
9.011678704591974,4.3626919899208465,4.7676039601021145,21.63072229977511,5.887712860922762,8.43694097437166,20.293485858067985,17.65898947061324,-8.870948720801323,-1.4761583305094168
10.590390930843197,9.986392154074096,10.78657672370777,22.949004130692085,9.14958456875823,9.497996815744438,20.57709338661893,-4.671588942987553,-13.718522941980424,-1.5716435483571896
6.4334335994710194,20.030557831228467,21.54909650128018,17.47831769440181,4.386865863578127,9.385430287847074,12.277835787879665,-15.905430748634657,1.4753263391091243,-6.2021172209100435
6.469542778634098,28.318588246232455,21.170657616534896,-8.329852520682094,2.3118644143896065,11.022518767890222,5.189608134414341,-14.368652581257523,11.780356227104878,4.311339805587733
18.514616503018107,22.787059839658834,-13.255590909317329,-12.262796973108411,-2.062482875552803,14.244469446205372,-2.6274978444251436,-11.72002667926294,6.616305975291731,18.089597454465196
19.323182212883165,-19.574631778691664,-14.639738750735246,-2.5848519860096366,-7.121014074029205,15.408845838356346,-2.8220705423694303,-6.844704096339354,-2.901654268415478,21.612936971748823
-1.6855375052663049,-28.68998546323637,4.694873147282475,-2.7852193237828295,-8.33013084294796,15.424482543184535,1.4563944209367106,-3.8657925634127843,-5.892188700228728,19.41202855934543
-16.55758504417738,-15.07279649108352,-4.136488846752906,1.0742555035737744,-6.0159330172239756,15.164066156460065,5.739855119317315,-5.765214798302729,-7.216897887818765,22.346714735050668
-4.916482149999749,7.590592715057309,-4.633972458233392,3.5540159061388388,-1.9890265443226274,15.399604812290923,4.437505606960664,-9.994150886811976,-12.39284869714336,25.427015992248638
18.87239515835043,0.9715034888421258,-2.774886094257017,6.075300740167088,4.959821024192481,16.256428735125198,-3.299286070934883,-9.067699026530866,-19.59779838507869,9.923997384009398
18.267546905296516,3.1280112885601814,-0.6831942367591805,7.090784435591941,11.699149041512705,11.666826773813696,-9.166079106606134,4.393082374506611,-18.322325514739127,-10.675910686754722
5.45707410121871,11.09979672927883,0.08935848859292594,8.616191925206582,15.81904553817542,1.4327880405474365,-8.026642723879927,16.969755605005165,-16.526850249115377,-8.64701490949471
4.560010562773477,13.448315166327273,5.630169293849472,10.354458277208073,13.840783418064605,-9.059274465798127,-6.727912524693366,21.32171110611279,-8.573173863467815,4.44129673236748
10.752813447239992,15.282498957782959,8.962909149729592,9.732191379788471,4.510739588938122,-15.433766489803098,-11.268028618460725,16.38228520672128,8.690328754801197,7.044800388962429
12.48617012830035,16.49697855242767,6.969215143451213,4.661409419290789,-2.269253142887398,-13.14816681773845,-14.474647806777577,-2.0047220834437973,17.818797308330574,12.273555995302923
14.669731194100448,7.250054138131451,2.535549030747912,3.0078728910424246,-2.654168844880464,-8.447519345168574,-8.523897501924527,-13.564650965218364,3.7051274387347455,26.545417556560356
21.463525720582005,-9.748431658921385,5.827823686453718,4.7981189382907585,-2.461442543609941,-4.8321310874823435,-2.4195639044004107,-11.474324476790581,-13.639718978547286,17.307427087802264
23.283536826383433,-1.2805952599552257,14.252383388618423,8.727094166581786,-5.295896010731935,-1.310259015965283,0.50027334078149,-8.680862911414994,-14.562526641461154,-6.306734307103265
8.309563580993572,22.654912600509075,8.553579975264133,-0.2957677399533758,-6.292181934832801,1.8220501917672318,2.579421894061161,-7.057512832360617,-6.053120395356116,-17.50610230786223
-11.129358111546052,20.894149565412018,7.738253763295707,-8.053267256167468,-3.0044688114848386,1.837651940994443,4.111144286609903,-5.229796549247415,2.376520877725037,-15.697065678706645
-14.176540316206284,4.339881448997068,11.429983190979465,-11.63702070963427,3.042747925841925,3.7308688646269865,5.499408829413821,-2.3536852933110994,8.272199975416735,-16.08842568221463
-1.4500924000249165,-6.050596778458594,13.280862923823396,-4.162109096243603,7.507287658600424,9.270552505879254,5.1985536551631855,0.6886848019978469,10.525357188249044,-16.842188059706736
10.20795983260802,3.511426289260401,15.083482956675727,5.386970259989644,8.767519249226929,11.802145180523302,3.1996500935972128,2.4621506143107332,10.360716538542935,-12.112493928673056
11.927416689454251,18.380015026644134,13.375980996663657,5.641650258476916,9.577699702993284,11.465395080776458,1.8940762558471516,4.3226683118695535,10.343123163402058,-5.4026059337164725
11.366510546623044,26.439792372543796,5.320941042386757,1.4215367129836123,11.406592075139143,11.749418671340349,0.6819224228709497,5.797799505756182,10.969415803488841,-0.09955873772216806
14.681590910891497,24.651871826778304,-7.272855199403066,3.876437054709559,13.977632697173338,11.788026676322817,-0.8103551555884286,7.57757698305027,13.169817935805474,5.4264888366504485
16.17813045767357,8.723303353970053,-14.263989405349824,4.980306625016024,20.875100776134406,7.001207390452074,-3.187010916280524,8.459756733893563,18.996124130764372,13.433809149398245
-0.5473218645730779,-3.1314566351822015,-11.969349847455222,-7.619507147067445,21.232574616321994,5.205234717971761,-4.614708163228152,6.43640178299709,27.408602904359878,15.839276403045128
-10.523013226600552,5.4462641030285734,-9.53569565586472,-13.644191027185455,11.308726780778601,11.791914634849562,-7.247366063649656,2.1670379599077965,31.285768696155817,-1.1646310051728572
-0.3226840887811877,8.01745160688729,-9.546365288932078,-9.970031842009302,-0.7796642503558231,14.317074810341714,-8.688724920277632,-3.413393886125641,31.749396495267284,-7.305579583521431
2.2676953199948864,8.534752292182915,-10.485735057673773,-1.287532321093453,-5.818464868628037,16.144599691912834,-7.627284275999395,-7.602677842625276,29.765984493168574,7.78362242533228
-6.389759771682515,12.49034130067067,-5.311304088666159,6.377103581978982,0.23178121784942132,19.032547653858497,-9.150320183920467,-8.526205191451735,21.410118757941884,17.238365050304704
-4.006700559196968,19.175019025492414,8.066589360207594,7.313857528745946,8.204891114595416,14.768555481543565,-17.1350623639214,-4.99241248993262,11.734573823240956,19.160771726762615
9.095200077448238,19.56172039800286,12.534363267188517,2.7098955474719477,9.47419114747618,5.227484200222788,-20.152119242481245,-1.7948154788972526,7.477908741572548,22.26242244195415
21.754188671023822,6.4588856150791285,4.305966787135712,2.1847958946904518,10.29872017784836,-3.487354669805453,-17.85901424216243,-4.3479270110203965,2.7517272318072497,27.857598105443458
17.859819418354967,-15.048488264267675,9.514009722984273,9.117677703134827,8.608980509843768,-10.597342553911968,-9.391953002682332,-5.857557373636823,-6.682175030378405,26.033749195862057
9.304347275787572,-19.913345569751648,8.559840511238036,20.899846546906584,-6.487315660294338,-9.404147128763084,-3.1040009157353365,-4.330320272478238,-11.283706192499153,18.468704998419856
3.639733605724383,-21.508717571342753,-6.57231969453819,22.77451371165757,-8.054753040363813,5.488841498118788,-1.3272166872430424,-0.706270416193103,-11.295942406646384,14.491264726137464
-2.248439624941216,-18.86113547844213,-20.415681315407838,5.766600482911576,11.293418790418858,6.635895882477446,-0.2066996994927304,1.2630552484524276,-8.590035214133382,15.352368191202538
-6.5295779698752066,-7.448525285296225,-16.856416681695933,-15.208536165206947,3.324089614434784,10.651818928477,-0.9915471393121623,3.821102516598797,-3.935407631420758,18.982722436757438
-4.171943167981448,4.689977513819539,-13.60144984922105,-9.670526150755133,-12.18694797633473,7.5701191518021975,5.913124482064952,4.648353227479812,2.1562518608941468,20.252906628880808
0.5368125210016507,8.899414611126668,-10.82513360408299,5.403044281032254,-12.036167433404515,1.9695962856216591,11.147497330333184,6.968920743314507,7.005777163234519,19.67910121074236
2.3448612843638372,8.046854426465167,-4.875410790649682,13.964733919692332,-4.4365711424937855,2.7735867545982695,14.54926457084295,13.011998319307645,11.210019157854058,17.045414222168255
1.8629263646041672,8.202528796759044,2.5092227419264086,15.649841687698606,1.2484892947760602,4.361573162070465,18.819001580678563,20.593880923241596,9.919178068695896,9.741621655315404
5.310229384335221,9.718219615991229,9.815675118990328,14.982107974672477,2.4760339975382575,6.550434394432298,25.15804505766748,19.281123595555854,-3.5614521740184273,7.800480320878192
15.548666694981438,12.595918457940792,12.666368933780863,11.180165824429439,2.114189213151774,10.149982564157044,28.426689750515415,-2.624904474529793,-9.518484033198744,8.268419503575478
21.8474926232898,18.470041148883574,5.492472843341865,6.431165702571973,4.799306922926453,14.167109026849074,19.199113622680283,-19.636843361476018,5.109853948863957,5.9078112892190076
26.361818208190925,1.3532498457788187,-3.579763842148515,7.140431573884841,11.727516221994215,15.652795942116422,-1.8209219983354108,-20.44355880309922,1.1586210210715369,21.613946844150895
25.955726269584947,-15.555829695547848,7.58000785105239,11.135441906519551,16.527030876747318,3.0173799004744555,-15.737925777232597,-6.573987203567395,-15.948121660993461,4.88409340484134
22.097974457233445,7.868541014390272,12.58098628185248,21.354291676348737,1.4892990896817493,-11.724764255819725,-10.916635163280178,2.4176491515889813,-14.539254819809017,-13.640090501993633
-3.453377081364309,24.756039948279405,18.03766242010264,1.98050087662264,-11.984650366506429,-0.7376876843416689,-11.888260800038573,8.015875199769255,-13.141991088450458,-15.004324713877097
-13.365876939025382,11.051390235465954,19.610598860611734,-20.474182731565804,0.6485068726978853,2.0898223749138922,-8.0959880122232,15.913300043385481,-8.603251490435966,0.622812409229818
-8.654135491840123,5.020625182246542,17.47152468260426,-15.810700498220594,15.388725000392599,10.381797568097163,-3.736674332820214,19.593772568444166,3.427884154975256,6.664702050583026
-6.45521454062794,1.3406174334020964,17.954505725918597,-1.1032052875938465,18.030499534072863,17.81672911024874,0.7894241776512393,21.21327791164515,9.311494674723178,-2.0382107593603966
-2.2131510282458615,-2.354895619129514,18.606239896530806,18.25270540777054,18.07651219117423,13.87187724657024,4.621613457421555,20.426380965516955,1.9302069644515718,-8.068765250711635
-0.28557882716405547,-1.3720732976063335,16.757065186887736,32.88109605934245,5.2574492761681,2.0499752186698323,8.111964255228445,17.97615028663354,-7.820635147526484,-2.524627970536681
3.0337610178927865,0.9305280585410565,17.377602572541775,29.333190482134256,-12.999352973966504,9.103587672750786,14.164078794178273,11.575179829049063,-11.675203229820758,7.064789816714139
10.439191098481178,6.63738258997311,20.379226412476573,11.966782476698238,-17.71434668318351,10.651431437879525,25.267756598987024,-10.264283635377115,-8.885904616054441,5.948501487240903
14.391276500728905,16.18143156993961,12.415263557051928,-12.056679538343438,-12.866715242237282,-9.817195432774568,26.44709390697029,-9.630316661713799,8.574143113705802,7.985115716544473
18.433072343823234,8.059661066519013,-7.357002827061493,-12.862469859910089,1.6468117224604066,-16.585629461738247,18.090362031683128,21.842422252960738,8.412113698246642,14.462702802633224
13.41476695621831,-7.004746234731321,-4.537994064519241,-11.943780717487256,6.673535270317068,-9.380788737563096,3.385994155089411,34.001752528967714,14.090788318298353,8.788244699906267
14.272335965349589,-4.296671823895767,5.8327885021735035,-8.482267325044285,11.980279059618427,-2.454857536908705,-2.334581819229249,34.18507171275806,16.456364523808617,-8.41153818319544
17.817727561326716,13.65184769838259,2.704247162318759,-3.3426886988187263,14.84283564545651,1.8930009682317397,-0.34088185767146717,33.534915806865826,0.427359097159691,-13.452107164889638
8.11602739217143,19.19153110262496,-7.615326392877028,-0.31061557050555144,15.581956463118793,6.814322480316741,5.182766070946969,31.959237971283077,-15.949281936689884,-1.1967413070239057
20.442192717206428,7.555450356707969,-14.091413959385347,0.5331442381339513,17.638609869273914,15.06106934131378,12.064035721957625,20.172329375061782,-15.357977658313708,12.030424640275195
26.215110021271506,-15.040687558202697,-1.9585055244231286,-8.232347704958487,12.033906051302182,28.147144080398352,7.331659538747256,2.1601940285410532,-13.255854230086122,4.2531154419597925
25.882505144677154,3.3448682956549773,14.697099870336297,0.5590604194200887,8.1633129725284,31.38885222900073,-4.22301168783041,1.7039474920854125,-10.799322468273063,-9.30320617089063
9.9296104681653,25.390528232517518,2.2692969254687645,0.3404775895987574,10.497013078121912,28.87014414195894,-3.8314874917107637,14.393077707180074,-11.140744597602414,-12.097012732723833
-2.63516894914142,27.443027692460287,3.468283521435555,1.339922346586239,13.110351895051533,29.221088782367538,4.091804462625145,14.514338392664857,-14.614598891274955,-0.37326253610864024
8.95525705404845,27.75667458834329,3.388426764660841,-0.17644167062054358,15.228017682831162,31.603986932402226,0.5873669715509799,8.982343338848594,-11.32215611405613,7.5099513042277595
22.29512300920919,17.526746217013557,-12.497014747272678,2.747479880904476,18.544225179596076,28.60387610093194,-5.168237069785146,15.699283131141197,-2.766971185314815,7.5999638686201925
22.66184289723823,-10.114916102524068,-13.555261622943153,-8.294705272470223,17.860491150739122,25.160932252032183,-3.8812164849313473,22.247102333220752,12.302729450290657,10.016771418872196
9.663139057640528,-17.271623967390717,10.003592337923047,-8.484414282848677,2.690325289883143,31.537408750145094,16.894647989278155,20.650155483416142,17.976541761085425,5.408914914867973
6.276581807750773,-9.958978179115018,18.24424576453737,5.076049882002651,2.8082275448664733,34.31308222124272,29.308125432334904,-7.012402696957776,10.49797212688069,5.22656888723753
-4.543974968469628,-6.373739105005384,15.516142008863149,20.10215015744488,14.919462022527876,31.675987292263777,-11.135080891828848,-17.476517114780094,9.214162482420182,19.16229424418592
-5.819152093432858,-1.473098583080794,10.244515586657695,34.601436043890175,9.962531893133749,-13.19695534335037,-24.790354528412788,-4.347869886220465,-5.677612382438524,21.09328238904678
7.465736093229496,0.9168190594664123,11.816746457567968,29.571364475800024,-18.976009573595626,11.840357012924121,-18.685970476645743,0.9289405034101822,-14.02592089194382,18.834444570417734
16.04113127162122,-0.6846433677425723,13.513168055939772,23.31052566980689,0.2376919446722254,32.35449078865422,9.78715823744117,9.690900159474074,-1.5196598654318567,18.600259420173536
15.498456188519423,-2.695540794422893,13.9503732099409,33.78975291621004,21.80872475876251,19.87640398175654,-0.5461066636220983,-1.1443216542817212,1.0375229853731258,19.809646261689394
10.02863176231388,-6.313322982261,8.812255891066364,45.57310375442019,-2.2563055739160873,-10.514272069769152,-2.3797097596952383,0.8641385043998464,3.3303342961957396,22.008938200740875
-2.695166003187466,-7.421912015458264,-5.2361310391052,44.91245951585763,-0.51382873976576,13.310377917290264,0.9198367065350284,2.012171826467071,6.4363718333215845,23.319007242385428
-11.432050422225739,6.940037954028684,-5.717015961244803,36.86204322137509,22.163181642146597,-17.509816543291688,4.801841465384031,4.803288548993302,11.110357806051777,19.099129913012057
-10.240483678940809,11.772040281015668,21.377681561148908,26.09157764551265,-26.802010885200723,-13.80628022690563,-5.487374244646392,15.468867504805923,17.154283204839967,4.580709277121073
-3.529798655920064,1.2112854241620095,27.535350534364042,-23.055325158615332,-25.946762484033897,0.014570432944153111,-1.7416908205026438,10.81618218017905,19.350659754246227,-12.937623735298853
8.598441927500865,9.950229477174165,22.30787485710858,-26.288855372636963,22.62416918392196,1.0215842322114186,-2.6439951472650596,8.970685536963819,14.28020832491731,-16.04086267150323
6.57315368772187,22.276674885206543,0.019419512142137503,-16.25993685981711,23.816549157421996,20.979508597672794,-11.494355451295808,11.602558316282153,11.324233938844118,-13.863233438783967
-1.6076550262331724,24.51734086892487,-16.782197947410804,-6.981828183734432,4.247771851654577,23.26011892201849,-6.468610818587191,19.345288185259143,9.440310407510163,-18.425256395307926
-20.771553876681768,20.35045357064368,-0.1922843802028793,7.032449747011842,8.214221134191826,24.631965396799444,12.827479047803063,13.666840065140718,-10.226098631439871,-14.438506933878951
-23.84011377371038,2.722490409972616,19.284005119952973,10.883549152354496,15.009833163004354,26.573479269798998,2.082253594060609,-4.310480748981486,-12.099336398035957,5.108029656709502
-15.939387859302178,-3.054534216670947,16.578651685184845,28.971597364952665,14.098457202249074,6.224006826232197,-11.377791434521784,6.588057416584226,-8.194357283770701,17.645502151245317
-13.085501793820248,2.0917276776619813,16.283849369651744,31.87118449788816,-9.679428719217642,1.9974858331357155,-9.381103505493721,8.567320231928777,6.777515598486612,19.592103643187176
-16.82260765772769,-0.5043147465522202,21.414220231459268,16.837612118197075,-14.924459142230193,22.39632148177468,9.21013281460738,9.38080751161432,15.510192287985678,6.207783970821261
-12.224773710436947,-13.49629735501658,12.672625865314247,12.59649242543221,-10.156856644291201,18.421845059286753,30.93164315161481,1.5445507789553254,10.470318697545892,-6.276014981720318
0.12947255468048793,-15.37214787122546,-1.2973799577389715,15.537438073350629,-0.7301760535725971,13.517712287645198,35.17599481411343,-1.4559229432065803,14.376581356180946,-6.736670767767833
7.856705031140768,-13.290927762524461,-5.922245577509572,11.835660747777817,15.496220877579784,21.507904763427597,28.854316701411626,-0.5597966719879609,16.182956288180705,-0.52756144343348
2.2653665074105684,-13.542790373143983,-4.315109690314461,3.767674256279789,28.804468285688415,27.648896445156197,-6.482086511211153,-4.189390976649708,18.056517471485538,9.922428038230548
-10.814748848902342,-7.2487767228011455,-4.8786111396906175,-3.5848726696351294,30.109332441541063,-2.5318957523127477,-26.47439737821283,-7.063689230862592,14.229912637348997,10.13804578251053
-11.847155374180177,4.26308871502176,-3.2876038714475295,-8.428896830801033,33.24759551222242,-10.967824274152566,3.459019477280964,-17.215450067003207,-1.1197295897770032,11.644235310532062
-3.1386099447789304,11.554996206094701,-1.616324611555318,-8.739012434550602,30.965230502371476,15.34745121592537,-3.025972693873279,-15.130574098536973,-3.639506460873783,12.22397203473108
9.614289370621634,10.501469651471805,-6.442295909510389,-9.050064825541126,24.534171940576837,6.46769357043724,-23.99642073425423,4.625781461032189,-8.910391335691235,9.712500140589864
14.208200708180602,-0.6907038715580562,-10.172456608615333,-14.333990259500426,20.67528502783067,-5.368170263308188,-20.84837211235943,6.917967403817775,7.388584549488353,11.285207107848418
3.9541296582389798,-8.720735433374875,-0.2563135727537953,-18.951051559075182,21.00090366408144,-2.3681361821090254,-13.213825495177453,-4.218636040051123,10.53821211530626,17.355899745018498
-7.49676811403804,-4.512057924431847,6.599352237002488,-10.02828115462993,24.08215732101864,3.125832524476351,-12.364529186480265,-5.51531701599372,3.292805077297097,19.744806789050138
-6.494170961042026,2.3950748073333332,8.19117170138173,1.5816672016545026,25.84975318380267,-5.000262767285604,-9.827720990458964,-3.6527005253573313,-1.7569548387036167,20.760550782593327
3.4682314310495004,5.604305378735386,12.016625694947825,12.720081840908511,18.59356230138322,-14.22352090503889,5.92185617405497,-1.7304499423786985,-3.413298102590724,21.237523905697536
13.063965171745073,4.2748376626437095,14.960134190488896,16.094533166371217,-1.9451089150219867,-13.7645355231557,12.406816651750255,6.704415355427995,-0.5622444293500948,21.5171275163635
13.083242233582041,1.336077927912307,16.358432589660996,7.110290828390649,-16.57434749609933,-8.61989009890202,1.964234851040502,13.852368639728923,9.469139997752103,22.77097252878701
-2.61388134664789,1.6264256952991407,16.973689576433,-5.670355260999931,-14.419974995397443,-3.8174090031519183,-4.862954873208437,12.321320640870894,26.713717034468846,15.547626838348616
-5.829520870218114,-1.420433105059065,18.116101826938632,-11.504533177889185,-1.6756509344674206,-3.4099184156327307,-5.856385328159671,3.9823536292612345,32.03560231795528,-6.008146900545903
7.001091147976783,2.2769806025406694,19.469747998089108,-4.043965242165093,8.820148183853144,-0.46685863601819955,-3.322590268793859,-2.207333482338057,32.35735264388084,-2.0863331864976367
0.6598745626664556,8.068447610810454,19.082192348113928,2.3190284004664203,10.626794937255442,0.16479948080699988,-1.235582711348753,-3.6682642463726234,31.192111200389068,13.779746380128527
-12.4676955399947,6.700257932283156,23.967713751909933,5.925291532619568,7.726147983165112,-0.04073062671591261,0.6131456121250298,-2.1126331373906644,29.49467990164548,10.20824988576581
-10.589369886537696,-8.099394297462691,24.94403801915378,12.249849107334258,-1.243788714352159,0.8304974675575136,2.534083006806171,2.1235536284666363,29.700129166558522,-7.92410617367547
13.516111827980653,-3.6928068942002623,18.76982808115136,16.03005592012712,-12.14168081022557,6.827840020949262,6.885734768029993,8.926645269022998,25.72524512273531,-11.295551589961242
19.831058487430308,19.92017942881349,13.150345262807841,-2.001099112110852,-14.047721156006013,5.15563055312965,18.924305849737003,17.851398383870148,13.722259664444202,-3.6534140220107787
18.828763431043054,22.968890693844514,-13.45478860937446,0.9117244307248655,-10.771583308709909,-7.376027835732905,16.7761931708828,23.365175371897177,-7.997190660730863,-1.1581627675751764
21.18764351954191,6.441473405014768,-17.147712989596815,21.307780725131394,-2.0734227264907408,-5.725822978178545,6.916441716089987,21.26997041118754,-16.74802588932581,2.8137515329448206
23.995284510636782,-12.544817737773135,-13.18258343112126,16.39498202753695,10.030777855063318,-7.049099212494067,4.452935297455653,19.232495918840854,-16.338483013275997,2.4785073249174228
24.78631233179336,-19.403517021960692,1.5948133583732311,8.232093673821362,11.456314752139663,-8.597770822556198,3.1710255338371964,18.830751138768626,-16.145168791716934,-0.2088856072911782
25.05491870805059,-4.409797086169583,11.997880805429538,17.100555724919662,1.6633007725722213,-9.871139314183077,0.06863549620197024,19.051473530050373,-16.916117855978207,-3.478074970518965
21.272393116493276,16.16076503986654,10.66044441983739,11.286516287164558,-11.140035701711351,-1.8676313375964855,-6.035501459007865,21.82839206224678,-14.500478904645583,-4.09350463360326
19.288583939761697,24.16461080812823,-2.024465984436108,4.822438154919647,-9.940499398726095,5.625480816272995,1.0317346921720683,25.103649288460392,-9.780641240314683,0.7009804893256097
24.031450975321153,13.645908688259958,-11.32896878335864,15.665406592855325,0.2943098487005307,8.179577038037822,12.78792180653348,19.584094390128826,-12.23182814234785,3.65015968833897
25.62956111710166,-0.22461087539801114,-11.118813532112554,14.598027311397587,19.261990038800313,9.454362059264486,14.542324535941596,2.755016574263559,-17.335663464883137,-5.625644390069248
14.757198065534753,5.622783764517118,-9.371294065258333,4.138277745385595,29.424292728705925,10.249623973434561,1.6325027425748249,-6.558348935560644,-10.235690618749873,-21.266024155891774
-1.3724380716038351,11.448467167363237,-10.01337012373886,-4.004593426623343,29.970417698734117,4.291887675703375,-9.585845485510827,-1.4515887023207195,-3.7322489505890144,-22.291561727003128
-12.541058708297907,8.471756800221833,-7.4082562121174185,-9.435611045185528,26.626189361950473,1.45517981433129,-10.234825833579517,3.072870039696235,-1.9623107924010228,-18.34137138901517
-15.699947633226369,2.439881727482891,-3.9530548954158604,-12.214913730490025,22.636477719597544,4.623990087783179,-10.307043296508612,7.214721824854787,-1.4826468187514352,-13.687780665199659
-13.60714971057751,-2.2576316044435054,-1.7165229464516216,-12.62433542309938,17.89913195499142,8.074513926857708,-11.220669674932509,12.560796864254995,0.48437220317137564,-10.369475284644015
-8.55630372424136,-4.980575503614732,0.32762323627996237,-10.682617835244109,13.296156341664995,10.839405595113288,-8.635259727622705,17.916789140549184,2.4335650529326616,-9.839391466255838
-2.192492914507643,-5.839742535317996,3.3745466786307023,-6.731425265817054,10.189795259600166,14.242865170295694,-1.1132629782657626,21.406941007673858,-0.23262872083891076,-9.499081798846593
0.19942176290963914,-4.094052605124062,6.0752762392637605,-1.1017091572350561,9.177660616777649,19.116614983720854,9.69330348266982,17.064623477284282,-9.283359848072099,-2.563801838967604
2.717734568853089,-1.6950061590521273,7.490881756424134,5.309567106263972,12.221196113914138,24.66136088621349,8.84600638936819,-0.05228686469295717,-11.574051803822176,3.613930220188485
5.890546088152586,1.443604321794894,9.175207999252834,13.62526404259805,19.986971299548784,16.727033272453042,-9.500127662587422,2.040210098713971,-9.06290006128079,2.238770246172024
9.065726181113915,6.188925039433144,12.663737906504522,22.648188844469615,12.75111944870999,-9.98173040459518,-10.493016308751107,8.680042021451996,-1.4908409974990617,3.7544595367530187
12.36865593644028,13.38352556520969,18.53241818874394,13.946985497256842,-13.799920879631513,-6.037115556142508,-11.882781580862401,3.32505984425518,5.13368046440218,6.394964081575831
18.25540272697477,18.83408012816696,7.273333255872095,-9.048621254278958,-14.359282970467733,5.562021471568315,-8.232858815039208,2.2778556300436814,8.929938510960895,12.602781968621114
18.59875238430772,-0.13512322066658308,-7.399548582011544,-4.424660892868067,-14.529590310467778,4.840944862735132,-1.694962122076627,2.8797120493929853,13.185845611868801,23.323157531577984
-10.554697327914841,-6.62423984908472,-3.1951656841506115,-0.5530365205280795,-12.955651650277307,3.811243736683023,4.3657535611742215,5.535090444242692,19.292374934633884,24.389722120283984
-20.42581626618738,6.76757448786319,1.9216844138393943,2.2699581536070945,-10.153398850152172,2.4145262418987916,9.356101141033415,13.306172567321402,21.001441354184088,-3.9869290680892697
-9.846345767363864,-5.798193616553837,4.932961871705325,2.428769907867544,-7.88654041610886,0.5569722311818114,12.789358168088228,19.936435548148008,-2.3076435732204024,-21.0665321405592
-9.224138309056412,-10.495043002332933,1.1215293959447978,4.336426996282391,-6.193177267289927,-1.1233425955502863,13.709540434485143,11.936251861702111,-22.015439738004247,0.03227612046791902
-0.4441619414427143,-5.85887187667708,-1.5221603585172085,6.152617894932734,-4.214879248538411,-1.4558763250623463,14.155806932849622,-0.6510614311520103,-20.770306814695854,14.211561218232086
8.72059122383568,-6.140451154573557,-0.04493255838531257,7.681476027568086,-1.915567002237791,-0.43989414993867815,15.612441032893392,-11.62825088707249,-16.02446282052578,5.380146304050891
10.499103602157229,-2.7600448605396855,2.2437940754729295,9.277971361241468,-0.3556630862027724,1.1082474778971052,16.565958530877456,-16.602002925558708,-0.7649410871893213,-3.9429552743923475
11.561812776266951,0.920512226040937,4.101840869733648,11.162783159236449,1.039793576068716,3.2127338922026416,16.227633055684365,-9.723038066346968,12.604638843763057,6.565699701465431
4.121227882701955,-0.31246173655390924,5.822390720334344,12.703533041613877,2.338284849473918,5.241789215055074,16.316474439159247,0.5024421650340914,15.029650217955114,17.194070766989803
-5.899211977647214,2.093235874662922,8.312047668287615,14.84970873004836,3.5724197557587867,7.404016761724954,18.420778496218645,10.559339253569586,15.712342072633819,13.04352888152073
-7.341806187101432,2.484098502482515,13.153420816555373,16.65328525154122,3.8913642450595396,9.833590906738861,23.617922409071525,15.443137710860524,6.960294797146664,1.3119047972180589
-4.73780356116158,0.42002904513561967,15.91614329290628,19.38703520034624,3.055688950450941,12.738389555089284,27.951096386414992,1.5983981378543117,-3.9540178103596526,2.625432817261368
-2.7001367357544828,-0.05160614259555417,16.847117307054422,22.45698705290383,2.2185220791008455,14.716949008838268,21.607870725065453,-14.485107959924106,5.926448645515643,5.221593380929686
-5.447113716611462,0.4403380142996864,18.231506802115252,24.906725040620753,1.3559589787605961,15.242833752606568,9.593627245654396,-15.508245146434906,12.670918175745296,12.995842522298041
-10.117906195414294,0.9255591088611339,20.35407827722082,24.946385129738104,-1.2087979841125212,16.455103454117054,-0.16516444094016636,-13.65484945674755,5.859116875604352,17.573494161323648
-7.050374634763863,1.1691493926292713,23.296385932187064,21.903676977063437,-3.2343722819169907,20.91580758899171,-5.885785647996395,-7.454520758703509,-4.190634399269416,18.92754232621824
2.444611980029104,2.5813283912275784,25.919579493454396,16.732087519529422,-2.3312785432070404,25.55335900562966,-2.6300557452140083,2.093379245437349,-5.010878231150142,20.02525470123618
11.02894369618338,6.892660784810143,27.973266118015058,9.976953277752173,-0.8569235746083503,27.235992371938345,5.291031320132616,2.045072781987659,-0.04523961600495841,20.748684371673225
21.666976202840047,11.792655959717733,22.6632006442867,-0.6245633972250261,1.1626299556817208,27.955241721477,4.987068732307655,-4.08414049420694,0.9496673031211638,22.24604846255407
33.28864907121011,2.6687075310736135,9.684180731250157,-5.164650599357861,0.4006046441230449,29.036665400236892,-1.6961225054205613,-3.742458964746579,-2.3889064921175773,22.143318341984727
31.530467986912583,-7.697450395371848,19.224715760472648,0.0988750947364401,-0.40396311329784435,29.564186598114205,-0.5075334672575865,1.206140216522704,-1.3468809871941612,18.935038457730997
27.937346246997503,0.7265485010916455,25.675443460513478,7.570292562352229,2.8384811641605303,29.65424622661925,2.386971769069142,1.496575977774361,1.9740554654073912,20.203942332998917
28.792776803541457,4.4509130606360685,22.82809213452746,10.288755015317907,6.552241563496374,28.319893148830563,-0.8708569866020454,1.5998819504506132,5.1477940430735565,26.1779459565275
18.134154563275725,-3.6049257296829467,22.28486963154312,20.112962183658144,10.35617584871818,21.516417025322916,-5.155126065004085,5.803976359981748,13.025224248224738,35.15171134791483
-21.34074011099535,-0.9807709547477491,17.378243645280318,33.70115632912895,3.9684631361076734,9.670381237059443,-4.117074644474751,6.348500021163551,26.84380370348791,24.96181960807567
-17.84102214492614,-15.516201742711909,3.815647179582579,36.03212167132523,-1.4975481493246963,13.310002125120842,1.41024497169332,6.1567170138195415,28.636035898310666,-20.260164505364667
31.185217115546997,-10.844563134132997,-12.98180587275589,20.670174810588364,26.946453798689294,-2.4568438822500385,3.096646504376275,10.001853556243358,18.72876379334046,-18.255358861371338
39.964463424523714,-8.75230495630717,-0.11074497150325546,9.15235085024434,27.637322097680983,-8.922766504980766,10.39102059431864,18.828016316984073,11.111603891143705,2.1268526040672295
34.203181885531045,-6.886075983751236,11.853064945965059,21.183881798910686,17.83881700587565,-8.424393546364172,11.855221368337247,29.437194792444675,7.428187149163435,10.163682158658714
26.96805427767092,-0.42240369157524466,14.374980980556941,26.508788395749395,-11.335451743291747,-7.463838180368879,-1.8540552025881416,35.52404667391449,16.604513800901092,9.808510688968026
23.047140585832974,13.207332374839925,13.853748006706885,10.140066080343718,-20.851508036221446,11.399166517074502,11.292025896807653,35.493180080082766,25.484518405490437,-1.6864011305689524
19.862650926219874,25.205348697903162,-5.87268325131754,1.7317690930429845,-17.929908822395436,-5.665348382281002,25.364945585448716,32.068432079011686,-22.63108988398104,-1.3276756413893855
25.690832117686398,10.547555649207556,-14.208028174554599,23.220279359315814,-12.788770399370902,-7.211479731753817,8.877175452258342,14.917577643584014,-36.498423487950404,-1.2359588857334092
3.7848632044187034,8.567754182264332,-7.171736667051584,31.85802222343571,2.789822506357368,0.03312900669504408,7.823465250063151,3.1452854111128987,-40.03663748639032,-14.95898452426851
-15.957256866584007,4.726649886234027,10.29507577945912,32.222957226847875,-0.5181871733133228,-2.6540595220295775,10.122616914365997,-10.197305091798665,-33.439300959096364,-2.3145307263525257
-13.870785309730268,-3.389006419095285,12.920314815946204,26.062099974103084,-15.460867086591167,7.315974123622219,11.025164375566607,-23.172145432451092,-20.296981461651733,-1.8782028619398303
-11.40789014308076,-9.747167817443971,1.5782447583546702,23.478748600110087,-6.407343581254984,18.850927217890774,2.153594293102526,-29.741695242773943,0.0795701312503873,-6.0649048026045005
-6.869773525694949,-7.179134183562281,-10.367442273895845,18.86119163088612,19.69817179328682,5.653461901334342,-21.951448646154503,-18.676451175050204,-4.522344031973144,-3.249805948909823
-5.722514562737048,-2.637713777245675,-12.39863708144043,3.864584500125885,22.931897523683425,-20.424588262006136,2.2628721804037593,-15.03794860715235,-9.843016910017559,-5.629604737529244
-4.086966948597499,0.5532903187964886,-9.897546400521989,-7.391618963749454,22.523865649542234,4.280035931820044,23.20240798575104,-6.804437618086632,3.4109144427892395,-4.765999547584027
-1.1125796071166425,3.6311494028818236,-8.680980098822578,-11.947812357527548,8.784417368020515,27.242639907374823,1.6095932407327873,-10.255888481799374,11.647893370807463,-0.06530399308692816
-0.17403959138620526,5.623053167143616,-8.267049847368284,-7.2830071438480335,-8.069217972496315,28.82976209067064,-5.731265815893399,-3.354341985950003,10.427674549578605,5.946177084812901
0.3569113597878786,7.25351947289767,-6.826838939520213,1.5675390591123677,-11.028155453786734,27.103474928979313,9.029014400880005,-2.2898519221511338,11.30048255428117,8.370867433420775
-0.04830336686957579,8.437621438476262,-2.9300611959534564,7.043034293823366,-1.5936585774547978,24.859264795899843,12.515401086188023,-8.242968228640406,13.311716813625912,13.238267472255163
-0.03386560076412469,10.30459892216759,3.3859501620229113,8.794733486003478,10.190484536541025,24.06518100350347,-2.825488795387821,-9.453656576727683,9.343177303781989,20.1721136764713
7.488331107552217,9.37937107172519,8.66061353153487,11.686856060826937,17.07610825552123,8.824766576532372,-18.240434111345625,0.14487499006720983,3.31955807930904,23.236185857444873
11.584359629503309,3.608136658498577,11.714835455828965,16.857810828952324,8.545093079875185,-12.222989420431542,-13.744095930031065,-3.844876332700568,4.42389607883181,26.339928391525643
13.552183295659647,-3.5762665466475605,12.635569173458084,16.933009273451486,-10.972404997745029,-7.909617465937648,-7.591031702941966,-7.731545960216783,-5.75944610956801,26.574048355621937
18.243552704104935,-7.913992538712995,14.919641545291173,12.001771007093605,-17.53458334757743,10.417581858250323,-3.739204987451599,-2.2047717281019272,-11.453896132305395,16.9552044196413
22.370651944078052,-0.44500802806597656,18.916457331639418,3.837880945741271,-15.537432783283656,16.513354301177557,9.613478002112068,-3.88026758999118,-9.564172319337679,6.922412479727382
24.29755144807899,17.175434892196982,6.82790076312012,-11.072501038245143,-12.306492275614817,6.217836453656324,14.428682222419019,-13.091643933062931,-1.4444603879459619,-1.3135461794858592
25.186425290976423,7.292072565855598,-16.57130953543855,0.222413263627379,-11.876797406455294,-5.379689236563034,15.416564045290212,-7.463240848697516,8.094906227284877,7.624188657170522
12.088894774109708,-20.986621646614473,-8.982029969968545,4.331590794750874,-7.831514103255937,-8.01041939154548,13.062609321433591,6.8088878384449405,10.426686376642168,18.931664298767597
-13.918912017997508,-15.741279969391671,-11.146584726238077,0.3860223430137991,-5.631189137520163,-8.468268940505467,6.475786586536577,18.787341100036553,16.04003750519625,8.90530667268526
-8.100627640821232,-5.917916940675447,-14.929504346285869,-0.7368929602318001,-3.4878645359815446,-6.569770968595008,-1.721800969455455,22.311704012373486,10.709432738566635,-14.544918291373994
1.89596638670954,-3.998964939224129,-12.58700333670255,-0.41647139553139123,-1.7621092763843196,-3.8843419259180845,-6.077141948108365,21.63525964482322,-1.6291643647839373,-17.054040931697937
2.2211831448455137,-1.4359400884201812,-9.657504898900568,0.41334435067456143,0.18152052447657996,-1.5820754926598526,-6.76517898548547,23.530919461596117,-7.395565152479357,-8.907973810208235
2.6762616734402824,0.07402156412212323,-7.405350749544493,1.7478936913866343,2.689157662711329,-0.20476175961513843,-5.106860771981609,25.445430470812617,-2.693621753992092,-0.5839144299580394
4.6115824545936075,0.9351404200328098,-4.979544834122691,2.5691934111275385,5.158345599862574,0.6957046284926559,-2.7967336233311424,26.01950559084759,4.82273153179389,0.015127251575339368
6.7047509774841325,2.4014013754209422,-2.8160658220095542,3.4415295013608684,7.448583648527338,1.3645589435396253,0.37954173298971794,26.708800990602075,5.499999810489331,-4.281075010464241
8.157653430195715,5.065326160643197,-1.6339283155023914,4.651612307139035,9.816689156351533,2.6955885831423116,4.332754117541738,27.287788640081764,-2.0416702180546644,-3.8757678997560143
9.53120291901161,6.726668661183596,-0.32725514000345024,6.042046814361671,12.612879332267703,5.010917797643187,8.37376348511056,24.784076154136464,-9.03127626491052,3.300699131905124
16.069870511578127,3.9737263580485376,-0.01822471515190082,7.682902883544007,16.29439600534153,9.258567157803508,11.992382304191365,16.795313955840403,-10.559545125007569,9.169934829328962
21.87691631002932,-1.7587465088701881,1.632941408505551,9.922165422431837,22.190322375084445,12.91097960250616,8.77046935361605,5.945813924351809,-9.494119779273253,6.641712185293986
24.091651843480523,-0.10962976045217106,4.470284166516481,15.547520283498722,26.659683700075384,3.4789528909788756,0.24008130356940577,3.776385940629878,-6.9654542386467995,0.40796504408181783
23.72829567010852,9.72624861955945,5.191175447566739,21.24297997427193,17.040910902422592,-13.527494430043454,6.809286053234496,6.036065321950142,-5.834028047635487,-3.462556634716786
18.862211497054478,22.087859303671245,6.592398066765706,19.342162359445226,-3.7772357756238675,-15.111101148841296,6.610678725306266,11.059024173516134,-9.088381927309747,-5.945643119146656
9.59694686272039,32.113850230069986,7.048899399158777,6.6572592172694955,-14.421296090350411,-5.912392745291563,-3.3915873062059965,13.08618831097183,-10.740262190227334,-4.471547726885251
6.557408477229952,34.70526606263749,-0.9351642840035927,-0.414579260834713,-12.433095575379037,0.3672931086230834,-4.716829612418463,15.948825080374599,-6.10491332525708,0.5319302606146676
12.678592059992617,31.541804690980506,-6.495449249902671,11.78716954871006,-7.580467656349771,5.6788148129357285,1.4274622394350978,17.813861305619753,-0.10257694464080247,3.5864907530107235
20.213158680733468,24.058847624364066,-3.3958350148964738,20.55761992563315,5.205770977889105,8.333616450093922,10.058378568115103,16.696048877471355,0.47319878252634323,5.385866686907774
27.136309981220506,14.508865368435712,-2.7476425900553796,22.765340105515786,16.907016557978856,4.222458761938968,12.98211564223121,13.55718062227117,-1.9236688680379448,6.933499087621656
31.55705918179738,1.4808345223536215,-3.331880319518835,21.60005244654135,22.272334821166737,-2.852871544509403,14.239140446092685,12.69483473386666,-4.075726287846187,5.896088498150427
32.47142672329331,-5.887584820674858,0.5792769068545218,20.49942050211874,19.870688220327395,-5.967302709837133,17.57624053747946,12.770849045179954,-9.215539414038481,1.8391484896902877
29.570918317174364,6.26499694697368,3.7853434100434584,23.747822273176762,11.369680933004794,-5.98509192407651,20.27018802293672,7.016238986329175,-18.188485507439584,-10.795870518816313
-3.777884416445651,23.818192231525288,14.070528121298429,19.84833600100995,-0.3817813327786738,-4.394213540986853,22.57442871459206,-5.6802316754640225,-15.768661808214642,-22.536595979113006
-17.7508781419325,-11.329390506671912,27.440921900833246,2.7265098365682645,-10.67200726025231,-8.027711270728664,23.308225308045945,-4.703741692039804,2.237224467424268,-17.98365272202058
4.864298315853825,-22.269709140225206,14.212061807160048,11.618234820624465,-19.181243493678494,-13.489384539370535,13.648843469827563,11.209568888708308,-2.285498050500454,-16.42522150238159
11.510754507205368,-5.680597522990492,14.299627374338366,6.051506078520129,-27.960431938922717,-2.928207490038882,-2.2231585493176795,14.088300432992856,-12.183491953390524,-12.669654430123881
5.957467473892167,7.361495662920397,13.83772056084615,-12.97293582752506,-22.453336658900216,-2.3250722959046324,-1.2574697733836535,16.71032849117514,-15.297345011950343,-5.335574635965464
7.445821614629495,11.525704178769317,2.7794505329038572,-21.849671593315136,-4.323918204748252,-9.857284072878402,-9.531404213153252,18.754531248235907,-8.281730382261914,4.604559113091645
11.765702087573457,7.109614512747677,-10.140785843484803,-17.22540792682408,2.2712161482013857,-7.367801382883268,-14.31251962016389,13.550763845043631,9.344552037915026,6.877575761356781
7.7278505712686965,-1.5710895046291378,-11.69804892048077,-13.377483700030217,0.008201072372809481,-5.028692379193548,-13.58344456092599,0.011423001407258465,18.458940669037332,11.621367387276882
-4.705454945646361,-0.9160736297334767,-7.291393969493599,-11.768932841834745,-1.492917801946406,-2.952853372803267,-10.12862180766488,-9.88979699854188,11.648500930520271,18.67589707523562
-3.125438190161328,8.484925864680301,-5.726091140827229,-7.858104715959532,-1.701332481755743,-0.8510607029343948,-6.625549287722009,-10.248989114608005,-1.6611262241130689,20.79898118983487
13.005227729872948,3.8937297686964296,-6.974399199820453,-2.6627189131845266,-0.797207419422874,1.0700092007568238,-4.260640013769144,-5.901439537654006,-10.042334035908755,16.954989626201094
19.350183920782367,-8.525327739045977,-1.6110303694824513,-1.0912596352048296,0.5429449224015293,3.0127998721016755,-2.6441087020254197,-1.587775547732474,-10.81549042198736,6.75085653734985
20.507224717296214,-4.791375749358668,8.044289978758547,2.7452017607662182,2.398617277793641,4.558509357183407,-0.7784137698106743,1.5019212377615871,-8.502454690339942,-0.9179635938252209
19.535101703972824,9.727614784728159,7.8751850356927084,4.76154949976589,3.3884926140332756,5.698189178334113,0.9504497376275954,3.1280163848673403,-6.6529502018518025,-5.624199533783361
13.324061617532026,20.238426531530074,0.06835440062718606,4.513828893716395,5.685097342306815,6.879411788963636,2.6957846693183565,3.8618621588493784,-6.009447013630321,-7.1691531094010745
4.912146148663151,23.61112490192948,-1.055904325119651,7.4518117986601835,10.064531039333518,7.448336372252848,3.103737370044938,3.8054185721152765,-5.48233831200806,-6.403389187881623
-0.7344095540550304,24.906588826582265,8.16078723053102,7.217543614377531,12.913448129762536,6.106613834217992,2.3333329715566684,3.8810939355172005,-4.776447662997587,-3.7546070068169555
-1.7223054111992062,24.44578963730684,17.27435840453732,0.8889632316675478,12.707330965834563,6.21823496302654,1.7342045383694258,4.641583285971047,-3.4507519995878844,-0.32783964402514937
1.5047114957307728,24.77067935491953,15.501106936053842,-6.060163487257867,15.425106873392604,10.506798722085385,0.05385537607190521,6.105941692965444,-1.1946506860897848,2.301724486945404
7.528399566982277,26.439247889253913,1.151341414477254,-8.241561968545055,14.585275740879439,16.499828625672016,-3.5836332806946216,8.774001444965059,2.5417860284882354,3.940562219961172
13.62094712639039,19.96538926380137,-15.879121042713315,-1.118635104293567,9.68432051082919,18.897324914491488,-2.0564682264024063,12.485616452703773,8.814691605213799,5.8304299400527775
14.196341737466716,2.135687678504261,-20.436763975271532,0.28524893427503295,13.9891033937738,19.01628837569943,1.6274000148578138,13.966141229335033,15.02374631959157,8.503904146508033
6.398306230399087,-9.882182916155966,-12.838350472495275,-11.561809031250059,3.826009937298016,24.243545033857117,7.1980497994200965,14.558078123140827,19.54614296188058,6.42861686712572
3.6957710686693406,-9.897885414413409,-1.9826359791683352,-11.544393532975835,-12.249150681944277,15.673486609693954,29.011206267229067,11.045919544461784,11.545557911072123,0.6598193758802825
5.240040252142875,-6.688114733875825,5.927790895718788,-9.515495853284717,-9.942592680179988,-10.025169739695254,31.688935312185066,14.702641093125969,-5.506388149103619,1.6278555714899063
9.626171574173206,-3.6267621690669785,11.476706197750378,-6.219311522690241,1.7750944465789302,-14.721010134407154,17.85614174875547,17.253529069559143,-18.86485624794159,9.978235920831013
21.068242404466634,-0.5398934648645947,14.781671447816429,0.9914435260139531,7.119756136400758,-7.884295190506207,13.076630642241295,13.244796350593523,-18.023962096838034,11.836617891185492
28.60532826992709,10.998054325949282,11.133122019515943,4.6817672456773405,5.763524612033582,-2.3877984728927726,13.43718628991075,6.522877525357865,-17.66461029662029,-0.11044522432276599
11.51803690266093,26.3254717168908,-4.251953024292588,5.1903185365355915,6.722750812036573,2.1513538185924572,14.516170780216495,-3.8062892846790852,-15.989509319669036,-16.725488108797986
-17.57692917245035,20.223033291071577,12.537053342395089,6.545442434100712,9.429254444047935,6.852861453558673,11.561617396896377,-10.849513215838535,-0.8712658789898343,-16.694717037510138
-12.458701012515155,-10.744948228024658,18.94608769860747,13.107161864834291,6.8583664452238615,9.05547108232319,5.356815980366764,-9.165276346539272,13.865414618260637,-16.521500310407344
10.398151040638286,-10.425426418279857,6.937348679946438,25.53162911611885,4.38908142577368,6.334053402559702,2.4840381799350535,-5.1437486508798775,21.379182849232652,-6.753772630506479
7.87341436866229,-6.518449780209,2.698951139239537,29.2578653319203,5.467495040718898,1.6217365266093342,2.332237818894254,-1.020377888541134,22.244888146406442,11.082547476721414
-8.447671796880304,-3.713850417295005,-3.914575004526982,29.54685333920001,6.223014238252819,-3.7859017690793486,4.3195016696623965,4.962326729809273,24.04061757540734,9.622974472327003
-6.196126213080498,0.5641805550943866,-2.812734176503647,28.55636145333868,4.277312086006668,-8.833689698574608,4.855639777771111,13.850938187006745,21.463638297474247,-10.634547963912173
6.148845056430818,3.675723725774804,1.3464087175271175,29.12461279786139,-4.3023373833592045,-6.292055334743266,-0.36412493179937366,18.270486890665744,6.168620512185177,-20.208482634247318
-0.5512308792320296,10.474661247577423,12.026245212978495,24.514140360945678,-10.39561128718341,6.670463207858069,1.6288251468521393,19.57076449555712,-8.722381469133154,-15.477413635705059
-6.47361253209509,5.742425579704925,22.632911480211046,6.9527438302948275,-13.213508596910765,11.646556115579704,18.05536328190402,6.6488456667017175,-19.213458024285664,1.923420592500978
0.3603453824501772,4.70278575009908,23.573289051752248,-10.477933092199406,-7.684618158068894,-0.3490327274885444,22.420372387478537,-15.281287029455877,-10.952773210813428,2.2447564793984527
2.2505783619166686,7.877555806938693,19.921839654916916,-13.303208460623578,9.55081568803866,4.096048463869987,23.581271263285068,-12.653616028052829,8.028282225673234,3.1415744455072616
2.9364896655956043,10.836432269412574,14.559469998845497,-8.395226100614456,13.066427632170262,22.883590483584417,8.030260321527393,-10.746928065619512,14.872220344589676,13.552295065698567
4.901637860851795,11.08513074511225,10.477297232751727,-5.518007306133679,10.318059386499355,25.044481222559817,-15.735105038063299,-3.571268894601674,6.8726636175868885,21.803953397343392
6.287280118039587,7.3889006593777715,6.649429926138369,-3.533533493861725,8.419093295666318,19.476383730399174,-18.831004400626682,9.763553024954273,17.426854861340885,23.391789841794054
-9.247885316401605,8.973828976953968,7.99169195856313,-1.1333300090086,8.87751203901424,14.403450888874902,-16.13862174173904,3.155805267677356,32.71750774559807,11.512700999140131
-11.796695998138581,6.580619546623709,14.285862921280602,1.6143051271004656,10.307550727993576,7.100734125933062,-20.526400839778848,-13.429490935385557,28.25780640769032,1.68657630443865
-11.949307350838325,1.8359973198190964,18.62768714972875,8.288631588755813,7.816833280699766,-3.708609007312748,-19.540071083751133,-26.10976620528432,-0.04973763432435826,9.728296407497629
-5.627118659167309,-1.5659943171697726,19.587035833989486,11.899015100425077,-3.8101359026586414,-4.567591775568117,-9.885369777183202,-17.73981307971964,-22.215914970071395,1.5054883377876527
-5.692875077369423,-5.057452992019807,18.259653112810554,8.21609089204464,-11.69239107706625,5.179078905946626,-6.863143545543528,-5.6751463187257425,-23.116888788440413,-3.889955575517375
-4.557769748853719,-7.724430384488961,15.636333546171079,5.293115833930197,-11.78599487815972,12.682176379525023,0.7388673712799536,1.7695119791155807,-20.25496585129863,2.795096827778611
0.847732260506661,-6.412330731970661,14.348462026250045,4.531393413343994,-9.444262485829238,13.629685582240134,9.516135804203662,-5.061498815262852,-16.856556677123383,5.889640339385455
3.7080195646321714,-2.487809524920887,15.356896651924124,3.65632699831665,-7.151978619099644,12.696509145725914,9.109992207929482,-16.092930262722653,-9.746423256443647,-1.4771740544410112
5.067935746873999,3.8165883945717796,16.363386424326468,0.2917906574834144,-5.287990504761703,12.810640914368477,3.0294519322566815,-18.68796096289865,1.3135259447065324,-3.4924767282026083
6.611664603873389,10.175471490323273,13.97657660659334,-6.274032310985279,-2.8319034730782535,13.78428093462793,-3.7361933290362455,-15.790542627359152,3.7645262744638144,2.2624203514175973
10.677929637205377,13.630904759698794,4.7650310061561205,-10.891928410447452,-2.558423762412354,14.811797761766316,-8.799840620680516,-8.492719188941974,-1.0947682147786606,5.710376242231295
16.120687911424756,9.657947856986944,-7.768794519298533,-6.8245931250101615,-8.628000446624771,15.567926816787551,-5.294993635435584,0.3276931093847561,-1.913882428525808,5.56419503136457
18.60163752207235,-2.4399903633007662,-9.50156088385428,1.8793057100447401,-8.804822405552434,15.56176509909348,5.621649403896327,2.288961001914262,0.624573655634276,6.751917087824705
15.588502046339743,-12.464984866043089,-1.4127840514653025,3.7143767071174207,-3.3266220066058745,14.864848069888252,12.096689469590666,-2.1643131531122313,2.494028104719073,9.71221427938238
6.539780159288768,-15.192194322900486,4.9514134696704195,6.987297664888044,1.8302935247115213,15.827016207010434,10.51772056909228,-6.941414894331262,4.124627142474191,14.12447860214812
-5.868158638803218,-12.120648312165608,-0.058364640582155757,11.948978772309884,9.91121916820209,15.622684793038196,1.151440644984116,-8.387353664242951,2.2520262646426596,16.82707166959706
-9.087615642487334,-0.6911794145858448,-4.5455533389224225,9.742438845834288,19.32559442469109,4.92155135488388,-8.258974529172175,-3.68650363625572,-2.5335440535481637,18.18734436237871
0.10996677511508555,6.878967281782781,-0.0706785427566663,8.944863304573811,20.33595739523615,-9.361999058693552,-3.0156053345247447,-1.2834401220901674,-3.1167695228501278,19.675579826403183
10.051024550333182,3.871078590901181,3.3802331175058917,11.727488336323546,14.240207612013533,-13.068711405388061,9.277901752869912,2.737373355166428,-1.1430489249429499,20.078070508842558
10.39926611097864,-3.5034932669573147,5.159999422787884,14.855189701344624,5.155948487139121,-10.97947478428883,12.551731540264363,12.29703443992431,4.117277524587019,21.264736136637833
-1.7196676237280877,-5.241361314667955,3.7087015742527263,17.421704361761304,-4.842094537915818,-8.05218817855656,5.50781208205508,22.20741584653656,14.515035022001824,15.839137421163063
-3.5398809147546504,-2.9062103248918887,1.5170851261774256,17.898801916487752,-8.673202758960928,0.04092631731411239,0.7246665611117818,25.470885982173034,17.664154040346766,-9.057538908987157
4.550918343559964,1.2944886534688842,2.3037463355962866,18.452523128588453,-4.142440054569345,7.125573839954584,9.093900080995708,25.74140717650252,-5.959530513283351,-16.139670837232806
-0.38226136363586627,4.001365489773273,6.7972472134506186,18.845263253283342,1.7782062218266712,8.97068324901926,17.952977609735036,7.698977316091295,-24.667485890979233,0.8303207105555896
2.3481299498981647,6.9134572759593755,12.678901342819495,18.89063882866099,3.4641289920198006,10.260101608615615,14.439175735127769,-17.727146338972354,-15.741870944352025,-4.7054142281985705
-0.5589301980397473,8.769825867224172,20.783483773625342,14.980359747844666,0.13586696469599358,10.776424763962677,3.558106040038146,-22.598841057970116,5.358736974488053,-7.803814659176029
1.1079608433918986,10.385114511296617,25.912575789696177,2.7021053376717545,-3.3166157433592143,13.245929193508802,-5.615052142531883,-19.345194637057787,8.048758906045741,3.5507694817670963
6.587748419257087,14.551705582786653,21.198295924667796,-12.351123619389325,0.9885862502108163,15.185549819188893,-13.449426430037699,-10.82737919054336,-2.834169705055852,8.281536699561942
15.889092105326277,17.194734528564947,-0.24457658408231162,-17.753363154705923,-0.9158111346396818,16.3924624810899,-13.595753636119118,6.3244803318440175,-3.0368423894584997,6.898765926702739
20.14070415224764,1.4509950761400143,-15.501549843734571,-5.154471596765493,-14.208977365084667,14.656002787071964,4.152909852789376,12.89345921169401,5.720908912740016,9.277977143753956
12.704665615834935,-16.042143781668045,-6.158550541174714,1.0021496642173746,-13.081085954422674,6.073330171873357,19.882258734088687,12.14470701944737,6.189806400486307,12.38370227834717
0.5339921532791384,-18.20776766072267,0.2653252383235567,2.306166116512904,-10.307216098286824,-3.703007560977251,22.055611950796425,17.0571623305529,1.3179956176318433,12.411625747298912
-7.146483771866411,-12.550691994575955,-2.988209493018461,4.067134649143569,-8.726538392635273,-8.667336494048811,13.198981167740943,23.031619196569405,-1.1737503716601039,14.963480710815663
-11.90558241631225,-0.7210555732496032,-5.489095056748668,6.232056177512602,-7.095567679071447,-6.94254157886367,1.2041801257703777,27.291026030769594,9.78567342803684,9.779740108466166
-8.504442639714421,2.6748572869289187,-1.2089266684052662,9.31970239045708,-5.154578451833322,-1.7245467462332298,-4.2315795655678405,26.00912853869868,12.238235174147784,-13.31585247742376
-3.472922374265521,0.23294087624844126,1.590246248101818,10.753704425172069,-2.633376576481488,3.020103379605329,-0.8466393582154202,25.870670666499247,-4.787517361498244,-17.583634667168305
-5.332635909325313,-0.13542169561139455,3.1350300661932553,11.981182251929262,0.45675164534280244,5.41129315322969,6.555021643046686,23.852105871505962,-16.346090615875926,3.7294334444463364
6.608691065824985,0.9220028189677716,5.519103782190438,13.673164921964428,3.4916667592416104,6.782984888022379,13.460751754636304,14.363962136247482,-10.764537433765437,19.49838841395685
14.723509826143742,-5.075088115435157,6.728063697902988,16.856650262221393,6.558394645268821,8.54366353345204,16.199456501688047,3.774152373165873,-6.317698435859818,19.802114607107516
13.012418557004434,-11.154456631581569,5.984490744071701,23.603091877823022,9.722456328839908,8.025621151635166,13.6946351898192,-4.464505565143861,-4.063595574473803,17.145841291062393
6.5938007416081685,-15.279114046991012,-3.1471797099018035,26.60967032684284,14.780328805474952,0.7856121319563483,10.691584945057455,-7.463222985208044,-3.3972552916500867,15.310287267660026
-1.1590672616650264,-15.56718382691779,-14.919047375761682,10.715732404477041,22.382997420947053,-3.87040495756826,16.003841860092777,-4.951425838118582,-1.9822845420196566,14.8881553163126
-7.0738635754237755,-5.581224680984942,-14.182305915197533,-13.611270488118532,18.184106168109583,17.884692077466983,9.287131384833877,-7.3004845448566265,-0.37611188112122373,16.164745538079213
-2.7809642260256617,5.1068593981003305,-11.621457792756374,-13.938638850117135,-8.884204442312646,24.22467265154278,-2.2424649272685406,-5.504806330585346,-3.8503695749065527,17.033319694209982
7.93122882110891,3.043347660966067,-11.968853669694012,1.1924008332933747,-17.65422795926573,17.089460182650228,10.28284152830353,-7.874367126436208,-4.99160273673669,16.36899373203288
11.337950423762223,-7.855536403819228,-9.208715208819964,8.984159620387997,-7.289020688095353,13.886608371382973,12.067538036756353,-17.273992209514674,-3.8739692936718355,12.250885020814843
8.913915101228953,-14.329362006020448,-5.569132574621082,6.781823153639925,3.8255196620293628,14.752579548435921,0.5584421524562406,-20.795897994533693,-4.773019973636503,8.1782552829873
8.867600198814007,-14.749123320927042,-1.2719637530602108,4.638790511326035,10.29875781077251,10.947412951735469,-13.682998286905267,-9.660574157611562,-11.744766720806878,-0.41594808543685186
10.35564226739524,-10.163799648058614,3.201034405270043,7.703936260513722,12.844124271624684,0.05532691599470027,-15.28082813842146,5.812833312050861,-9.854968709888395,-4.695477909026909
11.852307651821159,-2.9606581937138534,5.171995727455032,13.027448499334552,8.634583039524674,-11.696947588404898,-11.80937611994424,8.36070936154727,-4.081290107394045,-3.409211705810983
13.033870562095911,4.336615941197707,7.193161772651287,14.986658814718169,-3.4109242126686383,-12.240538870990653,-11.512002200349727,3.3139526114724864,0.7198129287780136,-1.6622360635679843
14.227488857276745,11.47695190878405,8.263645387001397,9.806968477077172,-10.75592809726522,-0.08732499190106469,-11.723091642647038,-0.15979218958347574,3.2155272505656134,1.725316892049956
17.373858229762796,14.368458811559027,3.405845776207287,3.8023091229817045,-9.023321542653601,9.732823821656986,-6.279977368112784,2.2012907791067136,5.479037021459043,6.744285814102281
19.922149636064663,5.73080765853236,-3.0897894958153755,5.733476836811809,-3.8307380676805636,13.519974080446225,1.9054439197221698,4.4837705726353425,9.29437781882399,14.036481988382643
8.455592802943336,-8.106938861917381,-0.6250050929856841,7.219952940300775,3.751965770592484,14.895713572421428,7.611348931252559,5.862097162121004,14.291858062729931,21.175894664982867
-12.551137087301873,-3.1199755119434687,-2.1943064426128043,7.923331562178727,11.697336716688419,16.282290074759477,8.722936528490921,7.813595231703831,18.94498294190885,13.710197907272047
-13.398944182936827,1.913915082038114,0.711774198387403,8.779633381431973,20.067345968095747,16.466340114575132,4.6653681384667935,10.321909572435349,17.956897250649014,-7.424126577579714
-0.2960328322276724,-1.477400877254446,2.6888796859223674,12.381532763873,26.37286116895619,6.856771753351438,-1.1812495943867578,12.072896348367408,10.609986468573355,-18.415189592054013
5.779417879329571,4.927012531488237,5.0429220009219256,18.035575235874813,22.05073481109776,-11.472827505786356,1.9194486234738026,13.011298910433016,1.0855931003847863,-18.03748963402358
-2.5136837820330613,9.508387752783047,13.81908020465091,19.57191598490172,-1.2439637738995653,-17.96729357787097,0.5163896466319775,16.2735344082977,-10.492745833655416,-11.698522422259897
-4.795449902627666,5.548768685021634,21.70574249057791,1.7529619344720635,-17.89558436276178,-3.5754127702129144,-13.259525646246688,17.43584359159037,-6.058481438883041,1.4606383224818509
-2.4255188851142107,4.036930512258957,21.554915960472567,-15.733563570017893,-6.86648842879077,1.895293792071425,-9.872836936793048,17.892848688220532,9.145182365775359,1.2897199704948463
1.2431139038495858,4.955514605697482,19.432445182705386,-15.059525999303682,10.296130157269012,5.0720611651134035,-5.533922604648797,15.142596933574444,14.313442262645307,-7.502712874165267
5.763659915685696,11.920015398451984,14.982763530699296,-6.759501735040331,16.75717142472844,11.236740306805052,-3.204312269462949,15.383299704043264,10.899627035940817,-12.70769503075961
1.7325174209000465,18.80494242779003,9.033392370547611,-3.6336670297552742,17.590197909936325,14.66671224455682,-1.8226612571718221,17.311724162855384,3.474280028463855,-14.105254964773208
-8.614318973556916,16.166393320606815,11.246697193750155,-1.791901069047921,17.770461934071683,17.76595387229356,0.8541684372830729,18.725282947550944,-5.527374166016785,-9.732267307291435
-9.992372685726515,8.086861315438071,19.012060633436548,5.5615992596337875,18.982284657508284,19.3373186903682,2.479939087568458,17.361344619942884,-7.919212326183047,3.325309099442843
-3.377220252778568,4.830765631357317,25.657439818518426,20.64607252997331,15.399872775517457,11.406687814929647,2.8094666994540014,15.77621647883916,-1.369774521819864,11.183983258339365
0.09363500439278769,5.501649014343038,32.394450978355444,20.500039915434797,-7.660606672364178,7.989224471744581,8.590058034273277,16.080458234573534,5.492841320692711,10.484075947108572
2.895617087755039,8.751325924205855,33.58052424859997,-11.218265708230192,-11.134170170752377,2.635916584587671,20.710559076095766,15.159790505332293,2.5768739803353307,8.362213100442391
10.714463941449925,15.06618490619937,18.41810567636603,-21.94208846270752,14.860992787178452,11.779112885764444,22.096907128211104,12.204883654438108,-4.999060482522005,10.437198033307498
21.663400078532472,11.431451955496149,-7.985053908154527,-18.610775780922452,-3.8966933462355993,31.72704714789981,10.861491101991298,-11.567920660208411,-3.847662562958103,7.739135735387566
23.688025898056946,-7.856010832989758,-9.65061458802958,-4.94652246356141,-23.43969628491349,15.541352810898129,10.85816180366511,-21.385916420390554,1.231671071831074,6.688356604780234
14.98791232987757,-17.442998967551542,7.8690295485742405,-1.426668018756224,-21.757781515554665,0.7256869841965086,12.561898353512692,-20.670829388754374,4.710280865494171,15.358567519670936
-2.716760683523538,-16.575407435342207,15.735156788584035,-0.8046229013468214,-17.620223210066705,-11.176544664446153,12.956144927651033,-12.017850148138951,1.8549101675905626,20.721097645181587
-15.920902659296814,-9.836844813302333,11.087973095840404,-0.18193520683828981,-14.30293211663891,-17.445020695385967,7.019631718740381,-1.0369908811828068,0.9436562193592791,21.48538441827355
-18.951552369301808,3.250783503043797,9.488519765852313,-2.4790884753249114,-10.580850841907353,-16.381706998596236,-3.3776769587042517,2.3307306608458833,4.354816080935578,20.203646636615918
-15.00141897019088,9.87114528827303,15.040355576018479,-8.420369000192517,-0.9052390996967139,-13.30975061597024,-6.393599049687219,-1.770265324003913,6.773039532788817,15.79028762241036
-9.328945180620435,10.504174613241053,17.541697415332735,-8.93201314685124,14.260211613507181,-7.996399165184747,0.7301531084944314,-2.4700140323226147,5.853421662420143,14.228271003136165
-4.27048339444131,10.642502189263375,19.564012965732665,0.6498125775101289,20.368219099541026,1.4706865775882647,5.299753421351782,1.0844442221245587,7.283455631339745,13.77760650524494
-0.671458026457951,11.103610286051412,24.943305569834042,11.171513606729206,15.27918812241877,2.4185333309744803,4.611150909487998,4.25215478124055,9.771589595753632,12.740235380896372
1.771509580183654,13.091523512817632,31.790440088460944,7.099149832880192,2.023516688717371,1.8442130665050473,6.209122931470856,8.635644142871836,13.494565442591282,10.985820987801377
3.78750199198474,17.331392096806397,28.20595866942386,-11.224065228957908,6.7850901925539535,5.007845562551387,9.088295699936635,14.610956573207032,15.181599548588737,5.895243821624397
6.181810032624127,22.356137281810614,9.227137696510434,-16.57621110530365,12.691829135435674,21.98598933716785,12.875884207548737,15.685837822803272,9.81586927946215,0.5228709317502441
8.230915135040432,21.82633372958521,-13.874702707939084,-8.917528699663036,-7.500645367078518,27.87528159575879,21.71303411489853,-1.3100229079253274,4.827580115878115,1.5339417892233294
11.095164532558616,11.600519317578518,-17.33196063024161,13.674582583913129,1.8933329090937818,20.879365416488206,19.986508656801547,-15.060414088676344,14.099737115822299,12.635954568028582
3.9963036727730854,-1.4458225194013101,-13.526720867102542,7.229223551482678,25.656201498969402,15.052778200124381,-8.595138485064492,-14.046989080495347,4.063898183387314,28.03564817654142
7.712637251788908,-8.362654136968496,-9.084800212067185,-9.33446803377487,26.776088675517638,-2.1365490191322207,-15.87370834579899,-3.124658024375968,-12.194506026399845,25.339921563952053
7.398701048147382,-16.66999523812398,6.817275941192549,-9.567063370123877,27.95440382703608,-0.8501617922213878,-10.172812307698662,4.607123828567512,-8.281721662907547,21.518771445537492
-5.513862349453973,-14.812211971728667,8.029660620997925,14.971081384309768,24.934179639698936,-13.014335372138467,-2.5895420230909627,6.199522900140612,2.506707177647874,22.21147176006136
-18.47083726013544,0.25979296075360236,-2.1907581856470264,19.15740619269984,7.312219755789269,-22.652349052239583,5.895200432618119,12.986956575649286,10.803604362519499,15.153892263003856
-17.529492824264402,4.077078979668535,8.922326659049524,17.821335393595895,-13.322004694452827,-15.382894371893189,-10.431284997687742,12.460527655170823,16.47925261343494,-6.888219822412302
-0.15021624414598947,-5.580743602348003,8.866441320487697,11.174366358715437,-19.320131256811372,11.887902248747892,-10.262087190064754,1.5190078946240955,17.711250500246848,-17.81428430985798
15.189907767755978,6.224764333087648,9.218109442543215,5.895455500943401,-12.405627769028289,21.550016556103476,8.569935315434208,2.7300533050746982,17.40167420549906,-9.105934720676768
17.652137347424443,14.991479325382969,1.958069441150337,0.5972398953859047,-8.324337470249755,16.11473085512323,22.329889637047184,2.836716212519794,16.154607476455777,4.611460321195612
16.228612851777292,5.242576165187958,-4.824168854180312,4.082981626416119,-4.446761707728505,9.648502499728894,30.076490908455728,8.295019682844433,13.619088222211573,15.916800770445358
7.430893173254249,-5.929201289464263,-2.7142746632396197,6.15500304775961,0.9590906012681185,8.469477611292657,36.07558306713432,12.502053933109552,6.010520815211405,17.623266392661733
0.6285777872137193,-6.934475640976589,-1.4059611354899406,6.813196489195317,7.25566298528828,15.946280420326564,37.21596661296626,-2.6856862074942778,1.1584745616271501,18.370623005064353
-6.758143876944595,-1.4527319501235278,-1.8860735107682176,6.989895173461515,16.877424935947538,26.775886487243184,7.746292779621351,-22.390193481703747,5.060063624633195,22.168126343462337
6.071257707175497,3.888278140966782,1.272832714833654,8.261827695260415,24.878706034802207,3.3859699220962653,-26.200717363593455,-0.4661142035790686,-16.689277187281206,19.65399620083744
18.16923246901614,-4.234277656159451,3.434500102695967,12.109428211995619,16.38120854122955,-28.462408678933546,-10.233123832042448,0.9298610533566612,-6.987079021690072,15.578325377995764
18.251827230079623,-9.450035631112044,6.476253460690336,16.288103214729194,-8.18939353679369,-29.79304026220804,-0.011925727703070974,0.6868004798286791,-5.145349231291864,11.084370972585962
16.429498738075015,-9.299512736966692,8.984776823268609,13.795570660454045,-26.5189921858989,-2.7512335036486655,-13.929592847703576,-1.3840280017190094,-3.3153566942190023,9.259877766071895
15.361999182929004,-5.3140299803926085,12.42075741383352,5.6260912527456455,-22.889490738252718,20.681123533353688,5.1931459290085185,3.5328518665618422,-0.7079903861200134,9.055170421443597
15.060544287799619,0.11522340140383265,15.598838154601697,-5.731792851546806,-19.18939871313172,5.1476005738948185,22.808827453003836,-4.9161866127044265,2.1279768807716346,11.16047621787262
15.132593056823533,3.5325987607343787,13.84719115797602,-14.839453752243118,-3.9258735064292476,-13.937061680453567,19.85166833570892,8.054392183782351,4.757851483838814,15.457751115999686
14.507256786158992,2.3166716480933904,10.935916786646144,-10.416830556873402,13.277225993876142,-2.695369046934181,15.369387483217421,22.724715833808016,5.862090041838353,16.251991201406558
12.213392768234696,0.9934992866785268,10.834683323763665,-0.8840465539341843,16.508941469015184,16.25776128473956,19.15508073615288,22.804954714576805,5.808005918309247,13.892272483656503
12.22522475529718,1.4734523657972416,11.80368601044568,10.206017958380551,21.27491098650757,30.40957720140288,14.455280721294613,4.005595841100988,3.087316703239949,14.433465994088072
11.08796039962211,1.2945092070693192,13.762078892953081,27.450328541434025,29.18815256572079,4.042692451393479,-11.36217706555404,3.087603471477366,6.120748970015748,18.13220087402504
5.614783821686925,1.0153351405111457,16.10816323296243,33.33810818688631,-16.829139343184917,-13.071899167564895,-6.601612342615042,-2.2030745629721724,8.430892656535043,22.348950535707505
0.6743086990180789,1.9011385127928313,18.62445314690321,9.977980929189178,-27.95199139591585,22.254476913193468,7.009496162144878,-2.3740449732229107,6.498126101616407,25.236254329121383
-1.3212844280978564,4.127981927880845,19.11064463143469,-15.514124717662668,-21.127944880820205,-2.4093526337787563,23.099630200168292,-5.28929610460188,5.94580267826582,27.23542048437895
-1.9675329241587893,6.59395016017489,14.880485363730344,-21.83854079305665,12.989939771145758,-10.027233891354381,18.231432168320982,16.40229232699936,9.727789004259934,24.9848753658893
-3.4666343686705186,9.208118472635789,10.676552889610747,-11.842759350449068,19.65605476058017,25.933579455577185,20.216291512503492,20.643157046264125,10.875889968083744,11.815076919868547
-0.7005974334145278,10.536307021500471,8.961965269760002,-7.023300024597803,8.796737834677558,45.692898381319246,9.84383731003698,-3.170665542902352,7.85856457553416,8.302168782955368
3.131730624633354,11.69414534981148,6.138609843139018,-7.864889853362826,-3.3786755334905942,47.0784612696172,-4.197362085381265,0.2818861159516842,7.671836231212661,11.854422415459563
6.5220122295373235,10.574715017211588,0.19865914340964447,-8.739596954393916,-18.52660985211681,36.9329668618723,19.2888988790054,-8.664484964177067,9.705701026097966,15.93540260130879
3.641467784642352,5.114926509623601,-2.9252290730101635,-3.492718039041192,-23.408713274512454,3.6382872258537295,27.208788236116813,-15.77069131463974,12.593921902093653,29.626077726156186
-5.6653198210102245,9.162715380420408,-0.48981598252299785,1.3140652750407953,-20.44103841119729,-20.98164146533587,15.026587871325647,13.09706654725907,14.707434437337472,30.571557890872167
-11.182545592135781,16.174909980276432,8.029646728660294,-2.4904087580226384,-18.16597940723289,-13.893977048598558,-18.29455734748594,4.381602019833442,31.844291613315043,3.3643271597422486
-9.623539791620066,13.211019500056187,10.758749667259712,-14.48466347925361,-8.236124801283188,-3.7092500675185023,-17.111375948676127,-27.136168948284237,17.376124037612822,8.21651212252769
0.750926795867017,15.150326608191286,4.054331731091307,-18.48103627406736,3.243222909735716,-1.3620252840916955,-10.983175664236299,-26.063217818644667,-16.7824020138002,7.420677571214882
-4.443478969963155,16.34018334002149,-8.133024089208819,-14.053226551056056,2.8537887124256254,1.845523771428446,-8.561068222584037,-12.85689389434268,-20.64368991312887,-12.188161518407778
-19.217430244223944,15.706530308854521,-2.955185302655301,-6.345644765174277,-0.16492324398121097,4.12860165137141,-7.389454354192444,-1.987795794580756,-16.4240214298592,-4.540317322813103
-10.553580154344571,17.366356111914737,7.837566410474021,-6.450694414748954,1.0254112656409895,5.808596349140079,-4.639444344011396,6.025173081217304,-12.192549741001494,11.468408831368736
10.626349706938258,17.28417857798918,1.7709579290868365,-9.224203662706104,2.810985495877079,8.250846559424858,-0.4130119992396263,9.574726965360057,-2.6583239263681535,16.48073211154351
18.455845795699357,0.13043583545765,-7.9983435174434705,-5.480255511495367,-0.3710637791387113,10.492208086271212,5.777975809038046,10.151012248934219,6.839633913834542,18.7201430860788
1.25254199421944,-11.868668477360647,-0.16903393486763466,-4.3796397846731265,-2.1427731261979757,10.747017251240228,13.671433009480346,12.132479439315624,13.886244454625166,19.407691285372263
-12.235359189016156,-5.561035019481483,0.3364556906327181,-2.063475597145253,-1.4866219863623324,10.257968330219153,23.374540777875936,15.996787120203907,11.14129883986288,5.685258060697206
-10.711431838801502,-1.6618195850167579,0.24689172402338186,0.05203785744108129,0.13648113589272948,11.005313534348078,31.557795687978878,6.620993102751963,-3.933248862123758,2.8748985284195907
-7.7737197177368085,1.9509622661775916,2.2013702876213967,2.261440375696682,2.6211407987661506,14.275459392195058,27.857310357553885,-13.98140964055994,3.3168387756180118,6.1238432961257425
-8.772759037258167,5.646597811290565,6.200727937058867,4.390953951616263,6.729810815347191,19.15633916035733,10.486094147987313,-18.104493269309877,14.25025603660501,12.511942211865083
-7.270637227634036,9.778253602584023,13.274840758615099,6.4180573330412285,10.520186991973496,16.991471539126426,-11.845226863857576,-13.865346066489842,2.042090943324059,17.865080309412033
8.148813859405301,11.719861995950978,18.67452720264775,7.828545574266083,9.995397226765267,4.877346649802149,-19.41743394406431,1.6249421342032389,-5.868757105310487,17.83928973209931
21.572123421532066,12.520709378104499,14.228811023831696,5.470609237186353,5.859036238370756,-3.083928077786976,-16.771517975150655,4.813924894656734,4.810442528918137,18.7320889484458
20.95153719753049,-0.29375537972834204,8.700284294255653,5.472664315885647,3.940959022249404,-5.504343850299327,-13.13280101772807,-2.4462727045863653,8.718709138373267,28.527959484741135
2.8272936231208994,-10.998448246229305,10.508199007725995,11.943265358865938,-0.8868292180802211,-5.3152105024124525,-8.6249837561015,-6.229910075209203,-0.1531620346277334,33.82093595238676
-2.391037585241313,-6.319331322316647,5.022820180885015,15.454972060933818,-5.6710434571581105,1.301874937284689,-6.01408672025006,-3.058012074643065,-8.568877973830215,33.528305573178656
4.979214430478029,-6.500912857343617,3.0526028884475407,16.767125153394524,-2.4932107505030507,8.000732694388399,-2.5745638446784582,1.8578559820712166,-7.230147658852577,33.06705183359079
-1.477086745939003,-9.162895403703617,-1.5068242066213673,18.121743479201196,6.026747235236554,8.121547015053643,0.22152151337143536,4.38939326574148,0.43243953890018055,32.95746499671449
-12.09318859623994,6.652851114841641,-2.175049663703583,17.153270691687617,14.738677793632275,0.40183380247057643,0.7838064293257562,6.152493285485173,10.270936960950337,29.612544114698554
-11.274859914176645,17.224973716539484,19.86261919443749,15.856179863464765,6.314733890589548,-6.889587628696377,3.2760727490114,10.03870225292929,19.381473368537222,14.971890847195242
-8.942791649098684,5.469805806454736,33.14941089926518,-2.182834419104276,-3.3371730426247415,-5.152850408919482,1.1131841046428554,14.983896138847822,20.726941728187924,-8.255088773892004
4.2873361716010905,2.577459324479776,33.491382481603864,-0.686846122652043,4.338652199266408,-2.792186581457084,-0.09259009887004799,16.267120954990443,8.916969268201058,-20.461499234519966
-2.06138404820197,13.394004837804784,31.492232542836152,-4.495657378258993,8.866931896422946,-0.007357151616461964,1.0985323802286766,17.635894699876204,-6.319674934441032,-17.543348557202727
-9.676588047109771,-0.08757641685205032,32.64216077716148,5.426417671195617,13.469205054341648,4.272999329521398,3.247691950748398,17.0669154189952,-14.554845691937293,-0.1580096178743503
-4.187144821120309,-6.095875729039855,28.04626510592046,21.69347083191093,-5.964537205989859,4.473903076867304,7.262895432236709,14.058088107240629,-9.195405918267978,15.846317351721229
-2.5563446161398407,-4.826611479318456,22.462096296411417,12.398269896073698,-19.42966451030752,9.44519533577173,18.82816423499637,7.456222351867212,-2.7294837463433397,21.361878024804362
-2.573061131444857,-2.6191578806410476,21.993217983362293,-4.331218920603456,-19.390266399617225,-7.638083083539577,22.895744678404807,4.846010186097112,-0.7093675082384076,22.486743740099094
-4.043181896646559,-0.5136727189684562,23.433954197984566,-11.36577946047473,2.1759532393257524,-18.647560299248724,7.001547628185859,18.589606454802247,6.578492811469239,21.870643678514803
-10.707130320988686,-3.1488562379005987,23.918643445889717,4.5467381645737,13.166233829405225,-13.124392621436854,0.024161192427989524,23.425181376020486,19.7145092544793,1.2447191574463927
5.306778622067011,-7.33616882220452,18.125343834269234,18.78254630864489,-8.16594677977751,-11.999380311310961,-9.859980151924495,18.715729914616922,12.420508210014793,-19.412120831612903
13.466873287138167,16.41720968330365,16.849113361777157,2.648152875710915,-19.148758390585645,9.63316721709993,-8.186064001310115,13.215968268549588,8.45479913405995,-18.092809566411074
-2.3316585429002004,27.6246410463287,-0.28657796546284287,-13.306362199512089,-17.0161792679377,3.1769680203098276,8.00882920088406,13.852209205334118,-2.487158452505073,-15.784822014321836
-17.269490697848582,23.33383583103576,3.1209106665934807,-8.924775126270628,-13.020170489577158,-8.767715969637939,4.4790615336112065,13.510137130626955,-12.32361853581653,-2.0402786482688424
-3.7909954887191457,24.192769713609536,4.649856082256947,-15.615448491496151,-0.6340050859346396,-10.730108848871483,-4.5992472321145925,14.337147134615645,-4.417514016063521,13.249691346047225
11.841077926511185,18.503928005613194,-14.852126681892523,-9.049231602593842,5.149483138370198,-6.912057118497745,-6.47293845848936,11.7465769143091,10.702273147135884,14.204869969094034
6.890201657585218,0.35997576203742515,-19.91349954552838,-2.7288511387454895,3.8333613226168057,-5.019459338703359,-5.770243075546905,5.874923110164266,21.86994920436098,17.485918848340482
-10.094042053659976,6.022913101082327,-16.661399251173368,-3.2385129494056044,3.2777146565416735,-3.0985264324366355,-3.4044824719093767,1.0738467631179787,26.209187827116807,11.286653689973813
-11.275363874268294,17.1752561710696,-6.072952692658607,3.8135150286519393,4.667372601900031,-1.4074155175625398,-1.0779753884751506,-0.3331172788645941,26.866058347311128,-2.4471827528714476
-4.717988768339323,15.197719666709006,7.153454145218679,5.196760042202722,5.8907174985108925,-0.975369819984592,1.0804989095486777,1.7251571177616427,27.156008740831226,-11.854097524166244
4.929310831698073,17.149047682053347,11.112785497677844,2.264709928510018,5.6653957208829695,0.6044063973763718,3.049138182800117,6.4981740226380404,24.866932434352783,-14.048599042640797
6.9454687195128715,25.706589575954066,4.913211001027735,-2.19535500520148,7.135562036467398,3.8477322065777986,5.3310872670879315,11.937945819460493,17.575920049769692,-13.447110399131672
-4.115000225460217,28.547909244976996,0.2276345710713651,-1.0682635245433412,8.391384276024874,9.288634704426066,9.003739933785809,14.591597042094149,3.6244117208001754,-16.33853066246009
-20.590670767168866,15.109218950066847,14.64011177286855,-3.0998534680134116,9.39966197174365,16.229511926364196,12.083223064370214,6.9031704942126435,-8.877426434412767,-8.55658613483561
-19.837813255071815,-4.8678941311820925,19.557709379983283,4.675516196757093,10.941922020001691,22.16571438156871,3.750179177932961,-4.222930812469806,-7.891948212314887,3.175597652498267
-17.498203990912106,-9.226339303700202,6.502810533650035,20.545008654570967,15.851500608468667,12.032693994733027,-8.782822077693115,1.7292350279117528,-6.199158561404007,10.418736684289428
-15.561823040960016,2.497296247731565,0.6356998453158864,23.30354649733653,14.340809815799428,-12.658054454262489,-6.492070865762754,4.919955445106758,1.0877557114664396,14.55133906994522
-10.957217948434453,9.162693386203516,15.028177200648045,20.527096451047274,-11.157735238886042,-14.300732657398608,-5.202432777988498,2.527865438084666,6.374328703084479,12.61967447554844
-7.9771655551063185,6.714504645824064,23.6895778108703,-5.997489768355147,-20.0743038017931,2.049385120558814,-6.811123228050236,0.4123611709947258,8.816240989511547,10.335225054483507
-7.506024219035296,3.2364392430955897,22.601504062380076,-21.949978559524567,1.4638943796240895,-0.49197960273659963,-3.8923751260466157,0.11813527455450636,10.490707606996212,8.063906562604327
-8.633796474204107,-1.3834744736839077,22.565698408795512,-6.835614421237585,18.86780054718579,7.876275251498335,-4.276527277568134,0.7086160898472614,11.911536799098684,5.139049107694202
-8.42596369168587,-7.632712388320266,19.315600064369395,19.68023987876328,13.28456518342545,-1.6697431458786332,-6.478708389225634,0.0796244196252362,13.900718620609675,0.886248728690435
-5.306011774765387,-9.972763258361377,5.2241964016557345,28.967124926923038,-6.957492586520245,-2.2997067871808365,-3.634630294108683,-2.5484794555904102,14.662171356065038,-1.491316467277018
-1.8029714352478374,-7.619019234514287,-7.448922500716183,28.716887492061037,3.294477790984892,7.080086826180857,-1.4799413172721632,-1.7370922148291277,15.887707312795637,-0.19366456684196168
-0.9817430389373771,-4.672782380209728,-13.057724507377737,18.756046990740465,19.730972663616175,-6.925210557311238,0.8259962024939405,-0.409517033120971,17.016226978538484,1.7538956086335888
-0.4900772083237873,-1.9678595560662078,-12.682260146855796,4.017428131009158,22.34743356792161,-9.124794292936686,11.690248735470892,10.378458282345694,16.487431184452497,-0.0944140286949708
3.388139292029289,-0.3112996970099368,-9.89430104604235,-7.169127871977418,21.207767391709137,9.899705924510307,14.157255343726554,19.298075286415074,3.3577339081496396,-6.257708588869871
4.552627268152703,0.8241290421347748,-7.60404419710759,-11.376552501308643,7.4054177933217336,29.31949200566067,12.594207422485306,4.020824064697093,-7.0718605960452985,-3.1409056241074618
5.148227360951347,1.8626751160882187,-6.371947471508604,-7.895956908403995,-9.602410888578945,28.40408684797907,8.750169281621652,-12.8609637019105,-1.3403937689346619,-3.1355017195016135
6.915709492032576,2.299118101389482,-5.219966939159837,-1.2592073331006362,-14.352374923333295,21.577330168429697,6.210351969935292,-18.154349393141363,7.069367517050047,2.9014587757111836
5.998353151138689,-0.3015975255692167,-3.4424801063115877,3.6393652285285802,-9.86301934791248,20.459231810622345,1.9319080403160758,-18.302983840153818,5.146497015352797,13.82004493618712
6.817622646770711,-2.9573473910786254,-1.3342743006102087,6.184604174679967,-1.8368063080597434,23.079400953417014,-7.203020369856114,-12.514796928758301,-6.901427485049353,14.450048849203856
11.35954476282293,-5.967412952044646,1.45199935488803,7.89174028670444,7.923024155265298,20.86369746937669,-12.130414167705064,6.77606665670043,-7.9971103958288765,10.04281794726749
9.244028831358404,-8.163360687432661,3.6644713306530945,11.935689565889554,15.580622561433271,9.874865552255148,-8.640616857243664,17.13129382597015,7.89957523695581,10.746053791854399
1.9735210605741835,-7.046793357935204,1.8935495232246902,17.07297525946933,15.385769523274423,-6.39149864458567,-5.99192942016217,13.788982591218055,21.69199783399341,3.5484742722354676
5.278570168096366,-4.615740073443002,-0.6730722289963746,18.651640159101845,5.507198809984425,-16.174514927012048,-3.482896488046811,7.40057188557769,24.611914639973985,-3.6039655380028783
8.638021440104962,-2.1658083998855244,-0.47856877386868035,19.62430116491962,-6.461209353493547,-12.290562504881407,-5.219144901339768,1.0281732753634305,25.523461812930385,3.0496306399789255
-1.8399179346880887,-1.8978635637725372,-0.24464294803624778,20.753259914790274,-9.303328117145588,1.7595564776548331,-5.111723207293392,-5.610031895808817,24.075664589829533,13.744967082468815
-13.890208864847322,5.78496956077297,4.249737676136713,21.328223399236258,-1.11451620648681,10.145315711413387,-3.3583706120252352,-6.225896124646866,19.594361986356592,12.724848894385397
-16.229705032383077,5.599094107725935,18.10877385717165,18.93405469278465,0.3922369771866418,10.429042347557672,-4.572774999340285,-5.398957946027634,16.630309954173555,5.496674631525048
-14.543121358199892,-7.196157850724665,18.25151621445884,18.138999520355487,-4.792685994853698,14.699064658404916,-3.5021013027228665,-4.258601880887666,16.628512243840213,-1.7962363102960246
-5.888668571033052,-13.115275373998864,2.3568869200605804,23.11654197642324,4.338564668148354,17.939904133900722,-2.3998900851446767,-1.8803554840040837,17.849985408743034,-6.098880458278935
4.227523817299761,-11.014344656115018,-8.967567101769966,17.416313665520768,22.305149697775285,-0.19990428893060738,-7.57834390402534,-2.397599507846145,18.901094909967814,-2.7599380939404003
2.202012071115445,-11.131339102682734,-9.357845438823123,1.7385744964433134,24.540206523750385,-10.986764084117501,6.663849827409316,-1.7109988095134712,19.194157387156306,6.846090561560837
-4.465422048065892,-7.697141247563037,-5.735725513889224,-9.037816480695064,23.283079147512765,10.005619845716685,11.568333854501326,11.186333292197617,18.319654290705216,1.8376862788989352
0.8886703080949837,-4.8848951637039555,-1.1642835606442514,-11.266607070282305,11.073058309423919,28.462311508069217,7.656682299297162,10.772539119272524,12.149719066973168,-6.963479655990804
7.526841007813439,-0.8438888306258474,3.1543996986555696,-8.443995912753731,-2.253086828795582,32.980740166856656,13.461084874552085,1.0132737142019,8.183517527726284,-6.131926275250329
9.763418058282006,3.6853180749964594,3.359388921141706,-7.695499298333462,-10.208398579420704,25.692696768414837,15.568946945927436,-11.52662201540514,14.281840286229706,4.441607951361534
2.14204000850082,2.211692236236106,2.9554417514548468,-7.6999393153022355,-13.87499812064091,12.1593653970594,16.843770315905594,-11.109874055378182,16.855503336085032,21.58263732137895
-9.96603394738621,8.77875156463228,4.546052697296897,-8.438306723205699,-11.673964132374799,-3.167682745318418,18.674798220417543,2.2799604792792763,16.146382189156487,23.24805563561199
-10.733061706839527,15.673943122332068,6.661471068637315,-11.65746433977995,-2.0963576213522956,-10.337355506543167,11.276465641029919,23.06079467045039,15.91286887205946,4.426831404509063
-10.264790801252524,10.81822574137748,6.522844440407995,-12.627118377969593,9.369141750004273,-4.568337763797462,2.8607967680006356,30.20780464866285,0.9410671419591585,-10.727846309349722
-10.757425534167401,5.7995319911086955,8.402860552958686,-8.292555155476215,14.532415690146664,5.717370211413918,5.039452489517532,29.432776908772286,-9.242945454663795,4.061936163544524
-0.928840266216075,7.6884158497420385,10.180405021215732,-2.0651480839623266,15.233504769249596,17.528597173131885,12.687570424281962,22.16059478637656,-2.9031040451391457,16.655623013905466
8.15374594579319,7.795535452604927,10.708808647204517,4.170018233189834,17.583417489220768,28.747790856918908,11.583227889551669,6.782503514767553,1.7926207899869087,18.482413628894772
11.874080633312607,4.634090470589966,11.017093607958255,13.531136253343043,25.201947064448433,20.844811335841428,-9.71905733329884,5.899215761413024,7.173409218588145,20.903592995245422
1.439287196378955,2.476649560083116,13.89975971927624,26.923602583630725,13.452033805066815,-15.457182954605189,-9.95962348365941,0.22913748977180515,18.503884524638277,23.23432297424598
-10.855823306494512,5.898680206690752,21.178784970486824,16.58341279659927,-24.147839818827865,-2.677426662749358,-7.652211195977443,-8.449074128862193,11.918862495247996,23.507070552559004
-8.140141202578631,7.226631271193704,24.9599485304362,-19.485128943437235,-19.84968448482507,3.65410097422152,-0.951603067593712,-6.963654835766222,2.1341109169306116,23.245156034046573
3.733894752464256,8.480944096977744,15.740133714888206,-29.38906027682195,12.294079403059808,2.5108169870149797,1.2716274794251867,-4.80601222833888,-2.486960852391916,24.182705788268994
17.221320026503868,2.275335384191089,5.5323487371501265,-22.33345993351583,10.47318407139191,21.146351534224152,-7.754622370354077,0.32509932355118265,-4.2723025270707575,22.089208037634
14.407511739424953,-7.959195215328776,13.785964657942934,-16.569742480484727,-2.4857387698618236,23.84439762466241,-1.3806710788260488,10.292252293487168,6.480655210310391,22.38657209421335
-5.490164116497271,-7.191900122300227,22.073539016400375,-9.761443624232436,-3.3273758910069096,20.71550047541222,15.457536874540802,8.641134285676905,15.172309417929977,19.621561667340888
-18.13917024498274,-11.114755809998604,19.672111757534054,-1.0806093747622705,-0.5230778516804755,19.451696768882705,25.405808650850595,5.149714716805926,13.872692315040604,5.698772123806205
-14.477311750101478,-19.535998963138535,2.532261205147726,10.504428609942348,4.25811781956448,21.6819134709672,26.264858702429294,-2.6272529015438995,13.706958177898992,-4.551003284040132
-2.2855728856819573,-16.98750044552301,-10.820920443911431,2.1513343836237095,17.54614932281499,27.594007347282666,6.156843190664557,-6.993756523433197,21.121606584544345,-4.185577457492333
-0.01861510341641784,-14.151304210282957,-4.849955267092962,-9.425507192777891,10.415908131889267,25.632200461630415,-20.196634213822794,-2.2457988630661774,20.316325061999233,3.5512784312075145
-3.959529671193728,-11.187663130492837,1.7830640895401588,-8.272872265910104,0.5494681964300208,23.210004854867922,-22.118391408731988,3.0484256658812696,22.39821133543236,1.9352741073864834
0.5137105306268315,-9.18835588918697,5.523158400965898,-4.567577986400347,-3.7056829045493815,24.899061805721963,-11.835704477953673,4.487233590305407,26.413520416422326,-4.326897625279484
8.97067302522396,-3.8522441296857846,9.780061420300843,-1.4331006022047055,-4.218517577630249,26.05201305631533,2.7010551565833993,5.948018287599219,27.106484958136633,-1.7072370693182959
8.98033159741487,2.8871685743917648,11.258356993243803,-1.4982674632652087,-2.9537140420810717,24.900924008526395,17.819525250862,7.865992557073799,24.663625352136886,3.7186935430987873
6.911910710035636,7.114906825880555,10.201645737353795,-3.4055133860961577,-2.1490102046818294,22.34707607954321,30.521015524197157,6.445712170357604,18.051082618677974,5.661204478026692
5.964565231025388,9.213086717424078,7.09335405677966,-5.605018970520347,-2.820001304678704,18.58144681733359,36.71933869311308,-0.10813537602786254,15.031525230246304,9.88277089115575
3.345434395146382,8.946362677808972,3.5896062862194307,-6.805602121353986,-4.091437144050081,12.093195525559004,39.50722113321089,2.843556976505927,16.355138333026186,15.31846736606772
2.494000943826527,9.413346104348175,1.617834667393778,-6.052800609057847,-3.6146894242246663,3.881177980949873,43.93898363870214,13.529172335962006,5.431257770304695,12.913885179838163
12.269407297372348,6.27487807451346,-1.2583254706424398,-3.8922421160828433,-1.7684330444939023,-0.9036963256214154,44.77348917706543,4.474660808500547,-9.975146889981259,13.811281346325476
19.299449702966697,-2.25058476914198,-0.9121669818310143,-1.6165923573541359,0.3242029911214882,-0.6898693011484094,44.73258112544205,-8.00052142686875,-1.7790609208157064,7.989033532759728
15.020573539518216,-7.5220328798440725,5.597637800024651,1.1914572003108344,2.1113350894693204,3.788156055848458,44.217134949319224,1.0882049003140488,7.639072610283003,14.093660578645167
4.189841398591353,-9.050713988389123,9.27616121501325,7.915987897197372,3.8833392988940996,11.628401206221358,43.83139184982816,0.2838198586366353,5.392923779253366,17.64899300789976
-8.923394116918374,-5.217976834836865,6.102556433444783,14.90768414676669,10.862606099487904,21.697518353161563,32.078356802322986,-12.945641868272586,12.973056743440953,20.677279733626502
-19.05992589900565,8.628710861309736,11.15954248164002,21.80609222303872,26.343990347754485,15.636422753654998,-5.709211001649101,-16.562935419511696,7.699323826605383,21.87407362584366
-0.5219798022833723,11.517450024923086,32.92228483367438,24.37670005591939,-5.7607268163725065,-10.194676505875613,-4.421371717626772,-13.350814002696158,-12.822706596438888,20.767078722186568
21.021717882690563,25.383588163101553,19.33287969709501,-24.058438212400123,-7.842127566692447,-5.167166696742606,-2.7030591053567066,-8.569736538658173,-19.612829799374623,1.4402967611045738
1.7759470051106818,28.25908455203469,-29.600814279880364,-4.609365885336307,-6.125205769078086,-5.558592365970506,0.4205571660774927,-5.744313122502482,-13.996693480865165,-15.134134526463807
-22.360420274054377,25.95356619200279,11.548690246025314,21.232116648982558,-0.5622520777170512,-3.014686071269325,2.653467880197977,-3.918256398842274,-7.977261065873708,-9.357505948144553
-24.04040543190925,-11.627427104044813,29.42784631482141,3.4662129482991326,-11.631115364285185,0.46103901176519246,4.5322540534946185,-2.7502319502604498,-4.194941859670079,-0.562830023724425
-22.811014534501794,-24.167795954150446,-2.691595260397353,10.57409139699358,-12.70526557390793,3.413722239994885,7.104697253209708,-1.989581304858358,-1.6244684949274937,4.200131673105697
-22.825029945209334,3.064828671393396,-20.388885155088303,9.55069680252342,-1.0429071128117229,5.687156091996288,10.013049062576306,-2.229737807878211,0.5379171009965849,6.5388895965390885
-15.32607177832268,21.074834533673474,6.181971879651255,14.460381375768598,9.79581183101797,6.2297086777843464,8.936617337843652,-2.426671787583322,3.0598645947619083,6.675694443837908
-7.939297851381904,15.358420767422677,28.731119292616807,5.435136924246052,5.055466377209016,6.73504956624099,7.587102114049515,-1.2010428313496024,4.925455475069809,6.439506057262364
-3.7358816606561076,9.907401431085363,32.79556189334394,-3.559623673144609,6.916790442065616,10.136745106379294,6.932835137027785,0.1744035009932104,6.641690838550433,6.757460985392494
-0.9441782632882453,8.676889253690824,32.78543454382814,-0.44643954665187774,11.380345550268405,15.29021599500999,2.715115955585129,0.5402603645764263,8.296757303781513,7.533910045919748
1.0836101986271909,10.289757949655016,34.54830316324626,5.020618732885456,10.326961345106891,14.928572444613406,-2.8725354753611745,2.525911738547291,10.486131796118872,8.380357903487662
2.772077577413713,14.292169184413346,35.81597213608803,1.0576517599430644,7.678189362447373,12.78535139671784,-4.036678683279179,4.585111186429105,14.150222652212866,8.849854444738435
4.777526596661168,19.903849722624102,28.99641450779441,-9.000124243672651,13.155572363838324,14.310632518399782,-4.912291099002103,5.684484594331937,18.96306940729359,9.137955739279382
6.58526223596163,23.81858181174252,10.74974599958776,-13.127075006336645,16.465064969150845,18.57872302154727,-10.817630091347818,5.587418679993798,24.785854577113415,10.869833901097856
4.948253957720122,20.71337176117229,-8.680557441443842,-10.060100699919163,6.639434553874749,18.908998804321097,-16.311778008701058,1.0391155556467766,30.04777561781396,16.155652312179004
-2.2936875202549913,20.03926876993158,-11.652269758121873,2.1321644660689105,2.01626122669626,18.36011561152101,-18.571046080945102,-5.845638321529071,25.62493379613477,22.834366087377497
4.786579417878851,22.16481624463974,-1.2130696493794801,9.1614143233674,10.410288435583322,10.275620554226066,-25.031354632235026,-6.186605310985535,10.884863251757016,28.57673000716925
22.62159995158139,0.4898753649339612,-0.8363832868803515,10.58165442122199,12.29408950957836,-9.050650536106996,-22.285873565753622,-7.062657079769314,-4.71285855022959,31.272787076800046
22.324684669249454,-21.22813774835582,7.935020798503836,15.695492099140807,2.3428685702054493,-18.488646902807726,-7.430630159622939,-7.393615744152699,-17.000353065721992,13.583887927215894
22.170369893279922,-8.512599870466612,12.081798922926865,20.832940121218105,-19.1386776224506,-4.323092819183999,-5.524584878458833,-4.363033945404925,-16.492237170276372,-9.495087284207827
6.1198538609162645,16.32964859134237,13.090053153063685,5.088077739504415,-20.921899151601643,15.034390517124944,4.747899842809358,-0.5107638316501547,-13.018772855899291,-19.976987527057055
-14.572124664660274,7.6944031400112465,14.593251782082344,-15.572540214663862,-15.535509655041412,1.2533828043593527,14.313958334591284,-8.053801491569084,-3.6705878796229974,-16.578506631600696
-8.10933552805796,-10.880142493344382,16.79433966112508,-14.752443451541202,4.755280900938727,-6.060777205258654,15.722865138316658,-0.017045063164761454,6.399735122832245,-15.092266503186016
5.962438500820963,-9.034632514605676,19.718212875972,7.927544044305047,10.728585471724346,5.573641799212787,16.982798778384105,5.338067629228858,1.8433469529861957,-13.702265493633801
8.397671491654748,6.519582659701403,20.866731640558577,17.764407180284913,2.944931240896967,8.11959820289655,16.615864824461113,0.9163627537412186,-1.3997946450097345,-11.348448402243227
3.6294935471270637,18.380344458145945,24.899962384545113,2.3897082776901333,-3.5464517940993274,8.946426259323808,17.494011350181033,-4.33440799320692,3.207105146342366,-8.649253547707259
1.0768009513308352,22.40834261883279,13.733656042732797,-18.192889626398475,3.0424154689114102,10.070328776556702,17.10546237749457,-3.616253105976328,10.097254890309186,-4.095674083189746
1.8600090275301064,23.573040911185974,-8.73484418395664,-16.888260746674106,-5.365111355197335,13.49893089704168,15.590121686531191,-2.206108452499366,14.029690713897544,0.5499639660153931
4.67988869642639,21.037786408249502,-15.542067013997503,8.895420833738633,-8.696516102434328,4.080026767453903,20.516088211333123,6.017205817904822,14.493209105267525,4.340486435390402
8.263175006268343,18.07380409125914,-3.0653364978148465,21.445660442866657,4.631176743214176,4.934532787397689,24.193066252224895,14.838154976975863,5.412785052532127,3.666901460099008
13.887235336892628,18.781573418836253,8.697996315866234,20.96309671613872,9.640896044043789,8.23269633769735,26.22446166972384,6.554938365546741,-5.801780753914975,4.803067050552423
19.71358388120077,26.235639257526294,11.371960668787814,15.415870007433641,10.503206289068508,12.509830273888054,20.371663825896768,-10.091498789227654,-1.4096483825736956,2.250947174449406
27.002355629769156,27.38621830098694,-1.6467171860176206,11.641110273085674,16.431841026431737,13.4823687879693,3.5053870624002825,-14.534628864107432,4.998264116472016,9.879042845526472
34.65056057164888,-6.8879917264607995,-10.596160268070973,7.128290260856232,26.50762874180433,-1.5200164015000024,-6.527929644682225,-11.248064967794788,-3.6257583719944435,13.470694505411549
30.99398067749284,-15.561953583033224,13.885103350540119,12.733545203012662,24.689295232298427,-7.950129403204363,5.686557756350998,-8.672825286846322,-6.114220332520409,2.1847832700434826
30.915261849698314,14.71394513959257,17.121635629637876,23.677553623142142,-5.40705441495348,-11.40604924844205,15.414563141651165,-1.377304779643964,-0.6620318877178791,-2.53179705912872
29.579489970674057,31.581327915481236,-4.088573687698826,9.027512692365374,-17.20419709469346,-8.583844482983183,9.007045958770599,6.413066725416554,-0.5465229235043793,-0.35975144178365315
29.800434111578955,14.249384786696634,-14.427096459997616,31.63288265532245,-4.057253323828526,1.3869507418522151,5.897236726256668,9.21123262840805,-1.139345816815849,0.2566276720169663
30.604590854514267,-3.309938905801523,-10.54096102476966,30.87255782851985,16.762430822417613,-7.319064144712283,8.146710263324414,10.495476806965556,-2.298367576039556,0.6664899578621499
30.742716866709735,-14.243483702994189,-5.15784438999928,20.63982047532892,12.579073252144768,-16.94414244989655,11.063897680464422,16.628385147815692,-6.549012864587903,-0.6834515856416942
31.54347882489228,-7.780481269858152,4.240308000464001,20.679880125317396,-3.01566399656171,-16.815254836147368,0.8509469760970454,20.680831877860776,-13.443435758246125,-4.804143103498217
26.89695508974125,12.207752649582018,5.408005917913481,17.879438220042374,-15.726578493517382,1.482556055402709,-11.407860392119256,23.39257173354081,-10.013651374757158,-7.70896196111787
19.090007369492216,23.606250488761372,0.4875213779594987,14.780341677633668,-7.733907869614998,15.089386261824854,10.381074701903886,25.06542895539751,-12.941301108334214,-3.925399178981985
12.308024112897739,27.16082791277593,1.2231241517847586,15.818989925402374,6.631119479218608,16.96132171905249,20.341252100680496,-6.657918319152181,-20.109516975474698,-7.764350609432431
-10.41621929011084,25.928994523086413,21.646279328389987,10.090909677909998,14.116171359951824,15.032241528441507,-2.367436531866745,-19.771134221485653,0.867989228869992,-14.352852885080335
-13.299936293695954,-2.8142613685058206,35.09490316086541,11.718151304616782,7.1820902666859645,5.996241519350312,-15.638671013132184,-14.393367760841622,5.067496956136555,-11.43653998742862
-2.836769465186704,-16.822184444699314,17.604221179955495,26.77650725520906,-10.774080914233695,14.264428679683201,-15.308676517654694,-9.514848051131352,3.187263508015495,-8.039689140788113
5.225287627172342,-13.823894370335868,-2.3704491414593982,30.025867446515402,12.957068988793633,19.94777848031826,-13.042695371732798,4.696006313495046,4.159293136025581,-5.278377473002785
10.669259106100819,-13.17223273557617,-10.791550432706929,16.461684864671753,24.70957567492662,-20.764903522753894,-7.3317048134453895,2.5968253258439256,8.71489930087947,-2.0168297215063586
11.072135712801638,-15.861232049787834,-5.723352724501992,1.389707177137388,19.839629659222833,-21.03862758795781,14.5542814702234,13.59032321439812,8.051619862392675,2.974980333113927
9.812847206583797,-14.924771285066194,4.255854387613978,2.4277007456022073,20.817966549222007,-2.51921663194524,16.13491029921691,25.683075808415456,-4.160070359367728,3.7689589109470703
10.133614645554644,-12.740767416932973,6.973405688508028,14.963226023662516,20.985562097814448,7.866078214720679,17.048092588412473,15.919350691950667,-12.329726412682358,10.817516193746535
11.067147888064008,-13.477982589022082,2.4131126402444676,24.92333404481495,23.83094814835503,3.655417465773532,13.399753160325472,2.226057206867222,-11.435413305640859,10.779086334890017
10.636092569143266,-16.787649852208503,-5.954779627900989,22.176846796444007,24.067230080660536,-6.621215532270471,17.899806646733637,-1.1771534952688625,-8.820505093383929,6.877056369434374
9.18490935801152,-20.228695211543645,-7.30938570537214,6.078413292716707,27.30751423946488,4.712746736968281,22.995148802365865,-3.613472311396971,-5.343575525490183,4.392762239543041
6.6449182373914635,-20.3116076751314,1.7025589497420128,0.199601266428642,28.593856104056748,21.264956834723215,-5.239041289673958,-10.279006253663015,-0.967382527177401,4.500524086900833
4.462102593515033,-17.510367002463788,3.848345605821236,11.535365785845752,28.558423753119275,-10.042941380287427,-18.303429944470256,-0.7776071473719963,-2.3762282787705695,5.196531812057318
2.258101207147642,-15.458079455021679,-3.1086531297324758,14.539413576066384,12.744134656996076,-28.320891957194455,10.501656128299604,-0.3034691845454396,-1.3887661871765502,6.530914616866906
-0.8933627861620783,-13.175321112268865,-9.188094323817262,9.513919383821316,1.826018373689269,-24.924160608794462,8.43479953137716,17.593769709536204,-1.1684183382799,8.63804730148206
-4.6184390065813945,-8.055316294176473,-12.19507535896326,5.43763508972551,-0.7732519279294163,-21.736905621721,-11.452922934598782,15.192993233047883,10.376615847275083,6.698167695692616
-5.613897698566492,-1.4876205933689608,-11.99745894254629,4.804749780541537,-0.6048784066144212,-17.718938357559935,-13.588634837032584,-8.302794590939165,15.127659934772797,2.3467705310748963
-5.3383314548248935,4.749469153680939,-8.2979785187861,7.486575843894528,-0.2500587014437071,-14.650357970994234,-0.14926663900474066,-16.463360092916474,7.727140029328932,8.573683884079866
-2.388617487464407,9.888100687500353,-1.0300143881495436,10.890530068400125,-2.2319772023005773,-11.88776782155288,9.734825388101997,-8.660036903078636,5.66432001942952,12.879415740113274
2.9255493375213844,11.142947272679637,6.552716444008442,9.579545740883484,-7.491739221389651,-9.253710516711957,10.370884497877297,2.7090141877430463,6.93002643646213,14.970196140772902
6.424633776127223,11.106577354063027,8.985252937418691,2.882989737275977,-10.596398297966182,-7.533001091563441,5.1616584004097374,11.220762412606886,11.35251581711835,15.371300760280887
5.18606312021288,10.745802437876975,6.8891583565522465,-3.37730305097558,-7.480441728419183,-6.5072106702611165,-1.1605015741537557,14.152989696329783,20.755472069567464,10.689238094930115
3.0889939723248747,12.092487463010354,4.008887357894671,-5.815605781284141,-2.6960309271047254,-4.82154817522897,-4.143497708065504,11.317029771249757,27.417033450739027,0.7857308811101181
6.138558249551522,14.143720611079866,-0.687989012924598,-4.770126772329364,0.9549569842067439,-2.48956662158607,-3.706430763665029,5.997657933681387,29.03578127888093,-2.7378172578971856
7.825728272720672,13.841156627267834,-5.915794810904751,-0.27012465548360076,2.6598732044912876,-0.49004886867003433,-1.873229003227634,3.128954123448976,30.022068575143432,3.8953812895248787
2.8444448612712616,11.460852791866623,-5.990188935632477,4.352241230200228,5.2042489920692345,0.9549707364250062,0.09125270037559627,3.9254460839439096,31.98101178738902,9.296047338772924
-1.8955873602039186,12.734499161758068,-0.1294003269231342,6.954454864657464,7.923182259749662,1.2340332286956543,1.9503486854284646,7.545676336424566,33.68254368288469,0.9541900665827503
5.2719842718963354,14.994349181688467,6.321591410680824,7.60443281765671,8.798605868014105,1.1326943019693276,3.97430031350739,13.741495249299769,29.03301316228605,-12.033934427447292
7.439371615597208,25.40716690080259,6.389887962988238,5.632131530480193,8.49609441404219,2.1492531107760624,6.627266697540387,19.916561704153064,11.990757411657256,-18.502939002023062
-14.24657879060183,22.11560738960555,15.097264098613222,-0.462753968374962,9.38006194659711,6.47624705087729,10.271888100110747,18.46152230839807,-12.428889831737179,-12.522161651129908
-11.578542673342916,6.560768432538744,25.80617337773936,0.043311428442023514,11.816617094418376,14.992504220067245,11.71217705942108,3.804694953737037,-17.522975652106037,12.801482117674606
7.459567586281368,7.389737074731014,28.367230714290166,9.70268521445158,10.583008751421525,17.482233013214703,0.6604870681930548,-5.67892725409633,-16.319550184432817,13.511998779040631
19.35373104240474,23.899561222967016,23.908032739072077,3.8560409383731087,6.835674119545166,13.272654853473961,-5.6288438976239155,1.8556108156039561,-15.08788526160733,1.2133188692040398
13.876083180877494,35.304760310453844,-8.220914190933849,-3.632954336969889,6.579580204879654,14.180450264041319,-3.8403770582664647,10.673389262994387,-11.906235039720709,-4.605608838936045
8.25183254329466,30.17378874662271,-13.122604484780632,14.625883096022456,16.66551671200333,11.104186761072622,0.4174047684481305,13.424709711228951,-10.778591703089228,-1.078417635060324
11.779355869204094,27.517952593632234,0.3241490190652317,18.291963543176884,25.025552091716843,-6.223631299001316,1.5859254473526707,14.561529006996812,-7.935125211763475,3.0248437206551886
19.90683883117639,28.161245514512537,5.592887056699026,17.178234355746994,10.79760935663256,-17.15002269842659,4.811477447822335,17.393075752631525,-5.386479517410129,4.764700087685749
28.64984040522548,24.086944450628806,-3.8594522502093085,16.696017016724884,-2.758020801715708,-16.140219169046166,-6.830773076256395,18.063902482774232,1.8264433357934153,6.151857064729357
29.224210124104232,-1.4213836415888865,-8.65505949946689,23.977664538564994,-4.005502493428511,-5.905291778612723,-14.915669902718546,6.4800557630088775,16.925401949246975,16.49232289837618
-11.808982909290087,-15.595704962742982,-16.036601557480342,17.545689651643162,5.107237289227353,-3.220912980607062,-12.340661704981079,-6.5650138077818845,15.724760413523661,29.026395205915556
-12.305334307867675,26.119502311735225,-2.8851282530468065,13.992904138224793,12.127512493188418,-11.436928094360743,-2.479172337339202,-11.131058702961685,0.8265508411603976,25.402339869890426
27.397078298984123,21.526981321456592,5.258150417185372,8.838784579004077,2.3755258474660956,-12.488431074491107,9.699408675034995,-6.945436162553131,-6.683660374828734,21.87009776475153
39.66833735484051,-6.861602537907322,-1.1427874873481056,9.617102407837903,-0.041513129041272384,-9.724865234360399,14.33787026666765,-1.835981089567059,-5.465836553041695,9.879134524254649
38.30709799269881,-3.7604818077749123,12.90932290555552,12.876457200106493,-6.722946171122224,-7.484968051053717,14.263314635240622,3.2347942331306228,-3.6875425074249284,3.1429735703169412
38.63555381169465,16.642354846758312,2.8977743918351395,5.624290200253373,-12.956829783649596,-6.959637996014788,10.153878985753666,6.883434248591602,-4.255243416754167,-1.19678851251705
34.760050246269806,9.809061174388864,-15.868982632045363,17.33243056088912,-8.087445799642872,-3.975956397409864,5.584522082299498,8.987071640896618,-6.795481318999509,-6.965309141603231
28.267603137122453,2.0608011117597127,-15.873271212080914,21.757418060138814,9.687477488820297,-2.2144822222895106,6.506895404761115,8.239206286029598,-11.725690871063787,-14.585891778749836
11.112598310095136,7.1724384165268535,-13.463731766559025,14.209472011760328,19.696094836402562,-7.288670618928212,10.715648975854128,5.863554763674751,-18.421146270274797,-21.780097922585323
-13.979111559327738,7.909363756608139,-5.274703087720961,8.889514098092858,23.54618919917858,-1.5144706585525938,17.00836616609403,-2.79124779558682,-19.11350884279245,-13.896244271823926
-19.757134703072865,1.9055264907137694,3.4160887779973605,10.498991059434738,26.146787158283388,8.187984975269039,10.799908465302323,-13.960563437057386,-6.394014134146469,-5.090294600871219
-16.886874548578266,-3.2527410733350584,3.5486063416538367,17.82933992797959,26.657423737305745,-2.423548991113887,3.009612693744015,-13.513536819730787,1.8242626444040275,-2.2997274741254348
-13.369135890378672,-3.41772839426039,-0.8437104227497566,20.901716438634967,17.510744808311347,-11.73188271081864,17.948321407192488,-2.9438440482905572,8.49049715594438,-1.8944780745993017
-9.33202539626033,-2.1497335828518147,-3.0691529442496543,19.87515024722245,10.612773929255198,-8.437518452621688,22.164737751397666,16.59397053356369,-0.050066724401437,-5.328514950051818
-5.502888010242143,1.0657985871867464,-2.4490902556632053,19.415312441260138,8.342646048230213,-5.7588228907923735,20.272148981308245,15.162053286144195,-16.208749874164006,8.675760667889982
10.463519233440941,1.3017846844417977,1.4300772771834362,20.41853744196064,6.099833782022149,-3.1156971322267997,20.70962203324603,3.74476921551005,-16.42893133760492,16.705643546462763
19.5968968396755,-3.567455988614249,3.061081348496088,21.692269986076877,3.100382229760421,-1.0056665874773973,22.16834229459551,-7.655513756074356,-11.77907644897492,4.844807383957968
20.932777986189972,2.6391355496109505,4.874803794081305,23.484274482879965,0.9896665978874618,1.0247616881386876,22.88915662685654,-11.257914641471379,2.452732827832523,-1.1319652420299562
20.855233492847223,5.771826417477794,7.219585454637605,22.403145539769657,-1.6544807499375813,3.0044931756013287,23.179455609935815,-2.022287404091669,11.430989491140087,11.508641907746037
13.77031909295227,-0.785476211428372,8.92281077834538,21.14406203740608,-4.25134361135269,4.315116206562541,25.414879927720143,9.523895735411154,11.84054411658659,21.335215273830617
1.3742202321985726,-3.0564841913639107,8.59755155889711,20.95223672281951,-6.513645677672559,4.408054820333104,30.51133544378777,19.169335271317202,8.014190868203567,18.785160418592863
0.5673554663669863,-0.8161416662726472,8.123175818581071,19.47898717709587,-9.110955149613734,1.1701558986261245,35.13285819231904,17.03471036014641,-5.69614186897211,18.49855082101747
11.076138907950417,-1.9295131733301512,9.26675123843646,15.709409574325486,-16.492411926417386,-7.045697832964388,32.667554265682625,6.4550503153738195,-11.02011046172404,21.517703699575446
18.637272893810263,-7.198510557210103,11.55728958392125,8.49587004379017,-27.113457926894124,-17.982921464131806,14.050442527248427,9.505983220229199,-10.5123063830174,17.62884238809067
18.197921755043378,-6.186830873928522,19.111874811002405,-5.937787766034605,-26.998515242553623,-9.570011143105951,-14.692791005193655,9.555721530679822,1.7367488314261383,16.42114043501043
8.550783515228991,-1.205249944832442,24.901891979205573,-18.887351273607333,-5.397933204576244,-2.796698481268164,-18.46045340852763,-0.6631022364177003,11.654244923339308,21.32394059752778
0.3266512550842188,1.2788157847090946,25.72721168312224,-6.807925943880392,16.653644123682053,-2.146713589351991,-14.559324316994063,-7.194877196226861,3.53971381231,25.89078724582615
8.23829377339223,3.2220266825416832,26.49373917484727,13.556347941440498,10.152437230505706,-11.456413044808013,-4.764748817556717,-6.9308499111902675,-7.673389463184483,24.85169390383367
25.571234137250006,11.21106193737061,24.986822319156897,4.268959903320993,-10.749898521252042,-8.549993834168351,-0.1809397405109472,-4.7597671281928084,-11.562733368508134,13.764506976341423
32.224316319602295,21.78138737210267,-8.58852756262691,-7.941394287463479,-4.715763148613778,-8.062059508981976,0.22732565576696084,-2.5767049986635806,-10.503515631261676,-4.205191026712038
21.603080953216914,8.464887808255115,-26.328039766607215,12.211530524871119,1.0381075454129662,-5.755240912241892,1.293587232227705,-0.6630695422597362,-7.091086554328827,-14.087330628315163
14.72398883716995,1.4112889974464145,-24.313400861102174,8.368365141276797,14.588667485236813,-6.965568334565841,5.7336385301656305,1.231352783316083,-5.320295829206013,-16.808875862590146
11.40687104009378,-0.7267282129170537,-21.078190846218103,-8.427742357185375,15.343825879557569,2.587289160501257,10.118938418924783,2.255317540343965,-5.906849103358117,-16.57391835426834
8.612388542884817,-0.11155516602770335,-17.62626633184905,-14.335806326869406,-1.500188847140826,12.334615277561424,8.563637430981965,-2.2790067932103057,-4.151627768982372,-16.68715049911369
9.049384220310392,1.6459566150170615,-15.516876669989456,-4.204255779732493,-12.349415311472693,5.811894244850924,12.087625856542095,-5.287773496815547,3.424700380827988,-14.1325034999306
12.94493591291576,1.6276315306680522,-13.471457799922234,7.504677381396147,-8.492587934707895,1.138225151051626,14.706874125276027,-0.08638858053095076,9.02233417292079,-6.800675866147421
15.607250158077537,-3.4412253725897064,-10.44919712478974,11.167595523575958,0.25695660826861766,1.8254548518516367,16.209625095457568,7.551494688501882,7.240229690831025,0.28300040636317114
15.607873768519639,-9.824526532779624,-6.171422541704651,8.071084156745453,8.098815706515582,5.311152250333205,17.95996339176993,10.252317388357518,2.1184686543303304,3.784505003166349
14.231560545890227,-12.81692781151922,0.7429215944848083,6.844364990294776,13.518633756813351,13.503642283111693,17.217699606788408,3.408677669641798,-1.08594475150002,5.34520229206792
11.725290993468343,-12.00441024160316,4.727531356873411,13.285223659177925,20.753099886909002,15.946703477165133,4.0404111182325835,-4.289517024439383,0.6719387613991383,6.9845071078803205
8.242489709707261,-11.127268032897788,2.5529860141442913,21.4636873417405,23.066529879086847,-5.39057743108317,-2.8868344912701085,-2.1356075695460985,1.1608859304346586,9.229870879079751
3.2636160700857446,-12.097627780777856,-5.148285389261979,21.431750136956197,9.55069275013194,-19.03632479795717,9.857443347631168,3.7525926416493016,2.894922889805972,11.184414115254166
-3.0333898789318567,-8.991127325248653,-12.719716990709173,15.76711116685243,1.6947296583008458,-18.45783669200639,5.815764788176453,16.265278450045443,5.450827443698133,10.41938240237096
-5.525390820312614,-1.6456348806516063,-15.319992369050565,12.106511343010823,1.6138722670187908,-16.39196825239916,-6.211330890164233,16.436453690456457,13.30762472523448,1.3885316165714323
-0.4586960652682975,2.4486948362104686,-11.995398440486252,12.431639901655334,2.255603864484134,-15.880972221972648,-10.420901561615958,2.8816671335984485,17.6501045322107,-7.310894511203604
4.987543682505016,3.1732419429221084,-7.614901279780926,14.607252353585476,0.44303541230237653,-14.50389263915688,-4.227510524677382,-8.225044049174825,17.82964086655918,0.8811904368376619
1.4620437971898639,2.7603367512131958,-4.07978008901226,16.964891852375363,-3.2000273724613364,-10.90956011379061,2.400031236138304,-6.843330995318348,15.822567697382617,12.917938350543585
-4.526821058896203,5.89760610153108,2.0729450483444034,18.611350427886673,-7.128150072579118,-4.769431280894303,3.923979208031935,-0.6494406620916322,15.097966272265703,15.645577386465398
-7.725207067778589,9.332226858674073,13.195262663191741,13.085583323496968,-11.430739334672518,2.86703822954611,5.595217890022469,4.912510854406299,17.067824188977248,10.002662530031493
-7.287344503167575,5.960469756634659,19.843786725987858,-2.891332563332823,-11.932777378936208,2.676957250011632,11.077902279320805,11.770570505392817,15.936965664198294,-2.033652030119585
-3.008694949748448,1.0028997917852744,20.5398693241962,-10.842725623645224,-0.6238429517561042,-2.1212543421861083,12.035053065531551,19.435706994439645,1.498342612074406,-9.87497004690428
-2.454216159372524,-0.3522610182615671,21.370622488602415,-2.97677009149091,9.335767877456002,4.975347243908571,13.572985027394147,15.353612254833676,-13.697956632250772,-0.2035424712707739
3.5671645394701166,1.1498621874205033,22.349651951553422,9.66154278795678,8.853484491848793,11.847361885388398,13.402866002374825,-0.32627877078817064,-15.276795838844029,7.539859304497465
9.227837659471337,9.726354855976426,24.41258373523687,12.78554495762053,3.5874379587620844,12.722287177944118,6.803994655888173,-11.696225479592064,-10.54025574263505,0.49203819877065635
6.994069334258207,22.97777307681099,22.339312280670196,-3.2764832408857654,1.8915300728212834,13.714185913237941,-1.05976167692435,-12.133014145270497,-4.461856734548925,-5.314549606926745
0.8998344913247772,27.840318826102436,3.1902043412083256,-16.363435938548633,2.004048501166214,15.957757932976673,-7.807825328033189,-5.479084644651578,-1.592798528697564,-5.120429042486142
-2.91611934144769,28.663325571748615,-10.068790988539483,-4.510958903359277,-8.538357362933944,16.502299413431732,-3.063488838432935,2.5073010772333246,0.18266616040830075,-2.8143203176211067
-3.5391420349245455,29.95363505295256,2.544500357396512,7.072371844445013,-2.8685391333608967,17.97524214204684,7.019480131494137,2.3594707304973337,1.1822105154023816,-1.0817782378650351
-1.648079851663712,29.102659387878294,11.953237163211686,-4.173086702075858,0.6898791983729033,19.33891736562268,8.93789681851202,-2.6725012869191813,3.102460454553716,0.7933839242107076
3.0116262481493177,29.351120896178074,-0.9411972998293257,-12.136719183257169,-3.976468519693353,19.5122326605241,6.52207393488085,-5.9989043946015,6.1593220495619905,3.961144141828228
11.269127094563425,23.8533507133851,-14.54049761161765,6.439684869866675,-6.755954449721055,16.543541710641787,8.303053268525202,-7.560119863692956,7.766826329786661,10.604935153557333
17.01824437595958,2.2873793493124417,-13.12032634132434,15.533343283593302,16.291970591233614,14.498246851294539,0.4516366236630519,-7.801351654310183,5.635045843189253,20.612219845996883
5.2422938175358205,-16.673800348760864,-8.209402318921676,-0.13141458784868654,26.240338219106466,0.6456992545772997,-7.471400664366271,-4.583783361914422,-0.6770524224536476,23.88500677733319
-7.85909870333974,-10.759134107103051,-3.1177491244705835,-8.930972180160952,25.550549401066085,1.7453191245158912,-5.4370020710519995,-1.605882561030171,-3.4211121987917252,24.635892279046416
-6.676818062179578,3.1066176211015213,-1.0647066693970442,-9.390822806940642,22.820560050445653,7.352853733415859,-8.562415111529639,2.8417099466863713,-0.37396885190789875,26.599260919598663
-1.4738556149557231,9.435809697403682,-0.6324917571258325,-7.590124135648851,20.308579628065903,6.543620842926425,-12.263891450169641,6.106656236223238,10.607596750704696,25.469814150622103
-4.430872958977485,13.981946732360338,-0.7565738984370588,-5.608935040716905,19.677731487643808,1.9502740333577324,-12.937773264565891,0.482662989733308,19.1016465973607,21.253811590643636
-2.453246531783824,19.554033265422994,1.1558536059904467,-3.4396128300529183,20.72281515808918,-3.3195329916533085,-9.493066743790207,-8.27835096274923,13.589880148648167,21.675364431718176
13.198196886548883,14.459793033991891,-3.1753898940308702,-1.319067153460807,22.279952661284515,-3.886271004230126,-0.5226752606720582,-9.041982653757103,1.5686511802061183,26.570745488770992
19.697486736497066,-12.690164639526872,-1.0708594352345109,-3.9107965532676934,22.42596849499759,3.4002012984600833,2.9284533464252758,-7.130824262666233,-5.976414902815255,23.859238261833074
10.877252374573343,-20.357743661025395,11.808385956425782,12.983971420585188,22.12653166910041,2.5972057315677066,-2.321198460443861,-4.835947854818458,-9.598390861620437,16.36849568647682
5.124433652505064,-20.00354226216658,-1.4438542347912167,27.24977423638032,8.55750188741616,-13.181744082005318,4.335386213491043,-1.8985292716604927,-9.492461371622868,12.471402761735778
-0.12215785840721716,-19.50112123862385,-18.857905033547905,14.515683160745224,5.324486604051306,-14.575312811439307,9.575982578504103,2.167931158107466,-7.247110972205602,12.578663258565452
-5.554492839190808,-11.492100525188366,-20.54840260262368,-8.6490888056444,7.241801592754662,-8.546587413149473,12.561609387746842,7.795389970477187,-4.1959935870353,15.986659042854923
-5.602681033780377,1.5522892560707036,-16.515049711303462,-14.62964767562336,-0.5092600582481965,-1.3698901094684468,13.308346704662775,10.643973391325877,0.04403818115264893,18.51485295217922
-0.42898349026381893,8.351678417534687,-15.474393209033627,-4.765795301894248,-5.523525354817622,-3.36149630838541,12.596846586243755,14.92460756980415,5.326273638619446,17.8405898995908
2.098415770355446,8.411178749303177,-12.408577782934563,6.905306483261713,-2.650509350066085,-3.4571700799702727,9.851978699676062,22.814126329628042,10.463537822722758,11.807409502995197
3.156108128002383,8.068726629715325,-6.927537680987101,12.380863000836564,2.909826809022464,-1.7089939021039269,7.908387653769396,29.06208045359153,8.759251787199757,0.7146315856545269
4.430238025377528,9.20611759498444,-0.7772632824753809,14.42671769138636,6.558595721885729,-1.0699854582448147,8.065028668506324,30.991001152181475,-3.7609310582546818,-0.8143974546336794
9.981882025011906,10.170858422764148,5.39469716316493,15.283478900281882,5.414099289401659,-1.124888383984606,8.442373118472998,29.256058339444238,-7.616733839225214,9.304104244872134
19.194557956378777,7.344930493224272,7.248546437106642,14.543692405623743,1.6040530004956348,-0.3061450910172347,8.76664429993738,28.307473199959183,0.09356166315034072,13.8393404012716
20.259082304387416,2.2533778672985227,7.440911237482111,14.23840807760802,-1.0766980880795447,1.4718797432356696,11.635140346322009,30.908654036977232,7.770126566875131,13.48237730120023
17.7599703573439,0.7890759621147084,8.795505255209024,14.36533493953414,-2.838663122477201,3.5552559091306364,17.380638143755455,34.3194487286869,4.965692599082331,9.608240999393127
20.894457757486563,1.9847739339862176,10.063510155949249,12.980760086267312,-4.575511040244401,3.8545520059974105,25.49805301599533,26.939327016448324,-11.278544380755724,12.448292237295313
31.088686273254208,3.859501322446173,9.973588471757813,10.608646046511698,-6.509551877160137,1.2094797277180425,29.278405836426906,1.091530426098478,-19.742990283705073,2.698206237104679
18.449860748704424,25.721294570813303,-0.9598117495133432,7.241805332328635,-7.282590127533065,-4.478702397325103,30.042358004431666,-11.719294918413402,1.6296812361002635,-16.227154625534652
6.903162241551666,31.967019133835986,-0.2483785668574359,13.98355382600663,-7.378803106471897,-8.800210286575972,27.84563959917941,12.43624735230431,5.268214735018713,-9.124329119283047
-2.495934056784906,32.77335062981122,14.316080768379152,-1.977498664332937,-11.794063314773338,-13.023552433307188,14.149295736823776,18.5437386316828,-16.610842665821295,0.42111624662743047
18.64282993519668,28.68349245570772,-11.161907068478722,-11.828691712633926,1.1856711965506876,-14.48405292539697,-1.4756378919882718,18.75797910997825,-11.285184810101002,12.950164771151139
25.867716379721447,-15.7925411050889,-21.046772180746697,-4.002382121314073,1.8684828655374761,-12.175220315182353,-10.2292193623131,15.724279877518837,8.147473454662405,14.12993637866001
-7.880127306272547,-28.00837819611792,5.924733472712614,-7.125969315523119,6.708374879073981,-10.08476174336433,-10.791571027320373,1.2812553180806616,21.700236735676434,15.580367483255833
