T0,T1,T2,T3,T4,T5,T6,T7,T8,T9
-25.204969278533934,2.8971847052391406,-10.541040319087262,0.6573345972873478,19.418731510283816,28.119710358208735,10.943081133029887,4.919412557807813,14.999236748910647,3.956469829594151
-20.01621507202736,5.056337787351755,-0.23915467287146394,-0.6035331362623093,19.312685669828046,29.29082439641172,-10.257551503003057,6.745030182042001,15.052789987638867,-14.661081520521359
0.2756002531576521,-4.878679276668018,1.5054296408061334,2.4679748206586747,20.77108833915438,14.251408680700406,-17.794842901912862,14.38100078570596,12.427894516841702,-27.583205001127947
12.859080014856213,10.967127603479808,2.3443104487451962,6.514288312588362,21.591615433132056,-7.803924464616498,-16.031767691861585,10.5177781499647,6.706272871709385,-26.6440227298939
-0.9186954810074753,21.979582375009596,5.5616727892787186,8.08830835720576,15.10517884109441,-21.947065021925855,-1.9068502618413816,2.088819379654735,4.945543894394899,-22.96685307782116
-13.394979072805084,7.7942211316651475,19.268133017769,5.459878658811612,4.85525448059781,-21.089881239904788,5.794220710580567,8.371039843821972,0.6574398679694368,-21.959809857081126
-10.88021091097184,-15.203023813308658,14.815428203670153,11.092389199538522,-7.313068932699992,-17.069902716816237,-3.187561561017787,12.148017336936297,-8.635793997141423,-13.49305293233857
-4.865841073447441,-18.408438739769366,-2.3862755516913365,14.257798613860514,-14.858444156971759,0.3564027456904662,-12.326695577055247,13.303157624692457,-5.186625731976611,-3.1654367790518947
-1.8159932953443643,-14.572765474212558,-13.997771197432726,11.870619331228253,-0.7786850877756478,12.261214316859093,-0.3051570743891169,17.696312542298184,1.787836368395451,-0.12019506113549014
0.16959413685193578,-11.305731661642623,-15.818025958998184,-1.271386420653852,9.36111868316664,14.312795026401457,8.702752205281778,15.900268057929736,-0.31057114734427765,0.8015456820694179
1.424288846872468,-9.343932903076135,-9.59166963133509,-9.664257394115433,0.9960070293574523,20.515344532012453,14.66125167392565,5.54939918820498,-3.5002130641116214,3.7850463085602786
1.647801722529199,-7.764378599211822,-2.552115969621603,-8.681484225876122,-8.93595193404627,15.535112312780246,17.491876786672183,-10.455700065663697,0.5885287994110137,5.195283935611699
-0.5841052106672793,-5.67199493287385,2.4219669530021126,-6.454506714815157,-10.08813156630606,4.470387635353405,17.430293595732433,-12.048274456495847,8.55635881163434,10.127053473366985
-7.778213508034434,-1.9256682709375956,4.554894623716291,-4.948290370548806,-6.679096449320712,-3.6256258269247814,18.22030474802447,-0.09677705653010782,12.121050709695334,12.912821296484742
-10.44520192900606,1.938277387723193,6.58669142137198,-3.9343974452471504,-1.9109956840739493,-6.294297249988036,15.99123261294872,16.411688634451153,9.697854131011201,4.039486538884889
-8.383852708115224,0.48548573064381206,8.694132386732878,-2.3733300963612685,2.1546518293080377,-3.756503153180449,11.615566393902228,23.927691252185063,-2.2913368999353207,0.08626181044999552
-4.255399391678686,0.8064423280545144,10.357667057649662,1.3942263497458809,4.699383533548124,0.44805276958559326,11.171119300788757,22.660432102395866,-7.172062425417222,10.643992879545745
2.8579345326185064,2.7454886183927827,12.026901039979212,4.90577421870083,4.979617342547889,4.496374479125259,14.491176855561436,18.674505265210723,-2.779074600576813,17.505648789101137
7.798324878429663,2.814983528219237,13.567984853899803,7.72642688907292,4.711546048938884,8.475908883417645,19.255184986145164,14.12203647050678,0.8780228348815228,19.11341410174861
10.306106185430629,2.3626555788244157,14.692281096241807,10.766788892677662,5.119928994690044,12.932123152287973,22.868804016895528,5.6334207537817065,2.053461092494723,19.99597126306978
10.483294908397172,1.1416207448390345,16.123043693803975,15.381670421024095,6.528653021700206,16.752750008174914,19.246979778159115,-5.853956409080578,3.618611141273877,22.748360822144104
9.465326401401837,-0.5623235497068837,17.23542907876533,22.494412658927153,8.243257508219662,15.538410402921956,5.854282049634326,-12.622955228188692,-0.8580449272846298,25.780896838359418
16.329601940780943,-2.0408640193617438,17.341724980241725,30.335521409480794,2.6640312825972883,9.095065182891565,-3.7255087901937065,-9.8290459395311,-12.261526920058959,18.54118954188385
24.161093399326454,9.071583452633863,18.704219497891454,26.809913536431843,-6.151060152348697,14.645198944965628,-3.1958922725074816,-2.7534071742116506,-14.318911829491439,0.5741332555940117
12.47342013626598,34.68304063200785,13.443100819434187,3.468748693983413,-4.308642829515648,20.54427478243641,3.6096947517500646,-0.871433658409701,-11.51099182274905,-11.4857835749894
-12.635446519855499,34.87192005527971,6.566403399041699,-11.451505210027566,-5.6081093636752355,19.134311977052576,5.957626643469269,-6.356916589305717,-6.087030862642362,-10.678848194318702
-22.650777596598076,18.691785630797977,10.407910548035437,-23.93618552654493,-8.706393635647217,10.67918235818863,7.18633811303094,-9.651454704721738,2.5448009110443355,-7.613290675685698
-20.338214871379872,0.3740270139255797,10.063913464802555,-28.265744132716755,-0.5508353282305676,3.108950869872731,7.973132825966048,-6.850723320433568,11.044309046014774,-9.555145326298842
-4.3699866636138145,-13.243635587505608,15.62296953060376,-17.40120147262871,8.17833436985448,11.452532005442283,6.554637506555346,-1.6302211230465002,16.066830932221713,-13.394068150817768
12.195719741099055,-2.7895977398243517,22.52748340397505,4.888138500695702,10.949340392321925,17.385980023435017,0.6103594973182085,0.9235519111790008,17.761192369176555,-6.029727673235092
14.130178493388152,14.330400501448649,22.19648932761449,10.60010064322789,8.784097547178906,12.765501468700934,-3.8936057251338396,2.226189800017634,19.065030613760552,7.115659677538492
13.880187948882185,19.7733949396515,16.287913864574737,1.6936297752465042,7.071565890718437,9.959313573455528,-4.8247153133587695,1.8351574815975267,21.859272464627693,20.537478934305437
5.52959608089446,12.70561484958824,7.673636413148707,-1.499386224847569,8.914414350755457,9.783800564944094,-5.775169656275588,0.22101146730973636,24.635151610208112,32.78258257945384
-10.133841845228133,18.203464074013212,11.172964418219262,-1.236465501638857,10.24078564874619,8.464729626140072,-8.263399603408377,-2.9836403487701983,23.41683120833955,30.435857103870994
-4.8640759695421645,24.415291393195936,17.98658166548242,-7.457106303359168,13.430578634871345,6.580292437311694,-12.030415733163222,-6.6482445798780345,15.108385658679081,26.578344824041274
19.119078333572126,17.834978297681236,1.238056837482572,-10.264484651047015,17.239206350638803,4.877218182626628,-16.117513328471713,-5.9175143151071685,1.735217360932594,31.430287400174343
20.39889828875547,-19.81807153162079,6.407721374910672,-8.233655454541406,16.0847688580216,1.4471958241166947,-16.15564443559609,0.3324299563358168,-2.7599941146822244,29.455496265119123
-10.935940123879709,-21.286171591197373,7.668999554545319,18.525573034129646,11.16217582116325,-11.29326465306159,-10.880404835945921,-0.022515381624479497,2.042842129326785,29.125548133355
-19.286070447604995,11.821238974517193,-1.3570286107650615,20.344329513891065,0.009745885849514607,-15.568866267152188,-3.395091685855033,-3.300747081259117,0.3370388843188836,28.175445462947273
11.43795376402971,20.112377059015397,17.9793186583029,3.8620305807177395,-14.812174315109463,-6.9923060266171975,-3.588754992900384,-2.525303096714268,-2.4360111646406586,28.507177612693173
33.28312924491301,-1.2842216160867552,3.994357714819516,-8.103458361884698,-8.879295066209993,-4.9284312505341,-4.0798821291468315,-0.930261914422182,-3.22855794043703,25.061806018691048
23.68838466091412,-14.108369422023662,24.64350994572345,-0.06627190186130459,-2.5468888287155185,-3.5185218066383284,-3.2118146105916177,0.6044924650906628,-1.2980593674683456,21.976843824607272
13.175370579398436,-5.650063400967176,31.824606173279363,8.381358359468226,-10.134739491408844,0.8510761347604883,-1.5304389597651213,2.468920834332622,2.2894901670558854,23.07433832763747
6.070524893741953,0.4075573843323611,32.62140588897395,-6.077120750007478,-10.595900333569878,3.6511917827396903,3.003508140651124,4.331214635595684,7.706504906864835,25.149313527026624
-3.640793721277754,3.00307526315927,31.728632583588315,-10.81817212559575,6.928867351555495,4.343334553135689,6.105923298079252,8.039317962172566,15.135349463969753,23.108135813391492
-13.780095587204773,-3.2657567657733955,31.890536550564878,7.864033503606235,12.20480202417792,11.217421129974083,7.235491034616176,12.986505073023809,20.78708308425744,5.222875167031493
-2.17662782375317,-16.844856629805626,13.770816945524686,31.410100870921518,0.5779095408924105,10.435460831487509,13.491737953554907,17.047850379543622,8.869870365386392,-14.406085998622194
8.418830004959892,-10.761256040383751,-5.380836416991806,33.54341743479872,14.42078551250747,7.568203126740996,19.113713510559833,7.626652783424981,-10.60094154715652,-12.290129628283113
8.369221983099624,-7.076058114619313,-11.448200452163531,18.423778972148234,31.91409161013965,-0.886371286485067,18.255018348006402,-3.5414166341455027,-9.832853484233276,-13.967167262334193
10.425404914364961,-2.9840707376990103,-9.222608173808458,-1.5307688300070565,37.35151459881223,15.165856186794901,6.8060033351110745,-8.929078727272229,1.869505508167954,-14.146495289514382
14.662864066046758,1.353904121133915,-6.4068855740930415,-12.1336966247441,28.698941542302226,12.087662984939936,-24.142185557206282,-0.6471035290119096,5.195243260305326,-7.408852105177948
16.834133558406602,1.3935388027961946,-6.905525401812683,-16.817480136742148,21.46154862682281,-1.5363271597685735,-26.83166938288091,-1.601732261372876,7.5123981566692475,-0.059293961392393596
16.607546970442243,-4.575880791513006,-1.8077187658168086,-19.357715111436256,21.350779935055584,-3.966045523401034,-18.484706152409444,-9.706986716491668,0.646730073375728,7.302763357785911
16.928159732465932,-4.383307823834825,9.029221892981502,-11.081741633350752,26.329033257113903,-0.16546727745451004,-12.932018291356952,-6.302225774632444,-6.416849621794074,4.485917965871854
18.459368794245883,5.843786517493502,11.02825357807005,6.39836739662667,27.612188528238804,-9.243552204258727,-5.006329287943003,-1.8845707940890668,-6.5012603239546145,-0.8365813498564265
17.014370102238228,18.64426973272834,8.66159673101885,13.136593238081634,15.833725421841,-14.787385649154693,12.051791304560368,2.469556256442546,-4.286550979853148,-3.819897937855185
12.354373765147592,27.79519745490142,6.42178227435881,9.212711939053955,5.3684529743380285,-10.827048490046318,15.886875254550596,9.569756175241418,-8.398027844567077,-3.848802203787864
7.7312636832991695,32.71336383315319,3.3768010561743007,4.375388888415672,2.2925052813936304,-6.980015661722015,14.203346385851683,9.10149360554118,-14.38003212399893,-1.4089776048620375
7.843635076615394,33.3139809032536,-1.0421175163786451,4.492578251742398,3.1409487300160905,-3.7496089021499266,14.358003435797158,3.362004333606792,-16.391627908684267,-0.4181545959582175
4.203711784648964,33.977325534171584,0.35041212072940864,8.149674112090066,4.655188613308638,0.10219600127851258,15.823722019200169,-4.764555278965643,-13.104069362080558,-4.123133734445647
-4.45324166791854,33.682130477489935,12.601047407394821,0.7250222170354926,5.450977666719809,4.541818887896685,15.564119599218776,-10.35945260831587,-1.8574137913502968,-5.229401536806591
-7.56943063082991,28.054750258951433,13.234222807183771,-14.202085767323501,8.799939704908663,13.45760220745814,9.147860126718335,-10.803530280275838,9.223453731157651,-2.301648954489948
-5.513150302406397,25.69436729665063,1.1924503603519792,-18.632747329496556,0.8763939726923313,21.37406236869067,-3.871524590002131,-8.736108879900305,12.196648940065822,1.7197268813895725
-0.8177934478634381,27.647465873863894,-10.651086153728604,-4.985544053510412,-14.41985709954685,19.060682362348178,-0.5584398125811578,-4.568170581856189,11.106988544828303,5.251234737596918
7.065167617170584,25.822948807366704,-4.102763286404544,13.829048098367219,-3.7900410647426024,20.42441662332692,7.712096248920418,-4.29948399676793,12.03136821027612,11.077884102987472
16.713143930664156,16.513055916435523,1.9333017295843826,15.902317606618455,13.483793129178126,17.996699652791257,-0.14879509634795526,-4.451925294969368,10.700793715561051,21.96543760369643
14.016193830562807,-3.6544384907966436,3.042605027995047,18.633372883752333,20.41206290721629,-1.7141986752416185,-7.716692130241203,-2.750284004217964,7.287633219419895,31.902985182615932
-6.750550464569864,-6.616669545807791,-2.0752338604429266,21.54982180583029,8.220555017876881,-17.515876695637715,4.149905377106331,-1.6979244922371364,3.715949463594263,34.28783254713325
-8.09576164655854,11.417896598372229,4.717089969091692,21.502755541531837,-7.266909973100188,-14.97728471760272,4.4892712137913575,6.90929698548977,8.620642748214745,31.377876593793744
-5.150293704214685,17.074205150958587,20.622865895141608,0.15790823775913126,-20.03124279627474,-2.588790209006102,-2.9280960352138097,8.37834473587518,21.34661200086258,21.371597315650288
-8.203444548333708,16.334528879982244,14.605749693972792,-25.684313941344563,-0.01911208559847008,-5.41220149452852,-3.8858989906782604,4.863387059580993,28.37088182725225,5.064084325469984
-4.0895467702277895,13.956166402164339,1.5713331959788144,-25.48434861500018,12.433564593186437,7.530121675692868,-2.433359244594546,2.5159269616406092,29.131596401267466,-7.562451303457896
4.433502377597434,14.810801261319275,-12.95777231250005,-18.6329661520443,-6.058123150542998,14.056433736376656,-1.4097605602647287,2.003164682526831,29.113247343278168,-7.887802950964513
9.172081731233952,10.929029799895012,-19.71735576423871,6.966777102490816,-12.609895132501315,9.600010242094045,9.25302022344971,7.249180983274066,28.043338195586397,-0.6712718198204031
11.31002983682545,4.050430739929043,-15.549095184890623,17.64123662307751,9.682862558282077,11.02287764104919,18.38452616496993,18.272981765734237,18.767532463961505,-1.9868138881034734
13.612279768106458,-0.8934418752589335,-12.509085183268738,6.2713594758254425,28.40642593629147,19.478285699384497,17.314432969406678,14.416901712503984,-0.9276218034290619,-3.120158406282374
14.826879788474082,-4.296526914516412,-7.590273686382703,-8.235376517361518,25.412012247717186,30.833747673819374,-8.429823710858027,9.130508792121418,-2.7486601923444924,-1.8575151498402138
16.43122484066614,-3.860422855849715,0.4607795139341082,-10.08123274014865,9.439603195403317,30.535935510871376,-4.29573714736647,25.488445356348315,7.934741001094619,-0.7376384799637269
17.81313030683175,1.7174966358816532,4.060063182057813,-7.014842800068177,-1.2290134150628222,33.33350461934513,25.71220096976395,8.635233991860844,-1.870442880506084,-0.5981317479811857
18.587471046864536,5.356079604290854,0.5116500063157002,-5.8367829929261,-7.900868730109892,26.632929549196064,17.106823071889355,-24.641571151283024,11.524593305831528,7.0295633304671625
11.394269403875382,-7.008477825928553,2.232415229140424,-3.8107164890181284,-11.119415285375132,21.445876945364525,-0.6137965555344032,-26.242389452198328,-3.190757793020179,26.294562300661735
15.648911521720107,-9.360641045804387,12.029159076922678,-1.63967643387003,-10.865934341308648,24.31102361678621,-8.498341106266261,-10.571887159977482,-23.790064636141743,1.3311085884653624
6.790247600740262,6.958366283972634,14.551211202339918,-5.920617648342781,-9.700132861044185,25.554899797709027,3.482287236259399,0.6609779524217743,-21.407340351791415,-14.155944681568275
-10.310831369255997,5.350724102806409,12.4298167343668,-15.915367678445271,-11.752865962479406,16.077455943910678,10.641813505416305,-13.24074507144475,-11.186347654882907,-14.340776030403347
-7.917530388644591,-7.087700450959497,14.684770634161184,-18.229174126816297,-5.435287761891415,3.8297551289298113,9.723151841435893,-15.625851389480966,9.44044283912802,-11.653018803254547
2.5053599906660304,-7.233954754051678,20.391913499336933,-7.578730884036851,5.755131496140949,5.7560937494590725,9.019074843285376,-7.154644453521233,20.76095192564214,-1.2376287141726607
-0.1821784296307657,-3.1814857894175654,21.953031242303965,7.680012948410371,7.414908366668927,9.910161808851981,6.201494647572056,0.08193638024677571,22.514481884939354,5.96075399628818
-3.832623596324169,-3.0068447296836927,20.743111733611617,17.40836972907878,1.9028044418244898,9.919007398473175,7.185939834389316,6.271898515306822,23.038908048969272,1.132276502709275
2.4928187698325557,-2.6517771852396836,18.228915848411,20.18334494100064,-4.241683443651966,12.170317979171507,14.938659927003615,12.787812247607894,16.896381068103366,-8.16697046326741
7.1535991102759215,7.701630922507697,19.79524938311671,13.75452179182004,-7.3967533099480915,12.32120165870653,27.39992370128844,8.39888491707434,-0.31845927411909136,-8.973135478262366
3.2141376962704977,16.69823416535997,19.864729622052433,-5.794474260733908,-7.028254974244473,3.3791430599538583,32.184688134628864,-5.18187103784995,1.3177473179135293,-6.866525884032222
1.5254415338602556,19.780871157093905,6.400646505922602,-18.04882490319775,3.556556024494189,2.246950030613424,32.5483833372061,4.192600445522364,5.70685908911927,-4.089304878494486
0.7895610092818129,21.05607602367256,-9.737000989019297,-12.70085926433919,-1.9095470011008828,9.466402838439608,33.17915165879695,-1.2175688536891984,1.8379160072801675,-2.4393150394479037
2.0102107980542727,21.13507059069528,-12.144593352818276,5.492519419838609,-3.5336548415937497,3.6746257037192938,33.89081440930913,-0.7623432074901333,8.714991273667412,0.96012397519332
5.1832273514681155,20.611173660230257,-1.5940137337085933,14.8839445442604,4.347760071783118,5.4289232695743035,34.80624896975822,7.005198330898138,3.326548114316913,2.7310299326595
10.426235631630016,22.141925513946376,7.746087505761592,13.740258553493945,10.207106189483268,13.965409138325718,32.24801076066421,-5.530163851468377,1.7894758699290159,4.562486347427267
18.115156838910554,22.27964478406494,7.272242658310261,10.934446516873454,17.36861013007982,21.489161421838208,8.384287318203729,-16.007819530303802,9.9503478995274,16.170723227975195
30.824453878122515,0.5555968274489249,1.573250699760344,13.045139821092151,24.551722202220176,2.400472087152792,-15.309734977938376,-9.59718526556626,-6.64662565783744,21.757593581707326
33.38934249529015,-8.451821230433051,9.551997318461764,21.62617873368551,10.671105067423715,-21.11378212484178,1.7911587431931082,-6.164726146490105,-12.085589955801648,1.3300701328200448
26.515678500427253,21.380926051639936,8.618588058957464,16.66222713274646,-19.691822393769495,-13.7813047907849,2.658868799542477,-1.4784343151762198,-7.577908726231837,-13.872642686399704
-1.925152143532081,35.82584799384453,6.3754728895052,3.639770883585404,-23.272153673994737,0.748297563482863,-1.6789511019862995,0.8926569705428425,-4.985077485553161,-15.480964115200008
-21.72614223955968,18.769172126286602,15.281977332919084,-22.620733971058666,-12.794504113873513,-4.798321692418975,0.4600472719809968,2.6845533637678898,-4.088146416378595,-9.702691553979708
-22.375273411264693,-3.9416173593306634,15.58056856414871,-22.874713135970985,16.131807478565367,0.6366542051746018,1.5348308866782003,4.712755242412409,-3.145877063274215,-2.5117374520497737
-19.81384682472966,-16.306532031144627,9.907166158537468,1.8825799506983734,21.926197124754466,12.22963154913381,-3.3353918598689667,6.649799100069072,-0.7003658742436158,2.089629876801748
-18.972511439334017,-11.637672246863728,-7.715375546956026,5.069176403341893,24.877737908390355,0.36470248795696736,-5.970547058049385,9.41740884341906,4.445935520161978,1.6523939434228654
-15.402240667895434,-1.2445034517000921,-10.66018712263429,-8.914446099209735,24.352158483748745,-0.3194396223877165,-2.3673619027836597,9.28456063087255,7.473102488862597,-4.731353459450814
-10.210023252679422,1.6866941556334296,-8.166880922024589,-15.557227876434666,15.040629688257537,12.404235375068536,-2.7020745094420553,10.898773077875717,6.303576544402628,-10.469055062321877
-6.2551684336188105,1.7914924178955118,-6.610366721888612,-14.941588477899542,-2.0400038971642673,18.147453597784637,3.9543612117627647,12.208838880886082,1.3863880075632569,-12.18515278530151
-6.235475227706579,2.185174749008593,-5.0366847793238545,-9.406101366336129,-12.611568955158779,8.924066648016199,18.18998193421729,3.5644770992810972,-5.951827250515676,-8.217277763228797
-6.44905539540988,3.5861509646625915,-2.704769003327905,-4.1994816988684445,-12.064252734605047,-6.496542668448774,20.105142206249287,-0.4660243915221351,-3.7960765143434374,-3.8937463916583273
-4.92186081885781,4.875692303816468,0.20049143881426287,-1.02546631295164,-8.52760509327253,-13.970318219083872,13.74119643330298,7.453676195811237,-4.590374087107488,-0.13354246960338767
-1.4110252998829511,6.847604023134559,2.950899260406893,0.03694842207970871,-5.846819312183993,-14.272272587606093,2.089123985679394,12.799978324783387,-4.701459895178782,5.393966349913706
3.66367054234303,8.368055270863035,4.408073024739578,-0.21379949965686554,-3.5772040463483945,-11.163191899033743,-7.095402627155888,12.203727580991195,3.7659165786499824,7.9434761015622914
5.523861773532599,8.773989517951572,3.6559773812242984,-0.5107548187927664,-1.3313931609023577,-7.590903104721392,-10.357991486435402,5.1651129001895235,13.061218819416155,8.002601810296616
4.054900306399458,8.775325097908134,3.25558245568936,0.13307961358014786,0.9375508449355062,-5.426831153913244,-8.169651444641229,-3.0939463318869906,15.268234232651691,12.641607663092515
2.652305347619484,8.488994914021465,3.827550158583107,0.8142686349973245,2.5760852541488504,-3.5809332813202883,-4.466361586526533,-6.518065413147345,10.551962205004658,19.23877726283282
4.904488351652148,7.384508783955191,4.921842666135371,1.6753808042571043,4.03475530980806,-2.281245958820175,-0.9936222674727841,-5.574841714789907,4.311531763150718,23.6659674582879
9.544820569243312,1.6407801548568979,5.45218298216256,3.441548745498041,4.964499263083353,-0.404103617390982,1.5579966229392441,-3.430852003750384,0.8600675989470433,25.97104720156344
7.563298249908077,-5.635515407299359,7.554352456057212,7.70634427225635,4.8001852173006725,0.7133310616623034,3.4863968736157016,-1.3196767754714591,0.08182445209137479,26.67367886295171
-0.881084290026381,-6.967423177130714,6.520440326796667,13.20899435750572,3.308361807481248,1.1887935439913706,4.800032684347133,0.6888602791661419,1.7559790858880089,27.454711533041195
-8.239099588922226,0.9022289158421198,5.0668092628630585,16.48544585013505,2.5995293378305395,1.9575878885153148,6.664786161841094,3.04978637958799,5.688901471094183,26.947149278772205
-8.638263139508267,9.873737835493763,14.005601980068596,15.114480481674754,-0.6653048111014389,3.067320859975572,8.43405937837169,6.94359964083631,11.292362502996864,21.94214161273396
-8.621615217190955,9.941484898625404,24.60304007794152,2.2126246849404,-5.658726601549307,4.1619436897081465,12.93290285293948,13.69405211931952,15.134369450763575,10.187753531731815
-7.029094060556669,2.245853863416345,26.919742271693984,-7.7768905328987215,1.4749828011049786,3.7262737122974774,17.852516686622316,21.085789312981774,4.57916991958927,-2.758846284926672
-4.513503785793598,-3.9675552931872247,27.20223951528048,3.7818367840907596,7.005025137680678,11.67026022519829,22.83368173758954,9.133045170911988,-11.58242454304398,3.823809996252614
-0.8310626985066354,-4.527405023256059,24.47851879690683,18.06871265739737,2.352474114372511,15.975110271531117,17.117217027177485,-15.005342781121506,-6.919054029221269,5.324364604260093
1.127999734246058,-2.0864344831321024,21.77293467404792,22.350733984355465,-2.5523991437408085,17.588346198851674,2.476936532821532,-21.656791527802223,0.00021149049654800578,4.830086134543995
3.6685390317764823,1.959546924604235,22.679474114338156,20.208408111502195,-2.7886819899870052,22.519047212851184,-10.713899335909424,-13.00958716994459,-6.713820476677994,3.955198887930087
7.220534408853883,9.311351060958948,26.248100556848776,12.777372464226659,-0.5344331603797641,25.6192774368479,-8.733294096786418,8.012492498992186,-6.035797668889985,2.995810515002685
12.387253885142336,21.19315901339322,22.38700663360053,-4.369199418100711,1.0633293093445881,26.474972002017292,7.850455051693133,10.689858894102075,-1.4289861899514156,5.154406960616572
20.865600824353223,22.652143935188615,-9.257412274854895,-10.652406230535249,-7.459411873928468,25.30354281278941,15.687330788570533,-4.679596677823307,-0.10603209560562098,6.21500992709158
23.517085220407473,-7.421140967868931,-19.660886422952718,7.04428279122113,-4.7097919164363375,18.270160715211155,14.627229491075354,-16.878081716241148,5.913646382278362,13.509394386769582
1.958040148233138,-27.248819203972737,-6.002920926545566,-2.519248873613818,1.8196497095001618,19.188502935189845,-1.515165493725445,-18.58876180369189,-2.886992342060171,20.563118644475704
-7.678213615758288,-18.6030257260041,-3.8019275329662916,-5.5970578094304235,-1.6538115496873456,20.356170831384517,-11.722717524206889,-2.5668113005361195,-16.836982452464625,18.99213648609991
-5.914735603765168,-7.420782715949094,-2.5282495591350003,-4.836512619296184,-5.88237487475814,21.39256531790943,1.2694348890360425,10.956833932472842,-4.782719391782345,27.499879961022867
-6.749700504339653,4.77498315158867,-0.5340203836812144,-2.2395111529985186,-7.593129824966955,17.219099914500372,17.978743961619195,3.6781811240126454,4.5353795659650835,27.35740301927544
-0.005531269835179375,11.613034149180889,2.4235592004589748,-1.2246455879694935,-6.362243061457966,10.205737768716116,23.87361253747678,-2.690297080398155,6.473191538729009,26.976939942837323
6.5599948615149195,8.08701787731394,1.72225776242537,-1.05035709661657,-4.25030566404388,5.063488952972489,25.60770987649902,-1.2810962419937895,7.486236745754438,29.957151013982564
1.9456475937338351,1.90977648656613,2.3261931184145914,0.0966247346473241,-2.2941300345628037,2.5552205666016485,27.34453693386974,7.436734049434725,9.697511720095001,31.57118486087298
-6.249739351564447,7.133794407068895,5.001007210243139,1.2915835775724442,-0.10909958055887169,2.926632193434833,29.721514628940124,20.61647403261385,10.53524931070244,22.859990560186496
0.20368268336169398,11.139696655686647,8.934906338342989,0.15797600471929799,1.5287872274581256,5.835479954538271,34.744480063031766,21.739963567003166,-3.6152397609066234,17.474690264152898
19.064114392753716,7.071975873401596,5.722610533811992,-0.9792663419082017,3.3913049825732027,12.282594141821201,36.37670539512155,-8.215892341358147,-8.276397808042821,16.85065370995922
22.08186170014944,-3.0846046883512788,4.862189854461023,1.4557857594638168,5.363394304651975,19.2290449652143,15.907634183993066,-29.15112893776986,5.7885476694522255,19.060187891335172
18.569157915075582,-11.263732890078748,12.132825210915563,10.313445489321296,9.294155084783638,17.444359385570518,-17.19712070781906,-20.26553989301164,-20.556829383344382,9.006478638468671
13.317893114225255,7.04547134293634,15.01572090942506,19.80707380448137,6.476427113902208,0.962918126640598,-21.522349127822388,16.867184475403956,-20.535078776990392,-10.246621256978575
8.048825185832428,19.02139957521984,20.19688573980045,8.273498221871082,-5.54271993802011,2.6481764113075195,-18.36059148208666,28.949383329098943,1.3046457761881252,-1.029409774560672
7.194898157978979,28.11035475345301,6.939300792364107,-12.29524798179387,-3.0321035248804247,7.101117248981965,-6.645353968759263,26.42454056848717,15.140054615519949,-9.609920740007956
-6.791001324112189,30.00359282556424,-8.806498437606615,-3.1008167770899986,-5.711034223722614,6.483156070020715,6.106074346704888,25.998213680113356,-1.691240611396527,-16.784290903605253
-14.365760200017059,24.710110358671187,13.958950144368753,-3.4302953738583115,-3.305039226077801,5.868349309311094,15.882107546854884,15.315552725195065,-19.159085288651216,10.001508618044666
21.745631261510994,21.48301992511985,-2.3107573077563157,-14.62408088750948,0.6019809653201342,6.678260767566651,18.704730740535094,-4.62932162918027,-16.86343224904656,13.356317692891757
27.64940302249781,0.9167314999151572,-19.885793006223253,-2.905905903608535,-6.02100640947826,4.651465070924411,16.68552143319915,-18.07019060781072,-2.7402404180048205,-7.058906253500318
26.066893337589256,-16.95556099108706,-6.364043703423365,-1.1763671623055443,-4.712692539617758,1.7806434955173616,16.196384560900135,-11.76837767777562,13.693601314840096,10.84029233106164
-9.939860707745918,-22.580108190722466,5.724678948824848,4.514394027515841,-3.108094087198445,0.6522468780378782,17.333419325346117,1.7619346346573728,14.899403914566376,23.082466952692293
-27.425644758719294,-1.6194305570663619,-8.255670455045367,5.809890049593848,0.16656446111465087,1.375818559338632,19.036160509727804,15.957950623753687,12.578757206896244,0.9341383538182654
-24.269970382008335,2.3897799465843574,-4.077932573655782,7.1980864326871234,5.132376743113597,5.196367043513021,22.23804598186836,16.147972833803493,-8.645545732528726,-2.114987979707016
-12.834414861284106,11.115876758197262,6.987294139902551,8.638032025989842,9.81511044767334,12.306443819745713,21.525263827079097,-6.059022451894508,-12.25110942486135,15.325876807292543
6.074267033616518,13.855707820434585,15.621776223982966,9.097986691802502,12.446029149646215,15.833041056428412,2.476435007283235,-20.34949725352969,-11.04393571641921,10.18773864662465
9.733080570719695,22.078008549606494,15.47101034819489,6.798651935837103,12.174108109399095,7.627552635146234,-13.241272391224648,-8.303965291747112,-15.926998766553167,-5.99924679589528
-4.461611145323397,25.832319003710477,17.09794991191777,-2.186063948824775,12.387954793242123,-0.435896333317515,-12.859244137332817,5.628933325129416,-13.475469317783007,-6.159058807072331
-4.672097576427306,20.72135726940086,19.246174373232055,-6.94992462668718,19.227713078190877,-2.7570274734342752,-9.784819727027962,12.164388262235356,-5.823842474502841,3.4922291608964464
2.6261397569032705,20.934095880810958,15.902164304052373,-2.605970262555156,25.664041809453806,-3.538335335032192,-5.73845136482127,12.654110897207055,4.721452406233065,5.754010874689509
8.206531027620288,23.861981150170053,10.868654965113222,1.9830583878948524,26.182189142633405,-5.428896336259304,-0.3574594847613421,12.109638197694649,11.542223122038843,4.925324606406509
12.480165653810536,26.155138365649346,3.5230545051794375,4.1871969813711845,25.00239359993629,-4.371017956364178,4.805314801119779,15.480527881826207,14.23798959403457,4.784601607126798
15.838400551476182,22.7737958968407,-6.261651312591552,5.819394314674768,25.595995873368686,-0.5225745703109577,7.3765711858061636,21.903896794125743,13.448613504568925,3.32260425143542
18.039224632747572,12.628649839282446,-14.423467368222832,2.279922121814017,29.06054399220111,5.750905669387106,8.510093714085734,26.140840287363993,7.5501308822885065,1.2281531990691867
19.155646693698568,-2.3277472769403764,-17.12046718452493,-14.116257107045746,20.009533786003804,25.414682557962028,9.138844969472851,22.311098070356078,0.013826390744571669,1.981476607271399
19.42833897610217,-11.423638069916404,1.1489960875998444,-18.209559794944546,-14.227307749538214,26.31117822338905,25.516856940023384,-4.173375383059357,-4.152878605745728,2.083009266723034
18.022440235070366,-2.705448161144998,17.006812232180145,-19.780042134559242,-8.607419423046254,-8.202964317269881,29.019872313493412,-6.5786092925488875,12.054228963399877,10.077479536938492
11.257074868834144,2.1796773915198533,18.312846771075954,-12.097140885909678,14.820443261705421,4.914305923075975,28.332339226028378,19.803328007638353,7.553149584301095,14.776083294237873
13.501446094072614,5.2738327236395985,16.07452165037591,1.0500909475121196,17.278301033940675,33.16661959649684,21.79202031164595,-2.507545614484664,0.42669179530640294,15.239745482329294
20.082078817854974,6.3813324028573275,14.625652199862747,13.476295378260286,24.151966966541845,23.59087466691275,-22.42175949595373,1.0007052030246675,-2.8820187016370307,16.168347234569204
21.745862369459047,4.904023729455584,15.43387418802853,25.02221313285409,7.153283635400341,-19.68811487077849,-21.282139377613397,-2.8965062823898173,9.75439755168171,21.401609127716224
24.03262425559868,-2.2116025369019168,16.92744671187195,15.59251159527255,-23.034900622166237,3.0233602089195073,-15.588178498303371,-12.277383594426825,-12.23437948937233,21.40746074648561
31.081483529583465,12.511439451346195,13.773688987338339,-4.349674320975,-21.689694677582157,21.283353116707357,3.7056014123672067,1.4968531170116715,-15.511931879827324,-2.8578008786921023
11.025566866991333,26.624866789715337,-14.971997978472599,4.0659361549468835,-22.589338160332098,1.9764746110725449,16.90938777910506,-10.177376622905907,-5.665986178286071,-17.876621660026913
-7.104706276845639,25.710874276368987,10.554292405046022,19.651946891436854,-15.208375481472968,2.9565026008637503,18.378764858502567,-5.366340784003744,11.128439054284168,-15.102529852166326
-8.846186654662436,9.629232450021187,25.012723730535214,-14.21272335489209,-11.458999153744612,-7.941781521204442,18.553668327654208,9.630966568561018,10.318459133685948,-19.088711093797134
-8.99808160909452,-6.407568937590558,24.628552915585484,-8.374233842470971,16.81032946782008,-0.6322730399289211,14.551550916527972,16.427148717867823,-13.826675900403734,-13.559692535005356
-7.991303302162946,-15.015391276657121,13.740635318992528,23.679939571773282,13.312488788268524,6.40939122463866,13.348013056719186,0.28651277573736433,-19.897613393723308,5.272393869705543
-3.9611629796990213,-11.321961773180576,-7.494601788872938,27.53600524903459,15.429730623262444,-1.6990771688937643,12.559758717237333,-10.332982468510853,-15.906552592116633,7.093889627595019
-1.0078889636599018,-6.8891637859802675,-15.285721454272474,10.07340441498568,24.59683669621664,-2.282833514366457,20.63807669009843,-13.317729718927442,-6.0227615550087314,3.1315836669597594
-0.3656421662918122,-4.176315137354411,-12.795953384898468,-10.11190896588393,22.417485094020545,20.42031840301285,3.114252924663035,-16.511050608020373,4.73220858747823,5.610983495267069
0.3840660159538066,-2.176982025788962,-8.001248834136883,-15.351464970889763,-0.2898134219172935,24.460749403445522,-20.07125318236047,0.7436790509881667,-1.7106818861925375,8.475497888170521
0.43168128297408304,-0.3951270981487163,-4.813650422276194,-10.2896062498702,-18.109940549585694,21.51713839975629,7.19223202588222,13.830878168482343,7.7369086494961605,7.960850214647897
0.5979314231659884,1.2559518048085365,-2.644658788389082,-4.044089410858192,-20.56055355756246,-3.993143525424849,23.67563804693734,12.89908967193816,2.181249415780082,5.996390938618265
3.909776848793663,2.1930547523319204,-1.0575628619516613,0.10748633502399697,-16.82674678375116,-17.06809764706005,0.7194645532072189,21.81609517404032,-1.3746554691373436,8.895201244409993
3.678816825644361,2.2556033072319117,0.6040854267879701,2.076663790474615,-14.486476746259278,-5.0499894108643835,-18.171802073732806,10.796374348848664,17.134263330082614,6.147939775681252
0.40258968074786494,3.8335449502555368,2.5296713418426333,2.7393725359577163,-11.7554444517264,10.03130759912459,-14.12284519388468,-2.6123593937625955,21.711139338217748,7.070664144909063
-4.777501507255101,6.079996716857841,5.497993766953473,1.6746252724716795,-8.123678269998578,17.54716667875078,-7.391649303666493,-3.912106282302098,18.774819347304312,10.657527125016776
-7.731406135700805,8.485616550174349,9.456628271677667,-1.693612437309356,-5.732744586213766,20.4535160943786,-1.1325526998746758,-1.5764260184436563,17.693786564798017,9.036132196319452
-8.471175957470114,8.072798127161846,12.572250243369233,-7.246377003084288,-5.265032336765497,19.704671881809034,5.058396552137639,0.5586182321428264,18.669339132993496,3.487312978391927
-6.117334786602898,4.872139075298228,13.270833391509026,-12.587621636455376,-5.464099132418774,15.549234248369972,12.911730381698563,2.6878839288022185,18.902766710947294,-2.7499571182317517
-0.3399875719548155,3.7304782559423697,12.382142073371883,-15.345536801213242,-2.9428400327151527,10.271369569603337,20.296493498108365,8.168837203653663,13.859612206585052,-8.013743339151207
2.6751631021060067,7.133854391128911,9.142800455934534,-16.149463066197477,0.5906466482901438,9.95311202500273,25.903717384658375,7.039251457636021,1.33923274230814,-8.612410215764985
1.2165575848383445,10.006247844598224,3.0256257929802897,-15.981402975809857,-1.4427062653889682,11.355568809465078,26.46048683146548,-6.070719341097133,2.23722040802295,-6.0660862866073355
2.3357960894264265,11.691534419625802,-3.924658314403789,-12.65392043751187,-6.034896112060717,5.087488370860512,25.648362600666918,-4.341698465700568,14.498652893761061,-0.09123739547951037
4.028436082779998,11.719921366899896,-8.495261538028402,-4.122390352522919,-6.809903823535498,-4.862352337773172,25.376408844536165,15.875649287816447,9.375320913112512,0.8024348658260219
6.712369052176528,10.443848036866953,-8.638534303848163,5.472948790109047,-4.657346965450081,-8.427947511688583,15.977920469566795,24.118906464351127,-10.125373197404992,4.342234469224289
16.84463935419183,2.1952285938887766,-6.966952314875812,11.420787084537679,-2.467310054443099,-6.697540919267509,6.520441911802287,22.868133526444147,-9.841958732052818,12.830713196286215
16.103378856279537,-12.999662442750422,-2.746877144551925,11.865774676151998,-0.28137888219553464,-3.871858270957025,1.8100810323176775,23.85096666477673,4.014591727703049,15.003577518048173
1.4794741299017728,-16.943860177801984,-3.969087575627576,11.453687086349522,1.3050158750259502,-1.7948336631665736,0.5446032616573367,25.276628964681613,18.90305331865683,5.170884602867991
10.49002100199693,-13.715916658893342,-6.332239135679429,6.94201477624539,5.341405450241559,-1.072179508747034,0.7737423196052937,26.495149496652804,12.406475650333645,-12.764879690806142
20.056204908213942,-2.023606318326627,-0.07363642768944807,6.170182153157629,7.722053769269444,-0.8133517537293252,1.8569443319152028,27.61324793518521,-5.568097738900145,-12.27889213800365
14.833568230404136,7.96884548860132,0.2392630660077344,8.086427702387205,8.688700639585564,-0.7202433883946732,2.9496496831748704,26.4134452030689,-17.901899854740012,-3.341262680205383
19.402359517556274,7.245259167055689,-0.7211856216906882,9.483459429329006,10.019866083523281,-1.143609538974612,3.9788833036383457,24.21313209817925,-16.59398037781728,7.125525719481256
26.84230519437489,-1.9484530210089912,-0.18270678870188017,10.628196725375808,11.352413841719432,-1.9152520748834214,4.868007566869303,22.504875133001786,-9.384707528107075,8.67479551780361
27.725078225615256,-8.208686756631188,6.239166232802537,14.390224381845737,9.470393183585507,-3.5383315462245943,5.234773668007544,22.461880289941618,-3.289780459826854,8.79588300683073
24.52568338466326,-6.202115356980781,11.00151662056638,20.885773055830864,-0.8811776693734363,-4.239507740196537,3.2298026981978505,23.995182065721494,4.274246487093956,10.024709042629572
17.90833171543385,-2.3129454919933687,12.540577410690396,20.191940697046654,-12.031454273647281,4.5040088949362564,4.3199019776207805,26.13301261376946,15.588360037872674,9.530568101410704
14.869719592122035,5.196619940329702,13.71470183454995,11.839621922896338,-13.859312496899834,8.5095548397136,22.3949578289643,29.56746726611426,6.935427429745466,2.4205974322503994
19.823616209241713,13.970003911874675,9.024540447547697,-0.9321063218806614,-13.175243752553403,-5.3123433662696495,29.10974511459933,14.979061955483436,-20.336391177664247,4.771665982438139
16.950691677599472,17.429967152427803,-7.7492145582299115,0.15477214407457882,-9.18146786498034,-17.555470719957967,19.626369193222658,1.7951005848849004,-25.858091523798308,-10.70113958836356
-11.579873158906024,18.48886453314384,-1.0171907384430758,12.38516852709393,-11.138177410715937,-18.3646202685928,12.432042271937622,-0.9787805786780301,-22.438557034747785,-12.061118403208487
-15.136916211934208,8.947782098905273,17.710730610976306,-0.4162716454856956,-18.157657603209316,-15.497196096517275,2.0510276703246126,-0.6646531909929214,-18.7382120399976,5.744214966158933
0.9697055414479586,7.359474894111619,18.46519773223785,-15.196705689905839,1.1913118975863377,-15.786567503591334,-4.489321217510394,1.5627884037440183,-15.487709171283527,14.33006417431279
17.023337081073503,9.044486325230979,10.19795809662608,-9.78456458818906,20.523004562304603,-5.264172350613558,2.581581261976464,3.400780563390306,-11.055931367170635,11.362381841521119
25.28394240232695,7.127315940519909,0.06075983206465235,-4.127301077966438,22.94950587395411,7.9271841933336376,2.6024422283867747,3.23179191405472,-7.940611032774536,4.624118147991736
27.00255022526409,2.6256842631061836,-5.424560365708631,-4.762593272277865,21.019746265537822,12.361882239369606,-5.211502000070096,6.019496585545229,-4.9928978487100935,-0.7500734554740615
27.341952321819388,-0.5381201276798915,-4.68479205697515,-7.370952532847477,16.80952230733881,12.482837142847934,-8.696504646647098,13.277928107485883,0.4294271703963888,-1.2120067920299031
27.530704861773025,-2.467487955792741,0.2840901832158502,-6.815695018991936,12.54529844699612,13.625227239459443,-5.396227233047859,17.78139772012863,8.58598339988082,2.9150747812399893
22.657391233590932,-3.7092057490934467,7.108932518756522,-1.8025870841980933,11.023286973047561,16.205860392230456,1.8515320046856234,19.280188401587843,17.435636043586744,9.192538977345126
12.203654323291934,-2.0011412199870104,11.31562534249557,7.3149955008564165,13.63935367836915,19.739475977831216,10.652352411755164,21.006639357852556,21.94745357540372,8.171841509479139
9.997578087641129,4.063082862927992,13.152331841349593,18.404904116309282,20.7601020426126,21.905453520134017,16.70259568534874,19.396582401730953,11.492549881073364,0.1260303843535594
11.671670976463785,14.224851580045364,21.0988560594449,30.7808834536169,23.180974541943204,10.029453630584731,10.600540261377677,12.235260089709776,2.3899299135892518,0.5065200713307286
14.738745148279342,33.354531151289756,33.93815348746039,6.584158976107163,-6.564139876230973,2.4910493428055713,11.593951486017353,11.926282678352257,-1.035768876171233,2.5809175056610174
22.43975232798265,35.395614861636936,-26.124714119680466,-8.179270930202408,-4.156596000838995,0.6014106038030331,14.108878123636721,10.574243330091058,-4.475809541075591,3.255611938499788
25.76096266910857,-9.001465700824895,-35.387447606124674,9.416573037608853,17.44083878206447,1.7475051395030732,15.530488147769868,7.020590201759594,-8.026115737491871,0.15493293936494507
29.288755822567882,-21.878912209215144,12.955315846445862,-17.754996612766845,6.975628421395122,19.57086746706672,10.51240430140295,-3.88115884092552,-7.379583192527711,-7.9795088333203
25.76836912342629,26.5874256778715,10.408716464239042,-10.280456942705754,6.867465312465427,25.50344407011617,-4.378605458836574,-6.911213097640794,-0.0477432932299065,-11.94406605951001
12.174353568407719,28.751991689877674,-22.82689368844836,8.527295437532098,2.3582309317854415,26.534315350142702,-6.506505406051683,4.3404172759295,2.697867961570983,-8.117444870463308
6.068153869988606,24.464349633889274,-10.046543547620914,18.068952391230624,32.54328797082403,2.391645536040707,-11.356306529640092,11.387198353405887,5.252522481345313,-5.915879847727789
2.819206771961226,25.868125830283937,8.736369256982064,17.769538374987956,19.489136373137256,-28.104272025487774,6.103598046657373,10.70406913953076,6.0024185725345784,-5.362059190845149
-1.9215707358401584,26.90554414136546,23.6850925497325,-1.937277797064505,-3.1012759209523217,-27.15576954937804,-7.8270124986593785,16.85946636494322,1.636550078384802,-5.244945598734696
-5.32163501599297,23.0972363016784,13.527261650794758,-16.11790158214456,25.922556727135685,-21.11316212444536,-5.02274463784344,1.778088077085661,6.480416372264139,-5.58010047174426
-7.0052918574153695,19.228280424078132,8.70042159301072,-7.281159737482684,37.302826271523614,9.887136963162627,6.161787180459049,4.9764836454607515,6.351214016204213,-6.392845826139711
-8.347372085457152,13.156048509591583,15.15901830414673,6.695202662451644,36.995326582772336,6.312416853908611,-12.442045990317236,7.671857433397389,7.318867847801238,-8.204082349240014
-5.835829328697253,3.4112899432804844,25.58913660977601,25.944752394348317,5.270814628878503,-24.700055154594825,-0.6152395625121035,3.2269190584757697,8.597124608030937,-11.271958161262479
1.1368607377390783,0.36440297594812415,27.510751498947428,0.006507392708319043,-30.381124504051545,-1.9215489907310332,-11.31068132332449,-0.8674416583153953,9.421064496309596,-10.720687625460819
5.424291818633456,8.263704082414701,23.092083175741806,-29.64466456502185,-3.6441273633593454,-3.502775180961351,-9.043315131569802,-4.197910976895305,10.704037431453663,-4.957019263888609
7.24268248442852,14.039587881496702,3.02019326546458,-27.767048771038702,16.312809976274877,10.128596752526796,-9.266523792187794,-5.455435403704174,10.285872823566196,3.3193248812390292
9.945423075999168,8.847575514255396,-16.02058344824975,-20.13512521428533,-9.465743526246548,15.903201069663417,-11.989265945503513,-0.05443156368223653,9.08966340126829,10.437089451192863
5.961009560717239,-3.13965246458316,-16.975073156887387,1.166833413113324,-21.895200826710663,12.638046535447094,4.701177606189464,3.2758092914378274,12.094207968690778,15.366772791077796
-4.996317912740077,-1.5910624725263494,-15.390876865451053,12.568106313393706,-8.29163725754976,10.814461677353119,18.293999733947405,6.437259714770084,14.089155825621095,13.445744813417027
-7.3656149016982395,8.032619561988083,-8.702515863606415,15.56866123398165,11.436104400017506,12.8313957532861,22.696546567952318,9.550596095979046,10.316592769559882,5.5502352223628995
-4.837555381036644,11.608242820645096,4.606447699708021,16.513544583763775,26.209242149978678,17.380247231376845,13.378715672710486,3.2846884808591903,6.011567606980311,2.189780565380578
-2.08623693050172,11.319006513322485,20.172919903078185,27.04993461985286,22.65467952826464,-2.580524999199859,2.448691173418597,3.1868022068069823,7.325749458605045,2.3780065299609934
0.33557276905263733,11.742659732726436,35.26450748776756,10.348249947156592,-18.612172411062268,-4.277543793045469,2.582025078078637,7.482450472274398,8.373622875205701,1.5027778396659672
2.295906624248236,15.13081879398029,25.48194692443004,-27.739706064038625,8.09298334769949,-5.467739126926241,-0.10324284045268231,9.86516024340922,10.001267695005998,0.061256881994548915
3.7553897026609766,18.580163053852907,1.745477334574169,-23.858207524506582,18.657110237096838,21.102346910619513,-2.181885385212009,11.574193125246493,10.953425079832174,-1.8249259144941363
4.409159092818972,18.07135683483268,-17.97071912663261,-10.680726016991958,-12.686945362497003,24.575856448608796,12.651730847710407,11.761452032232299,9.464208652842915,-4.387625831786522
3.739928371178795,16.355492462908074,-14.307353116255085,17.898484593164014,-2.668709032595322,13.851330006166943,29.962673936285977,-1.0789679477825047,4.005427887748922,-2.7472326130282765
5.276616056660825,16.21444242490255,1.5463432037795335,22.474348735907384,21.750766651392865,16.04699653170359,17.86221630412408,-8.494094906060829,12.557928794681521,3.5525678514500796
8.226241517916714,17.742737148283076,17.954866177037314,27.006806188487165,20.724023411273453,-2.1488224148666997,5.041800048440679,-4.859953151865778,14.297488669226679,14.898244964326375
14.830407477631931,21.81119827012998,28.15906314069918,6.532073544649174,-9.799405770396806,-5.510011862163487,7.477156637147625,4.436269020572716,15.365365342976833,24.046925970247084
14.607782589264659,12.541539932219463,4.718746840763235,-15.364699012194318,0.32049475127241,-6.890596370821468,4.3269903703004955,13.820729200052998,27.133432906583884,32.53970050522217
-10.31242723157473,10.98237302456799,0.014751425106309626,-12.871665285545935,6.141947749337324,-1.16051460172952,3.104425099358978,22.003460001649795,42.16258767305198,-3.1412891150903546
5.829068690692725,15.592276274731695,-5.300656007850907,-9.992725094657523,5.693724802060706,5.926168225377801,7.629555356447979,27.64724722337078,3.099114745092047,-35.97079141773082
-23.823119957243954,12.003617292478264,-0.22587719350766883,-4.762224695949134,2.551870998776819,11.279985387823311,16.60388750442426,9.104687605249175,-33.02457671780649,4.504023974409876
11.170422094679555,16.82759439182469,1.6390373861240954,-4.831451541443431,2.4488300998698316,15.03392651626702,10.14469934135565,-22.66698051691536,-29.53170492384712,3.4659831533583993
-11.854027137871709,17.024004166714008,-1.0796312499515002,-0.8112655749778296,1.2924425563777018,16.54898296069574,-9.17597611820111,-21.78296271693086,-7.598995870098223,-22.81783470674798
-19.889819648637648,-5.168574497312058,6.144848908917435,1.0889273424909618,3.267470569084458,15.920591808735322,-19.70847997507562,-4.514673032215719,-0.4188263777931695,-19.948707452230078
-4.445595516696767,-16.812193441769985,-1.6246915645365678,4.4468930545648275,6.685677352444344,12.13273008197739,-17.64456393759371,10.353376050760271,1.7658730662076179,-17.50762554516187
11.692731427171335,-11.075634493749577,0.20736871099016277,3.7470155865675467,10.44219880333096,5.615658403514269,-12.270469002843923,16.79138009316778,2.332588666765461,-15.749318866014539
16.87078665413741,4.352336137710271,3.589244718396964,7.3810412167364685,11.299292349507427,-1.6882643316970456,-9.280436191230459,18.22226889373785,0.7525665723833047,-13.316264368841507
11.542600365026448,16.993870549035652,2.2228118361244524,8.8909733456554,9.561990339677772,-8.55663222138038,-8.637760244590007,16.922090720179163,-0.16976445171955568,-10.586349490070695
3.7115151653773544,22.741800557618884,5.619691726136951,8.086535940200218,4.886310604781807,-12.866328584441005,-10.407062672556078,12.83898156917593,1.7546159703826414,-8.436670405210945
-2.255664746350573,23.92321625862945,11.99118973088688,0.2500374449893601,1.6209848619943186,-12.146190375464808,-12.01154696395412,5.0005931462461355,5.1163025622997615,-7.521341642152847
-5.810912533432896,20.60855522776709,12.622334529531637,-9.186802686841425,9.678128909057786,-10.245125539222848,-7.460157273081592,-2.332795537888855,7.086579147388192,-6.72056633877572
-6.674065755401198,15.6523340704211,11.3473300357533,-8.61058070533914,19.919879348438652,-2.5334070456093634,0.963638954531132,-2.6572961867198783,9.181541436687702,-5.683065242162484
-5.445335901645613,11.708579390411073,13.238871149584753,-1.2820733289112012,23.511635987419368,6.490719993198034,-0.37066115433299646,0.03105775776936074,11.022255940176203,-6.001884325459702
-2.735478589883903,8.815986386605122,18.58893672673641,10.659235806927809,21.37576950879495,0.2299526083533217,-3.749301161685505,0.881433201093463,12.551999477207083,-6.501199399031075
0.8083078324414772,8.929466381685744,26.352255087310354,15.91524664410687,1.0063336669812772,-8.17775768044411,0.8709924961238025,1.7599724637967227,13.531293832862147,-5.542731940781193
3.195552963543694,14.115391244177665,28.300733848932406,-7.892557173161304,-6.958701292038809,-4.93677842263212,-0.028182011697964648,4.265474691203096,13.996780190363834,-4.020943335440321
4.600297148436952,20.117384278340023,11.344617203660391,-20.155181102503658,13.834886853020311,1.7759594417751678,1.2689806724217283,6.342949478714755,14.556342309509766,-2.5098489853784263
5.665911008576482,21.204053339703183,-12.110172811930283,-15.938072979768489,5.6326900434021265,16.356239835393147,1.134913221447989,8.008426596774465,14.71366933499949,-1.9177998476532816
6.913471283919871,16.853074786519908,-21.445423351992837,6.018637113665446,-2.055774985252413,17.02955513947969,11.133921302089073,8.90970897126058,12.766689626553212,-1.397580162569813
8.330593503432889,11.101809007397849,-15.560034340823078,12.766006659219133,21.307218429311273,18.121917119611485,10.94382013570662,5.545600754759837,9.031035559657447,0.601120084322237
9.882703594201955,5.238485425861726,-13.465358484846986,0.30063272411958036,33.428075607972744,12.318437929982746,-6.216965411293294,5.86092166537583,10.474409050628532,4.212589492004064
7.4082751213999005,-1.3178637369947594,-11.894588913480158,-15.923407669577445,24.87500946005689,8.682795911417,-15.13068371056218,4.922607970603395,17.127904020945056,8.274083841226295
-1.5350821388894973,-2.4484676802335152,-6.208504748011799,-21.93988726272492,6.429466380773467,12.170267909333845,-19.29132361809434,-0.9989841346354298,20.510336145403734,10.751840555222087
-9.189778154768778,3.874314816205435,-3.8919002790304273,-18.557327002847554,-9.57072875954356,13.284007348920227,-17.255135735237417,-4.765904687457272,16.828191225170134,9.973861965769293
-9.740282450501793,11.695824533922616,-3.5633005018441546,-11.314005056945883,-19.943068747984423,12.853020464745216,-7.134559967810989,-3.3423046928098676,13.29379598430159,7.369858957807998
-6.932044536478175,16.619667171464684,-0.8459559531980652,-4.778991370281614,-22.061325542035654,6.974954422906912,4.612871790450358,-1.2287522249224196,13.524286278606482,5.046034083364759
-4.17376401067518,18.70670125327514,2.1601127483513545,-4.373228358045263,-19.21113947992921,-3.4382966107952,8.100194807165233,5.370967766888994,14.466618222948213,1.9134594319541378
-2.348611018164352,19.12109540757583,1.5633236865495852,-6.424330450233231,-13.588777210893772,-9.90620602282254,0.4400009559790324,12.099361201547124,12.673163138767254,-4.6001103346465175
-3.142754871570487,19.068661820977237,0.1603918316571429,-5.21517899255164,-7.8597429710428655,-8.721647550297156,-8.03836319233377,8.82871202792445,12.235752879123005,-10.457784372155578
-4.462678339133479,17.856875778503923,1.6806561883313058,-3.6489110384504913,-3.90690653028924,-4.999503806214527,-9.589904353220756,1.701202156023091,12.863007517738263,-13.673601321149329
-4.482463336442786,15.183304663966238,4.14190841142996,-4.098927846290987,-0.34181126498955683,-2.138041402071822,-7.3963636786893305,-3.5246852503467614,14.43169890814226,-13.27260170037838
-1.3067649678705482,13.858888067994748,4.688539526000156,-5.00253190662171,2.769332409319897,-0.3624097948600221,-4.701907829397446,-6.373357525749948,17.064210419599814,-8.9767057413341
1.5319631319644753,15.193821157165544,2.8951943760767223,-4.7375528931621895,5.3810127858620636,1.8127669732208085,-3.0156402155062776,-7.268947028130001,18.550945072467485,-0.416693946004912
2.8222053149991506,15.72030594861481,-0.17858751734269984,-3.0514684670410945,6.736302203759738,3.9624817019184446,-3.2094334253969783,-7.018147664237226,17.034073223529727,9.877299578123207
5.246976493451954,13.82236338168222,-2.4793899922180507,-0.5706834970847299,7.600438603667067,5.243653945646629,-3.9493431627195057,-6.346497461276695,12.095379035499311,18.847386964836236
8.647559705146822,6.235988029087356,-3.8498984149455557,1.6897007105643627,9.657121859365299,4.440842065366416,-5.665133694522907,-4.9491760407779815,6.010183339844825,25.40648112183204
6.824848343731079,-4.56655944531478,-1.7723103396491062,2.166801902615695,11.566238939822462,2.1110672258447045,-5.927731556455575,-2.54343201266209,1.2422078040831703,28.04465993380619
-1.3252587964880858,-5.989352184041649,0.04265968300073317,3.5620755434870577,13.40363811969923,-0.9187084746666043,-4.067171969271915,-0.6316823592805939,0.4672830880711143,28.989818251409353
-5.028694137204046,1.611483384527776,1.2716175659020126,5.730410719278742,13.811831000926814,-3.616059875169509,-0.3337760693371996,0.9525477778655456,2.64511615339079,29.0073469285368
-2.254218619493033,8.396735349879684,6.035950003789088,8.592221349542994,12.509050559996965,-4.888179882404949,3.853931866477381,3.8807184382388438,7.358823040755158,28.263468184096812
-1.7167396463474034,11.111106356568497,12.84635883026159,9.844975139376682,6.906038742275925,-4.7516096857058825,6.448807763014762,10.017211371346047,15.702771267196042,24.105834999574054
-6.068450276076479,11.938308043934045,21.289817576118114,4.081434261949093,0.7991124751040852,-2.8576567127676493,6.08791852546118,19.14861983814603,23.28689304836868,5.91149823656634
-1.5719095968531707,7.469912042887401,24.218029655775855,-3.3364311131576385,3.2391028715931416,-0.5865527828673973,5.844900334206742,25.925259361235113,8.856233009583343,-17.163117904511143
-6.769554525399781,2.7463173426334913,24.804474126653005,-0.979267331927695,8.404488376332816,4.6833337302257645,9.375097607305566,23.49330782974182,-17.404989599269264,-5.805179720139992
2.7412714696131415,0.1508346726906907,25.8235647973179,10.355906550193854,5.967730003611479,9.10971959844418,13.62042354226198,8.836383689597,-19.41025718502256,16.3860755144821
19.298769193407804,9.789818313329892,25.79442734624272,9.652082673947096,-1.6126091675990892,10.973941038743217,13.706264991570837,-8.779946255305559,-15.987506457522436,7.963206806016762
16.757241976988634,31.014041972256422,4.453220613490665,-7.572463594555442,-1.2620032170764857,11.048971593287117,7.944844661711537,-18.58823220077567,-2.864807838804746,-7.935353239447714
9.781865846239194,30.290667737540595,-15.256353778010629,9.586025756122114,0.5571269673341821,12.131012647667548,0.05426580284844268,-17.613762599866803,7.760237585147451,-0.6986259740449208
16.423661053476966,21.117491528125864,-6.363480911626143,20.753436849312692,18.23425418877599,0.8586575631229789,-8.545582379046374,-14.402508499253106,1.7992162356954808,9.726970172613752
25.262072000740265,7.913932540925608,-3.6414218022235882,20.978165354719902,13.598755756264131,-17.414650985835017,8.835242722197254,-11.174718929407613,-3.6472496426631054,7.285787838773468
26.8950957012537,-2.9873862310508335,-2.242024333013012,21.176552893733668,0.18481791278793455,-16.575569742013588,19.99020163752364,4.377860807272533,-0.16044541906809232,6.447602970342469
25.620164616039204,-10.202405667021182,1.6489715784016108,22.051384631787702,-12.893381163637544,-11.198479581001529,8.675986460780079,16.448846126951302,-2.4923840583073047,7.037999504292757
21.992122953665287,-13.175363351208869,4.591349397479859,22.143641624953496,-16.93201517159744,5.488893650076008,5.214052462776253,18.297903542496368,2.4059468425200947,8.470649880706969
15.17871966910805,-15.243465562440226,3.473771710584515,23.044320478024623,-7.306555625086582,13.642466267389604,22.269499637595487,13.685149395824324,1.3059867070227795,10.23371165538742
7.806080707893255,-18.294603061284594,-4.743076549290109,23.228867562718932,11.584301839407452,15.20333141920785,25.336623026977975,-4.2098828077717405,-0.5364570026365487,11.370578441574612
-3.286309025415716,-17.675880622656084,-14.049042568382166,2.027479969209225,31.12868865903322,15.717467951335676,0.2093269005415943,-12.475544742232403,1.8940040658956,13.897872174017902
-7.829410262675642,-6.0973939277629485,-9.385866414083559,-19.93075513149367,17.006368448981753,14.374246049232633,-22.401344213378437,2.2003477802660556,-4.564440801018513,15.652503953193321
-8.948916227042629,4.677514052159842,-6.711174734210657,-19.880183134975223,-4.654854400790326,15.027346499773664,-15.690671154524821,14.97845351949738,16.474133528999452,11.325449972747185
-6.5610447656820865,9.689769129396453,-6.952697602488606,-9.803676378092948,-17.862205180211202,9.834775447878055,4.542539668263538,14.888832260982834,21.32363392274418,-12.135895624740762
-3.73341383975729,9.482962635191072,-4.986786839695521,0.8377594819705336,-17.469652318256596,-1.6521693217287592,12.529292399446843,19.263529522563207,-2.6953070461887667,-20.334501727497557
-12.59728905483365,6.602808904045314,2.2548145132153037,4.815924906868923,-15.218523975318242,-4.948651173161539,7.3773583815629475,15.502978569611622,-19.904936474877115,1.772484334969596
5.670649109089574,9.10294954445029,7.107108066396378,0.3629345262761891,-14.126734586372356,-3.9393427517254236,2.5254194222781483,13.794601229380184,-11.290894847017169,20.09691128458102
16.497466190256688,0.3316138849506927,4.850523084759015,-2.913461106050009,-10.664107624656523,-3.6876673638457618,-0.2134082749613766,14.982427221146091,5.21980316839168,21.98764021637481
-0.9285974624128842,-4.93773695078639,8.668067948352897,-2.383666008548974,-6.932061137965673,-2.1059158435452794,-1.8509894673015506,14.974084377608394,23.323139002939936,17.423273878882995
-4.964435843110023,-4.906339497228573,9.246240043057986,-0.7355494068587933,-3.8151969187100803,0.050708678609157565,-0.7096903229115166,14.17212118220205,28.298386735282456,-10.169151570816991
16.305469924853803,7.037468050055177,10.04331655073511,0.433876666566463,-1.7652847360375754,1.9896025143108305,2.015965167739973,15.87435926599987,16.53419339218456,-17.68897795313247
11.279063240777255,24.920247819489006,-2.6619216597408855,-0.687553941976968,0.22295917186587172,3.582215253746653,6.265838878092438,17.898212346825527,0.9876886929634532,-14.99710936476749
-6.16761251782632,26.639458504539093,1.177065344329434,5.720157832337515,3.1914534359687936,5.759271029232143,11.158829015173087,13.65623900600987,-13.737026717809472,-6.516019842751712
-1.4557105466854152,25.007311112632166,14.103562528166306,-2.00891250911538,5.342751700967927,9.69152579066602,13.447518435271057,0.2266642945100095,-15.856371620139688,6.198104750374487
9.0686712832455,26.74287348441911,0.47956725440988524,-8.936801673457722,5.445806742813428,16.149996741140555,6.608878925823922,-12.07931884750396,-11.013825044112396,0.5273138632703794
5.09702372452581,25.61518171904161,-13.125236201469166,3.3128398497582414,2.3033607630162147,18.244306460467012,-4.680605084479561,-10.42837910972328,-5.979959680454669,-5.93204364867776
-2.344461895690997,25.835478574406444,0.0014946724907493047,12.764579044258866,14.851405857755447,10.671351044333248,-12.985893071205622,1.0935239535541583,-4.002747322256276,-5.167569248871694
-5.376867149616704,23.125867621663925,21.01855200855239,8.37016803563989,11.083338255590451,-5.5170065158580615,-11.612082964703085,5.677649886213095,0.13230541597563247,-2.441883501921647
-4.514026727191824,17.05344174145906,29.196163147438146,-4.131705517693418,10.237378176188903,-8.28989327903651,-7.36799770341949,2.6684521677848845,3.9523064649064845,-1.1791458056109299
-2.8092321369467412,12.800445126343753,29.23288510591993,-0.8464062700574566,19.351236910149627,-5.831701385225731,-0.45021973120229153,2.4429081688932937,5.793002667108794,-0.6142047959462099
-0.7368347974682565,11.3918361042632,33.494784134527066,9.11984692576643,11.657132070698701,-5.189682245845295,5.026664539302682,5.482088480567626,7.0568230277151525,-0.4220870995259925
0.8926744961968788,12.903019772685193,36.72917938050438,-1.6315130027757654,2.4672154586983845,-3.4537197410302145,6.176289617286423,10.447796499083047,6.096884338968286,-1.0238819014371112
2.3795620697632236,17.407854991767937,29.916281392882855,-10.158228909403373,16.54542458979567,5.6713966626374575,7.396952210302311,13.45168034288163,2.832348475573716,-1.3126523230341636
3.6024437151200965,21.66552008691375,19.685145817653318,-6.537005045253585,22.552264564791113,21.475826393742093,2.8158949268479003,11.24165909511051,0.7152395014657009,0.08124827980854583
6.069892253160575,25.883325390468663,8.5194409432262,-5.443060375765149,20.570245146392836,25.993720850288668,-6.480401779913062,15.515358189145775,4.7659948980037905,1.2009187738325984
7.858863038646857,26.928515308219794,-5.632040577604707,-3.5695191918721187,15.84987094901534,25.666313261261656,-2.8982411858968757,21.72920456341397,11.922642017186517,-2.1257143304497887
4.895800711271788,25.785767188682403,-12.197634436515727,3.981645996179777,17.54875542070801,27.66513533827671,7.000825540041679,20.203092860422345,5.136910551624276,-7.562406158522437
-1.628347535164485,26.115054107703163,-3.6127665416306587,7.089012040898776,29.68103526098115,26.915833862066673,-1.1263861866070624,14.37183871604806,-2.9506451360113735,-5.123760286662264
-3.832565000808097,25.486320425426694,13.169188935156548,10.751330743598968,34.270448644909784,0.2845683155473795,-11.252508531774572,20.743501919985313,3.776169306069738,-2.612131645424154
-5.779244688709129,19.44199516564151,34.52035269284383,11.60302402241282,9.4901107733821,-23.422145366002777,-5.601952972539772,13.776366805949896,8.299329553896563,-8.154838297664922
-5.030671749321867,5.86910015471952,40.33749087109649,-4.726035190900946,6.888692607446586,-21.84029034923887,-9.238512789710885,1.7292564260440717,9.016402253164959,-11.69624925723201
0.7918514156161998,1.9247748345666633,40.88015065450823,8.717223932598257,1.1475959093707233,-21.075259137936957,3.04091803992292,-0.3157544101132415,11.188465987368913,-9.737808108678362
5.134019704732274,12.041809235649152,38.812825221842814,-11.04099529682517,0.7548816906808509,-18.104881823884792,-1.2541461050994176,3.1375366277496544,11.781977333331056,-6.61607596087639
5.477093384123009,23.091693501439963,22.50160842825369,-10.034787492660932,30.536674283295323,-0.7661863350184837,6.375348461971304,6.752352843280584,11.712763620235295,-3.5688917379669505
4.788313608327727,28.571239233636327,9.526394129499096,-2.4965604619006077,33.53985530216283,14.986593061594396,-3.457597343568511,9.36664147249893,10.471286741562544,-3.065290647822023
3.3348224360465366,31.380737316522982,3.900293235549319,0.6163982409461387,33.45343854101558,1.8000788485139243,-12.802878597304346,9.08828736154521,14.564203793498585,-4.520678354266509
1.5147921491299972,32.6324627158589,4.645056810506233,2.7623591260738665,32.994802659131615,-12.58369480451261,0.00991752437654704,1.998486649903851,17.320835860119928,-4.145915166224218
-0.5805937145737606,33.39702086530646,10.818731230737923,3.901304681164958,30.242807802195188,-2.60407940840828,13.431858825010668,13.448409971750626,13.113138433655923,-6.785002536089695
-10.600964036234164,26.67161458724395,25.528270305922206,4.285472942982324,28.399414847909505,12.83107426481661,11.316120908291575,14.719629968664513,-3.0174562468541937,-8.944913962293993
-13.136212115157003,1.9623095551153302,41.913534173664736,23.992932354002246,14.901309703235894,9.653974826146465,3.506938491049697,9.318715154780474,-7.395286283182584,1.0040670130226816
-11.661757711327475,-14.455373746757777,25.422303107470626,29.037694737200408,-21.74526668022321,17.777904367030413,13.960605323234763,5.132992825545755,-5.208144037100555,9.163242944837476
-15.549055714801465,-10.907085619649559,-2.413265090245558,26.667584984233287,-4.8660461238238915,22.682261148926212,24.46790784459836,-20.936800011885502,1.9463990462189789,12.511223961329726
-15.47921435544102,8.595651817996355,-3.690533584661139,22.40074881099631,28.58886193408027,7.056606029353419,-9.857282591957595,-25.45672796318561,-4.642473660396912,14.838298857578865
1.2368272311423778,13.642784374582032,16.334116861445985,24.6565754274273,7.632823168566629,-21.22433098225339,15.640522885226703,-19.85233110268118,-16.601992433832933,4.349947030457495
3.6185500576017335,18.369664296890008,24.783618976701636,-4.833391554604706,-17.824156401912493,-26.07134498558263,18.47602932200343,-2.2596073561517143,-1.0726057431285951,-0.8700616615736922
5.823312475187546,22.44883553948337,2.595970826179445,-21.090113885532823,20.931068360752654,-20.861713104078657,9.45786539814482,14.600533738906647,-2.368361078160463,1.660164591178074
11.655531368317245,16.76381823399986,-24.579349450646777,-18.29224176502609,12.032541728703865,15.973077153301041,12.468187513030383,13.117937800291,-6.591475266001844,4.876761877817332
16.27889310795864,-6.445906379709652,-29.29429767046328,-2.8404943203514463,-10.845437824003488,14.178739144519437,19.986711966268924,-4.952120830071523,-6.287863677643811,3.361847008724413
14.781742677150426,-23.134871873648727,-11.222951535476303,-4.5938903016500845,-11.904254383156253,2.1061657799586104,21.824495084094156,-12.036755683726108,6.009668158359331,4.608949596310581
0.13246565141188782,-24.80643162174513,7.312689758571013,-2.0261870611435717,-8.873428880196643,-9.803810975508402,20.689281623446156,5.403680431368709,10.936449493933225,12.12056469843837
-11.423978400299495,-20.70322567118822,-0.568021650849992,3.7825523112207153,-7.694488772604226,-12.59971872447709,7.706333473127686,22.989707867015888,7.570058240796229,3.3148331344140436
-6.858872343738458,-15.355934732666725,-10.58701915566759,2.2502507490054136,-6.0809608515309534,-8.663630954403406,-7.3706089786848885,23.57358420481605,7.591795570858224,-6.779052712249972
6.901219533288247,-12.245217358803675,-8.980696392193265,-0.4921635380882262,-3.4684120084115504,-3.6561576677906817,-12.925919284806183,16.48473505946321,9.596452640704223,-13.12368066850558
19.92600247565326,-4.116604273236522,-0.583138344671209,-0.2797706563696558,-1.8227867119628,0.029486139533372896,-11.589897953120861,10.150922091577282,11.376524909959372,-9.999267663488347
23.802008681544176,3.3743064105185736,0.5486919747272667,1.6316639807320152,0.41196009594782534,2.2980440541560303,-8.76901465699777,6.184330508423345,14.558962331350918,2.127022582289519
15.494328481297755,-4.2603800496005215,1.59324246193939,3.6578989612671697,2.56677179030751,3.437206219948253,-5.801923604985944,2.878863639611215,19.538718453387037,17.9955291817379
-11.71290988757388,-4.100049068118481,2.4810939529392972,6.874124246185608,4.665333917974752,3.5061168543224217,-3.784628328664175,0.5797884908911021,22.482378585110265,19.27198628610736
-20.731275329474105,3.2251016912371897,6.511448038119944,9.035122532254647,6.264394446422297,2.271931503433006,-2.6591978804561736,-0.5032313011292117,23.505731962479775,0.06706791298092044
-5.751781535723495,-5.981539512664443,6.391305336539031,12.958833668663209,4.503620762509643,0.6601704457834027,-1.013062698079649,-0.7075467913467157,24.420495951150514,-14.39850551526949
13.550710902376963,-0.08852662401978562,5.602663747000985,16.58144338977562,2.1966898166116398,0.04014363748020046,1.045206286815236,1.2617620790721762,25.076529879192265,-5.589081728298209
11.574306827094933,4.412554490851932,7.634207073475202,16.98610530873321,-0.8128777605676165,1.5317233485544373,3.158877572439045,5.514396242491521,26.31580659921943,10.07390050831521
0.5530297222554282,5.298477130426548,11.585445826825016,14.816832926860476,-3.971888356744568,4.682917421845558,6.430190151085142,12.856752277792593,29.450071855162548,6.886327187573589
4.425893386198597,8.579724117472653,16.28857223297608,7.678919903320293,-6.493581336241159,6.48831684247914,15.107182301585404,23.534455585833694,16.708458408852806,-12.949406389614841
-2.927106014026755,14.291795087055506,16.254988406198365,-5.824349920491602,-4.778221135139914,2.5072283788377248,23.227232328768476,16.169540662410952,-19.599718017790916,-7.766823509346205
-1.6363153794440928,12.576600225910564,12.95269281582644,-13.727982813375165,4.193447022802768,4.064030998090712,24.147090132905777,-12.195187996281811,-20.015709701372685,0.6987304787948055
-1.9572721295556408,12.901275103043425,6.543577823533381,-14.274169252365523,5.3119928766293425,15.677452301262965,10.704197512669575,-26.89387332014751,5.988564007175503,-2.7934823958247947
1.3658612975893867,14.162666900530393,-0.467673081501268,-12.998961277240983,-2.55310314663143,18.65752392892915,-11.722084566958841,-22.141936820679035,2.1336406039654254,8.570048681731338
10.444476809765522,11.36263516050942,-8.972615187604019,-5.042479742323485,-12.177651130190396,22.031993762776953,-12.816935857124472,0.08698590707724504,-9.37396683771957,5.764105311079871
15.542190098282804,2.4919986579428226,-11.008872599064876,6.518102122661264,-7.221170516505357,24.839589905521375,9.420759309124218,4.460453164710507,-5.6547302168490985,4.600852404659035
17.326595907640655,-6.114906660264808,-7.6198284209339375,7.1682875620838304,8.31811112731067,25.32229054671381,5.8685250928439405,-9.631499515290312,-2.6353853783942656,2.1737513149425007
17.818171314748106,-9.23593671493652,-0.3288716091080523,4.684429113278843,17.539563416433637,17.852763588175865,-15.905686190292297,-0.7789340730690829,-2.30698336076543,1.8190940240797973
17.66228448518257,-6.058521798513225,5.775026686923611,10.491309492969163,19.064898975709987,-5.326154830904482,-18.499648106781457,6.489074946786366,5.503713386275853,4.014871557096934
14.138526666442079,-4.189196909644621,8.090000377497995,17.840807026794625,3.5950731585266302,-20.776897985418007,-6.523780071220457,-5.345933422485502,7.574330900756829,12.013749604419317
7.610720527522706,-5.665421439215616,7.786474189841809,17.830484253692276,-17.33237916166122,-9.174831327539769,-3.9309614068858445,-7.654769937339724,2.841202879940566,18.187965469258028
3.566510291879967,-6.517716211270828,5.927833005520948,14.595253814677452,-18.61558541876905,11.796977237170033,-0.42776702877964484,-5.226774540489218,-2.764546942665522,19.104524714455316
2.8374312997107487,-6.601760721410017,3.8735284225498607,14.188776656047603,-7.463264147830075,19.982421069218624,7.622182786480124,-7.8813945727340124,-4.840673200059446,18.521065826402992
4.809942077183439,-6.570317915698677,1.992483565063321,16.16103951257851,7.802375382102487,20.25133174156748,-1.611550981709858,-11.550372610113259,-9.079459758762628,15.116707452682643
8.861357685705261,-7.780191393529021,0.37330234355779246,18.466155673726632,19.0948157596317,1.6254022976164677,-12.710280063385827,0.8285271974104935,-12.287469308224575,9.19329695375336
10.831090888940526,-9.771379895403774,-1.4112203936929084,18.77020917862134,10.884139421512717,-19.203340954972344,-4.17787258782866,3.5063939451063604,-7.031376045417523,7.210056539165287
10.4334674066269,-12.179316892376052,-3.781649284326221,18.515914804985922,-4.2669148334974,-19.405710234766783,-2.691134599916372,3.680560041194911,-3.3447097889523048,7.029568279661858
7.197115893255275,-15.33062794006313,-7.758137944732172,18.145482015345433,-9.716935607179632,-6.720226751194333,-7.975865953531385,2.3547486542113085,0.9197483185290697,8.287772777320125
0.23878920748160512,-16.2190222026071,-15.291284862746593,12.629750985685321,0.39767527617631876,1.979082641228467,-6.322942983428873,2.5871681996449207,4.5780356177838035,10.099649459976945
-7.507053710443494,-8.240830512011746,-18.700192559674036,-2.0498735259830063,7.5987064355581735,1.4439840881522303,-4.212971497820912,3.302566100996305,8.558486431066338,9.10279388986924
-9.157993606423009,4.582049820321666,-16.078473844448123,-6.541221032031501,3.7208991216618372,4.258263914968949,-2.4031033008166904,4.043481082285534,11.759671962282772,4.378966106421615
-7.1895238031602915,12.672363830258993,-11.210340470448692,0.35014038500031136,1.9749294909994102,5.901326489021932,0.2843362192549743,5.297476405630642,13.622432108599325,-1.9808293004857982
-5.178330339735352,14.548645426849246,-2.1473740926111846,5.61833891267188,6.056115792485642,7.2416100702053985,3.095839908666248,7.639356022862359,12.591846760826106,-8.368123023261631
-4.668151875848801,12.833537232191636,7.570094357566342,6.734240539316246,9.153586802893416,8.061340801545633,5.184209637951247,9.54835174417193,7.772809419756722,-12.684765850367388
-6.688968711814982,7.226776456765838,15.620511962874641,8.104963210993313,9.651222897864109,8.916788294513042,6.98526753757625,9.79870467147027,0.06290904273977356,-13.00227199458986
-7.569439740926309,-1.5317801351141678,18.86991352259958,14.501786421846669,6.279528767859832,9.087785380940794,8.332000094829926,6.3505420655158655,-5.464673415355482,-7.970570545437952
-5.750152739862102,-7.183294257594281,13.769777184266875,22.86151564398712,1.1083449482590368,9.245651494135728,9.985436712385612,1.016802006344198,-6.132202019011226,-2.3189534162229832
-3.4780885146924,-7.095365911444408,4.2871596543407655,27.32271309748188,3.9784858743635554,9.55656416918763,10.102764287732759,-4.453298287788537,-2.906939317355773,0.3701254685308349
-1.6564754439120981,-4.589676464638094,-2.988687098561273,28.12140241127286,14.553686140444874,1.841909216277593,6.793846729899677,-5.347913195512127,0.9879285868769964,2.1652830709284436
-0.610335919878443,-2.2044892310277016,-5.128509412623689,24.49874896504366,15.55156236665683,-10.029158836761445,12.677363966476236,0.2776715132933548,3.8484199634451475,4.324469081864021
0.3983976336464687,-0.04420259997204086,-4.218375331162567,21.992229321286445,9.382541370639174,-11.991771354674471,17.223165132588544,13.992474784083948,1.6996656508926298,5.008584939088256
2.9456233540048182,1.4997591052556876,-1.1811939133283194,22.169939931476524,1.245554468982382,-11.207075224490934,10.526525909618593,22.45843200428593,-4.041468491816149,8.15994792551492
6.0340696332463875,0.740133834109186,1.679445359505699,22.741673112480118,-7.291985215499732,-5.558564846760997,0.14149670287245958,24.97940954893153,4.719689713794153,10.724939558808957
4.648359651531417,1.6362551602586377,4.659786395064617,22.00115901748326,-7.750800050160096,6.2753517242188455,2.907961382499872,25.808435290773748,14.909001745033963,1.2467782324618806
6.4318119283182265,6.673790402767337,9.289046686206346,20.188513466228034,-2.993179697039102,10.937668990270087,18.92644670136127,24.58893877332371,-2.6846696306142235,-5.65572322905098
6.160043861568333,12.81712264726946,16.155630730809495,13.830328099323056,-1.6095990689102582,11.79973278209342,27.601970794703487,-4.741837435954596,-16.144978826637,-1.4545298576808836
3.6867177170570162,19.198441963168243,18.533871476404972,-0.678571713266509,-1.444678714220532,11.756258455099411,19.232246258715673,-22.773029485818885,10.008966129889458,-2.4400774337271205
6.87676135374815,21.12184678171827,6.019418227307939,-12.856106643096052,0.3380973710374348,13.089400788093101,8.39026566754446,-16.814159123560874,17.454390546228286,19.893337097732278
15.124021276580622,4.657542625709766,-8.743918714569828,-8.483333893986893,-6.2733878751597745,12.515973049861161,2.0289066802040816,-14.243147995557141,1.2137195672199452,33.549242397081066
14.596598175842022,-20.35475122492691,4.0966196903187395,-5.258510782430392,-9.362750608969067,10.934188896959164,0.9891687427121282,-12.784757066844557,-15.818482974488425,22.326387245081705
13.952744938439034,-15.58600133747549,20.520388121626166,4.693948836114094,-7.68975815232877,11.32114580818514,0.7959186375487288,-11.472423731380868,-19.087130227819436,-0.41785973882748645
9.12671494736939,7.161845157082409,23.2816762104566,2.4939334679191156,-7.93284881065812,14.664771456223498,0.8083110856009678,-10.186956182773864,-10.7498067987886,-16.707838300171396
-4.074730361427773,12.449687315444576,18.941395049203262,-14.70681887564753,-3.8540791488219495,14.025623039973775,0.5056495456467737,-8.58365628058272,0.44742278941858143,-17.430916186667954
-5.084552171913339,4.733192809666269,14.889521452302835,-20.340293382849122,0.7728731433748516,14.451235683493609,-1.799259586848588,-5.780147247144481,7.846239049761382,-14.47400223998099
0.8956334655671454,3.3408279738890836,13.515562329332964,-18.27634905930343,1.5413492386110843,16.760817069526237,-4.350788932338919,-2.960985077810485,11.417286726658231,-10.665951767664748
5.6457713905356774,8.36860625277156,8.806464260000586,-18.608427931678857,-1.963015238744664,18.070735105221214,-3.162711159374515,0.27741205092499566,13.162725200606092,-4.853148912815712
7.701172742720123,11.452187365415712,-2.638414366098995,-17.778844338315594,-11.848484039365966,12.899318331591973,4.827742842530847,2.0544817321584725,14.46204151593403,0.7200752240963877
8.61489144342405,8.476773912767403,-11.305980776699249,-4.694041747685423,-17.367197147249836,-1.9886509976892808,11.145105662329144,8.601329969403167,14.067150529287245,5.016182113873227
8.31122480144457,3.3482860506875762,-10.392896119929471,9.234659927037887,-13.94158344148969,-4.725873863136885,5.21194901623878,17.971772551859544,12.998920543328445,3.1999009527434086
9.340386339098165,1.0844819417211429,-7.733315605431855,16.55694224006885,-5.975649376628939,1.8992424570216893,4.979084173998105,21.805301258293117,10.860368848415039,-1.6836216600119138
11.747659737014086,1.2976603753674278,-5.020481772127695,18.15278934819739,4.740905463388018,4.108789504128485,10.676495962971503,23.409099223407587,-0.02057249658152665,-3.4176634141607045
12.938552800011932,1.6856698657299112,-2.362000958374107,17.854613622549003,13.060348817694464,3.7672233695774144,14.438118420369578,17.189087921028325,-12.345795795193224,1.430475628713064
15.905458390067187,1.409677073154615,0.07858786941775243,18.27648751686967,18.615067977463653,3.075829047697774,14.878690414388586,4.6428275929525,-17.001166705806448,0.44773038908579266
12.570596804308332,7.197181421433677,2.7150968480671143,20.175483801980736,20.422290532840773,0.2365030177188815,14.329620509786604,-5.786598991551398,-12.655242927376362,-9.751875713028431
3.224907625819954,15.510549940572474,12.536513201796812,22.336814972206476,12.342563293133713,-3.06324004082704,17.364932415312488,-7.122466386451187,0.2300084800607908,-12.57398156403744
-1.6898429768498149,17.005632977589542,28.123234998608492,7.4444620828324535,-5.568693021629575,-1.8612497411309958,19.354277831822618,1.9194479580748058,6.705142149629418,-9.843751095768344
-4.711630299251554,12.518045671939117,26.43794635639648,-15.468459657725429,6.657470347540221,-1.602456162860187,18.96190876318751,10.064124549343244,-0.9093571865368265,-8.733496870973518
-6.634936354082099,4.848495626565581,23.973281604786195,-5.649388645912085,18.43703333516428,21.779426071733596,13.57796401823908,-1.2439128147194771,-6.779487515212724,-3.4018679534386846
-5.147492642440795,-1.280299230900279,25.128153673571774,17.788937426238682,18.841170651851947,17.62600258010854,-11.935225544636033,-0.1459788136330056,-3.9668550092280617,-0.7502781840603014
-2.981138022245537,-3.8432852858844475,21.14173342594967,33.10443336632229,-5.408426429889015,1.5196248229440121,-12.91766412339059,6.789060975282702,1.4811859190014809,1.8107747462294377
-1.6854314055839599,-3.68275731246393,15.851086841470408,26.332015321485517,-10.75654392053066,24.721485715197108,4.442478628624419,9.698768639079809,6.53261421677965,1.1236797950708497
0.04268294079952149,-2.0263045755006526,13.423404651588777,27.283077173854693,7.594129250382243,27.451627137027106,14.797400777448386,-2.4814947089121158,5.959408932482539,1.1451430072204292
0.7185892138620606,0.2596577017839368,13.312401212670824,38.50602398474053,18.119113273903917,5.375673572858431,-3.152675255251048,-5.472135037270319,8.039392293212943,5.518541057876202
0.14441801925666486,2.4790112716630985,17.560412941738416,38.63158062911705,-16.188864319851934,2.8470669336177146,-0.3429952564844937,-3.9307265793928563,7.276727950270897,8.982757501532667
0.22889592194872524,4.226140836337148,22.822097176293553,15.384335394050966,-18.8725478155198,25.295544106023296,15.426614865476857,-6.301273392281286,8.51097081783141,12.21148505945786
-2.052952998422511,5.905176713060674,24.346807142199644,-9.729866154479573,-15.018742272744719,11.27413329922817,22.925371713393073,-13.20007481400161,12.907160449405556,18.957075388169237
-7.819952431456041,7.339372832076929,20.830752796671597,-21.379357017112437,5.222692072880105,1.5937309134173765,23.854658867484112,2.121935354196468,14.836459222272653,21.294660452719963
-11.08071282574995,7.125389017180883,18.56550073999901,-14.814658441813545,13.10840555968633,27.016346545328055,21.002764785703057,5.442586755583616,13.701965508752776,10.479073028772014
-11.424161736597474,2.0383837124450004,19.447713461369176,-7.962280374795585,5.716808613409333,39.9069833211823,3.4813802934383435,-5.693229425867146,14.899897340496992,4.8820442501716155
-11.526455204147396,-5.36068307119491,19.706504042459077,-0.7139907496490349,2.747488243772468,39.981087704324516,-8.077248609077214,1.7246396060497065,14.932483319696344,0.46603960610995165
-3.285603928266814,-11.957173374558822,14.068124710381763,13.787447765954607,10.92707080468108,36.531825601839536,-3.6783907221810086,10.27202634368533,16.359125259027326,-9.405392192964344
12.969855736591407,-4.136453403113272,7.461019724825757,29.527230800422693,27.185784475128305,6.634094921922373,-9.711467214295904,13.988985746923886,14.172615584899958,-12.496047427661573
19.07451974414331,13.668305975440244,12.449322131404852,32.96162049901268,-8.199647917260897,-19.549694364953368,-7.9387330504264355,5.775920726593903,14.055302061308334,-5.624662008256761
21.74148453807023,26.79089973593235,10.140483214643393,1.3878936307493908,-26.30845680928971,12.865882701034355,-6.40538631875352,-1.1027186166018201,15.56689987487342,10.610790820954843
21.503360494038986,-0.5025882014006355,-9.205970255692629,6.1557763769120335,-22.125425637311547,11.095828716318396,11.432803687167151,1.450774889992968,16.470953883512088,30.652103239440503
-19.899634223871455,-0.2301796770746155,-10.08714287399195,11.641942539972362,-11.17421252547232,5.945279880908057,22.59493627886054,12.560614291146438,21.099181978068998,25.135928646449226
-22.77458243344898,10.16482175560954,11.65605135394511,13.419115510923039,-5.30589220086912,3.518127514988521,29.543182957976715,26.074441595627604,-0.5392756984417957,-4.739580192277698
-12.461119974542422,1.5240678357731885,18.75490749825838,5.722758752058332,-10.041653546388849,-2.835258627816447,31.754982981795177,2.683157587424589,-20.241796392335306,20.43537210398054
11.42591175395664,3.888601833931026,19.493647562528135,-4.592413368968261,-7.507980602349941,-15.74700866110383,30.66793366859789,-8.165037878191406,-14.434164992776013,17.043742231865142
22.531257458427117,10.34784895907382,11.63592461109302,-8.581019594114158,6.900637358662717,-13.071372276059895,33.42577875723619,3.1107239703547056,-9.701228520768945,6.830898106973715
25.592871492358647,12.24064918161077,-6.6939329805979195,-6.49919266251348,10.80040591444852,10.424145128215923,32.99981013202669,-8.651896375077099,-7.348432508193065,-3.7149847774323876
24.072441062402962,-1.1882448524838993,-16.256939482636124,-4.328345289072011,4.727581320342888,23.142973424383445,9.833366399508416,-22.078756081191095,14.083486420991232,10.546677218249489
4.876731646223765,-21.388649575519132,-0.14818118215595008,-7.7269045864188115,-3.976882082401726,24.489361038536117,-12.855857810675868,-13.857714547631351,-7.934837120993439,23.55601721359477
-4.112020260208017,-18.837910966281207,7.32740298668794,-1.8976155070618221,-6.847514757756157,27.030339306264768,-3.5311040009141785,8.719395866292249,-7.766999620446118,23.844095167071252
-15.735000111197971,-5.241858598935081,2.724949411202692,2.330728251591836,-3.87736754382795,25.975898241612654,15.17070115436651,0.7197886114274413,1.1164940989759815,26.274467123652936
-7.851593266648296,12.33517724770664,7.798153369357395,2.6388291399031227,1.3091614078363858,25.781609918431737,8.434166063291567,-14.328043602251729,-2.0917472423051673,26.378407078739
19.860533320687715,10.480400243382476,6.8020184734095555,0.1413617918770188,4.21433683528004,26.120199238706682,-11.062824509854702,-6.854839307839096,-16.838655375521924,16.502877276385757
30.219904254210803,5.306880382487712,-0.8446059785868145,1.5238838778910109,6.582675360200917,23.4876778433995,-6.911761808952258,17.633777592824792,-9.615274508019716,2.910985546582026
31.35853898245486,0.8111082285650155,-2.943576138598138,2.4449629813728806,10.950141441578799,24.049984773002027,7.855225280138441,17.336959542624587,-6.435193173708847,0.8734747024667014
31.01495991037415,2.103249240033153,-1.21963107283778,3.2687495780599316,16.364856226402722,28.336323718295972,5.206445076922506,4.407075649381161,-9.185497844304827,-5.767749795229272
23.5718674710314,12.646732835253019,-7.946733370817884,2.9697461027348853,22.493731862361162,21.813498413169416,-11.233453900921573,11.989102350041728,-8.473324502219418,-12.867021382889892
11.690356199313916,13.92644852254901,-16.242809246375153,-1.484126411296445,25.072637129187108,6.4624660079914005,-12.137634052685033,26.177787226584808,-4.887079325766396,-9.667500171985575
8.065555234656951,9.830861369763072,-22.65466651252375,-9.699334411406477,19.541037001439875,2.1850204986737456,-9.139216665289696,29.494320636909936,1.9901369680647047,-5.915498970709131
8.492988886693706,4.184041266929002,-26.291046839071406,-12.990118439365235,2.399653844311509,6.940221982036199,-2.2625680498924448,30.051439422721856,3.304518757044484,-7.574361667969261
9.438189212554798,-2.969990102978906,-23.730060924201602,-3.300799774971116,-9.366651839334716,5.054327560437416,11.407733235314529,27.641199712461333,-10.598321413520381,-2.462669210273362
12.2625746156074,-13.226874976722739,-16.742322232702946,0.38835352724445726,-7.7302854439908675,0.26675709321956437,16.908307071736594,14.077003870623555,-20.377363018774332,7.940703223157339
14.669904705425298,-20.81731187256509,-0.052896012377069014,-2.369141431484229,-5.360994494750981,-3.5384563407999226,17.120190385305854,-0.6089893538781734,-20.345919029923273,1.5009242089345856
15.469844259318021,-7.220496096587011,13.494696109458364,3.839275544459527,-4.227011082585645,-5.1200999039851505,18.612038766021175,-9.071725299794332,-10.662663485817113,-12.931865406417536
11.828281990867417,14.886524293265008,12.308387910326665,-0.861622784364152,-4.554602380437557,-6.90959412363192,20.316472317331254,-2.782440098391921,4.216576802447275,-13.634155890942646
3.8450655706508363,23.69133203067984,1.112446022241568,-6.291649675581532,0.6830502771215482,-6.830308997777266,19.06157232139076,9.745012414969715,-0.15733090834675328,-9.699702454262452
-4.662670276481041,24.59252363763866,-0.9240458182910998,-2.337490560656919,3.2530394422998183,-2.29712682138854,17.90504822299693,10.096163938198478,-11.870297105763997,-3.155328276501506
0.5855388816866044,25.510026790972272,2.9092701588840093,-1.6537556756845322,5.150692986636164,4.151025327858438,18.839152354319662,-1.6863492653056174,-13.555468597748439,4.305500192525334
7.119458690261005,25.31498270205731,-3.1426053742544333,-0.18549082193191085,6.4503247576286435,11.057025666917973,14.021363437044085,-14.529174473763423,-4.887926520801912,0.3861973625470736
9.343556079257613,23.529917296931476,-7.1193752145912965,6.154635245968819,10.956276777870661,13.79626087972637,-0.7421785575069828,-16.606075827962627,2.3378778945957084,2.2296501695910513
14.96743792269895,17.613043974905814,-8.53327060630734,9.898886720249182,19.39462614197246,2.263046585497353,-11.953998853231102,-10.594411045268535,-3.3838895576318944,4.305792341655215
18.15058926739994,9.159454310265373,-10.796123866568843,7.48891117346413,21.738187080717843,-13.16489272423289,0.600520836956436,-8.064564278281559,-5.7007419976878095,-0.6463168920436685
18.534740720739347,2.2412517931481517,-11.949750952839713,-0.240639420386201,22.323565939860142,-4.185499865346581,17.16395503402753,-2.0984131565286552,-0.5900251150380531,-2.3353024544671706
19.398049207195125,-4.614892227832943,-7.656515994967005,-9.499749398832087,17.76626409584546,19.465763061914288,9.144370091406799,-4.570490033910402,3.013030519788737,1.083501235446355
18.122408480388632,-8.097615040384186,4.426706084671359,-9.321980630956176,5.694874985273836,26.695045157742765,-7.552281863426269,-1.222481898565485,4.007234354269504,7.016546348367441
12.944295921381293,-5.66379197217513,13.75852158290835,-2.2501676169511136,2.1218076379456137,27.26283011206587,-4.011264250369509,7.99327023993679,9.02720154622253,12.053885056117833
3.712978431726918,-2.297847967158422,16.76207518860943,5.198466512623352,4.739301412745048,27.982910269762147,6.369983491193481,8.916309331428403,15.58264348088219,12.648348350712542
-3.776588204567125,-0.6429087109167826,17.34909396355747,14.441075529394992,11.566451755467757,27.73490272333886,7.489086378971187,5.793245803709277,17.726683390238087,7.584163399932105
-5.0467879343936675,-2.038360741822526,16.98874764872699,29.7106527729857,17.615374485598423,13.702724523605163,-1.3639709417218036,6.301117880894619,18.94246491702203,-0.631767938627437
1.638830319060206,-1.81625536354498,13.648803440360641,39.218764575766265,-3.523892379998174,-1.152942113369371,-1.0081186871810854,6.503545696551646,19.165649393700452,-6.549576968362477
9.004043167248158,6.3629380187024225,16.706858619065642,30.313604481639583,-12.495948270094994,18.20282254553988,9.17135079256049,8.012872414277897,17.134705657724503,-5.815242201220312
11.188500812824005,20.040451054002027,22.517486577130306,7.40434678835703,-8.646689408220432,20.33041374462843,27.617848362029797,2.4336581139027356,11.16066273378752,-1.2010987936585504
15.111182996816979,27.114412004874264,-0.17742686321098616,-13.266718511774076,-7.381919251614643,7.63152545575321,33.551995068895394,0.7610234105590811,13.34895353010882,8.661491148544465
20.335157357119126,3.6363673477380707,-19.696204413639137,4.843530943526672,-7.850348831408373,-6.856128220346025,32.448452513950656,20.52508213182889,4.875589563502262,15.141776187379469
13.844735530015726,-23.31007930968391,-10.259813823205608,2.7114731340645823,-3.119204290560227,-9.63666737463011,18.751513799240346,30.54277626362059,-5.854240234922167,17.875389301076464
-10.632813394930931,-24.26885330230322,-4.259759957303491,-1.344882571250906,-1.0231373746171066,-8.53284078969947,4.173083529666092,35.02887552080587,10.33282069368898,16.89402581870996
-6.459109088916098,-15.531082695053325,-11.331921713985407,-7.142544614868952,0.597997328245559,-6.263761437693116,-7.0741314336278265,33.31354351612669,12.665466187145308,-19.56905530646299
12.902019575003038,-6.982835558087174,-0.3228986300947525,-9.262652049002433,1.787707622183691,-3.978842356633918,-12.000268248583602,30.10821701382118,-5.825134024684072,-21.52542755778893
7.999949186864604,5.256185430011716,1.9315356516767093,-6.778545875205624,5.8645197644420906,-2.747139070967711,-13.897820977829895,34.15286678582302,-7.861281246147875,-9.626075701532631
6.939531381188351,9.32214192748892,-0.5418963518752007,-4.2574958754126415,8.450249228039668,-3.926890081581364,-15.806200516948008,32.16617836366743,8.429769346541274,-7.006636925921261
9.748051224731801,14.56714867046003,-5.4175640216156316,-1.8534247542875106,10.322929566748645,-8.069604692832378,-17.209176926494884,16.740986905437186,16.314160613642972,-15.344449214361383
11.567027439149005,18.277856073219127,-11.94006337641552,2.647855228750864,11.835417332719855,-14.338168739057103,-10.865075824709084,-3.1633568717493934,18.113565177549862,-8.431457584873627
12.185028741147741,10.457735444194268,-14.780900491000907,6.481217690134372,12.783448054920909,-16.243267584589855,6.6659370047802025,-5.236412465298823,18.01391773262216,10.577225268885478
2.4006566062406725,-0.31738283067876183,-13.227503652739308,1.4436107972010315,14.179537296219422,-8.897379721503034,14.496799492575034,15.012155692486363,19.67076629360806,15.32892624444927
-1.7938515856077784,2.679376739517574,-10.633699896277887,-4.358135116173616,14.496161833082125,5.236644430984406,15.503913999281453,29.591798962474716,9.203931311037973,-3.5003292812021294
0.2605479337003574,4.7767649763328635,-9.094091028402497,-6.2543283973229045,8.790877179844063,21.938425632399515,23.85409292320312,10.26462025990734,-15.797720876193841,2.775605611372675
4.134922997526862,5.067704697542616,-8.720851220766926,-4.182487712804241,1.2550393346433597,28.86338367750294,4.722812555651167,-22.885954994207058,-7.068959174454645,-2.117252868039927
3.220691237085079,6.1604329543226575,-7.783822946049898,0.5625574096942357,-0.18325026223255,29.60273770997663,-17.160339547815997,-4.2385006176817965,-6.92109457496375,-6.061268449090218
2.1525827246993927,7.502543475416933,-5.2961233460705825,3.7445352518045665,5.881112365820437,28.73218813234744,-3.8290696746202695,18.768977245742246,-1.8224067988624642,-2.7478001213903123
3.9797109219244535,8.705125435511844,-2.379027693972142,5.380029599649803,15.151106154085817,29.16400453922507,8.394504512269265,13.235774531544282,-4.185882562394009,1.0820945638402906
7.143993284973795,9.250926967037117,-0.16240512843797772,6.616491767303311,24.95324854927906,26.376313517928203,-5.3328239439128415,9.38719332210828,-2.3055726949781894,3.691061695597353
9.846747615872049,9.172866060509621,1.3884477330779268,8.725866048586218,30.509391801387896,0.31053679929150685,-13.757283444066884,15.897117645451926,11.027608044344685,4.504133347555277
9.803835284900241,9.41986117746421,3.4293042862195064,12.343873772466523,22.567113209734874,-23.754384409067352,0.8576174912444805,6.879367745858131,19.817914270190652,6.403879121963096
7.882366326510384,10.592434293355954,7.554814657591956,14.09613363786531,2.8789378629004503,-25.798561296914126,2.2759770272641298,20.339019721869857,20.713764740701176,3.087673412675661
10.07105839001525,16.510152214947414,10.09424982962415,5.95012799549571,-12.614586611312658,-15.164669405622703,-18.488470000960135,0.5388540436627,26.20702123399872,-0.6142518790855658
12.586120446072803,15.627106193202927,3.138005236149084,-3.3709532759114333,-11.094852588923935,-0.890096877799363,-16.926772110638346,-21.810907150105063,4.7225392461115625,22.156818076794014
27.683796997279472,0.2518812140071073,-2.6406308342952407,-0.7709146719552982,-9.03276833361009,7.545325634537027,-14.549680934658234,-7.809319807884338,-20.525129435024407,1.3534773194237109
14.771476356401191,10.26429656747302,-4.341208353021344,2.924298295153871,-6.017498500177894,13.722714361642652,-6.055887036851281,11.280567977442235,-19.559115335342188,-16.844195103225722
-4.296972298096431,14.061290721788575,-0.6646080884873453,7.8715458097566735,1.8015091238257357,15.716007550334474,7.283053650202562,9.777604736987293,-24.99622635089137,-3.5942107715847107
2.0860798790574067,15.124566128321037,8.424022089168103,7.5322393873510665,8.131172075698718,17.076553122480735,6.197441220477993,-5.073632306568852,-22.864242784598833,3.4084403370218532
2.0196069096173503,18.703092221314233,12.68839131215715,5.53336490478212,11.50249743575085,15.025790984005727,-5.4060527969926335,-3.583434106920832,-19.43790648068234,-4.97655204947548
-2.574346628570657,18.31577997524742,18.691274572957333,2.1765074770834323,12.397147221258503,9.03147670557515,-9.01612242726417,9.759238580247144,-15.144626656959293,0.8056899795332227
6.8510456946124965,20.062547348452465,18.424302245929727,-1.622847985506489,13.590960220284078,5.909883671659147,-5.938177279817599,17.6812090506178,-3.0093152292693013,8.77960641900727
16.35793803958165,21.941812525741714,3.23363644694638,-3.66373103190043,15.581125583895565,6.517966477183685,-2.668311243578072,19.412171817398917,11.500191448694222,9.281740903745085
17.240485532248773,9.869582051008132,-11.787991973463127,-1.863687776297927,15.48999881745555,9.61661744314547,1.0720926184994828,20.16453951684668,22.81406845479726,9.374693407759873
11.53196088587917,-1.9144831032825707,-11.945769969470794,-6.961339306128194,11.71548406259292,16.204664850910575,7.367929304902624,23.477700077104824,26.222006143128283,1.4432633704158577
16.2469046093163,-2.975406457263624,-5.8871613964137115,-8.948418050512142,0.5188994571381066,23.903330900318007,26.912181843598248,18.851351745284354,3.924146212724022,-6.074085298123789
17.516545660462807,0.8859582766547461,-1.9285528878869198,-6.112053563786133,-6.946801031829881,16.951403879959493,33.104263552052664,-15.932660231244913,6.120853271451955,-4.071752723020024
8.02829304413769,-3.887630590855838,0.28050661132907395,-3.7001846078418734,-7.714083736912011,4.506509444036735,29.983600484038238,-2.486425011653173,23.511188171954583,21.729057554535686
-11.363315117410876,-0.17634421434452746,2.4656712450233913,-1.7447257141134918,-5.088584962324849,-4.405405083426629,28.98217354334994,31.21363590682635,12.068807458102917,4.977558659580054
-4.5145037713249945,2.929550679302543,4.7468568188300395,-0.3395680712544542,-2.4813407908132046,-6.8447278945695045,17.759178050552958,33.15520406331935,-15.55111862163116,18.938661916497427
7.007060241203223,-0.34367174728017547,6.009437612926818,0.47859805425155844,-0.1914238322793016,-5.562491802915497,8.823396627290231,33.01871857096991,9.22973133613126,28.433783794113126
-2.4968110161313604,-0.12301074797314318,7.527474356666822,2.761085527983089,0.8474054939522131,-3.2912218540689597,2.5001844714766097,39.62797170938654,22.290590416537956,-10.571997566164876
-0.07582988659737622,4.960218631484745,9.277309436223016,3.8400725977152077,0.8731219846150773,-1.2213829739239446,-0.00574346863990588,40.45989703819442,-16.04184783738687,-14.103245762254996
5.613208866817415,6.059032202912109,11.505762877176577,3.2668625416821886,0.6841826857666515,0.5749832353001111,1.2669466994399077,40.17247810116493,-3.0670964256730726,18.858879139547557
5.411996134564815,6.974443120482208,11.776856134099514,2.304971636348482,1.1306802534960831,2.516724828960248,6.144019720955002,42.38752339238692,17.29683160420219,0.3502541285943208
4.287242086187044,13.686651524450587,10.925712677728164,-0.7768444937081544,2.678264204680159,5.304511889404031,15.317614738581026,39.84189763898795,-16.708549500591946,-1.5372018131524365
27.093314144065335,10.303310010623628,2.263111675125842,-2.712604866087414,4.4363274165900215,11.290573291806924,24.310517895076263,7.092730754913187,-26.421538539328512,13.258743017826466
21.224169030853375,15.311096073640662,-9.574942137976644,0.4875384463204264,4.925421159490647,17.56262491934674,11.642698589838083,-26.11301946536471,-2.1684167696870906,-21.73330568855912
16.8778182258671,13.954338569446815,-18.011542990817087,8.29054681769378,14.478659512355584,14.019933321670246,-16.351268111265625,-23.721366333604042,11.37785897144004,3.6809711870890154
19.978190258561835,-7.007497899049132,-16.071572117431728,-4.117948512555389,21.002095319257503,-8.365327084095027,-18.631053026781142,-15.138998012372099,-14.388687551317272,0.9028018351745073
16.960471031764577,-2.878680754938302,-1.8520243879025233,-14.050972279349107,22.437954838201286,-3.6998946812110707,-2.0004369038970236,-9.590772070621634,-11.778532725557055,-20.37776190661009
5.560146169762628,11.215856324025896,-5.536046328437339,-13.187618465074603,18.915926088431778,10.56668061529642,-5.438776834280625,-6.287466989650111,-0.7931864568936214,-23.558705202694846
-4.400180671651204,12.972597088739759,-10.874252341748262,-10.456010955524826,7.327150359158649,13.677750660339361,-13.029308271238042,1.4670011053084706,2.9395816555798846,-20.60646984041149
-10.996751434659535,10.405064110455408,-7.9302289690025205,-3.675810037166901,0.4477993980378702,14.531085109498855,-8.36972499017505,9.604159455380865,2.300913458194495,-19.64908848873576
-15.397560759767478,2.871737881975188,-1.9787808997480574,0.2531548545179979,1.096659963199299,15.841122088912844,2.4956697948700675,13.173309848070929,-4.952232600815492,-15.452937011388572
-16.48491490767421,-1.8678380197511684,-0.1253951300867541,2.0135518958894156,3.6694717473038043,17.70876744094778,10.670968237366719,5.126229502286394,-11.10687900406692,-1.5935906250892196
-11.656655996961574,2.1898945517560358,1.6733153817169328,4.049867292149784,8.432509235537218,20.522292284714133,4.939588211578474,-6.4143243445659825,-8.908268270267314,6.8106915712977205
-3.758256615578331,6.0083458046809195,6.321605744934947,6.9685343068772605,14.031233716242442,16.747927119585434,-9.02270829033826,-1.1075216736021167,-8.76162431736094,9.679048349061356
5.144444531587504,7.437697540900868,10.693268190733685,12.374653038463471,15.337560839180803,1.8377279598823575,-11.91947469796395,9.392025929069614,-0.7108322062210243,12.115064291996571
8.298261063851278,9.026384143428409,15.2629011046722,14.908128845934502,3.7925815890876153,-9.132495798889746,-9.343870857828596,5.681486007444486,11.313912205896546,13.578468998083586
7.346146201616514,10.985866629351303,17.79314032487345,4.871368698519467,-7.553985844838769,-4.04495381530836,-8.55548629465747,-2.0478146503640113,14.257375770023067,19.199146209980757
7.3417408406517355,10.280059844118318,14.176213357840787,-7.59664612984166,-3.9357409127655263,0.10404737171870904,-6.494936575677007,-5.140218168697043,9.558098010788072,26.848008330100495
11.319030708316415,3.2287145894411498,8.692704495278965,-9.802551006416351,2.6940720882868447,2.1225931485967755,-4.681643619438343,-4.478851804425952,2.5703941040569096,31.467730392875986
8.83068144247327,-6.784966417224456,11.958083696696914,-3.6367954011039596,6.832683393227142,4.6121229943922994,-3.777016081139026,-1.481649423332854,-1.2032289668717029,31.856797120566373
-1.5260647532972955,-8.147547925039836,14.053725086971326,9.078123762692162,7.090718591498894,4.024219610088265,-3.3377976210927662,1.1535792649400112,0.7608561979055598,32.037742756873065
-11.567088538510312,1.2914746522038834,11.36281467159787,15.948701018457426,2.6627672620889538,1.6156827764776438,-1.6770363009759375,3.041744977334183,6.538259627245132,30.581505687290903
-13.74864251659645,10.136892628511546,21.90824753969077,10.428644416806646,-4.967041996102658,4.16798717000112,0.8723440989756982,4.822442829625361,13.465282303007989,22.44892698823791
-16.174912070113116,2.928081157945603,29.66972003584735,-6.043802413713348,-3.881565735038053,5.31630622158428,6.166958442166698,8.574026734462334,18.08224305781419,6.31186204755283
-7.567497787763916,-17.19041561694156,25.40759589536258,6.8731393974761845,1.7548597479860528,6.970921418227139,11.196746578487195,14.145715557494729,11.547543734736458,-12.320708105073722
8.010193850108887,-12.54572106543291,13.490637025898844,23.3438477711243,-4.784083162238289,9.067961651700259,18.645793062466673,11.110046010713742,-6.37647014030153,-12.69831427252773
7.84008566982232,-0.331770582238144,9.896470740741897,25.067757363646095,-3.3926900090925356,11.277115656111551,22.577117281122607,-8.317977413581424,-6.652818938888325,-13.184408348281695
8.723333300457139,10.211076529441737,15.427583946824795,21.541571220501744,-1.1211980230680938,13.123054131914115,16.900865174841822,-14.005486777404716,15.363823723912727,-5.407044662831622
8.736975321952414,17.48090304541881,20.539109523242697,7.151626512554612,-2.540244976682204,14.312873597969457,11.991568449070362,-7.1391530106708165,21.822941105503197,15.948595941102289
6.387253784465228,16.695578320779784,13.639754017887153,-8.301548934826318,-0.581091645689954,14.634693112002902,12.32639531573121,-0.8186035759554298,21.076271523931123,29.266573525850955
-1.8854784380315428,15.180566527726873,4.222447799989934,-12.921245283304165,-2.5793896486715107,14.627227992356255,15.879663777822044,5.73541481524626,23.51892812987645,29.901501999917606
-7.262403042625119,21.623997229518974,-0.06329728652633257,-11.957876110749734,-6.7415292009546635,7.8743371459311025,26.513413137798903,20.898450548374353,22.55692681900836,8.346888422553343
-5.789081227019219,22.940454523558532,-1.87289230870726,-7.825070147579534,-6.2371797832524765,-3.835045512397248,29.63414692231429,25.637247560740743,-15.812303029582381,3.17506371131324
23.89989187095611,14.713526480155043,-11.436815680328957,0.6805103863079524,-3.194439291027132,-8.818101434854386,24.00127163437125,5.543836184402333,-25.417212600879797,12.304805471369798
23.11269707589952,1.442315831356257,-14.094983528430518,6.778879134363514,0.2843039771183295,-7.937164895363936,25.001155478092823,-9.234884343801086,-16.613887802670448,-19.201505244780314
12.762355948292003,11.054806141059215,-13.394638952204257,10.841303752029365,5.467689952355762,-3.0623319036349663,28.88533845811122,-2.968672330892439,6.952828287494782,-21.999676205826386
7.3545804108787864,15.932988602269015,-9.178598883358202,14.41283352473708,15.788335495231406,7.099607080377541,29.17219051794344,5.235731347261481,1.341870278233392,-16.536387675822837
-3.1993897345287996,17.634259458220058,4.022151641916071,15.437423385672387,29.036766834538536,17.177829713159518,12.774796180362669,-6.9225866517159735,4.008430803178226,-13.467617125911639
-5.444811052288954,12.136360415470445,24.432660605159153,25.76828465316148,21.312865277830863,-6.3839007459558506,-0.47809872355154537,-6.439463731661088,10.867373735139093,-10.084633235749985
-1.4186376907997702,6.17470912353132,36.46431311847533,6.750943626639652,-21.503871334093247,-5.4634327116395225,2.6516768312287997,-1.2873308718638437,14.58884493403926,-7.330598109227106
3.0450392848242473,9.761024653923016,30.903158799911168,-24.054635365983128,9.373292279667464,-7.64586029642936,0.7728193939325493,1.9178337255627147,15.686841330063878,-4.758296950411262
5.279415539572928,16.65678600349647,18.110143967608142,-8.94900386867599,30.15978179212944,14.61538037598768,-3.2016309306222404,4.562486280484852,16.12659887200957,-2.0073878049942415
7.17868384805631,22.132381358745192,9.97658262156409,0.7670953022533664,30.57426542067749,4.448406326585151,-16.410902555635097,2.689483159245473,19.58971568341257,1.4051294487303405
10.051510162838811,22.78669472161561,5.609071825714739,5.24714166762475,28.30736217544849,-15.74403006237387,-0.39263436165589316,-9.532434973965954,16.76498888953801,14.706496656535212
14.045080337385206,11.639123371891467,1.6856472667974522,8.129849408879778,23.975614595253646,-6.4484021749254,19.786082741177587,9.310445691478208,16.345995207735946,27.390503295367974
0.2464498814439005,4.003434816997768,3.4659599151501945,11.973521035178814,24.421473743064773,8.803925601343106,21.742962467542544,28.82940304558082,19.938731601414727,15.808648285631124
-0.6255979872604047,5.719956738028486,9.635736647068446,20.42039583023041,31.972843807164853,20.666229070222677,23.003229924908194,22.356760658970533,-3.6315407963765027,2.1459530463737684
5.127501393736839,8.21519201645539,20.386269988801043,40.82283656675418,27.586052426111376,-3.702671966896398,9.865082354930388,6.331606893176401,-8.324112362657154,7.323276587927573
15.129825883278546,20.42279235879733,34.778995174634126,7.269188329781663,-33.079261618319975,-1.1636594292316687,7.958414625217697,8.053984321682755,-6.670020776004628,8.214761555144571
27.914711597508827,21.618170009063007,-22.107838872352783,-23.65813102476594,-8.960426129235174,-21.669699631934854,-5.706560734155117,9.041148791102861,-2.2422473680962995,6.816437709356316
25.49046561039119,-26.844284841109328,-14.329276476751849,-10.551491780215061,-10.087132087648023,-17.88942680282762,-17.58154131414348,-3.68033665524046,2.9746739276564167,10.398279677946665
10.435398171967625,-27.439771757847552,24.520012520512022,5.437337870048589,-1.5703106694771853,-13.38546152205425,-11.764047281368306,-12.53493512961496,-7.71462202396845,9.630263588455604
8.731073476746978,-17.271914904909952,17.809078295684795,19.736185798791297,-21.27896176205849,4.247881588132827,-7.681489879139854,-8.291845632394832,-13.283270401391933,0.2860258298616197
9.71732022806551,-5.744179867104356,14.037643529200588,13.793844305824594,-17.35072609534228,25.011460451129597,7.825367666671967,-5.7955824254091315,-10.401950019037859,-6.416517016498891
9.415628247901875,7.2967051396598785,15.033150556447984,5.54375317987082,-9.15423890849059,25.3924126334949,9.006904223748345,-19.277919400056724,4.501638104906401,-7.990934165154581
11.064641184030565,15.347094488781718,9.901169750774617,-5.454479208256023,-7.0720372622774175,25.211386054302444,-4.5375961088481676,-18.317356714174526,8.869883167159045,7.981191691380053
18.970013731820664,9.334265343381023,-3.049963952736645,-7.179841638693672,-13.088815286033592,25.948124807411766,-6.461547707824171,-6.9440268530402465,-1.927395237987371,13.742236897493466
22.506407593743525,-7.567953308072429,-2.352818434312843,-0.9064718660884612,-16.013650669222056,23.085108382834918,8.856016434128497,-5.751440226479568,-2.451187871078617,11.614650968768743
17.996111944301692,-11.904117642748806,10.888793531474196,0.6955489240255809,-13.348308806646742,14.948405872359878,13.933733921785183,-16.024545597606178,0.7239436592942151,11.169639076233885
11.236945257337592,-8.063512769969558,18.97969924059057,1.1297520865289796,-10.831395292044858,9.27624352774323,11.956779716844324,-19.48684382444557,2.328048132193386,15.91941581662136
7.274368413846471,-4.196371403410566,22.665989691569997,-0.7535735219290401,-8.53145416396768,5.526475262881489,9.826270278308261,-20.00417861330441,-2.2093100258522225,17.816306614771765
10.955782644859354,1.4754687780521685,24.22850268044929,-4.368187897512956,-3.754140173456268,3.742728804373617,8.158534720226132,-21.184228448965662,-6.58703383787733,11.842543737082824
16.441633417435565,13.36493084458719,16.981236491817825,-9.66815882091223,4.11809041295866,5.528035827428967,5.245134389776494,-21.7125168500242,-4.275540405905876,2.7910607517277195
18.389587490515133,18.810022651420404,-7.055420523018574,-10.034537520473066,4.489482080192274,10.625963615095088,-3.887248588088881,-19.27566527634986,-1.8954517839315854,-0.02311894981580037
18.385575857331144,7.277870187624188,-20.77361057199735,1.090394606610385,0.9821801901884786,11.93945526312479,-10.992195864086074,-10.674119477251473,-4.585027867143282,-3.3079159900219883
18.14230423882265,-4.286044594132264,-18.250599929698755,0.576525747973592,6.274012817594337,10.71047288101329,-13.288913132906925,1.7188773852279295,-3.8815945970108046,-6.369720522681127
20.75541645508545,-8.882047700262463,-7.101348101785931,-6.081582650902727,4.630891888214575,9.708931449268826,-10.025033075856438,10.747638328288074,0.17555988548151008,-5.472763271108916
23.464460492259725,-2.804724070480112,4.13697339351524,-4.556205202253787,2.920539026017602,10.878250505576453,-2.72345220860061,14.758876335034218,3.7009757885750756,-2.3295161081582476
24.45377490232759,5.449246195695887,3.6869376658994377,-2.0345319891216236,3.7587207531684967,13.047788376588086,6.344428690309528,15.358281501719043,3.912373237152755,1.6285414482911054
25.78373144267302,3.807421077042497,-1.598197191003245,0.006901254825937238,4.876579019462196,16.87903797778475,14.412886247593692,9.750498895467722,0.9149306512790747,4.746512493034742
26.286503281639845,-3.7291946161161813,-0.058932051894747706,1.534955423054717,7.346420247973662,22.134001298916573,13.023286456117805,-2.872472396625657,1.0342973763146266,6.8636591362007255
23.296783980081905,-7.762961319451095,8.35245617197742,7.161465358655205,12.29061694678085,23.37686103798592,-4.0841987622944025,-6.369344976050267,1.5834134294474598,11.471286855487367
18.796403647541105,-6.726519542621241,12.740007459213784,21.104238813113703,15.825796202553947,5.406305794316086,-15.191334615418226,3.6400524370004144,2.496795573506049,13.926662251873733
10.069595405228622,-7.069606873349488,10.153359405133305,30.111110216245997,-4.686798375803532,-6.404387462526563,-12.259992828595582,-1.0009588540539955,7.505390049623314,18.785572213825457
-2.7394113676727394,-6.783326059275649,1.839126749173832,30.43468949703257,-5.899845823656326,14.212621334598122,-8.357215706095598,-0.9588679526595059,6.132562846532441,21.57425134578963
-10.551903423499969,3.5037701833056696,-0.27907870332045026,30.182754128078713,16.13575327412108,3.7522029061039097,-8.118868475834818,2.8799766384098593,9.834710470457907,19.180236748914083
-11.148189924377585,9.863345056541455,17.270862813362328,29.130809244296888,-5.637746104085313,-11.83522997824207,-3.845056827192344,-0.17953379023914257,12.91753029665307,13.071388331426165
-11.660974792399026,3.2814661778395977,28.706268351168664,-3.0610200622820956,-24.125417284376137,6.001775633190405,-1.4132426651697478,-1.3398876538245301,13.416882590466752,7.86957078759681
-12.684790069218334,-10.020286778665414,30.246433758999377,-16.902384798595307,-0.5679430055558801,-1.8448532392798558,2.679661460065941,1.7497047493600728,14.51645235479025,0.8854486527908542
-4.263364543097762,-22.476327874134924,21.58037603723,17.59418385452092,3.9375495271908143,0.7956603759318713,4.395521172206395,6.150571673451997,14.190341614645622,-6.889855488277442
10.743682362554662,-17.77948579553036,-0.2753695533246677,28.78371492531762,-2.3275476945034583,4.527063523428098,7.5527736348569965,10.461449518632348,9.812946491013681,-7.7507001290261766
18.97205396002332,-14.141242568834603,-7.248270159781032,24.354890850349907,12.326932099771195,2.58422156050854,10.754496469658092,12.53427846217178,2.3060552962775183,-4.575574973037488
22.167092115984495,-14.684298367400924,-4.1187239115175664,15.231110525570832,19.961291144710483,-1.8915736594122163,12.280173726814388,13.020235689859701,-5.357780231089847,-3.0942901389553765
23.461509176944187,-7.684455611214106,3.1276527850557754,15.900056927524394,19.951300373878958,-1.0901185453686673,14.328307128384598,9.411875724034182,-12.893904910975456,-6.05808857103121
15.160196314432746,9.713434941063289,5.5469288034946285,20.756466772436767,15.441061709472233,-1.7758236513065606,16.290828930011365,0.2369431786519664,-16.411726028139622,-15.574211128472445
-7.756399827384441,14.306458653378755,20.17773819853125,18.40273570185847,3.566470996005217,-1.4912847945973382,18.860379983721757,-6.617400466178073,-6.6003363286101795,-18.127242410760203
-8.69992133815501,-6.512302001762977,26.78371537640605,8.45708736480678,-11.364863408459394,-1.691625600018076,20.10011385376061,-2.914011204065605,6.282949764296347,-15.487063978240391
5.191805500388188,-7.256815488174416,23.77843285073493,3.2859968795125183,-17.966628871970318,-9.187741520599978,15.928421936016212,9.337262579519555,2.8259361499756412,-14.197847116701832
5.2322891780544065,6.612268484666552,23.67779510387641,-12.328733230692523,-6.530437697392391,-15.744279323524392,-0.3523632475176362,14.840898268874232,-8.029625026629615,-10.219980849589946
1.0932978279697512,11.88517928480331,16.26874047728738,-12.834266866965407,19.56772366987089,-9.529663082922733,-4.135800729826581,15.351108468605885,-7.7095771146506396,-2.450035620945229
3.7161427639450197,14.43882053216094,11.249995728508855,-2.4436322885096757,27.70302304710806,-0.24499102885889612,-0.17017832662993865,16.51271544896991,-3.125298429099631,3.1306700466864346
9.014572258139635,17.277681995197593,9.10095270929843,5.6332714990621175,27.709284137981747,0.16510628941297883,1.120308717356371,17.49929291727331,2.150260793509686,5.0867221071236335
14.341161824136023,19.862377327230508,7.416610206937086,10.074000286194275,23.83784349722216,-5.274550260581011,4.043448006510829,19.747589121620557,6.849737850955307,5.523521141255722
18.819128444925767,21.3251340579371,3.523241861536719,11.922594794584128,17.57441616744281,-9.424408675633684,5.059363263313193,24.3552509020841,8.905677015444398,5.0110547054154475
22.068226335295634,17.985762879439758,-2.98183319625452,12.952249852048759,11.790082998361331,-13.068233504357002,-0.2158482954029442,28.32043027931834,12.255714758305887,3.5837013510539446
22.742724803406116,10.203429514873642,-6.594632723977827,15.912219698077587,5.495728372398345,-18.96726874101053,-11.293549135325264,18.81824383465699,23.844527780967262,3.543207597394354
7.194201482858919,-3.0265036038817903,-5.390558835612221,17.80173815412541,-3.482716528672611,-17.0769423495046,-11.8552026539402,-10.90291083087082,26.73585980153567,24.7219988802359
-6.9744174134208325,9.317485844104564,-1.4311751642487134,20.503515293044043,-7.861327547071564,-6.474244435002568,-3.4423846036486503,-18.300341426838802,-4.102831088373595,33.10975158279716
24.85104433927804,4.154224428232634,5.513653192476572,18.17325825939049,-9.467888769073326,5.421488900353239,-0.7441180532227815,-14.384216216238775,-24.058798330429795,9.40224992417005
7.140910390885581,20.06408302216181,6.239122362882128,14.663745749805635,-3.606221947501866,13.332955001443555,-1.4780535010831137,-10.340924179010427,-15.361876638521595,-24.71045820851079
-20.22921702193075,-0.7361486837256774,20.957455989956884,5.975709181132836,-0.8810430774094375,15.474065089795907,-3.9021676678846515,-4.406728806255623,-4.458631179975487,-21.83806169549441
-5.260112851644617,-23.63315158892562,2.569478619424017,16.24592128841663,3.7216063970562785,16.312699596813733,-3.593637384885407,0.9040067453155869,-1.0218044586790733,-17.214984699164084
13.223195716407288,-18.96569531101323,-6.631566698293394,9.41725074571202,17.5508402016413,7.729306601617306,-5.905291261635372,5.60381760803524,-0.7350250252587532,-14.423053575295961
22.557915528694362,-5.046579127465191,2.550005558081308,7.636601657465122,20.11678600167133,-3.128580703517699,-4.851435785561058,8.09794898677463,-1.2514054759553521,-12.429978757969465
19.833214343020412,13.144837797332109,2.1205868098359586,11.358740040672592,15.519119260437787,-11.785861767110509,0.8905478990993568,9.251953265183037,-3.146029275914159,-10.943240412834516
8.633069631544158,22.90997684359675,2.423822730253788,12.430301149604924,7.635173017179678,-14.500658128352756,3.4815992273264293,12.039782546449999,-8.035244452862369,-9.346083613306195
-0.28671541006275675,25.726932980926023,12.767920776479475,5.574382964710958,-1.0879520421887334,-13.569331334763994,-1.5526103825000057,13.671958261518355,-10.414216781914163,-2.1395412137056904
4.5512849745025195,26.704570379184812,8.640332589313074,-9.684518184873237,4.0715047586308755,-10.76779184313513,-7.809486296065702,13.63001738933185,-3.2791549894599474,4.698811572999948
13.078148842943147,23.071978859546604,-13.308060885084734,-5.895077704375974,9.144211616199835,-7.332689323029733,-7.470047734796551,10.791606624871243,7.3055764747700875,6.5983749245323695
14.69946333577738,3.178302055130424,-22.19987074573306,-0.09587618713632975,9.931421289098298,-7.401670807080823,-4.915095970941783,6.443414366331868,15.18552828010772,12.062347255296023
-1.5057871859997518,-8.686976603488818,-15.695908343593365,-12.351075789988641,7.839380708256833,-3.835309558188881,-1.1880965898152525,4.350369862862073,20.909758879278147,15.292645196951982
-12.047563926137203,2.5809704269831553,-11.681594909684561,-15.12810400729265,0.384016791276823,1.1783824886773937,0.892001894563112,6.103677437863287,24.25701679727718,0.9758179153182235
-2.6417260359555783,5.9660632847552675,-10.170668561425819,-8.588863811789867,-4.840906734378436,1.3141072561937548,3.8355540306346683,10.14579515577673,20.646075160570547,-15.316428993327373
5.701873937352968,8.72622720620486,-10.066255672797995,0.019595378816972542,-5.0042832113315985,0.7698562890430355,6.153312210317216,14.635125210313765,6.967881009351469,-20.131878920588264
-3.9757080127444158,11.554198321497644,-6.457386089312946,7.852662087062373,-0.9433570415423419,1.967312435547854,9.044124208285163,14.329671191421108,-10.79454964269222,-15.06530780314363
-9.796474862968664,10.435470387619333,5.6252775698366575,10.12651460472764,2.780692149051923,4.064754022713134,11.724915246654678,5.892999451750876,-17.63808509496402,2.199644018389453
1.9261505967093182,11.480841824530266,14.196530766902862,7.279822452025883,2.303805123462179,6.056750681185342,12.421629596958102,-5.420755610250428,-15.019893929512413,7.934857520824155
9.061589162976453,16.410858140785315,13.554840520930336,0.819740630698374,2.5081839946739026,8.522820489660644,9.19708852859216,-14.322161341752071,-8.919221891368105,-0.14398533700567853
7.840685943481208,22.64613361861224,3.924984619167663,-4.616524598740937,3.9343399952525466,11.610439070957701,1.4772941622273512,-15.471317031986157,-0.25244697002563665,-3.1200421716477322
7.573271872764084,23.34660358877598,-6.592933435826199,-0.5118090342706269,3.502154199804452,13.048950712863057,-7.1579044727379575,-11.043761912969593,0.9731105836235691,0.11897184651078799
10.108628432285391,20.098213455009102,-9.352981193893092,8.021157864947382,9.573210929720936,9.994801108262688,-12.455357062599896,-2.601107795779902,-0.6957121279119385,1.7045355847742871
13.780784657147453,14.165891066688417,-8.332595103634002,11.28760493872628,17.05909313296795,-4.347534257950999,-12.154956731194455,1.6759314179437272,1.4862338674094944,3.773720219225665
16.902516715019384,4.647171072607487,-8.168172702530796,9.756366172113832,16.454220657638757,-16.93076203251767,0.5887615960076638,-0.5949255360876857,4.012468725805551,7.943988960027664
14.587401830541681,-7.486344418671082,-4.991516226566082,5.568521861130979,14.149182362909261,-14.729472813323062,11.905676103462902,9.059529765541027,5.731064840800109,12.4759589366827
4.761743691224595,-12.604614197445047,-0.19498828698396475,4.604862855682298,13.275103938150815,-6.562893200222014,12.576253460514254,21.610177620600986,7.38121271432344,11.758852408186797
-1.4054345848151613,-10.720354341290488,-0.7887116672988872,6.088580961843375,13.811642663874407,0.13854058266059766,12.16498499762588,28.160726561548085,4.156792380915977,5.312310909685736
-1.3621342753395642,-7.463410305084697,-2.0684039263802823,5.794066922718416,16.797603924141278,7.841601159452373,16.034205716011474,25.31036699761554,-5.216800637470382,7.91084762187373
1.3963215208109365,-5.055193272404021,-1.6019082987605642,4.661702988389889,21.987790036350642,20.282591257884164,15.194057512848046,8.801199420521655,-7.68421451298374,15.725221132348432
3.775450960734835,-5.522331249872252,-0.25225513191162696,4.799605456708336,28.149562242233408,20.444313420319137,-8.143986048121398,4.010457971051981,-3.7798151762975603,17.34020599997489
-1.929346852695574,-5.2618512736460845,0.6563067546986087,7.2568996304080375,30.627413170607586,-7.589208358822044,-13.846066129601041,7.279292206621729,10.604093158137196,16.964094236950285
-10.795685453949885,1.353104881489719,1.3702861600910572,9.746501430544317,23.24202866237293,-21.600803021117176,8.803687199305047,5.94182154945562,15.700421338271308,10.385730921389882
-10.40150919078128,2.637759995069785,6.543795773376776,13.516172896211762,10.928152057114318,-17.510083799401542,11.211979598860882,27.802478520356384,5.752677135700706,-5.923020247693088
-8.113529622154147,-1.4962684752521034,8.508907869473353,15.78905706070669,-5.9450213055987655,-15.017587534760748,-10.324440313697108,30.09843699298712,-1.2643271749863019,-1.0676543184774367
-2.6900307899185485,-3.064265389277904,7.567585364656285,13.406599628289712,-13.54222381918712,5.909314570882696,-18.015213399350237,18.56918817826173,16.833852068481317,-11.092837784667754
12.055129213431272,5.749725513185786,8.459735859120928,10.544747898806452,-7.42716258909304,19.009851718975632,4.008486552570109,17.363241536794593,11.408325536616584,-18.114156897820372
2.8815236100545656,19.56840186397375,8.942629918225139,4.430337773983935,-0.9656197249630581,19.40429075913766,21.470918695542686,3.9524773364045926,-6.538058435185048,-15.782007263128445
-9.581848312295042,13.897655666598334,15.124620171712236,-4.091490272900493,1.4043212900596547,20.964381765967932,14.10866682108536,-15.768246517406213,8.078627090709569,-12.712939130121365
-4.769476460321885,5.7467412305686105,17.251362119414146,-7.644506866175099,1.6161411516291506,22.537966043714498,-3.5453249950966743,-15.229745796751537,20.824623722534582,-3.264954790913628
-4.051063733192622,4.411523565044433,17.412006465618358,-7.99930633151089,1.3558297221044475,23.330154778594565,-17.635053884574294,-9.154544520775934,13.579861513668815,6.926395406564615
-4.585520152120538,3.9877130212950513,17.744636138813007,-8.257992118769362,0.9804848121512167,23.55315556539029,-18.692443377968097,4.865808924413658,11.96421267161867,7.359052060270963
-3.940542032844186,2.408679629050589,18.091324110255723,-8.430721051685651,0.10356710422750753,24.06907721058933,-5.706643643351025,11.708049153874622,19.86210396455975,-2.324459482953401
4.182352927191548,4.24021504494587,18.356186186143876,-8.022980405854193,-0.20291147011080402,24.965278974392895,10.958106052788422,11.963003787303728,14.551112964993113,-11.833691203498859
5.988897457128169,14.012584965934794,11.84147734973924,-13.569519372514296,-2.6219125736552487,24.142240754619525,21.910872280605755,-0.5681980073547586,6.3598321816595025,-10.205548236909108
5.577485876279734,18.262103476491017,-3.8542135114302893,-15.015817040672644,-12.106017799535854,11.51607729990515,23.403019264007195,-7.51418706342642,17.08119594330019,-1.1227333316732693
6.947203894157571,14.999045612325782,-13.111155786190286,2.904459682932471,-13.836202550270908,-8.524253861304851,22.332125196938698,16.219433967881752,16.216030517933877,4.477451396610052
8.514945183559615,11.61279703957527,-8.032585970954736,18.65651851718561,-10.802691473413022,-7.769803770753658,4.547345292712434,30.700566542850524,2.5278505418533346,-0.549952210907342
9.868613910228559,11.556467482026543,1.2799235626583954,23.373781492220193,-6.8682386299256954,3.583776046800719,2.2154431861370405,31.339951324191272,1.2899639850572688,-0.4087334439042168
12.095419790014803,15.790739858109085,10.360162004567131,18.752974254372813,-3.914338323514646,8.543740268998066,15.331142463524612,27.74434185648933,-7.6574263833099545,3.420201930980165
22.989027446461662,21.111359081036674,8.092930339996961,8.292312369931205,-3.0408686379046945,8.782612448044725,25.41769131709843,3.8422960593501365,-17.983708822953993,4.102096934801107
15.519563463393986,27.24328965556362,-6.267632614309711,10.117107779196212,2.6621325280570156,9.375277636016481,22.297762001589472,-19.513305128167417,1.3764026989666855,-10.730152491410994
13.812314901885625,25.06698452849401,-2.9777721970357183,16.528933332915813,15.403177838062222,10.787556303628156,9.122143037958542,-15.270608165639402,19.478055928538435,11.957717661990293
16.598541405461226,5.519366447669721,0.39236916972989666,18.07855807919007,21.93183420746162,-1.5011429750694087,1.8609917869630814,-10.707312987220984,7.93651674956816,34.22866277486696
4.7725588704519835,-13.570998691437598,-0.8459835160113717,19.920588759319802,14.939903560650647,-11.228808813023853,13.3012800597562,-5.2324699207813525,-2.950970659591762,36.600882278011326
-7.797515915718225,-3.8655485612906926,-9.871583720015456,14.612377146483494,11.908690447380842,-8.710355031581622,21.813854529548202,3.7164890181294044,-1.6856342356999796,37.292954634900134
-0.2639473167584119,9.547753624032266,-4.1881715305051825,12.11931968555631,15.443076744074029,0.6798167074094952,23.98797834180317,12.183019793100316,5.495041207061227,36.102546615762236
0.22735182792878225,8.696040203443797,3.0756041054183334,13.60978814255094,21.21045978819494,12.622412017804013,23.974614103494925,17.775686421250565,14.27760753178722,29.043498150106785
-3.80461609878491,11.366766963549782,14.182373671009872,21.07633075594901,29.57875061225004,20.1051459751763,17.55538534571625,16.54407006156818,15.568317963518636,14.602336928123242
-2.9412237056391493,10.344297181810049,33.79803354181986,37.105102475423884,10.356584387794491,1.8098489611876951,11.81231616225657,18.868468637542176,12.142300749400802,1.225257988772907
-1.2401431204177122,7.248569091236485,43.63703546795787,-10.061455947348346,-23.35330590966527,-1.1797123963377427,18.47477941269968,21.21135008354014,-4.0022624800159905,-2.4813598619752737
4.1068276894061375,9.052079691595054,35.23535840461848,-15.503984105806396,29.533723011352354,9.000316360126114,13.294207545557109,17.94431937704231,-13.650772110099156,10.027696889661582
21.144775479048906,21.672235538752297,29.02238659767563,14.677756223860236,30.411672706143346,15.512810644151116,-4.0373215497861965,11.032211362320892,-7.859700405030957,11.986051573610135
40.228809612991306,33.996331126928304,4.477716731582252,11.63632962801705,17.719524028455123,-7.396465624593893,-4.814754314854649,13.336025203216316,5.759807537578154,13.12076595925536
25.79965238124386,-26.908977379282277,-5.4737844080522455,5.985690590064841,17.027482284060763,-15.915991651184674,0.3300666475746843,12.018093400958145,21.869862402075086,32.78237562120442
-28.329123448145808,-13.087188090065592,-18.213873047522316,-7.096574162860624,16.378373130102744,-12.61338204688551,3.412323929792292,18.878748933417977,33.71534878290725,-13.235537990797047
16.43788537312635,-5.181105259538655,-7.541233844210735,-24.42679612815582,8.046961058639953,2.8093763453038405,3.6895630966379436,23.485148111030885,-5.421646953025426,-37.435652148134004
-14.865665900283386,3.346778908429703,-6.673098899534057,-20.840948089995262,-5.4867811476648995,6.446430865504144,11.344880222410982,11.683879084035071,-37.69298754352858,-8.6531188245702
4.171939694662001,9.622748735556312,-8.139993652276194,-12.802891236826097,-10.279767123048853,-4.954734814997906,14.25248898026304,-11.843246706929888,-35.2177609141611,8.54535352468306
-3.0953542155427587,9.693699096750223,-10.491346141496905,-0.9760451329093718,-8.044607385321715,-13.406106383062944,20.248414344819704,-21.13809278642383,-8.36027761409778,-17.780864202496904
-3.388063224284619,8.925547057659305,-4.283027438897594,7.370979988751692,-7.721716615373871,-17.66362040840545,21.855706288522857,7.740828657055273,11.686808206325917,-15.957984126803986
-7.296219846820653,7.351280257054043,3.3010240851741766,9.242176379277426,-12.805384657591711,-15.74474007782053,-1.3096376805724095,21.85060839475057,-9.433083786833482,-12.088406388951903
-7.998465530233222,4.4192141789762385,9.468218617927905,3.9511747734198606,-15.876002557731567,-0.3474874093244531,-14.260336904521616,22.52681207594017,-0.2994345928789129,1.5439818719974796
-5.168026206028823,2.052654941483038,12.241666572619113,-3.985112071220336,-13.326424067666942,8.415293863503974,-1.7765303589000923,22.650599188839692,10.08981923867766,-6.743506454486339
-1.7459116013748084,0.7883126145668682,13.407951417408466,-9.336314525370561,-8.577272887474118,3.393851012622322,11.153309832942078,21.944898681597547,-5.561477345293697,-9.442281298919163
-0.3849133986856478,1.1484457362312739,14.497454730178205,-10.234792973180445,0.4664984529755209,0.8710101453368397,14.336696101898342,13.584182012772597,-17.46091017009349,5.647561715672713
10.906253497000602,3.881793084358364,14.050246434120469,-6.6289283983657,7.108974014524572,7.3609346053484,15.362456825992775,-0.5052264205231399,-16.661385576091696,9.55762810409177
15.321700893427925,12.115297974241603,8.224559676902917,-3.4860336842734623,8.671629834763586,15.707407283972628,6.720601200796754,-14.065924337408266,-10.057524415748242,-3.9969562103922636
7.76142833153063,19.818174792435478,-2.2003689817804277,-2.4354615598401335,7.982367213587007,17.39763200563421,-9.950254820391336,-9.07134714123491,-3.7020763048161225,-9.601144676777277
-1.1963455793697844,21.548835969579507,-3.2552169347181827,2.173024904523378,9.262474854369064,12.96546040254348,-15.607216936890064,5.510778116795449,-1.6078424062458865,-7.919778610124487
-6.308048225259461,20.586789091792436,6.520196778489024,3.53198698627796,12.032388799969874,4.471842701552451,-13.198649403774255,12.746202839346624,3.9953852228578617,-6.777867250338758
-8.335859379700368,13.924005134058541,17.136288623619087,2.2452119949528484,12.074688593904368,-2.5939234509858378,-10.531219026645925,10.741751737424446,8.233058423469506,-10.75675991766106
-5.757389588284888,2.735669515831845,22.828338504213914,6.886031373362335,8.37468460686331,-7.354551913315854,-7.518202942887836,6.208059938152985,8.164328719919347,-14.894809585950155
1.7637818928010378,0.8219364263447527,23.788330229527492,10.352417099709621,-5.124772708311082,-6.661788697934454,-6.145256458075386,2.882438138977684,7.991891782915138,-14.575637458265039
5.8158969273890175,10.769956512734419,23.922578844548774,-4.94631611614014,-8.466857984621855,-0.2424668866351853,-5.339368880208851,1.2524352369927454,8.886614739163637,-10.81961237970909
4.874920971062781,19.720622598696846,9.581376852258876,-18.711388348506965,4.3294352220108685,1.701589423074848,-3.23459974763923,1.406445219574947,10.073847315181089,-6.431632979349187
4.516386948406717,21.081934907895103,-11.750398804999099,-14.250544328797849,1.1204234820616075,7.162106983587114,-1.5707085252845745,2.5705464311474335,11.25988981680737,-2.7835779228016957
5.482767632962032,18.4068989173404,-18.177078542442068,6.83465395552348,-1.3165425570783837,8.344395501945511,2.3511849110952205,4.516460767270435,12.400451578832559,-0.16389763133299934
7.406582997565221,14.357092326612984,-10.338873599155658,15.959955189338267,14.967315253756688,6.474802924504486,4.148583208126153,6.909629511058258,12.833586622674307,2.4732217931008798
9.142546160752625,11.682485737540581,-3.047905237221445,15.122428036787932,22.912902656413873,-2.913524077017177,5.129859291199415,11.187542368997223,13.855677990353884,3.811507019770597
9.925652422359033,11.35083793201465,2.2677047986936456,15.9363433739657,18.99251004842037,-9.498742819421587,8.614065741150005,19.55840832632854,12.194169780700852,1.935415108251501
11.335873538771006,15.351361795479663,7.722640059052111,16.842703076973837,6.4896528737706145,-13.09598860277248,3.620578858079099,27.919587716316673,4.932339065819776,-1.6676898057273923
10.906941381613558,23.5185447621197,10.932446432231043,7.756010479123377,-6.532261802949607,-9.393276897828114,-11.431175768289345,25.083630979325694,8.611626859125623,-3.7818773963961023
8.748261265233252,30.410244289515337,0.6671450379593923,-2.1701350926780405,-5.7939090076538795,-1.642323941945409,-15.87892536856992,12.160211173186273,18.22390928641217,-7.391090208495902
6.791079043336402,31.831209524568354,-6.027968234643131,7.462679739132091,-2.5691453333345,3.9305107771114307,-12.577602532345473,0.15334764264835052,21.514137084942117,-3.50261446363491
9.640210655238146,30.301016211856044,1.5820416440023084,12.852513399559141,3.3792210531375044,5.1024324770702485,-11.172290925938741,-6.756741298662941,19.655894329643022,10.400872483687378
22.054840966704944,17.037668968684397,0.3769319522884238,11.796551919840622,5.697805355642759,1.38304482767028,-10.818659813046478,-10.524920981366108,6.739936516114756,27.883987769256137
24.42792820078733,-17.9583706395856,3.2114106748033087,13.431138478418523,6.736228844199174,-3.7188234545088883,-7.426292590455812,-7.789552182657731,-9.185971560148467,24.888925305393037
15.22452113532372,-26.37744072943776,5.71667174350883,23.008769171220106,-2.081083823805421,-4.951313490089224,-2.8012491434403577,-3.978114265892315,-13.411131500687087,11.119064994949596
12.369090052206566,-27.521601343530286,-7.490958910971312,23.32815369050049,-1.0646600306494625,2.0058474103914126,-1.00274849700592,-0.7805043306071102,-11.517188718358142,2.6910649220295504
13.396146357471556,-30.697619994951108,-9.166024111491392,5.998890587912746,10.172548897345186,0.47722105626216693,0.9930402583735216,1.215607874936157,-9.312953760594217,-1.6335761425058708
17.807651455383848,-24.098405137911953,9.464112645238655,7.884839311030031,11.477662396434788,1.3062079676184608,2.2716480013459717,2.4191237421871725,-7.41286256596927,-5.125511133525949
20.862282503690974,-1.732074215255733,14.386414774919345,22.65659395584579,1.5193917207919287,-1.5171344188302824,4.065523626637837,3.264817961546461,-6.307227428423359,-8.450748714642506
13.477475623999842,22.020384033018814,15.644481278388172,11.391543958688832,-10.442855966614504,3.706063451391495,6.460979382316084,3.377084678225902,-6.625515650673175,-10.653406533816728
-2.532250200296547,29.638433631603995,8.396684890140705,-10.76677762115875,-7.779030544647309,1.2375039111708077,10.187185381011377,0.7406338149334276,-6.130776931116873,-9.220267137680743
-12.017468492675372,26.169676814131563,1.6620927651700068,-15.202550882958912,-1.9379103780745162,-2.5406773567655,11.385627514882518,0.7111810621827637,-4.349661696519307,-4.590516103976538
-12.611968590241817,24.534615682812774,1.2320313187782546,-14.206857610299364,2.3596139147827246,0.30116191702407435,12.618533947891251,1.4695379684729335,-2.966049080641291,0.1358669948445814
-7.363276583930936,25.696632749709345,-0.6134401626122776,-12.366277497233652,2.5385583241584833,5.851141344216605,13.466573804996246,-0.2307176780896108,-1.6415109434828294,3.197137637872125
0.5200031720269513,27.63290700476183,-6.190212127751903,-5.5523041923647165,-0.4825992295831271,9.041418063226995,13.640948358503493,-3.514071088843715,1.5161289593416154,5.2676235330237295
9.803831237589977,24.09678923096384,-9.270867849788477,7.438458459561224,2.5339511278545417,10.170521967485982,12.883718466766888,-5.711220994693858,5.009952220609859,8.817412499677683
18.07409946663516,9.39837271443374,-9.476353179814998,13.354324789028741,15.843598428209296,10.366295850864526,6.163113700075238,-5.74573771054514,5.758524370246469,16.03914137850619
12.225780098941515,-11.954346117757373,-6.053093493576346,5.335987582433514,25.041624637896195,3.3646135590667883,-1.0032522633761867,-4.169212785399848,3.345885562960022,22.58447752611448
-6.2276831888692215,-13.534872686550406,-3.127394589351568,-0.6999035379343564,26.45858309845511,0.9626352947426967,-1.2291447400933948,-1.7760849276271244,1.5348947939469397,23.94290726906696
-12.082319110532291,4.086781775175599,-3.098995114874127,-4.534955493213142,26.090477048847386,4.526201436805821,-2.506423487320654,0.28546313645253035,2.3925772663245324,23.924308872899292
-1.6077993647053341,14.949535149683978,0.5319106573083855,-3.127783284008048,25.53497036637612,5.2596536422878275,-7.2346343060982505,2.620291412622042,6.071901866458656,23.17394391554107
6.485640493545288,12.095660945231755,-1.3207117881021637,-1.2597449570405113,25.820695526725146,-0.5558385452875869,-7.715741276178543,1.6467280377489428,11.575582957250468,24.64554039326267
2.4138671020210856,6.044665478462349,-2.1626057379871817,-0.7065311379815717,26.52622146039323,-4.030625358974911,-1.7721061635410778,-0.12658213234250013,13.9076569276619,28.531778694848484
-5.80261588574274,10.687580433407893,0.5802078767171095,-0.13730171672150815,27.248052972008605,0.5918518685008552,3.030748912583104,2.8103064992189846,16.32663304675804,26.650980122388393
-7.953409665673392,18.095116557138414,9.989721593929513,4.600086967711912,27.55617886367289,3.177694599081741,1.9666156036127378,6.602484358661243,21.785998758467226,15.804265241553466
-7.321828831697788,15.363860801462927,25.605497419388783,12.36033564324758,20.23557866561688,-2.817480944301367,2.9330623727536285,10.563438874511696,24.755091099277752,-1.8831976143544638
0.10347220450096169,8.7790609785343,36.236834807756374,9.62934061220445,-2.9511990253645606,-5.224170069753275,3.184255772398876,16.593768261096265,14.933455788765,-18.315178275116324
-3.232690046633812,11.058680709309417,34.38276796277237,-13.760613592932891,4.933722863601561,-3.0272720114157514,0.6200141865885884,18.91079281641537,-3.491010115034793,-19.86808253208843
-10.422477682723729,-5.342248805678239,32.490069400507146,7.526246563096683,18.68577018558141,4.627121103133334,2.3132618191429986,19.00545681441058,-14.787618509007357,-2.784036170896993
-7.902058328983143,-11.53676535700598,16.672905431060638,31.956104480894954,-6.934662114864824,2.080512245321304,4.959303937207329,17.67464360551742,-8.259013672302455,16.266044515384586
-10.952054887670739,-3.1090983775145697,1.007325607873823,32.34109487663512,-2.571481650233335,13.766477607357421,16.618450997032088,13.153950539916375,1.7210699063347825,20.51772125550433
-8.862270180716209,7.545615470883657,9.129367427860027,34.03213927704139,14.642413766495064,9.686032896869216,18.72865503930734,5.497734287874835,4.043517000243194,18.69129040562746
-2.9867202684898477,9.302013004090993,27.966406841789123,31.377453188535462,-5.980486163994343,4.767274422464278,18.600737869525812,6.562400288538157,5.530644283800139,16.85837489603705
2.4757412376358747,10.778686310435923,34.25394382349813,-12.262786262974343,-17.90299501168354,-4.792978477889952,23.800089700471055,10.48340848944545,4.892657473212051,15.817174036324817
10.836451852773651,14.84595641472266,15.172627767837728,-24.544017011726247,21.94337696796821,6.249790113008978,18.33960367127251,22.69863247527122,3.0845660746742203,14.81374711835514
19.54063287349044,5.997491875408275,-5.917332639298103,-19.324990803251602,-0.47778160512621504,37.623943028169904,19.48317975031797,2.0543764953982437,2.3415380199793594,16.057011956021437
12.029120564563403,-12.795666865231297,2.525682673759692,-14.382255991098697,-23.586056874929255,7.467939714986252,25.197517079397727,-19.809612397754297,6.316785594730724,23.567944378316426
-13.313911329058513,-10.348922185850354,13.20450909838925,-12.964805201930258,-6.117224681295475,-23.832789698981752,21.024343336366012,4.770706035257639,7.488016103103065,27.38507866270516
-25.114792196203908,-2.2003673635286676,12.718688639805126,-4.530254435118317,11.666598099773163,-17.307418750794124,6.7475568302232976,28.270712846215375,13.606289224578932,6.265954304646969
-14.319180425548193,-17.82267829730446,2.699708100635944,7.273700530064468,11.643690087470324,-15.285715743816835,-4.869981255077674,30.62031111466477,1.7032604266042668,-15.708129880523865
0.06960393961655664,-18.829520979161952,-7.57594029414665,3.285828738069255,8.466562981430418,-20.888836746141145,-17.82746765486814,21.47814478524434,0.10256251721837512,-11.166104491134421
12.705752234926953,-14.131416755392042,-0.04196181428266983,-1.4158942945619077,10.535727991938828,-26.23511934917398,-14.70093336504121,-3.3625998284046985,6.535512839688945,-8.214971841619223
16.945554026849614,-5.359756978173521,8.821522237607162,5.464715989246073,9.442896351867967,-24.46927494817756,11.380467861369082,-3.4278622203548754,8.781294306081865,2.086067976338473
15.122468683800607,0.5362165058145654,11.13903627524475,9.990739320677669,-1.897197632680048,-19.785502594416542,8.86987012493834,18.341094145353637,7.870468545206617,7.326877672835431
13.67156879580138,5.782787594139979,11.61424078059834,5.031987344212968,-11.658775024074812,-12.51535676055449,-12.425514178017904,15.907164647273621,18.064796018890227,6.066307961940491
7.818160413086318,8.400211399785633,9.055677885651255,-2.849380452994989,-10.457276098035607,-0.3427775962378153,-15.961140000985974,-4.929722579780913,24.41962874678517,15.269003244840217
1.1283444854164761,8.02339129800851,7.272854133713978,-7.297009443216052,-7.1333986449905575,5.632420763617999,-13.957682922792555,-12.656434136953028,5.551515084482976,27.54552040010416
16.514792146572727,1.1534636409741295,4.547209149575508,-8.215382018986732,-5.144075127928438,8.735881417560416,-12.057658334634164,-2.877943478161457,-9.977574441623101,24.288698820695565
20.931684854072255,-9.407387689044352,13.21514036661808,-5.248304618492515,-3.794978735407645,10.750083280441785,-5.5999887391420575,7.108094271244263,-3.8114238847569473,18.19342242217114
12.38540669959443,-6.99661701005411,22.599357795877115,2.728869928621197,-1.5959869047934918,12.115904000002429,2.777052760555904,9.878629177498,6.92524077755472,19.719376051557973
-1.7084343144679788,-3.7496085997753243,23.56660658747572,8.245481154856115,-2.3979719597103197,13.139231968146957,12.078213192634662,11.037723286380883,14.520115869272072,17.246450607990695
-10.273751076623773,-5.784382977656385,20.910276772929244,10.332043409258016,-4.599885276571368,13.086867836197854,23.98870100881451,13.193864329470193,11.68364730918225,4.99740599815247
-8.999420699367215,-11.172317956634657,12.253368142575349,14.49248671279966,-5.800432061689613,9.733323196231524,33.70717789811297,4.824821549545641,-0.4804275104988998,1.255421915388626
-8.04687492244015,-10.21671672617132,0.3287105754460069,17.579119782292494,-2.2348566230741014,6.98229499894299,35.08558974589241,-6.04129093216978,4.63854113109275,3.0431544838961293
-8.468083581525866,-4.516154936256148,-7.168703646480676,16.14777823639313,10.241429788893567,11.273469861824614,32.42083125565835,-1.3041978326335781,12.856781959344671,2.9982849675013425
-7.231799024050131,1.1416808424217297,-6.611049671142404,10.013267524869674,27.379087376108778,23.350025617571312,14.78792051502938,-2.765851338171799,15.515216136087163,-0.013008757860038116
-4.526837388734258,4.350498879466501,-2.7172619051934466,4.702116769338261,36.4202722317192,6.998438917082647,-16.76933006502533,-2.5217966367828644,16.36738272219294,-0.797820833870312
-2.9734955453204273,6.205189283900244,1.5134413065246863,5.103866184957285,34.93382925878681,-16.96553950592764,6.080487680893929,-10.171292864251509,14.123012094106425,4.2706612165324875
-2.666626134117958,8.198588215214228,7.283882825895089,11.748854875865383,30.414045792810345,2.2295371275125775,23.000965021002372,11.841397528790486,12.997559677345558,3.1668932168942194
-0.7276690635165816,8.78328071156622,16.911465348884466,24.87746061873499,27.17773930482696,8.675680464978699,18.06586114697304,12.518318692829025,0.5889400119951196,-0.3045568944459104
2.1679513703612474,11.013221902390196,32.40995972954177,29.981453359474195,-3.969645032915035,0.7544647124873851,17.25294421359382,8.489968371061693,-5.3628957142684515,3.28115393084476
8.562090864413545,20.01203670714614,30.91330702565577,-21.968464383863807,-9.948340925174012,-8.029488947989273,18.33528622073814,4.373402565835651,-7.332047372564487,4.942629566407661
17.270356230023697,21.376536292221346,-17.604544830049242,-28.852452811569503,5.996594135948665,10.86037256537106,17.810772983542254,1.1986579202487706,-7.833625419288631,3.565282922862212
19.40027516676533,-5.792963260965031,-31.43794280454231,1.7718805451007442,-16.420562873036445,-1.2798861448432661,20.019133787335637,-7.642946196286377,-0.9723543152887016,-0.36016634422652744
18.46261126049157,-28.187787296773838,-13.127838975162279,-0.3798056347441542,-10.596399480315522,-9.69509059831025,17.82507162079501,2.5841593578568074,4.264859902768183,4.121898190042469
9.52894957749603,-28.908436616913722,11.761362125848327,3.116154979957835,-7.992414166718078,-13.879329066838233,7.863942262818065,14.967583523744565,3.2081607559419205,6.7866289999835425
1.088420724850073,-24.230475276715683,7.951418445367067,13.617315859591708,-15.872148548021862,-5.096122851093291,-5.597787930389108,16.466624070402748,9.984770084390156,5.012802933162396
1.5135744136280291,-21.045546134614472,-7.128452134231703,14.78840141614749,-10.224541294920098,10.740197552167139,1.7948178981085048,15.343560315133839,15.009701318250539,-3.864793832182629
12.771044922451072,-19.695323162070522,-9.458834919477239,7.282863395348801,5.1524849845494165,13.826875673982217,14.579035693203954,15.150124768516324,4.224290120965392,-6.765574267156894
18.824147858123656,-14.342550091151514,3.0207938422098843,4.32565147080428,11.216943920900851,20.38289599494855,15.89238039313161,1.6369191515588242,-3.943703290033202,-5.395301750258304
21.29798819146152,1.2315865808634803,9.411666878774504,13.329125901468664,18.476740811500612,19.79632985271,-3.2562323133151567,-5.940297960223581,0.20009058801631602,-5.566810528767363
20.699077598004134,16.759870063298674,9.329656434913387,19.47326159040988,17.731057230077393,-5.303725907523877,-10.740042153746947,-1.2277321424265786,1.701485396221599,-2.233402375835632
22.162198015223506,27.198403627543872,7.059318695935283,14.63672165816547,0.16943952930946082,-14.515773844779558,-2.027107867589315,-3.1377615550508753,3.0399220150499424,2.74280663436355
29.31318510563149,20.76909172316354,-6.9976764845299835,14.929634268574135,-5.9713443845624825,-9.161294478080258,-0.6683278755208196,-1.5298968496426961,4.056707043103862,9.391297349290447
28.911864161035076,-12.681141538817291,-8.074905155842352,19.802808851324684,-0.16755809727705723,-3.302334913755365,0.3826913112163926,0.2717785850480881,5.083945492332967,17.610132526456503
-3.1378506522888294,-29.233358078798954,-9.973893565161125,12.532612481839008,4.515254681358096,-2.6476993250829497,2.3691088512596687,2.735543898822511,8.172820844114643,22.645536623906978
-25.044572209201725,7.058136481382059,-21.27544351152742,-3.75833592256916,7.210428953077542,-0.2825229487356164,4.43708939436,6.568475812682681,12.79357278838419,11.345121051895164
-22.826879694046248,22.226154310926926,4.9208503049763035,2.907539803618032,8.437260711155536,3.660340528213164,6.403841700538152,11.07835221629976,11.887785364007101,-8.310451012074365
-20.250470257791985,-8.727251550233195,16.76188740558039,6.545087082225682,8.541942896350808,7.353904932140882,9.168589808857107,12.8375820622162,-0.21500980362392355,-17.003880058534403
-10.032069448251134,-21.269240082999758,-6.776649932065326,14.529915795219544,12.20217239113426,7.762977087514535,10.868718989726446,6.761699003343482,-10.081766761060077,-7.419171507739186
-6.418166519431733,-14.471591882114854,-15.997010635865752,-8.055837664232737,17.22017759510067,13.479987872312314,5.73795117817895,-0.5237207484057619,-9.84467114845721,0.4842363821628272
-4.462190077840448,-7.776544419467457,-8.515405844064944,-17.52879303761943,-4.730000643082033,20.590431867285,0.20415003169427526,-0.2535374808491321,-7.41736728564326,4.096881538236101
-1.8857106805041657,-3.707884748225657,-2.960666198732884,-13.287536983414586,-18.718173958961373,7.578818500162738,10.62329045852885,-3.5862174861945557,-4.7941657685217365,6.511327410868936
0.3117944258149125,-1.1765077157670984,0.14200431152510737,-9.631288679365246,-15.091548158941821,-10.983589076239072,10.654886994789617,-1.8675651389046262,-1.868300769577416,7.684289121360278
2.3790704520548576,0.3197800689066578,2.3618797107602236,-7.70076429920251,-5.765475329005591,-16.81086716100427,2.875435097724175,4.7376361176107755,0.5501025755226708,9.285165660312463
3.2756652621787468,1.2148341037992323,3.8564307650372105,-5.58543481745236,2.908916402745065,-14.77140922317271,-0.9969810704521624,7.045670148788586,5.4113086787952165,10.109469385841589
1.9118498638698722,2.2293036810818934,5.164610812802775,-2.6742733653554294,8.233875387025815,-11.11075097396375,0.19491482408043448,7.696108918301264,10.836707813091241,9.941099449055137
-0.29928495232308333,4.014538736797292,6.7142478077234795,1.4168478127576185,10.38864936041567,-7.650114579370408,2.5426650999246654,10.928221084037002,15.265974272828212,5.847028916112258
0.6158311167948225,5.6155675222811485,9.051777621008997,5.166333378612516,9.337983328067526,-5.634132799003981,3.275288067655335,15.67777538646828,15.395459643650003,-3.046593455010168
3.943339055032963,9.771568710330133,12.127990950048497,7.1717875505910875,6.0138766673267865,-4.65505215172907,2.7029141499821216,19.44402668261701,7.916267933441445,-9.97832230489496
0.6013969128147766,14.707741942280848,15.021648280882923,3.0721355138800854,2.833347132634139,-3.2869451570188075,1.3707151867501257,21.097239134246017,-2.9066510998597734,-9.188949493029565
-2.517675279203301,14.157362174654063,16.77048658522513,-3.877415916452261,5.30083173454869,-0.5857840932571858,1.317312422076936,21.845160330478457,-7.292749351624277,-0.18318850290363037
4.018733736806747,15.352603322674026,13.83627976063203,-6.839686737087017,10.760905445799732,4.81429986259382,4.269435991941143,21.801421006367885,-3.0113003906394438,7.677463321697944
13.09951350187634,15.983124655147167,3.03743377305858,-6.280253786182647,12.262685275477695,14.643806415592136,9.908973720230348,19.31246916484674,1.40833775514552,10.122406817544286
19.62502307055793,5.647333920080758,-7.671041442479704,-4.065091415301228,7.9469406690389865,24.80281467831223,15.302643925541542,8.26499902735298,1.7647484306223282,11.386116779818522
16.746559560895115,-11.060992674326846,-1.7273572311149772,-4.23682237403539,2.6128607847639413,30.44834110514086,9.157856573638366,-6.997785776070009,3.0362805537139845,15.261983896149637
4.944480788118211,-15.24401624491185,8.93795625973759,1.6314918076938345,1.6745420883544115,31.17147221223894,-4.80749541460285,-7.380111303432761,-1.8239410409033547,17.879401088100995
-4.363797803189634,-12.841074988697025,6.2199814612541875,11.738176763894185,10.464830799606776,27.103775357091376,-10.080697648396132,8.261669338752196,0.8922630890493671,18.505352643554122
-15.32755328201438,-3.536544625488342,-1.7992445667690529,14.964398699395893,23.388143457608177,6.333088994720117,-11.13599219535553,13.996121244637594,18.89851239716571,7.3438127882774005
-6.263552483708514,-2.555621157718993,-2.4961660189045594,13.547317874071915,20.80770542988461,-18.23980834338797,-2.539326259709868,3.9442859232635064,22.563237563576067,-14.542731971461233
12.274052277899894,2.3610199964658185,-1.1727233418608933,12.955457106984184,9.383113223471074,-22.254133487892428,7.145418789849433,14.462529769501568,15.466341002105743,-15.488458054075977
13.39712470676717,14.40212248884162,0.3020602947609257,14.296792872093036,-3.0482479043429587,-20.26388799635564,-7.178769877455418,18.328765283956084,2.2925449912840747,-14.142589915928605
4.50892243319003,22.54984235393584,6.7735842346234065,10.812789187656765,-12.417806432180496,-5.016715500691021,-19.931503940363115,7.705828186227329,4.710594574442727,-12.24236186333118
-3.3465836633168515,23.462436258999237,11.863047773464093,-5.756253353013366,-11.296072837802306,10.159717104753655,-13.507034385728652,6.524281133874835,8.328822096251734,-11.562376188942492
-9.053852716423163,17.36487159066457,6.473753486682619,-18.192126991310005,-9.665959059822674,8.841518622338508,-1.5201408974347062,9.06783094918091,7.550443215360566,-14.93476338077354
-13.14168338433158,7.223654311156875,2.9264086043853816,-19.935873490913902,-7.882188472816848,0.42851633323824845,4.778471481305543,10.636099208124708,0.469561285403716,-16.665435985755398
-14.469522848988765,-2.8044890664371316,4.111923124771249,-18.09238522558196,-0.48920744188424253,-2.905540218565012,5.089749065592936,11.448733530465164,-7.535314574449645,-8.726450588820498
-12.53232233051549,-5.6576851062654425,6.233202597593162,-13.084673570262947,6.114788266333745,2.228601187213911,6.358028934846883,10.51008620790248,-9.404135201412295,4.64394172251994
-8.000767535651764,-2.102714546342368,7.929700706709504,-6.472525036462192,8.19455333997865,10.350411067938097,8.02814614758956,6.928858483705641,-5.864435765600211,13.98126344732383
-2.429498269724991,1.8063850042717189,9.438521518909418,-0.430008053979269,9.266874656915567,16.408095624426995,6.443951478444816,2.0054333454495685,-1.9458985488993135,17.0990552557665
2.7811541860245885,3.549363209020112,11.538324125815725,5.227711952294633,11.40897464570907,18.10497081083542,-0.2614289806421295,0.5298270745922461,0.30868987414656746,18.55582555219691
6.19844798664198,3.652033636392959,13.390207856106555,12.313205062327619,13.928409425494303,10.933977559568776,-6.372074594838752,4.486953537189447,4.9630241550168925,19.61098236012925
2.590685857915045,4.28202293417188,16.74066752752333,19.580289952928094,6.856041906596363,-0.39512483942159166,-5.886980487316889,4.957535144205653,13.543857104247198,20.561864494549823
-6.464176590484912,5.719586770031457,22.69942942570029,13.724641517536806,-9.065291466583378,2.6187490503556194,-3.4807197919216772,2.504335050361016,19.092121343139066,16.505206321687105
-12.998060221000305,-0.4994045529092672,26.59450053823271,-3.7031207376026867,-11.028110194509031,7.449724620745373,3.025268703075401,4.158876110697981,21.59667575212137,4.230849276106472
-3.779630140655216,-13.729899123846822,25.36086234809928,-0.9902935887239431,-4.237618356794988,5.3338692472862945,9.019471503329477,10.021400704428203,18.56617219700293,-11.892022092688029
12.290643782623986,0.7440681935624907,26.28360691479644,6.61888791493632,-6.564251847769856,5.456767748245071,15.043302885202571,14.953992594393256,2.74104079394547,-14.079383178521246
2.9695600856606865,19.397634192232566,19.254830511409356,-12.949748035406675,-1.9275899965860572,1.3084482312249965,19.509362118561512,7.138317981287614,-13.098854728481058,-10.436363875323956
-7.848841658484806,18.028598019839936,6.132886136161539,-20.18559742648677,6.218662983660921,10.266481174116215,18.788258320324534,-8.751290908754887,-10.278506338993411,-5.735959709090245
-10.239863765240655,15.618805988627653,-0.37443517470502186,-18.800772363117723,-3.7449553301199736,15.52826431533031,7.993215128619857,-17.96899569732287,5.155275864520328,-3.8404662524363373
-8.347603672633538,17.225992506929764,-3.916213824861804,-13.037500020737962,-13.42660325624005,7.4195009558192435,4.484212911988947,-16.06273838389517,12.192321271674864,1.7999713113259592
-4.350935674783459,21.25478759162762,-3.5235065763895252,-4.030888442587777,-13.729727537758507,-0.1715301523096061,5.831371277121282,-10.760750199266381,13.355539704078508,8.54519316151676
2.8458732406688205,22.487644905306837,-1.2758024175539748,1.5549217362330192,-11.309770615447622,-2.808990123723045,6.939215176500122,-3.645570779319612,13.241017463453291,14.117323274210047
10.250465429388443,16.93075243894792,-2.3134328491864595,5.770162563278716,-8.940813405553026,-2.425824945358486,7.538337267887543,4.418767810511948,14.92465012718453,19.748420342396695
5.0811609390882095,7.854680885514911,-1.1790943496940967,9.553909261641909,-6.279417695173987,-0.05370123905505364,7.825691849315138,13.01002274506416,22.215733297846864,20.455197598744544
-2.5460518951284876,8.804116672437907,5.0145007171966,10.149787311503294,-4.246150791540975,2.0312990775631454,10.720661284572397,25.11984957535322,23.891833183364177,-2.1060037258760294
-2.2720663117497732,9.497654304023225,10.787266826926064,6.569002497833766,-4.140858286306709,2.898573368430853,16.249265254889906,28.52447213623865,-10.59974607713119,-12.14270667107389
3.3121478219657456,8.955872669894598,14.787756112984832,-0.22337301992579495,-3.5700121685356248,1.6667633496855057,20.334401564987584,6.69503328827208,-26.414201529266457,11.994604532214579
14.786661935970137,15.13924806994982,7.2708455401785566,-5.684676163996879,-0.03347456960691052,1.4667962062881719,21.003795092172897,-17.18824202736182,-16.553346474463833,-6.230653111879233
6.635140789053218,21.44601675108727,-5.300575521158407,-3.5811695128535446,1.4300676027747312,4.778557124841089,19.032527259582036,-17.37607062260559,15.43442983351236,-5.123742365751138
7.1605932581664336,17.433025150488728,-9.217444197233002,5.657180347169002,4.3007881106061205,8.208766888409597,16.4685840722715,-2.0730617929132986,23.601418074237525,14.34724809950097
1.1171591189600738,13.33399659250442,-4.426909373079926,9.490160058000377,12.97759024521456,12.690702514488416,15.847728817989198,10.643426846204672,24.733048360195532,14.911649144314472
-0.8017825461428457,14.606830573441085,5.310079473364329,11.473308003745212,22.062239455764203,18.51852395974375,14.891572792712166,17.769163130591277,18.89935306265473,-1.2693146803675868
-0.22074832281759313,15.986605592022336,18.036553057186,18.918406131728652,27.828622786966818,15.964386699980754,7.97284442261743,15.016054848590153,5.077769152058714,-8.96802636653878
-4.465259317000508,12.486438390211479,38.123621369399046,24.090828302107358,3.4351438561129504,0.6879149911282884,5.917317033307567,14.327029021692386,-3.3798267422898767,-6.965326373298065
-4.544618399617538,2.63780760597426,44.23351328082277,-10.086803976229962,-9.215682028930832,0.29838018778753295,9.72687969535454,12.462356214108995,-8.593046774833686,1.0178044760245746
-0.2897020805421048,-0.696783668792754,43.939236684684005,1.5698892224076475,12.764974910240321,5.507944098770248,10.844377403598047,8.454675059309833,-8.772665963163622,8.88082088332683
6.983209813758718,6.4016606762898665,44.3484303033388,9.702622401347984,-5.172429248581413,7.985223174923644,12.371390300645146,1.681437293409024,-6.791583585182001,11.300700574898718
18.78590927498421,25.061633893449407,25.133308813665387,-24.102288162397837,7.060628830770497,8.350591182037341,14.254559901625845,-4.818151218396593,-3.9346493925483936,8.84296683822715
29.568025601319807,7.273673594263539,-27.981913936494614,-14.2375484081207,-13.035714869887784,15.543044668702635,7.984737178284165,-11.332297638422457,-0.9271183393398174,7.140251648727029
23.532311482595635,-29.323228991417995,-2.2421095473949078,-4.184742477257245,-20.114212838890598,1.7098573155761536,11.987522727035294,-12.519050672861303,2.394022454109723,9.993374756142659
3.5485294975262374,-27.149684186691726,20.736630730898806,5.137855463682564,-18.135661061015618,-7.767264296269407,11.390422274592332,-5.505658913604833,4.135696191662666,15.341204747621859
-17.263321579169155,-21.70733123598791,2.968143970705833,9.873891913003565,-24.051228852472093,-5.387921047508614,5.538301180720093,1.904744839083977,5.450752253708232,14.95866047872466
-25.20387357667181,3.076263279667795,-11.496511698676958,16.96112921589984,-15.75593877978853,4.532911227675387,6.144613265819827,5.579779571578427,8.422737619901111,6.939305065725096
-22.238090459328994,8.203313689473594,10.817798048893886,19.599754858164022,-4.338092311966491,10.645244299917087,13.923130924976917,6.892715319583062,7.068587216287092,-3.497225964304543
-17.303522307664743,-9.744503904882219,10.956516639282803,18.321997771021,-4.086135774903319,12.134468937317388,20.56893960573251,2.5277124623872362,2.7613471357631383,-7.449045800288595
-8.5225627009221,-13.416395719923793,-8.35468877171229,18.831005649633315,9.44863263580377,13.483041794307699,19.78967083783182,-4.984472166444825,6.557684183893019,-6.730299483327651
-0.3170870220049252,-9.459107317566112,-14.68477591486771,0.1689165339514611,24.507661923004118,16.312212073270906,2.722455656927177,-5.64438880523326,13.350260750101773,-3.3360817214828185
2.1904490767955878,-7.786771395780047,-7.727466411563211,-14.662133564454253,12.826303466027754,18.721414342655937,-16.701138226428878,-1.5214689732545705,13.715439350045179,2.1758854800410585
0.27794152076888223,-6.0685252175006,0.1160070321219652,-14.603072822454045,-2.480094557848762,19.14611161960642,-16.502143510857685,4.181587983868903,16.54496986817995,3.823641750006623
-0.3342937911596557,-3.8898827894018537,5.33592737293564,-12.642786401126097,-11.143478803902124,18.306732481581673,-1.8206237957022728,6.191394986927643,20.787752517760858,0.3079899719074195
3.952804267178711,-0.916105859821271,8.93577489658039,-13.668728501826484,-12.71043443164096,7.360158887914168,13.639903354224876,10.550088058374282,18.182861038485633,-4.416381593442592
8.026358201589307,5.860707162378074,7.916696585406608,-15.939614328750274,-3.79514122852954,-4.156217793385639,15.608270304270652,20.140638145833844,2.4580601457384983,-6.818748817969382
7.053824045989521,10.41292377637831,-0.2257054106391171,-14.869320710424798,3.9704993696592634,-0.5063159705574336,13.405867112642708,18.8528898747452,-14.440446952111047,-0.018144982207032312
13.49219295025181,7.3713428194755375,-9.02757777842138,-10.498607102664508,1.206377699166359,5.665540763611213,15.828617837487627,5.439030719856896,-18.571181953923976,4.391982512985332
14.050180549651369,2.2138846165819004,-11.447792583839005,-4.977900038780778,-3.3330850420518323,5.909331082412825,16.387492892999102,-11.18368929181876,-11.772212636695217,-8.195482560194533
13.183768463968544,3.463826756550739,-10.803548199584698,0.46787463742553426,-2.891491769972804,4.200287352935244,15.529711465850609,-13.788822749394368,8.610351802897686,-7.8044235755204445
12.464980127727708,-2.444697864410173,-9.365736180692052,3.9330390424845305,1.1348020073847929,5.303221184032893,14.516800467867187,-3.936541128675121,16.98716807130237,10.065757228246726
-3.0586289268322644,-6.268182440377179,-6.607011719290968,2.5206907331282085,5.355995366143371,8.8325797663342,15.278273466182956,5.963997168474205,18.163528493785233,15.196378675410715
-10.162573823798747,1.6811309462962774,-5.04705103660718,1.5302374840518294,8.715121285871025,15.664923272009586,18.011568201156916,11.942806852436556,15.467960454137382,1.0986583132698289
-6.7778753177502,3.498852012646564,-1.3283125454006732,2.091292239731793,12.127442015794845,25.363002308648205,17.723298661323675,4.091568747389994,6.030177802404876,-6.523784031155446
-3.282530795852501,3.7786368436990183,2.113270766818147,4.371601564035204,18.124592122448856,29.477611415894167,-4.464877258699732,-3.066579931801393,8.179302696299407,-5.227754678221983
-0.10863496569167834,4.837992494382054,5.39272086496113,9.250745917665778,23.748783235714598,6.616007753055994,-21.420400088975544,5.50440589962468,11.436068040228173,-4.895929570080014
3.103054930696751,7.552294909837098,10.46738369145174,16.053989342246776,12.530566533476561,-21.89814238826177,-6.915220465199935,-10.066558135446249,12.80153500027509,-0.4790897717166803
4.459064086725072,10.881238857865124,16.316209298017448,9.805664001431365,-11.904695817357275,-20.309415604990573,4.603464369337296,-4.5252625084249765,12.81798081150449,9.159735894145717
5.897549801852262,13.257671151333115,14.336726157965222,-9.593277921546301,-9.425149393896824,-17.542442291983754,-4.125110675883076,-2.026939629547582,12.981103053505251,15.116883649307217
8.012260626272672,11.095824482527961,3.4283343252400718,-13.540510396777352,8.84946128052633,-14.01625450142555,1.0704325593751902,-3.756124198343088,10.219745594474844,22.519908145049822
5.866598241573049,2.6098564392237544,-1.8462708734512479,-11.447661836561485,14.979670097084526,0.19949501510327358,8.12752756072923,2.4068952934112384,10.702370806379701,27.563254799141763
-7.467682821912005,5.306559451771084,-0.49931611091932715,-9.462503673813107,11.501844492053237,14.430414213327712,6.715402494241162,6.570633064590357,16.73463087226021,24.19309084953769
-12.53781754344695,14.826047257326595,2.837554530510315,-7.500728697674602,5.771903376802641,21.815761383794907,7.411432899337156,8.387987282978322,21.300885021868673,7.205710573010406
-9.343421719540109,12.037589990781468,7.335893212883511,-8.094309230228287,0.6363305320587159,25.5441337891939,15.292596108275202,7.598502413305155,16.796005162110795,-10.390528613881653
-3.663704373920035,6.27070500182063,8.241593148178012,-9.91232744870318,-4.8511775609049925,22.899450561453182,22.983714638627628,-1.6462298731359284,13.16760255179102,-14.700359844332015
4.613285776188026,8.386658507767148,5.717348264415519,-12.394955355872087,-8.314814971436585,11.476665329151272,26.615983165209236,-0.6824623907894749,20.12330606254382,-8.790273148902298
8.13866167777736,12.689788485902547,-3.027199147501747,-11.453287079654432,-7.2166101179613955,-3.7988459623810438,29.51059679320127,18.326354939675966,5.248014611708765,-6.909562670820894
6.521569075766085,13.210247150434164,-9.978493485556191,-2.35802368008147,-4.453215707135866,-10.785393144007532,19.712214557372864,17.822646915725468,-21.788091446063365,2.1531294348159373
17.651707658256296,4.275426788990337,-11.590418039990709,6.780588080331056,-2.184292430894788,-10.684017222637026,11.820235117546565,8.862356402617625,-25.20714926369651,5.208872909986051
17.218262582740987,-2.426476515231065,-9.158756630026705,8.615473021539197,0.372721015331559,-8.309052003326524,10.148473144655973,2.4457287422450564,-25.039967628770277,-9.512508779299898
-0.021485013415376786,2.4198100491908265,-6.147064369197979,9.516229389105394,2.4187655072055003,-5.687947643500096,12.396384228971538,-4.6047939005398835,-19.899661066918057,-19.648833129180954
-11.431379110903988,-0.6793340133867085,-2.8102042487873478,10.733373704659545,4.4729498093558275,-2.8400290841473144,15.903940504785568,-8.567506354664767,-5.579965962360509,-16.970410619354254
-5.437971131341806,-4.627951306219833,-4.014722130595956,10.788440929044825,7.375951516413444,1.177425060701184,17.759634492477268,-3.7501229909785594,7.570949730454862,-14.579683000445788
5.236421526060882,-2.616523054261239,-3.7671288317077773,9.367948889670943,12.570300089668134,6.465062846002981,17.144894570765494,2.9188298913542687,9.04959332842221,-11.723951736283556
10.565682938508155,2.1596665423825048,-1.6992350129356397,8.811417930040513,19.645123290233077,12.954481123632704,12.208894885802563,3.2314221386662245,5.872478061085534,-7.485814832522695
12.40535454264987,6.547424035850143,-0.1901029043923012,9.474656871815768,26.93332564287576,10.609105746802744,0.13692788671951392,2.798634977343941,6.018571873494857,-2.6227201956130086
13.420466148956534,8.254399577414496,0.509976726030936,11.154386371863533,28.73056749732019,-5.568293538749871,-1.5489242334900466,3.7190451925006434,8.191542681846025,2.851234326866817
14.593361910433726,6.653618109622591,1.7274912899062724,13.489935329924046,21.985210948158546,-13.26071358343378,10.548706015927173,10.79923420731175,9.915419155077625,8.2955473340573
14.10615919387836,3.9424762162897737,3.860034495953623,16.28398714972079,11.4609252820649,-12.770148186138972,11.315326671078616,25.4909622662371,8.273788536724265,8.087867316070357
14.093706271705797,5.127726067851808,6.436548293662205,17.498291914830435,-2.2018792889890104,-12.115520239282048,-2.8711322878908025,31.30650087895752,11.157442032136872,3.1830492346255626
16.230051142459928,13.036860176130704,7.954892025453306,12.483660598265468,-11.255130862074333,0.2749997109549747,-12.712466915813671,20.21259654776142,23.50494153130656,-4.428820769976698
18.319348904051648,21.61669151063419,1.240835961245869,6.3237258515970725,-8.727335344416323,11.076375072369666,-1.8329653515904525,12.934998068470717,28.121671079946385,0.5668433963500172
17.219806658474184,15.146700996551496,-6.372273030496168,11.46803840317777,0.23966199088534118,13.437121661584158,11.993273230619886,18.242487136661186,28.55124369001386,7.309921853650178
15.18769283412451,7.877250223724373,-5.64031263987944,13.911937122894695,15.951220567818677,17.39447824560704,24.56404551974414,25.58042521356724,12.791000212353218,1.3687666851309548
16.629157956389424,4.851157202010224,-4.314217833279567,10.74802226386199,34.82185204486284,30.23287688517274,10.79925183284599,2.4910042767663847,-3.6862637987838105,1.3500951193655277
18.101187585708654,2.022769267482318,-3.7080550516534894,4.771642702867876,44.09656828843845,-5.881613549832399,-17.907849810172227,7.689255943568691,2.0571837038260625,1.820206152019805
18.245778840359897,-2.3302217679426342,-1.3801676499870903,0.3543961070299677,42.85511695712527,-12.408853741639064,15.738858808724684,8.887427169539336,5.464719217996989,6.587219491632405
15.898035138181411,-6.270907799163394,3.8579608600033293,4.934854749472918,43.25630718316669,19.77733540447446,6.82920181842071,9.727438901437887,2.7251467054142604,9.36395656408058
9.99192263252639,-7.300308280867696,6.067321795561024,20.532947650970936,41.63112949388681,-15.151443554664162,-3.8588249350562367,8.920903413100524,11.435832795411388,11.845611594844748
0.8492379186752642,-6.693780666792927,0.23249260311792508,27.867925798792054,0.7444825062995115,-33.97910431603755,4.252635813162173,26.298149814509507,14.401694214673578,5.884653402478205
5.077912953499101,-4.410301863948693,-4.921653202628091,30.049680284269535,-19.945981634429984,6.854978411159063,-25.06679112473111,-0.4172709502153927,24.48775131185243,-4.187201582480874
4.0222679339730325,-4.5990198534988345,-7.943457961483343,28.911264153203337,19.57024332824916,9.47043476509438,-25.23733495907933,-4.660426104899037,21.02513867499478,8.323819314936843
-3.9885304515787507,-0.9009958848656594,-9.964971875658225,17.979866819955102,15.786977716250549,-29.824368764846746,8.043760104674552,-20.018955857959014,2.638910756162432,17.567165660557624
-2.031758441074403,5.538966465293074,-5.24214927589893,16.236839556742684,1.2688426586892372,-24.74239612428672,25.52096516110386,17.701213407549716,2.486934801107848,18.443294864973144
0.9785206897473335,7.297352752269962,2.6124271867660465,17.892883279976342,-14.26431933960759,-16.23021356435747,-10.415948986505482,29.719103740197053,16.620323605012533,11.345268047343138
4.589142162868198,9.719377454928395,9.745220420663275,10.48787264731995,-17.899594861758864,13.740215503334111,-12.201392683504864,7.677010092841165,33.007577122621264,-8.055275450472884
11.737594088933777,17.455232587585225,7.2670546173105395,-2.0032913780432655,-13.996495232729533,19.408582137490782,10.413661780246597,8.134118972861776,32.0157982435362,-1.3196203496164558
13.161876080934443,19.223681712261662,-5.861024247243065,-0.7181347481433071,-12.980944935564347,4.664015102657622,28.576159178477575,23.4359026354415,16.21425792346521,-1.4893609718832452
13.878090373088556,14.886489181263926,-9.741949739485245,13.523417889690988,-8.629005422117864,-6.372749984637618,25.20119828436469,22.595345766626465,-20.862026418007304,2.9898987630089984
20.033507466723137,6.657345440815182,-7.292079022909831,21.96425325344154,-4.405350962058406,-5.235121263781887,20.221339341046143,1.412430681792138,-29.162123810420216,-4.0322679101443075
-2.158426996492229,11.656787608271841,1.5954965858815378,24.917210945135494,-2.6079339261209156,-2.676627773438629,22.065295375670907,-15.106816921751273,-9.267492135231597,-23.091814624067922
-1.752108117642909,5.026090652191661,14.984278739127893,18.33529171268426,-12.608312189840534,-0.8901152951495834,23.40216239405381,-2.52806507778047,18.153057265827318,-19.444833637936423
4.834980826832297,13.058945097621226,17.48453420515207,-1.7143440246186363,-19.00339085440339,-9.943008674815019,17.87205305482832,18.213503680829845,1.0530521339336316,-18.94325831129844
-8.048380807493286,12.143830742399704,12.34858897323731,-18.080231779346203,1.9972956119693095,-17.44889784973241,-4.738880411118424,21.617690462169556,-15.945401054138156,-2.34804317906977
-0.21045536078741858,12.04887891540755,6.637223402008586,-14.284911687563062,23.532983740697293,-9.086545707308911,-7.8763876937249355,20.462476121041213,2.131251306659853,10.670013191422408
2.8404585825446387,13.135434307065832,-0.045224694449114394,-9.50714227695261,28.918190657809284,0.8896290330220479,-4.1843716762777925,17.04295174898091,16.696385449851384,3.8342450528150698
5.026577989634668,14.049680772378531,-6.3108996379957585,-9.043891638409777,26.093080529140305,9.076978603072817,-4.991505577254978,15.15145138294228,20.29537464032366,-5.95523013776587
9.170651495647391,14.644343197807464,-16.01047086087761,-10.011530133510867,15.532937483391862,14.508339214947524,-6.586093726151995,14.192841282696552,19.309287634297277,-11.162155238807768
13.06418787078727,10.51990940721963,-25.003278128175467,-2.8053534520377523,4.252688660169998,16.865484389519498,-0.2550206887454737,15.003742232619606,15.162173009017282,-11.542563928509924
16.421402840502918,0.3783559919082002,-26.165495827629165,0.695983013537319,6.616374747701588,19.208294088874002,10.464116852102677,13.518099644736505,4.484244008027158,-9.164221436379416
19.7849535548988,-10.331028658722085,-16.41048478097592,-8.521661703992931,-0.5029168441957403,24.028952069749323,15.05897634005298,0.40686762426910944,-1.67982798979752,-6.96958123729078
23.947112585499976,-8.989491657818212,3.370481846685776,-8.598433504933935,-11.151471880901848,16.173866206562458,16.155823252536486,-12.469854969145768,7.6840133129640265,-0.9182790581737302
16.16598702178174,-5.964182236390676,14.747919688826977,-8.251992694597606,-8.756025564022865,4.6149267440675255,16.614352762411116,-8.73286152964993,13.509164478666982,20.019319230110025
-6.804339652730354,-5.46467392105882,19.522002996659364,-4.471556647907053,-1.1019029828636602,0.7589177065314092,17.89334211332048,3.53843714858786,13.967922075616608,25.770042535561476
-21.28531894497518,-4.659716476493474,17.828257408488394,2.2147602893483422,1.9853559042986364,3.378151849604288,20.185912680704906,17.526205287466194,13.844978044452336,7.3827780515503765
-18.583822683442257,-15.413385591673244,4.305952019536942,11.097871594496967,1.8123592391151548,6.425230803234055,25.42029316621533,17.142913248871476,-6.612131528851573,0.09851873251771937
-14.601400937660687,-2.502148853651447,-8.978661773801424,9.360983662925822,10.62233163031352,12.466393115791181,25.10336101982553,-8.006127594156712,-10.922533705948151,13.899869161165434
-2.8369097933045304,8.84950849403542,-3.51501510637729,6.892469374900856,21.111217463768796,17.2694236593081,-2.4229734973638277,-22.03809949221002,-10.014552132151705,11.779877540594182
6.161406721447552,9.99454987727171,0.47301674633171675,7.8790729258212275,24.795251537966344,-5.419711158149747,-15.69102357956028,-4.015047319813718,-20.249461929941255,0.39687790992648886
4.3380767703755865,12.771842213035999,4.4304329619381715,10.27813540340882,17.605445988849596,-20.91943588916232,3.0006227485283232,0.873917668585558,-17.85301104273883,-3.5653274912089015
1.2366560548956809,15.673537396453252,12.040823125561413,10.026713709404026,3.9012022547551384,-18.973534944836434,13.339265246110541,4.315002958511372,-16.815974545955996,-1.6332846110533727
5.003143960161809,18.34975303330765,15.269789992801822,-1.6116103459843392,-2.256312939103647,-16.561639958999393,9.090147250899944,6.462874637139811,-17.031384354652698,3.109972730465778
13.173268053682744,21.356239729308015,1.3729231879433463,-8.350814291814554,6.857564518000173,-12.323185060238183,6.744334916485408,7.775037270153322,-15.443508640943403,3.533956996823945
17.170541850025625,14.094687682713001,-16.971387213166704,-2.575981783375017,8.98775675316007,-4.227134577386967,8.657273782655082,6.572930338358999,-14.838484464611518,-0.8344594216233473
14.174151240778613,2.834230332476713,-20.750216319427654,-1.5640452686154855,9.498633168915804,2.718633495912063,10.171215321676236,1.6234118005584885,-14.814463196480645,-7.284267474465543
8.483293210045709,-0.5596822764081276,-18.158001984406887,-7.025219432108484,5.1858395852736265,9.926962255532972,8.38457084634327,-5.661999737922624,-10.204297613616886,-13.565807556931833
6.585482476736848,0.7310901119977014,-15.31904327539995,-5.540402296457521,-2.6639545761716277,12.432189107078775,5.08581779865163,-8.546702236249743,0.5067103946894089,-14.695283387517403
10.01236122637212,1.5634260170703576,-13.224609648895543,0.47184766502992986,-3.8247864693448026,12.03832318586144,4.12145492829031,-7.80075051653408,8.958156689622346,-7.530467797739903
11.973810752171977,-2.596108051112728,-10.807191278749404,3.4236821595057716,1.2650977071594613,13.471092005320145,2.5118059939169215,-5.854540621647678,12.276082602039452,4.6631525180285385
3.8409658846974732,-8.540316308517175,-6.757752459143343,1.2666967136271223,5.905008647961016,14.168170228716198,-1.4936231855806823,-3.5660544649708945,11.514651256903116,14.723754847099052
-8.38327206033236,-3.333217483288127,-4.941258842262485,-0.759152259075663,7.578046639883679,14.194227234088899,-6.132602872899264,-0.7630113568338197,10.474830817862742,15.765078441910553
-12.377944625962424,7.736536884739655,-1.2427852128488612,0.08861308907042661,8.862186935545354,12.635516696073418,-8.743024096434317,1.8635609744160708,12.80781036851144,10.394694834538024
-10.688774573436994,11.405465571819711,7.259295428520236,1.799101556419049,10.617052585305705,8.831705532067005,-10.245311608676165,1.8137109929471558,15.685516208001761,2.0086055035377015
-7.461802218605666,7.051160448544099,14.897663400581555,4.729905164135059,10.948899550296566,2.76690939775269,-11.099327641472208,-1.7845050362309256,17.192501408592,-4.220385099141674
-3.1045443509319566,3.4590645917830027,18.799743809178747,9.995483290804582,6.022324071109972,-2.886759159300372,-8.262831325576967,-8.079820826603278,17.060121384290447,-2.30067311789079
-1.9885335128135495,3.2577112851439676,21.76894613018147,8.921375980264544,-4.117620235937501,-1.8238921353320052,-4.143429507507071,-11.52587723603111,14.02649808331831,6.1639594321040025
-3.5407723516419503,3.3796239381644195,23.931865329325056,-0.8448257590382808,-6.7343411824346395,2.3554149813085496,-2.0926545020806198,-10.419282117011253,8.404074012342264,12.560123321874864
-2.6426935297514875,3.6602404540836524,24.654263025591995,-7.236770784422708,0.503879131606418,3.825785395012951,-0.7430483260802785,-8.358577369491591,2.7695049737862565,15.608751273238273
2.304720272533985,5.182038079392161,24.101816622955354,-4.042146503663327,8.46968323030881,6.853839021724268,-2.001636380940093,-5.666412961950602,-1.5226252881522584,16.99046956037694
11.792447171494118,8.751952641558823,22.063307233887787,1.688204838269133,10.95241775116525,7.077277310920928,-5.012962153850701,-1.6545363870204453,-3.0237624475019653,16.660238242645203
23.700087187355926,12.431398754871852,14.556414976247574,3.278000380773328,10.544826224280726,4.2180856671675135,-5.689451855782781,2.455443007032371,-0.3571286401318441,16.1701936966925
29.50922939978987,2.0809614481010503,5.973864830391704,5.663005248493846,10.694799242153476,1.257891008475353,-4.534712652048764,4.516516041474091,5.590391652684765,20.22794585269577
8.676830780641001,-14.119807274526867,10.220158210696336,14.434993558753261,7.954073264887418,-2.7427137878024475,-2.0750919484565182,4.53011751835023,13.535146985494208,28.96072450590101
-24.32206077836303,-1.5599058914214994,-0.7850393128800761,19.941030674368044,1.8213456410081774,-4.505167485342513,-0.18088809183358823,5.122502864180469,21.133973347124186,15.226257751578736
-19.3011436005934,-3.576330069020755,4.772100163978338,20.63034944136448,-2.8951937364207097,-2.34630278552381,0.6347843325737648,7.254709380647516,21.30122095909246,-17.00716261747666
12.200249753390171,-5.635350976645836,-2.3512331749223843,21.663872965439282,-0.7644950791474497,2.629151251881983,2.8476531736741406,9.79200780857133,11.448171428515415,-25.36477322372242
14.86191695986783,13.836401638812799,0.5736508194490963,22.265258324739136,5.753088165998875,2.2246975894449403,5.863204958043322,11.612853824201657,-1.7828524189103572,-20.85408937256283
-7.631082919760541,19.268177509089156,18.815572246329975,16.775740951490445,0.43775374371861586,0.43171665452778396,7.578239124711129,10.063648766742448,-13.172403593817974,-13.84458256760552
-12.921867775556334,0.42246802407945405,30.604862133116608,-0.4317496397822949,-6.0291025020982385,1.4139004264883615,10.17242176520669,4.209582598135421,-16.1898469243446,3.8734396575578653
-5.749518740925431,-7.118159360427851,29.41056784298195,2.2690747815242776,-3.188888004218173,1.1072783486338205,11.873064174262545,-2.5737705256718604,-13.59705520009922,12.984526159259342
-0.2834759751231103,-7.036960674217846,26.767535762233685,7.264654813275964,-7.877662008600369,1.2409412048766904,13.169398070393198,-9.006078882924477,-11.287121583085161,12.902343201089009
3.696912798478959,-3.513704907371289,26.132925126379476,1.9540841005487382,-12.501225186780468,-1.3686916934020121,14.305822636646713,-13.053527629317013,-6.869190029541181,8.321636648935392
6.661048180195644,3.8763963056668618,26.613201654665016,-8.799771617975262,-3.8658728870461725,-7.94897127140105,16.26335477358991,-9.19273823850649,0.30747155589390607,6.9609360542892755
10.708131813376765,11.75755564371393,19.63026082198435,-10.065142116131337,12.845755170396385,2.28712235127233,19.280780578324396,-0.303695653149398,4.220384275838493,10.102986851450128
16.946611733012656,13.06546953688556,6.222166775856724,-6.725137184440304,14.753710599889699,21.83804346078487,9.867597308320903,-3.804242908986328,5.980174700072829,15.330741723170371
19.209492941327937,-2.215906542137927,0.018424162640703096,-4.0585529346438864,9.851544380533944,26.331149665604816,-8.639323219545467,-1.1188509046832402,4.283597305404118,22.175486867800856
-0.15031511530272562,-12.083876288997917,7.133636242459475,1.7023103243735727,9.194023931789728,22.91290472837086,-10.913670495419334,10.235898440224975,15.255420309075738,24.122584368950424
-18.396276902580183,-6.018817399888085,1.7533152967818841,8.219877705975485,14.512767166910459,15.34402509862916,-8.949833588366749,10.191433674560033,28.446503307236586,-3.2984861972299497
11.658193594759904,-5.918856449576752,-1.1022772378940398,8.78744240277554,19.66489328817359,0.5353644382164511,-10.01456432428102,1.9907313185726339,27.791499289238104,-17.816856675924225
17.532941556453167,-2.0496077860178032,1.12943378880373,10.405377027924683,17.505979695860646,-12.381954277114074,0.26804532402480435,-6.053648256016365,26.864247964277357,15.302844990185669
-14.469722630472317,-1.2720819060081199,1.2132243963540734,13.269913952578747,9.754810162326958,-13.155092861895094,10.944261982072481,9.919428902966835,27.151004758981724,18.221712538270516
-9.772901303288315,-3.112847707665397,4.20448146844827,15.122668477223844,0.45838324508648604,-11.643706033018681,3.574468224028325,27.12777410540206,13.519010562915163,-22.69062391195304
-2.6936180087561112,-6.133920124626108,0.8288792469679493,16.726331431138576,-6.687126095028519,-5.493507072897477,-8.666676114019227,28.249065115886488,-12.584909752518437,-17.32868596652605
-2.5709114156217727,-4.436654079944679,-2.9551822412502347,17.61819662581297,-3.207377145173769,4.51282958263664,-6.100778689741971,33.692673966693434,-4.743922860374012,3.9044961702368175
-1.6547266085522376,-1.480992512186258,-3.7153842306714124,17.92158618239282,6.906990005424252,5.141739276633721,4.691271471338432,34.38917982057317,5.0917089093737555,1.4601111715082895
0.3559789890710805,0.6954171093549468,-2.2704456878553447,17.327811264280495,14.017796999421282,1.7816773859091495,10.313887165607245,33.245056136190236,-5.912989967099929,3.122550553568134
6.571578815518784,0.8212888005443828,1.0340637589328823,18.324704456945877,16.17951748075379,-0.9005346248988467,12.285289740198772,28.875684257703817,-6.807785430430381,15.429220034666027
