T0,T1,T2,T3,T4,T5,T6,T7,T8,T9
0.10950919919264106,-7.9824903972851,22.577486555042054,-6.057017496769721,2.1643280385542583,-7.919268900431213,11.676334696494871,4.3160332179311816,9.329838598540666,5.172824237287233
-1.030816880951685,-6.251259003749607,22.942841981887316,8.533181126485449,2.036300541328497,-3.5677244715972107,11.71740674929754,14.339218905325117,6.95356297937889,2.3577719117601528
0.5176468261192757,-4.391998594675355,20.664846016064935,11.828841686373512,-9.713589644980463,-1.2732013776036104,10.795383354237357,19.17527113218859,0.21527235946622264,1.163172818923428
2.505277550311297,-1.1600114156782555,20.597461628629503,2.553310479869675,-15.494330648518552,-1.5641956190996356,10.896592259852914,19.00767087319437,-5.442675141078782,5.2542933508520395
7.195019455356895,3.705667385919544,20.612178068932398,-9.820328587097531,-7.543910027796839,-7.2879437640191025,5.8878380033422,19.41751694040664,-3.6606481259948653,10.846293965456418
11.045091750659891,8.346552300071442,15.137504899614655,-11.854100347599378,9.41904939198085,-4.376702881257352,0.824007859082163,21.352519422083393,7.535408344145,11.410913267021316
11.125994461527121,10.79748072122781,6.478604778274994,-7.328874140762626,16.007897952012403,5.567684471256283,2.700317388243183,23.07926826782576,17.56730345140186,5.8073178170392845
12.007446037603792,13.070064381299044,-1.6899534624985053,-4.629792764324479,15.21126719561414,15.740317954167267,8.891138198946598,25.311434024335536,13.366851949311371,-3.5063132214256867
11.211583623446394,13.458867347270818,-9.888577798451227,-2.16802030399927,12.099227763134714,28.332594468574875,18.07678886808115,12.402801287782983,-4.570283016279025,-4.118825113090223
9.188456694411201,10.800113234568599,-13.93159808091322,0.3537000030301098,11.906671978091909,35.96924672778376,-1.318572860718988,-7.640149048720027,-3.47983033482597,-4.540733975398884
8.062776565812031,7.91261395833418,-15.280328592666573,-0.30215841748708133,13.880380998155129,27.679373746880657,-16.98991527064866,15.462722724362973,1.4261661529496374,-3.439120062892869
10.205522726510148,4.911865287018262,-15.687128028660675,-3.6766863752951915,11.83937239656838,22.082619601868373,-3.537166807220854,26.445586601066786,10.268153533738912,-6.616007992281956
11.595011721061656,2.487261455413337,-15.754994447892487,-4.996137202191347,4.155984450124084,26.96131379229144,18.18860830519219,17.82673355787299,-6.239064944195704,-7.47180473415057
9.467632753257934,0.40323202912447814,-13.910295349794506,-2.333203219827668,-2.068836516025476,28.099348514400834,16.59105201454643,-19.344319121928997,-1.6645930660866368,-9.401929316615794
11.411352617089289,-2.4008416455200843,-11.011918666657799,1.0672180771724682,-0.9525416592808695,28.175513278935888,-10.323338766794567,-20.551079763679258,7.7811637947433026,4.923390264659633
10.071497906856553,-9.076768788448181,-5.670214396048008,0.12626710162174348,2.5686632251642076,27.55016926955255,-20.645152278534372,7.262297045655056,-0.02567132415412761,9.121236180774671
3.9543608985722383,-10.771915210943279,0.2219769874331628,0.6216141825112014,4.512642324501397,26.51799269057075,-1.111327683756419,20.491022800318436,16.909371476037787,5.0443854667882055
6.25861039418131,-7.72905665802133,2.9838073880118547,3.9086138275051,8.882522384143396,29.57407100976084,17.923217512089707,14.645055287150875,8.873588852715331,-4.673116860889226
9.75461410971032,-2.202373735828174,5.501908539813618,9.776315458741312,19.78331793186471,34.628592806412016,2.8764119932756507,-3.5708391473760437,5.2702679104688785,-1.5800396664494105
10.898062635014721,2.6295651421966983,7.2464543067348375,19.13066344999961,29.23040772534031,-2.109326503620925,-21.522817533560982,3.8131252103251927,8.876959792596997,3.2871975715182686
10.943098526820023,5.656629323748398,11.601768979966199,24.158605370408754,-5.599553282257078,-27.928778572614902,-0.5293998743032833,-8.230465913855356,7.824598965980083,11.68589551960032
13.099433931947654,6.342499538298296,14.461568347228036,6.334923126006157,-29.811664607418074,-3.966227069882033,-7.251932006407521,-8.334473022040534,1.860008836556503,18.102233726698046
20.725965571675097,3.5340380939976854,10.668926737175871,-13.031987811364129,-24.370122156389666,0.6634003159257394,-3.657681862747379,-5.4257591585399,-4.820601291468898,16.637958341514306
26.656108448418355,0.5488023383970595,9.054569485434827,-19.422431113869653,-9.663107359261902,-8.725710816732956,-4.354141992593177,-3.1588340041972502,-6.2208636293515855,9.845862557573552
29.65803999783159,4.8102304286939495,5.175551013959406,-17.64373546984731,8.341390591080991,-6.099171844697037,-1.231340723967626,-1.4107786748046247,-5.1026048314750305,2.955001070773731
30.52519535087925,4.757322665548945,-6.168923462471676,-14.962828285340532,10.159366472359737,4.952293661517461,1.0334005521555916,0.5663514233184377,-2.8595144160496093,-1.1380804343095836
30.823496835222052,-2.4566751106561986,-6.170876544213602,-13.951328259713513,0.1520796426970999,10.73318193680265,1.4959096979654174,1.870529089435901,-0.9025800769724697,-1.6336161164103984
31.066648255370108,-1.5626546711688343,2.2754363739610093,-11.304040418231773,-5.591200290437016,9.450817337741825,6.252116075933721,1.871935522433222,0.7668951656354794,0.3683601036473759
31.449161516141782,1.9505369869986695,2.560347124058534,-9.923516785105738,-5.806517664369653,5.2800335451798395,10.459435493656935,1.3589268902472995,2.0234280566295153,4.2051414421384905
30.826440654824975,-2.84565635045586,4.243407806749664,-8.132226309545734,-3.974827716934973,1.950183706694494,12.94655421489055,3.043461836894712,3.4338646874558387,9.85375385236499
25.14510176708027,-6.376848523305138,14.927334334887911,-3.91935231350115,0.2985547858383785,1.821015822290777,14.831751138214964,6.719905970720574,5.297111922920326,16.473354445131154
14.759033849505677,-4.249244226331567,21.633339068293477,4.832900386998948,2.0670264866698878,5.02866881484224,17.072872089366733,10.723596887553617,8.043788582850745,20.979241681551926
2.974742577711725,-1.9019866953846585,22.6195254248722,9.987572697859497,-2.591824446544305,6.5671767407541015,22.32580803738331,15.593877364654364,10.824520972711118,19.64360652144579
-2.532694087504254,-0.004060276649935867,22.94579258584776,6.0765432900723875,-7.573181692382912,3.465539395078036,29.725129205295797,19.712343034425725,3.035060794465868,13.505399879913004
2.992050426663488,1.490026704627154,24.03181412344402,-2.3200585326742442,-7.104585303359283,-5.874105728403697,28.89581818747224,16.70346593874057,-9.01078633437395,17.831548129678918
18.328754423988126,4.306352418067069,22.082866611268198,-6.7669764591997605,3.3355442803037625,-7.447903290188039,22.257610048340688,15.118148976025196,-10.460251368550475,21.717701843717908
33.52481092443788,4.956072536037431,15.402741860837066,-2.0971092681705237,10.352092043915324,4.857698639370292,21.795406913270632,8.251507818450271,-8.826327034647859,16.239670079978545
40.583296530916066,8.775280754048442,5.026272707057553,2.701480026842177,12.294504701561888,17.389549589965306,15.078272944360283,-9.170474073641406,-5.52847478659609,2.745533875634104
40.36066830521231,5.687119521833081,-9.841584689197097,3.2419265365461074,17.720835116549505,17.950868806561658,-8.938223756396505,-10.978020801056944,-0.9634031359388966,-1.8473045646624557
40.49576680794268,-5.241888278006974,-4.56988075754016,-3.636636635817902,19.228834309494722,4.154396245018941,-19.961468515945555,1.0579369098681792,-1.5114824423495374,-3.780470353700628
40.420881885965194,2.5236211697361792,1.02394935327003,-1.809632932677758,20.221917519270196,-8.353270614337486,-14.905729371324476,1.0015672096334982,2.3161531925874996,-0.8282942028116971
40.1259341154711,-3.0890021394504403,-0.5538978261193502,-0.4014602436390719,21.61200068449477,-12.574023452367456,0.6337536427186822,-2.2287670563313635,3.583638469318988,7.294028639246497
32.440311326767485,-10.878232739452368,14.350535031555259,11.30129477050191,19.290921187955302,-6.067841002773148,12.262647812735551,4.862019540222773,5.546020266731415,16.468475753192465
14.165865393155908,-11.879105106794425,16.448930586443968,29.515396021994928,-5.138455689684348,-5.640581455599366,13.241627518943687,15.617501448748138,10.459887036175196,22.367423226500502
-7.54546566865374,-10.086742629264247,2.114451029938236,29.484037943177988,-16.31240386663156,8.194557978820551,17.31244756270291,25.473287247601508,16.15575459667575,8.897906963896693
-6.921968936297591,-5.073769414349414,-9.812084616617696,28.326491512093074,9.195941433178541,12.224175655753161,33.459404039187895,14.236211740657648,-10.737730604704728,3.3918035320980513
-1.6937772014972916,0.9220302829931963,-10.141305120983322,14.610513291413943,39.059515815403756,16.962374958045757,9.277788508946788,-18.433485114507647,-6.950166372846394,5.714897294898994
1.9084824377638028,2.832736620031284,-7.195056985928606,-1.1580993925913128,45.329942223006334,-5.323510373950158,-5.6219689420305325,-13.641297095870158,-10.88733665366156,0.3430099542344821
2.1452487731519567,4.300351661959398,-6.600393546396431,-12.420288299628838,41.76267752748635,10.942218355032274,-4.2020545303141805,-10.937760222461547,-7.396557768273403,-4.630554978506771
1.2154652966733253,5.738457961712835,-8.730293133982434,-20.086713720134806,24.62049955297935,11.951342584195626,-26.445379006199044,8.793425079775362,-4.818097447978591,-3.956537814300585
2.774073944527145,6.599183784960727,-13.409066209753673,-20.908458340688114,3.2011339237410374,9.936685353718875,-22.25053061275755,18.041209873583714,14.3892065857493,-5.453097096913446
10.5708525194481,6.391538343241181,-17.7925311205615,-6.923214757150589,-14.469302714547993,11.530484573919285,-7.401736202435387,13.016697598158068,20.571554792307346,-11.290234851052562
18.39985579030741,1.8697497482592564,-18.1085409156206,11.123153816725726,-6.729491041716623,13.710722488957867,10.954442316084492,14.130374475715433,13.903980437345053,-7.770634655570301
22.22644415340992,-7.546262841174783,-13.621928107574831,8.100506393663691,12.817377025427021,16.940489394245564,18.58557805041968,8.812957399899197,1.660564560629002,-3.0127758782632466
24.061689901038502,-11.462666488916055,-0.3136640398707467,-0.02310072110943388,18.14543917955096,26.16851142284861,3.630501504109395,-2.834400185934255,0.8684081823299798,-0.8313591533685417
24.165726493590288,-3.621700056805314,9.99316800056098,9.634021034420542,21.48853123630155,15.373247217223774,-16.47753094207401,6.438973245144057,3.973616676207429,3.3829103827039058
21.644212217416683,2.723759597730876,11.701807189615408,21.204741441071803,11.894950181882837,-14.340663472586275,-13.731087515144274,0.6122137867068417,13.005349660255707,13.18882409901119
12.916201430848762,-1.9652133061176957,13.164297033891282,19.78064873557631,-15.811696978040601,-7.991137129984215,-8.434609468437204,-9.953039427193245,5.286801334627593,26.57385776853937
10.802314715084686,-7.307617827014592,13.50892046863083,10.964564945625474,-20.426192424957122,15.368078641368596,-2.6329464503697144,-6.148382386671418,-7.604478452280261,25.245408014719093
13.16347110734987,-9.144017739910543,16.548181906266038,5.756469067825954,-15.574814824900978,20.224382059892296,10.110938018152842,-10.334949858072283,-10.736393014982871,17.39627371800575
16.523961419579145,-0.2706572882752628,20.490635838333905,-0.5067024582287615,-12.815492414810295,16.038687433865743,9.205874735052152,-22.700045278227044,-7.300218660005527,3.4452045283783366
17.45244374538026,16.198824513378916,10.386798452314267,-14.817532176881876,-8.976856070858421,10.350038358210496,2.269605776340758,-24.549487777265476,1.360956585624557,0.14512505251267893
20.948442067225542,11.088414271061872,-14.304266453365114,-8.062197756165315,-13.1869170865675,4.745209051003747,-0.5668026515520516,-21.393802525701947,0.291709915501757,5.419865797679337
22.337481915668167,-9.685183541223674,-12.96479892383656,4.746942034513024,-10.296176208760787,6.528301544563051,-0.5529165755017899,-18.13639875288664,-3.165704514637148,3.623157998317699
22.665842760684736,-15.007098717477264,1.5942113831161047,5.016358778423206,-4.517894480296473,10.450905706700873,-2.273274024570344,-14.691497285984543,-2.9261257048974847,-0.7367660400316959
23.921178179560602,-1.5333486717124336,11.004992472932358,8.808881434566183,-1.1524958670768648,13.313730936387826,-5.573617175300581,-9.111144692034877,-1.9993533881300252,-3.068452684691833
23.309554989079867,16.038973491495064,6.41332837195882,7.174841212335081,2.6231871422315534,13.750483858387685,-7.488477692562523,-1.6778100165509333,-0.7268064331185333,-3.2890572127500426
22.06102160281942,19.550952082717476,-6.425109560095313,8.601950486151262,8.889432358728655,11.354529955803113,-7.46008833864009,5.050662300361499,1.7166475205683935,-0.6952278702727621
23.621974338528585,7.198301671250003,-12.91623966092569,9.749775874890444,18.963680467870688,0.7262051589806005,-7.186684411336745,7.701718269355924,6.592989530964249,4.195306952285962
18.26762398121012,-12.848908459115583,-7.042532806773712,-1.8669071995218554,21.946542770268394,-6.465796829113317,-1.5710977422175916,6.247142472940651,12.64716817333907,13.170312024699582
-4.851951801193634,-16.695035711471487,2.8330462087777333,-0.4286673542759068,23.24525599221232,0.16523499984553497,2.93029663324718,8.821228117082631,18.89814006870308,13.377149348040437
-9.58876661069644,-12.12836070113981,-3.238085599704144,1.6047025399352912,24.47243045154531,4.030674944685065,3.1008092144410537,13.382585142266317,20.021927410776247,-6.893669348780232
9.62463896027578,-8.629548108948716,-1.0854055465147643,-2.357592854108944,24.827571356943736,10.004916227869996,1.8349678877506859,15.843735594965063,9.037730199691097,-16.439882440953635
14.893008012774837,5.556969255230518,2.2187022787746677,1.6287763344416544,25.3122598099381,12.644482096907238,-1.3286287822058354,17.112829285256776,-2.1363468115806574,-14.415896698450004
6.361116835111698,14.338614409897447,0.09161340531730795,4.335199623021054,27.155015599458338,6.868347475283288,-2.985920278327728,20.1384273344727,-9.04250760020011,-9.068464254245367
3.2623249052631915,16.895602058135452,3.1501483087901025,6.798950425999142,27.941747608553207,-2.3074667748929563,-1.793812258370983,22.721746243349692,-7.81078843299954,1.252131357227218
9.771627405427711,18.061505300062077,7.271091713196882,10.603023342747113,22.80979057711415,-11.617942371776328,1.0260010168258074,23.819429112518936,0.2182421795152971,6.589896237205824
15.902020721321177,20.039148891464308,7.203609868837693,11.25963048515311,10.879291095846368,-18.498555624158538,-2.8660476677420577,24.308881278919937,9.970430044034435,5.842229961607495
18.068169870684784,20.282562914459735,1.3275072518208921,9.208409787192736,-0.19323917770134139,-19.634063267148132,-13.879121780864171,8.716121279327336,23.512221701570656,7.446999505184754
11.811339129585813,6.9547172211271,-1.332751521337295,11.450690221692195,-6.143012543481955,-13.130519322019296,-10.16606201858183,-15.714424413908635,13.718438318312874,31.50202179281006
15.609228213873964,-10.288133823657084,1.0724481387780058,13.09900504246977,-8.553637432971174,-3.852269089069375,-3.600838787473602,-15.875528479715653,-18.219629853030042,26.785524478118855
20.426698381398563,-12.244643887356691,6.546961023080114,15.214727353736189,-8.13679278295617,5.270519819661203,-1.534293126614056,-10.340869120412092,-23.407090584547895,-8.825027359271687
3.019289392857566,7.986073434555214,9.682973305161452,14.276269835112291,-5.056068908689239,12.306664140636375,-0.1382139098058699,-6.851516660718723,-12.319393623308894,-27.19431554656995
-10.58239254496701,-2.9644486227904627,14.860719401417967,10.62866152861029,-1.976293823639312,15.677094839612627,0.12534574539092258,-4.68696086098963,-2.5119895928780607,-24.107967206447697
2.3294531213862033,-10.201863450515368,8.243813485465473,17.10581778477856,3.2977563690693596,16.421052207682017,-0.929050914681802,-2.3697753965333157,3.4271623060502785,-20.8597041451111
13.02536068688128,2.8215889868530084,7.002958428025278,22.05310307085535,11.472953193538553,8.795626658179298,-4.336039054680576,0.6563783919752324,6.146913746475148,-15.437286714797292
11.96068267425855,18.483538377706374,14.031351119190791,21.749337429447866,4.188798994169267,-2.9522063390480917,-3.6837593189447557,1.5439171697213276,7.169167465301905,-9.144339702596154
8.362651460142386,31.281120820393866,16.535240601401714,-1.4175147402291306,-5.244846260974299,0.05517991350494782,-1.5396034889872416,2.532052218483709,8.391070588084022,-3.5978523368764246
8.244546849114943,33.966702960625355,-9.505789437902129,-7.391328828097508,-2.1551037685867867,1.109092027277755,0.41926971955492287,3.8765565112357163,9.783461045876207,0.6206579972908058
12.280294608502448,25.472756311233805,-14.564182466938648,16.793044816582974,4.949710112933569,2.341164434575788,3.100194591146834,6.424530169091474,11.497243136415413,5.01145325624775
15.845907705030985,13.89176702297001,-5.314944805423589,22.946114642190228,15.28918395315491,-5.8932485022537815,5.073052693913308,10.766931583333239,14.679169300707374,10.546733139599773
11.705413516642755,5.1532815432164,0.2314443460805698,23.12537940733857,7.485857076816743,-13.945225296323967,4.778673837880029,20.31641750276124,20.438759740826292,11.131759515716368
8.71045825725441,5.430720809695449,5.105120862254721,23.112801273022622,-9.295776015109974,-9.092455678473161,-8.134689151616913,18.636421571259394,28.142900668482632,-1.932469483670743
13.758290500233128,13.372603208676173,10.070015035985934,15.107162993816784,-13.688583673286754,11.10746869315691,-4.784546936350689,7.324280884731695,31.996387694699603,-0.1430345948872035
10.96526143117158,17.447044044730227,8.147337684645873,3.2837619903081547,-8.938428260665326,16.217153410820476,12.27858096578998,11.950092082780253,32.686033204435844,8.567938355611759
9.504933453487677,18.92580405984217,1.5187660929205904,-1.3727514629396973,-6.816555411868397,9.676335673947637,30.81831195548755,27.16909291358583,14.62660753782771,-1.8296276413710877
9.33406308480549,19.67072896404127,-4.831012439916575,3.2126112376619376,-4.1849721423591975,1.3266851206665091,38.52060815057398,4.724230595395774,-22.113878396285447,0.7700044521364688
4.998687421383611,20.034179546809074,-3.3781523383437775,10.697827998147233,-0.3245787062595842,-0.7181300425457613,38.92913038442213,-16.69123687776748,5.870768867091234,-7.139248770435962
5.567342287476123,21.890080824867223,5.46832565731942,11.101736556657285,1.0726076219095244,2.040496310118562,39.34624258605396,13.321127657811173,12.18910685495324,-0.6053944043035456
6.916167283553196,25.497120726518148,8.838993381768907,3.544662258150685,1.6963005931355597,6.080550945268639,41.31339647679649,1.9796739450692844,-11.819145668538855,0.7061747963537214
8.265584953262987,28.230615948575377,0.6920051760195902,-0.9871424637084466,3.409133323822031,12.322195849041378,34.57937398137279,-18.166751379110387,12.976298168081966,2.7870277353665047
10.25063517607906,18.515607261413617,-8.17113619206949,4.786513446778756,6.849191440098954,19.403816460269375,21.284453170243804,-8.216967828422497,23.884350028769845,28.555123500183562
-3.640121315380365,12.563776368909451,-4.328972279620851,7.124733747835236,17.7115079808897,22.665330796814075,2.4286011513077352,-5.321379921532938,17.759531555153632,40.03668311828209
4.223375321865768,17.63073186093802,5.441097877796775,8.928586710051428,24.401919782334645,5.336507290113056,-15.981252424075874,-2.746165834845447,10.179937882494295,40.965462355273814
16.754280441739148,-1.6216361436609847,7.631113430243781,14.683864686039678,16.30513766169562,-18.2730254713045,-2.698305822916461,-7.5897476017188295,-2.607789417237195,43.838692548675695
6.566297773947434,-21.590320137264637,4.260441275572816,22.42671998399457,-7.948752047922312,-18.76241143615366,9.18457563581745,-2.0874310764393993,-10.160258751699615,37.05456123807131
-9.865862259999082,-10.170157701406783,-17.77183443087095,22.781177368473095,-11.423440320629204,-4.655585505489225,3.0469841083148874,0.9368729188670998,-7.746629606946373,38.16127417159318
4.565470129910039,3.870967258236864,-14.55419948564557,24.7891207904703,10.654536768617778,-2.313930975286907,4.669994707211938,2.2494873374977797,-2.467479757158363,40.1290560265084
-1.8578210898033432,-6.827499316553859,-13.88509327782339,12.919251231612815,18.94709841020658,-9.82088045201775,10.294693307326423,7.253566580247428,6.061429124572422,39.78518559078296
-15.050860539014613,18.898869806441112,-6.4012362672288745,4.344300223028699,21.80908261988918,-1.3278504869738432,14.179042764475797,21.58299848923843,20.390001978900877,21.83097828657406
-13.671556316663418,19.061014854047905,16.13367022608225,6.086796295811661,22.70695032528937,12.117086685449102,17.581686764615583,30.29075417598796,2.958550654524455,-9.79862232150216
-12.82607082481411,0.9767027907959985,28.95841271984623,23.43673456402197,19.248705190232148,19.817493446090772,15.837232227552608,4.875932374195225,-16.925518473091827,9.218830881372881
-1.5760108526939964,-2.658304546798783,25.449563989778394,40.21752297265476,-2.4941332378729086,11.292218199922235,6.944647606368382,-8.9685985599505,-15.497365475204912,13.249267575780244
6.63031647880422,2.0821348111742033,24.529349185036796,29.639394478221607,-11.403667259398732,26.68105015323953,5.89482634702498,-17.346909946446107,-13.878575424465131,2.8492592323780297
4.506736677674655,13.898824910469225,29.611641421161643,9.59666833325542,-4.4294919783614795,35.431681982774215,-8.279746056661677,-12.94047879297723,-8.54221753632033,-8.522481595547335
-3.5482127419150498,15.710338834592998,26.796094763402095,-16.50977709731059,-3.905908603453845,36.26820845000574,-1.9852972227268828,8.165503495280129,-6.719794509598457,-6.7693648734376115
-5.140747202293319,11.181425391920403,13.387573595751926,-35.85778503196677,-14.583076824427298,18.44810237706262,18.41127078006314,-6.574508232406875,-5.490606678790641,-1.7504310930736344
-3.5549226002816905,11.043120241664022,-3.139948530244929,-38.3498834471815,-2.3062492740647524,-11.090826303051374,20.952458676565673,-3.814850951077377,5.782816044878794,0.1868865560253691
-1.2578267839085273,13.897716869950258,-19.799692536138938,-27.08690690247899,-3.3249146774453386,-8.377594695012986,19.627540665998417,13.264167172482015,1.627030427532281,0.49489312733001756
2.8142350819884245,14.399795729767602,-26.380829190366395,3.3620194611741887,-8.904511811380152,-15.007852244589648,4.201449372902338,20.761151512281707,-5.381146977318567,5.149071781463162
8.009503913465,7.256756306616728,-18.184891229129,23.480015070347104,1.437073578604917,-9.242600930623365,-9.081953373995168,19.168793261689064,7.632252240244984,7.095204746409009
6.989189266477817,0.8401201856351728,-12.556326621131605,23.203737325145834,6.423331598109607,-15.966079811924798,-11.040329324563558,5.965829940456108,20.17328101340971,5.335694934182794
-0.3651335890222311,-0.6799626510368354,-10.40665910926238,21.634011547216534,0.4269321731853419,-18.925169462438937,-3.119905410258911,-7.027818818885261,19.58029585472157,12.751218790107766
-9.04772478471385,7.2543181934949335,-3.8540831425834066,24.410418092290136,-6.919737787931877,-12.792948967316475,1.9691297126266212,-4.7651607256330175,15.766240825025331,15.314357694388129
-9.60503917215596,12.477350712233662,15.809284618242167,17.686550375621536,-17.473296514228903,2.3927364178573947,2.1571180154748046,-0.9916145722078024,15.304093794017954,11.069680181857969
-9.306654202756768,7.705318860669061,23.958228376278868,-11.768276928291826,-15.711077535160149,2.318287393666698,8.90754987014028,4.144668510975453,16.58633601865312,4.134263459705675
-6.027620827685233,-0.40514472897211784,23.2541493441238,-17.688439998506418,9.8393115742887,0.003349820741779863,9.189818819955482,13.572148987022953,12.584122542648188,-6.707175755581002
0.2002810055746468,-2.366620435572892,24.402582049950773,6.305824245892801,17.756646993598633,13.96732043032349,10.152608444808122,13.795123118102696,-0.26639736125625585,-9.981054277995609
0.9058502757603732,0.7223288948547382,24.474041354434913,26.162502359265957,8.791956316000244,10.255172219987749,8.941717458998937,7.194304016374024,-7.32556235079594,-5.534839349020689
0.9306055521218048,3.8065056086700286,28.28240371725814,21.829928828600817,-10.89061671347801,12.000353129629948,13.18935368683913,-0.7182276481611649,-7.656781917135607,-2.126234901316117
2.062364943058461,7.53662735538623,30.27245395230293,-7.166758464317847,-14.73175589856895,6.641972328908572,19.521748262754077,-11.293942574757342,1.01431543009847,-1.3893806078484445
3.770914842751224,12.400394473624736,19.88586458229297,-22.799502583055624,9.838607113076787,3.6151163765090177,20.39962660909639,-3.1462673705043347,10.7399789852502,4.039493866505851
6.446776960106288,14.693769188332867,2.4943888883793295,-21.03141683443792,5.6657007040023375,27.527196972030335,10.362726944185136,-3.9290666538612298,13.142940794576745,10.268370347719515
7.227200957237921,8.776514779137834,-11.02034919133222,-11.305964747004323,-19.119340565089058,18.277770599499824,13.198173497857557,-7.280972105998938,12.773935680579438,19.818200131979367
-0.18172287613241228,3.3476087592799093,-10.775616339422251,5.738408463326161,-19.868336057587175,-1.1754182302460032,19.621863942085362,-0.17070201960030407,12.402340761521785,26.62288894878544
-6.916980336312134,11.065897881988645,-2.5398146479260246,15.855089432008889,-15.365631617907209,-4.54651996711254,15.127445393392767,17.557599628091538,15.986860661001293,17.983698395354526
-6.075315491874244,13.168703212887973,13.163860719972957,8.38777242715734,-18.29359457961863,-1.1351723806871603,11.295493814039375,29.524347872060446,9.686404593931627,-3.24844892625204
-6.09673626803079,8.635255777266236,16.914764542529504,-11.929628053502377,-12.258206936039233,-7.917767662593892,3.4253550900233014,31.77593896435461,-8.300947784865114,0.8424114471009111
-1.157366699251615,8.442708188238246,12.98462196906749,-17.26189886639346,8.893705105130513,-7.467823300270615,-9.149732293208745,29.61467460484741,9.612185677299285,5.82039745191348
2.778346367481996,10.246877079263012,7.677497889221023,-11.010312992428254,21.00732061525698,-1.9249384758045092,-9.36924092503852,19.84564729409694,19.68953115964998,-12.437464357578992
7.146555081127094,17.740797714733663,-0.1851896840168049,-6.2955459452197005,24.146721694457664,0.5339791182756322,-6.60416147515102,13.723002236293638,13.935676428445003,-18.881301586763165
-1.1502569604351842,21.955661303597733,-7.7184294425608115,-4.779044072191328,23.371960556818014,1.9987978667403512,-5.365179981737125,12.428723557992228,6.628975464577272,-20.42597246797461
-16.740049231418876,15.639891056055367,-0.9405627616388094,-3.254391930917565,22.682496054641643,2.9358454846394846,-4.004494693097363,13.872157613002475,-1.7272319529618416,-19.374045535738993
-23.09100640638649,-2.3832889283484575,6.868770054535057,2.9638641678422144,23.08773003017484,1.4954005686665388,-3.1379862806172714,16.6018188119176,-7.233807733668171,-7.000932064631359
-20.1241357805292,-4.3287890317352185,1.2273316194561443,11.032239659732936,21.20715493921398,-7.163051814997484,-0.5890825409473245,18.09054123640166,-2.559435748709294,6.3135250599269845
-18.104191434112852,3.2415335839984585,3.1292894428699993,12.971467279166449,14.76717925122188,-14.963804473424249,1.0384957096397887,19.782584668992985,5.297599226958633,5.201513625324119
-14.563320142394751,-0.011502776800354712,9.055102791418475,15.659725989509674,-1.0545667745256893,-17.958679805440198,-7.606601147928855,18.07388632642437,8.750619857996076,-5.952409773027737
-3.722901828229653,-7.031053923597442,5.757452342398304,15.086388409489631,-14.069543153070969,-2.016584046996127,-16.827790772776936,4.754310684469478,11.751455883263626,-14.32943520314428
10.39702806579475,-1.6502250517534456,4.278463357371783,14.800154084423262,-7.896082004674362,17.22542962986827,-8.04935866704163,3.474227734936888,13.269178485114786,-11.186592685714311
15.695054236429993,8.352156060132963,5.988420165280588,14.848932172964158,4.75738084311335,19.943449249957595,0.18866722958882354,6.140263032946853,13.44831554306921,-2.8286508054735764
16.64816070491453,13.856569025442917,7.014729144146038,15.738372309900837,14.633639976569656,13.599684917144538,-0.6272087177689732,7.620353629187294,15.309589987922832,5.586250003776455
15.636094115514094,13.143621846575723,8.531512987002241,17.749931737420738,15.324604728895626,0.5688127815545807,-1.2601854237105385,8.478492903554612,20.875319639662266,14.590402300358097
4.771421943228119,10.706279976187481,13.952884230354961,17.74985169118513,3.1261965475220723,-6.52699337951307,0.5557823128736359,10.01608837363471,29.83679172907414,18.15998321509007
-4.0215534440044705,10.382728764642959,22.752577852901116,4.844042242018505,-9.097561828473898,-2.413309136085298,-0.7797722482797479,11.305564209633204,35.72629654134982,-1.0463457414079027
9.197558276395982,14.953353465009435,19.56930259997166,-13.223356361409593,-1.2314730076789675,-1.2511478279241608,-0.05486576730704268,11.594912406096553,30.459170453101112,-15.10794031793854
12.980522747398417,27.542638312898884,-12.188475729699862,-14.707159820825181,4.104801778989912,4.423658634945587,2.1326745163447276,13.931121652010912,21.778027271420758,-12.582618509547308
8.65196099993337,22.8321951779359,-25.241720239229217,14.0086768069401,6.657603205397758,6.433668189736614,8.039810228254451,17.081980598774013,9.091268724963204,-13.124385089328173
-2.9081915468129678,22.06673677075325,-5.576506059958248,19.723169206715756,26.641631274889754,-0.86388159076603,9.8888126721464,16.861265225180162,-7.826214944881615,-9.980893113423038
-4.512492854688051,19.465776654757736,23.747275468074392,20.032533787171854,12.278303029196056,-8.68359440994724,13.036215398511887,13.52178662587038,-16.379058845245446,6.1062446621887005
17.757500925861045,25.124110047987763,25.93584390305269,-8.317603576681327,-1.636733979564666,-7.568516073018139,10.065284751511964,10.554524599792254,-13.988009665222393,12.655398552815647
34.90968618210175,12.343797996664387,-22.207736740169135,-10.888733073485886,3.7020068281117644,-0.32156561487404356,10.184331643097856,8.107532504212935,-11.804695320482216,2.7772479649240425
35.01616187131189,-12.394052712461152,-7.915469617435656,-11.283502372204739,-4.260089696527278,0.558889588521768,11.761096756941958,2.6737680189535564,-13.044485213562892,-13.386173427267273
17.72845077426251,17.8332266652687,-7.430034236727343,-8.215671235883436,-3.247380241672383,-1.8342603716128065,12.94852591787325,-2.485194588515571,-9.975692298553755,-28.583346108852922
-17.52736247177061,17.159409804106858,-4.308557978315536,5.608964230412374,-1.4401899830977112,-1.6010220304974678,14.553654771292443,-2.604041808515524,-1.1275590366841717,-27.20757847589932
-17.349076471115744,-10.798253710389748,2.526752250458633,7.697693561679703,-0.4211098606255478,-0.13187492977653972,15.50977999206033,1.06018171991221,2.4209033724163307,-25.12759909228018
5.184101604369885,-15.49926128708809,-5.795001360949572,6.527170882651905,3.0013336535635946,2.254007167896369,16.888712999135524,3.273945926327669,-0.7549526671837409,-22.92485639285468
14.846325672548708,-2.2840425171947976,-1.0201594091101416,5.389258146300885,7.056104995741936,7.06585931605027,17.184620147906628,-0.6334654516988153,-1.9632309280883913,-20.90426764508513
11.859672838627798,12.463571100404936,-0.8377183695383759,7.187778762061303,11.83558230933707,12.65314324511151,11.897781918686317,-5.253172439432746,5.367156548884595,-17.016234775895093
9.04661372043279,19.37527309059431,-0.7741949545193088,8.70424389083345,18.793654795015,12.51886070409739,-0.43343284857478825,-4.463461397959022,11.977082144824301,-7.342669387656993
9.574752164878378,21.58464785983718,1.7312073270318,10.368232278597732,22.608471365889667,-1.0201786902521057,-5.79613289700997,-4.139398094673705,12.95645425854497,3.116813639079812
14.824530633776838,18.559810166095634,2.8507269852611703,11.6910522550397,17.80595145092683,-11.597079945281662,5.293738694743101,-2.605472496716453,12.21980468666178,14.727362519894784
15.201500692825613,6.10856553230153,2.3540359872285648,13.168579168195754,10.38536804333612,-10.830988517941131,12.900990507498733,11.63141117933527,15.496238880634499,23.721964408699765
-0.9341379548204989,0.7523087234497445,4.429038287780176,15.249365454580108,3.0867134184645986,-8.913067538163839,7.591338573547077,29.170849509131127,24.865710213992923,9.08892017903272
5.901778762537914,4.390035729061141,7.329245066495287,15.43290642835503,-5.614554544455443,-5.280823232168704,-3.4595425931309576,33.097286484294884,9.34285988885664,-20.295938393687607
-2.594220060297237,10.905023990969912,12.966520525783318,8.13391389586249,-9.847900106677471,3.727972871439169,-2.3840986929619814,33.853678238535075,-12.731113630793073,-12.31372781484362
2.5477949211457904,9.98454505054943,16.464963532618555,-5.341579330293517,-8.112253964386142,4.557873673718591,10.365873625752764,30.21468335514901,-12.14185983277322,16.06027444911243
19.519438544049088,5.35896710944492,8.475038482756819,-11.773677978760851,-0.8808947146120527,1.4858976650701785,16.017749756848367,25.154944542880397,-0.25639358788356653,22.72367783812815
14.556902892959334,-6.426528591165585,11.302853147645582,-7.947886518345711,3.828214088978331,5.425591976601811,20.429488721025955,27.228167675749447,8.109894082296554,21.93285607381363
2.9956526071698657,-6.502920706762211,16.27478082966021,3.0597403952363025,6.346469288177905,14.633068023670422,31.55980583469284,22.728728213986248,1.338192762258101,17.059852339178523
2.291310142583974,-4.327274300895137,15.445082137305054,15.282016810929234,10.273448989134904,24.84523333415928,28.561150558410084,-13.363201249728208,-1.9336257712974516,17.97480270005964
3.8797463169156337,-2.5911629100725846,13.465536391743065,29.86324364157489,19.774763069040816,11.879220714554993,-12.027938924540333,-20.944054849575533,-11.958808120545257,15.142404354419286
9.697601938742572,3.0970941196341446,14.014729296391467,36.38690287337689,-8.906146447571285,-7.009010808947739,-9.144072648118888,-8.323485659877903,-22.625834161177753,-4.404412570167289
-2.42107246285898,9.933223648439112,23.221028807749622,12.67449742946717,-20.591964443494355,22.50467901464935,2.8837003748296923,0.9046138248426513,-19.687257824966423,-10.058568553829966
-9.19337790033748,1.0227621209211124,25.844309794440903,-16.935302663934827,-14.420359107357996,9.308546196183318,16.378979163538585,-16.76111354966916,-8.437420724875855,-7.6548323668860885
-4.391623358639475,-9.481631363368558,29.087371970194063,-10.51646347107564,8.054138195770093,5.308146797470504,14.935307238907068,-14.713437448500915,13.454423478832364,-3.4477066077569796
-4.248933156824256,-11.590079777933884,24.879266785847612,19.788294317462253,5.6649528528761435,10.059811144328268,7.388061183262336,-7.504061012134756,20.576907705742013,5.083226453985298
-10.870157080225457,-12.61711533677922,4.600893594128123,31.472499722420263,1.05903354440956,10.750906556729053,6.314797371434635,-1.5509664785372816,21.639199780330706,3.1562961312081206
-5.913946028107309,-7.808230274007066,-14.061769336625728,23.897617721912212,22.203683449095724,-0.5061274450482777,5.330926036660161,4.542354471034359,21.84379350557072,-6.884324683092196
8.669141009374597,-5.680129499479556,-14.933511542779648,-1.2815609472873537,29.35101914739664,-2.126273990540482,10.927855086817113,15.559562472753276,13.775558429280808,-12.095396831045818
15.892593688935229,-2.9116930451703844,-7.121437564004213,-15.866424666610822,17.291280980792337,24.902782811337232,8.767897750272429,13.689046530774315,-3.185501690225331,-11.029368557846391
13.50031497696813,3.2733480135434174,-4.924900648337161,-14.32844262046867,-9.33630227215631,29.639018360914417,14.339876924035439,-3.3966574206730904,-7.003212192924974,-11.594182795869903
12.097481970278377,7.709703629250986,-8.98777845547947,-3.948505604500057,-20.456969263604854,7.919747995757602,19.703941867957237,-16.112822463213845,13.19906867005232,-6.004541155229743
8.843851187885253,0.7162916866905032,-9.046196080767698,9.300335799811359,-16.533851305181056,-6.219324443154747,19.288357761148593,6.445584498074505,21.090880050148783,12.491112024383106
1.6671613886871255,-0.9964124624495443,-7.039107696297138,16.46177444007297,-13.217990044205571,-5.140004472310389,9.258067368146211,26.794629931675647,16.85893149773557,0.8721933701764569
5.109964611228413,1.3077567596499846,-4.916645930031034,20.700630506693358,-5.964751488908923,2.5844527145314764,8.471132797607401,31.204813585268962,-1.9370663513187845,-8.380192912649532
6.702330739441512,2.871311500122232,-0.6247991462567808,22.201641442242472,3.703099389839134,4.945482630355033,15.516359637499804,21.33279706830098,-18.915394092191388,6.495061499786838
18.316022698833617,-0.37054616372553895,1.989482332808817,23.59477717424375,10.07562719507372,4.829190245072856,17.963974197231707,0.7132248143328123,-20.438723558235495,6.392613316747539
16.445717993480187,7.817033965774081,4.744578780396142,25.920335270326557,12.251497372929611,2.010550911851649,15.618959990701695,-13.791410875497311,-8.485437238120056,-12.337403688567278
10.008617420045015,22.168900614784185,16.183497379065408,22.203330209029765,2.483943689232793,-0.22423692792114308,16.191737081572654,-9.318042431540093,11.553215626725859,-7.7278578051223965
10.738605424884742,32.984187090113714,14.831099534495788,-6.08035347130266,-4.1476176834469465,-0.2025521712630871,17.302207167460313,4.964038069901817,15.969409341953584,3.3266304204477315
17.149967083208804,27.21786841216102,-18.52902315308235,-0.8677861447110504,-1.8637416434876393,-0.963660394917263,17.685950066517552,19.02629962632397,9.313332750914942,5.918562999114294
21.276673202471837,-0.2895887790069842,-23.4622530150307,12.418380238438706,11.608411790860334,1.6826370859514588,18.70580522422239,23.324400290174445,-1.6596499807173637,7.3312355290650375
19.292215636525174,-23.972231283717015,-4.598305748810705,-8.923204384952424,14.46125594741189,17.944512189315056,19.745191600991422,9.812143465696543,-10.536568321953347,7.6381616678185065
17.410774392861963,-15.290657458238964,20.24274934058789,10.32201199666058,12.689878577304853,28.415237457008608,1.1984010539289451,-10.723441524908818,-7.541303223747926,-0.33687758668499435
17.36081662246741,9.231373548660775,22.4670833182028,29.427057560617687,10.058635425213156,7.153713396221826,-15.833633164106095,3.5132527801114226,-5.990965617494789,-5.834231318049694
11.39213766483063,33.40689602478109,25.427847794430537,-0.8901065174649707,-8.059125692100464,8.224652378250482,-10.458831777707113,11.325478197632457,-0.7092227789526565,-5.028510211150356
5.447040015481703,38.55137958922036,-15.346605796821928,-10.447735063283883,-9.112659627857521,7.048177882006729,-0.09380619753912128,14.535487896570489,1.6625301777571853,-3.1419767602115427
3.1550169087941637,36.326384220213825,-1.653807762586797,23.51844120798873,2.606415022967136,8.808130854851298,9.469650193699412,13.91601330384645,-1.4873685166062338,-1.245236076891148
5.873370100054241,39.17727496185435,21.31898446563267,0.5271831532485104,2.559854555821003,9.325656439390917,14.202207210479992,7.522601795721712,-5.96089502772307,2.267599916218191
12.598649112102342,39.597134328556905,-15.507785443140074,-7.048620174057611,-0.18952269978245112,14.26243135719185,14.823566512906524,-3.8348418571244705,-4.974122258245067,1.8645005980802603
16.20166957596887,22.66687470680638,-20.606044906540717,22.107607297404197,21.76401951578873,11.96383792074358,5.596533295865092,-11.228541383066192,1.3225521168127585,1.9099856745303532
19.455040599550593,3.9951399935417338,-17.167100331745115,6.200624864876987,38.656697246144056,-7.279863774340702,8.123162472191806,-8.224944752871718,2.697631533065355,6.887632523746972
14.973291180063486,-15.018110632432744,-3.975901541901982,-18.934675900596254,28.4196784085932,23.913043167769768,-2.3091734585441577,-5.544431227167087,4.148502301945497,12.920492057713105
0.539839959151281,-15.948716199775076,15.842653166533402,-3.3882332404692272,14.665765498666785,24.59567884665775,-21.61303984613934,13.641339948613115,12.14138311437971,14.809925662016477
-5.40714209593593,-15.800649784583008,6.135629889544786,17.851050112317527,15.945059142537518,3.669133844117553,-19.387895027677065,7.0793077631478205,30.892354622385835,-6.894336026590652
3.9737742088878827,-13.825772015557012,-4.283099238100364,19.147459028129912,8.739879778419471,-17.492025222871924,-5.705787395026802,-18.765807432116276,26.586584212186676,10.016184944052753
-19.845025724939813,2.6303390672161444,-11.879472675996414,14.982043569276343,2.760520879430835,-17.745329445136232,14.681107318291645,-5.195784847974405,17.41463378983676,19.115730312883475
-20.03788657588327,14.030929108595945,13.897940809966329,13.89799171004529,-7.667131891791096,-14.763136472035956,8.479182362376516,19.573518632595196,14.52910998135367,-4.468637734527371
-12.10754195223542,-11.368558700582387,19.03159096251003,1.7276241220920978,-14.951374880056816,-7.031616238828405,-8.81552838324656,21.37788935936951,2.4413350780619134,-17.58348003353703
3.654121991364671,-15.574652384348866,15.158539839621639,4.3889123732734685,-14.784660073020643,4.750445713067466,-8.475421670228515,21.451577102298536,-2.124903644687896,-14.969137469780781
7.8504165649552995,-3.2013518029987327,17.443986034633763,2.3450936953533317,-13.513371589115797,9.686223904192904,9.17858168389454,21.39944030147786,-12.889747279829713,-7.546371124302003
7.3737018048277205,5.88123436855597,17.358457936713894,-7.6204370926098255,-9.097969701344784,1.0253431954308978,18.68622501657879,3.58186044359577,-21.98780209147626,-0.16013814931172882
3.5561690329045637,13.36598404912847,9.27169135395779,-14.783652040720229,2.331383201817629,-1.9227378763610652,20.275318461201042,-10.686750413237629,-12.846289550968628,-8.029252665309107
-2.223762517755032,14.704534171968442,0.77650552975984,-14.29001450747235,5.380962618263087,8.806309540556121,18.314627038156495,-13.837944390404939,8.64783536435533,-7.631142796635322
-0.40886432666868117,15.99708017110643,-5.328288155066746,-9.825147429016566,-1.5871840815920764,13.570764172899164,11.565319841291744,-8.680903823520362,20.33324540164159,2.1694027410824273
-0.1516218266911993,17.15604508275497,-7.240626777947935,-0.4850817080335739,-4.597824051722048,11.959759698957443,11.802932762380411,-1.5188053483870834,22.626816099258708,9.54074450599293
-0.6562914746736623,18.505756353961935,-1.4447707576391908,6.409664395741264,0.3891158731458615,12.034737056809739,16.444770393704623,8.136436311682697,22.306959135060886,7.150885814795575
1.0308513274590527,19.755253303609734,6.673162979563613,5.783534625050384,5.726673854890785,15.530044148626216,23.51779613340292,14.303606595366567,12.439898061595368,-2.0720632299630912
0.7251952346399858,21.279277559211526,11.455200657078079,1.7128365419411848,9.430353904089161,24.974939158104103,23.572508519349945,-2.1253753910840683,2.826519552250218,-2.411172833963898
2.4033605184942375,22.893628234331114,10.742780136130433,-2.9197052247226383,10.447715337993008,31.321627768995302,-5.014628840776805,-12.347868190062888,8.475059735908433,3.6156686335600603
9.634891433536408,23.300434378200762,0.5305622458334965,-5.083539837318978,6.615780453097576,26.94223030708934,-20.551950443758106,8.084445350087236,8.456237456441755,8.097906076910597
12.211809402057181,15.203340312027816,-11.680394353326466,1.614692583741182,4.6929429470197395,24.722852019198278,-5.893187201512007,16.697019769271083,24.894617382617298,7.7125395075041485
10.079518919323368,7.1107312904753615,-13.043490208875138,4.5883269847476305,13.590401697871677,24.774623623854513,6.650259010166027,18.375793812035617,28.253423185584708,0.4407259001342996
14.66404664284354,3.2841198040023234,-12.7535686846621,-1.366473202516268,18.438567705867538,31.67014299741502,10.058642530521787,17.572967641909607,17.75036494617124,-5.344138287050245
18.34164933889382,-1.729390224181133,-11.024547594165695,-7.4267335075327425,7.585595197421646,41.84992854503239,9.033317009823973,7.805290671020696,9.881828326344579,-1.2271709447151475
16.076218523757564,-9.116283507851236,-1.8480019085512447,-6.822975282777127,-9.407094638466535,39.9606402433191,13.802396216460364,-8.266279034924038,11.038680674930086,9.623837513383291
-1.9096295334328652,-11.704156068815571,7.889569217469872,-5.20326625923305,-15.717648021025552,27.533260958695717,11.623601281207781,-20.863167642227314,8.665775506755558,24.284594729818547
-8.99726750033368,-1.9178342241541593,8.6879620302258,-6.682147338427393,-16.451613329254904,17.32272628904894,4.708808683271732,-26.614795829795984,-11.18671340972602,24.891196326957008
5.9480411303392655,2.1198982045574484,9.704114449057464,-11.835661980945217,-15.31822652335293,9.772584671000745,-0.6237819589914795,-26.033750367362508,-24.87450974270622,-2.252042302459768
-6.39230467657606,3.1182701408601994,8.549311369683485,-17.05273634459609,-10.572115260893213,2.6859849158763405,-1.6695477562157404,-21.267693995152314,-6.459559132993236,-21.24288103720328
-0.14292881137319535,-2.591753786019157,10.541986545861242,-16.274653252556835,-0.7470969329752106,-0.1022852082970519,-0.05854136634719552,-18.176389342751378,13.342579421324603,-14.76691077518424
6.0416101976460945,2.7272807265688828,11.916382083685358,-11.430605784181694,7.933808846776479,4.502260608558363,-0.18425325944218077,-15.185247724448754,19.246104001103898,6.3155847743417715
0.35463754614670606,4.200788590542471,11.340985637383078,-5.349063652911305,11.535854486952111,8.668189300839781,-6.659511469515535,-13.04151338302623,8.157247936873176,20.393745553678404
7.242905598643501,4.7946460496861905,11.689612880054842,1.0630537957888273,13.163367509409428,5.193484141142234,-12.92146424919379,-6.3809936718439,-6.304606583119706,21.47020015954682
19.648748596334443,1.4977176075859235,11.627159567236298,8.709288013050003,11.398367993366893,-4.110629418748277,-10.965520004524048,1.304834346376732,-7.472906871304952,16.13771855831244
25.143269151315184,1.874986242890981,12.494680331865595,13.466238645993041,1.622160065241443,-9.099145203090188,-6.838233283527677,2.2087094231591298,-2.9996650092497186,12.2247477543401
27.96369353654782,4.076862816378286,11.655037535286162,10.707923412687379,-8.427488204932745,-3.1599853009655625,-6.734493052482617,2.072591380548536,1.2989789218482428,12.519174531645872
27.931344938288998,-0.37918767295816513,10.700061503950934,5.795909039225298,-9.771911375002894,5.281692981056226,-3.28927080836524,3.640214587653611,5.787158523949628,18.404332040070077
12.554354440304218,-8.593923245635828,15.595086361005105,5.036161720141096,-8.642549862568664,9.081486322994818,3.925574719383106,5.399295603087101,12.44573900269068,26.54098590808009
-15.986550735338902,-5.957846247348952,13.72420364719915,6.810622475285398,-7.913840039167493,9.689245618045698,13.002919287692475,9.58013713581492,19.354752695576163,18.868423073366994
-18.849230208280904,-10.236758800730895,6.6276697768574255,7.695451919121489,-6.431340949326479,7.309979281062125,23.511086622810904,18.139127490073747,9.286262439601476,-8.346321364373985
-11.713221491827989,-13.583385331112126,-6.802658476930585,8.659345384658783,-1.168115078748454,5.225290164932217,29.60784229845676,5.039687918347092,-13.688451926695276,-1.9023391868398027
-9.425943587789273,-4.794441504444106,-12.758231103340563,4.091674944952385,6.116018919661718,9.685082861053942,26.142129522146817,-17.22528392630508,-1.5586953652252857,2.9714668403441027
-8.961011888886814,4.830461589134605,-10.119851371114075,0.9190255544412801,10.239191649855664,17.556386282474136,7.364442198957642,-20.39946539988353,12.772636972847257,8.934854016423044
-4.239532172697098,14.169906480569447,-3.311879077970215,1.8766366387181472,13.119524430155824,14.671257774968668,-16.5382837478077,-14.139575700934433,-1.2147130532399804,14.342814233419562
11.739373382207056,12.835370478907267,-1.6639119658199857,4.021095873674208,15.564680892717528,-1.075587877704256,-21.4122758899236,2.9623867667004826,-6.884399240445092,12.879341007433586
19.86050688984495,1.2147348467939398,-3.8957912611976204,4.233075789700541,15.29931787056369,-16.37290554308561,-12.439941741807893,-0.10324004411549845,-0.45315873314055455,12.580783451137123
17.564379973954775,-10.58131904010905,2.020759745770273,4.508383263291096,13.261999252064783,-19.029559623587595,5.161327433031858,-1.161495360582105,0.024608315298034155,13.424336123934845
8.65037378782297,-14.075040661066572,6.963173658718221,12.507406074572476,5.825788046869512,-15.028147077472473,12.26719806186803,9.942072356358917,2.421876255788149,15.098631418070992
-3.183411078459713,-12.38166505566159,0.17363691279746551,17.070610366042068,-5.734784434650694,-11.52921478505985,3.441418421340629,19.314009133961424,8.970510771962251,12.553096617846984
-6.937515844115833,-6.7152347245064625,-9.115096649101329,17.690598456826265,-5.55884565925172,-2.537596028083915,-4.094215054926174,18.97536420130737,16.970536669249416,-4.0788567707898
6.432926299033503,-3.8397064756628927,-11.561384485700907,15.955836854950013,5.41916391948167,-0.37385257587022075,-2.4821197587436874,17.293160830765594,10.89471855392199,-16.10073342652108
13.773561425970984,1.0938546891617857,-9.592722614073121,11.420347188097075,12.824647178072473,-5.242593571983009,-1.1882265999986117,17.738668867608745,0.41123531824652937,-15.149554678784245
9.882358373779136,5.979913132497591,-7.485535888574284,8.389238312302574,14.361310613459446,-10.15216840380955,-0.7587136299325737,18.50810312573748,-8.860237494119037,-11.180775728914437
5.260274024613787,7.888588583853229,-4.886148595351215,7.726977301968382,13.330029587388973,-14.074116355305849,-1.703396888949682,19.48547634736653,-11.670060012211438,-2.1293868215623304
8.714884987213807,7.704873006850849,-1.9184607453866827,8.889313253206643,9.54511155507992,-18.16378380220179,-5.9223537196871705,19.082301861270558,-3.4673025424659447,5.540301757810699
11.232568015708168,5.605771240329706,0.08418146572321852,10.368608309784788,2.1279680760751027,-20.791995506298683,-12.432807418418571,8.558647196843113,10.207927507639361,7.152241672007176
8.434944201075114,2.693136840553265,1.8562979560166055,11.357232607233174,-6.5300795707397405,-15.127949639457817,-11.662918200735072,-9.001066444959196,10.467696175977668,15.052075786342952
8.407463855996719,-1.083121736943227,4.143925106518136,11.40451870154044,-11.046982330905793,-2.665057497368899,-7.902865462821318,-12.610912565939913,-4.791759995454572,18.919763282661275
14.625744447723402,-4.607402366663134,5.953428312839042,10.988409526280728,-9.397903280433058,8.600025781850233,-5.143281173599129,-5.907474633242507,-12.949675935139654,9.618513052212228
17.810465824824742,0.609113922454174,8.168599182864575,10.964281165429725,-4.245826842229881,14.920725263435829,-0.5875210580036919,-0.45428588930415226,-11.51346058505787,-0.9022018610153199
14.563613965396753,12.991047286520942,7.712730988004715,9.268765390494679,1.6391705884180248,16.822701635459175,2.432358942591841,-0.21693325185627949,-8.973930334769594,-7.574143539177193
4.467944934514203,21.986427218107494,7.379572041288773,5.905382893515902,7.297347735873299,16.61772876333212,-0.0009693795321962378,-0.504176822072609,-6.687980215476648,-9.365587658305271
-5.209344450419258,22.23560325286649,13.845053201374686,0.64015795255536,10.04996329787508,15.357084446147967,-4.141222891131625,3.7981127972178994,-4.33570073324657,-6.616522162133438
-7.680961591927046,15.784931994901532,19.50885018340932,-4.384304718263889,11.567560409339567,15.224739655800153,-4.695754788989018,9.56077682238486,-1.9778979274013961,-2.1002972515340668
-5.911125006369375,9.721221886195986,22.630977194765034,-1.5636437832811236,14.08645592980756,16.27718887253115,-3.234371878382407,14.31009449738766,1.8887969717029058,-0.08263284973143428
-3.5890536591029267,5.627347690717684,26.23533439020638,8.97009497937661,13.669153360883332,14.044885558164731,-0.06896844109775732,16.56039872432595,4.735282684473988,-1.7314362364187772
-1.7250237221374758,3.2665511706738792,30.20400987678057,17.626508636816713,3.2693061798214607,10.032786090280975,5.8061332517457975,16.837155352296463,2.094110778362493,-3.2910295864699686
0.11333617057947458,3.859466077638951,33.08357799176824,7.168624508757407,-9.407683096093182,10.768942062860962,17.162137359847048,10.574742294699627,-5.701036492975922,-0.28801340042718665
3.0385622394254983,7.676776616104129,31.7396859726343,-12.440360452775,-2.034534508667531,3.6202929357396827,23.22746704072234,-2.5514935539551846,-6.553128025187463,2.4672393398404107
6.422416323453697,14.818984770625507,20.651758729722253,-15.44891138733214,13.556876480818945,18.42929307702222,16.070865585671527,-12.526328338044788,2.212674123261065,3.109769438985522
12.437644976832853,17.831191517719102,1.0582847915129037,-15.458179025867778,3.841804008592135,29.36043445462542,-13.05244471511705,-9.269113052911013,0.9281935974001738,8.591186515847516
18.990202774375714,3.9729658675452475,-14.177393954183982,-4.465800883210834,-14.386180280412983,29.336185072471544,0.8795989368135668,8.379868741975022,3.5296841739249114,10.722144271802556
12.538577567697388,-14.91363799264232,-7.243309943300491,2.4513262605576616,-11.806518207947894,19.560954700308844,24.82474208949267,-4.3781422491417015,5.786524068094019,15.273055233387504
-9.048072730222124,-14.928774450380649,-4.936095752811895,2.607543596399586,-6.780241914611089,10.30555354198258,25.947459706645926,-10.00078239200872,10.627795324576072,20.82429170408566
-21.952943356166116,9.744665010542525,-4.56214467841763,4.710543556976599,-1.98352176078346,6.8371105215128045,25.587824585254538,-2.417794093740972,14.068303362905441,14.9511704938191
-18.78901432314859,13.40961404454099,16.108796695249286,2.137668964338842,0.5952976326124121,8.120403984091036,27.620147988176974,8.20438210644615,11.776792260501725,-0.027876361210611073
-15.59196982920077,-5.36137177582035,21.03448417579967,1.5764768387005637,2.576245077071236,11.787219454188076,31.322605505196496,3.2230012428208425,0.6477240478458438,-5.112170861011505
-9.773613683231769,-16.399267299635195,9.006739699981269,14.953153341522576,4.464808228188016,16.24919989525586,26.109357634109887,-10.866293710335686,9.806350541108312,-3.641693083314957
-5.926257178677734,-14.259437425227883,-8.256794286407025,14.609081423144493,20.62181362251639,16.743523638433615,8.192388889568004,-9.235287707956301,21.685393415230898,1.7892883278033263
-9.098742862845382,-6.121069515731204,-12.815983832502704,-5.184937324472045,27.973102495234315,7.891865763077394,-11.000299973708417,-8.45064771834616,20.115206269336127,4.547560631263999
-10.747816882389131,4.880683633181315,-10.665431036706822,-17.25145420832423,17.339583588770772,6.046943985088076,-19.537011915083262,-12.831233806416245,9.615550251945328,6.626317895116981
-5.186637118879183,14.488217906991016,-12.298170267268512,-14.542570098810046,4.594542401495351,5.411976082709236,-22.619263618148864,-6.15875988538953,-4.060867949904986,8.583951348108325
5.9457331713203,14.772551577369217,-16.596939106592554,-0.796675150884521,-1.6325429720923526,7.116189243047286,-19.40688591201698,6.88271744833162,-1.1088033145972331,10.119696052002958
9.292727756557184,4.411440770722215,-15.768993280373076,8.023976529465031,6.435696230826921,7.096291158794845,-13.393411898819089,10.06980919271223,13.429440582764258,11.375907467163188
0.3702762436569536,-1.2147038248663997,-13.141710740694691,2.418879558107908,13.465206584596483,-0.5265910119333704,-11.01103468364149,2.2451107095759473,22.84003212598213,11.649841340258229
-8.854519470654244,6.075280320356884,-10.293271479127723,-2.9317830244104623,14.445179056726424,-3.9870149727076014,-5.9886007160688886,-6.79636609538648,21.34754519969521,10.676818569765697
-10.352242876106772,16.521332274149056,-3.4733516833498945,-2.2654281702090686,14.991765247626983,-1.688165183262949,-0.2052168935592977,-7.656243636925308,17.04237857500327,9.887940076460257
-6.108463524177573,21.365972499860483,5.383367947526339,-0.5978368999974949,16.345337397157056,1.8616646691502243,1.549168603427983,-4.898145498159335,15.365782292583283,9.666113458881151
-0.5633674773559539,22.649843646871556,10.449927707764898,-0.8590578959868809,17.369173414196226,4.972614935353303,-0.1783471584852588,-2.286956690913474,15.066786121519915,10.893396649683293
6.532221228178036,22.901425962162875,7.755606317727281,-0.9424847766119676,18.801746204673353,5.743861124284785,-3.377120104849406,-1.0902124193681009,15.396660851887336,15.505748144109385
12.32172303338036,15.050575923998775,-0.5892720196339504,0.6430320518785855,19.74485913273272,2.82953731601345,-6.036351778204745,-1.485627623835502,15.181924894609296,25.032746523174943
3.7884827451915664,1.2429255749712553,-2.4249620380687524,1.0054016115855746,20.95951548355762,-2.0110085757919736,-4.071827305515522,-3.284125809673675,11.751691394078117,34.057136265187744
-5.463353127287446,7.741285343623385,0.712969540320961,1.8734976147902371,21.905617587040865,-2.761272166314338,1.503080347468051,-2.149259014279635,7.961322499917653,34.71606613210517
2.0813457699437876,12.545414913523562,5.837840048623451,5.32460072565913,21.785170742661894,-0.7187322553491445,5.360213418036036,1.4957503710780786,8.859210661672005,34.273195201804874
2.006669213648421,8.84814896734441,9.459428790233698,10.64560100244341,19.76721497919284,-0.39633187710191653,6.996145968260544,7.183300185106331,16.134419580305913,34.139360893094555
-11.528828858883957,12.091090475954749,20.75878558349972,15.221790999036028,10.105146805193733,-2.8846843241376154,8.59172230226552,18.24378976851659,27.868987790373456,14.457984255385862
-4.03143929792901,-1.7900931481369582,29.186467701419947,10.184184576704162,-6.755864007431667,-1.2474682863895854,7.678655498510338,29.45923330256947,8.416664664784319,-22.693123981136484
-5.5735594197548295,-6.7701017454583,27.92957208303195,1.598290046606586,-13.249622934924115,-0.6493064634282549,8.541132430340099,25.421530670350148,-25.05931499049138,-1.6044857174057332
7.127385901615823,-6.050913667221599,28.57332914119839,-2.7817064639863025,-9.39162094304712,-3.8026193453134676,6.924025946041488,18.133410398626925,-15.814256725379087,25.086423257281954
9.822207373296795,-2.1341359186811997,31.869798904692978,-2.4702320823714876,-1.5569568840305619,-3.8944005232312673,4.012542975429353,18.6726085126662,6.22308924575748,27.804362149676976
-7.083963714190078,-0.44585421518429524,32.502505853551234,1.345689317819512,1.5289660971942356,-1.6371165790286513,2.932817588515205,22.884466146852667,26.55330290923964,10.457856342506922
5.5052156084062895,-4.418424326802159,31.15442902353897,9.061437244211955,-4.689857560965254,0.6732721752984319,4.3941797734548285,27.37983080775669,12.134206524572244,-21.533394682716445
-2.0414142509528532,11.501354339991234,29.563478696523184,-9.650540797437342,-5.645698173452343,0.7906676030035591,8.46857380006977,25.017667528856713,-21.39207417271701,-11.256692569790232
8.471246199124609,10.205118280638475,23.66899926175403,-14.41855605832495,13.85885054206202,9.096833114612343,10.976595451932303,12.2447172789795,-24.467804671183288,16.077083665907434
27.943850186236553,16.02327249386756,3.5470435741009947,-9.337851883000779,14.21121532052814,25.201588397961192,1.0294497816020611,-0.9652862858681092,-20.191521763254556,-0.3352340438022977
9.50415354176323,18.71359310759084,-18.877118372520382,-1.0392501149074471,4.756738039789041,27.730563336650686,-3.871889146398661,9.833896659233732,-18.720806187968954,-14.944880697492371
-5.711992990764531,20.307893049900198,-10.370682766111242,9.199376084003415,16.896621768754596,25.706150666205303,1.3358970339913476,10.560325762213395,-21.14621330958904,-0.2101322281512062
10.163807766001641,21.03014480533362,2.1087187069062083,11.095674821974603,29.11229124042382,10.019366312177752,-7.1588814065332755,17.02851312044714,-10.655830810207842,12.451268871036593
22.73934690707016,10.703056396157686,-0.6170748477239967,13.249729881563468,26.59607641843697,-15.04417043544537,-3.4588845699461466,17.86599838774808,10.128909324287916,14.843144571593113
10.373119515957049,-3.5255341272294802,0.2209710091100045,13.851415839361906,13.397780614316705,-26.272198193263623,0.7346968821478058,19.28398668088433,26.53804333889174,15.714044101969044
1.4228337460553144,-2.961811622474843,-0.07617797829870396,15.132683709363787,-4.767573081997508,-26.03909900465379,-12.08199716082725,4.048245989135345,36.1027278204174,-2.059668572157802
-6.035689584879363,-0.20195263223734622,0.4261789018144855,16.497070149159434,-16.040141234879776,-6.659996298877681,-10.059907286113248,-24.655787167964526,21.97931319491184,19.293565036262628
0.6593114226364332,9.48276679737923,7.910705393047008,13.730903414731527,-12.64521204696299,14.073954439765378,-9.879889280973197,-20.148170024515544,-16.750229674476344,21.683451655949845
17.27291817826488,12.416739183003996,8.39257563365246,6.522246937141256,-4.947657343554989,24.153597849866127,-6.402247439101848,2.5791416763895554,-25.05672598592033,-1.60492545299219
6.0783198739855155,20.6888869260478,3.1043942816782275,3.190985135967862,1.16833457145893,25.659962596967514,5.36716716962642,4.26738051848128,-23.560208150685785,-7.8760199572337894
-7.388861627954665,20.81706601931203,8.497879075092532,0.8945938196965681,5.518621132864775,26.680659612783778,0.4596877851658895,-4.663441939402388,-19.948171243791336,-5.812408043966265
-8.124938241309811,14.907483534161834,16.820363574885512,-4.646786172483034,6.230367035326478,26.7140832643891,-6.058687740403232,6.358637438667666,-16.236831699716056,4.420530833712298
6.860479720558873,15.10463829373684,13.953767965668614,-9.73279128144067,4.028667996926053,28.639514243569295,3.829503561764382,12.028414973069086,-7.119366872022751,13.624212258203723
20.8864368882334,9.691940712859124,-1.935220971958722,-11.31726738176336,-7.252240875206052,27.64162366614678,15.216158505658303,-2.80529814187628,-2.679231048133327,13.497594810195716
22.647035458327505,-8.107976991614981,-1.3693870921480977,-5.726641604156628,-15.46511389279542,12.785817678413313,17.508301283760012,-18.625314990767667,1.7309328570149205,13.711184876246142
9.629430146096759,-15.248893236693693,14.026917109976898,-3.6608188166188147,-12.611753203534333,-1.8050166906181389,17.395178488154837,-17.132168283848774,3.732877474047433,20.842309021611335
-8.157405799137317,-12.654085740139822,16.4719855214931,1.7358500537308934,-9.249894659410616,-9.43873990535433,18.903245500870884,-6.070607553575118,2.915544090324828,23.81438808629866
-19.452283402215585,-2.703171296417111,10.900654314711874,2.9929474485287235,-10.335842474715571,-13.876250346356201,13.219521028667645,8.86774330124629,5.453014542723008,21.386613130379196
-22.083882717430086,2.3594778206083276,13.988839912918824,-2.1134924170702565,-8.876266649110928,-13.641802943242547,-1.9133801283503118,16.44562382767508,13.59319043107297,5.867111551122005
-10.721072006028681,-13.523076691901224,11.783369142223556,-0.6190930743135769,-2.907861719409426,-9.956278305482712,-11.079077888872085,7.279066001617082,16.192316780857652,-16.381092885857207
15.6148955985953,-6.2167590266589805,12.853633926103166,6.82945376971374,-4.0668574963908855,-5.2743802323758775,-10.113591161843036,-4.09664275496739,16.8900079518173,-11.503343794212537
18.345577943485488,7.815321578030061,12.181475262349016,3.0344312091617787,-6.4013997526195,1.0103613600863062,-7.648406103354754,-10.299003129228435,13.941783365764413,11.843428474000984
17.08625055436581,1.199748317328995,8.996226974788359,-0.6826736846588428,-4.484427942194354,5.050572518525869,-6.079031098903911,-9.503604756429203,1.8253088475830206,24.736330902490753
17.03628288342222,-7.904698053839024,13.891902995263674,1.9022009595312022,-2.280944504739963,7.511291985529518,-5.054744853769838,-4.431526053166834,-6.707351762164698,21.69221240639072
17.416609265871628,-6.80770411019394,20.081774437609567,8.837934182747068,-2.6147322808310833,9.936904170707981,-2.645378353567472,0.6223604251026271,-6.716472210476988,15.851982534730082
19.778155525264605,1.9446265915091636,22.154117227407582,9.422776528095563,-5.20982163633664,13.333968729437778,2.9136407727957025,2.5026372835874566,-2.996009691679774,13.103399864021103
26.14963316120631,11.29187417942674,15.884988063461874,-1.134719919417929,-4.509220481368302,14.188072422803279,9.673801951589727,-0.30908455187465456,-0.4806402409857771,12.960751732029188
32.868810061535726,3.2651311290016163,1.2359823672864265,-4.785668555364576,-3.796830450132394,12.789477391627491,11.533879908536008,-5.190336470763206,1.07182394078479,14.9203070343979
26.62928241603377,-12.967104028652903,13.103436387097439,-0.9553969513669942,-3.156002690358605,11.426928501366204,11.112202848863427,-8.929961208343297,0.6536795862285336,18.68216236206059
16.068392024834687,-9.865192138309794,24.55072092081041,10.431696700076444,-3.3947773265911656,12.141659702107505,7.810647272223426,-12.181020966644526,-2.2266891273271905,19.226355917246508
16.121486530803878,-1.0040032781534,26.215358953638596,11.507111211476591,-8.635742104462743,15.476100176552757,4.4646284639053,-14.747147927069935,-7.287407915922555,13.407475657854746
21.718759311744595,17.515421702081735,19.414148125741335,-6.118436077729482,-8.169539056633893,17.17708058739541,0.9294010958311949,-15.586305141629921,-8.348499915179685,0.5107285638711396
15.4402172153989,25.896998139144262,-15.384536982242496,-5.200041693056434,-13.001228360912965,13.823134015804357,-0.8801984690455469,-12.158810168950557,-3.343555747409521,-7.872263626859703
8.33034980132141,20.643606109154888,-13.292678941198563,22.78735481797021,8.225636396889056,15.82116728742934,-2.544185225563848,-9.358602047564421,2.6406774791182652,-5.765767320938278
6.769633623761184,21.658299260550365,7.053445917645895,25.161203246097482,18.095042693877865,-10.30157563955222,-4.859316268063582,-7.060314171701541,3.5616383100271403,-1.2162013854849967
9.543568023637292,28.81375941078109,21.639819856355516,5.969238025457492,-9.092270672223478,-14.055647053701389,3.755246993617209,-3.292515886665233,5.148266227128781,3.536387895078848
19.286675513928543,29.17766278668881,-10.008158680492162,-9.95243673469121,-0.7382777444572717,-13.627532989872424,2.3567512636353767,1.5580160450564637,7.115525365401576,9.751303029826525
20.723614927263785,-9.543437821920799,-23.036962936044723,2.192456566304318,2.0241894814869683,-11.10795170838211,2.3279221428925485,5.541799199025859,10.716682763937435,19.3581796416042
-12.480903340485208,-17.87905537989526,-10.531749848900802,-12.320578561765386,2.8288887823118136,-7.570369511960158,1.636585576833775,9.715594566803631,19.206638187957363,16.726494646628275
-15.059415150664169,-4.387601349208452,-9.701433541193204,-15.010463290640361,1.1172707985478434,-3.33506486399019,1.3112001583542396,13.27421198973566,20.313392631915757,-12.857577186335769
5.694749081488972,-3.344542370749463,-4.767254489272856,-14.062374177522731,-0.7948516924045919,-1.4427129231625835,1.5207022385432214,15.443037876391955,5.629044274460968,-23.81242114574175
2.9437525761325016,4.872010731519345,-3.4963797538337706,-11.349370597396655,-0.40446980570097324,0.21546689753214918,2.8959008232626906,16.36692545437012,-11.63770850117078,-18.92300708345064
-6.205950228283139,6.072721454187443,-3.0296243332042274,-7.733824262872189,-0.44431154560246094,1.8147714820338725,5.484790003953933,13.607490990236025,-20.189075092653066,-0.18111473368768805
6.8749356096427325,7.78199174993416,-2.9947183526959242,-4.594844581734063,-0.0658630033421994,3.161307783817449,8.449546313647298,7.444067434427557,-17.141635002767178,13.180028081062575
19.12146540466094,-0.5908291081738303,-3.5181227498382346,-1.7475661839693786,0.5307707016753138,5.080136747659689,10.678091458365195,-0.15905843014376214,-13.757566619652076,6.974131902998467
20.66817217969263,-0.6228528365898128,0.6396916929503927,0.14706494046430582,2.1632060143765677,7.654964369327312,10.290969902505438,-7.763443617085771,-8.53569221031134,-5.246927015516873
18.47813992577968,9.423629534691205,-1.1668230810793334,2.1756366900931448,4.825279623511346,10.530428448959945,5.78873629483881,-10.764556328703861,1.4214238879496102,-8.195969725198893
17.994645936228164,10.73197106389323,-7.150497401182726,4.799228942486834,9.038253531404166,11.180565483308651,-1.8625078879014667,-9.07472913539056,6.695170185581477,0.693433435757902
18.79096279335964,-1.0624840716593271,-8.559008248037344,3.8870834061525277,14.948805528839499,6.3911533859786935,-8.376101952183289,-5.914231200002935,4.339117683159972,10.121836609257903
12.768633737216396,-13.221530190276404,-0.4183796978790744,0.010352291098037637,16.887821240786025,-0.5465110450153157,-8.887991800233443,-3.708503329823456,1.173915240974921,14.424819982452815
2.648263942816618,-15.66622562272716,5.034015773973572,7.689126095927939,16.67295523636282,-6.552145351228706,-3.322868215586017,-2.5334703102828713,-0.17697587025885156,15.871001300266524
-6.854404026557613,-10.846530457322894,-1.7146784046824524,12.179468660626597,11.823473056218415,-10.935076285258479,5.722362832688427,0.28758761735395594,0.45226914162435045,17.25965933705893
-10.448622939677971,1.3088464961567683,-4.7652517600578665,10.574236392135706,9.658294468054631,-9.791806070547711,11.10341795748272,7.811065057476439,4.024893186010418,16.73154475627063
-7.4491659116748155,10.572400275410356,3.959785187422319,11.498659675508279,7.28882994708129,-6.9658719014551265,11.024995246791436,17.31158633293102,7.443327780424892,11.584699924980367
-3.895718401959897,11.43771613796838,14.826100813995614,8.947131117854436,0.499125660686199,-5.0578466293163515,7.352490551225888,24.721021824957077,6.579245207567672,3.0223023037835954
-1.6871626855999533,10.822715890687883,19.870878963855805,-0.6404227073977012,-2.12531548610382,-2.8823540811608783,3.682044356702952,27.64962611421704,1.5642789508704567,-1.0792119497876569
0.17745550987914194,11.361947844957744,18.495909814789698,-8.095093034520614,5.283871285764007,-0.29089952237978567,2.6793598381515333,28.46063605672398,-0.9287334720259462,0.8878723571207325
3.9778475134871063,13.960587430209907,13.342465858616322,-8.427779036169357,12.407591691403303,7.783570260140769,7.415024367735262,27.8964692694578,-1.831068816389554,4.454714941936449
11.876257077239561,15.375535345437669,3.4970275687968138,-6.941394515718959,11.886525507379883,21.882132194240903,16.53323345849977,17.022862497847342,-5.758374104604816,8.848344705500438
21.01723538547963,6.83702394273668,-8.23856638841483,-4.3009079263607735,4.923037341752667,31.72901908905098,10.808358310041752,-8.652239612538214,-5.434719101111032,6.359432780152082
22.960251828814368,-4.332993383807829,-6.425873971980006,-2.7064005493988015,0.12417717513079318,32.98192821320398,-7.996234496762778,-6.716966979438492,-4.5337892052499384,0.829910811038987
23.898283277257317,-3.5174284517670102,1.985071801960338,-1.1675483856184854,-1.512903768249441,33.3737336519572,-1.060921406232099,7.965030411785618,-2.7271308429918406,-1.4641343755558671
24.302679652538675,4.549138045386164,3.3754434550300787,0.8105086326668862,0.5456723706024865,33.77107439922402,10.230277384619065,-1.6329808214077495,-1.8082761734595907,-1.6793789830006824
24.89596374139714,7.970379726605566,-2.9299214093468393,2.663134067518173,5.243188148234426,34.184289839536525,-3.677078783996473,-7.1656685188738285,1.3497551935160526,0.7722069305099714
25.654539989088466,-0.41690079049221906,-5.6819060044260485,3.1880734364060226,12.611274877881977,27.945571250439535,-14.60435369385373,10.258332597422365,5.0781059455738475,5.108044585967222
17.827841979286713,-10.330325688648072,2.4626155646476837,3.4194744331204867,17.024356356156787,16.968756454204694,-11.248708838018917,17.825488062198563,23.44608013133327,10.54381915434112
2.0660749243948504,-9.994268911114785,5.166248770653622,12.479450612927463,19.420879460602453,1.7955418886234382,-10.151508558649667,8.128126448413433,37.3524397726679,3.900778841785042
-2.6560223115994313,-7.339212948194304,0.4800069264004225,17.571937362169216,12.066014288317689,-14.434502093973322,-1.2564065650712941,-4.9903133818196475,37.872744403762255,5.2517330474333095
-7.0275548122471445,-3.4385963781457876,-4.082848548349981,17.673693287598425,0.9803299179951442,-16.572591265993093,5.864970181888706,7.6521615401289695,37.127354168329816,-5.3468033576830045
18.088548528867644,2.5260452000630704,-3.501349835830556,19.045171613345047,-5.9158132013886835,-11.217633429954306,-3.1592438527410285,13.866461931458245,27.092255024124242,-16.368204849605114
26.662651276680577,9.375850477967289,-3.08674621191613,21.96795143850307,-6.1892287842016085,0.4795173099994485,-6.051621151269812,6.538294213263761,26.017257313871035,3.7247032197837395
3.5405445210761717,-4.752942027664265,-2.0386899618688807,23.43581196434322,3.002675410665078,4.733911928083163,-2.764924729092627,2.9350641076957005,31.02637905143959,25.407472191078032
-21.40978915950547,6.403350407958838,2.4391277540309892,23.667188968624924,9.08076776407433,-2.4845689276402116,-1.041737607524276,1.7214768307278043,33.50476903815836,0.8754411338123264
3.6016885441071564,-1.5253529634217529,8.032201211461341,25.220099484954947,-3.706127650992655,-4.754725328404681,0.9576578418660127,4.389757100113366,31.80250205849453,-21.240114634190718
22.246338222964475,17.903094442862184,9.778129424910151,18.36100167343974,-11.177973795224034,6.123126362629998,4.035282092056833,8.339234112396458,27.581042973270897,-3.906083609266685
22.324499631043732,20.228052798160743,0.76473365536992,9.951094834921694,-7.341129104858596,9.86933565839072,15.550685394161734,17.474635620926982,26.09742149883749,11.723613562300903
18.46795824186624,7.289702415649559,-3.4416858634155347,12.925650289590209,1.484991738313306,9.901277503701902,29.778769291265327,30.99072990894575,12.285093794320511,9.132784189840757
22.110464836919316,-2.1830102097881925,-2.150253221077643,13.8191923275868,14.444728097194625,20.178402716427264,37.57265761679353,-0.8047382669196319,-13.706369547150096,6.844323010596633
23.649635126217625,-1.416233056014456,1.2798823233791952,14.822248545344713,32.504959096157776,16.962694570031033,-15.447508413782279,-23.48045593329902,-2.0964402197655603,-0.9201342624222268
19.955921551474486,10.246548340007598,2.6479133104909387,18.703828429669063,22.066987266122577,-27.826337809996502,8.166985252891813,-17.163406734156833,-6.008269752363407,-14.063562246562963
9.685830702334025,24.854352903366987,8.523805167329476,16.3548353390079,-5.83344669978679,-24.879118965182066,22.468009965343914,16.94659670705341,-2.8879171061393625,-11.712964385568581
0.6304433486157813,28.570936652291657,13.165992262470935,-8.009043635865227,-13.146391950726807,-19.908900156885238,-16.229955787197834,22.056354735733812,-9.773145045673637,1.9620598957253106
7.957808807950383,27.833945397727547,-10.500576224017552,-11.19947931464424,1.3391078993730419,-14.556404390825836,-28.41171263493233,-1.4486803720869637,9.824549790739376,5.9041950861191985
17.59019328093561,10.99857387714502,-22.74878305444534,7.229804706740802,3.95037901805788,-14.714858928923126,-13.81835658958937,-18.960136838130026,-7.827709703335989,8.19492379084248
19.535361092636006,-7.275998127681532,-19.28533641526164,2.391441969174042,8.025334272011246,-14.74128796907437,6.8170034902765675,-16.814485574544296,-7.829747833780013,-10.333547110006814
25.404143892177157,-7.606644006057071,-6.570623009002503,-6.834935444840192,9.379194593919053,-4.424666615190768,19.455919379576628,-4.9048468741371725,8.684792245698695,-6.267524703320324
24.359360701459334,-6.649168897341268,6.86273260579642,-4.207389264878893,9.93466999440331,10.06578457450557,19.603231711829963,3.9840618551257867,10.348756350038878,8.971101386704545
13.342023179330052,-7.053407143869946,14.440845935170692,8.081717802371326,11.753824683370238,19.86214008364445,14.508334333655808,1.2442399692092352,10.94645039552822,18.54693222514228
-4.608581227118573,-5.522647977585322,12.105642704277258,24.133494092049602,17.169901700141413,15.004453357605719,1.9654810311021536,-0.5111662392201501,12.267286208179904,22.123552904664646
-16.904421441795925,1.807495717609672,9.859386773770376,33.671126712178605,8.744256572237507,-6.611691768878968,0.26633858943130023,1.2080376916117341,13.99113811863487,15.094457360210594
-19.199527579904622,-1.7236942738471133,16.173830809306477,27.71469192876499,-18.415866648265762,4.446188832213434,1.7499753294267482,4.127511719826058,16.12904982854707,0.2651281291322446
-7.668930437704172,-12.387371304018522,2.845109187243849,21.84935063756728,-12.497431496053407,18.94372321519828,19.506336497445766,5.213726087883556,12.82784579278354,-12.698601473654772
8.908093692118948,-10.19340700213551,-7.547355201781046,19.741344666032138,14.284664769584559,20.520741599113585,21.153039945562334,-3.086124146986459,11.757511444333401,-10.221500994677543
14.107395389032147,-10.629724601747304,-5.757720918392212,8.155142690759165,34.13679419675541,12.652124181102849,-5.12414742844445,-3.8951668583219434,15.568959415337826,4.501270932792327
0.6764795354689687,-13.49140964578975,-1.232613112309388,2.887507367648646,35.69811110310136,-8.829346095206976,-4.149561887064876,-7.51575475039605,11.574865814866937,16.05764957181775
-13.994253068395327,-3.8421421704643177,-3.29641194101002,0.3050787315728688,35.39603970969582,0.7645657330507363,12.36617706811187,-0.6034573656739984,10.047795847717735,16.131610627429804
-16.062353742105643,9.051370055437502,1.283405941753801,-0.8936088165210919,34.85450199008121,15.516950039770013,-3.517099234873295,2.405950613438639,11.807267062472285,8.025552364569302
-13.731147964206654,7.9579038323719145,11.97102861488193,9.147010125383275,33.67279065505817,-7.055600441719851,-11.892838535312585,-0.3328009434733689,15.02797087246097,-1.8189067954411975
-8.158933087163657,-1.486679096471025,17.71362783774517,24.299635574811255,1.7886490837836508,-24.357350923701404,9.69050534128717,4.281459713959734,15.988422308303115,-7.344865446766497
3.2198267212973297,-2.8484203193746533,15.119004004666872,13.739247341155643,-30.47494885350956,-1.803848011619043,-7.625986734467978,9.321887788912196,12.078963624671731,-13.289171785797098
9.796571692514377,9.302370207406735,13.886654044432701,-9.958557581232592,-28.66578975029587,5.066374027535234,8.200746080842716,9.849276000747237,8.000561942251831,-11.620932328062601
5.721706312656723,18.153909540355713,-3.705394692829931,-18.900419055529376,-12.817448060925269,-17.908922359948324,-2.9618145979523405,13.849707144424285,-0.05284818099611047,-9.36061060280817
0.1190357083528455,19.34967653436994,-14.443362393020656,-2.102686707682284,-5.418604708383736,-16.024176722373145,-16.973490899673337,4.745093077839325,3.02482133743368,-7.244059457857166
-2.6515987920066584,20.635784295809717,-3.981232359904647,12.656339564720062,-3.783670231334453,-8.0210377312317,-15.97207187101636,-7.204646818318059,3.814535205535415,-4.896932180814646
-3.1830184893774707,20.160653138864593,13.21061517936794,7.355662502555295,-6.926033972354252,0.43335847222060886,-12.496430393345898,-9.05668359261491,0.8719299995991323,-2.1409887788756627
-2.3835818693256337,18.35351405584909,15.789489587302842,-10.840692468883748,-3.606583741802993,5.543957794389275,-10.204072852449645,-4.83272564006582,-0.9883339285716192,0.2046223047667754
0.8399347282024099,19.00202708524699,3.59506178297105,-17.838440529085315,1.2584527177291214,7.318432729521764,-8.288936540875907,0.6460541079142661,0.020464821675646103,1.7962814885736877
5.128804703084724,18.770144190768786,-11.906532489996449,-10.153335957901414,-5.880683154907035,8.238649682700299,-4.058276221550256,4.742568570241416,3.222825848986078,3.7793077317056096
9.306826431884097,12.525285302492701,-15.521637019362693,8.856016296399195,-3.624631669434156,9.63809462871853,3.299810604017102,6.665563172035242,6.269944857125356,5.9951891939290975
10.90794870981708,3.277997648041443,-12.282427901647978,12.733871987986035,13.056509661326041,9.617076271636913,6.306914860886685,7.458410163105299,8.707497132589026,8.925565926311654
6.543132842098341,-4.391906935740523,-9.576077717913886,3.7947422240078548,22.765272239916417,7.765447144022186,3.792642584797029,9.35277819654423,12.16902476432588,10.642259982639008
-0.508199270208548,-4.65239449271414,-6.171292290220569,-5.084312123584357,22.558266963731953,12.713904056694467,-0.6153751134157671,11.374692457500386,17.63686152772558,6.219513386258243
0.15264294106049292,-2.091343085365805,-2.796546234865159,-8.14010594276717,16.27601650709246,18.172627547099374,-4.5117458822060525,12.266341109331432,20.80116613266507,-4.594302102361728
10.556922815818607,1.8804687393811568,-0.5954621434408868,-7.007224414056065,9.388829026649177,21.604131372593486,-1.892961898537392,13.57385251355618,18.840362122138696,-10.084813013504435
16.66815100443266,8.863431054817589,-4.276968874609646,-4.614973919207538,3.8828674712779088,24.877094761083733,8.543453631719917,13.407486335472951,11.816222516795259,-7.559838247470326
17.685320368346535,7.921147390884455,-10.652912892024782,0.27198369238138614,2.1300042561573607,27.50992560535062,17.967943119525966,1.1878385645798653,5.547385310973434,-2.274171333054849
17.449804357804354,-2.871011116393903,-10.859638227694816,1.809230636341035,7.412122735208024,30.144353957186965,3.755891866586086,-10.714392347596833,9.058472076717516,9.000019343011726
7.211337736830358,-14.45489599627694,-2.12956259831901,-2.0493687166179453,7.977582316011258,27.559069594555375,-16.52692376189374,1.1713792921135915,4.7219223333263285,17.03236488545066
-10.27992802157297,-11.176095685474477,-0.16547309963901674,-0.054130021713295465,7.958201063826804,23.044471894288517,-11.615115250653908,14.061756378694113,20.002633605194255,10.190399747768776
-1.5016684088404282,-8.681909255924458,-2.5106529666168216,0.2658672226700487,9.732301022022062,20.87375965842458,-3.195829440624112,14.789635685012781,23.172126326563458,-16.300969020195065
19.86291001450686,4.197749425663251,0.4622207801726823,1.5788544085879943,12.08647276143499,21.371092447943965,3.465791468748908,15.548503478980772,9.780527684701193,-17.856066233166477
13.887591758996415,17.99471659901848,-6.808715911116971,3.4609328004215323,16.563392205909476,24.069068682744298,5.071677596899489,11.807662640840588,-2.957054347622461,-14.32750968913528
-0.7315943414358399,21.038616159672575,-5.955091300415357,5.1927082776189195,24.517990999006187,20.796110157588885,-4.585138257180138,12.033342766287504,-7.859398405038989,-10.182410714273853
-6.349107490875161,20.496539538011053,6.774726714692155,6.7360152072966315,28.73055606726078,2.9991992188441845,-9.392711506080937,20.440383828661858,-2.9744794670282317,-1.0843959318088712
-4.872017968656134,17.185442940239398,22.949132802983435,12.414244396496564,17.504269600490257,-16.730663855134253,-5.796599527147985,17.96742608933851,6.287971821267867,-1.6754840657669794
-3.660268306493973,11.512660588696093,33.26739673082925,0.8116531822562856,-1.4864847557728371,-19.129912640204985,-11.52732935407796,8.39089795736627,10.175089833042888,-7.085697817266369
-0.6829880610302783,7.9883424277555255,32.53164966239742,-5.2131868051958286,12.522235100889342,-16.867861489450725,-6.06105861408549,-5.629549897563691,11.821021506636209,-6.171351105008866
1.882623684621271,10.668810317785073,33.26500007235421,5.93380733736428,11.828065721224855,-12.469613502660485,10.040224234905613,0.49158052682643294,14.3078598084592,-0.9882977217987763
3.6466333992810314,16.780858886188636,33.53876245745978,-2.872584510433889,6.209457659666698,-7.102280517618143,11.611421022281403,15.48518695394495,10.407183902515198,-2.209567304276544
2.72747586825855,23.075666888212115,21.604480040523352,-11.617657882905831,19.274070599288027,7.937986270972804,11.909226072352379,19.494313582106145,-1.9111556865298256,-3.196680065434909
3.942354361090994,25.903938297760032,4.934897950905617,-11.975148310573971,16.072117584539807,31.491500743531383,6.747779597213141,7.272302773169146,-8.258106101169187,2.1134723220747116
10.373647828078893,23.2516218231372,-14.071190774919701,-3.8451629959492473,-0.8948507624515611,37.09142874503134,3.6897361400146202,2.240456664019032,-6.064524107907956,2.921551630720458
14.438314885905408,11.508664912718839,-18.532984540020916,10.01043356575449,14.569816650848615,35.46874563711587,-4.075738310245558,-3.269803114079813,-3.786376405109484,1.5687585440872476
16.193351119130007,-1.9435043742274225,-17.436397268828802,-5.213416386192472,26.239724215788108,11.44112972062551,-23.06553390026709,16.305777467854295,6.202164185672353,2.2342292994746042
12.64811282556331,-11.41962505263008,-3.1247365605742603,-19.3077905777828,16.224480124020488,3.2212884590947066,-22.010697390117254,5.104261461759473,24.777193552919435,6.460959663744796
-7.376193093122,-10.292105293885353,9.987413204849545,-9.493764710784163,18.64052181699015,0.2484343201221928,-21.70728331556912,-14.774533486945554,14.786721603829667,18.431972132924642
-9.63850521652184,-2.021467137749117,8.796882939981922,5.448181511817015,20.241780934417147,-12.499109241501754,-7.266309465901021,-17.07816588216294,-14.945279858842987,19.45363038502727
5.61288139982325,1.3897806027679729,10.33288418556349,14.100725279277244,8.896695057787612,-13.974803932690481,17.58179045520391,-16.074341490208162,-18.71036755771599,6.120447741745949
7.82338248511869,7.5210608152736995,13.375117694926692,13.284207771601785,-6.798176157790748,-11.647226045917598,27.934920887104788,-9.004623205474443,0.6311197369702906,-2.476182224466897
9.305631881872296,15.389344278446432,13.179760051432782,-1.2463895023404454,-13.319782434391398,-19.770343380534083,16.422936626795376,14.531826991917029,0.41477693932186976,0.5798445017302831
12.276142674052764,18.89174085324316,-0.7969585106465817,-8.700024411600905,-1.6177619914078083,-21.23101503500804,-10.189112497938227,17.817376555313604,2.152441283421955,2.7671631918888804
14.909009406325062,11.096991825230754,-13.992783816478225,-1.5293964569083915,4.185839684042976,-19.575096191279375,-14.461115068805766,-1.5112091805253165,11.71080895211832,7.491221592194023
11.277365435512502,-6.734369349933796,-13.338889559266725,-1.253772809023596,6.208982525680047,-18.264911403552492,0.3478638606806351,-10.547262947419426,4.657666073339122,18.449931088004664
-1.0709923775252073,-12.565818703517351,-5.218673690887003,-7.4717915764474645,9.189157748336289,-10.816506630436383,13.093911730713167,-2.0259957712757792,1.8026746124838646,21.196496085893497
-10.740351584969481,-2.3638327735969575,-1.736919053606917,-7.84606163566594,10.847981445775213,3.4480300045506285,16.308046252991264,5.218604699808274,4.153213069641854,20.780602527257017
-9.311624930247316,10.437172227840582,1.2195771661053092,-5.83696310044048,8.631737121927173,16.251217855157574,14.770760909114244,2.9425702632952544,6.783731843774667,17.610578709089577
-2.1114695254865667,15.808099178338006,3.2416580299013584,-4.444438422452318,5.512464568117965,23.379155121150013,8.878702773142326,-2.7617711194659713,8.230906007346718,16.30054102959941
6.7435512811795855,14.811528600839695,-0.03710250955809386,-3.740050936708539,2.7235415728623376,26.20706237873459,0.20927494030527924,-4.19931936386277,7.127716611158918,20.128980620947836
12.46598698052954,2.638628829973782,-3.994562410690168,-0.4947890813414509,1.6239721170595103,27.105702632556273,-2.9633193441997747,0.162879048198199,5.84326151263017,24.9979424172999
-1.3757620277711953,-5.481779195136343,-1.3818958839230335,0.7887234049783937,3.6381833792887974,27.429465313900113,-0.94828584380229,4.161824098645058,11.055223657165879,27.2109728833989
-16.221907138998628,7.476299685709769,1.7051151389457988,2.338132483951306,7.528403050744091,27.57047220325583,0.6295617671920557,5.86483813097155,18.25284579389877,16.10524459778108
-15.863394012183875,7.415072765243687,13.259813531551599,4.662870675013772,12.096040860730287,26.634873547819115,-1.326677441171719,7.609749372311354,20.78639031465302,-5.86040056259475
0.9841539071253236,-2.962761492801981,15.18841639845462,16.65012478965021,16.492906007340427,17.40181946569254,-5.858187553299546,9.92052841834636,17.010794555957315,-20.335210183315983
12.629864663086618,15.312798994476092,19.27214804171472,25.15622201153842,6.713129893710344,-1.679755629447524,-6.024483777041819,9.146150690314945,11.48334701667696,-18.342931819361162
1.358422048630972,32.528386376942336,22.98500993849561,-8.070169635527105,-5.676573426185582,0.7883111531625717,-4.0442400672705405,7.643058807481519,8.49815249855723,-15.455612176067762
-14.683728405391925,24.377771670095445,3.986376108881929,-25.441210541634007,6.048199254950576,4.988061867263638,-1.399292604629344,8.549289380245183,4.830986481054184,-17.276855061265902
-24.172731634911315,5.948117667239523,1.5684099289806264,-23.269006990931683,-0.47562636477879855,10.86741759018658,3.262227939269017,9.70147029181985,-1.967157932834692,-16.712331917167965
-22.39767927274403,-9.49481933978283,3.2123435689338993,-20.458914952635702,-5.879725835536948,6.416414334065392,10.613429216328628,6.02509132316281,-7.653987855687633,-6.102470667270801
-19.659728596566595,-10.662781384567884,3.6533894398008857,-16.61119862918004,-3.2510799711039886,0.5541879815650226,13.580133972737558,1.0312465621512268,-7.6849116416033,5.595966906581904
-17.033944108552376,-3.3492506746029442,4.082669418643814,-12.589321118586462,1.346354959765899,1.145669407928794,14.770189786335655,-1.3879173339813713,-5.119342133187288,12.97502221485121
-10.11325738729586,5.686036340773036,6.022528876699678,-9.787105335407482,3.8590152491960485,6.454852798905904,14.844329114222118,-4.949850107620035,-3.0048645914564345,16.429118904216054
1.1990483160144607,9.774600608861967,5.604323448822905,-8.371601291385598,4.198260281887332,12.795745484660609,10.36118312549144,-10.483805716257406,-2.5721742895721267,17.279634927876298
13.263233675911549,6.601767745243705,1.0165713486403107,-6.981645404603917,1.8529650124252417,16.089126771493678,0.7069322892332116,-12.642816156846855,-6.837213490077448,14.03506825629552
20.03672664658875,0.7388203464397937,-0.4689608470552341,-4.828607456019871,-1.3674369603253305,17.597845874802186,-5.946247698571708,-6.125635832864931,-10.779487099401027,3.0200078012524263
19.916101712530867,4.354532162335066,-0.6766566764072506,-2.5685027046107733,-2.445550210719037,18.645399108935266,-2.682827869520553,2.9720015547842737,-8.976275163819079,-5.62518900442591
15.016003354346921,10.236801929085985,-5.227957477699674,0.9705521929067933,-1.3664690489951625,19.45035849202337,5.00837990780642,2.91678320279205,-8.038471471724666,-8.841647759399935
7.176019448298715,13.246108296259598,-7.098161302526243,6.464458962291721,5.421182237432493,20.570129446732917,4.9191841603650355,-3.3070179689272634,-5.417668008044679,-10.380129753191595
-0.036168999035709054,15.177407516624822,-1.578935113808631,8.906619603523412,16.586644171880607,16.075263064648926,-6.95696190298389,-0.803963999671724,-1.5568241338603497,-9.134841203387989
-3.8947122089964843,15.008322193731827,9.53113920628545,10.929066524430247,19.658507662738835,-2.0343985833205958,-11.225594480310775,4.865394550578531,0.9931364457403827,-6.794045114074732
-5.156538421643364,11.105201985867208,22.150973572374934,12.180353559353374,4.89683540225764,-13.500321617558985,-4.805537245152216,2.5519074548696388,3.3498669835207067,-5.576358513450734
-3.990706138137549,5.240713951312045,27.851693336900734,-0.05774121901699886,-6.0925349843242484,-10.189397068835662,-4.895021012503042,0.8637067227860412,5.032322971296699,-4.571135893697639
-1.2187743308557513,2.546071694095771,28.24333479263871,-5.440861352742067,3.8773002695762533,-7.184695928739216,-3.5866057944578604,-0.7708227586014222,6.711937689521161,-3.0282205267481173
1.1240692740501728,4.183296708243606,28.778645242267164,2.664894641014565,8.225068763898026,-4.990493517773913,0.7365611554825384,0.4818044749170222,8.396752105711979,-0.8364164855016919
2.927432074299831,8.83960164471832,29.946868899709298,3.3292684969649127,2.901747370568816,-3.5529174598541045,3.6201335002560344,3.8058011649625656,9.468944188435595,0.9750371765788306
4.732908263892076,15.764915206690095,26.89373579684444,-7.062723062886734,6.768728835881637,0.063573877024932,4.989724696809784,8.10441808212274,10.344890842838062,1.919175417272871
7.518375622755814,22.055211009716576,11.811183055394302,-11.726880889126221,15.586442637463374,11.316712675704196,5.796443682348858,11.055135050524258,10.164730045729645,1.922647911102211
10.54765260983187,22.380376388232353,-9.508484554238432,-8.980538139537794,7.524819704477122,23.553720777606543,6.2363445591950715,10.229690457934664,9.967503429578462,2.9716316400996665
13.493211178664419,10.412920282289857,-19.819100834205678,3.757048933812852,4.721605448952331,26.94311078142531,12.254178879324765,4.041293661148165,9.586509876724985,6.697515629701444
9.757982214796154,-6.842237250110324,-17.75151545773988,-2.3786893641804303,12.334827393440483,29.88565510385786,0.47447864155623265,-1.4307764148637034,10.553723165444682,14.290877913629155
-5.6388952387003,-8.50464620686108,-10.04856006796632,-11.113854132961997,-3.4942755144599285,31.167333670787624,-3.6324253122590675,4.891672828384746,13.755435608134583,15.91487317356908
-13.52345263056173,3.752570048427968,-7.1484103555022855,-4.648355106086622,-16.946675467092884,20.896825414664725,20.63963404439777,3.445956109067421,15.805481107863498,4.892083198980301
-10.843727132693845,7.837473781978132,-0.8082045373498372,1.9878243718397557,-15.644181275822227,-1.7546217195682552,31.22093402933391,11.852329307322858,8.600240970815912,-5.5264627079923985
-9.931088126447362,6.1879102557702295,5.572472737098148,1.2650880203080181,-14.302945303961812,-16.452358925712026,14.677515102282603,21.527775032601603,-14.830371310229896,3.635261102854317
3.3444692109364706,7.9973003108781855,7.689061211789376,-3.8176675909464337,-10.082569703526019,-14.549138862941849,-12.569378292129832,20.67268380326152,2.2829301029205635,18.924642755139384
-0.9011037701898217,8.4661819090482,6.282277821520906,-6.585422367508964,-2.9231006158630404,-8.13942732285645,-20.02398599385612,-2.8545055696715607,21.92513036519966,15.314068635213575
-0.9426635675609778,11.739054250807396,5.9899232774251665,-7.211391624940365,3.723562632886885,-5.979147817421573,-13.102069808913376,-17.57154311325057,0.28685425328339986,21.65010690928438
18.505426791047817,7.710382197543644,-0.0555031730944399,-6.003007210150017,8.23817939784503,-4.174987617708544,-4.99899164365372,-13.05731121161442,-18.64591328909271,7.423787536412183
12.63516214154334,10.75186895477079,-6.839833754960154,-3.822716588501122,9.57963307123044,-0.780431151391726,-0.4002851459040674,-8.835959631957099,-14.52026844715141,-15.70784702206283
-6.568914831938205,13.04431626194565,-7.262975422498188,-0.26974642343980093,10.269465232348407,2.4065099885678656,0.7684795601762361,-6.445616948835844,-4.842250260342346,-18.613846253630694
-14.253976290088584,6.663877172864459,1.1476052872901052,1.9212856033609964,11.643327005200064,3.994328469022169,0.22772218392422125,-4.276220554806949,1.9409232717913962,-15.509885049987094
-9.311943629897016,-3.053506078892357,4.024822896029497,5.644287873917675,13.213878788312751,3.297038546788629,-1.0368264006317267,-2.1178430171535667,6.283886671837494,-14.69630598087086
1.4893417338934207,-4.54674240342626,3.112219084890912,10.479449870664551,13.388499615958482,-0.7320882781408677,0.01229430454725472,-0.400645595557158,8.73389461652529,-13.0567699586616
9.23736797344441,1.724555821772009,4.323450639762555,14.137001061871343,10.501665568145988,-5.348003241178111,3.6648131389424785,2.8134786249750907,9.713916578300177,-8.200077736405206
12.022164308173004,9.661183548641073,7.106719648024879,15.893527602229822,2.439808404720454,-6.739948492469862,5.714323804437873,8.479306026968969,8.451751088172312,-3.2822458164686026
13.050588847399258,17.47714139519074,9.73392548175483,10.2993797021743,-5.040897028364095,-3.8919582973813673,4.224462288601244,13.275422945565289,6.232569834415778,-0.7873466368434814
14.412773223134485,23.12128686109276,2.9469220636931865,2.468190079351295,-5.761897024441887,-1.0790642301178406,3.800698585662677,15.872006833630595,5.387194685437247,0.9531072093783947
17.143095552260245,20.169957268519497,-7.793683887066267,8.173919466880266,-2.8272438374252102,0.5683954942218955,5.007761399149946,18.337115511614826,4.976812968985554,2.4187132337667023
19.792555016892013,9.367495022529829,-10.092414445275377,16.061569401722327,6.6709333786294245,1.9508711495566866,8.102890884797844,20.26165953917859,3.576083742134738,4.092382403570488
20.978321363797946,-3.5325139191776938,-8.112621897335915,13.313853441434055,16.340623353717664,0.8897686070393762,10.478418068584173,21.57243871223304,0.9684286501685888,5.730489832243899
19.144214249603642,-13.103758881258267,-1.2462222754161092,8.085439795946874,20.998741655536683,3.706983729299513,11.968349452022334,21.167058693593905,-1.9698507145179855,7.643521256990252
15.037366573653589,-15.299971448736546,5.478904382584501,14.890471291242445,23.374526298258854,7.701591169258161,12.231049109694661,16.562143181815106,-3.625767515310439,9.43868169391259
10.059782022908225,-16.238588869052933,1.2493378890483695,24.43927800554305,24.02586286465562,-1.1274164653124725,11.634314754332342,13.282247220239958,-2.367238787233197,11.024072900740364
2.216902861301193,-18.21641984457263,-10.374028936930436,16.49759180615673,22.524160105580066,-9.3636127919178,15.311635408532148,18.075754263763496,-1.1594428512305133,13.492898603996188
-6.47763866331489,-11.838666537639991,-13.64634950951125,-8.31414513464841,23.200228038881313,7.462993921489636,17.001977160697376,20.850727230649756,-1.1792309753521686,15.870399290270198
-8.054648501369243,1.7270065054991734,-9.80840681709959,-16.80034197868118,-0.16571107674521146,29.238731730174806,18.9635432503611,3.085107563416149,0.6133085985141981,17.570656349327287
-1.2268243957678218,10.325886437808093,-9.457262439571526,-5.488586184112852,-18.01221947271621,11.051203048470375,23.729274906241777,-16.040763543070348,4.195844881676994,19.471142665671977
4.887182827747603,8.176255336240786,-7.424681455975784,8.494837525992674,-15.220805606696347,-6.452055462284803,24.384064334678044,-6.88779714239121,7.494969924465898,25.099050781381784
2.1130758037581927,3.0274249345162927,-3.1964963204697856,15.002140035068269,-15.080194170449596,-10.49915340342606,16.372786454981192,14.023545052431425,10.859652584126485,26.04035303178911
-6.578749881335692,6.430342233450236,3.2130842690725494,16.72441003638202,-17.949536751702503,-2.111297502074123,4.561842871091228,25.868310923994393,21.343372710215704,6.468225406315552
-2.602034933407077,5.226474594524362,10.41514362877537,9.312983337657139,-17.822843133944545,5.506623752406174,13.172229693357325,29.66843456315338,0.5256281562048875,-16.183666912868777
-4.18607160115111,2.802116281195042,13.582611605087639,-1.8743918309093903,-16.413268821674446,-4.617227069024021,18.363885486923845,14.170735482120005,-26.285205920392595,8.057345526528483
16.997048452787013,4.368296587139159,12.374927063634951,-10.103708170724696,-5.621201557535866,-14.34971998348104,9.736199368569755,4.750755738944769,-23.744414200521238,11.984480110019762
22.10715913838677,11.998299756621625,2.0753994117545878,-10.103546273102664,7.955521110275048,-10.064054465919442,9.811012688401588,2.607797774850871,-21.66486220293131,-6.601205345089761
-1.0398211889903657,17.94479202859118,-11.061878648076291,-5.363996203287067,9.29298547808362,1.4901388652376213,13.069485504670492,-5.222713147763757,-16.90452243008344,-17.318371487101288
-19.97607477341644,13.502203154770351,-0.7706348378730185,-0.0965897649911111,9.026024862743618,9.552293156811071,8.78944240392706,-12.310683197488576,-2.1555780739657067,-13.809434585765322
-17.795994746390782,-2.7294301426103686,6.997733441577233,3.525055662501899,11.109692001631462,11.96568117873009,-1.7613986841067775,-11.073221240380775,9.768164069683209,-13.11368468399621
-2.7080880804039236,-10.212440225539606,2.1753822776385108,9.96105435315463,13.852173314156563,4.940283283225606,-10.429925136830379,-10.102247681964355,14.191690900171194,-10.24198197173957
4.886711372340325,-7.261470109838169,0.3010414290938114,12.517931416195875,13.718167247688594,-7.604322558479685,-5.461033117426986,-14.572897918966552,12.579815548679218,1.6176702649023422
0.1382043872172082,-6.077665338106997,-1.026188595396376,13.518924704920114,8.306821460827477,-11.63197857116924,9.108427959541883,-9.472081833871222,10.161957325655639,12.370862160969896
-7.40930272570302,-0.6552585613540319,-2.2316503149982756,13.99294949731375,4.111487830698888,-9.383358002591189,15.04229343655921,6.572530115200517,11.059950039752731,12.482095708670691
-8.608890186453248,4.631709791392713,2.7919060467675445,14.900403497687169,0.2647627784567977,-6.916160083502737,11.632352670916344,20.58468631336786,7.906092300900336,2.449662013997508
-6.188027647665074,4.120371871401727,9.388272403712579,13.66853897133701,-6.072357954981421,-3.90996300202184,5.956991541272924,25.76955244057489,-0.9939115852492701,-0.7733457830876367
-3.4136287093920235,3.3363800506325525,13.639557079719404,7.776475401339145,-10.941493327654797,1.027183614539522,5.714700464936466,26.02375390186251,-2.7791818817652567,5.0845587660282465
0.9328246595487084,4.674121065482948,15.85159995075725,-1.8960436581826203,-10.393355147788537,0.24599096049488428,9.473932506162202,25.553403283657673,-1.0456391210059153,9.47335068534991
5.807169181624811,7.265724216467796,14.17813409250717,-9.690099646701418,-2.800707862819144,-3.161474166719925,8.11279933891984,27.124154287439474,2.205311207897753,10.456774042899067
8.979845684191542,9.514951919206473,7.887989484176936,-10.97471873933169,6.060891443547933,0.8309489530309762,7.589105078312935,30.08884103920463,6.529277808465117,6.990690417024775
11.835009356442882,10.141300974695636,-0.6592462020887158,-9.061650219676094,6.919563839607064,10.060189242561169,15.250830960712118,29.643427573940645,0.002064584499509803,4.373054810326238
17.764352306825213,4.011644434078309,-6.922131149864504,-5.873497342687941,1.9914412839483133,18.01027535334368,27.01222334309832,5.207220128465582,-12.9798106470543,6.565986134304449
20.120358434060996,-1.5615170068153674,-4.948933810884385,-3.411181668061838,-1.932894532390413,18.949407545870443,16.26732752506486,-24.354231507033518,3.1967250545637445,-1.158170741300679
16.17997973892352,-8.851280631217058,1.7219708920757453,-1.2654989815163933,-2.2482709884701038,19.092317572500068,-3.6535382037805,-24.5548151926244,2.5919785383404745,16.330469398651175
14.805147956023102,-11.111214484068821,11.042401458889927,4.207666892566295,0.44362748686299336,20.650858869072824,-16.4294279727173,-4.14434764942642,-15.507549176242952,6.2358579807029555
16.908223923808258,-0.8444737363492303,15.088894053307264,11.66637655924696,4.544451946647289,19.108159476341463,-6.792525804055732,18.994094042192707,-6.261756902737554,3.535162269476503
19.572790431017886,10.521067649534123,15.051410501988459,14.163324300586018,7.916656882835472,16.486295913524067,7.7191131059744675,19.646035353157483,-0.28570399029370763,5.468895659705296
25.965338524867324,19.16187942309242,8.755395671077345,11.79515292137836,11.804180228098044,17.2275598264485,14.118561582156378,10.197243272938277,-2.5381558750711544,6.6458472886161015
32.61982988475301,13.605489788415927,-5.273200774166394,11.674590248766213,22.485135233358935,17.304014033211235,5.0203428458682895,0.6542866450643702,-1.7474344791572634,5.136375095912709
33.88834268229842,-7.216315145837249,-6.590052213993277,3.4200194399998813,31.849570043849887,2.7160576296398147,-7.09105622516683,3.2244358426831496,0.8882763056394983,5.964155498171853
27.786275418019414,-13.707223134974834,11.836486420346068,11.874489683698727,29.977867798293673,-9.622117090395173,-0.45696358614158217,4.050722336306757,5.2068301030263155,11.592003615957315
13.351822779852732,-12.417702653717095,11.56074110656685,31.843324832282683,-5.790284121308818,-18.62665403406919,5.803110273118338,12.73999440163958,10.26699754504023,17.558910582722653
-6.066551939222622,-10.703001760189014,-3.877815994196503,31.33742563007408,-17.59755957803639,13.009933975757464,2.5287329266237797,14.477955624486567,22.040807481531267,8.71683491917402
-2.25414573110417,-5.163971135759284,-15.375472059135507,23.725741861917296,25.629323994329557,14.256291075080282,14.09035243344144,16.29501646068855,12.430421911109997,-10.668013718282271
4.658048494965469,-3.6004060826367814,-14.461272703489735,-6.46861114687043,38.851035352521706,17.150877391603018,2.244123613634745,14.320906787834524,-2.507538348750252,-11.39253719974616
6.0629732218293935,-2.263074300825208,-8.913795328664643,-21.706547205281453,8.369757612816842,31.963332496462293,-4.21629059596063,23.285478492258452,-3.3815270961618995,-6.539521360727931
6.527551676158468,-1.0316959248387527,-4.56821470479642,-16.409514855380905,-22.929393023407584,9.468466187958224,32.14506242324232,-1.4902805620787238,-12.376578207599943,-1.9637497114261986
6.9878816808464865,1.0651201681424822,-2.090806482707978,-10.372598530593502,-13.639583645132557,-31.85332434024738,18.817526449506246,8.615950093399029,-6.157339309417826,-3.616060288550723
8.24355614185709,2.5854914318513798,-1.6864259896703733,-7.153007723943538,2.3336598488688316,-33.111583291533066,-11.441950812132006,11.976259772214659,-5.050351550933999,1.054979543753309
10.281479939977071,3.0201566262162296,-1.829636857666511,-5.165725677085793,13.556497889493606,-30.820008018006714,-2.147287154171766,-1.39795710286322,0.05665881799656411,2.683059312040254
12.112360934674118,1.5616523420080886,-1.6609822059581234,-4.498120611766478,20.325217935854543,-14.594440016717934,17.152627867478976,10.319256583919547,0.08537689518235508,4.650411119128284
14.352010917401417,-0.8996912419282137,0.08043081853815844,-3.1519325017925377,21.448931885976144,11.67053877319762,18.5999109311941,9.815794674121243,-6.43270304623007,6.311236089037978
16.960467074212836,-1.4376935519333456,3.161350335842612,0.5023175007408146,20.97001339674392,26.111484192712783,-0.7244473467112957,-2.609798792614927,-5.5140823783076325,3.6349442700718027
18.434298977861552,2.1852168934203906,4.983061187970994,7.37114439654153,24.28312748327893,9.157796868990703,-17.675960853170224,11.447822275290093,0.6437333420134154,2.416943894134779
18.56412723582836,4.57040057621662,5.346643127181948,13.834428214320054,18.507955363395123,-19.1081829736098,-10.973710669521632,3.8907214658703233,12.75520568935637,8.216545721271311
11.795761174627962,-0.06585830697228204,6.801969192652218,16.644894612144178,-3.2903363721576477,-24.63121845002932,0.7458122201903191,-0.06141442224290776,13.962710315844244,20.223792598061536
-4.902064209753539,-0.6675004652415282,7.504364973891287,13.287598634928827,-20.52138548903855,-8.634130252294963,-8.150097120212326,-2.887105647057827,14.378479746422695,24.21010740582524
-11.907888616855653,7.793674664977326,12.447227249711212,2.8208270760332574,-21.235503322767954,10.788770823861602,-3.6421316168285975,-4.680813721442831,8.77663509904123,21.976479744409456
-6.160215459344885,12.721928202233649,14.490213032900261,-16.643308627381142,-15.992481721507598,4.629837637672,6.389478865923649,-2.3776363285009623,7.092880302585547,20.6336820137557
2.5079839412022586,14.468053861712145,1.7345220453224637,-24.603794001564133,-1.0217101198596457,-5.389960714855857,7.6882424017299,3.1219712162079714,8.415821882733466,20.77278498340584
5.4950912598572765,8.66696765686488,-12.539926419931877,-18.069402313565043,-1.2157774996100588,-2.5790738387380667,8.087878753125676,10.530992909374946,14.498895682391666,20.861703581563653
-2.132637821196583,7.42791065607206,-14.983519185660723,-7.3476448766014,-6.33808993179821,-4.508430148626648,6.373245698133447,20.112286810696123,22.051554100078036,8.738606085683545
0.6610742448729537,9.990773297738572,-11.800239546689335,4.868047161827668,-4.428418729177667,-3.815956110215338,1.3374842959021658,25.63891149199893,14.308745584442567,-14.287564341224623
-3.5827770296036574,11.50738030713056,-4.603573881683552,12.526552435746058,0.2088206698224061,-0.8817113038739133,-0.09142022195611023,26.50539096214225,-6.775582715842003,-15.855184489044467
-6.8677379595931916,10.68063593556601,8.378858288466924,12.777893655846277,0.9582224374621294,0.3736309838433181,1.4008398579060193,26.69064067595505,-11.937449720073406,6.698436030197005
4.954595194932185,11.824841339680992,15.629054363201623,6.427143308997189,-2.8363580245899755,2.5381072763978074,5.193038577558403,26.783121577738548,3.6792325194118036,15.240017181613858
9.425654059717585,14.38897586052182,12.60198618758938,-3.387337685191204,-1.737218281739794,3.3413655666762905,11.544622845762373,29.84927657411296,10.508716365327176,7.903008989515348
13.290864243353667,16.576695959112403,0.4776723825536124,-6.794931170752141,1.0380162187226636,5.279945197821653,19.294449691053728,30.290950970947527,-3.667157032295361,4.610440170231041
23.18196617203954,5.618427804181227,-11.131644684576825,-1.4047897185129943,0.49785876901779835,7.987110340190976,27.004264905409574,8.191332105176262,-18.34714897139579,6.497825803819545
23.668403392531925,-0.9841550785349858,-8.378607929479488,-0.26583261935046204,2.1195468793337486,11.249134396047085,22.910665738985145,-20.188388045478213,-1.5144612069861993,-12.078505410221329
21.398070405920425,-6.521307216735615,-5.0862851224543775,0.49604838776214166,4.449119073039226,14.927879961958192,8.22647461559431,-19.016803163519228,17.635922320920486,17.392462032855864
-6.049545066904311,-13.044673116517783,0.08886657766793571,1.7557237079995396,6.736078690080508,15.765982826472337,-7.461149817093791,-14.74003184569747,-4.051619492347905,31.260631135177487
3.845806533170008,-4.968809923054497,-0.5396113971643052,2.937459625104071,10.048152823150069,10.614333816672039,-15.3195763408774,4.465919690184179,-13.98946265094143,30.652463509669033
-3.2480078305767313,-9.388203132845247,1.337491075551064,5.9226994136175914,12.698582685959716,1.4283624955394152,-12.880474120852309,12.298560967648623,11.921486653682175,30.18456762791399
-23.552206561678055,5.844891230057548,3.312094475755796,8.057238929163956,12.446810844993449,-8.000346416682602,-8.833458998511604,0.589499285210246,25.27114310801757,6.223243372917996
-13.1961693870879,-4.155427010427371,8.804811180056209,12.202359473678609,4.877186584663858,-12.321492459651514,0.21073647082835661,-5.141248791870391,26.72112286689098,-13.323582392127454
10.905907740747244,-3.3489883960688522,5.999797822993513,15.18767223572969,-5.851991542478106,-9.131037094174037,3.250293076309953,2.1356932977824385,29.205623441718952,-8.377952215744012
13.485585812844107,3.5405662279685246,7.337925445149963,13.000598854676959,-12.393394464107551,-0.940243404494472,1.3477109222821693,7.444914144249192,29.289484707615838,6.38387457521919
4.3076039430780515,5.449100194212871,9.46326196862536,7.239827481606815,-12.624064084587499,5.489840636108379,6.678080452782166,13.591898570342623,31.9941690000301,6.0162126996271255
7.62212745105596,10.479406703689733,10.327212858684982,-0.9216588565212944,-10.669073933826052,2.5544959389237016,15.523012488245136,26.989040142842235,16.212460213269893,-12.451159339945088
-0.4808866119363194,17.22115094586526,4.954247713413529,-7.443253472008856,-6.18849685244585,-4.496036311600974,14.647942440902382,25.320718447294784,-21.687357009222836,-3.9428993338165035
18.80833144331881,13.662157665187522,-4.7455125434955105,-6.657831947699014,-1.3642997314233598,-5.803145904844249,9.846053989797129,14.740101072483574,-22.98389530381206,14.505418298669285
30.97323798094153,-6.623458966336309,-5.848418257731658,-3.340482707607662,0.01804408636854231,-4.193086108604789,8.110481379554628,9.514212815312417,-19.442724272099316,0.36452008029027716
21.386536351849156,7.227994236948239,0.8436251483618444,-1.477445940599568,2.2198116307836857,-1.2154548147496034,8.709863751486083,3.794779890689637,-21.921722691755203,-19.587472488760252
-15.567201917260457,11.670889193622331,1.4751788741557972,0.7987582828539962,4.041550383595265,2.154506878241378,10.03214169823644,-4.554779462360813,-18.443266646629002,-20.177516466984255
-24.167280372501413,-7.170008906438274,4.900359773695938,3.8663422332192825,5.930569801849099,6.1161032006251705,8.769507452480525,-10.423723672466695,-6.930724866108504,-8.266503521902774
-18.795245754213045,-10.598333900395664,-6.843982618205949,4.337488015910543,9.343673921210208,7.984100115633204,3.6804239211672507,-11.021660530034783,2.2817571790318696,-4.497130648219477
-13.210520921726731,-3.7591786402802674,-11.107569498147125,-2.701612827528132,11.4844614846039,9.4898579713468,-3.19277300599319,-8.698865129992585,6.532180056153576,-3.7907551254990626
-9.092062810279685,2.0256058787968065,-8.995874944819901,-6.3013830208735495,8.19493440778968,9.993878046487835,-9.381465696779816,-5.553893394679151,7.098935587293998,-2.964743899170717
-6.251493696548773,5.483040156804774,-6.142049243594447,-4.96587737519166,4.836525820729513,9.885903888381208,-11.705213829937707,-1.6569013140105837,7.378175940031721,-2.533958367183622
-3.9958785542901785,7.926954522427713,-3.34690588697664,-2.229957172583854,3.9638450532396323,9.736110968883505,-11.238933599214993,1.2888500002819194,8.933936768405994,-2.3872125097579047
-1.5562244133966434,9.289125723113738,-0.44747382432789456,0.44071206608154334,5.358531102182739,9.16723957570619,-9.711088017863284,2.8097958924008615,11.228298865741454,-2.914649611224614
0.6603569924619346,10.838442817717487,2.328959585660044,2.123739054315829,7.413523590186081,7.387247516035675,-8.477788380520762,2.895042536873715,13.539879266781716,-3.039017094181071
2.865270463192895,12.868135317668598,4.904008008302048,3.0726221981550634,9.36282412648022,4.309854355397038,-8.11725261136202,1.1948033960072262,15.630140266967855,-1.1014740286438855
4.547035025255881,14.904909683930896,6.5131640032924825,4.015111467810962,10.300242036147901,0.5620357155915376,-6.7192744760079135,-1.9335584158472214,16.529442708654642,4.0661832249246235
6.179782842575894,15.555928963451398,7.026779684043624,3.978868370106678,10.028975151357619,-2.211131932101219,-4.039599520526247,-4.4829437142716095,15.238791606787899,12.864660504737698
8.56322118476704,12.718138950790614,6.268160074697528,4.077610629674543,9.780846752085903,-3.0163267823575435,-0.0012205443131676763,-3.817438509154641,12.17589208845111,22.461779663937183
7.6335357905800825,5.420323621399951,5.926311642750099,5.9554073872880675,9.119113291515415,-2.222859263074788,3.6566192349308793,-0.6178365679446001,10.425725381381405,29.14830206276345
-3.365297103330769,3.7182497698070596,8.426157307527255,9.32167337517686,7.452598701601844,-1.3207287161380536,5.954962857640938,4.66359685810892,14.206065242040674,29.88753989408904
-14.010975729599808,9.660950370549042,17.024358764764266,9.374690701176373,2.49887024381126,-0.17271742576431726,7.681845488537011,12.84654456164771,22.354668245309597,13.626894303741945
-9.41062541787502,-3.4884712799869093,23.31737731020463,5.984538247216594,-2.3058329572070932,1.6107904971759237,9.849949730804967,22.101757258406035,12.406057112426238,-15.781401181915594
-2.3523406897590324,-9.211857112957173,19.63175169389125,10.282776449539467,-8.162119697336832,2.541580316736054,14.34679920420498,19.228701059809634,-17.27400421786531,-10.22841832506379
-0.2433359665001235,-8.870611112288817,14.529150405692475,10.485826351048038,-13.681282949996934,1.2168634181576352,18.054035071595134,0.34864477962823354,-23.912370585498937,5.588911751354529
3.6939921959385673,-5.051208602811046,13.425737907982075,6.576230205228983,-17.438310780815247,-4.409134694261318,19.058892200899972,-15.066149546323903,-13.24853869237546,-2.7143780013325154
5.087593950167874,0.8004199065506871,14.765480795495858,-2.606183011829242,-16.731050647121034,-16.519709558260672,17.331139102723313,-6.496470258236696,4.283245264767548,-3.892228700990091
6.944449066996356,7.840363926517095,12.835771213234699,-10.508434522552525,-1.2425120533684453,-23.501742529800886,4.443254998196804,10.088779443294168,5.0972710789685225,-0.9856699108894301
8.343348571903906,12.830900611059906,4.6548407941256515,-9.449505480055894,15.802267734008982,-15.463875940393566,1.8338393846910899,14.067955825264857,5.123318434916516,-0.40272366332942494
10.107431618066524,14.153412617305001,-5.25855036860717,-7.152774260813324,20.646852906861884,-1.8278519474542367,5.011587442388836,17.402764354579325,4.227758812614874,0.06755550468997547
11.614664306903046,9.552859777788253,-14.021669719722036,-8.18197978541963,15.658104797990925,12.70857435205637,6.720974266114834,17.704664744113398,1.2391837261809138,1.0869974147103916
13.751898122645056,-0.04775121381142644,-16.503227472733833,-9.271918864238744,1.98913668990052,21.76947818126817,13.413360712020165,9.761030567050364,-2.0208527743039504,2.814624376892082
14.320588709976073,-9.563718844286239,-8.071084356531442,-7.152947803475941,-10.012083302697508,16.43956842475363,20.61175403383638,-8.039110463831305,0.09964029673666407,3.534451946570873
10.044049113983252,-12.257502749427914,4.820282980072334,-4.817334277845627,-10.917601259766249,2.740413773510031,21.615072248055444,-10.157057119561314,9.936759789640123,11.13680068200538
-5.5394404062249025,-10.347764103731173,9.753903154910079,-1.2575807346808299,-7.018724612578172,-6.416097315198727,21.045447189154448,7.550900059413693,12.209552111690872,15.10469162074637
-12.43396437100966,-7.867879636294602,6.598954235900206,1.7505456201171505,-4.88565429110109,-9.196817065709688,12.513332454526253,25.423687222329868,6.3496906921374014,2.815939878459488
-10.082848979376463,-7.9161133570034306,2.6803300882590038,4.6259718699006,-4.773684771493797,-7.322032738635023,0.025748463200492372,29.31763732798594,0.7379251925585688,0.3154977411115884
-7.185987718853184,-6.354842185984741,-0.33451525259312664,6.2952569340543185,-4.238111741629338,-3.004151944164488,-6.554002394294054,28.267996915151308,6.960018739673108,-4.275153604580559
0.6302162054322148,-5.0601132080755225,-1.8747942618453322,7.7789990610704045,-2.0193945011609253,1.494775322684347,-5.453772854802062,26.179096262159508,5.131361528460968,-12.808731691759515
4.8462188673829,-0.7574322169907511,-0.5913034812041689,9.304131189576665,1.7741439360682107,3.3514906293594104,-0.004307153371475914,27.04396331645126,-5.808710767146214,-10.175772735441491
4.934238517393871,2.075583552719927,1.739726710698756,10.850532579482413,5.01520993554028,3.8713878838422464,6.11336052215369,25.44063195685377,-12.900988516265341,3.254190006513074
12.577102487836937,1.3041378338287966,3.926805482913245,12.881029327675126,7.540152822357426,4.943283332851261,11.181459140865607,18.97333060868843,-9.85946296825153,13.119990037185595
18.605086251868,-4.424454997617056,6.043447680622346,16.82295152972439,9.131693822870714,5.929739184342517,14.361563923420514,11.598272788948561,-6.172833231417071,14.229590088836533
18.810462325418342,-8.482269816815954,7.46049290191703,23.333657109996572,9.627701843885811,5.225185789653066,15.25777625612741,5.077002035463067,-4.520954427307754,13.049675406830108
16.20787160535667,-11.14675184889961,4.351397831881916,29.951391682539477,7.643795846962506,1.9318394064959428,15.27128236812135,1.435001054346358,-2.8626232685412742,11.571745355617573
10.456235084312432,-16.34222434139095,-5.508770269569784,30.15842128461076,9.386615545744856,-1.8310207636901457,16.66659169085104,1.8262810693497586,-0.9772877520325973,11.964720557005291
0.6983924969892062,-20.423011186637066,-17.954971089447184,9.635502479970826,19.673476842690647,-2.0784729791659737,19.476657596709753,6.149348307998077,-0.15603553861090189,13.006004678592623
-8.543825527229215,-11.052531619247661,-13.92762115906366,-18.68314934614844,9.214874794916799,21.24602682551395,14.784960919378419,0.3965068409681683,0.777673845509417,14.404817207369918
-9.574235041891853,4.243920377791884,-9.752205729960261,-14.843739625365453,-18.877472757586084,12.148107468138331,16.157437458278718,-10.723938318809742,2.530388050298366,15.326016458905938
-2.3718848575812492,13.897650530145418,-7.0092190748277,0.5471905764453717,-20.173514595636963,-11.022611353353625,16.082709356496128,-4.185880398289118,4.721436516656442,17.15229954271955
6.438247042135918,12.523940870324187,-2.244229857651243,10.370187457824459,-20.249810990011987,-11.988234976588675,2.4060603649857546,7.195284895197082,8.121698710952003,18.074547464756137
5.485772319184691,7.401491015299113,2.026027376206822,12.020846669379463,-19.65111473504629,3.8195958166617996,-1.6692659815952653,7.624042584334772,17.26004065291317,18.70983569371867
-3.604209436020801,8.3014031052208,7.418767028193984,8.30949541098716,-14.382919387424813,11.289988677259256,11.58207958173381,11.500239853373348,23.38807653813757,11.16724128498599
-3.594013534494231,7.735264898937167,12.336876646523619,-0.6307146779120277,-11.5851750948426,3.512875219155078,24.67550658180749,22.192210409068643,8.15608449613233,-6.1789899289414985
-2.359051864134483,6.7341986249794505,13.055308870117912,-8.88648027691867,-4.62500633128688,-7.621682371529147,22.105901201067507,17.24904310709162,-19.607450535241874,4.781680616705155
15.607612278418097,7.469826744724222,8.819888480442279,-10.000633501176907,6.674088423158386,-3.3625404650914468,19.28581075893685,4.157350628137172,-21.856590909289853,11.997498166830141
19.584550158914574,11.435465768773373,-1.658188361358363,-7.581540699675293,8.617164460113475,10.030810495287515,17.021273417813156,-15.06988543711289,-12.568571672249607,-9.782380003627715
11.502295656163575,16.161981758109896,-13.654735903583667,-1.408247932940353,5.151065448363389,16.379003589061753,-0.024546575426871414,-19.844561512820245,9.52650022384798,-8.095252724662334
12.928919237219125,7.98906747731871,-16.705363833312333,4.964876419595285,10.819836472182502,12.95421162598607,-16.933949043682798,-13.657392895690142,3.9253470052947557,6.743995256652034
14.997877642350328,-6.758360708636477,-13.649047681429824,-3.579752340665832,14.579911697965521,-0.3927748809724424,-21.07477078667371,-2.9664048531714773,-4.8734979163092955,6.860223718982298
14.547129881559025,-13.50913672722229,1.6152611316472016,-9.481129034871827,15.439338656848093,-5.853043381329842,-15.216867179711684,0.16406805951267747,-3.86749226988842,4.618684896039024
14.012598768968347,-7.656625991961788,13.517942825333177,5.356518772487987,18.043135086562412,-10.320608337704886,-6.134909886729481,-0.21466469220278073,-1.7727486566938377,4.348312556417005
14.52751975218109,1.2052590592421462,15.526526875345477,17.151970212787965,0.9718554068212173,-15.05483685557023,2.8928942824447796,1.8045300482850026,0.4044571881510748,5.658518863924157
17.40102079050164,10.251536537097236,15.367364454341333,6.521162229494201,-15.642788871303633,-7.32558808687882,-1.6103535236448112,4.305437814169321,3.267247374019299,8.277918532462213
21.82429467946548,11.137340172128779,4.074199711205816,-6.100336318055395,-12.700641319418636,-3.4168217813397184,-4.1594986575696415,4.536950226945304,8.14487639925348,13.946386736427993
14.50579944389846,-5.3910613117234645,1.1042074371304762,-4.407702778744088,-9.648325932747415,-1.7931284340869715,-4.177969235364112,3.5462416557287746,14.331865269995182,24.049371960816824
-14.185233277621553,-4.0815371417180915,4.32225019043993,-2.143357056520412,-6.357125359750647,0.05449061267572462,-2.291106901638183,2.22762195666883,19.412673740104363,22.187749977672986
-22.54843106265184,3.09161183530636,7.9530539412076,-2.011205704884404,-3.7896027304504276,1.7422037716709642,-0.0096377244205621,3.1537326347417216,21.818879206239817,-0.9237006701979107
-3.7126520617555645,-9.174979090642347,8.108149476052864,0.5429049394183197,-1.1458801616257375,3.419416385360758,2.8513134879408306,6.03102299304193,19.508527375620236,-19.97241393724095
17.327574759776667,5.882436401582276,9.497119906000924,3.943719972070469,0.5284066957596629,5.2309201162395444,6.415705020548667,10.02309529775816,10.66804158832538,-16.82280425574828
11.17568418861526,23.617527967374397,0.928719643280977,2.0733942416705267,2.2268883758304083,7.281302967158338,11.210991683515363,10.990090299904944,-0.40638378794311014,-12.591978349572356
-3.4410087456329936,26.463667397651005,2.3155580698819667,3.8376639081560713,5.539203581713884,10.76785298737612,14.23835799336338,3.3751409412627154,-7.817637844876139,-8.70137514265022
-11.188940509820114,20.311060747035985,16.12275098451267,-1.6725218339637158,7.7106136508117675,15.63436981887096,9.447502590491004,-6.905742455054375,-3.797713741224299,-4.473893838824223
-11.141831159502141,8.596737702768682,22.40862345925583,-5.0898633791777765,9.484836526452522,20.04956832779785,-4.026371898568455,-7.683504366165388,1.0942517210845895,-2.263554525749742
-8.890658298370965,-2.0481632316956877,24.277847295896457,6.276787208805734,10.964434926796521,15.696401907480574,-14.40663551818047,3.2657155967519413,2.0155195952326475,-0.4897479571913183
-5.822482115445308,-8.591810878154941,18.14470918353867,23.00733484228701,3.3530862585550887,5.640617322695008,-12.692021901999631,8.69719134366561,8.524836661333852,-2.415276267914061
0.8657148829995727,-8.7104521174591,5.530555658469067,28.889963186333627,-1.1678527268602252,8.77389643395138,-7.305595588225001,8.185111729373139,12.46715025409806,-6.088972627097568
8.853717002694848,-4.537238909370814,-1.0723213687102553,30.328877192914923,9.71679319099405,3.662745540047081,-2.926180648028787,8.5597984670598,13.083469223874124,-5.91729771691137
13.569862358637602,-1.1601860386251721,-1.2774624639037335,29.75892141350198,7.480231746312529,-10.561013299230515,-0.8210987365719464,8.517301984149253,13.535177933633577,-1.897856649564928
13.918828160697183,-0.2704650125695408,0.2505318426490716,30.24993006382855,-6.598815648465792,-8.473967448027551,-3.3224105426179826,8.244285898619705,15.82191651533206,4.051767934144732
8.492983221294834,-1.8066808791318405,1.234022463766301,30.47200277524581,-5.913108851364894,7.584235802852106,-1.6891199099563943,6.7813331123311755,20.63479536588047,9.846949072159383
-1.3402793631368417,-1.3878068498217933,0.40472122550610706,30.83238622864509,8.8036168095648,7.031432629752462,3.006511310037758,9.270677483115024,24.584792848194404,6.345170240061837
1.3917170156303489,0.9105486609447864,2.1575010097035494,31.807338424346835,9.300542262579157,-6.051639657562673,4.630303928128621,15.492939702813375,21.882873698292432,-8.006254012053201
9.926835567796248,8.741710478609571,8.359220515759027,31.076103682927346,-8.421259179118909,-4.711324814022837,-0.18718452957257942,20.4132254394135,8.4641105376998,-15.083753526352965
1.4371216471141923,20.659437539341,20.917190711994518,8.446602225066709,-18.016670360272407,10.488773264025948,9.604613862287835,19.780446037545694,-7.095470967993935,-12.684226624419454
-5.669909036165621,16.76585717355731,16.708789793075994,-23.8271620565509,-5.459212172256749,-4.495966321966024,18.45160341602534,5.704729801159272,-19.093614379871692,1.7117983955225275
4.55656501278713,16.901344494199304,-3.0300792278207775,-26.259809648303143,7.034371963644086,8.330409352935137,18.063895056972996,-8.864841748274443,-16.018986641112175,3.7390901067732476
6.087986620309024,13.948853750035214,-21.201760649612968,-8.700632629975445,-12.965112353621889,5.827536200860564,12.93491593032064,-20.340063245397854,-0.5662551227727687,-3.3601572001550974
7.152171974929257,8.17695479447627,-18.948843549506076,17.072416554075797,-3.9376373203759543,2.703843239184513,13.035130686305141,-14.91151925547037,12.485046342847964,7.1848518397249554
1.881015694832576,2.0162431014070537,-13.107380111374402,17.231601738259727,15.850665901250178,2.5233144300439414,11.812553287160581,-5.738089415212,13.664248617926303,19.022116245816193
-6.007493064055655,7.350372524549055,-7.761059764618941,9.12480747942499,25.321118068610023,2.91398746582178,10.823944604186838,3.090116498531501,14.402042673472062,19.485294720689055
-7.084738786864692,14.984404310142626,3.065791481827122,8.439680391364384,29.30664295982221,6.239173129337688,7.299028520788941,9.94332872276453,17.351433700890716,9.787841557586425
-5.04225682648955,13.901697893352354,18.318655439337974,16.759427055952962,24.75408327305961,-0.3356583675278713,5.6314015931714225,15.277903071405573,16.22101589206685,-5.063891667932781
-3.6069775306492513,8.23961920437633,32.45760479179686,17.344784461555797,-4.239027569544624,-6.015033580750733,4.919811979619211,20.83196944042075,2.1623690084569622,-13.317683935826091
-5.747129425142136,-0.8293722057997291,35.432139853440056,-7.546649602837657,-10.069958950835513,-3.3145923869764515,0.2742137645540153,22.06300565573695,-9.227068532209495,-4.554730862605422
-3.7532249705576253,-6.905426458607768,35.820292178189625,1.2832758016968642,4.75607159047605,-2.1859790990469254,-1.3121634934621225,22.929443342174498,-3.397131116370039,7.636616828103184
-5.941347909004636,-10.400470137624028,29.71753949675601,15.129224130086504,-10.446876080947574,1.3940883545047944,-0.5009399815079493,23.53277132786685,8.778701620521563,4.88826036074447
-2.698866045710301,-14.312554808425608,18.49976240974478,11.905137654813846,-20.186553844616142,9.236038506332049,14.817483025851628,23.888851221873185,2.183802280169418,-5.2690117629962945
0.8135949951688428,-12.33763946214122,12.312404371785055,8.474212606690008,-21.95524985683659,-2.1973430390101303,26.163416123554807,8.776591751044444,-16.879196493284027,3.4472243037192536
4.507961546561293,-9.125015658898636,11.92498732024452,2.6474082190681196,-24.695062097223477,-17.80355564594951,13.370626681072238,1.940534607548967,-17.340884473734615,5.876159368830885
8.542362276727832,-3.859885669945554,15.560478665172342,-6.241173952238721,-18.617581427026124,-18.269293240040874,-10.164961074692636,3.731963288324866,-13.636970126989505,5.058123488580369
12.279545653265473,4.9215764368364345,16.173462821124595,-12.324302609307738,-0.4081671987167268,-12.877377179478861,-17.80440854152985,2.067238624264938,-8.163768646904357,2.78260300133259
15.000047735900312,13.194818400243928,5.599890628575418,-10.773018683489736,15.391003316932277,-11.15360668498355,-10.504107785977755,-0.1447153425356758,-4.948341206460546,0.679432689300182
16.21012876537696,12.478175180527376,-9.88042023127805,-9.182006371961336,19.653862259630202,-4.569033461295629,-0.7145754038706876,0.550724736862341,-2.713716846869355,-0.3632425412081529
17.29854520282814,1.9891568588251527,-17.464363639207786,-13.29739697211252,11.65131284217375,6.985045871939788,0.989169095770335,2.2459241520572975,-0.9922472740508699,0.20379813538102742
18.032166425036458,-9.370682734346694,-7.557474619288057,-16.003115921852583,-4.839764293118049,10.758517390402199,3.066979353420043,3.3651561601415243,1.2805035052210259,2.3270843695029044
16.5669700417378,-8.503421707941705,11.056614929083056,-13.2942550228318,-6.885890755123834,3.933245401444551,8.990848244584079,3.643069546396553,2.4839978215494485,5.504929972877029
15.471344200004902,0.44037962633526034,18.351563943898835,-9.460381904272559,2.270787946141483,3.248852759523686,11.325574955968303,5.512295526990478,3.734557923301655,9.089387663723597
16.490228324590802,7.044544726482997,14.553611346367319,-5.6439155519574244,8.008335935279849,10.653874628452417,12.99803832383206,6.000860448735911,5.103700878167536,12.509200665287256
18.116530925307263,5.189454666153436,8.384725686047261,-2.5299234191339504,9.052377541859503,19.063041075843874,10.820271352735887,2.443223037192106,7.250727477007262,17.83586645189468
10.97367611101399,-3.3895467091937452,8.81408308766809,2.856427701882899,10.468222190767628,23.56707388790862,2.5558997639344994,-0.39910704009617276,9.001493814554927,25.018578444724863
-6.602956447406713,-3.261797435202777,8.905176589263904,12.805216171322058,16.1451347793347,16.88317302106565,-8.593528090453194,2.7559095183078037,12.04537950252202,26.64527245584989
-18.812604843631245,5.545910762515067,13.815821083954319,21.35912545946925,13.079180591118991,-4.902003550457629,-10.36676438428884,-0.32676714336800844,17.565535834697545,14.559454841880193
-21.276421050490438,-3.806936170961284,20.321382994837606,19.262356310368887,-13.54741538097002,-3.1601422640356676,-6.198235423559613,-7.436523993207019,15.66196216411351,2.5480628172642863
-16.13723624592678,-15.467873853429879,2.906204264900091,15.29345440270563,-16.09906826170466,16.177874511652124,-0.10968128292460888,-7.083680866401997,15.989969723839774,-4.23298518245907
-4.294026316246132,-13.0879086861509,-13.72402034466035,12.060670954663802,6.041746565667801,21.201743886282408,1.2001322534479384,-5.117359331231847,19.404870896221247,-5.618640549827279
2.5676304271193247,-10.463706576195927,-13.662495540160048,-4.242395154650009,15.038056777443506,16.097011875748528,-12.51081469631018,-3.429046857236909,20.051424305925963,0.45874680137988527
-1.4740230374778052,-9.108951477731143,-5.955312985505798,-12.23982353193363,5.4799043121409134,13.367652770628538,-20.587042644707314,-5.076418375770835,16.418742219520386,7.455381819416351
-7.789482511599948,-3.7537260757906914,-1.0949549701609684,-11.11823468503682,-2.342909868339969,13.953959407661642,-21.25528325622755,-2.840835667664143,10.992639909935717,8.94626223952535
-10.077173605013089,1.7163136948939972,1.0370653286049416,-8.615237324454863,-7.653561439654699,17.257839201443478,-14.154677079223367,3.2637447991353845,12.46971748206602,5.345146370251258
-8.238609213482832,3.4611997325024006,2.992228826638221,-7.697614698175542,-11.616889736750824,17.538863570082853,1.9380129542442845,6.437468732868689,15.308790736098521,-3.0459383638002704
-2.3737786074831058,2.3061305608320914,4.613612392743599,-8.110650427465416,-12.690116040337598,7.825745229426186,16.280985875309977,8.450585139300077,10.38535430685775,-9.323532403001852
0.30898571072929115,4.030557376064653,5.226477004706244,-9.252135328067581,-8.037309858438146,-5.115640430196588,18.57769576504207,12.796757182197279,-3.513511289702028,-9.337578293261897
-0.9425214958442508,5.5887524239655555,4.885088217588534,-9.033180652512172,-0.2295150128815403,-8.205014287566025,13.072587650339308,12.83870829410446,-14.753816347374542,0.11335625698053609
6.751111850211748,6.690506388951253,3.2315540134822003,-7.324370328719805,6.071816678960903,-2.7278881504831753,12.021707012404693,8.316517753177825,-15.962640274176362,8.59166353245643
16.364904347693802,4.635319351744561,-0.00794394196482992,-4.971834071556137,8.023743695285447,5.901824672894965,12.571323995115364,-0.20654459806409,-13.872170674881318,4.687894384340252
17.032558224393043,5.919563195903805,-2.9572375989889386,-2.8712267491099244,7.2640774014079454,13.180651671765633,7.761414320957766,-9.458735303540907,-7.927710887063943,-6.047146579311427
13.470321461845558,9.817987968105074,-7.491208692131425,-0.5223392835393741,7.015036612490045,15.684463804885336,-3.401319323142181,-9.2546632035604,-0.5786434097555406,-8.700426316170851
11.307197801804683,10.063522964896128,-10.865743513943334,2.5019148256094708,10.039756147595574,13.00100982042486,-11.47084388954804,-1.8169028296089984,1.651619432028441,-5.689824687147381
11.607183902021973,7.335473278881668,-12.1541080367205,2.3132373606024066,14.170367322418757,5.233368072835446,-13.72814812720726,4.623929894131096,4.526683464554837,-2.287501379419405
12.778339628386794,1.528547756141564,-12.161735124079723,-2.3958188059328958,15.804958905497593,-2.9853617920631734,-11.210186572225805,2.499857415151076,8.83621299714015,2.590162378693717
9.808308569037534,-6.219988235909617,-7.2964062303152275,-9.209017331503793,15.336689744850656,-2.787595019757513,-5.824015533853661,-1.2587475683129108,10.4363727937223,10.266920427365514
-0.757465586397321,-8.008468751466287,0.8491458197607045,-9.865281852123067,14.971436568013864,3.343351749096309,-3.762338466893245,-1.5844435280233449,10.42912677821428,15.123946264890634
-10.442673108528169,-2.2619101825125245,3.6435661332645917,-4.978035446745418,15.207888346829042,7.372561233717586,-6.451236232093938,-0.8724246196849792,10.77030809790306,13.81984106236328
-13.680864316737685,3.8255529284824683,6.316503759336536,0.49090436359090656,15.92604162047134,4.327060252512331,-9.004321028283153,-0.6900895688839628,11.778930906540218,8.607570007298335
-13.266063022505763,3.4096582897620507,11.41672946735179,7.735999981739004,15.209252779817492,-3.8636155121897047,-7.145057026848571,-3.3556400087587126,11.914494816726945,2.9379395563983466
-11.262184348126782,-1.8155944076071382,13.710835726483339,15.51592112653353,4.320052531519673,-9.41462122068756,0.2739196203311456,-4.27680565128051,12.373120074960427,0.2692420451570168
-7.6084544037160855,-6.19204226135603,9.846983582619812,17.15534513223688,-10.353506300229594,-4.379785122628776,2.1806982167588966,-0.11741902961566725,13.889776118373778,-2.7360085098193156
-1.1321908660735025,-6.449827920202965,4.21902426251801,16.4915196483611,-12.483149787303102,6.4136083907471395,4.9730523629858485,3.4076954505756465,14.56898942198618,-5.186028215198604
5.385658013114724,-3.243759876674965,2.3047513788652814,16.841951796485013,-4.609755399732765,11.401003042663348,13.184625256265655,6.8829977941784914,11.962439436479862,-4.908667070864598
9.260593871457177,1.449694315621716,3.381293667091116,18.314239919447196,5.789507362702045,13.181802283459005,18.480837104886778,5.855634141616238,6.361758483960328,-2.3080565469718346
10.93285341225931,5.999893704736674,6.906272818481869,21.24896771344369,14.935715529441534,12.702586397334384,14.541607040575926,0.833172114938123,4.934131593072259,1.2390677182192993
12.941756644763947,11.410399853147934,13.781757696399715,25.842460031888574,14.584012324676527,3.9009165311630314,8.622191654514063,0.6480748992301029,6.918815079481624,6.606486002400202
17.767108062176913,19.277690908360384,21.486251693252477,17.3580545344492,-3.657473370472151,0.7473112929478418,9.860121111391239,5.60302030890251,8.636682575799737,12.762685575465902
27.695918415062877,17.808538405403297,4.291913207206069,-2.4696250917216482,-6.8587414798289945,0.664367839647628,12.17586716840729,11.978034511420036,12.753033781427295,21.000774573360758
8.95424409326238,-9.05547323516729,0.39798069478112197,-0.4584128040260675,-4.706392757721374,-1.5480900194296103,12.570713928755577,24.654157613364006,24.827589683899863,24.428157935763775
0.000984051397778074,-8.279347110588887,1.3685722453026514,1.9700940353470748,-2.459606097152409,-1.4374228098502364,11.074913487772216,40.83710696074553,10.620658850540279,-15.708599627704006
3.5442182873356054,-4.563714198910879,3.0340082189560267,3.995537980039938,-0.7771973675517189,-0.19716951068458022,10.682165384630348,34.539443153417196,-25.732183495163664,8.740398212382184
16.189685404411442,-12.582466393068607,7.131906836057157,7.6165840865050045,-0.18323153481846532,1.8438819626574274,13.14937144780372,23.851495535130923,-9.462867204531529,27.882730464028384
-5.924377188241877,-17.2185636738961,4.8172033743128715,15.727062543216723,-1.044312165160136,3.5531678849176953,17.532182174313235,22.65182642814138,7.564649565617079,27.12964640743202
-21.067123244257182,1.844652220463196,-5.512473392418287,16.292999942854923,6.568729081853522,5.815950864747438,24.02233755268775,28.29743093790625,5.147217030803064,8.671617747189586
-10.33247154021232,12.02177033250083,9.117547889687058,17.161670414138253,15.015233548901117,13.710952242697346,28.49772200622204,9.797112615147647,-11.085842081406357,17.007418161797215
12.955225506233282,14.811433775322373,21.83310593805833,21.107337074534247,16.396757098322574,16.761812061937015,10.347628875471335,-17.166484923691165,-9.322044079257845,14.73187500364747
22.290964998934882,33.131863189289014,19.51832334062227,11.271021378665727,7.767586683663074,7.219299583828389,-5.762728046193227,-15.154168623758197,-11.9922487533334,-4.359044504782152
-4.7603410852894,45.064465817677515,3.8496112077146702,-2.6326224257465727,7.805069819485089,5.238647481239506,-9.061728114550101,-6.584347487390779,-7.805924813748541,-13.196114194355708
-25.144880343435926,23.992905671315842,21.656642543474177,-15.395849373593462,13.36973149963354,6.717921871542976,-9.819647415975124,1.2446589723550945,-5.240922453959844,-6.40372418498413
-24.47572589121744,-9.293919731539328,25.03088942007384,4.14145997503936,22.865805548377846,6.382555631891302,-13.397031580848958,9.531720270568636,-0.22894191392025623,0.7115762328354721
-20.549453344640874,-18.688279609321455,-10.307737570830499,22.69321854694659,10.446074372887809,-16.189392910867568,-9.517309457137365,5.870054833367963,7.039940670848968,-3.4274024054723062
-11.634561658423252,-4.565398003489299,-25.515612440124226,1.3714000410791944,11.335783105802271,-22.040859646369235,1.0493055930854323,1.0991926427221952,9.082770944790004,-8.44194394816443
-5.2983167590250755,3.4776431308667317,-23.040314386384864,-10.635716602370982,10.576332070215642,-12.338765332791779,9.011195665486492,10.408599818873206,5.663232745340153,-11.439170685915032
-6.01945584874163,7.935178927974882,-21.72101242755748,-9.854636979217071,3.7812849662672177,-2.304703702496392,8.848587534236781,14.935995690106228,-5.818996497375422,-8.688012467365159
-5.980379059012057,15.278362595679162,-16.810292019937613,2.1945576891418135,1.1544265974114436,0.5558581197957657,10.04824406076166,11.739195767005631,-11.889518525990194,3.403541419219279
7.657017129954604,16.60519829335558,-7.4926655352845986,12.021588073564429,7.855085832672954,3.0226751368515625,12.01894622640769,5.773576214777002,-10.986402484018654,10.322347218165365
19.14333871915595,7.492923928317585,-5.488523364126829,13.289805948836948,16.017749839184578,4.294074734285055,11.519194205964427,-0.7708718256983442,-8.592032555375788,6.059882410019018
21.787257574241156,0.9292819112713269,-4.89686911425439,10.720558420431525,22.69582363096375,3.6475055225552095,8.269881790400088,-4.352727755882116,-5.310675427179041,-0.4070153581272361
22.47189335387584,0.80352479159735,-3.096613867754343,7.394045964218601,26.701145223176226,2.7633629370812387,5.131548603682332,-4.386792474440244,-1.3419093740104397,-2.631615503842761
23.18907923542798,1.9064551100792824,-2.1067331026494154,5.92817748537289,28.855872294594555,1.4086104733043803,3.7217775405078863,-2.719620940485981,1.8642695928397424,0.016386633423695243
23.492485568199058,-1.237388203318923,-0.6474019737157167,5.411321890721851,30.05874791883649,0.479691615211616,4.125221281549875,-0.05534051863418088,3.97901683911575,5.618191483607643
20.32779467655271,-7.263938096988046,4.2867763183797285,10.209193876783363,30.202340841064373,-0.8697721224377766,5.535251242194413,3.060915474808386,5.990694859654768,12.198236337260997
8.608913617308549,-11.423648685072518,5.265493971830703,21.74826756335021,21.740088816535717,-9.198774093302921,11.606594685246671,9.88884653636009,9.602098008224933,16.81813201481278
-5.036176808187607,-9.289191754966897,-5.563184431957812,23.79072616479745,7.964905835505705,-14.54976974688348,10.14144196616851,25.693221511814443,11.804752056577241,8.417210976154328
-3.249402769057372,-4.303051008932166,-11.685305540197191,19.50502692369235,3.0630694787823067,-16.1598642600781,-6.824594827260152,29.24814236477099,9.677261005948967,-8.152355677116779
7.741166964607505,-1.5889332544519468,-12.152616494438096,17.319830686401556,0.9993348598775784,-16.800989487343056,-20.10351607650088,9.576044248741056,12.38577890539781,-15.612654367215905
16.277534949952607,-0.5197757778092801,-9.868137220711432,18.089090272130566,-1.1691504527039238,-14.094057810250188,-14.465161778893837,-15.413164712678325,11.46257035280532,-2.363954100346814
14.844346328223,-9.46898683403554,-7.999170625407465,18.23047270300154,-1.822656408241752,-9.210800504498465,-2.247385659955049,-20.376264696379366,0.18766869144896844,9.800061671237623
11.18216014826829,-17.602485068599854,-7.853901545463486,14.030221296566317,0.5496997614614335,-6.155182142453575,6.550181944446325,-16.90075647677438,-3.6682507894582597,7.010126878750113
7.385692215843759,-21.056622225410244,-6.7006953379972805,7.358252386184124,3.6603380022553016,-3.7530929141708826,12.346836252212368,-12.352677237136357,0.8317627806676323,6.273315600118788
-1.0022068905364558,-20.479420327327357,-5.110778485847592,1.4875521832246767,6.347253351132892,0.8691716430608661,15.090308930043832,-6.294062189186369,5.4225560196551,9.873070143510137
-11.188525160690912,-12.37440227432922,-7.25514072761854,-3.5222487397366704,7.1428962621907175,8.043302928280806,13.996591415006693,-2.1110285272655247,8.15511604601823,10.322852625806513
-15.252135959061166,1.1947735318207124,-6.983471458508091,-5.724786862061294,3.830098547939777,14.759917447862792,10.94116817657614,-2.0511140938630685,10.08353887942933,6.4899972188896085
-13.454148454598641,9.264527415878423,-1.8149931061347524,-2.806703493661089,0.8467839620794271,17.396007262670707,9.125047679144544,-2.4535207751229358,12.07510078846917,1.5790045177500938
-10.896806456646326,9.308266241161624,5.229199211993756,-1.48317780630766,1.3107098333029557,19.176902500690353,7.525998855913952,-2.401115442748689,14.61205284428281,-3.1547608268874714
-6.140735303268465,5.930125996614865,9.586284545191022,-1.5599453667887047,2.4662287564975953,20.842930013160313,5.225496165525647,-1.6835027548255115,16.918640445942202,-5.84524419040179
-0.20041788561914992,4.7620375578175915,11.67430900396803,-0.3447314434796789,3.712147328807491,22.492528553020758,2.89129877846678,-0.35889690255560946,18.4535196178913,-5.7031948237117875
4.037265630560684,8.167517366642276,12.489279881352378,0.5924056352038757,5.516162557440426,23.5360804861948,-0.16457164200435465,1.0946081178647515,19.38668573379076,-1.7020330727199238
5.506415927954291,12.460732149535593,11.332652406276942,0.11549817517183544,7.57716117359085,23.67856241146212,-2.8371238020793363,3.5360809490470655,20.796152473073562,3.0759187359083624
5.639885634729532,15.284198308589577,8.507070047548346,-0.9150512635065718,8.791605493016874,22.9308509956276,-4.860120478587985,5.367401496472571,23.84979696014495,5.8763812192747364
4.031118360442427,16.624927990987718,5.4388407922457995,-1.0533615506289256,9.523377785924342,21.77955340244576,-6.333973042181048,6.278193861451712,28.09731728004164,6.133689816921671
2.605398107825213,17.70255464279667,3.4249664472452106,-0.7576213982701959,10.33561480654109,19.59374253370937,-8.32792943290386,4.601879046435994,32.013177055491255,4.505341435391526
0.9693047895687402,18.573070426334947,3.556003682360297,0.2847120150925082,11.702907893270007,14.902148978902419,-13.802120462184917,-1.9976080108788417,33.73961742580826,6.260123560280289
-2.1758525250857943,20.352810202975235,6.335369383406095,0.3857837415894353,12.89946273965206,5.319163134267103,-21.22208499343785,-15.97993677563273,20.129697304200736,18.517595285584566
19.899934632428472,16.367348613757066,2.8389491176555897,0.45843308872786553,14.214102700911972,-6.9502594268919315,-16.86293745819197,-15.889213121689568,-16.593238729685286,16.91362216896534
18.66175992336752,14.119616513192517,-9.836569637126663,1.8751701939303542,15.040156094757709,-11.798682756724727,-1.225137439318764,-8.151989592539602,-19.769664513818686,-18.290396588497995
-14.082829837057243,15.262757241074398,-5.936955465166759,4.068647012515221,16.370628332762607,-6.938570191905616,12.129015381473057,-6.424621575108167,-6.549454275028149,-23.065327261714163
-18.932871262119757,-3.9827571484569235,3.045104671438177,6.832134912496456,17.01369857350661,3.5152676221100023,15.205486709702397,-3.422427450963172,4.00700558573762,-19.736946316476907
0.8569092036125957,-12.186664424226487,-3.5806152283078863,7.730575742718315,21.1176637058507,9.569428206235491,9.513306184081209,-1.036409222757095,9.34431625041553,-19.33802125771031
17.546737912502714,-3.279935540585973,-0.3398444657699406,5.541066274023366,25.702429498452133,8.838064627879865,-0.9235660845060445,0.8701400580068122,11.40858386500051,-11.038882285542563
21.10207629250457,3.8922403318267267,0.8043090668307425,7.9858262833343465,27.191786926582157,-2.5734042248894067,-3.0639276844938714,1.4712254499699462,12.58410701755184,2.1894679144912543
16.208657647033355,-2.090579367516884,1.7747463596295243,10.543578269117601,23.851166226099703,-10.402051054204836,7.459918102057569,5.231613112197909,14.691756561533666,15.28980018619949
0.16454740203891113,-6.053526885119652,2.113073639067116,15.396614161665864,16.635149836328946,-9.828567367423284,12.721170718450729,22.073055738238956,18.773173426616225,11.968656621571785
-0.18238404701593874,-3.550814181349516,-0.2815906156301985,17.199584143241673,8.998586850968012,-11.047401555284596,5.524207569475726,35.16147081798452,5.453265756528451,-7.68363795572314
2.455441628361462,-1.0210072131356167,-0.08068974868006222,18.289098207051893,0.10595105683888781,-12.691752709143485,-11.109246395628135,34.39531146209247,-0.4686308832887214,-4.098378950816621
7.566233202269682,2.618088270719653,2.2930813313792964,18.892128781260855,-6.606422195265208,-2.734255668397353,-22.62451156842273,17.989337047497575,17.790283130303717,-10.498207180895257
15.781975024698843,12.425577492544809,5.872116226767899,17.29788319314829,-3.836347691203885,10.890556726579867,-17.026528848518673,2.28132687289165,23.726429816641687,-4.306037531349021
14.310576262790036,14.298623078317943,7.053622748847156,13.321696891154337,2.7156909702846304,13.104106188195532,-14.79657021502123,-4.155888461222694,22.801523950018797,17.533940727814752
6.339010975403517,6.933904312585432,9.863990248048172,12.507115361155998,6.188244931993656,7.296558712854542,-17.778765911067538,-7.399062463510265,10.832384430719387,32.82950506726909
10.529415406730857,0.35367559213474337,12.549721849939944,14.607995173339063,2.7169975951565504,1.2042249874656759,-17.19266030264165,-3.903081597891053,-3.9229318610267137,34.773152413464544
11.764459472249332,-10.157001873566177,12.969081830260691,18.464122955856478,-4.111140093544048,4.569184530410558,-14.183064124431754,3.3125436152104553,-2.709570110373315,32.12459145488395
-11.345386141873075,-8.792576168985192,3.46132156959925,22.778290229118408,-1.869098777619471,13.300513835556641,-6.60186385344266,8.114112202912438,12.120246456504509,29.70614340328234
-25.077885317101195,7.658065336072567,9.611264059376893,23.93316807860597,9.923234685206248,7.646132695512107,-2.3204353739829187,8.542266149893367,22.435156567278078,3.2957741962016227
-5.053055614543155,-11.566882617482767,7.332406096949946,29.30562677657554,-0.13844715258293686,1.945683694603787,0.0745501774777437,9.152722156047016,18.27314376078251,-23.686950050883212
19.526405767676067,3.38875633880189,1.196789604777896,30.735516123705295,3.0644372628386765,2.804107977823964,3.251901156371545,11.26241549964322,6.715622576427547,-21.60910425604573
7.253746812396118,24.59205974897378,14.231414964267525,26.32457834456419,-0.9139081664570612,1.4112965478999102,5.960640099354589,12.324521442516483,-6.141692043139688,-17.769070520905068
-13.289542992773837,15.078020244748293,32.661550815675795,-10.824306085040787,-6.746807060115904,2.395630331925441,10.255498653252392,7.922721801599983,-15.087550047745264,-5.732880685186412
-9.458210332226988,-2.1896222947916013,32.56514854981952,-7.1634353067387355,15.800385285026563,11.051764906119386,9.976555150364947,-1.1869639827043619,-14.253782645821795,8.496877272691172
-2.8741241463897693,-6.636694927878753,28.540308442221736,25.176641271557624,8.150486374265311,9.960677613337243,-0.3554290922651255,-4.714124325548412,-13.078034523145778,11.212841512354817
3.20311522772615,-4.345830232001095,20.678771984980006,30.11855769680021,-10.303920168523202,15.672730802559592,1.5889208765461122,-2.1050702152259935,-12.457346473594248,10.366749657027908
9.037514288275913,1.137743501884234,19.300679603125797,24.194432274175156,-4.757367372600444,26.08352489874403,7.22510647049352,-9.599137425076957,-10.211382564294777,5.794776568591604
11.34962454443822,13.11378353934486,23.458245210678218,18.0541296622711,3.7913134663115424,26.46936490840989,-6.567378065045228,-9.278363565885998,-8.115449961568208,-2.039262020995121
7.426165768136514,27.95430224983749,23.510916613465252,-0.44748424335246245,5.637042684622897,22.357731503310298,-10.62523932137088,9.310246023821463,-5.5566034011947885,-3.5566411976752166
5.491000828823672,33.264457624644315,-0.6055931384132319,-14.66498640742534,1.0347907014110955,24.180004477133924,2.942808705863058,17.069516138586547,-1.687412236248298,-0.5777618935486659
8.91876013226392,29.08270105606286,-17.05350212968756,10.273236514861436,-3.6252908510141104,20.334490788851877,22.22086314804241,0.27140210236398865,-5.275159996982235,1.7442627113652784
12.665149537296324,22.784193806926815,-4.981525416658502,21.587433917078954,26.083573212217168,16.056411226535474,2.6465058687829615,-15.351733439221809,2.5900822739205913,2.9070804032323965
19.253126894941904,19.858348503344434,3.698694583051494,22.652319067483273,25.142068054160575,-16.788138709495183,6.633394852288801,-12.017296395421926,-0.1634957318706271,6.394432564563851
26.702837817198294,17.656052254418363,5.417101596069135,21.56016078306562,-0.8058942212723037,-18.206467053950384,22.009577859205447,9.374896138861743,2.2708552378381035,9.971171520289468
33.58587855824804,5.828383190270009,0.4464832775585196,19.11561761034557,-17.049840194156285,-10.788694420647072,2.0009072588413463,22.334320802509236,3.7895351064017215,12.638859963625801
20.140824789177948,-12.222644460972475,3.5495213405844597,19.19367204162204,-16.11398485567045,9.52702128174835,3.1566596624470713,22.613443250468197,23.236117359024185,17.743545566046336
2.85571811480993,-13.93443707580734,-3.268640665422293,19.974109214040904,-1.7856922582940975,14.39174543854368,28.186162342646174,30.37695047698812,13.981003800180316,-2.6621303792525195
6.361429032700993,-12.216609601954383,-9.063053676954697,13.168941873047261,21.10558086888987,24.653209531648326,31.119758547753964,-11.066126085546395,-13.29967009205935,-2.9908480581818058
9.783542116952203,-10.415271163959044,-5.518936125778301,-1.2560049168477339,31.769571840302287,14.123487546565586,-29.694904456499984,-12.247421163532698,-5.7828204119639866,-6.887649493488537
11.170163604189971,-3.963674609151113,2.0727736791189075,-2.2026947435804876,33.478900203049506,-23.59336128715887,-13.586316376095017,-6.0438182624337,-8.347284926700558,-10.683185112290541
8.870980060395233,5.840476409550219,4.0470635285821,4.9313393283311004,32.624786649060205,-6.39684216738701,25.818480553862653,1.1573404061025088,-2.830230098583548,-12.141790227089235
4.08727175555065,12.637758015820781,6.809069418559341,12.203225579288743,35.286285463633725,17.269314038558697,10.210027720241776,-7.204292813839541,1.423343275891715,-10.483586066485753
1.6274459374460548,16.765105266992684,19.99766107853697,25.183393324081777,25.886885436177728,-12.866653756467585,0.781860088128858,-6.321714827255869,6.263805484764669,-5.740427069424308
1.630420018928718,20.266838466674052,35.44960079890096,-1.9064978543435682,-14.107722909937179,-16.76361368838911,4.695874865517837,4.423191533730039,8.69705640341487,-2.5213265453860108
1.9712855419784998,23.954190452397803,11.373700368169644,-25.595689887314105,25.66242965832267,-4.526896432951703,3.820440029004025,7.989486797174928,8.708619899196169,-2.336661934078068
1.6090859059025284,24.487737380561434,-17.251264132678365,-19.513749002470213,7.235576152265722,25.6631683539168,-0.5375545411866661,10.043965113862034,8.44948763508668,-3.2408044154151976
0.26548838442720074,24.430083258710322,-20.09784404850743,13.601279448914212,0.6086855822360486,25.21342061800273,15.907907904361267,4.407817937875984,5.506083259568786,-3.970521753175759
-0.3634489802409021,25.029626305662614,6.223098324780998,20.685256676716225,30.134112654874603,14.234883164807854,-2.255456789419781,-2.803584313640465,7.037074304668348,-1.5157290657256346
1.3277621086569766,26.311192036261904,33.71984581475388,16.15033735426812,6.86221844494094,-13.168774388704215,0.20548640688203884,-1.8853182212295392,8.354177664970894,1.480589612698325
6.2376874271500995,31.58329450096786,20.918346033971883,-21.695142994389414,17.001564449008175,-6.597509865265476,4.708607297205161,2.627571771855059,9.757635666800518,4.882326670426628
14.582658462039788,24.682644476011443,-26.412420237382026,-15.31827749946082,7.067482868714549,19.312400181651874,2.3229194243517677,5.199964360670034,11.93808594771335,9.828206543958741
10.218225983824391,-9.399485601638514,-33.1815099611763,-0.49439945270644997,-0.5861211749444357,20.370440552735403,9.584104157835716,5.092103849589239,15.460714698125738,17.961733718421044
-11.815356999382885,-4.199944896170317,-26.545156669589222,-6.732613140865853,-12.984943958134004,14.874382109002509,20.478186371776633,5.390311676978551,17.36086807832039,13.28833830041766
-13.180721929519974,16.674880971332108,-14.06653664499212,16.452557174991462,-5.6147929284427285,3.311994242616793,29.507993926041475,15.604798191834211,7.1969792195327935,-1.0827614244682005
-9.99340310726623,16.999891457391122,16.43273298034752,16.9443417378208,-1.6523875069141183,4.227683169476911,32.52100685638533,5.460638619872513,-11.628551389156812,4.249245750959982
0.6064397774638035,14.907709151381404,26.047432595389047,-5.254941234343853,-4.978546496185111,-0.384119765721866,32.9865667002556,-11.469389948654293,-2.513206307656495,6.903705918580852
7.242220761933055,17.976832809528084,12.480051002718014,-17.83124333552085,9.469873291946357,8.166590229536178,32.74042671387982,-3.1629925908767995,8.851026850021393,11.043000193923833
12.136655322697102,11.447468128489554,-8.081308501703727,-14.987554590936611,-2.926144694879018,22.731076922049507,23.152812572861787,-10.366030224564971,13.28280718035267,21.541056122350412
0.17425132994857725,-1.3639355422546082,-9.6171780123589,-5.292840016494603,-14.643350412735577,7.802819767579861,21.785032278892718,-12.241554340079754,10.18168846103178,34.74782222256742
-4.260971111848612,10.692158635501329,-5.9248127801866035,3.5767031953095074,-13.148646355639958,-7.116029220475637,22.01137879880285,-0.7410495735963256,6.620913350871465,36.14893449298677
2.691938515290523,11.516220524284234,0.5058837993926765,8.843543217333586,-13.133237447226088,-11.421286440795233,12.14069842703962,18.154167809557027,15.743757417032235,32.10704539964674
-6.073078060578429,12.96460603173146,8.288448050340731,5.026333002348682,-15.64117878456913,-5.84931261796502,-3.6459418027009343,24.253668605426483,33.88126873344877,-2.279727644650798
9.389590797486036,18.269870105533784,7.4645121154647205,-6.532472435455683,-12.739956530801978,0.10797655042744,-5.843160477662414,16.279968838323438,21.796914113377518,-27.58290663336042
-5.713187457510971,26.902029608624517,-4.999464771865773,-3.6561187577263077,-10.099491482559205,0.6291146378543424,-3.312227017111394,14.468409962517905,4.765807909688743,-29.97855522259182
-29.927664252845197,-1.5493083676361497,8.561868273389408,-2.4811706106013447,-7.586686703163646,2.37178040291158,0.7558907784468625,16.010630609057,-11.994056638054408,-17.467032756257986
-27.176945204422918,-5.197130190177422,-2.4344238692943834,-0.09165718636565184,-5.082624471302295,2.7180932768520685,5.353101946385827,14.499571656942189,-12.006821393586861,16.165151061782037
-6.503007877032335,17.90819157821257,5.784584263314944,0.7207099915151847,-2.5853752772845184,3.544377077177255,9.7161190881397,12.591324772960983,0.9440105299425956,27.241865208790085
9.891611029519982,15.409302949678109,2.9634387113855984,-2.962369214662471,-0.7511183585508345,4.036790444780898,14.285794924501575,16.073429963340487,12.445446329895468,25.049859512802186
5.823308274870454,6.932300711774155,-1.3432761484450229,-1.1483380312666505,1.0189152598506568,6.196419099752741,20.532507108195023,26.579256948052585,18.27701174442809,15.794156119423738
5.505936694661394,6.2461490757154925,-0.6674117526544773,1.1200274981669107,2.8808507064921343,10.185698437714256,32.25722268828646,26.652246515044776,-6.50830122043962,6.813992899397385
14.932306650636594,3.8736473262258184,-0.7036198902162177,2.985565340038963,6.329767424221036,18.611947016229074,30.964021249797998,-19.509118204366388,-9.913755746038165,3.6170609241671325
15.899492321299558,1.1494126532780382,-0.6350527502091101,4.515339669695334,12.231334829654662,22.372356517884104,-9.868574967381969,-30.33334899784197,2.0476755653940524,10.394465089369655
18.2222565546228,0.258631318231195,1.8715272364273379,6.912425987292327,16.885808212073865,0.8568386930662191,-29.58863783869947,2.7321618014808013,-17.250388117642228,-4.226613817697799
14.152209574515428,8.907937565089249,2.0216076818545385,9.69269074861366,11.67144696955543,-23.299947798327498,-22.64985117490816,4.951044624322321,-7.04052851899686,-6.85482289413075
8.266215752815107,16.05650448766889,3.09891170448659,10.189183297187537,-1.2346059733489507,-27.542828050026458,-8.238788535589372,-9.521892915954826,-4.85759304604083,-8.610656859197684
0.7949198531742604,20.223342758650737,8.20025418521177,4.264791403848915,-11.000807303043537,-20.668308426452164,-1.2334053987948517,-10.925011588870708,0.3139711434768754,-8.458583956295817
-3.273971936273734,19.913507142858478,9.357839767888809,-8.411829650325215,-5.627993803116508,-18.215668816318498,0.7766270154017294,-8.917974414643092,5.012907796054932,-4.87606651605974
-3.1660690716549578,19.018407663382803,3.9743472437335914,-11.989215629497407,9.307066561065492,-13.087627560458207,8.767789988911717,-1.1359731953716883,9.021620382691617,-2.1208280801597965
-2.3567480550653213,19.719049868102143,-2.3780754588773294,-9.418320979176976,13.995507986737886,3.476108683653678,12.962329354213017,8.466976041406518,7.211000622757279,-2.871972126964851
-2.91137280678145,20.783817769723456,-5.4427176713831384,-5.507899602801278,9.668896774577963,17.330893886689225,12.207092538651178,6.02358073327138,2.2934496649927407,-3.413859983261595
-3.2062977889802173,22.088936866294855,-2.6452277681220555,-0.1035914555306724,7.681266249107643,23.75688375960542,6.934723515429804,-1.6309000052936296,2.917784822295483,-1.8483073845326088
-1.8227468640101658,22.83182590059872,3.2829133885061528,1.425338611529515,10.383849820290502,24.265837619467582,-4.868716504827255,-1.1148495283000435,4.75231010591787,0.03534768219116455
0.6379437996400573,23.66252931189086,7.066493255290783,0.4885234495506924,12.577614936721801,19.27644353985108,-11.727365664735084,7.735540942824652,8.359550186307917,0.8055673232116878
2.437353817193992,24.914751514925506,5.8678809342317635,-1.4196586076983662,13.934024825559634,13.100761003832423,-11.459316835815427,11.764276382855842,15.672862979064103,-2.5376314677785103
2.288515989350717,26.759830461917154,2.319789731025009,-1.6608612887309497,14.554409285196918,7.960698740218422,-10.715707908165738,8.704212057580678,19.95029565135054,-7.787814603634462
1.1604163934567042,28.282337697047524,0.48050875364715406,-0.4258162520860916,15.478179413680246,2.5130891186784683,-10.31311269868459,2.3702393948912825,21.420513199646383,-9.837842718443099
0.2678408902549847,29.229369373915617,2.1954273175629933,0.9877390843777614,16.7674062230027,-3.3729464180047897,-7.440231629900542,-5.938784219096688,22.360835794891713,-4.621606245661447
2.657231567225033,29.776246932426528,3.895489234104952,0.8451469479962953,17.455712906202667,-4.862737871144433,0.7146363263220795,-8.1288279121172,21.42741520782184,7.125890011760347
10.05002181031929,26.139146683840686,-1.0818095416351436,1.5855355963618176,18.281452294097743,0.058527713686929106,5.905822551390133,-1.3132720387806542,19.921109688049984,20.015774881199214
7.8148642967267,10.729582945574034,-6.934681333372614,3.0806960041243063,20.588805862838377,4.789106058493674,5.52050486257147,5.912813538668199,23.653350815719914,29.401384525943094
-11.636511580477757,14.511214079819332,-2.0365840592153264,1.7511875245673112,22.580069078245863,9.21889478204695,3.078932613172967,12.222769562611772,32.91599673192511,12.086849419911053
-3.099559506075217,11.696394773135562,9.476670126216383,5.707473132388406,24.01848951643428,8.720314644706395,0.26295249361969464,15.10672024500112,26.54486439062901,-23.681415790521577
0.6430959383034969,18.113803455006035,16.134605430542585,12.649716865731975,20.65363419496312,-0.44528958321726475,0.31041145011120047,16.340638989949113,4.61485226301531,-31.51164180866245
-19.59669164551415,-7.738228252207874,25.946073958959644,18.341980227031694,2.017511256061392,-6.492103169712186,0.9585929261867687,17.464948298131883,-16.761336129721386,-16.05030956495566
-18.2874860880703,-13.596336401854876,-7.533784959544918,24.582555942045396,-8.416971036449368,4.762522991209407,1.2898578458016572,18.660715758743653,-12.312003444676993,17.418502739312718
-10.513619516247543,14.14896072966903,-3.390810227344716,24.39106244544892,13.216765164923498,4.094344116162088,7.458836844243177,17.9118496458175,6.5939642230482,23.46297725566397
-3.46922939184265,18.47714222456963,24.398272461738824,19.416805532611757,2.0371325907465474,-2.625916252924654,8.57845424234463,24.42788086363152,16.039678174262967,7.81719860632985
-2.473186398273875,15.75286029684883,31.635829623316088,-11.638168477141665,-2.4633857324947406,-2.142868581775505,7.467545890226691,30.441034971324335,3.848094674947012,-7.786739122686522
-3.64551355179093,11.15866889170179,23.68060171321546,-14.946985771684085,19.28465739006995,12.453945755894889,10.316715122588223,27.115327120590308,-12.362600735610137,3.7511480956853935
11.803157627376654,12.911745623106977,17.893428357680165,-2.867875932806633,20.399287955211875,33.0366534601834,7.3825427769073855,8.498427753022726,-10.708705875221783,14.840632274538862
26.739172823340507,12.301058925238515,6.149793816692258,3.2717423796409717,22.123233862207258,29.67083335541985,-10.833912817124814,14.63993877463399,-0.34721751940695966,12.872192247988378
21.00506646863732,-2.6662157196682124,1.398990014260587,6.846906519551904,27.355275155206865,8.7388879468186,-13.171366943567959,19.974148729811517,28.234101821868588,17.25217269606515
-9.323408141944755,-4.735947763047997,1.789245255447966,12.107818928390461,23.925248230517003,-16.474883077859303,-4.479275144385102,-0.9189914689999948,42.609049783979025,9.22248758116261
-0.27557675737588405,-3.706337273257976,-0.1944390400655518,14.400195130352335,10.633544599715812,-21.43815883833213,9.95201499011832,17.85569848801406,36.421725859866726,-18.852861769413813
18.05981385847602,17.971983630981537,0.3815232578526619,15.625978437399294,-3.4770872798859345,-19.40112583300115,-10.431293588699154,24.418705282141094,3.8797342126756265,-27.5902126746649
-12.100296755266974,22.61592656344093,15.097660436524098,7.10829876079426,-13.09875154846178,-1.7922961512398667,-24.05467079227694,15.219645821478622,-0.9531024557853527,-23.613327961683346
-15.74786280621216,-13.441321066552895,21.885098138010488,-7.340483715762207,-8.125074888491962,9.951926693720479,-12.291196285091113,21.89883412001477,-1.40336772901353,-20.36544936884716
-1.8503349517191061,-24.60003930074453,13.971495552652303,8.8746822494258,-5.350646478869472,12.47999677601173,7.141863308481494,23.826952483350226,-13.794385568126017,-7.381753443513634
0.6366437319482235,-22.020247372063817,-0.997504249117293,16.6717618299394,1.7779742862368089,13.97718437636404,19.754170150672063,0.8696135141567424,-20.740698149595417,7.961598612209135
1.746036065619747,-19.46928832173632,-11.338018420186456,6.425974212142951,17.46442152511864,15.34466877668273,4.538366690348831,-19.8115877519856,-12.385418487172021,-0.7523681843244401
5.513098534710117,-16.93734312731516,-3.639818892567657,-8.137139888447752,16.654803435519316,11.5156273249792,-17.343766783704744,-7.721382382293455,-11.15323446986548,-9.344711374401758
9.181465477988668,-9.174285383719056,7.705180534970441,-1.9554277559233624,15.624125811059098,2.6712174331887657,-19.80829214674164,11.589346998713502,-7.156692056419636,-9.340846230283192
11.179284723210666,1.8809515852522134,10.892445545535859,8.920451292488476,13.388444713290495,-12.023256652297176,-16.635751218679747,11.330366123517976,2.1805898439613682,-6.422704223181016
11.99422597898613,13.310248311451863,12.005297512697945,10.034469268434254,0.03505019244769658,-18.277658546847782,-11.955588869571118,-2.078248068657901,5.988392592155242,-2.299557310198058
14.367908628375059,20.170159377231418,6.828580552127726,0.7934930027265613,-5.371009306752382,-12.650628620437432,-7.287086075511524,-10.236633565929987,4.0324008674857605,5.0120877639885
21.68659052528967,13.89376257140735,-7.093932416003092,2.3157645962514293,-3.334384911471664,-8.888969136204723,-1.797017841851821,-10.589605993698996,-0.5787485018937322,8.567524999070992
24.992582210568433,-5.763752750565707,-8.582611769364327,7.056326255777805,-0.5063533365787423,-6.051100700947274,3.0006822647687326,-8.157192874843178,-2.0766962537464133,7.536554251090173
22.505989557360785,-15.014366154398806,3.665572023801541,7.464576629671506,0.797268551783127,-4.040996599006823,6.508730951827828,-4.892969343649486,-0.7295827323755047,6.57132607935664
18.430493460994114,-11.259449288537981,11.953391013287801,14.231308837361905,-3.396396794007009,-1.656782832563402,8.617931268716902,-1.489927750184939,1.2709265083949726,8.552128726695221
14.029308237943697,-6.298953160034223,13.57578384622555,16.192512345400054,-10.972439470876589,2.947608941500536,10.412612572402466,1.2325223107494065,3.188428382461538,11.78892497145989
9.25736408361649,-3.925872905439419,14.092120259195251,11.72553189678938,-15.081937916829057,5.476428750726418,15.357261799774385,2.879906808836693,5.031272770690166,14.813305566842336
3.7977018147208548,-2.291408562186589,15.334719885679167,3.908277208856565,-16.456790219486024,-0.7138562197425731,19.717902795347307,7.019556740150416,6.397692718620236,16.81528464346244
-0.6135062436665962,-0.31999735799485973,16.373735134433677,-5.152400389494313,-12.312998334046137,-11.92881575448197,10.760419666258496,19.094296692890445,7.702775479182569,13.9830611336236
-2.987637152577441,0.5851203854662103,17.582048071933965,-8.140142121262746,1.6974535708092497,-12.980384353724913,-5.8344106087617265,21.82917243735041,16.717024572371407,0.8921426165774655
5.23999160914322,3.3324201253965673,18.321779892513714,-0.48335506754056123,10.515988064384654,-12.020544318970035,-9.192249324157418,9.763922177128197,19.438122615907297,-11.867064855381036
11.573938552906977,17.116628344235913,15.544281963524234,1.7461825866957987,9.317803470003593,-13.630632269769686,-3.032920191272735,1.130483840795021,19.794408107405655,-4.695093046774567
13.473289917782568,22.995451422832684,2.808072413680156,-1.8490871207570931,10.901978892079033,-10.194564186250874,3.9412631331855237,4.083880703245537,21.013925214534968,8.131547670267507
12.048803586269084,12.79401557823966,-8.412315543678513,1.0892375925446791,12.72734603718073,-4.077143502890608,7.071478896846231,14.427233814545739,25.069451587009755,14.799105047110498
5.681391992995641,6.8170019764200775,-9.27904820263788,0.8431042084543866,14.661472192413711,2.3804324593407378,8.517876270681418,26.28677124786524,26.2880012119564,-0.6971359690131961
8.884993828727108,9.08293026590179,-9.978358366582803,-0.9642008755788185,15.632399870209131,12.924636216406013,15.355208276455592,29.471850365340465,-3.576710852708219,-13.19382754735271
1.5851013325324983,10.053297515320867,-10.336232781684593,-1.8429854185152745,14.488332077584642,28.48133791834325,14.04490781652427,-3.1897389835316075,-21.876066206684268,-3.731174189294283
-5.129651675723659,11.573443096311289,-7.911993449758843,-1.0285126686046373,12.588640864694638,29.32490868314082,-14.853512467439007,2.1686820880461934,-16.44799353237784,-6.673382968559186
-3.659659899260549,14.221488628114823,-1.947713653346736,0.7740193940310436,13.720714070582178,21.534893361223993,-7.145196752889578,27.972093208867246,-1.1498278199627987,5.806558939284171
0.7578490115859583,15.790030952837407,2.057204543436557,2.7536085404510766,16.792706301002404,22.055229598828408,9.319854014000333,27.882375103141495,4.724699463574128,0.8619435736544956
3.9975004207998825,17.3663019580077,5.3992605872090325,5.214626630048432,22.514981810777996,31.62984376176991,11.311918635423773,10.629473771474677,-5.320448794399268,3.0550640546211016
10.094628439968915,19.31774387267128,7.118993621315371,9.62374335565284,31.128660417784086,19.191421609830453,-13.751705256920195,12.733014067999504,-0.3691269898633057,5.159548175387307
14.912838940729742,21.64672100935188,8.703678865000661,14.928191001875105,24.916907595880485,-20.326153898603696,-9.849515150250168,8.160535119226486,15.522399686696716,7.1713378680353825
18.07805161620466,19.000984626944124,8.022242344483917,12.440781713404128,0.32482404659839287,-28.79213934367944,1.333946122810494,6.492541188392314,20.26357072666746,19.038553694544202
4.712078387378197,8.485521744466391,6.464093876419379,7.001892009967746,-12.951872961064288,-19.448414302831942,-10.913752776697116,-3.9026659263943544,25.939234641159892,31.55693564560256
0.6025063624365785,13.472145962337875,11.16366317233318,-2.1856645271387265,-14.05139433403488,-6.63073947991768,-10.197701242405817,-16.607250521739267,-2.2415377020421947,37.958845636544055
33.988560024511166,-0.4728175337190245,6.247880084163805,-7.510477618986174,-7.944262990483208,-2.6437732963665916,-7.228480509971123,-8.894885052371585,-25.154322467634774,7.6569464951636546
8.071684180850433,21.356509155652493,-5.665694234607074,-5.915583438759172,-3.906973855471242,-1.0423470459426636,-5.08293254465183,0.1659151781200918,-21.787633376247836,-27.448187555323024
-29.107705107794622,10.138320022760949,6.044070517713997,-0.6627868058871591,-1.9986126292591624,1.3171853507462417,-2.638349584217226,5.776209922037232,-20.712826438933824,-4.7762381726770435
-11.587947110181219,10.112457960732161,16.141612308616036,-3.9854149146902214,0.9413050051314131,3.0784592638082886,0.23064995856020412,8.918689998361145,-12.425408736851125,24.22306507040161
12.49732533871665,9.765010407485603,13.012312853058651,-7.480407453208756,6.151852253975845,6.4699982436734675,3.273023865263217,9.649539635853564,1.7165018932408183,28.304286005932717
7.483873576304298,-0.7030000611776611,9.919856545174927,-3.782091001499847,8.178175031269403,12.144939743046368,6.2403837965507645,10.89280067093778,15.617936220771714,29.612445520756985
-14.44316747578001,2.3412032282262545,11.803180328730242,2.852943400272513,10.02509792998966,17.3040000801394,10.892014893062017,15.081208735793133,25.597953650374162,10.41973363025074
-6.371544960516242,-6.565290239098127,11.911337076175425,12.701067167463846,14.20190910955947,22.37218460491563,17.396422907820693,15.570010962562801,9.301457597773465,-17.004267276704653
2.5740514091806133,-5.4531838562772865,6.183234719152856,25.85543850698042,27.76204059140464,16.341345462457618,6.223167579326891,2.52053856487709,-2.8273458760121457,-15.589170517336033
4.413158070465079,0.25375650020993706,4.372553402873505,33.5184677293277,17.938820060903495,-17.63892530187493,8.121213720705434,4.5390099346875425,-3.4144495492443454,-13.045585386441402
1.3791671312550469,4.972076386467752,10.454659526748792,30.65398983525595,-22.780454850294547,-9.424288038365239,0.37656396964757977,11.323127972571498,-8.722684958720826,-8.821966534751004
-0.4068441219782967,6.787632968133051,17.676451759048604,6.593094260677286,-28.847352855259597,13.983800303923436,16.171545529677985,7.479109354027056,-10.917130128289974,-1.2852656386280628
1.9662045074357164,8.830000820875822,15.388640497437034,-19.22945062597552,-14.961409378433789,-18.353631342459526,19.031392788259485,-0.5978327233361985,-8.667336190057634,0.7129554187687679
5.481376604104737,11.821455451492556,3.281430419032619,-21.067290320149365,18.121313584286803,-8.200657367504583,17.61358134805612,9.468046839167858,-10.063946563513285,3.551150268618764
11.47459553684089,9.272269139525376,-10.164784880118317,-18.52293774892449,6.625168371568039,23.085763594561776,11.967757934414871,-5.104745487850965,-10.331211629453577,2.5074307079354976
12.795167299779015,2.743105533038556,-15.95143653770326,-6.549916316370854,-16.01489591328465,18.058953245596147,7.8625159456198634,-15.499558254155236,-2.2271496375209563,-3.1590246147416914
13.567660270675393,-4.5345381731944885,-13.251638099241333,6.866899925963513,-11.932655400504743,13.487860628112488,8.347979269889663,-17.46612775061915,7.531821080343028,3.817186946346703
5.690113353037798,-13.621747284355164,-9.38695055509097,6.840468114734105,0.21564917785549065,14.784554756839347,1.81093714122015,-16.475835722560582,5.22286327679836,16.278039303690726
-2.9766016483919766,-10.977737086489123,-9.327233738266127,0.3096732120654546,6.558956961219705,14.480448817715851,-9.833691072972265,-10.048207948188823,-7.702499002254792,17.583788772833724
0.4465258271940508,-6.504875450939875,-6.812024733534666,-3.9700450128397495,6.277500942137427,12.200033553765872,-12.987201356854607,6.518272234882228,-7.5242660874453655,18.4460761293037
-3.9333077450727774,-3.6558408135912446,-3.4886243926129636,-4.423730923317238,4.038883738607323,12.065235007205844,-6.7963726191960765,13.95352443497939,10.903119430133032,17.939372401795975
-10.23475245681123,3.016747081839303,-1.22328966433289,-2.8216102150944105,3.1597751293965475,13.685446922402381,2.340281180667471,15.160575898261879,20.711043505143287,-0.7469181628908409
-1.5618352405112639,2.2878770696129966,1.3088627185701693,-0.6205264803185353,3.9966632613907307,16.577532795668727,13.193538401918474,15.808885004479391,7.448488664113295,-16.380707942758537
-2.6038610277864596,2.986370980662086,3.592440122338895,1.4329860246137494,6.088620627360679,21.749782223712195,18.349232024423348,-0.6701506955095484,-5.799085734889852,-13.781571483311406
-2.670291677039468,1.99654227587103,6.173592654746065,4.6683920811377115,10.554191863247587,25.054759695747798,-0.3569163079667225,-12.048452405719923,5.2415114231216755,-10.782089371400764
1.3030856076348714,3.502606866713961,8.692115522243576,10.510578882110918,16.34833966732427,12.192856968726089,-20.118031352580868,-2.313424990780919,6.705659247135735,-5.836020038527487
3.428716335520363,7.102193019007023,13.189384413898399,16.87950491579213,8.960441467593569,-10.85744402652385,-16.995128143033057,-7.047713209529983,6.1075786251393245,-2.029332307414012
5.380771615798512,12.03900026401515,19.2242238504597,8.969696514274034,-9.59024541395823,-8.222802346984988,-8.184878018348202,-13.878775427060424,0.9565344763481026,2.4105149939999917
9.70410801448517,18.682078371248014,12.499814865035015,-10.91679511864115,-6.267798172198664,-3.3054398689482576,-5.1286438620895956,-12.171037102537928,-3.456506536846873,2.685026200958173
12.881402834287215,19.154211624886397,-9.944338563724772,-10.407267551630682,-1.188384740338053,-2.165503242039879,-1.6440329425695714,-9.732273203387232,-3.80545724140617,0.30802104612411785
13.807902685176574,9.790847352574886,-19.803046344325033,5.083359083002895,-0.4081803886553353,-0.42923195392273755,0.9027186467493946,-7.13096369322155,-1.707745044139013,-1.0544678774777407
14.803274552884119,-1.9980971514302843,-18.38319996598835,6.609566243646588,8.983000738900293,0.4282229852567014,2.5260426421844784,-4.801571415902683,0.8561955864256443,0.7502711531952581
14.397850731377613,-12.522061936850339,-9.488670977633841,-4.88279670437656,11.58203120123486,3.710241453611555,3.449925868666721,-2.4698685329763723,3.1415250308795395,4.4648994893824145
9.647907104960543,-15.272990245854803,6.268031314741339,-4.335154748705003,10.326300790277235,10.145654378672646,1.0913681678396412,-0.8530248699708571,4.638851783390629,8.959508941924199
1.1823961066704574,-12.799195550159096,10.228070678630594,9.682625828964145,11.736322452566599,9.80825525673577,-2.720472379121784,1.3214604967391874,6.27618598090087,11.68889389356169
-8.002899113522824,-8.975190202542894,1.8700989373614587,18.72008178396696,12.098952922111048,0.5295939047338288,-3.2849911533229865,2.6848404325621655,9.798192344017519,10.744711440652031
-12.07976737107598,-1.5700994445609595,-4.0087794024647865,18.13864444066254,10.801831064145523,-9.312480548209246,1.032043644024707,3.9009454470753475,12.64741995960675,4.394186986482448
-9.811554790905223,2.0415192636387296,-0.5462557843659785,18.134320612983668,4.449728793993553,-12.934359394693177,3.9396917793543964,9.29303310703588,12.768454906112305,-4.9197849537783345
-3.1852348625111735,0.7320800713082536,3.1893811407298873,18.88882989312069,-6.110759559280475,-9.578671447145597,-1.3905977407003174,12.70962736501917,7.768934757374519,-12.189288275514825
1.3402134944470752,2.165616574395327,6.192023985853541,17.45801713755745,-11.291088226628315,3.027816602365267,-3.0497191064324056,12.588516134044525,3.3517678109612894,-13.170522955209236
0.9845798043802304,5.844616609021905,10.424776293004134,12.640444889076306,-8.776755649247741,11.612281394747,8.524048419729906,12.451763935504639,-4.079929139947441,-10.707928909052816
-2.364505088062915,6.840075269988211,15.28416967121361,5.180788667218645,-6.643600453560588,11.297754346809064,18.69801494948879,-0.30556223305703145,-9.415696716943785,-5.280051256297485
-3.036300183615298,5.261012513027369,17.512995300645446,-2.6249691515175435,-4.677304253948652,7.775425345508924,19.049719799523746,-12.050758428435127,1.7308400010586047,-3.820793102996817
-0.78181104218045,5.230988009563401,18.048928266335757,-6.793241476603282,0.3358030223334647,6.71025623266362,16.98130191525402,-7.926383954892279,14.049203476042063,2.1917111613825613
-1.2638110750602745,6.472721063201075,17.164029319158388,-6.995387636571543,5.4394885701239,12.044841455360007,15.315493215168956,0.082314387887543,17.659109761214015,6.153321352024638
-2.2313764570539045,7.096470781668373,16.98020210508941,-4.797965308266885,7.431289087719152,20.04090278596074,13.061691499789756,3.361949067858537,17.593154574922774,4.19334113500824
-1.5219430990273657,7.234458015550254,17.69807023328595,-1.7439828973914675,8.098806411416065,26.302561850994113,8.508024522319126,1.933778134641149,17.653611765859303,2.032368292739567
-0.6096566629096181,7.928740182229466,18.965521558076475,1.103414576838808,9.342241268171213,29.162518450023526,0.07552724306835187,1.6195967242891602,18.41137983837887,1.5380513642249027
0.5285452242629023,9.674877554349845,21.072687880541828,4.797431338414242,11.8789666907484,25.650180790871108,-8.204717412253135,5.273138324115328,20.54898012320844,0.5061053581481291
3.3364082580753656,13.60708268874343,24.691797432635337,8.296289248133036,12.675174290399148,15.599668619408174,-12.435669259133984,5.888045275710374,24.580517399591578,-2.285774522906594
5.475931581115226,20.807748504501927,26.436919309717744,1.5734492031853666,9.656701237991244,6.276756082393164,-14.075001427759709,-2.7462935578034426,26.229776423739565,3.083251359278558
8.643247620976592,24.58523158665157,14.374491486253774,-9.541520475282503,14.691309918703187,2.493539002127474,-15.167166177609475,-13.822185593422793,14.798606129840053,20.70793803897446
29.75793653984219,2.892136355181977,-6.411177390847847,-9.22520611743574,16.62386571084114,-0.3258405088810227,-14.496510218321019,-11.306685490100472,-11.549205560615176,21.311596053978537
33.35779695704543,-4.710327877358731,11.668858864266987,-4.416956521190196,18.245234790835216,-1.4334816000267254,-10.929057398366066,-0.009932762154908265,-15.810963214787792,-6.023485268080032
11.873865448187019,26.528504620824865,0.01846289236144702,1.8054428059371757,19.488731009875938,-7.425479562165753,-5.414409798364458,6.482256394466953,-14.594033179922006,-19.934774279836635
-18.373164475694743,21.725121148471416,12.476035625856962,2.72310505936328,18.938069703860634,-9.249530888510234,1.6624802283327627,8.662176957224842,-17.041911186503523,-5.651789635543903
-7.458746556499676,10.477955997524504,28.353185900906926,6.997268639766888,13.161372455791732,-6.75342273370638,6.758698718115023,8.596559538651123,-13.606703294347653,15.272566094585466
13.997572744584163,13.751885947606846,30.599738134994368,2.5804500301106463,2.36840913759334,-4.293708923910733,8.1661972585184,8.346642257987614,-6.691284613819046,19.500864499487612
33.888839814110405,15.622150262710594,6.695764367051179,-8.458699040579663,7.898095276876433,1.152070596198345,9.245009329998913,9.260899018432651,0.04331035159961326,18.70554094748265
29.249647513663586,-16.021780234351922,8.123949390763459,-5.2252670452103835,8.166271382790367,10.352358790785035,11.333361489563503,9.595930684977361,7.154123479098913,23.801659069854207
-9.271092775024377,-19.442486105367063,13.599723543649523,19.374267666455818,8.42207684933303,14.021462111173914,13.347809291811679,10.009021543460369,14.961299066097187,24.036130916794416
-25.470841693455608,-3.3442320135549557,-9.126855922423394,20.28904560787604,23.84774064460056,9.247103029909134,13.445883038239204,14.216542921088704,14.86660897326616,-1.8222666393789764
-18.517813627685218,-1.9792685541197526,-9.334452968580994,5.925810235716489,35.63455889682504,8.433651053801547,9.074229831177675,15.871010987229463,-1.0705519277417785,-13.74033354814157
-17.30089186401576,0.45755125451799583,-8.158932906772627,-8.886070159338418,33.044275753964016,19.40617480806438,-3.872202716633354,14.73444483400492,-7.56672681269089,-1.935126766537494
-13.325919701454572,9.770590803304707,-5.343043448988267,-13.288573033433517,15.368136479134176,25.682416522616784,-6.52281577230384,25.28182473248863,5.751240962674535,3.5212119011317924
-12.11509441854473,12.530463625280591,-3.1157937219903196,-9.909904478645892,-2.2066157870254313,29.884976713189477,21.568092393107555,17.260430024527412,-1.9195725806961368,-4.810437634327881
-10.925876181934436,12.958946420888157,1.489595744497294,-6.995361651136259,-10.412293146706576,16.98089898497481,28.75736096076275,-20.296104089210992,6.0534695717777876,-0.2365713234198964
-10.210825893645941,14.61491050915404,5.338981705737155,-8.904786168937967,-9.657218909016589,1.0471337208828804,25.597930049493463,-5.104341263793362,26.539349951471145,6.617334564308749
-8.299989243988918,11.941117736760411,6.179155787891019,-12.38510239732659,-1.4377854830654688,-7.5573718461792385,20.851703863503655,28.40660299156399,6.710437079332476,-13.223462443240006
-7.8464609383819575,7.9900181876362,7.001247742912984,-11.309053372457198,7.411513814675042,-0.5581835193372452,15.36679441011682,23.308670005650885,-22.822871789776936,13.018702263744224
22.537239362732006,1.781806608035041,3.2228838306224374,-8.607315881255392,8.859016273938233,13.074694807808987,17.015486878438082,3.4540810344888087,-16.317961123629487,21.728548154256575
29.97827828272003,-1.1314282374761677,10.840179637549982,-2.4891338053047827,6.961737958620608,21.027283480510885,4.864984043727013,-14.28771528101638,-11.980756825721821,-1.9981227355278777
17.92599537109954,23.20042871177114,-2.1004926350869577,-0.40894617985900616,7.757401730971272,20.532841127085923,-13.269933640391375,-4.296592911685073,-6.199437852980563,-16.253751873843505
-5.1021831844671865,27.08244151188558,-3.5287244167583274,6.550122459052743,12.626267273990928,12.805273871144175,-14.768516695154164,14.167635412107387,-3.804929376583268,-14.059076216490274
-16.641622777632275,15.55564224664917,19.448564296808865,5.797771411256662,13.672968045969606,0.6582067889696241,-11.030907017355048,20.95881499274889,-0.22515643597482368,-8.602742891220927
-14.216169221861325,-9.397954816236368,23.359861657359207,15.581936095595898,2.26598790867011,-5.859995087653642,-10.339364379061982,19.50163700321478,3.6225261143579197,-9.629537182154143
0.02125592484882241,-17.464974442995352,2.729156980843083,23.235064816999945,-9.381894474059752,6.335392237445462,-8.872234583339477,17.14202340646303,4.839389825766341,-12.672552252899793
12.224465288936353,-12.279597560446199,-7.399360204650346,20.93743974833962,8.97662906088896,11.27292851335051,3.6263516101627578,18.430627118379626,-2.6204018849900574,-11.659281134061052
14.610911393534067,-8.153286381734446,-6.415021793779522,12.249874029305738,22.74427018606255,3.624297919048858,6.049381447933757,15.369906632485668,-13.51731796548477,-8.043490436256613
