T0,T1,T2,T3,T4,T5,T6,T7,T8,T9
5.002717283920943,22.794693209941464,21.07693628362327,-10.94547396330504,-16.74840720978844,-5.068431147299237,17.176314833611432,-14.776912027235324,7.7460428461982485,-5.843430502854754
5.837692753692242,25.57360707486386,-9.360020923641795,-20.906371416395515,3.8255935693792593,-10.963727987532517,17.650561190208773,8.680179992312048,13.61877208940466,1.4099727157312616
7.676402616195577,19.19188348746176,-26.661404920137727,2.712830680448712,1.1852261639944466,-5.541733730289087,13.568947103310464,22.796177047385147,1.6698143152054363,-0.5531760525352082
10.654004809324613,8.820961411780361,-22.122108746859745,13.988246916351756,13.83408403274554,-3.788932652714482,11.085051791183176,23.50543440563563,-8.545839990794626,4.561941282922908
16.032067885990916,-8.048026972013405,-17.733074291698795,-2.177636318017154,21.941104805245047,2.8906622657663745,12.09516091769546,19.87465283446606,-10.236670466179882,10.409363498784133
13.29237577657771,-20.27175664565498,5.844780043144379,-12.593605686652628,12.017301480834252,23.377835419524096,11.04228485063929,7.408959754627855,-8.349736767661101,11.562020874818696
8.842460966954352,-15.168670286793512,19.306154659948277,10.864437233719151,11.413392983183382,28.55557636549012,-0.07783380511528415,-2.325302671385648,-6.278023334340809,9.587473979937291
6.855346936523101,-9.862390829832723,11.509166103154435,33.73434886486405,15.845806954958567,6.505131723991001,-10.88578732896293,7.4255536368479556,-1.7034067992193924,9.518962542287705
2.6304530791006018,-8.483612882913631,-1.314458270930152,39.21840394688806,-1.907372350199725,-8.662783906766904,-9.490206512504942,5.165324890522773,7.40490810150505,10.72317095791803
-4.507920366941377,-4.630574559287336,-12.889850349316024,36.759377509088786,5.636276750827352,-4.242806698030808,-8.104249697948772,0.6065876745987391,11.517161420042601,10.348489393070652
-7.930824080271601,5.058390022196144,-10.533195951274575,30.059390086493448,9.542058174391844,-20.473420081490644,1.8633751044551001,-1.8275191298817715,12.048184051950114,8.656884214743043
-7.169732632145987,10.159785577343955,7.552710996796281,29.181277055836972,-16.030115432947614,-14.702426732462502,0.04839142048179528,6.487725070932616,13.583680767682598,3.778629942374301
-4.755845478472178,7.165817130730942,20.210247809871372,3.7138189901660428,-28.331746333094184,11.101940208064365,4.189615406320234,6.570516938318582,15.521092816515434,-3.6614899874901665
-0.44943859657829355,5.619995767160135,18.58877527556215,-23.303607944158625,-12.08088334357784,-10.70589707370259,9.99442820376951,13.969719948039955,8.499083867640119,-8.85555940091736
-0.5366547873633244,7.319886736564052,11.90316845016178,-21.2837109065439,19.93911489339012,0.2905032924692763,5.1300951769339616,19.131232607028252,-3.177768293352488,-8.20398968066248
-1.2525490065793767,8.332598515235645,7.618431198001833,-11.96930335709873,18.694951946808057,24.435480306521338,4.3152671224975006,15.079926413115752,-9.480349029677718,0.45031241927173454
4.479740626145766,9.747006412124277,4.599350593144266,-7.815150072266758,8.883945664144637,34.27341696029353,4.152601283243993,9.367797856799658,-6.661317544619431,7.3959375118286
11.899874464179295,8.808312512761843,-0.5337209695123587,-5.810436123357846,-0.9570828897536701,37.139802328238666,7.4706016425119115,-0.8685365558378771,-3.789483535148732,8.04912467075786
16.4727513192573,2.822311109014554,-4.039856341162104,-2.1566811848193046,-6.543971598942605,35.04427612226828,4.8088344264527425,-11.736013621560621,-1.6491338694524584,6.971343387151848
17.995842680661838,-3.319513080272801,-1.160898371006971,0.8356687137335165,-5.230769232213514,34.66324577524887,-3.4614211336466747,-10.10009058090079,-3.24818633322855,5.271237072068828
19.031948658807806,-3.5404546341289698,4.177628261015523,2.835233289993171,-0.07087789297783154,35.93482111825633,-4.11291955044452,1.070348739075789,-3.133931771414313,2.9868200608449875
20.090890154022027,1.4064806213617815,6.968719948311287,6.561781505664674,8.58703326670342,34.777444802520904,-0.8246448595140996,6.521163900194749,-0.020950748109743445,3.430855109747743
21.27811081638666,5.267938060954728,6.466868525935586,11.44580722344143,20.380399017889577,26.28637602156577,-6.690501351073272,12.252499664264363,5.638704075326977,6.60823752331622
18.722900529595996,4.3660812948010985,6.758144877439037,18.946523989072404,25.198580507531446,-3.2499242105759305,-10.248805091797976,13.201227295435597,20.507189497065205,11.750460011425885
1.8368257925379918,2.0316599490929863,9.797690634014025,24.415649858422512,-0.6568001382831874,-21.78636290186311,-3.057524097069222,2.5772687390111604,29.199975131369914,18.35861472656049
-15.638968273703899,4.045808504472335,15.930417732108411,12.936264896612483,-24.512403384744992,0.75682783022531,-8.051379794406882,-7.541802340354845,27.60760087138697,10.524028269524614
-19.68662660580298,-5.55888678991791,17.966772023475716,-7.224420918203896,-22.7670657365894,10.243260891668552,0.8922898445614635,-9.09396338296929,23.836613339162074,0.5775826331643744
-7.749840629096517,-19.107399728952995,16.810366585819146,-9.96456429274249,-13.133492357418984,-1.0170487689356775,5.617627113275866,-2.5276382155452075,26.984890190453527,-8.457655541255786
12.483536316261,-10.798100617812661,24.433114396239095,1.2278399334876653,-6.0508607677046085,-3.5438836684052175,5.297145681496059,8.007066208122993,25.725179018553707,-5.365341973570914
16.386562844690353,12.012541062786998,23.641284832252577,-5.296164314441073,-4.1934381020250955,-2.9319843006044173,4.279631259059265,15.939112695004686,22.65890060213465,0.42752290459188597
17.59452158018033,22.634718068513433,-2.9471893159325466,-13.876510473424915,4.724592680452156,0.6385781482755334,4.541756584552917,22.015037559301952,20.42180272891805,0.21351798362598912
18.58088896614885,10.620071953821455,-23.943108400340122,0.17160849336347364,0.9886464089991898,4.52483802950183,9.470806034374277,26.9296000157759,11.731558566470085,-2.9086547315657985
19.90108937790641,-7.731495487525637,-21.76009573826111,-0.5335346880306038,6.028161755090817,8.636435128051746,17.83381146333188,23.802107203412888,-8.918564700360655,-2.0101265128593315
20.314833253851745,-14.84560550620714,-0.762374464746659,-9.069168868994465,0.6429446013121822,15.078493813314969,22.637607171165907,-5.414597971370787,-18.360877101689777,-8.404859208457575
21.072493733897353,8.59512839564847,6.859170511863211,-6.541428259258017,-1.0023341337505707,15.784980460413276,10.760770966953968,-22.078898930648165,11.654205172973837,-12.107322865957087
19.599011630332452,3.8247819035956843,-5.775159950198608,-4.267404319036114,-3.5287967194487635,16.20120977143344,-2.230624782377559,-18.919379593245814,11.455792033049196,22.681721512714297
11.918923119183361,-16.37660794693247,2.495612127091036,-1.6789158560352764,-4.444474924179328,17.966997530192604,-9.488117940801438,-9.635498726567649,-11.882929019022884,23.80098082033215
8.263092587670988,-19.23392623801233,12.190834571953802,6.7486313607648185,-1.409037230150891,20.688542155563212,-4.917936601681619,5.971603725209155,-11.756584256083524,16.92075584797525
-0.4141423947396049,-17.88661922951666,5.882162617478335,18.806070245407412,7.356071605524786,19.987564405712142,3.257071374748595,7.886374750791912,-2.318830202655681,18.72374548863026
-12.695099376251658,-6.723334398844969,-9.41815712590999,15.648912758847782,25.283378383866047,7.282521471739747,-0.36272941821662263,7.870833996062579,5.9256427053206,17.97051201841466
-15.384791664158762,11.578034988128179,-3.9052777318113914,5.809892083181701,30.793800833926056,-4.4346494997610995,1.7748709081448937,9.443984092108174,13.548310942066264,7.173175112240298
-12.65786137964863,10.162393921793514,11.152064304503597,10.51179191772267,27.788449239611865,-5.080566203947537,8.127987102370883,15.590768360945901,10.6604145928457,-7.996286846531209
-10.560964918326459,-3.1611622972784756,17.155805149720713,24.383538738575492,8.096589266630382,-9.80681419437879,9.384378835851155,21.246683948897132,-6.7568665389411136,-9.205701219782764
-8.173624817111158,-6.86160225174575,6.882460257717513,26.381464005997962,-15.306774206906637,-0.19965056829868744,2.174102427412626,21.4698049922451,-9.873877736836725,10.053951712254777
-5.813009914508732,-0.8905912202404271,1.6287635448303466,25.612273526719974,-6.394862108888307,13.261412829354471,16.52795764047062,17.41653476411723,-0.7756479249074051,17.24513322357285
-1.4742120453227632,3.8950945606652705,6.012593282382191,26.518027109364397,9.953237555098102,14.557141525720334,23.316990390340465,2.5605279229125717,-0.2648181400675586,18.79494374395837
4.15227053903252,5.072373654651956,14.076288552957484,31.69595323464479,15.068695868726572,8.748221060733801,13.698888127566628,-6.866628571152489,1.230797861190912,19.93252774328443
10.961210685922154,6.309610427060888,22.46918873500348,31.776256305301565,-6.546619760276462,4.366206357978013,11.49200191537541,-6.826991597639118,-0.21348053204294978,21.411909306596087
21.769237040551403,10.111748926607833,23.893760545219997,3.574471889165042,-19.915203522560475,8.76289634741786,16.290691027103033,-10.869018586677525,-1.2324744813618083,21.445078975861378
33.27974506934904,4.922234851798758,7.952785106690017,-15.970614601822922,-9.634337204033418,-9.825736581467575,17.912145558818377,-8.840312532855357,-0.815011806338013,19.907816858475886
29.987734874106426,-9.022901982918684,18.101468656298316,-10.117663697965547,8.386726255783515,-8.065323723927571,20.177202451820225,4.078440837543645,1.0533599431086222,20.41698832457059
21.36825846870017,-3.3851742085895373,27.82972828352376,13.093155805445765,8.198400682207694,4.095535567951815,21.46931829635619,8.625961759071982,2.978095230265712,22.874951931363245
16.743098059351656,2.092004038027667,28.59521082935855,14.0671675240736,-9.077164899073777,5.534402554584179,25.0232696080187,8.915626342914388,5.654337463217009,25.903497843960167
14.521681463930186,4.828313810528054,26.756836602160256,-6.575064254389759,-10.914196476623205,-6.6033829978151415,26.2236744741846,17.8792112140538,7.438384484229967,27.98566775062095
9.151053678955202,5.8882616564144925,21.26215974703521,-11.731531001318581,10.100198945977318,-5.866194551964501,13.820757562381953,37.79752275192493,16.77988304521911,18.642287126699173
7.1045354375767475,12.026812870537057,16.13707665172125,-2.8901089696729345,18.18535063583516,12.358823858496205,18.872833812047705,44.189848094042446,-1.2963768282511667,-2.5593479217087967
17.356202460396837,17.446664879234014,9.350691103296533,1.233434614870523,19.384761022209013,36.39532195498243,19.431433793537643,-7.629307583875738,-23.5898329280386,4.418500650997199
0.35150451167075975,25.223175463857963,1.4259165222756547,3.4672123322207473,24.229532171708126,22.18448063761469,-28.365241801262357,16.821583618484755,-16.85004033466019,-12.582020944451486
-6.511083917579412,22.25764996817374,14.340293967919079,5.67119773667671,23.825377807445577,-15.735256991476568,-25.781430877534277,24.42351568621492,14.811568118830987,-9.457234371862889
-3.18366893100336,13.167698121903442,26.52978010589427,6.5611981132338,8.483886446800458,-34.04868354326683,-1.1969394931731083,-11.310521899700559,21.059049983627954,-14.076574064828993
3.9900556819217314,15.494798985588027,27.463269706798727,-4.701824012923397,5.487342055904144,-29.250945302573804,9.248723340825153,13.36313696694319,22.381361871004096,-9.758819702307513
0.23000891471375862,23.825582209588376,16.230855165998758,-8.44369174386127,24.49226181332584,-16.319843118624323,3.7868801608805147,25.046554522478374,3.24105777953224,-17.680845022405315
-13.55490049925923,13.938525387958322,19.88095194575934,1.6995300894514735,31.167213611086368,0.3799791747814401,6.21981613926215,25.052868613751667,-16.251697280882365,0.2444108137553718
4.090433266482883,10.916261472663297,30.956080734686957,21.499306381935863,15.406823514490993,-3.2361179955657784,7.619132893390686,21.16178757888536,-6.528466675776353,21.64767642494589
18.32016555303045,19.04080822538797,30.819845882641477,-2.869310549308157,-8.945891656140633,-3.016851053588701,4.936752777545047,24.11409347368222,13.216046598898448,21.841754738148094
16.2102814084126,17.155625597860965,-1.413008188930249,-18.65399614354186,4.736176969557899,-1.0799171771451812,2.6255191894915435,29.04481177912854,34.48530631383585,12.583606130363409
18.331498768780488,10.985484415778037,-18.900582100696152,-9.626466117989485,-2.245312910714138,3.065063182637399,6.9327738245551505,36.05930676759471,24.88944571141547,-15.042235641701952
12.007568213520134,7.459433426715447,-25.13522507157625,7.80168123411309,-0.30510438330513234,2.8351533440085706,13.664312408922042,33.422105468477284,-24.768744797185246,-11.276603601993477
15.422228265964103,-4.837823970867509,-21.867681363946033,4.4561182328438225,13.239456513251,7.449383289252471,16.969372005506553,2.872737443738688,-37.54152858621404,3.607854628934109
5.35846472890586,-7.027563553258339,-11.716227824143196,-11.333672090898752,7.476273571179408,18.563706381067277,1.24623079374655,-19.61436505484226,-17.28071300139856,-29.723333389581672
6.097599319771484,-0.5175687776197153,-6.343599474375348,-10.62853073679379,-7.585451846901272,20.471405716767073,-11.041588384380512,-9.194463163399098,4.549090924119918,-31.13199506291969
12.133105248281558,10.728626750162427,-8.425012030664417,-2.6423656217116163,-14.791674757259024,21.394280487241197,-0.9890895708630186,-2.168202196531618,10.838758533417973,-21.616853537610616
12.384827240530548,15.664823088102978,-10.58489036645331,12.241748067433715,-4.375718642830326,21.24784534336489,10.99332828873049,-2.473885327283676,14.432801061774345,-9.879781271742104
13.403182600353135,13.172828468141685,-6.19455801031816,17.127144180446685,20.364590145375168,17.83530372664159,1.420378827741899,-2.326621337918204,17.3850428952355,4.878172851133605
9.493806743665411,4.594774676137574,-2.1186794500795307,14.756006166394899,29.2880062410024,-8.041623530705467,-3.949817301007431,-3.6484415921234303,16.18778843755601,18.92245712746748
-3.39258016335665,2.7550120174774104,0.9316608333378634,15.340652081424848,19.47441831413183,-16.363607839708383,15.634094662745635,8.941816977266205,16.309053208928965,22.43955727027573
-8.910132945553737,6.7007779867026365,9.438964402010388,17.21703692530615,4.976202166182498,-13.988250664123749,10.119164031856467,33.953351570644784,12.257241697935946,-0.5081151885206716
-6.182632935325807,0.8794458689214247,15.74209372349486,12.66909117719164,-12.470406427204123,-6.329671968942359,-10.797467864487233,35.05221355749936,2.529401338697032,-9.682855048522258
-1.0629599650523651,-2.234039588672798,16.464083976605895,2.812311897412224,-15.78280122120054,8.835879597117762,-2.7623052206921748,34.130869426365784,0.8648560448411903,-13.893373581859603
-0.3330595790080114,-1.1360330753916155,17.520222644022745,-5.510522147487896,-11.99995947444417,3.5829240845017774,17.057148470943485,24.98352942925305,-21.531383896740085,5.478353858409951
17.660953166887513,1.9423530184679136,18.414927679710132,-10.06835583805981,-1.271001169756138,-3.937398142040425,17.793458753194724,6.370633843362601,-22.358826113050025,15.028484066427676
24.305578161001574,15.642868356372485,7.102982274725322,-9.535584935853425,7.934493252964733,4.106625053169338,18.206560672536327,-9.186576083752836,-17.12486276570449,-8.474116188904636
5.224930851242346,24.99485517632206,-13.72783759913484,-2.2491580520462797,5.058897937904642,13.518741724133648,8.591738200594897,-17.932009631688487,7.388731085808135,-14.869227068279486
2.5730759721613,25.12389024726343,-8.178527489566942,10.443195267127305,13.442847561042125,12.004561180897738,-7.103855636566701,-15.65280082981616,16.030601359170664,1.0702094373152475
10.759358651731292,22.9427032171917,2.0403173697856953,13.198101651939414,17.87427636473331,-6.345093716656186,-10.082017557039764,-16.552017894399633,2.0126664689477636,13.234274007892067
25.181976253316012,15.172213986703879,-0.23808795228942253,14.045100538439819,9.78739067513844,-14.567657425414364,9.884066880669097,-14.116702462753825,-5.754747414153259,7.678958412466524
29.187760166393822,5.359740093416733,-4.941859529888017,15.85321470256851,3.8823166088974266,-11.43129951204092,21.346906614307986,-2.3587205011121117,0.8437183431460721,4.606278287409813
28.738859087476158,-7.943998090398845,-2.001796826051403,16.378474267810216,1.0884324013231126,-8.157327582280383,21.336767724918612,11.24093406421978,-0.6526469814183866,7.751951550188532
26.55219471190463,-12.866801623550359,5.876334573555178,18.784155127858035,-4.4533252449433345,-5.590654294081983,17.30142749427553,15.672216071029725,-6.735237891342122,7.0940368622915875
26.799856442794045,-6.0817114963649175,11.045153797835,19.892757481555876,-14.401942232060433,-1.3499851516637136,13.912723074770014,12.685423718980145,-11.407725667468734,3.223943074112377
25.18086854947193,13.020490576544272,10.150251145184667,9.04695102379311,-20.032748190053482,1.066728776563808,16.17113319376091,3.5850675233012357,-15.31497746148148,-7.210312243444143
2.006804458486699,27.575630591390595,0.43249637045538275,2.755445224656177,-18.563513214593073,-8.283646463533918,14.503039313841551,-3.0781685098953093,-11.417078904105551,-16.586654679602958
-19.262170677411866,16.832823914925953,13.842762755230066,-7.816248906065041,-14.378493058346686,-15.758092083037157,6.669927811105686,0.6242272804060537,-6.6229853836589285,-10.677878069908486
-20.580205438653355,-4.971497146527329,17.46925974334932,-11.476217534067551,9.584702669008355,-15.455560750369385,3.6389018381674996,4.558632561698596,-5.215990848301918,-1.3327112987029053
-18.66648639523723,-13.892238371197806,8.190515140922011,8.161412281467028,14.061668780000568,-7.294919285310944,9.481945369794456,7.7036974202120225,-4.224959182193144,6.289138358565445
-18.591219716930674,-2.700163959802094,-4.365829243045882,11.061999187614676,12.000921128724718,-5.055299566914585,11.78796593918436,10.757456110954356,-2.385639733040625,12.916777850002084
-11.096672925826088,11.506267834864733,4.583667275325416,11.548012868650472,11.972360365586475,-1.9635079508390814,13.143710137907561,13.759259599856941,0.9278514757294626,15.26972124580816
-0.6619383052086896,14.546728026140595,17.545942808308364,10.254113462674484,6.370113350437241,1.1296974758300682,14.416637442718061,17.166585583036706,3.740986186655851,14.134636363782638
8.83164334050057,17.15510527397604,19.883339324871784,0.39002927110727714,3.0514221696752033,4.741487360906336,17.881479239268213,18.790518628887657,3.0411030763981057,12.938636231561011
21.686009283414318,17.489535997253423,3.4300192137842793,-6.541678224683833,5.254563015556866,12.124469823491488,23.526324903654338,12.722333800710658,-1.0550288392917309,13.681075610918576
28.82308861486151,-4.850874881033515,-6.051174566158625,-4.319428229189138,1.6685225574004412,18.78786691446153,23.465466291992247,-7.3471005345184786,-0.6373558514155269,12.793190043315782
18.132674353983454,-17.228813501655946,13.349706849096565,0.8592357902549125,0.6991801887503841,20.665207935110292,8.7455388758238,-20.409122734237936,1.8239169224275815,17.722808380329628
9.742213885649921,-14.405982149305782,17.09047630403959,18.43555368924284,4.257861933137938,19.598641932853248,-11.562742969145825,-13.423793605093536,-13.137399634052592,11.774469516930672
12.309076018081173,-7.914329394658255,10.515586546839533,31.419945098394184,6.988802438200021,8.5334399472939,-15.018832867133344,10.793951549401749,-11.547985020025042,4.830470771620171
12.760636915118807,-4.282337797913319,5.893514307465252,35.70348508752614,0.2986035687441545,0.33623572113408,-11.274129425273244,16.90739310450735,4.6307242060494325,6.271130067479817
9.297530067671325,-3.1921279106420255,3.237577116606102,36.45378055285757,-0.5907243345419284,5.538539996387336,-6.348350486549861,13.842667082995076,18.16668606047567,5.5628216448820895
6.299192712519838,-1.683301335196751,1.2532078882029891,37.10126062619358,5.77169284212043,1.5095499313761038,-1.733721989270212,12.35311783662149,24.079697816014107,1.5102288568822413
9.071444810404566,1.3630626246641613,2.76421173484007,37.678195530979316,0.15276154148781249,-4.013966171813357,-0.9689528397183229,12.550604460870733,24.909461778346127,-2.7536352322521394
13.337622524258304,8.139885784096018,9.6780459969854,34.82626091342143,-8.234519869689995,6.626926094029142,1.6415819578607265,13.228739412082712,24.182553554703837,-2.0068499166578158
15.421154432567919,21.36781843640694,19.42004228953061,17.792357499484098,-9.12892434478421,16.21382771995216,18.66357080071611,17.600136430567556,16.82410841017105,-0.9723358044082596
16.4743461816416,33.372785596366626,1.6947403353670087,-6.30413415325933,-7.7159028801777385,7.249057386319408,34.76269383038312,9.31097630785807,-2.543568999707178,0.7049441072317143
17.4728019310149,23.576624457384185,-18.310221531703778,15.903009445047203,-2.562950139578692,-2.181372026976751,36.35756828833609,-1.1443843724320586,-5.424654307110884,-1.5612576045331232
16.53124416124435,13.795085059873673,-10.341863611972316,26.40862858416227,16.1219249045072,3.3233372939128465,36.08079241344394,-3.0432690028914893,0.9697588852430156,-1.6490448193619143
17.568769416957103,8.763870283277255,-3.504878262140105,22.954037597669164,35.681802588217735,12.427662017515933,22.680443565570442,-5.971253111002871,9.175895348988513,5.839705651093895
13.987743905740663,-1.2314910053519537,-0.24810598252042965,21.255753779763246,44.048772922665,-4.730132520832991,10.179229496856491,-1.802436061267583,11.2697757688522,18.68142483566493
-1.9652807314392375,-5.517806100138023,-1.985437502692399,20.817099974880055,34.83221524845732,-7.8609523397859515,25.639982657274047,20.141257949969578,11.964797486804684,18.80940130278179
-5.485749647611303,1.0634567344914188,-2.912260059090528,15.647183516014232,37.393319689038776,9.18054157211765,26.779804326695373,27.150015631709252,-4.873418804333298,13.30863723703183
5.8561549425026564,2.763317004973713,1.1752787255284038,15.337134459966217,50.575321636742245,15.537629187138798,2.5469524575202507,7.578147465026289,-5.532397050454598,19.93162072935252
7.694614725536723,-2.4532616656584234,3.2314917879862,22.165940688680966,40.92285811139011,-23.249560488019636,14.438173592844612,12.776799680812552,4.409806089384276,20.828815750221874
1.2257562526296455,-3.851504661574647,0.9146493772339128,26.41422823573187,8.30359235977356,-25.447917565432814,11.292608332389557,42.252332206610554,5.378155258367985,16.306030628315227
4.172293254434441,-1.7200557577385527,-1.216454645364315,27.494850991555165,-16.039773333594976,-4.653657519330503,-29.597905691325803,14.29486706112374,33.7259882288056,-13.77159227242637
13.190239562299746,1.691066764939254,1.7612924085042831,28.23075573675904,4.611597830543596,19.73929318276374,-28.00981511614797,-12.325440735419004,27.69925327686131,15.036449730738354
4.773333147838965,-1.8578174350122967,2.6813369550654857,30.265538719713966,8.809619640165186,-13.003572491055044,-29.06460405235859,-16.152002642005428,-13.363381753362283,25.871049834903673
17.77295559327176,-4.947495434552424,0.9676445719780965,31.040418280157855,-11.614610193410932,-3.090095291525531,-19.54053417078129,0.008834898028159024,-30.530429585334144,-3.457898531430632
10.841492392322737,2.5436208732692442,2.486124225803105,31.075864406412148,2.760269030507159,14.47958655548289,-6.223061199351857,26.956334925934417,-22.152031220955198,-0.9022720612062207
18.42633289355885,2.3570966409121357,7.2968145384969105,33.076953830148256,10.753245397083699,2.064498031353777,4.893654327474798,27.718749804337882,-10.130881434212846,12.969834999481286
21.190407487468192,-2.4971720967271605,8.74122912725268,34.79994173065068,-4.2998045918762235,-1.4948178759962907,4.3563847190235006,28.17168047533688,5.184654933228922,15.390946401607119
12.2296863823638,-4.775925703459569,6.72683023324856,33.47167006906845,-7.4227367599380285,10.919538075986805,15.596347456985539,31.07591979771875,13.970134917736171,8.933480962108273
11.752836034107478,-2.9476591064676843,4.228084169204353,34.563869399421975,7.234798174375223,13.713430991778926,33.97802880692941,16.225360873363122,-10.708401856034632,6.552129598167163
14.922781934145261,-0.8721418891944092,3.597984943662593,38.10621746520515,25.219660245158106,8.940810993045746,21.79156310015908,-18.872400420159195,-3.2520827806247454,-0.004442049858827818
14.842243700071403,1.9112123869874011,6.592824657992898,42.99432328835351,10.699629442776196,-11.427143212815619,25.40442794757899,-6.50997532132479,12.427836128867739,10.605468326695306
8.502235111391757,0.507354593998723,9.37159976150639,38.8490127002995,-23.694004855216974,-1.6760464556932626,20.807573797475115,21.636523613904888,9.868478261156636,13.5431664692118
8.508123941939267,1.7926597025719417,11.973953661264634,24.282815475918238,-27.742052493923726,6.509275229700866,36.585219251251736,17.721760119526742,-5.224217492344119,11.890021493831783
18.468212849640857,4.402265889579807,13.26589172211178,2.927362498771713,-35.72473274104771,-23.944271604797695,21.57192911644591,10.085371833832447,-14.905530718350908,11.199052032331226
27.03415001174895,7.6883423755419305,4.643803333217376,-13.304474428418501,-19.769613394620222,-21.25033136161276,-31.199837269896623,2.9803135240673853,-5.13350190954069,5.787323155081112
29.159593058473238,3.899337982599489,-5.636806574723219,-9.897116832304372,-9.794288904975978,-4.3130420037274355,-34.4459711556104,-4.535899200593061,-10.02608401877826,-2.970103859846173
24.53479586754324,5.7275443878444445,-10.725900372809617,-1.9366145123339424,-10.175910329570058,10.366760807355398,-27.400662452916535,15.114400573894345,-3.1952417920131686,-10.531774075778149
23.757829291324413,3.918185542430869,-13.498857294304628,8.120199575348703,-2.3445076295303893,19.24601858412591,-0.8407194999605918,26.300914964227996,4.030712976739727,-8.435076293178412
22.73139778152704,-1.0172643930113299,-11.952712832911248,6.603199942287608,13.77290959084067,21.986297786277042,16.72175746494575,13.091053728147688,-12.975921220079373,-7.21410390210026
15.487206776777489,2.1083213470398063,-9.02011354660483,-0.8081679934399528,19.833865204178025,28.21895220207924,-4.002985033096943,-3.1312547946142084,-12.379714702494548,-17.740948738559155
1.386941657925357,7.885330589697622,-9.722310134592458,-4.713705847371203,15.70597427097407,20.12561855021618,-15.063822547594057,21.190629338175174,-10.540395548222095,-15.167613586210607
-2.9648477930175594,9.96109502058716,-8.423849606786009,-4.355619243029085,10.265880812664014,19.230702948105016,2.680873644413516,32.42264246302384,-7.876819852424964,1.0371577615141068
7.377659512121094,10.05794655947683,-8.18573993243198,-1.3575289718649277,7.290261540641946,26.799492090726762,21.68644711099416,10.531647792593526,-11.422736975008187,13.180113705020453
16.977769480301934,-0.94103286676508,-8.863501642558385,-0.6066065386341419,7.964409248749582,33.052351494086714,-0.546445584993529,-16.994428922627694,-9.12619890855903,4.893147042443207
17.98595282479255,-3.132056547065665,-3.2120600372410046,-1.9356853935823737,6.955642811631866,28.80922962873561,-17.551295870505292,13.47972025127795,-8.383669494029462,-4.402573206810537
18.494178941735,0.6339680585339438,-0.00023493428564396596,-0.4485671000990007,6.750010097983097,27.72584485120648,7.132279496692713,24.9608731963282,-3.596611997620676,-1.8225677163708256
19.04660001239629,3.816391448971931,0.03896806427674572,1.7070831818021444,9.355648434366296,34.089498035826615,14.750820112362472,-3.5657350937206846,-10.303212089311902,-3.036965981422678
15.065605509789036,10.640233714838525,-2.9572138934736767,3.2494675731654254,15.515875584818163,30.900013410759648,-17.116129118957257,0.2557903892395811,-4.979855179229469,-9.42838966648868
10.18793573696546,14.628241287461995,-6.184796401444337,3.8523082282775007,21.00666673094352,9.564928738288277,-19.89124073337491,23.76804794162233,5.767952711407438,-8.264999575728117
9.72685628927695,17.160583835173977,-8.742628875536708,3.2432893711392374,23.10700916706874,-12.63609295626817,-15.516707777689145,12.941126403773149,15.659135987195285,-11.486550262474125
10.549204196200684,17.637842983056174,-12.736732130911845,2.378505798796032,22.81654185347167,-21.138555254997502,4.042483025181382,2.82201601678633,16.62736828184654,-5.279065993547186
11.964675015464048,11.877021379057316,-17.519300133815644,-1.7179496709977784,23.229130052981933,-6.141397042695539,15.231138362292976,20.18189726354313,9.294852154169845,-2.5167978332832184
12.540384933793671,2.8183639881336884,-21.542261637070958,-12.302250817634762,14.048483433378639,18.605312025048292,17.122191850040895,16.273942855169015,-8.066395437184829,-0.9177530312325427
13.594888045981511,-6.8894586943736265,-15.246819745707484,-12.451632887853963,-13.119740642500368,18.98360455071492,20.454365931189965,-12.65607350581116,-6.696699847636575,-4.1933669329507985
15.276773614267066,-9.528754398002963,-3.1705925551583976,-5.82843138463013,-18.245886500122392,-5.36035469840164,21.04423938598501,-12.017819743464928,14.268396634022858,5.193569264880542
0.9724734711445879,-11.062581858718195,6.103349180757548,-3.838980162883547,-12.14762350775575,-20.104112327782783,8.51761946650156,15.210004200803061,17.2348661967478,11.887050624210008
-1.8624511546231308,-9.381431848186399,7.905265203780694,-1.1365978088448097,-6.137826856332603,-17.20278716823198,-13.106589915757562,8.273650500976267,23.875258538137253,-4.851370553258564
4.214512520029623,-5.620402297618304,10.096404196500027,1.9602070382338452,-4.3394837478270905,-10.829709093777888,-11.385888354563678,-15.647783293123581,21.22550760020489,5.74023739492092
-4.115118167303108,-2.813961871123741,10.882315914315907,3.743536024113305,-5.330308443082487,-6.130924478857773,-2.7927466210097656,-20.74607409693459,1.4172686298998283,19.143115945461997
2.7535833001663006,-0.13689566698122008,11.926215608055124,3.279298882716649,-5.746727556317741,-2.863307175018569,2.1921575288381625,-18.110282166342397,-13.42597360909003,13.647601859998005
8.944047485801136,4.752711786095272,12.80738441732996,0.45265782832579604,-4.86807165569945,-1.1632751187032846,5.203720148302275,-17.482308565828266,-12.777773845222484,-2.188239169506979
5.43449530861316,12.9080095422373,9.885184271593946,-4.557321206722756,-1.3930201348952078,-0.5341083880499028,7.583671164055757,-16.25877664361786,1.1474947259418298,-8.136225317634157
5.158008797415309,17.067769451582155,2.924046325685519,-7.126730867861987,2.312998196949311,1.9516735253035378,8.767610065790443,-10.829497829829506,11.732822162682844,0.6426686289978287
8.045028581924733,15.531102239756907,-5.354332974853916,-3.835854791946943,2.6659286215744395,5.87934878113059,8.523346697602536,-4.255137465156714,14.21886557422497,11.44302575080576
6.966647221064811,7.2082324803579505,-8.631393696735323,1.344719676753248,3.9463026714045784,8.694982127754491,8.175227435732692,0.753347432251512,15.118039843748123,19.596744811398207
-2.821293603246215,5.450581410425124,-6.196670678626201,3.1725314227334334,7.947809276518111,11.856439844001171,8.401269677618506,4.87836701393903,18.152352252834486,20.18215942465907
-8.662215581299916,12.566613344171289,0.8988509688245931,4.674128717761176,12.684655696983654,15.470096068363596,8.02775110108224,9.338702798417982,20.962280373706335,7.67767919142217
-6.174586072032435,11.39902076287793,11.156112912893914,7.162207365654025,16.83724924663079,17.622711783748255,6.116079222226318,11.720438980729996,17.38314715395049,-8.797398730157548
-1.810566243602395,8.061791335376268,19.02096340416633,15.312142135223086,18.141332467897733,13.220169248858236,3.3221168476288723,12.589271049878977,7.682892858772326,-16.430679749562835
-3.648930385359174,5.281191397392001,27.684265022464604,22.642018625537336,3.7706025660493445,4.7652889003499155,4.85672815492633,12.869918374730748,-3.359484714155352,-15.210988534687312
-6.453988959588833,-3.78805977575428,29.696494838210075,11.58873426498496,-15.38360579474674,8.562901352635851,12.448520287106954,8.228297634810644,-11.71462437537288,-6.111482715091089
-4.795537927693508,-10.250645143259723,26.773509763253823,-0.8843576847827693,-17.496572894361865,-0.7058720939325419,19.399526414532893,-4.507311204267555,-10.518204549624087,0.6502487046876737
-2.957740408484336,-12.419960216833399,26.63364945202951,-2.080237077611443,-10.094684397819533,-12.922528439596787,17.04264153176955,-1.8023594924924375,-4.081128305542792,2.3151625918971495
-2.393742552476023,-12.779126908358474,25.181676297262953,4.552431291343447,-10.181863945160549,-15.806219496820075,9.005134574251523,7.924609229134304,-3.225558222613402,4.851553938283835
-4.052827403922964,-12.525378351122011,20.867703398581604,4.6229289093872605,-17.343725449983058,-9.961210922210475,-5.950352131043455,10.369519874584228,1.5494827006581071,7.416565951365989
-8.03380246072566,-13.2516029835282,16.230134659930997,1.3396094157868508,-17.914549762306173,2.589088591998695,-8.492465635577904,7.696458888813806,10.332729490860697,4.747141765043388
-6.2349549834791915,-15.775143134101901,11.199302732094724,1.5116911457377875,-15.467655137072217,8.763326546473408,1.449346541061721,8.157855556624567,13.440280760916808,-2.9578841442087684
3.5965849871817306,-14.0719120877679,9.149217795458652,4.022957805929978,-12.812885314042735,7.14679054527485,12.840281750986913,10.652149719375455,8.597457817831407,-7.281909029511968
9.887906590931202,-5.322372704122503,11.773711185874616,4.520402168103006,-11.595328557017359,1.7945189534823445,19.35891805070726,10.62558364508779,-2.75367367518193,-5.946568904732262
9.559280957184551,5.820696900796487,12.715070394613136,-1.1084955103227272,-10.63999423517825,-6.031688281214298,18.696768015899124,6.859576298588361,-11.309832587238718,-4.3433414489352735
6.664431322997737,13.581239279281599,7.584184632357928,-8.084393383051937,-3.4810301145913236,-11.593057245432206,13.597332080399797,5.690820072275954,-14.641117603376134,-3.509962399005962
4.3540982475638055,16.285230845502912,-1.0533065070844392,-8.230497795639504,4.637322224115545,-7.633830634587034,12.75486934335582,4.179604831227888,-15.593541904973842,-1.5321048418758065
4.392941242300005,16.540259569399055,-7.373441471633345,-3.4166702321552065,6.373809923175013,0.03599777680381512,14.680760464763754,-1.5860213021589178,-14.027453475904291,-1.4704566194785962
2.2811459295400636,16.7812761651746,-8.040222691327115,2.84821024336531,8.039635486500583,6.895814685251575,13.320497311510485,-9.96455977517604,-6.297497094484216,-4.255893232741814
0.5074515339783086,17.91844409494768,-2.469814965173993,6.426781617234319,13.024568141635028,10.54560809314413,4.809169856842521,-12.419982188769572,3.6707124823071697,-2.7649620677356936
2.16949157704602,19.00245661297446,5.381426502371372,8.057291820711933,17.152950027778502,5.540192869703421,-5.172790730472101,-10.11571992637244,5.26033828646042,2.395824379644528
8.039405283760598,20.950410561160123,10.341903381018355,8.138625326713411,14.983378245578043,-3.899670952094245,-3.7736070504197805,-8.352442824929279,2.4588029259655433,6.688547300243079
17.845451561862884,22.12181808880749,5.630393036587638,5.891766447365756,11.154757962008272,-6.123117944103477,3.868579664650812,-5.940879829970957,1.2450105601564643,9.875006221367302
27.57422472651257,8.180421702259117,-6.615996704734802,6.89173897934228,11.406909201083028,-3.5630240452521558,9.168278169977683,-1.4250078396622785,2.0195991691864337,13.498555764401175
20.416360139402435,-17.001559690292243,0.7034943632039157,5.292716152563213,13.988797245872277,1.4084193681938744,11.665003267242703,2.7407250695563463,4.320339805668092,18.596403064462844
-4.968260615403972,-20.84227378638048,1.1403049634961853,13.923618330675174,15.120235820962595,4.643151233799362,11.182020996835991,5.9184447672982765,7.9011380913757305,20.61201044725945
-21.040304666269066,-0.18627212922945402,-11.630892317854787,5.221051378120233,22.302057132660103,6.622920669821088,9.711651389187487,10.225149588362527,11.848041118582918,9.702206184468974
-19.105425371313515,10.588091517288696,-1.0079855520535346,1.1759507598939478,24.934803559096952,14.688023576398464,4.569995813872709,11.943973960333635,9.573230217263832,-5.80777503655569
-15.39071507158821,-0.37531352695196296,7.204128005730039,7.395729340126251,27.27068888331191,11.964183550896974,-3.7208517780565193,13.174722262546693,4.302178813221425,-13.80017273230892
-7.262842899536922,-9.361042178316756,1.4549382450646677,17.06310320146606,25.23646121994311,-9.737541884394384,-2.848377541906748,14.466950876235373,-0.8372244529705717,-13.543324548152015
-1.6378337826468345,-8.934270434031681,-6.523403639010759,13.993319425536349,14.321831565483379,-22.793457913152537,2.567330711001563,16.45950778216114,-7.000029188265372,-7.50162638198624
0.4005170504556542,-6.530615245475125,-8.693704285614652,8.60007624408937,6.589926594146461,-25.17920447384373,-4.66242446634138,17.17274538804447,-6.781425962755347,1.8306824204904697
1.2106005846207508,-5.032797117859288,-7.945566573274024,5.847971964789538,2.4332757786564763,-25.369330503081706,-13.441683938792075,6.340969037529378,4.016746716341729,5.103105129519625
0.38957617515337284,-3.4454621893777313,-6.616300342323996,5.645899880286673,-0.5812292815896991,-22.989677926217546,-7.356895692667626,-8.726193887899008,4.140272457199129,7.5365964199578865
0.5543059789284039,-1.431639003532619,-5.150475588555868,7.190847299466948,-3.3380066674212894,-19.223034871621927,3.008886993027743,-8.517403652354233,0.642529506887202,10.492421218875656
1.5267425375005508,-0.20261632257920445,-2.934524824782432,9.525324489509726,-6.8327316088960846,-15.65427575510181,5.378935172413856,-1.5353048910125506,1.1873757093135837,11.992870292328728
2.1247973680387418,0.46719277117505265,-0.9003606262473628,11.981516440789045,-10.056248654931368,-9.50356808345939,1.3631059378905974,2.9152975229356337,3.4516429931254713,13.413948889014872
0.7388627865634327,1.106883234816566,1.4267544310512148,13.20039795565707,-10.85683897277326,-0.5470038479804832,-0.6130802500006082,4.644544578309739,7.741445873991998,13.998249975069811
-2.7158833175289496,3.519799181151207,4.915350954638697,12.921113358231505,-7.746805680456939,7.175527869336882,4.1701529284592596,6.986165483657656,12.724899505492083,12.136860541436535
-4.630228672207524,5.641328590078742,10.2111172220267,10.293946054333718,-4.668253481665351,10.163300896917246,12.394260345069371,10.220154629972486,14.018651775864585,5.0348867428693165
-2.7614324470276346,4.948513108121851,14.749096856684487,6.196742130898358,-3.4056944695553817,9.741759547595334,21.42771961394948,12.030951971917228,6.022827819962178,-1.510309428770655
-1.1006972951864904,5.249585586458166,17.307104371611093,1.3508294734315685,-2.5628725552182225,8.18864595504042,27.57984583110219,2.85514586067846,-3.1290175695392355,-0.08955267154505572
1.244903852954654,6.774256774523179,17.96562912993443,-2.940498501039219,-0.09639133070288423,7.612528716693131,27.547271196255828,-7.261642806490826,2.9662917054850984,1.8483772371113392
2.8523028633605017,9.932475278823185,16.073322606617946,-6.309602809724403,3.8315609280328284,12.139995207620732,23.775553529717026,-6.638018890532537,12.610314699027276,7.674260106887245
2.5225345277963593,11.707035746240097,11.552294738694998,-8.512425977344657,4.696437316728388,19.8474789051458,16.804119970849904,-5.107125211504686,16.458206384386447,15.283422353972085
0.5142861120047652,12.350446566149088,6.475748600610972,-10.291670530687817,0.2990298569982274,23.93569238675121,8.400220562986966,-6.322193788583942,15.80051185915731,22.44931986497881
2.092816763223818,13.231810831567572,1.0947812915658228,-10.571298424055106,-7.940084296299523,21.569163007104155,6.598748940969458,-7.353510223322017,10.561933309942601,28.050172657349567
8.930064740623262,5.183729551438706,-4.23164584959603,-5.932418249725917,-13.995117841060308,12.784337692129107,10.912386798408702,-9.389951774830054,3.07059350650172,33.110950377883725
8.23241122328982,-9.971529265834688,-0.7052023033115093,-1.8084501734823926,-13.372401490670123,2.919436185229526,13.761911122990552,-12.607044609196246,-6.1712732949801685,31.868970782642723
5.183078256953048,-15.531196456659815,5.927477454781629,0.5927959718728048,-10.951455573440818,-4.090148710913514,15.378048034201466,-16.21522318904395,-12.77437287200935,22.029020292914968
4.34124725851234,-14.64876319044842,9.162061282985718,4.458519869047058,-10.363640736638445,-9.115069019422906,18.936983056956812,-17.792579307265765,-8.910491055734132,9.6666485911551
2.297075660708754,-11.532659940678384,9.2363709269614,6.934394160472284,-14.104927626292605,-15.205058230882708,20.38678313364982,-6.197016587645149,1.419665764946937,7.943064777245525
-1.2046104213432665,-9.073051112514765,7.985510317780521,5.53495048421233,-19.827772800277486,-18.106030826530276,3.7405331890087408,9.487216454013518,3.821694693587941,8.899195337095925
-4.867100790274358,-6.689292729790164,6.3841915685067505,2.651374072588836,-20.949462852910546,-4.555121169018517,-12.657707072543118,5.209474388453051,11.182658490719987,6.221282548678092
-6.737234830285204,-4.931305295376559,6.099274724744897,0.27533052066602787,-18.41411364143817,9.400669427843862,-6.680228242196435,1.305310438433087,14.60607768528144,2.4105042495146516
-4.7637815735168925,-4.781000605661218,6.748363716598874,-1.7630333619707719,-15.819678622856284,10.879826830461713,6.102651484521347,3.1127698570783355,15.866551314372108,-1.857836916963317
0.9562569642135771,-3.501734243472852,8.388387879776051,-3.621033868133619,-12.907364590727754,2.648085181146348,14.621960352646603,9.09334215539739,12.61057549238971,-5.399333815311143
5.357725933322841,1.6811627825251565,10.217448141793692,-5.748170048874579,-7.800706263631232,-5.487597367756069,13.578368646634582,17.100043113168063,-0.22491043872532737,-6.277274172168265
5.41925765570345,7.100990109403279,9.017859306092218,-7.370802247647444,0.12920991817438895,-6.591331159755645,7.380421351557201,18.601886025198606,-10.648771492701977,0.14628910474110346
11.230343509764367,9.180640382717383,4.25672397807962,-7.0458492246526445,6.261255483997599,-2.131989464591249,5.5920911038870855,17.65066388670452,-9.73729644046863,7.733690939363991
19.18747641333918,4.22287002516019,-1.742598572423035,-4.844143103456859,7.7954310919544,4.430651234229047,7.543851086182924,16.311935670026703,-4.989372080661898,10.11980808717242
21.498879457101786,-5.797940166595389,1.7001555733685365,-2.903531578095585,7.8729400741429245,11.43822708637698,11.728244862957101,11.826069525096157,-2.295164199776817,10.413106768145452
19.225364932674154,-7.871217891410592,11.069376130359066,4.393945820056204,9.368325336136925,17.81070818219983,12.381104945401011,2.9181057114873727,-0.8391333551599821,11.001799719584684
17.006043608245783,-3.7145788132076207,14.715133072075066,17.089758147100657,13.308756366824417,17.24814786651475,2.6349237032593598,-2.728993460616311,0.6774906448326175,12.4111250299356
16.1955002622632,-0.002186385433354865,15.634307353808934,29.215293682312687,8.583805136967163,3.1188755203826037,-3.338623245458472,-0.3534330376018894,1.3671269139462265,14.28892446602132
16.62952366880544,2.21058390178011,17.436520135960077,27.256181846141367,-10.227449265635716,6.707578688324494,-0.4507503920586614,1.5188431270023317,3.7481638182485773,17.403241601453708
15.31078678316629,3.215791052437512,19.328038833833645,13.670312156995129,-13.105951873355957,18.32322988507727,11.512456039910012,1.0396714043563786,6.868349586842789,22.30620929952751
9.910353113780237,1.2345084339376986,19.68157490111682,1.080586270860751,-11.095725920800474,13.40506142265221,21.47764143966209,-4.575523099699218,7.626060242386295,28.747190802571904
0.35485023941489247,0.39121249478126446,20.548207734824715,-6.248225341362918,-6.4735301762663875,2.8948942470494496,24.086295872257303,-2.874500505764215,7.580010223468972,33.0409879031
-7.612606759765813,4.487546098334093,21.23579676461568,-8.166747142344873,2.9407514288880923,2.1382578326387316,25.085700202510264,7.607277482826989,9.82195513500096,30.73218050991195
-10.564817541150747,7.810460280480581,22.799555769149645,-5.221079303160026,9.897218321523773,15.255851655659193,27.65865327432177,12.892755775223009,10.629982623884802,20.1272129703137
-9.914181063943165,5.236773042168363,26.341530614984084,1.6961764494183733,11.615505809696032,31.496923361715687,20.824191110327877,-4.672612659413566,9.14679906135727,13.763273386966546
-11.840521120051912,-0.4817968711676356,28.977515721634646,18.388741771018918,14.49128470805584,27.66901985460048,-14.063629903851783,-6.5241444418744665,5.700618986657384,14.502239537810977
-15.090195131464329,-6.656954763581407,21.62726255700388,36.27804697890087,-1.0698457496058562,8.550739938248743,-19.918677705993435,4.506309109529936,8.901343117029453,11.421919376320723
-18.07084514153991,-8.977847500300351,-0.2088275813564605,38.668115920006144,6.7777456923109325,16.28924261171822,-11.677795976127912,7.138660710113853,15.911415443792862,-1.7139023760252137
-3.475348007026228,-6.78688487244806,-16.21107364600715,25.17650336173301,22.95477150766343,-22.1545108814191,-3.5344142224933885,0.4947316844191566,17.953044917967027,-14.090666469648838
12.632432816701275,-5.416103100452729,-16.257971443040944,5.101639838744267,16.77910677244585,-25.793630882518134,14.23410382585616,20.064015497155363,10.05766400847112,-12.675800863779425
15.054657112260003,-4.548806957934607,-9.300807502537403,-7.2232758618140025,18.079295344305763,-13.171898851676797,6.138317502279148,30.058170547678692,-16.43948332873921,-6.928719832915389
17.372679986390622,-7.19772650959836,-0.25017374868881037,-10.842507172878847,19.10328047965792,3.1517566005917743,4.841217883297185,27.04183916397006,-18.58483801313681,8.44969089947528
21.0062796713695,-9.50925573471845,13.295356993250287,1.0014463179712996,18.51182932601185,17.436975455041008,8.76920174101161,18.851611213775712,-10.061873188054506,13.211159854659723
22.160415030569798,-3.263869705997812,18.122566202643746,24.340334501685778,19.638934554147227,13.874245436561228,5.8617760064067275,10.214579826446622,-4.354269590704691,12.13213394208764
24.82491823527528,6.6215317444139,20.148396695534096,34.30146495820224,-1.35273698915682,0.7742601123814208,5.862816562083189,9.802078702912187,1.0171478297391257,12.281116411884499
32.21730239859005,16.861805789208617,16.951563276010347,9.42460571855527,-17.643992833064214,9.240605822519306,14.513299438708454,10.236080291134082,5.522662513892219,16.65602002523239
33.959602903642576,-5.7499972767512695,4.275203890117591,-0.248449369651165,-15.197609119107804,-2.987076310356571,20.801121122698568,14.600533041474755,8.259881563790477,25.991993437737555
-3.5598920064728348,-18.20019300556704,16.399489052734076,3.27649628756456,-13.829687491024456,-11.265528652632426,6.098097331564012,31.319152910150912,23.369343502390663,18.68802524697173
12.198254446534538,-16.494938938343882,9.066784281986477,7.196996389842308,-16.014730648302134,-1.5377308537395504,-9.254415272586225,26.699805916142893,20.741685917101286,-25.007182839671483
20.944969439357045,26.054824524892524,2.7901481883751753,0.10801571809757173,-14.926987262288788,8.211701132936222,2.403336478550174,23.9479977420554,-1.6679288564294505,-23.189365280722274
-12.843415559662409,30.344729421147438,6.787745845381141,3.377064896296523,-11.428193473300434,5.056932592339715,15.5610200363344,12.583524369640488,-26.015949366041763,-2.853506492346262
8.352595186311715,28.849531826216595,4.849199113944993,-15.728510197723747,-4.809957435819666,-3.2773530066741516,18.340261913893187,-9.191238614710095,-23.94207854909233,6.4755898230483515
3.8497706361818067,26.62132657459344,-18.88311470459852,2.8603408707290052,-3.3824727221040947,-6.33448934736337,22.321206719872034,-16.537756734766415,-3.062231266561579,-9.503190025597961
-1.557099359730837,26.84019084865808,1.748188798899694,19.294492376184113,1.0484651789578299,-4.658640954120433,25.511109007912264,2.017695154355656,12.451600179988167,-5.633699655558641
-5.878662035593591,23.515899519495665,23.214786155345756,-1.1122827180268056,-6.279409248863973,-5.356695332875702,23.148366446841834,16.937239671549605,-3.60275180852932,-6.664075009497749
-2.961539530575768,17.05837067139549,18.461565182366826,-18.89274953441029,12.530280253809787,1.184362005995316,20.201617984431262,10.706394908766114,-17.3163159305915,8.33184707878823
14.229744585413476,17.09973867981005,-1.7265873597197974,-17.12727376871753,8.644561590169628,27.121907706695005,6.680284226820397,-12.176795446093658,-14.83885769334418,3.978314657067611
10.12784965121132,13.13217720237489,-18.960536034553844,-2.235675028135446,-11.860118648586765,28.36921153367094,-2.383841487985643,-7.309696477078198,-10.742095195705003,-10.356178465371572
0.0012259408812675399,12.778081462959182,-13.963259960982011,14.76670434279736,9.653620666312609,29.033067300300456,-3.050105413185791,-4.580281603290351,-4.843352425583497,-12.092889221512559
-6.926278217041269,13.066037231218358,0.7597259956223554,14.197339604872136,28.36747155645222,-0.5936710367696957,-17.26199418575567,7.982897192565267,-1.4534254835940066,-8.753804676102984
-8.617363880354167,7.745710333593666,15.545854834357117,18.541957451865915,7.171023501180894,-27.215445125037302,-2.62636481323174,2.496908800041077,1.7944164381939738,-6.906715859509779
-6.513284259574112,-0.39445260010574973,21.054245374730417,6.518768033292106,-21.273080641592408,-14.313533471257845,-11.757810672583462,-1.859110319541287,3.2930019564926107,-5.423932518880059
-2.8492632756698235,-4.331814995633779,22.02343874000908,-10.112998957275215,-15.714839081571267,-0.2674036984466355,-14.30187505465537,-5.952284592299603,2.900218682016576,-3.4741828003004516
-0.04358996009892138,-4.166949803502447,25.34908653907018,-11.108690799230649,0.041495761907065165,2.1926489287649513,-11.53004972895702,-4.3232618475381654,2.0142412214282865,-0.7114937897299688
1.6051986060422898,-0.9591242593807787,26.946613235244293,2.0885039892381307,7.654461405858556,2.2861605163517713,-9.846923648679557,-1.6942747578628854,2.1588085529134067,1.6684811332593505
3.5311609492103715,4.205377671225469,28.051960360520408,8.41705281572785,0.4824335425970454,0.4229918174532744,-7.889578339951336,-0.543935610611504,3.4949036930479513,4.114309344634012
5.975870340843876,11.25915287406796,27.71745256918012,-3.4712315733700203,-2.305980345922201,3.3787781005589097,-5.215827885166458,0.8008424281668505,5.388867324473297,6.701344568905776
11.300268563161733,17.888773787046645,14.259245984913507,-14.909582296984748,8.053723878818781,6.557005597597198,-3.4931298936116093,2.0916347696019524,7.928499210361273,10.49761305208326
16.556644825138093,10.560441725570664,-7.349040500249874,-13.624428049674203,4.7280511423668745,12.706217735958635,-3.411928970681697,4.175221866652651,12.329883309738946,17.389161741351238
2.091702027547409,-4.915371739921122,-7.702793679394406,-9.802666100523322,-6.325122672174219,13.32632713762532,2.6363447336937735,5.7508445858249235,19.044452479609184,23.177058292557057
-14.772896825719428,5.303292430790003,-4.289704159030614,-5.105036783445067,-10.586019122078,7.511550152253592,13.4333428697619,12.44921696324971,22.67200075060505,5.453250473892027
-10.782363092591922,3.933685426198321,0.9003944620760083,-1.5921208990279327,-8.861351500502716,-0.5803386077982077,19.159447841845658,22.77302835581044,0.5356135194868383,-14.43386775223512
-10.37705212341736,1.6969219613181554,3.458331782720257,-0.4470917943915657,-6.21507573569245,-5.5343026343986175,15.29871859786942,15.502787154655177,-20.778196164883507,8.36425958850638
11.008003016543125,2.6494261243089703,5.113288161999192,-0.3553104122561766,-3.842690353093431,-6.800167585315041,11.64899662978561,8.471892356783245,-15.85069056782894,21.502347937652328
22.65374973952107,-6.588498104219432,9.327239675486567,1.5677909587659407,-1.8938570075516992,-6.044406937494725,9.817244078909953,6.777933245357103,-10.233519507663443,15.692474423436707
24.84603352355836,-3.311146302009133,16.601706015645536,5.80736234083966,-3.414434046668421,-4.198711720328189,9.00057164000494,6.929573522432562,-6.643973518276065,9.943003142075604
28.613664778110948,9.91759367469505,13.717555740791036,0.8515956178397185,-5.739415649283089,-3.2016035917663004,8.293387650414639,7.57263546380892,-4.500944135022628,6.387264359399467
33.508323792786435,10.869519928166158,-5.021464013899499,-1.273337130607374,-3.1279288403939987,-3.035202571437989,7.979065568104526,8.877148869019948,-3.6947831229287917,3.543034452477644
34.439628348565314,-5.29036477638578,-7.027708332091425,2.511127622639714,-0.8479844284219604,-1.708856337418587,8.052633567091299,9.832600960868369,-4.272780185067675,0.870001982960768
34.651048173396084,-1.5542070529934557,4.7572791340017915,3.8824698033788296,1.334630426705946,0.32618571570160604,9.328481834517511,9.233302357314724,-6.739326385994995,-3.7899593770751383
27.4130070912992,16.760627463635288,-3.4393072065680825,5.685747829721513,3.2142614719286082,3.067828263264129,11.308850595689922,5.375967753881991,-11.180914530865145,-12.597483269729995
1.600386778969177,23.799459230941476,-6.845154066202672,13.194368827849143,10.732941340074836,5.360047794984026,11.524267953649826,-2.0825239848546873,-10.699221496367032,-18.222394981624163
-18.453679878603943,11.522984744963358,18.79520901391954,13.817909839775961,11.76519011626848,4.546723757778263,8.664215064085246,-5.859140992866824,-2.1486128310435197,-14.044670080988356
-12.565871773728624,-15.249760620924695,13.155682793113453,23.748198763253445,-1.2017280063541715,4.091629564972525,7.936011547208989,-4.684040734487378,5.351035132978376,-12.234459321311911
4.138355827972079,-16.71159637083711,-10.600087387416714,23.675697224705686,7.74459493281517,5.258552182893028,8.451014671558186,-1.302880371740259,10.269263553932538,-9.634326610486998
14.409609478397455,-17.79795704191836,-11.152950282638965,3.580905956611784,21.04518892439242,3.1650157138267114,7.737130886333048,3.762564937780097,11.102608909015053,-2.5538755274784513
13.568604916584109,-17.765165108177868,5.8234939733245,0.08707673434576231,21.104555845786038,12.368882286259643,3.2698976990614645,6.56505255797948,11.5324071050865,4.7305360551235935
5.166051796371212,-14.10329065672957,8.447997864591265,18.47365111112103,21.862987760449577,3.8044879547904675,-2.4315564361022823,7.496480843806153,15.39571872988147,7.919950349473398
-2.5522859890101612,-11.290726090042625,-3.5531087987558823,24.13167817471773,11.95195925488537,-14.922685815012041,1.8029318450036906,8.92598656840466,19.244923632532096,3.36107159381954
2.3546434230882687,-8.329163718271571,-12.312336571616788,18.366066868973828,3.5689215588944436,-19.202940031411785,-0.5425921099724689,13.327311056176937,18.171944617445426,-6.922725869611239
14.156195003768337,-7.987823420046516,-12.582840068396283,13.272482773426223,0.9368697662522107,-18.337217242783932,-7.190456985104014,7.254289344851248,16.721143589909293,-7.149269956490195
15.414338749746413,-13.80444334654573,-7.255741447818629,9.441394955021094,-0.8195692401749266,-15.50350957600227,-6.22737346192678,-3.6147985752756866,17.559632247993388,8.406572710707454
-7.250788939444529,-15.371725343495902,-7.417648850719547,6.506506922136141,-1.7641730932587991,-12.101360247553641,-0.9499469621768635,-7.039264183377226,13.178330410172958,18.8124135901432
-18.8425204967266,7.723639197595721,-9.008924735631233,6.494249307945153,0.0991824200918025,-9.070974930473364,3.265211794828529,-3.2020746165127543,10.201197287379182,14.755274331938583
-13.488106344699897,18.387693799469556,11.608340780187246,6.420752854136671,-1.2999112749072306,-6.5852370692285325,5.274150552989431,2.822408464585211,11.195974353857169,7.649630400372696
-10.047973563693724,11.320678777964257,22.290157361475526,-6.667623484916495,1.4507536251767075,-4.7482790507166355,4.977025549184332,8.935522005146929,11.996803475250248,-0.7809107951357652
-6.480608761134201,0.9745601340871151,23.559876083956592,-3.1057133722581622,11.575540499900724,1.5275667836869657,6.1374015478134325,13.537495796475705,7.2205231229608335,-8.822857748110065
-1.9431357113746752,-3.5637113326120717,23.165712426189675,13.776766633879168,7.981185136385323,4.686049656146387,8.273796204973335,14.364005403520517,-2.7285002373502865,-8.45339976638314
-0.8066251834155237,-3.3382656505927613,20.582140670133107,20.387476742690843,-5.8641038036763256,5.804455359549941,12.578282046696089,9.387761022700635,-9.97418996670848,-1.571041927494538
1.606094440250645,-1.1654814762394574,19.362103514650602,13.509815085116367,-14.147682686786986,8.2557112032209,19.114024199983245,-3.7550921960642767,-9.930415713845896,1.8626086086603622
3.8704625454649912,3.4082446751502635,20.05439119379371,-1.1285640585948196,-15.878260653939614,-1.1363978835658646,21.93722508970122,-11.194451447144328,1.2887242199153044,1.5024891299358814
5.480862340904185,8.891174706956457,16.66729649651806,-14.16743638165341,-0.6346021495172004,-12.64642496640148,20.094630660881197,5.991383065839722,7.1783124889378165,5.506393644983283
9.367365720769147,12.362105850576873,6.149914542754639,-13.260490483207631,14.434159145410666,4.227292308047117,19.316725267729826,17.29520218695647,-0.6461744578224673,5.9668617364165515
15.880370896975984,8.97011356411403,-6.047254251077777,-10.407062371221437,7.030052550489536,24.581288304367,18.208254311303335,0.016995873424150834,-5.078306716004765,6.90555384354116
19.27062468910591,-1.6979431181526459,-8.614146720164841,-6.410678786933332,-5.86714523750524,26.319440112070257,6.299917237416536,-16.286473268318563,-0.18413655455469452,5.344382814470459
18.344644816712357,-9.16632014356769,0.76424241667391,-3.3226466338217877,-10.499309688174977,24.418402633336395,-1.671068196263823,-15.310254117105758,-1.8319873712956767,6.254614782561273
18.0599260832285,-5.462362075421343,11.032027640712025,-2.1828650251237662,-10.43270059464509,25.05699605851844,-2.002039352007708,-9.33185065361993,-4.066624737857592,2.8978452843490174
19.358968615875913,7.023156816160875,11.429319888748163,-6.672418195687775,-10.08194295438774,23.748619802705473,3.001813265049745,-7.388555719752941,-2.070717235748003,0.2158974047404605
20.64707654134243,12.830464247298526,-3.4893716868679427,-9.01216979519192,-14.76013669589245,15.882017784844273,7.747348606953474,-10.437660213269163,1.8001430693558291,1.7239574644924418
21.6910645228069,-1.374721278718114,-10.8120520276786,3.193729366233311,-15.31199921786401,6.5695339062219125,11.884096101452663,-10.886076216293223,6.256401933225776,10.419803139627922
8.05978536384215,-18.184744992062743,-3.371200519073088,6.032014135291106,-9.637700398862238,3.5014296330903085,14.071686299426727,-7.123613506684128,6.790522973106668,20.497919761981233
-14.637512219530006,-9.133656019343006,-8.617732448724261,5.762243974004931,-4.929985619692621,2.2609608608255294,15.63824006266757,-1.9753161095732337,6.913173504268941,21.525311022490556
-15.67809918599446,15.00663481753344,-1.0194675305278849,9.016640491689355,0.5776697305403212,3.3250660310331064,17.102744865594477,4.07553417569375,8.361572713051663,15.579770737344491
-7.0880755090377425,18.89009214265479,17.39712763940698,2.48193297716956,1.1760278416479315,5.593250468905935,19.78501154754054,9.373388985624507,7.743371826918543,9.272016726115364
-0.1296659777273626,17.86628660192714,18.182038477839384,-9.90386867721023,5.353468908513813,10.794252702961519,23.349569556521857,8.159830778405986,2.7320514854395808,7.233763928982166
8.36115190619846,19.052789992953745,3.394486037568699,-14.71126226618275,3.0449827022633142,22.265564627189743,19.82808941622629,-6.790585385377992,3.319473902632784,9.052583395559282
15.640320927381518,8.005108309430467,-12.944633044937266,-5.965136334532062,-10.645406020660085,18.393472459408866,11.579233985618718,-16.877237425520747,5.695250280228743,17.44764268955339
10.593896706406959,-13.813393643458307,-8.7352152735847,1.093855581078087,-9.8832452615936,13.845021386638148,7.2126451360414165,-20.124507497603602,-2.953254868926408,22.09069807778885
5.157621888572493,-18.73105168280621,-1.5648600565205704,1.04969788431333,-6.541827533542008,13.857807170144602,-0.01155497086596478,-21.25833485120229,-15.065952809121885,10.049022303179266
6.588742319377325,-15.765804862219586,3.5662130167695483,3.73151531165008,-2.590581696284441,16.681515632254964,-7.485621381820071,-11.740772019747341,-16.703170884225425,-7.381798575210394
6.1636934026981685,-7.629414093442718,6.036980875865183,8.484347574898411,2.9055746411576786,17.555525615357666,-8.261704850532164,4.382664789907495,-13.795969433292807,-12.941010561590408
3.234111047469093,-1.585414938200751,6.229729973081981,12.992758995639042,9.917786320959374,13.51758091795483,-3.1009286468145234,14.385500696192901,-13.459404770232346,-6.828356511450507
4.13933998899895,1.890683374817443,8.273557199075288,18.549648855673908,13.088958110437956,4.904611928982617,0.8879812463193673,16.784954540037443,-11.331585083918672,3.596925756464944
9.726375476850798,4.665777543616894,12.05069373005486,22.652481144938562,4.32707408426552,-2.2684365863196945,2.833095129741296,17.20938545316268,-4.622441109453559,9.420160145610044
14.758536495880897,8.724431302585092,15.726887965614674,16.360726513712738,-9.104593220484695,2.0382986227489135,3.994055516689391,18.25283731175905,3.8205875160010128,11.176838397387991
18.22424513339591,13.136118719906111,12.458386973058785,1.1861338551357608,-11.798287713617475,4.218296182035661,12.291000202051459,20.613372966907423,9.034324725414189,11.778580935711156
21.616038263967482,9.084603933361246,0.5015023304221828,-4.4857241049516094,-8.649930622855875,-2.835950642630409,14.77515472812153,27.049954446478434,7.558990149294931,11.866235714908129
20.0369978147429,-2.904057001827617,-1.339504151433203,-1.4034008195317007,-5.916838305477043,-5.702374612362571,6.988340950941579,34.20382951665764,8.640782629655604,9.5846727443751
16.88257797140046,-4.15623594348011,4.948412325809169,0.6862669362291764,-3.4765650103896113,-4.385497826453055,-1.9336314733136573,36.13553378122596,16.129184783594898,-0.05136875661957616
21.287177059226366,9.367841879845923,5.0746403573839105,1.428289158168317,-1.8038091534403975,-1.2848623571527769,-5.200335657204751,32.917172825451786,13.917486590926417,-10.653590665332697
17.365434760590375,21.98105751536635,-8.101916110992725,4.865689892261255,0.4198411629869627,0.944475793587247,-3.116536984379121,30.958811436151585,3.357182232441264,-12.661447844801828
5.015475407432522,23.88531310053387,-6.239463597201583,15.693899170788102,7.609709740787787,0.3248960646628341,0.09161124734170498,31.59174156458203,-9.025605828324572,-6.49851591458284
8.798667703271931,24.791963042939337,9.390084395559057,14.702581154156825,5.870742900783137,-4.180321126626998,-0.47817586179754723,31.673435829476272,-5.084969981480536,7.735613428649329
19.568762553749472,26.08330268092119,4.699551926174434,5.5945092126372415,0.7600223607900005,-3.7102713388444006,-4.395480361219749,30.83041908369576,13.589912424331473,6.983231564356266
21.31527564326974,19.50167769991541,-9.612998819419888,10.287463425940384,3.1789926485642748,-2.412671574280651,-6.011534137779204,24.921209015423177,27.652883062908078,1.0266867784734033
20.365663511015956,6.5284737613441495,-12.303773413708704,15.36269770646247,10.1707109652128,-6.949875810090625,-6.0327632033562475,15.150430286241605,35.67612377409512,4.7192181955450145
1.0054929531960397,-4.45976709240117,-10.447722590399534,9.977957600113976,11.895045815706954,-14.855927092219334,-2.128556932245777,4.8947626043699755,42.38882443290664,12.314187508837898
-2.744923771740924,0.636330514521578,-8.824070833626822,5.176705896107558,11.324452506085725,-15.44770338472491,3.787802354556852,10.342025330030198,41.80285054373948,-10.941067676765394
24.40304312913868,8.32962905964212,-8.785250714633476,3.749466450535971,11.352274298053192,-13.017091618548536,2.376299744361406,20.734264299387604,25.345173217320784,-16.946550568322376
30.206025139422653,7.874540574637137,-18.804841122699116,4.384995692116267,13.046638943325881,-13.008164416591178,-1.9528677494233253,21.954431516035694,12.723447489833477,-8.564801660193911
32.86487797181942,-11.680620685882037,-12.265456780218432,-7.3546592901141565,14.470988207586506,-12.424068437069895,-4.089009933207986,18.94828364568028,12.401142728169008,-0.17521961991180668
23.552236707189174,-13.49910007691847,17.11707290652102,1.3376368889550785,19.28193885049121,-7.137743658885673,-2.3077960277188647,15.486802236042573,21.39718805544146,12.127096841181762
1.2094291198386,-7.100805196915677,18.343292991868314,23.633691388763225,-1.5808503518601376,-11.873957378427479,-2.42217617432707,14.27955407309945,32.54956827717504,8.281069620883535
5.208590731594333,-4.199592537809395,12.602014582089664,19.139543522910166,-19.868794101638528,9.085129684136854,-3.0449877727529833,6.598512724070282,35.51100005276673,-6.332118768392675
13.501157898637114,6.537035341426362,13.257951567734821,8.256986440700583,-15.673622869551526,17.188537531916538,19.33532687682842,13.595426741734101,30.3089861379539,-1.088921917531526
14.881299136540374,17.304482506937553,6.240123727462027,-3.986292775624735,-12.325521981256045,-0.7788153181864361,35.61508822529283,25.128248274258496,-2.417935026917272,-2.670954369689267
17.27302631685162,16.743069066470486,-9.131920001677292,0.1784181425846776,-8.30961702623991,-15.681943642944038,23.17895620977082,12.081446359541616,-29.779123793767184,1.3189376677270372
7.959783084480118,11.965684634563514,-11.975617083246194,14.609174392903718,-7.545623525774632,-16.90797639113142,12.619880181105655,0.9772709187713542,-32.35606815490778,-11.336971823624262
-13.345933064240361,11.130326929287964,4.341460957965046,21.098134691462814,-13.58276778427995,-9.518125162620017,9.150778925694292,-5.27841172391635,-26.377297997752997,-7.026334726619821
-13.392035675023319,2.8071866071349194,16.616163955810595,6.3010996918209035,-22.943830692347827,-1.5428031167131449,8.123375854546268,-10.525346461640195,-19.530499274546372,2.588209733731437
-7.960040114930358,-2.4975358521180193,18.200750867096392,-10.086429792965852,-16.283021968916604,-10.474808058286321,8.094335831126948,-12.923646146726808,-13.597547312937127,3.270525763061871
-4.9164783497141915,-5.599882102632534,20.48559096740471,-8.724727632252558,4.6499902259157215,-13.375613848457872,13.524282313876832,-8.636074379496817,-7.3250736903723945,2.5038706268656936
-2.979182185280991,-6.558568676503539,20.17511336601994,8.491006326010366,7.7497575249964195,-3.9358768241455735,20.35218998803932,-2.339389908508964,-1.2489484086613751,3.8870808218287953
-2.5538921992800683,-6.018274485127844,15.640563211711745,17.596533393618962,-4.093647655843255,-0.4316745107983715,21.84918666091497,1.297626729897062,1.164784901008854,5.601535931430211
-2.5034801007494925,-4.687585424413388,11.711004303460394,16.239301315584722,-13.820959864489806,-0.8301089683642714,22.51009498931706,4.718398075887835,0.45043665118096177,7.055122387673381
-1.497066525644029,-2.8234195739163175,10.323496834164061,10.63367830695983,-20.19867846923583,-5.6112645644665395,19.946085605126868,8.789141995091578,-2.0145429484954254,8.748221783173722
0.7111535546506148,-0.8790533475379668,10.69558034403118,1.734273875591742,-22.894464130857735,-11.49161799386907,5.69136288941532,14.476992781529066,-1.321539289061417,11.921818174402238
0.3274486076088366,1.238387910290963,12.014511704715263,-8.086066618577155,-16.327473614877825,-8.97610907054013,-11.116141385482893,12.127291348397229,11.303500401463799,10.451870267196485
-3.315726953862726,2.5727525871801538,12.417857244161146,-12.878521692202348,-3.41616399399861,-5.016507899254408,-14.025510249196467,-1.785756811914785,18.908232607832236,6.665828600164656
-6.334767217084569,3.5061003345998674,12.742453673429036,-10.293493625880071,8.286939285053352,-2.631187470004276,-9.694511725200877,-11.744151949972373,12.559270065618,10.418882544981605
-5.51047249960117,4.856585965510992,14.07043468804266,-2.5919872138763558,14.905294703165243,-0.8931179888257798,-5.427665702300339,-12.557443953023963,1.4664313970675893,13.889796143667207
2.595083085698489,6.633432718216419,16.358296040627092,6.495694857848228,14.394275663651865,-3.0534084090192373,-0.749606311028727,-9.81280119404697,-6.09156272430313,13.703474238831078
13.217149588314731,10.894407339325275,18.11513810397558,9.981242000461075,5.785033418477531,-4.5389866293867644,4.924719537896601,-7.840983576705703,-7.961632428017064,8.736855945513705
20.309585881953375,20.62119335761677,10.017745181160333,1.8174043909234767,1.1472432953076173,-2.6882870843594175,8.381425645742896,-6.567050241146503,-5.082021931407342,2.2248821277876085
22.16885190508936,20.498508471474107,-10.353926422329595,3.9316591517660795,3.2352449185486405,0.495260291061421,10.406862636101893,-5.165392617362813,-0.35128383282323633,0.3411728007747673
23.752011350985573,2.1072873348035825,-17.173779101910824,8.97837408628669,12.082815563281349,3.153072620976322,10.820478350629253,-2.9099660986394316,3.1721976237330862,4.382161394746068
18.65462696114761,-18.610560461566827,-4.66530623319892,-3.546588704609008,15.808093312917691,10.190138352408582,7.141990498356834,-1.4657922100495602,5.211123835495506,11.359146935571513
0.9878448190304717,-21.071108592799135,8.472641080253569,6.62339050119599,16.35321595508272,14.006824738099096,-2.268071478941689,-0.3472896104279302,6.518513787594913,15.820886206718708
-16.097551083973965,-11.687196021481583,-6.405628228219742,11.63514196659602,20.81676423546224,-0.8082966552690458,-6.588606321298712,1.3546658749730174,9.184247928593685,13.613211834386442
-19.208296072594372,7.5777573822056095,-6.66316231097327,2.8880446179310697,22.854484764658686,-8.94657423868485,2.595816272156149,1.5175632507264938,11.062662908062148,5.139759762228972
-16.350228511878605,9.26965313168044,5.988120298316813,4.468240965144996,23.009562136320415,-1.951372246820272,9.804298642904792,8.958464511020502,9.966537711732672,-5.977622366607469
-12.615319912108648,-2.7748217943374134,11.521771535501493,15.281383531100651,19.58065002747216,1.812999404516086,10.83059789883677,12.995286387627937,0.3596386254245427,-10.744544728484081
-9.32421785150242,-8.9049567840925,1.6504786607222048,24.910329553803123,12.24701649673189,-3.5249395550128693,12.605376657483962,11.634618962294143,-9.597777570173667,-2.4784941310368414
-5.799148769462683,-4.07450670997657,-7.783364203311463,22.59964789015498,11.306695156140385,-7.360358430448197,13.965108000262868,9.296807640714032,-12.188569322372745,9.724279090062634
3.2035012582543203,-0.5195473595897597,-6.841615129820147,18.4733091400258,11.976314337006558,-8.118576522127865,16.492401566518218,8.572470659080288,-10.086440297087732,16.907394020771896
9.92803030728935,-7.10344722081844,-5.765159360033437,14.735379351700402,12.979307888566494,-5.194713949560765,18.77646221436922,8.480234683232135,-7.48790048536635,18.63528408286198
6.411705649733878,-15.876019074773245,-5.167908496012146,8.934473503024337,16.210094347644464,2.6528497090227625,20.1983645368762,5.3349740673422765,-5.5356365914777514,19.246714548411926
-3.0438609540003294,-14.787476252907199,-5.936479784580456,1.1687968513426374,20.676815797726167,15.854252377047747,12.540107595773282,-4.439446013835046,-3.5444639805988793,19.953661056241902
-6.113551440795825,-4.712315576185198,-5.405333717347907,-5.666360319137665,18.529645368633236,20.16656945696731,-11.212841066176788,-2.0197323779339498,-6.716274756577283,21.213059523605217
-3.2204037298919523,2.4339899505001372,-3.2163767551177296,-6.7979647332007564,12.700752960776578,14.474712598668999,-16.229346183225534,13.932848048244255,9.28195079707077,21.72635136257397
-10.072374323899824,9.04617208234585,-0.47628347023852763,-5.2131787533555585,9.420319342867476,11.447874957544473,-12.213078965429666,9.861287237129504,28.9858125753043,1.6261825846044837
1.19611864761565,8.630424804778835,2.3189052795247624,-2.9911624417026657,9.196509582662937,9.66916499419677,-11.754748377883926,0.25267990690825093,31.004150732477918,-12.324931502995573
8.073993630090678,11.322313747595956,-0.38553850263860323,-0.6489993083394622,10.169317600145858,6.025601726182092,-14.712666232125537,-11.826000374817996,27.751695264661652,7.622882833374201
6.162946943563496,7.6633116745011485,-0.9230319873514684,1.3116855051823277,11.668900792595776,-0.6828786523418602,-15.195928516736496,-19.091154752358563,-1.229536447335422,25.663315742326418
21.73489172800376,-2.323981298118676,0.4546000347594296,2.747626037245868,12.55660148851869,-7.081463221866064,-7.127307780909003,-10.630517656405647,-21.991624328742095,3.6819749868542333
10.220145701845325,9.648251927145195,1.3524867829033547,5.096123280607205,12.089989350910487,-8.312628091374627,3.138974238043537,-6.910831252092798,-16.099857398542266,-20.874369311834542
-11.539625288318064,7.771857755259664,7.3087214776351646,6.973521276246683,10.308748056282507,-5.306086099500207,10.95046371302654,-5.438404563058558,-4.428511338620023,-21.100680403349358
-8.677484902243169,-7.529381427722213,8.424471577598972,12.716827980562329,5.922988136523665,-1.779793645780952,14.199596257912415,-1.0742418365953696,3.1994746699561314,-18.173083104531614
4.1056267183908535,-7.813680354189931,2.5386747921537856,17.073275761092145,3.907389879091728,0.6413875956013301,15.721952347878267,3.698449346751153,2.6397332052324574,-15.970538154618257
8.840389886420406,0.3523353968092352,1.963505173703068,19.177304126907558,5.0842381039073015,1.9364107773419674,16.869236282460857,4.614244388196844,-2.581338660502956,-13.443881599745724
5.238381710596866,8.096852418327954,6.600869098872915,20.3517159769538,5.72369213332225,3.2655550728732052,17.6041319220139,0.6916782656815377,-4.758123628748184,-11.704816177706679
-0.1937865146943738,12.15245995858286,16.960279420550464,16.749168819345506,0.2869442664438015,4.534729922084415,17.748740791764224,-3.252266377444368,-0.3651905342656218,-9.838407476284189
-2.144082383682742,11.193894659608894,24.792949747941318,1.7471551885019283,-5.319339396585463,4.482262958059282,18.904086903711004,-2.884089441356904,6.036451233246614,-6.9472458041738925
-0.9410261966674425,10.738277743590888,22.943242660098004,-12.047774123903757,3.3330785569182715,4.042366758629514,20.1923639901981,3.2910734804233686,7.5931049743182495,-5.249469311269681
0.06556648352447664,11.626507732444473,16.867913296943115,-12.358861552345028,11.093208890280732,19.118248682521312,17.960133114166837,0.9296453832407744,4.979909998848577,-4.277992078276901
1.3900738370892944,13.30281835740768,10.54578123582285,-11.897571145494902,5.382255951993923,30.423508944470864,2.1849511570391,-7.011011036121222,8.767897922215925,-0.4758359656907817
3.642653845496202,14.774904755421941,1.3267603727203503,-13.724879129400016,-8.89035884598657,30.504335085167625,-1.8225869709944043,-2.342360896660437,9.513351116941164,4.721858508758119
6.866610376437561,12.765113751337015,-8.097886686558132,-4.701483289898407,-21.254757364568285,16.17866465759686,16.302435000830858,-4.054914577080605,11.012689910223385,10.53094249046154
6.507306571327547,6.156347736223351,-8.02731156692742,10.103040093646094,-16.9013368618212,-0.14575363633216193,23.382766081928054,4.162635541819931,13.01869584764824,17.14885802001597
1.8300918798892993,3.549935877736059,-3.757439220572546,16.902867934419177,-12.19009660041953,-4.080412433390863,19.86922459294249,22.294344307068855,10.263566924890554,13.073559871675856
2.3834514547744323,4.167453263673122,1.4115162444512748,19.04012755285499,-11.23649625228615,-1.4923813309730918,15.178904313410237,30.724137704145754,0.9501803002003791,7.158656880199845
8.447027741911905,4.804066618805953,6.427984760449112,16.6590159311947,-11.82766797245427,1.9893048978113932,17.600495530798042,27.855714300651783,-6.788162477340791,12.994801473960516
18.664547784351484,0.8462652223852052,8.234959068452879,11.999587410294238,-13.445833343567353,0.3033272850573773,21.51936778331707,19.337217504207704,-8.605369885351333,18.217324440647797
24.92117931169371,-5.945184716829837,12.037183970238981,7.668101740696229,-16.58928270995338,-5.725605813101335,18.66835249638246,13.449261962844702,-8.866970052792235,16.140541265590244
27.76314280945011,-1.7034767296429476,18.6488831993199,-0.8722955621018551,-18.3025293122554,-11.66862533138998,5.701307474410353,15.13033559144907,-5.766117925487646,12.386384206318558
30.682229529420187,6.825902929110119,12.509534394433643,-12.667139587189368,-4.773639191319583,-12.200427238102241,-9.352412787528458,13.680221546532982,7.652443685030505,14.002259346473782
15.302921659745328,-5.710189952218914,9.673340444566682,-9.922981188146963,9.533218815918051,-9.635499262852322,-9.642847172928114,1.0383658264481739,20.36165715914418,29.073215867433888
-20.84157943780681,0.7286943417166591,12.135880460119743,3.364283292134441,14.148407558533599,-8.698917493726238,-0.36625003175712745,-4.4407855833314445,16.10700843890977,28.8112712833998
-26.68490263899352,6.874437182025062,24.375168887302273,8.391544348823958,7.171928698235888,-7.743309711556789,7.188647476517595,1.9278506071011654,14.800961415864295,12.809985783763578
-22.153659027139064,-20.254351405579026,14.260273831690576,15.844878736638787,-7.268733442372196,-4.875669112794014,6.615978336038208,11.763655490914035,13.097229999536417,-10.183024991026448
4.392152632065146,-25.250715236700444,-15.121764313105391,13.239312741953908,-3.674702034269132,1.5607433194358125,6.979921569941568,15.385080708691264,-0.5912709604422104,-16.535292424403792
17.132941313764686,-20.492910807598328,-5.156012032982846,-0.1307706502471117,2.8700073483912183,3.873669481757814,10.038461751232163,11.854757771418393,-15.144631631093747,-14.03136336105913
11.975264155807265,-2.4786365176123093,6.985295311763795,2.7081114606291052,4.730089669034539,7.759792128755195,12.008468769456151,-0.801943564287027,-20.135557284654688,-20.99211809962101
-6.05843640484565,2.231938177199316,9.290874827810876,5.7299411552588415,6.860859363969801,11.03855198686207,7.352009551005934,-10.86446868701618,-6.117809009790201,-24.596372133772356
0.9066007472545063,-3.5837478574385844,9.631123511287221,12.235959173799897,8.831868046376025,9.951162796907058,-1.1332414939380306,-10.17082040901751,10.18669750585362,-20.08699373084424
12.081005731913292,6.821650770170271,11.261024107021573,17.384173075412356,7.813806269378526,2.870673560069246,-5.147255754316891,-9.503032794091013,16.152338401003888,-5.064160798293863
12.923929532515329,13.391090886938517,14.630702047232525,13.811291954270027,-0.29238954308271814,0.5605922087233576,-3.8666722400784206,-10.304596065738004,12.615759925594418,13.70549547245679
19.10352858166957,9.697005970176093,12.043779366714256,4.530638347355755,-3.7550746617181354,3.9284800063335816,-2.4218834130553124,-8.900961939832623,2.951556349439116,24.728574400887734
25.24766258228924,-5.1736386941070425,11.635248193648989,3.459705529863011,-2.423799951274924,6.656921070215754,-1.3491349240708066,-5.788017242782627,-5.007676142834891,23.333622009989924
24.58455554786375,-6.754400296353552,19.693958396299287,9.518389564027858,-3.097251800608294,9.011237088231038,-0.19699224824231903,-3.196325435290011,-7.251691153520735,15.061311355667483
28.354933197183197,8.7592910351648,20.267674544797252,6.026512631657407,-5.759569803592178,12.23734465906563,3.0408270378105104,-2.0872792705741947,-6.062430104892419,6.765681648706831
32.29829641684429,19.647678528392692,-4.828884017831725,-1.9177773342087883,-4.454875324833383,12.56347591952656,6.068237055422166,-4.229579045056498,-3.4734846324889537,0.6064776228709494
32.830866394383236,-2.0829001018754654,-17.965040755690186,7.15661952777976,3.6074728677454972,13.22907854533367,5.43145827003016,-6.355757857436669,0.5550468457684119,-0.007521457437128343
30.877688727646532,-18.6552600823768,3.465341949026516,1.4242771716440084,9.474224672954161,14.047919314504966,-2.1582032520019583,-5.215160014722301,2.458821769602104,5.158246850822191
25.123522107381614,-7.709933575183301,19.183745893715773,18.922624245598072,8.747209769902282,8.030118363657524,-7.950922812436766,-0.6896734418711026,2.5200671837287625,10.383401688840035
22.758193261053574,2.848146102863633,20.69838485943544,23.06578873540505,-6.411547796192006,7.358906258822272,-5.57307881009911,2.1469481668908177,5.2603642062661375,15.60255530020091
21.073833693721493,5.8470828566699335,19.91623272242682,8.85596523415765,-10.862224334224265,17.10017307199067,5.239576319653765,4.251522027313076,10.407790780299095,24.01167855464246
8.6843014478412,0.35259542350890105,18.596663787390415,-2.0763809298671863,-8.74474020114638,13.786584345934248,17.988767569500727,3.9068174507565367,15.079242803970688,32.07108625106698
-13.450998667902446,3.1483239395665747,19.758778113089544,-6.940905311693958,-4.031569063091444,6.908402722618377,25.754975116637162,13.658379095781536,18.52981692229542,23.201229987122357
-17.272827571830145,-3.939325647323549,21.200435910102033,-5.75887566091117,3.4380533812876295,8.465119547312185,32.70086632840187,22.372627056314265,-0.5992407082460336,3.1185306173847427
-14.1736726593882,-10.163450170017187,15.129898914259378,9.026310722444808,6.235115527023821,18.367930989864472,31.941100192521937,-14.815070775032355,-7.924152371637442,13.06553745703612
-15.367535625003757,-4.835016136917686,4.824350145137292,18.52506626290509,15.676764201908814,18.16363908647808,-4.0466153022085525,-30.402949469299916,-4.5207957444997815,13.423148551703072
-5.202995418269188,0.9163461567550825,4.338398056698135,23.31951371433788,15.782615935556072,-12.5441926717744,-11.710013704098731,-12.52943890471789,-27.308505754797807,6.220151065755665
-0.6698119682685204,2.7745002393316183,8.450018281126068,23.964852075668645,-11.189064520997963,-15.117420350364998,1.1069525026407483,-8.25374500814674,-26.721815462039253,-2.880574643823006
-5.629704495894775,1.828688877844603,13.139725087472518,12.129014903607102,-24.442954310384877,4.822819222165959,1.3238681609335892,-6.408206025143002,-21.342580339983154,-6.007964897435516
-7.9458210569392085,-3.059885683647176,14.37804486472857,-2.505232451298628,-22.621648700692326,5.756553099336401,9.151196161551919,-10.662833611242188,-14.098614728539939,-4.254033341720115
-6.259504313590464,-7.580708161537809,15.768426053144468,-10.22622505226726,-13.448587418325493,-8.214788574185791,10.654740143021227,-11.622774959807892,-2.729818154349507,-4.108596705294706
-2.4178769723359643,-9.863797489469647,18.954495416263917,-4.425549431566005,1.0511273189823211,-11.731617648404889,13.060419496605451,-1.3651216141319003,4.598652770295226,-1.9693224241952636
0.5730845521185725,-8.17725398308454,18.593379371241916,8.199841456213658,-0.0013387680514521938,-8.037681039067726,13.57227332823544,9.923759794918565,2.8865023031264583,-1.18273685998818
2.6435640019054873,-4.461460090630706,16.697438235263462,10.903654770145682,-10.740876579258659,-5.4965593848268535,8.778313292681633,15.495270707511246,-2.5144469044193163,1.2320374720754386
4.6581601485444075,0.11702734372349291,17.49093670459912,2.7220883607231685,-15.571991951701442,-2.793825411426507,4.7230504475289425,16.75325112707161,-3.147442267372579,5.023780428676363
7.661155865785081,5.465783873154294,16.9447496239391,-9.399557915198276,-9.095340295163405,-5.125971060867152,1.042285644111446,18.217338365815,1.745192508109298,7.3635240096651495
9.663321491176838,10.01038471925638,9.971940062529358,-13.94863922152032,4.535086745854356,-3.745992342775451,-2.0662415215223775,18.678335002986177,10.813592612517397,5.964762240508386
10.739179004171994,11.438326458657633,-1.2822472679611796,-11.866742119796392,9.375068402362833,3.0765374031616433,-0.39139458724059556,18.599652763653754,17.14496861255755,1.6676761318426985
12.120267122737475,9.743130194904248,-10.870174539798926,-8.370016367106748,4.819400842603846,9.35424490915326,5.467158505037357,20.399203056288762,15.348611744664286,-3.3228220513332793
13.882130184465154,5.54313141852189,-15.536286638468285,-2.0031795585034655,0.4151333528620078,12.542895013692373,17.61076987417115,19.331733826567728,0.3805614579811104,-4.728244549133177
13.161546216506189,-0.47211407528752514,-14.659875559489599,1.140192044959366,2.3854597227775165,14.856285614154828,24.30055401317355,-2.6502780689416325,-9.916338739566552,-4.6468987351907
14.394818325865433,-2.7580703031775724,-10.761336796032232,-0.4094464410632642,4.856665805499436,19.691799430490367,10.11634581438378,-19.281244375575266,7.585992980997388,-3.7161309136490828
11.67980407916438,-9.47238259129304,-4.068984269496099,-2.178647287838247,4.745533581985438,20.689924399860395,-11.647226768525817,-14.952183019594202,4.07539476582411,12.563831303753366
6.367945295145062,-12.822317785141797,4.0179970907285325,0.18380541690667548,4.78305324117364,18.279811648138146,-18.89834105277738,5.632407489912157,-1.5835818951474023,13.674344113484812
-3.992657256636971,-11.131518458935238,4.720864525925485,6.79184782818357,8.174313022070697,13.647173539642942,-11.489097584668563,14.718017505506412,16.672149490505298,9.711784160630168
-2.0192887152884444,-8.899553476113981,-0.2670331325092374,10.6075388392776,13.023583464745679,5.2534567569799515,-7.516256957482019,10.809441550220413,24.168293891395706,-8.693680367203484
15.395667384464593,-3.3902478770237527,0.11416613165800306,11.009785989639457,14.77583359363565,-5.152594113944499,-4.911912074464963,4.910511882970397,23.570430182429988,-6.998652815743019
13.930761944157274,-1.675221816617754,2.2895034890679202,13.49052824437343,9.901838804219057,-11.710122563896686,1.4212856423381377,3.6779559941365454,25.01237340701963,10.881455456642088
-3.752073744972724,-2.3666618869268867,2.6523978853706107,15.714358332116577,0.46076456435717694,-12.439743554619126,2.3211215467889468,10.598176015265025,29.12723874881934,9.619475476941094
1.4127114719719607,-0.7081015984673216,3.0674645135275393,16.562786458963092,-7.617231028865227,-6.213910589005539,-3.344994344306554,10.792444438811112,29.139707199620737,-11.62180425681745
16.81632933722273,8.992959034194108,5.1729143376013775,15.087258513023594,-9.206076678291177,4.6439967347623865,-1.8097735806866064,7.232302372468978,26.051894520823822,-7.144890112916289
17.91047908917224,13.915865019214689,3.56602033666844,11.794717040040648,-4.614138118941732,10.620480510729346,6.204437839489801,10.660459468872318,26.26739413436804,7.969818547900764
11.3581471507448,9.679073373501774,3.1197268370863056,11.096888184964845,2.376182364785112,12.193338155557619,17.20089047569301,20.674710106260136,25.9894364601779,9.43125490776359
10.643213389224428,11.672787059511213,5.5668492422562075,11.73873714571624,9.923097205183428,17.80450229279838,30.837133771732137,22.09122418677972,2.2160911903757885,-0.08786794447361461
12.408136815297677,16.481077231912458,7.973019551806032,13.86062856067997,22.159410459663885,29.47783755074508,13.091967687082354,-15.800569173858,-2.178859600249246,-0.7363128275258921
13.055725011502526,24.268980037814785,13.158121516629267,18.44566041893398,26.982012614302665,-6.090771964867065,-19.263130514570765,-9.037788788152422,-5.1031367643581325,-1.2644237324924592
8.147917268707033,36.31772872195398,18.957561165393084,4.865011963702054,2.454836920141511,-22.989909536515178,4.3459549511086335,-9.361008608580537,-4.235728969809613,-5.458492949822775
-0.06756676464478549,40.13177812359701,-0.10693179472501535,-11.555727748057514,12.30617501614905,-13.217174605297041,15.820172094050934,2.3305026290617175,0.3423194861060008,-4.029159684447651
-3.4153230145521696,40.499172045295786,-7.599810154537742,-1.0247168021182633,13.847953956522206,5.884248610177229,18.284745201527333,5.487217397945477,-3.502874733443755,-1.1234080495041008
-0.850973237123231,40.99083237700247,5.3497007994893595,2.9619022166667315,16.81659712913413,17.01591325047412,10.246162199685049,-4.41062042190443,-2.289797637061739,1.4401291358358421
5.638310677818838,41.25005052680124,2.5483166620992357,-1.8694420179872788,17.735871293126376,18.544465010834386,-9.05290047773245,-2.6339062971198364,-0.44031065344523895,3.107335282400777
14.591589620433297,35.68180350724705,-13.995355833859886,5.691269937602083,19.555881772921577,6.110476527826563,-17.04424624098126,7.422390316264554,4.850524962688383,5.189284189203098
21.473645461528154,10.115666044807197,-22.531440465325165,7.546149316686827,25.748428683059217,-18.431377743530554,-6.738641449102165,-0.4843515947592744,11.703858108533938,13.687290768545497
2.450029217235674,-17.3484328251068,-10.916529734876205,-20.46947320033948,24.153799673617687,0.10892137840397449,14.0922547628225,8.408623206527722,13.925706080410313,22.58531387773118
-18.65814874300173,-6.622205882218832,0.45746547941976673,-23.58337773476406,0.636763327149401,27.25420185687068,14.594618898939665,9.0721748119682,16.66414025141669,6.934225532114917
-14.351414127499254,-7.630323505369546,3.79686941779653,-21.15027767965918,-15.831801503028709,3.518159457266607,29.90802962328165,6.544951630663792,11.045322982987756,-8.420095711214927
-6.620637352412894,-12.571487910042338,10.649068014472416,-16.815604210006228,2.8396958998631074,-14.821227874809097,19.06925836285164,21.35877274837106,-13.053644503749767,-5.315644790264275
-1.3693679702074348,-12.01427408891104,14.418295325703463,1.448551951198524,14.178433403669416,-0.3612245571579547,15.699670310912378,13.65499240906719,-19.69346721038166,18.428910251394115
7.088784323880899,-10.871335478264164,11.49142988400514,18.887188469244034,10.608877965704004,5.2219445638633575,15.602383694064054,-0.9891142764495547,-14.988346745320843,22.633361843048377
10.74145039087879,-12.800197256216164,4.305360904931997,28.423622054444518,7.382703349351361,2.9231028135795043,13.45672038311165,-12.183789309762625,-13.137239053717565,12.285340021719094
11.722550335556457,-13.820928436224946,-5.465510138520237,27.85851164399954,10.874736668563576,-1.7139054367083697,14.283439645667015,-16.545942488236946,-4.781743021455084,1.338407811822262
11.208651305995225,-17.53806072268414,-11.151417855222288,15.174680263380768,18.27225610536736,-3.0042498922409986,20.29860840855409,-8.840245418665974,7.6059832939404455,5.053450307433435
-0.3201735016439464,-20.26571241904005,-8.008584145320278,-3.201943945586983,21.862340611694364,14.148943824481856,16.798548993262493,-0.355441733025193,11.42112588973561,11.17784963980136
-13.408001741004567,-11.675759876083728,-4.659169385718358,-11.315512018484444,10.67771349201716,28.931555047443418,-3.058625540182205,-0.9875485106671904,12.667712307680684,8.675832023192713
-15.168684565955987,-2.7987063041844813,-3.5816940537480484,-10.462151478946122,-6.833873155764693,29.88201087073358,-0.10850331809135937,4.741210485484911,14.361610580721905,-1.2243572301996026
-7.683349320104636,-2.289961309895951,-1.8792525080888547,-6.663335714763596,-16.498239132723686,17.393261848931058,21.673979549272055,1.2234487510229666,13.113457169103013,-9.619373262853177
1.6144594443108036,-1.4002589199097357,0.2855966036020931,-3.9275149791527344,-15.522738859968202,-7.116745574044045,26.64561547566381,11.787379078169595,6.104465268195172,-11.200189122767174
1.7601601186834528,1.8798771907033476,2.265139320809319,-2.3316463915738415,-10.471402924632946,-18.434402710838583,4.548538651638021,21.754113347055714,-14.570996024327044,-3.229877241234522
5.405173637501877,3.323769981794755,3.2300438412304677,-2.108640692307035,-5.873476858175015,-13.772341230603685,-17.75526250559331,19.002918249895615,0.01364129007969117,8.0333760156223
4.305108255825494,3.94618298730308,3.896377048175589,-1.304882012480719,-2.7630423881127593,-7.043379753777629,-22.516175657337737,-1.8850152333964758,15.697895904202415,8.84847441663948
3.2158439356827673,4.385107435806492,5.044715855828577,-0.5420841744101877,0.06157426250484127,-3.53930787966231,-17.490678734076084,-14.651923486433892,-0.021642329706238833,16.01144927774728
13.227189715508976,3.375724797201546,5.008015491054692,0.7156121840749196,1.7787362643947755,-2.079193510745727,-12.941308975428056,-7.427085685088367,-14.925683193590379,8.156745318787538
16.07457126096933,7.32142499821674,3.724375187056487,2.1785249365656534,2.949883736520948,-1.538243036587247,-10.285473830884072,2.208187593880896,-14.344297377907912,-3.4182921577052108
10.799503175228542,13.917930294608903,-0.37877001317034553,3.5629731076039075,4.481066897138432,-1.4663649255815512,-7.901314923499865,9.079873148305161,-10.79794700273179,-6.082707901135772
6.487276546654807,16.645416817392064,-0.7434510434269342,5.915725216412312,6.12579516040092,-2.5162097500157667,-6.196254740796542,12.812117554448745,-7.088625722318085,-2.9391904760199656
7.1930571998211255,18.063795143318444,1.1996460549644354,7.210621964890642,6.437973866097194,-4.245837604938726,-5.002256611274226,14.584240273567575,-1.5679054074375174,0.9737331314778287
10.435746919292962,19.13523245303962,2.0922521485357852,7.727649395924837,5.598722371685271,-5.888703461364619,-4.852953931371966,14.032753475919433,5.151330910027313,2.5964060051046287
13.453620761828974,19.26082410766088,0.2618535641584605,8.361579490616696,4.225780780477992,-6.4611302564384285,-5.156884972506928,11.658087773731953,12.144223161602618,3.9237729164568758
15.07772333367993,14.495612528697885,-2.043070533602304,10.85814732238285,3.270310794167977,-7.013687915182965,-5.248389994153237,7.537446333401819,18.707387880878127,9.71778799123874
7.514061327069022,5.9999398480582835,-0.7956307986259732,13.010335634520784,2.1252772384649368,-6.968131005519551,-3.582307338548797,2.7299963034439583,24.2820010889605,19.151542637673963
-9.62503811123283,8.149276901678347,5.620909344622548,13.505638702778258,-1.537245119998621,-5.354597987746401,-1.7748999976719286,0.5070353582342825,26.463258425485222,16.446199606915446
-14.439840183494269,6.676165615853885,18.343130653703533,6.384588605461068,-7.327510192797573,-0.5441203374716468,-0.27818658097969484,1.0289836460951316,27.280433063414993,-0.6732281450207032
-0.04165883506144999,-3.085478873492579,20.46952046986324,-0.013400181975118095,-7.170408281055518,1.9532824231443813,2.175308066453828,4.197181625105131,26.88257270170757,-13.504518793304698
14.883424082890238,12.927919302036253,18.052568522839803,-6.655307068282923,-2.937627532339026,2.44750659283925,5.46520902728625,10.022957467939841,22.367007796324526,-8.254470681722674
16.090878861198995,23.629849796509575,-7.197295679408057,-10.270286331665279,0.8871608345081509,4.527725440923534,8.981990752125418,16.78827682038943,15.262738992835125,-3.383486582072962
15.903389119414685,13.20731182807126,-22.35536218056434,7.785189364830641,2.0751444234209666,6.043541477275367,15.512244295063287,19.788794842624437,2.239812445014739,-2.2606446021533873
16.274582925660578,-1.8062372515353213,-20.96219288165669,4.768368596420404,17.310369033276466,12.315001784584505,18.158457598046052,8.898564948587456,-10.791916190655755,-1.1312359164593284
16.971213163262117,-9.870519117475771,-9.924960724754241,-12.4452292753321,9.093277709247245,26.81548529336498,2.5293049194251167,-6.8254966149986105,-8.494749103393062,-7.765398367861857
18.122833669768337,-0.2329102751818481,1.8450386350644958,-11.975794471911776,-8.449522551503138,27.70050056581003,-0.8414781468545384,-1.01066930810195,-4.2434131843642,-12.17542529202402
13.836116625069675,11.563844981645913,-4.313962428763606,-8.575616174462985,-18.46795437642756,15.864317666614934,13.580102360584863,-6.463953785802929,0.5595984698838407,-11.894155732019229
11.816243603957703,13.02801037805445,-10.841428959666736,7.154349420304618,-17.32291837291131,-0.24040171361235083,18.805044937132134,-3.900255965399063,11.095195120689059,-3.603090448743154
12.994443023699324,7.709989545028174,-7.713059250236195,20.234071276665297,-8.764787739726032,-1.395665493972169,18.48664512864711,10.593573873462729,10.13866447259375,3.6607857208591157
14.193552704558426,2.945688537975497,-2.953621988663599,23.913060494894424,-0.6756900956237936,1.7488483742014278,19.7581162345268,17.151320163806112,1.4855995242496058,5.366933168069636
16.886011348388905,-1.2260778758410882,-0.48336299430547935,24.537122494334213,5.995465773715339,3.2086774679694785,21.89304853529567,12.088647271927233,-7.904515485539386,6.837189531332518
20.05078608752792,-3.6081892673092453,0.43196738937916174,25.40096842061161,11.673085098154536,3.6332967350362355,22.42813091139972,-1.2820969052553237,-10.096067333998244,2.073218273085793
20.661746892640668,1.1075718362941693,1.9113740893637179,26.86541892294405,15.6955297661494,2.0457713023018216,20.194400920785796,-8.904320201758317,-0.7216633284775638,-3.7646227847247453
21.38519964201528,7.167208172487831,5.423509203845251,28.998771221394712,12.326742548202132,-1.875517610557958,20.937452393054386,-1.969233529974576,8.199216590623465,4.226341321200445
22.029694129787156,6.9193235741724,9.754355376328139,28.99723134234487,-1.2695032067227108,-2.2503034160991113,22.159651609756438,11.412528918541538,7.007062839813891,12.871493187357881
23.425976334982966,4.917397796520529,12.419546408417483,21.459909412148328,-14.178050626729549,0.8410033393191225,22.465143677406,19.089146962580514,3.3012052415776245,16.05266909843848
26.094038583986585,1.1787135990895126,12.427430897554471,9.779899475128145,-21.098638040465048,-3.9020766110487877,22.148181472648456,21.366671823037862,-1.1937861021368565,17.278241368428226
25.720888145415977,-2.6326608632975024,15.160822923468448,-2.6871711849006847,-21.074245422394487,-13.126699002565832,1.135096971456951,27.416020389242696,6.313968002763928,18.369284741907226
6.09324874511484,-0.9513116932783369,19.502152464854532,-11.322173297710242,-7.246270774952354,-8.866163955543918,-18.166092243099953,7.735818476994501,35.87247209571858,15.505403201910413
-19.138353493398224,0.4868369041245356,20.653924851978264,-6.96866092346992,8.984070678432689,-6.734421980371328,-11.341575534333579,-22.425430779537276,19.909839786127176,20.59598832696487
-18.40968960890425,2.373111727503716,23.426170864735738,6.045527821022124,11.231059172292186,-6.727180007751813,2.748188221872452,-23.18372714853758,-9.344299433143496,21.95564245049987
-0.005067197134976165,2.4307446538498167,26.068269512246562,10.975738221109047,-2.177643706549535,-4.930430712435978,13.028930767810923,-24.474068063745815,-17.86670061214863,11.001995101072234
4.5675994026118,8.33313387550041,26.874592329929367,-3.3900178920235016,-8.211724357460135,-7.0786062537183465,18.990762802450348,-24.410407413723025,2.0130786912880776,-0.8052617172424069
5.994297220221124,14.73249049804135,17.75979704945553,-14.84009282768001,10.071621369202555,-2.805592795531286,25.269168300811103,-0.0762563622631584,16.23983616477317,10.265733477979001
8.135593784849457,15.342306573321018,3.2055781072888516,-13.280347918952259,11.263331343213114,24.603682294363395,23.130804969372544,6.807592550852897,13.077372250478366,11.644691279425919
8.837970361478936,8.552882744792747,-7.933910286220096,-8.772082247093884,-5.473888809698673,30.496035168206944,18.292705794456214,-8.553269115846872,13.994803222439094,19.42055576746352
-0.132046594101215,2.192266503279296,-8.185826090233546,-0.6302756657918256,-10.972087795347328,21.45561335959774,14.713774603777239,-17.114596310200923,8.173672274286478,31.5170745878354
8.404836572232579,1.2900137036892119,-5.494921157766525,5.639583112776425,-4.938770473291987,18.64446815054467,4.518014383266951,-24.133578961126616,-12.822430234859509,29.406981243631172
18.200056093455142,-6.111225740029106,-0.3897236554070192,6.572114158973213,4.084950345899523,19.38132642839818,-12.662053180475207,-10.651692895338563,-26.969858215732653,-11.07823350671961
-2.7318606916518524,3.4223545053255666,2.478944572468041,8.697545115878077,11.262706783486397,11.748165325936064,-12.337449754101815,20.873933011711134,-24.604656938093505,-11.809871014264262
1.7549673916692041,4.872703147776349,6.930644807332501,12.390780284049475,13.31342527648916,1.3797419981130123,-5.3946896176731505,32.21329532077696,-2.4825174363548554,15.38740356030343
1.268977811662226,6.027264405526763,11.795098165095723,15.860200201557834,5.88862483578971,-6.767331347743637,-6.4610528407134495,28.40633974204872,23.04115221339021,-1.1047784839359098
10.47575452306459,16.135959208192613,16.22465814083038,8.897952515176831,-6.634700559095868,-3.404307458232406,-11.42333591979057,15.753018627352674,21.29216823483445,-18.15441718102747
7.676167122145362,32.149301997443416,3.4374347864538617,-7.248935964528256,-5.55874782308518,2.338079255854905,-8.98575211691616,6.7990006682057755,18.836826903635856,-15.374870930887854
-2.149907214018591,34.270122082870145,-5.581376708352589,2.538472203714586,-4.324392618528293,4.89269799487905,-4.805574884677019,3.4767556755199562,17.74500450148027,-14.641938005627459
-12.008038412405297,26.210160242573707,13.2099955284257,-0.6861268151469665,-1.191332255919182,7.3834743064586785,-0.9465426940326186,3.6144946034719005,16.589845849690143,-21.113194480944586
-7.461094803534123,1.430594369285953,19.2009118541528,-8.892454160186876,3.9973814772716447,9.814649751361182,2.6750216652572254,5.936476531066679,11.380513450261965,-29.931356707228314
4.923578876079378,4.62013918421492,20.199934082229326,-0.7079973087322589,7.658690699016814,13.582332806895533,4.50788131619675,6.4111194394624915,2.5867955279100534,-28.919463967211808
-5.818984212488304,7.30191548066667,21.44200257117937,1.2845956349173349,9.186022644678825,16.70284396953075,3.9732638125017803,4.457985645715942,-4.202168610415276,-24.953825308770096
-8.819268567664176,-9.914598689717744,20.137003254064386,14.723892100283464,9.050690160682,15.89803684742267,0.958723089177288,3.330440317689509,-6.5895543148442055,-18.223198927354357
-1.4837359635565317,-15.11027709710117,1.673506299922326,28.627387123342864,11.562199565305226,6.413452250445054,0.03276550648230747,5.056735595355139,-7.41950573233517,-12.567313628942179
3.857495271335949,-12.37078708066041,-12.699337435402837,19.361508419119353,18.68567000257345,-10.507135795198318,3.3529281292480726,6.814248552191993,-7.899751371833709,-8.32691993772414
6.598800491086218,-11.774841691649813,-12.271773443626948,-0.8202112853304939,20.265171571296175,-8.982678092138645,12.185534404976213,9.02512389788288,-11.282665550620521,-4.75937889574625
7.630357848095778,-10.633471875343222,-2.111136854494154,-10.419251246739123,17.73792683009846,12.834468380565715,11.895611227417463,1.0165882690847883,-14.272061995909663,-3.1887966296131087
8.293744590928144,-4.6580824995195185,6.5540345160968885,-5.014521041423183,11.891206495777183,23.40735606776683,-4.116965923510494,-3.7412280073783175,-9.962600717153796,-7.969197860077655
6.601778522114301,3.47156018595211,8.787532195095272,2.020005252294016,12.36547855162556,19.826459546489787,-10.877258857806604,12.158171311916954,-7.032420677855711,-7.435632984698965
5.364906953471705,9.188733882505089,9.99401937696664,7.020085160693793,14.971714650304497,12.332895458710782,-5.0294208232523925,22.106541221986763,-1.7491534403569646,-2.7361659174090427
6.292610302883801,14.393160710599885,13.248774275116176,10.524442324668383,14.746393645577847,5.382451765215988,0.3652957010231027,24.079535047166885,1.0881792026766086,-0.638885728383395
8.0370360632402,20.81378634056438,17.052836649231114,7.937403185980355,10.04250657997607,2.3522932215648242,4.407672679889994,24.56609659067763,-0.1614771795685944,0.7926678447516456
12.38734371023935,27.846487591244195,9.598028089485682,-1.6148433407150105,9.353744326156821,5.617634831831192,8.558620119487033,23.758932031989993,-3.125500005174064,3.668881326345237
21.762139290985786,21.828114376165605,-13.182293141629978,1.046085854239513,10.631785599747097,13.61704379126914,14.854489679374453,15.802509554546994,-7.447097907456712,6.127301588276852
26.81898040089053,-5.060657520062187,-19.391225525383827,-2.0470767684820297,15.544846266062262,22.9309787753474,9.47495791378013,-1.5140098564717388,-8.510238523945223,-0.2019112271010272
28.151020434253343,-9.014565287450253,2.1439575258813424,-10.326541550206832,2.344099618008847,28.375707824866954,-4.94364298739628,-0.49215495562787354,-5.535575529878222,-8.30118827486036
25.008240304137516,13.465032069007679,-0.19430274416161442,-8.460270811907437,-6.376042306302697,27.87861317431101,4.890658850347739,4.069030914251114,-5.020186974227609,-11.504312349604906
12.820481195801714,18.473310632392238,-15.799668012829782,7.089610461972774,-7.880210743075989,21.957853152942192,15.609241710117267,-9.700527970229732,0.727678406256511,-12.784506454997786
9.848120877394049,16.0717377802723,-9.664682525198176,17.977755287118203,19.042783582619677,18.297005891402325,-2.253154211896492,-14.204214920185272,13.134997472442521,-0.17386757642942752
13.123640532407293,9.919191953108017,-3.479409897905893,15.658356846284406,27.679962876502284,-13.91942275204317,-4.500952982560431,-14.860478179663033,3.450282975346394,12.911809442530641
16.24799471458887,-1.5453576630031258,-1.230962759786041,14.85497217007725,16.92998333456613,-15.212972525261215,25.38769417901612,0.033725263149690474,2.609442035997168,16.623156799304912
10.074231918949518,-11.507358187149702,-0.0537234691008864,15.64860158853329,11.983588980925168,-3.4494131859693953,29.036877718676777,16.614351081975997,-1.1925668742168078,18.25094664674153
2.2932008071060066,-14.93979148878253,-4.481586810151605,14.3386987062594,16.053449438689825,7.34282104278834,29.30261472960881,9.560422275208836,-6.053272730481296,21.068645925285615
-4.274201551117982,-10.254428175870387,-9.399021915856954,2.583298465675208,26.263497292183473,23.31690520323512,9.914803737525931,-12.013268105535422,-5.593726539175978,22.052594380955636
1.9044676786545405,-4.263325045708385,-6.892174516841116,-8.864901061160353,21.291211852405205,16.59876777585368,-23.894866509735785,7.599056782672333,-10.654997857299838,21.24865450965692
-6.91143728283535,-2.724762861386694,-2.2627008462897167,-11.202456847522438,14.533187764919603,6.522691546518212,-21.88845166438662,14.040780468428332,25.512463975068243,14.078715941079757
-9.549010887265238,1.4916951490523656,-0.04154546593298915,-9.483052463576692,13.220831596181112,1.192494330600304,-21.111902898029655,-12.67317974873736,29.562835426167013,-1.333200464918854
-9.387733706313304,5.322551441363701,2.142089017254631,-6.671896853600439,15.29951045198721,-4.267866442969029,-14.737570181637624,-28.445623890997567,2.5133764260823765,11.06821805094503
-1.1074005208183366,8.693769262413506,3.9462042327790923,-2.9200735682133474,18.315465731551363,-4.567910148238614,-1.4964770552759565,-24.241351573824225,-17.001326732548673,1.1472844755069829
-4.691398466401558,8.697082749080135,6.351899498285078,1.5853900013541815,19.57669939090553,0.6824697084899433,4.671552626668111,-22.16945480303129,-4.876016772157844,-10.051461588684187
-4.546018253630754,5.554759114043978,11.543219023646076,9.075057379963555,18.71544481661858,1.2764925055203256,2.7878326609472706,-19.062615522266665,9.857330780645448,-5.274842558225012
-2.4769683979558725,5.1910765546898325,17.181719791587344,17.07861230862418,9.274655636763697,-3.5004212938469763,6.047286650620795,-13.379818487381778,14.43542511070262,5.125503043272883
-4.777011814515214,4.8483501390603765,23.18747431243259,12.929861262987444,-8.496040827415923,-2.0676062455643027,9.278023176452214,-3.129136458943651,15.844612612399741,10.449421371603579
-7.740161286511584,1.3086429939238817,25.94743726553641,-4.6346629698937,-11.309327569608845,-3.3765462273407003,9.483803095670737,7.498497962527022,16.554297241581423,5.079164129053762
-4.239744965681831,-6.011451038920431,26.91192574551067,-4.846242269888567,2.4983074030259873,-4.753395147206669,6.867352186007988,16.935814836397387,11.39133121653888,-7.24655127491622
3.074708986950043,-3.871225621699484,26.80908953937799,9.601951840189237,0.1030695772771861,-1.8825811607227794,5.913945003773057,20.516052506812482,-2.227284656118496,-9.83140345788564
2.9177542068835587,3.2105023898069938,27.013153652233456,3.926087899924477,-9.54852329668392,0.5329742873325974,6.905835411187931,19.13749833041239,-12.234701287644315,-0.797720569718247
9.680291700261881,10.400060108967736,23.903093479868453,-12.262453901387875,-1.3002488227206228,-1.377654076991609,8.069885363343163,15.60034641791753,-12.39325517394532,8.795295573371977
22.866427962621454,14.731692371888155,3.1383998476231025,-16.029218286265046,9.897728677630207,7.910580404303562,9.875327245069581,11.381739541703848,-9.264115572309429,9.09705905545131
29.179719565047026,-1.1622543330667434,-10.250237047128897,-12.386806415981825,-2.2047482106510143,15.270499363532238,12.583436543866025,0.8776597027416077,-8.087177794600235,2.614412697674769
29.933990273775784,-3.36954755739328,1.3959803571937537,-9.522170742023562,-9.485459588317251,7.879040467475164,15.063693884509073,-9.268481660719699,-1.346712671670262,-4.556851653496245
30.508162514662917,3.2325788552095647,0.3026752136049116,-8.051062724864055,-7.458414085149794,-1.267469410856211,16.47809163395764,-5.959793096021836,8.250161331334887,5.42284158913824
21.806258572386106,-10.327419549490932,6.881490424226863,-5.3959999681224,-3.2691643875690395,-5.586713770454289,16.404562824216885,6.931729748180712,10.391977526245872,19.699011115519383
-3.0433186299409334,-12.681770223775652,14.818667381980624,3.875767612809267,-0.4926268991360329,-4.501144006144721,13.457177249695802,22.120270994174813,15.7660339143589,16.54428402028739
-7.380890957993328,-12.809597260027143,6.610511279682861,11.277554006183644,-4.183967845962078,-2.220422392111389,9.636613383289829,32.79177326752277,6.574037113385865,-6.004443414451737
-2.8074979684472687,-11.729904777681803,-2.5705621615518846,13.500126145460388,-3.666619256035517,0.3943839852824046,9.351345407924219,31.497089996795825,-12.406778820103733,4.476462588956284
-0.5941701642831081,-8.162757717862945,-7.622458366356055,12.057914422806231,2.9440993058138174,2.5733625119502346,12.898797105837225,25.871044641178646,-5.177152654599988,21.366156320492838
-5.875873942080073,-1.4278165105757952,-8.607828905111319,8.389929860982804,11.051051972439287,6.272527523335463,17.387216995977447,24.32914669753723,6.04221581984726,20.593862155168075
-5.681173902908664,7.891656921987375,-3.969743985252983,6.006893431517784,18.43699208339577,17.80939678440465,22.40493294236293,19.466187562312104,3.177352605437237,12.858387033809649
1.9193541730237067,11.144091150494786,2.291449798671609,7.629000324894472,27.93082604344109,30.426735113599666,5.03662692153634,1.0191327306957867,1.5976245914615939,13.285124335045099
8.110825880635891,9.997622950152063,6.740187207437183,14.014683712682807,34.11746098874485,-4.028581172236532,-18.10092046082541,5.9311549992934784,9.46824688783011,14.783081899856194
7.573488221403679,8.250818119865523,12.893340841381423,20.88419439609244,4.630730367822322,-30.7100960109568,6.473111858710362,1.4183088998975586,12.279574439305073,20.400824653120086
1.8566340799013323,8.559387162085159,17.839058853947908,4.4812284525177795,-24.22700046487616,-15.634918561282282,-13.329928681771955,1.1742040035996193,19.11076409220451,21.208963622423383
-1.2692908999603763,10.437208171333257,15.515738065206202,-19.113454784045196,-11.794835444987696,-4.385906495711517,-16.399945627230426,-14.115199115522284,3.372694039788871,25.84208082157145
20.976146612233777,5.608189801550147,2.9215532382518816,-22.738704606384523,5.137140873284037,-2.3230840336305474,-11.788284509881597,-8.241429992785607,-18.14705520791813,15.243449612275796
24.77168729038035,4.633419652926332,-2.2733397192280718,-19.71022486408826,6.5777888080857085,3.2456692570528713,-9.307647051316554,3.9954458216032105,-17.94909764954029,-8.702580707023541
8.947243310432079,10.94814633965134,-14.434662927839872,-13.329169241445287,-2.8158567199692794,6.265254010063327,-5.085015226448086,13.78514665391745,-17.829916034813785,-13.114741029163847
0.5882899792321167,11.566874157074375,-16.16974250836419,3.4743048974903084,-6.853319055570577,6.564923712051815,4.238101402388247,15.757124457714395,-19.816786060329093,1.3585082097372907
12.129141707881363,7.113675774313406,-11.649642531217182,13.300755679694037,5.1955723548835255,8.238039989553899,10.459252034844567,6.500000425422933,-17.462616819414272,8.847833647000193
18.06312747949123,-2.929319826632104,-8.849557683903264,9.164143678175869,18.002457009026774,8.331997937437434,7.594260730167855,-3.514686984018777,-14.628667229141346,-1.3501886692104714
15.770926969469553,-0.3124701143084033,-4.935827662205526,2.8511697310158097,23.522441812160682,7.130021793990426,-1.1452889431138253,-4.675319460143846,-9.434708053393514,-12.49083522592371
9.013895663518817,7.547983022554076,-4.888667159786538,-0.18723624909415015,24.693438644865974,2.4596950663192496,-5.635117613339351,-0.04897370747972633,-5.608883090472968,-15.499998828684504
-0.2034752912604055,11.482389507310872,-5.25639717280269,-2.106633800082467,25.3561366338938,-0.7855675193106921,-4.003333312438194,3.2075802963021336,-4.347519656884969,-13.636198103398131
-6.921571198095719,11.351149491490107,-2.2131912879727476,-2.5688927519000426,25.63083185149888,0.74555283250428,-1.6397268055960375,5.412192391476325,-3.8636455927420585,-9.428412528681498
-9.429647534084129,9.822277985571395,3.243821405138271,-0.23416046863470777,26.075599214803805,3.1276592934273277,-1.8122408437478887,7.5455466914298315,-3.4035685650964904,-3.9713116143647653
-7.918492976299731,7.456179822420134,10.322150755364612,7.72746160332693,25.735470003201392,-1.7193589118766017,-1.3032017135151897,9.455595948498855,-1.293690500597328,0.12798267934528845
-5.369265437766451,5.002226280041887,17.660978662034836,18.807053656969583,11.677259789608513,-11.58467540186518,3.5572308281665443,11.760868148840954,0.5989019005235239,2.1844540691728507
-2.945236436653225,2.9932307987529314,23.181765059262727,12.809060628813329,-14.776617926522796,-6.643946477761061,-2.574107718892984,14.013944812473316,3.5007792117239167,2.3746464991342853
-0.8303195775523632,2.7357288108570588,24.459248746218673,-9.574218460944365,-14.390775146336471,-0.005056679675383924,-3.3812545115156563,13.843193769705262,8.612833210499236,-0.519814109747464
1.7617345541832696,5.2325418018241665,22.238797734729083,-16.660669450903573,6.352025399578865,-0.16179252411154207,-2.0321018776265554,13.752181576767779,10.273991991191151,-4.879630167496446
4.1057584721939335,10.942167125421275,17.26906653912211,-8.12370138670062,18.031346611601364,9.382107228540564,-0.36204565113523907,14.663340896697774,7.9246553481190105,-7.547780926959873
2.511627503978717,16.475105018271986,12.654551479776764,-1.919479144907896,19.719545748227315,14.952658926848743,-0.7239267819310473,15.788596535001751,3.721834718551245,-8.527376849714415
-1.981906538857337,18.050066156297934,13.658640577436367,1.6474196316531018,20.974403204456447,14.876639151463015,-1.3402266605765505,18.037970236164618,-0.31975459142316326,-7.4419047466829715
-4.959673213501048,14.663164820377093,21.53650208810638,7.338202972484648,20.720148854317767,10.597942280101337,-0.8585544946179321,19.96076031350911,-2.257227040072181,-3.3584258270438605
-3.369059754653665,9.937980949209347,31.795360649232997,14.377314405476046,9.68684766084094,3.212735924475414,2.2023621859532954,20.868239368988814,-1.6710723005312553,1.3468930227318974
0.2864738992797238,8.785026661390463,37.433554501337085,1.58113613711545,-4.4720951504749955,3.7467273014180327,7.079245760092776,20.984669393836132,-0.8953608066470837,4.532585792811228
5.924848059106153,14.159578270793704,31.35710004986205,-14.272004908709686,9.693098954310482,7.687723987509418,12.48646285894658,18.72024306861286,-2.55680455192858,7.705780771246213
17.047431230923067,20.969520203413936,8.143386978223678,-15.351595799179446,13.377842780149397,28.877498193467872,11.49968072385129,5.960176840791033,-3.6085441307463304,9.573832034105997
25.90910685848997,4.196106881971801,-16.2218466391583,-7.64163524702527,-9.230665897214887,32.90674687400482,8.139097916510142,-6.548055590614963,-1.6373828653772566,8.06104454551269
23.04836649948933,-18.519709711419843,-1.3527454764880984,-1.896257696459229,-14.282288430000717,24.33118531388975,10.42046489294387,-18.4066529619822,1.5656569494014962,9.513585480192829
11.850169198838664,-18.235030937066977,17.250205372297835,3.154308902526039,-12.03625806502471,20.373604747396787,3.4412818425955187,-22.902899782624758,-1.3770831774408556,13.061538397858499
8.67249386924636,-11.443395054601417,20.561862448035935,9.164457645621207,-8.807564465511918,25.064931642156147,-6.350937955657494,-17.076038895603183,-11.510707387267072,4.891835921702115
9.512879785403564,0.9452599107918298,21.186934506894552,10.659457137958729,-2.3153415022035726,31.03834604809378,-6.389590293177194,1.6897546203506846,-12.32094196636853,-3.9379720465597434
7.489316536206005,13.560408601319478,21.976869540117324,4.914987765023876,3.6246502307460085,31.585559882882272,3.453270755740029,6.259996296504084,-10.939424595816265,-3.3400463135004768
5.141265565394916,21.804069997213855,16.518092176010974,-6.456106501573043,4.765221484292245,33.11975706271746,2.1608238674965508,0.02902161299687399,-9.295478347105538,-2.903056176945598
2.4492849652028013,25.00723566008878,0.2958396134034373,-13.464152331406632,-7.348986201792272,33.08156310571024,3.752966357017188,-0.5272290607606728,-6.872440413975652,-2.210435041167888
1.3581318682847967,25.506486021446413,-9.189705274608746,2.1406066265195207,-17.539822912482183,19.813340478368,16.657330340734024,-14.281795228075145,0.4303631670301953,-1.5092945863329574
4.597820358839053,25.235964124906218,1.7212792300303987,12.617798720077214,-5.609391954883013,16.259783586063687,13.179942274802215,-18.5899300258477,14.111333316277843,8.864819192612787
16.447928978888644,18.98677900592323,4.87513569177625,8.142602549581056,2.9332544811587273,17.236261882694528,0.34153508855078474,-17.04639773144586,5.7659848098535775,25.97592682567593
31.43444943600883,-7.469373501966208,3.0087172514855802,9.520378235923786,10.418818033292895,12.827456321648702,-13.215241101074826,-6.066504089416251,-12.848776975432097,17.467527631594493
32.83664280973653,-3.2577181925216205,13.283407940942974,19.459345408664163,8.687334337632674,-1.2485178963839934,-14.122299883378764,8.979747940519895,-8.375460676060856,1.1292162593173198
32.78718261919931,20.346649340206692,8.550118951709887,16.548032288961725,-4.876482737795852,-1.399457124473577,-13.020156020743453,10.814744445767632,0.21949652998769528,-1.2573571476931384
33.92797683006518,17.6603195753425,-9.009989664904234,17.81273385647111,0.07902798798407029,5.904485374742417,-8.426896794463064,11.141896903422232,9.022053579436598,5.688022741325055
21.817337984538156,-17.36545991077737,-8.217471239570433,15.369759384514271,14.647695084210074,-2.4090081256156433,-5.1526350810071,9.434947338211432,20.919525627709007,21.513534845297507
-21.79801269133705,-11.227140976545808,-15.899061104091768,-1.0890846164325514,17.193845864384834,-8.536862407878163,0.44342305964651485,6.729093215222383,30.404923438648403,7.206392033283566
-1.3584773423799346,-2.2449883153079795,-15.333265693626052,-14.907757290033656,12.145701003326234,2.1079392326780857,3.896371542340143,12.24893004129412,23.287889790169835,-25.998571073161283
15.579075862219584,6.768438276680969,-15.318318096244306,-14.608946969599401,-3.418142691421955,8.607008307465172,9.281431817113234,14.821996039033671,1.2153254464866026,-26.137731142492925
-4.937560141447361,10.926002213011293,-18.237705634169394,3.878142242728297,-8.567223944620908,2.7994143463964454,16.232533300588376,5.438372330699516,-17.02646122920508,-20.098392329423604
-20.618809690391895,10.503522359020723,-1.427608413181027,14.264292459052744,0.057746363322510805,3.1524798106488534,17.71744409135458,-8.627932728860292,-12.079166366713881,-6.965321074426877
-20.142752123842072,0.9322604244006887,11.901857377147996,14.133862023337372,0.2798417313431219,5.1008196064837215,15.957508549850825,-13.664449532084951,2.7611313065931324,-2.414646721697261
-15.85261714257589,-8.207942839042662,6.199026611320319,17.188704669238316,-0.8367804750182024,6.983616707854936,14.105496376111148,-8.71264180648817,14.474033669772021,-2.985854240205157
-6.346914023424812,-9.113735951369188,-5.598539532772673,17.54176238734548,7.732037653861182,7.763783971529432,12.80161646387247,0.31605637601791,19.650818731501477,-7.2396405010142555
6.7627261743239355,-6.90251818575773,-9.020500500897768,9.76639549289308,20.14604261072293,8.114279568491247,10.659974726749313,8.647773852764926,15.93218655663746,-8.645587739520348
15.273863158166556,-4.310184912202581,-4.859405665370057,1.137163852526809,25.38177830650577,13.424375697139542,5.192760442442986,11.127453747718969,9.139798596877094,-5.828151715385234
18.477602909465325,-1.1929277514245362,-0.535308640345449,-0.6033392174374106,25.65945301100302,15.939615477281619,-3.831096744495577,12.287017955114237,8.186520696724319,-1.430675335653767
18.85195318708288,0.3351129318765592,1.4943728216068826,2.3483066704254867,26.646440039560325,7.171158887962335,-9.663872974242496,13.956452084904496,15.333816148866907,3.5072388285719036
12.176243907975511,-1.2561289881762505,3.1717725054497996,7.306427630297935,26.091602269407144,-8.850076370473817,-6.036945209037616,6.179001525165955,24.799205113390716,11.332673417174577
-4.396362605287811,-1.0068566492240447,4.536957551121526,13.720400783049554,17.220216216438356,-17.400324921187355,7.369678658199403,10.77024331523304,28.542333808166713,9.728342791620404
2.3344588509692454,0.1179957693242408,6.069888106122572,17.407528378076474,0.2711143010652333,-18.087833914391386,-0.43058836395446587,24.776918573961076,18.049989236341652,-17.663162523920654
8.969058379671761,13.08841884643343,9.429572439004147,13.129868483284698,-14.306327131034532,-3.870769151189196,-16.50661071668978,15.684693375806544,6.730109142934755,-22.672819172315208
-4.279717923775782,19.589330879911437,12.435901478339629,-3.9184296782405768,-13.786633852565842,11.392717409843382,-5.501507445044881,16.734680076307747,1.0659854041180565,-21.940096691384383
-18.256142454892725,2.246466916007434,14.090978965841298,-17.06566240346793,-8.364573136990355,4.655685844914002,9.387444569096337,14.801691951494451,-14.036615122401354,-8.861367731289866
-13.65477359549818,-5.740898798101993,15.436676223168726,-12.8998826803254,3.6246465932617524,3.776615291476367,12.783129142352708,5.313685192123459,-15.974599439210726,14.380233343526793
-0.9554977532094803,-2.3502745117621275,16.653032093360213,-2.049756448948324,8.6943711658285,11.923620877134706,10.776741331716348,-6.363823484896075,-13.787845004475045,21.291672052467426
12.057581218837278,0.47988399412311794,18.039447879929387,9.007347269241508,9.930719917357724,13.96256273960379,-1.0913743804626583,-11.036344475363835,-17.018370120164846,9.866608799335935
13.505686362781685,14.937347932395921,18.225909903141105,12.364249070673162,6.912956828416038,7.78454633620097,-7.76351033191818,-1.4053068655242762,-16.645701067508984,-6.541663064675143
0.0785907381802468,25.20955530828984,18.776758798074724,-1.1357203116141517,4.605527953181247,5.745332960791615,-5.860580833312981,8.307268335321703,-14.150247386136373,-6.593927549838605
-0.9515300737413921,24.152927210153,12.418651162166507,-13.450655634620087,9.73324698289202,9.482989018347576,-2.166336161192369,13.773412178349865,-10.128917086008512,3.7078325918483084
11.02997849033996,22.45692911841437,-8.368104466158636,-12.505842841322547,4.138359235403477,16.978719455488207,4.022129335348097,14.795496650113574,-2.831059867833261,8.899198475279928
19.403365454596695,1.6966008294870656,-21.119193422493222,1.4183696117858675,-1.8433999252348945,17.60159208725597,16.22519886858113,6.521323643789781,-0.7850656496514019,10.45408090474273
14.342203220236607,-20.826782274562497,-7.895134877023297,-4.0888008187425715,-0.03593073129489594,18.769583107873963,16.85342093592794,-7.581550923632138,1.2524012364143906,11.604912003333904
-1.4392742405438073,-22.66087975696428,6.493814238399301,-0.8409309349944385,-1.6305310525313672,18.61673232981392,7.91015746663474,-15.398308708645123,2.4761017886099688,15.565525200760915
-13.146423165507201,-13.711969300847752,-1.8340459047726188,4.17545757976163,2.7567563627889284,19.348492060248198,-5.430479007452076,-13.463263872963502,-6.882397408557353,16.787931425651706
-5.41695481373501,0.6671415313918924,-4.549455524280872,3.634567392718421,9.160188703299085,15.806008296737495,-13.549816066346532,4.410340297251782,-11.409072281290264,20.999278794254817
1.062094692462906,2.7128046968588295,-2.0225614786843713,3.817189309362124,13.474792833371252,7.909497778833918,-11.217769425071205,14.98270003804615,11.058892384727937,22.474219706942552
-8.769962017171933,7.11961699888743,2.376616537057266,5.651290752544796,15.546492772477407,-0.8220395795252354,-8.742485330962467,7.8928683241365,28.17446183901166,6.019310816486339
-3.7105591167177883,5.992537470523447,8.97981865510029,9.639498286713112,12.575660553204381,-8.816663493303277,-3.1541212743717235,-1.4121991716159585,30.10380518047237,-6.839777456641034
4.481815232022897,8.611194961935785,14.07446684115573,11.148997004441675,1.747158200375612,-10.381346881137638,3.043163578809844,1.910027484141054,30.490812763211988,-2.2683499756372933
6.673062493123591,14.468888547626516,15.855899861434752,1.7671587839931011,-5.112083090764293,-7.49309048926184,1.247792350731772,8.854960797253533,30.23536029609965,-0.08397247908053485
8.951357682128204,20.43885318625358,6.40569523386935,-8.705825778974647,0.39995305484387494,-5.549878754343834,-1.0147776289828243,10.004569873297616,30.51177711066957,-1.3402509750227856
10.520251722087249,20.448769789427296,-10.270742352981577,-4.600192639904205,3.60204982152501,-2.4975125689995,-0.4534442506902698,10.108363236343557,30.915004370531648,0.3455844649584952
10.691504664050166,13.020640040039268,-16.083328924277886,6.324523712249973,6.558412930570167,-0.6877510693645109,0.9610483665838168,12.07610842377421,32.25674967353876,2.425405820040803
11.005866907168695,5.790102262217551,-14.571527648836714,7.68127391492105,13.460229659318538,-1.6489875657544215,2.777639783437667,16.550285919533923,31.72741869134409,-1.1967309917863258
18.05157498746606,1.208179788597109,-13.230521100824884,0.5172869209049419,17.58805065324048,0.21125740346523106,4.593838322310884,22.84498988057048,24.106160740384375,-7.327474871427138
25.575963757990774,-0.9908412347180064,-10.51887560193722,-7.476599584432498,15.291078918439926,9.891795354125366,8.073466020810214,26.679134275829547,7.848293246054904,-7.6663873300931735
25.893963473269125,-0.7120244907505474,-5.713500160933273,-10.113161351212355,4.93344627679564,22.73434728447158,19.47167158036016,13.537958969769903,-12.35390543102135,-6.822851562056349
17.67668870343545,8.827239961980373,-8.020107924542456,-6.256002256433068,-5.93599309751931,22.257645460354578,15.965746890010488,-19.548439044354314,-0.4217594435405866,-18.14360525407259
17.10535513742198,6.397835382868351,-14.437819161123866,5.786549478003469,-4.374181836055745,19.75512220055051,2.4698336239368763,-21.14370750987558,18.90346125633612,9.54861412224814
5.61253133818398,-10.868452347039824,-11.773257986653457,3.786937171015943,8.427023274960467,18.104674295770746,-16.050938260089268,-12.735636631449994,-4.256998818732683,26.034157877231877
0.6203084632513244,-14.53386955013786,-6.221256673601196,-4.562493297088094,9.233932439700116,10.113401450599895,-20.77185353990269,11.213987008959304,-1.7975646381233497,25.01136385621284
-19.013936502463242,-1.4071834087847388,-4.337812484150668,-6.70687761615575,7.215973012072527,6.47095041250213,-16.238945318086095,8.78180200065862,23.88719188288693,10.019242402360678
-10.859987584623358,0.5387290312171127,-1.274208688820041,-5.028558376755394,6.208934620394692,5.178450750773896,-14.621921465112987,-5.1077441717941126,27.052929034384892,-13.346378758796403
2.7993201144918496,0.9608377810790638,0.5029981678772371,-2.971775354618906,6.835230003003196,3.457669648263269,-15.855447814017777,-19.155067546587063,22.609684175420455,2.1284670883272936
2.076522377143155,2.3857531625700883,2.438498770747492,-0.40541092570327175,8.494853756113303,-0.2510536747714651,-15.547614121274039,-22.18168056963884,-7.034510487935279,14.28670596321581
8.965105482509681,3.750510112823455,3.418528749363873,2.5393363046420205,9.6376380028293,-4.7260523807424795,-9.847532927610075,-10.140123624659005,-21.419165656988838,-3.3346385187965253
-1.5072861143132747,7.898798400163441,5.3860036997440615,4.976349911120743,9.218137732366488,-7.111264355152229,-2.9568773678400455,-3.2259310393111256,-18.29029553950486,-11.917976135426557
-9.944565188060587,3.658686545570493,10.755265809581282,7.371622664379654,5.974908125759083,-7.393596459376645,2.7279568265421754,-0.8686857295454152,-14.45686993488994,-5.716674590127251
-8.556201189977399,-1.2068532641048364,12.897591316164604,10.301289418240664,-0.5862838198898925,-5.6647005862755,5.76165162376731,-0.5581083602862891,-11.758699366595815,2.375398790283233
-4.1001273251559285,-1.7203275833378484,13.029109618611045,10.061464000022232,-7.245129978638852,-2.6705931509257352,6.6749141552048865,-0.3376283780683237,-9.120487853671685,7.403844607089955
0.9135141380103995,-0.13175603960113738,13.785483075919876,6.211638136299189,-10.986823482330893,-0.09266144246421038,7.80345450585457,-0.5637408751151404,-6.772832391929143,9.661315183736441
6.092564378741834,2.7754611398650337,14.73636671430844,-0.8686184302968598,-10.175007887973836,-1.2104960475230648,9.113784136359628,-1.0120584536659116,-4.579179266404187,9.873622262682062
11.764233274597023,6.31474480592428,12.77873435538331,-7.335094681598689,-4.164809583831637,-4.3321308800098395,9.943836591011271,0.7697831763118302,-2.2511600462544394,10.011627755553734
17.46137470206374,7.576169686475413,5.645421554200404,-8.72319594145816,3.8189501932896595,-1.6112213222790992,10.744728763972857,4.013093991420056,-0.09042274002277687,10.800977742913368
20.546259679695357,0.7717320094773471,1.438113215317526,-6.4415209020203585,6.12108114389249,5.072033078048308,12.022631714097196,5.39025780483845,1.6768919030219205,12.638658958494577
16.82715870069827,-7.344476748398675,7.375838266817155,-2.1742859077239793,6.470794781177138,11.808983108031919,12.810598106912831,3.3145601550299704,3.7482405028357593,15.980479489339638
5.822914229130766,-9.043914768767305,12.862931896091785,8.531948498719258,8.648683168200936,16.43396307613763,9.761088848414467,-0.429921122893817,6.014852502130377,19.670308198295665
-6.944197388847483,-6.046299980787947,8.196798092818284,20.537834912713564,13.40969916960136,12.733893659870079,2.113699402733685,-1.1075054263508952,6.859698390645153,20.544125528050884
-13.349204836893243,3.035974527328851,7.251474581617827,26.538543138009942,12.914147509462229,-3.0370605224370792,0.226210841137728,0.6322699978822518,8.103003579064211,17.849897887035326
-13.500559067237694,5.813398191742735,19.95757963120709,23.28042894356297,-10.975546897786174,-4.059445905716096,2.2374253985828356,4.02192380400467,11.016835041510296,11.172499196967545
-13.690091142839002,-3.9200675995436747,23.95579768566654,0.9758359278854492,-21.55019630280919,4.91153173290257,7.401119469782892,7.3383278816107955,13.159115412300975,0.8907521113559678
-6.32528446043831,-16.252065361556983,22.082236909146626,-5.590159988409365,-13.50929892900854,-5.150728086550702,8.876971259879397,13.93316736566485,6.846999622721674,-8.496572294941155
4.06580744590078,-14.435988189740232,23.45017117967928,3.8381674194229958,-9.376653807778132,-6.458318744009696,1.321833275104805,17.758276838139928,-2.5028210820713137,-7.7308443244933
7.257565542544236,-2.858301513654029,24.771488648513344,1.8572515778165235,-13.085321676683245,-1.138350825061283,-2.2596082817330005,18.99962615867257,-4.473117500459423,-2.948884209335888
8.825635833975552,9.12475019281686,22.63645922043822,-12.31294513507253,-4.538116455666766,-0.2585984388943104,-0.30292559030354105,20.024732484925515,-1.6851940219264454,0.9774344996114211
11.59412494308088,16.87386018117084,5.506279994787802,-18.013084049008054,8.363781424251298,4.803946763100216,2.4477475422485035,21.007615924905597,1.5372203037702,2.802938981552864
15.363194119165522,11.829815808561618,-15.125397181931561,-11.763531786760275,-0.9289074495932376,11.764059658845,11.253374714781025,19.4487797746299,0.7491803449514378,3.9297286646553036
17.78254849591694,-5.336266669637,-16.90850076605734,-1.6539773006824385,-7.152206722004871,6.797394319237202,22.822385932860552,9.42526546516287,-6.509993820262695,5.105309302725923
18.492918692152955,-15.352419347059799,-2.5276670314056418,-1.913402747584422,-5.516772213808368,0.20520909308346902,25.444107218058573,-2.453703028120432,-6.938385922465704,0.9920824242978946
19.547509002621123,-7.052431071745502,11.277900414601648,2.0633893874639897,-3.751462661117568,-3.5415736164483684,25.880789883857574,-2.0699846409074394,-0.2726135947783178,-0.6421826121885221
20.86468020992902,7.817813063581952,12.336452107330913,1.1240827097399444,-3.596534718855682,-5.916958982118948,25.172201864782174,6.511165553702588,-0.8563294630498006,1.47351353594014
22.84593091424364,14.830371859570862,-0.12717888917173845,-1.871470329956056,-1.1432845219176992,-6.656189494034901,22.23766181622416,10.306212542147978,-8.748373201105316,0.684684306502954
20.679705786289635,10.584417863865822,-12.095530506899207,4.858512185961224,1.5139308905067004,-4.651480503752985,20.72054176127518,4.812762786000864,-16.199337272124414,-6.586560860947178
7.449798167148921,10.372264623913503,-13.255144583118526,10.308691074917055,7.650509575631012,0.37131796036764236,21.825382718182333,-6.987408124984957,-10.80749005309727,-15.858688036067129
-0.9009873073522228,12.287491473205899,-5.351047327840572,11.728627211009513,16.799807024210132,7.773100345045476,18.080917768015123,-10.086297813533365,8.803955852958794,-14.239447846302545
1.9774107683884004,13.71947806076772,4.425576018688344,12.943023716643,23.721258842622134,9.171383266218358,5.969740220060283,-4.811124707356816,18.920804899322004,-6.004163644814729
4.389840094092311,16.967785295096938,15.345393898248107,17.78759224767145,19.42660761280077,-3.195390904965432,2.911939415117948,-0.0964320440844311,20.587845365322295,1.7923039138199965
5.63928286089886,22.204569987316113,25.93355060724259,7.2442954757342015,0.32868698578664873,-6.890014344593502,6.137526488043976,8.840863529574523,21.5428189408552,4.632693985595329
7.922661370631592,29.120359228615122,9.524964095463952,-15.198034029423575,7.924212231946265,-2.6083861479096444,4.799273930741015,17.432839845517478,20.340149758082074,-0.416844363048692
6.274325653770124,29.067808161177222,-19.114913520953134,-5.367346191551109,5.024356619423807,7.243969702616393,8.72962428711401,22.101853334331203,10.814330480336098,-8.334483867155082
-3.6427323801066644,28.45934824656306,-9.434552078694932,14.935823966799925,15.181994321328926,10.575563373318834,15.729304456258038,16.876529097403246,-9.72175670253447,-5.913238635177374
-0.7637911599189107,28.072388240863734,20.49245652425956,14.113311527287355,19.825549267373024,10.77316572106043,11.028344119794541,0.8945147402865635,-14.167119975771708,4.327351827153185
9.003929896047238,34.07823306384779,25.07951945117928,-1.3971186862769267,15.15923008993335,11.281701886856702,2.5802299236722552,-4.703074853720613,-11.329450374936986,1.558229154589778
8.391459292947694,39.44936280109989,-7.772232637140643,-9.411159030967614,13.26897115918057,16.693366670603027,-8.597539585052518,1.3896217629834662,-8.817773871780526,-2.5507145080753943
5.901133477469007,34.94920376493748,-15.394040755394018,12.406030997415751,17.065341582437128,10.925466220582672,-9.596191095425402,13.680683666097108,-3.378523078442739,-0.4278516421160431
8.484133028559919,33.0031547884949,2.6555289777994564,17.862351387122512,21.252282607564155,-14.437406882715921,-6.2291469365953755,14.314547246463768,5.71668181246927,1.124727464499857
12.138781896468073,37.38982983846162,11.43206163366306,7.308477233102535,1.7403132978560079,-23.065585675222707,-5.40009986429793,9.248866422936198,10.807239879137642,2.3900885870297364
20.18346284291416,33.36198821973979,-10.485162251134941,5.1490380005581935,0.2468859545081405,-20.084611556112026,-7.093993636831202,-1.4840082225339648,14.356765106117706,11.909523528914836
19.631761665057244,-9.16575395445558,-16.892018591416484,16.50261397339857,1.134728103481495,-17.418834492032904,-0.1996606602758323,-5.74212318905541,9.334428334843558,30.35560750342392
-16.852205353373147,-6.786596493676078,-21.13552690690245,2.1679861620724727,3.0333005171124396,-15.061534539288292,5.948980156946288,0.03446164171254689,6.179082974351643,32.665475587372725
-5.571838197418404,28.875978229954935,-4.272175450433174,9.686711863831908,4.730301919214544,-11.92662800254684,7.438319044119441,9.734194622867367,12.466816424464414,25.037167952885177
8.134703087871562,28.239978442969377,6.801649560113591,6.443561851881608,-0.037596475471963764,-9.703512137927714,2.553535971000335,18.44445682329913,24.392331646955228,15.773563893179407
9.257410337831033,26.43261523083514,1.0228564423567676,2.088628519813493,-0.2839868021075722,-7.2383587360024935,-3.792800990304799,17.610692877738238,34.49906152277266,1.9180129986068746
11.459176921651329,26.8303600842106,-5.259585754338086,6.815392043998048,0.9088864109394883,-5.092340021752041,-5.631483534676354,8.298299517440565,37.07662356679605,-1.6595296167981366
8.988088294064942,21.504342833254494,-3.572577067812205,14.447415146536603,3.2931159614530827,-4.866871058213699,-3.5683370863230945,-0.3505996635948938,38.6426844033139,14.518782972196483
-7.0255148202538225,21.083049532729152,12.254499012163112,12.422473773444558,-0.7621603173047165,-4.396563321765884,-0.48763182039840935,-2.8438527745743363,36.02147233868861,22.072517485841402
-14.93303936686616,16.949057252869302,27.934785176569942,-10.842579534956066,0.5078125479006567,-2.1099224757054222,1.1747375109328364,-0.02665184248364503,34.773868480113855,5.209908151217972
-1.6075524693322711,0.31094307715299047,28.567697357059355,-3.911540486182063,17.960979642359284,6.622236539746431,2.155889656000165,5.3380522482845105,33.3655650503245,-16.56613847729102
17.13962469650106,23.281454142959188,27.016389540802386,8.794939945082398,12.069116905892809,4.458780831540322,0.805130036956788,8.116774656271954,28.643612614689335,-8.492387470262566
18.428653284590894,38.12478892808223,-3.222170517982233,-4.739963850058185,11.464391403648117,7.1456723842534275,2.3398656484608717,11.324217807901414,27.98925966072893,4.789525088267923
16.850435095487832,11.660696626213761,-25.154460340280675,7.034275943532999,17.374696357299715,9.134842161827669,4.663819102908469,16.09867855387061,33.39460233354378,14.465539904830468
5.594229848520756,-2.193049187010474,-22.57641013496053,-12.064677045444942,15.268260313416167,17.1020749453229,7.262574821957578,24.06767308373557,35.54094480959265,-4.471310532157008
20.847485767753273,-2.6038639420040184,-15.088690908935451,-13.69257479980562,-13.223533272249904,15.396459808538888,33.157943429986716,19.75318176843237,-2.657254223131275,-15.865758411426066
9.49783942028785,2.9793442508179666,-11.421280677370067,-1.149226587773991,-16.312171360140457,-18.691158577313686,33.65026907090787,-0.10633869619564314,-15.825367806237397,-20.814407182395883
-9.804798089424478,4.958338890575404,-7.39244398137491,11.000930396685735,-18.25034989496043,-28.459571879311067,5.137664826544709,10.009654803132442,-22.47053947012576,-11.588083743764038
-5.980398481235961,8.714274048784022,2.5937844189351122,15.799692983787956,-24.23315214983495,3.2371780445759346,-17.870495457885124,16.044363638205095,-11.819545910564818,12.453861975759665
2.7113467150343276,10.465653591552943,10.41646555108078,6.8511150820856255,-15.677970930853759,20.947109084567373,17.637634954839783,19.402220418839203,7.186850036609319,13.444312371821175
9.408068926856272,11.282361563024493,9.0760018855581,-4.335117116781257,-12.130163947098962,2.5622330735087853,36.75970462986336,6.764094798261949,-0.6699406761208667,13.031032050171172
19.660838839694375,6.349032838676209,0.7333535194159587,-7.040311435670946,-5.801189656754274,-13.963327275328611,30.6566181330872,13.475013319034055,-7.806490289028651,12.938796041476524
27.87282592224156,-5.903648183293383,2.854695242826686,-4.639825474799029,1.042482126560799,-14.841540770894893,16.45084649125454,19.0362931536812,-14.671445013147569,10.094133120573163
31.733819087051778,-0.6509151854212815,13.029820916690898,1.3965318788494552,4.744271070254098,-10.146942655899164,8.044660076914912,18.660433106589412,-16.292712232140573,3.311301016066978
28.779269487643564,18.359079468038797,1.2926932742510981,2.011367322388584,4.691185040158526,-6.723153621633488,4.05370744376102,17.32786906407076,-19.957314633734306,-6.888433582229933
9.587946137755946,21.71439122870749,-11.736732421529544,9.714828563568082,7.362518311265339,-5.335332626143397,2.7784723241601226,15.499436535951034,-26.69575755315353,-7.981657829623127
9.144498250575126,20.737682200932404,-1.9542148798297865,15.75326598863112,9.208700787339685,-7.797234900113496,3.0303462254875333,13.93529111789528,-26.28191658475028,5.66175233619432
23.141797346983196,17.17178700499723,0.01057108379494689,16.74373730510528,3.2712009507278736,-9.835762332339572,1.6788639862893426,13.179140958583066,-20.518899029102705,3.5389273632812843
23.07040100727333,16.68134362633426,-3.0733380674226143,19.504678970197062,-1.0647170050991173,-7.857221954492278,-2.3686366282202873,14.650702012865889,-17.977350445222662,-4.451514611424078
14.648523148504859,20.715446642295998,1.1372821663970136,22.121962760453016,-2.958755749590114,-3.007640914917683,-5.128094194556259,18.25850655939168,-16.153821052128567,-4.072556778479156
14.071713869280956,26.593865035748276,10.003617977545657,14.064745441876415,-6.104833089402803,4.210053945231211,-2.1352108054322234,22.17199409703726,-10.161343144878915,2.3028991814704063
23.183984747157425,27.45165358092731,-2.9382275294589575,5.895040761464183,-3.963529260248956,7.6140993128485395,8.881748438053778,20.777746164002142,-6.371927944525675,5.898677352735768
30.802896107687754,5.760566567425153,-15.6336280396004,14.9621839070168,9.09001988745135,9.213571517208905,16.445688373755782,10.764443035963467,-10.382833930657691,2.910021145620343
30.874267540094454,-7.401245697384282,-8.542059210881554,3.1876688475282906,22.501254913788078,14.977044667247677,9.386152552248399,-3.5608313736714154,-10.325601573258565,-10.965444226466676
24.346587983646078,10.450919334092404,-6.674160520694791,-1.09381246619506,24.01991636416289,13.920682026895722,-10.948470144641016,-0.4793942461444817,-4.821771474216924,-20.040115673653663
5.702264407065802,18.57177000194399,-17.313937801239398,-3.306719232550375,22.489972025715087,0.6637667950179174,-15.766661427050503,9.737030220276788,-3.727507698206117,-19.059682850981247
-11.154441091742227,19.58241969605572,-14.736898240566001,-3.3605321434436006,21.166417077235764,-7.875118996853503,-10.937125689235955,10.981341390286325,-3.2136305150367437,-13.947396898930208
-20.440901316592825,17.794040883312388,1.0797978023556942,-1.8304613837690158,22.219347859478713,-10.178488727704808,-3.161469122322325,9.857562396142555,-2.9169892575815815,-7.358554628253227
-20.499167479991687,5.384647693447607,15.669113790807424,5.95739301985974,21.732011394168726,-8.059132565485,4.304727975658122,11.66940368084715,-3.26450817595747,-0.4956377482670712
-17.62757303489064,-5.671337379889697,14.533362787047743,20.546398908282725,5.2746502267116275,-10.34750521205459,6.620927886926688,14.797003808930606,-2.919866309755546,6.927872444425816
-17.161888680990444,-3.701874762625526,4.82515771233361,22.71001777032059,-11.88088368339536,-2.5676373114140225,0.3946513733970606,17.434510993238572,3.3951738728109486,9.00423648801281
-16.12755102184904,-0.7346410063820493,3.450428011513237,21.85277117412221,-8.485422847600782,10.178562007769095,8.98927077578633,18.27798243020593,6.193321778816034,-0.3586874573912969
-13.341549590135104,-2.118249438266741,2.342829982794533,22.349563147844393,3.4447157602437786,13.138255127521582,21.07331370920311,9.846940428107738,-5.122602752649109,-0.061996394299300955
-9.971224453949159,0.6241030786404261,2.4396080360025016,24.551900714376085,18.091096686115737,12.051441237168293,15.466235965561733,-7.098990533063902,-4.033208832054398,5.496465533609058
-6.331807043331965,3.172843933417556,7.77093898149167,29.48804027960127,19.419989991367178,-3.631243675230493,9.194280369716619,-9.038503754287905,-0.1842939456672409,7.299354780127846
-2.8237093721425084,4.199017903879193,16.118971213101506,30.368892624066795,-10.131497386241767,-7.444996386059364,14.474373642997936,-0.6977203028773821,2.7583916954889287,8.789288227878684
-0.07973382507995622,5.298108015294262,21.99249987859562,4.512365440999227,-28.65192766092256,-0.7385483058655542,13.865693151879825,5.19121761239192,3.9537231514686244,9.74228511555382
2.541142411688436,7.479226074462579,18.66885763830838,-22.60296588102176,-5.563149219565945,-18.935252652237224,0.6499231619542186,12.204640219981892,6.501154497217772,9.123165632425819
3.9927937489193814,9.95877787553503,8.988932033816512,-17.559882833544087,25.944725756787363,-2.5354122801766317,1.3362077524924838,12.655901249204257,13.248778131716133,6.349793335257418
4.837317296819817,11.710163989608382,0.7990963305724317,-11.092635134018758,24.203494986152297,18.00665236161091,-2.255184462017545,14.391648347723695,16.72082766888982,0.8069720948602456
7.422371403611135,12.920875437180502,-7.035490209956116,-8.919387958691795,12.841101778348675,24.762350432324975,-3.6706429609595075,16.484232237798476,19.20089700274253,-5.579319558895541
10.14787376586805,13.032097791615028,-14.697791145963247,-3.0627036599911253,1.918273042973092,28.15717468499865,11.928535317288624,15.358103551951748,10.891372802476702,-9.815152173283465
8.758434451250155,10.727005015784387,-16.491785318343688,5.8220817384947265,8.681076082020407,31.45622651211291,16.96461574703827,-4.635232479447614,4.234954624295161,-7.271850293758115
9.822065061808612,6.340883180148691,-15.485029568785102,2.068239713715351,21.836146655829474,25.937787804299415,-18.403557699547324,-4.048281605650735,7.594458219647692,1.3877631628506086
9.512052192414199,-1.2512345873279553,-14.300741306176267,-9.820639454086795,18.197164905125252,3.220841303139755,-29.57948017812034,2.844380804432155,13.400353329267757,6.4698655842819255
2.8808800467085405,-6.318991250815305,-7.027699114782883,-17.852723352316488,13.632748706430233,-4.867235983430493,-23.791482933390704,-12.982209192355695,3.75027429258493,14.690540077946842
4.9764935057324315,-6.313931813265398,1.9399738475561514,-17.36693738619749,16.31074581265774,-2.6205279212975,-14.980845513416536,-8.569152656655056,-14.575725179660187,10.637159283843255
10.134060023933243,-3.9364786236701965,9.611275622324161,-7.154951136436086,21.937420590338984,-0.5719374092513795,-11.072413302287577,2.964615348395613,-14.943194479045587,4.094728609555346
13.386498425664234,2.788795381281062,11.893567776307497,7.9001470585522515,21.575038530595712,-9.262274727412425,-5.61669971108924,8.721571018391433,-8.692697405440322,2.662227714164918
16.6023307643441,11.48498882845839,12.550109635872529,14.360849154266873,6.42051741602071,-17.29837402332382,0.3616831361791006,9.507671629255727,-4.31487223816398,2.735676218823111
20.156466024511147,19.92748149232007,7.644328088753786,6.66495951117027,-6.581656762389065,-13.498280578637518,-6.439599409093147,9.482680767046054,0.5641868782173509,3.818496131627032
24.96744662694238,14.382220365968145,-6.929027303328474,7.556041406085167,-6.605981155418922,-5.499808278919008,-11.359322471871469,4.60073742438481,7.6109809225044165,8.891150316559116
18.553345918910992,-11.235418644703447,-7.021001118005138,11.643199961883106,-0.8611459035715543,0.6957704213323297,-9.434704286812805,0.23933245122147298,11.411753391767112,21.060531441343144
-12.954755314368283,-12.27526876352508,-10.30695545335513,6.899683116183146,4.905747282010489,1.1026677649381893,-7.503561681018926,-2.243205067358917,10.874784062529224,24.15242066945801
-17.825777350256544,17.882990554291506,-3.1219659749074067,5.893715268971434,9.07566309797484,-1.274712395686762,-5.040040001427551,-3.01665024175932,8.690383376295413,17.333509047160067
-3.7672831957474178,24.472213697814283,16.468777530611206,1.4570929481432617,8.556783232793999,-2.8164869835568243,-1.4935769392664644,-2.693108245764402,7.3828054250617,15.525534433736539
12.42881620495273,24.098290920327855,8.01032719011636,-7.262706695941962,12.4514351930702,1.1554048542725148,1.1821623019077114,-0.7670342810698819,7.658383989224012,18.683631896102444
20.065399389198625,1.231005727310987,-8.595673201673078,-6.232193958601923,11.424120774161635,7.813051257187416,0.3378683485043053,1.619955076641882,9.932911629365035,27.270520214400683
-10.615767354824328,-9.259746138755052,-1.0385128441689604,-7.715029399492686,7.4823710298757895,12.505244650432001,-1.043134236900955,3.4271844528139854,15.27454436727812,29.70377273394795
-24.947481760359576,11.901635872380613,4.099038341686821,-5.687350682491188,4.565021627440857,15.88443508271197,-0.2988586172365846,5.181361397600443,20.805857967216838,7.520337385887709
-15.495404494060596,-3.318915924285778,12.059212600237228,-4.2344917227717245,4.215483167191174,18.385768044005278,3.438118538202488,7.0029371278596155,19.019765070246073,-19.444056798809854
11.603154160050012,-2.367003593578588,13.012334818236623,4.91740329599062,6.202821647586602,20.689888446130837,7.403949375049012,7.006580147767413,9.467067937940204,-23.209485786306995
9.279485587993694,20.719851913787426,11.184232738204257,5.556106104605894,10.462028089086518,22.11225240366659,5.934186341124767,3.28887319923668,3.864230495323211,-17.98534062797818
-5.746069006836027,24.344482559649304,14.232293103969875,0.1916741852319041,13.385873975592345,21.855324069227134,-3.0865770653196787,3.5629455168275417,3.3132988018610448,-15.362612647911787
-13.748269871767894,6.619194764947396,23.09871037867094,0.47516955046657716,14.695607589067318,19.41072577821144,-8.154461033668287,10.717717029811377,2.275336609058027,-15.02513583393427
-7.271437761226277,-12.518086497487925,17.85114432862371,21.885654892925338,11.352438849274579,8.412710446019181,-6.000811857927529,17.355628264334115,-0.7006052980440848,-13.70511038744178
0.8519741266015896,-13.265109107770284,-2.5530650617699635,31.378379978375108,6.149620956021084,-2.6164783073367603,-2.9040933888095206,19.76752630065843,-5.238957939404379,-7.806294856382653
4.227807713094455,-11.784477843463964,-15.395463523409813,21.589616652073172,11.255350991985155,-12.895940343311821,-4.668955423774916,20.25794554295085,-3.9165931430843077,-0.9817968875881158
5.508097661066641,-13.681258679435995,-16.64222730122001,1.5457423021627785,12.867351794575864,-20.926607508806413,-7.65352432397686,15.550196432702846,4.381527892606001,1.0242202881133238
6.204113404863931,-14.64143666424853,-4.767811727783089,-12.618050866325682,17.7143937154034,-16.86187776601088,-2.2489524078713283,8.574566913765937,10.016710828241033,0.9727465247358646
6.310302461467251,-11.341121239829867,8.602985525662689,-5.162752144163321,24.852341835488403,-0.7477836853270861,4.663190543850559,11.530954187407428,11.25537491301467,1.0118645159738906
7.51065073103913,-5.696333187179898,11.426521406558797,15.027119421011612,23.55083393786591,1.253411606998429,5.075243104792732,14.889104425858458,9.584863281185191,-0.14791014225030674
9.51243478398232,1.7615759950169616,11.915695609673962,26.408726286452087,6.964323154486531,-9.4228887508581,5.655825214918455,19.73210705621355,5.445971633833064,-1.420527506416165
10.681125198477888,11.755037814395074,17.249171265582117,17.623946935721,-16.863075534357094,-0.37394862140598584,-0.7355467809166105,22.094750983654617,3.31094263967209,-1.4135397445157931
11.319760255283295,22.28654309889902,10.548115847842036,-9.699802367061707,-17.007710525474796,1.6277073485955198,8.515665737291014,22.39522858340031,-0.3511621039474775,-0.8913708257193711
13.919316816927054,21.10276058938204,-13.881009830533324,-3.687518228019514,-12.756584241219677,-8.644043018362082,1.5833544063265979,23.524342771540187,-4.864476674007715,2.8783540370649177
17.937367840792007,4.770495992274729,-17.358202028380628,17.784063437973032,-4.049339791820589,-1.3542903348053272,-6.103210709816098,23.13398054341232,6.813186569905387,4.90526329663846
15.349979468579559,-10.615275193602013,-14.455339290133251,13.102866852114389,10.850534186747335,-3.6526959171439484,-4.609869481500363,20.396372572499914,18.790389541640746,3.5462235568872233
12.657555290728736,-17.127520836314662,-5.692414806071315,-0.1526694320947168,14.22126626999441,-7.575170063053664,-3.8742323684398676,15.026311156761391,25.647987134952217,1.1209587767189344
11.45934245500453,-14.794869056798403,6.494676970696732,3.0392083638017815,15.2041098321664,-7.121009558476571,-1.0752918514267886,11.927590885495402,28.783091294731182,1.7115125454159736
9.587513584260563,-8.62093227761462,8.960167491377257,14.94023723399786,8.421377705555743,-10.264595431858568,0.9635117086353819,13.79500206326503,30.202513261361176,0.17333707740105136
13.711123917358593,-0.5913048339225908,9.050349632198685,18.787005832198858,-6.295457157378018,-8.079240947917372,-3.7087290383483777,13.300569662418727,30.04768543210436,-2.2700073424464278
13.057187024327797,7.354643880200422,10.571362817252655,12.438237485664008,-13.578566498372497,5.429480636433416,-3.3209709557535696,7.031760630481326,33.242120657714715,7.138328661222248
1.471384685324492,9.463537882411316,12.158469509809748,1.8406937187714714,-11.766955908027771,10.635581959945187,7.957724676490184,11.209302013282922,36.36925827839274,7.835480959384035
4.8512774428964915,12.772858228140008,10.508220912760597,-8.310921285466918,-8.373361942041196,3.140893264180299,19.983161772599274,28.264254154081428,16.118590333785832,-15.852562484921439
-5.514339210961829,15.727134652299386,3.5961226488352347,-12.625787077064642,-1.8046493717634169,-2.9007723689224427,20.314223696692785,19.5889724623436,-28.69286496010454,0.9993406838432373
17.052269255106857,12.904149504250604,-7.297855452475315,-9.842741334488542,1.0402603747166628,-0.4972603266168068,20.335237102841234,-7.057747548213983,-29.12044295382594,3.956740392352603
6.096801181160853,12.377840044573302,-15.223876059056105,-0.33110721145029903,-0.09982139270858655,1.7699200863192281,20.61632987322768,-22.19489213796132,2.8533843090893267,-17.994685934719204
7.898108378554102,11.540840245009067,-13.583910313296391,8.926381019143982,6.050352239467501,5.091265220418625,18.907816637725585,-3.9980043198429036,26.720734950822028,2.5523061662173454
4.438895666163857,7.365804559682959,-9.399176670419486,9.443174047245098,17.338350633670427,11.515732385695385,18.20632240471236,14.635781245145159,24.025656019082753,4.61492957063166
5.76350239893406,7.27679857643786,-6.107779294030306,5.530179558101584,27.194099745631117,23.703382912733804,14.636340580766127,16.31932021159621,9.465690810865308,-4.427718794380934
7.003743360814172,8.64237226730701,-5.308043112736387,1.0516756459591723,32.938035705252,26.03347601986594,-7.651955784709148,13.408228049551923,5.2440534870558695,-4.140885354440275
8.80122499591508,9.662613923308369,-7.3636821300926325,-4.113975560546039,32.05732885302552,5.326463832891402,-17.988206444442785,17.964107891880786,15.32221901963768,-6.625218760056948
13.336219572732984,9.467085925611418,-14.1405619301168,-12.12426841933681,29.719187778692934,-5.862824490958313,-12.131515180586893,2.698652813026893,21.692613693317256,-3.9323605268815154
9.186476087940521,-2.931830926821198,-17.11832335447146,-26.075473693414967,13.687097914328406,7.186411713592531,-8.6441771303596,-5.2728851812658615,20.51175859010476,14.504450025556004
-8.865935318864443,-0.39502168354762834,-8.2813633157479,-25.68786278985962,-13.779159463669332,7.507528472231429,-8.292161747376909,-6.499812508980607,12.414223971463835,21.3354341685272
-7.239379998550058,15.93400162224547,-8.918744780925904,-11.43710044470054,-21.29869649829399,-2.5877931290758296,-5.088417484110454,-6.353337455362771,5.368775174886894,20.532477368359025
11.103711789782594,14.879060166231733,-8.994850259487075,7.813024158653879,-18.46894584560754,2.4778025659191156,-4.237775819220185,-5.091428096043091,-0.5832729642531214,21.799234986920162
18.592557647218285,-8.540909482998867,-7.39871704503773,16.32543689997746,-3.9055192074278637,13.12835100893711,1.1130993628320538,-2.4477144465086824,-2.61540496782311,20.693511739306025
5.307993121772713,-22.882739205438966,-6.564962238209092,10.805321290530207,11.656900008063188,11.713862613794385,-1.1221593637632485,-0.943013662082759,-2.308840572327032,19.836735884596848
-11.950029444795636,-13.380336612727188,-12.175036296049077,-4.0251804704379985,16.4687396858293,7.847925488810551,-5.497510633588091,2.464419138534725,0.7442647830174066,20.70203925268585
-14.236725254916884,11.870493500333536,-10.043287643991167,-9.871834480554979,8.577290846437178,10.679970077500759,-6.899994655911139,5.900869204679875,8.402381725053216,17.82195938817829
-7.452914976369248,24.236040542790686,-3.8186591527250036,-3.227695788438853,4.174607891992585,12.347059588495737,-4.064328020042428,7.671570158161072,16.132017312062942,8.090668251381134
-3.6764561843364265,26.051742918631103,3.0801242967712734,-0.8799148042487345,4.736776552142176,13.661799820833206,0.4457803038519538,8.692910759387608,18.964109455484067,-2.0162517630271584
-4.338322166159487,24.686142982128878,6.818978915976839,-4.128495986316062,5.319027441284804,16.411543211354267,5.589816692477461,10.645891720061513,15.195488543301796,-11.40666301653212
-10.543874669088362,17.383991059495504,9.071429660964771,-8.390158465640734,3.7773093334075067,21.073676170440816,11.942208144318393,7.868101823848814,5.081547952624204,-17.262864833482684
-13.69516738217197,0.32600950152557395,12.145332889030023,-9.661866591136183,0.019408454425298496,24.028508888987712,13.695096170828347,-4.0032315360843596,3.408368805751608,-16.616739585476136
0.0544592708620292,-8.848489789487797,13.766680090452702,-4.383480177252514,-2.1176413861639993,23.516112206471913,7.373513072620344,-10.223510031706455,15.283178668071136,-12.815453313279596
7.8323286627062085,-1.0786617310892683,16.691401393833385,0.18746396742185753,-0.9604342673579491,23.69545772813227,-0.0265502757800488,-8.679019121696049,20.77920417933931,4.21084100567922
-0.40723136384056835,2.3808238888698634,17.816604225386573,1.4433257981424756,1.2270826577007672,24.47621809403036,-6.56912242280633,-5.078735640261325,16.595415432477477,16.736934065364437
-8.314532127007206,3.8703198598460125,20.114490895337862,2.5558601855477514,3.69138342687519,23.77119271158127,-10.085606603910673,1.0249527927844748,15.01176196072609,16.18044227054278
-13.557041887464194,-0.3424051567269323,22.655610183306077,6.807594158097437,5.610513579396522,21.4225026314174,-8.883494723950632,5.671237883057492,19.56569419792916,4.604066329172065
-4.359501335667134,-11.415320543581908,15.783249858592306,20.665527275280134,6.558106695655362,16.0762438840973,-6.253465700302035,6.635476242766884,21.531037189850174,-11.445526438117192
15.10747510383497,-2.678513855471618,8.38382640871467,30.349304572518783,8.398748176272553,4.8910123228795515,-4.8981457363755725,5.384620856157069,20.62770893534484,-8.79054832138453
17.952793913744642,8.521277909238245,11.967198078419788,30.450587750644186,-3.2774632358601163,0.456580828018825,-2.863884986117239,3.325763141415036,21.958971155013746,7.458535940008073
8.610501800661607,10.424972807315882,18.411118775912332,16.266087036629507,-12.186644981728863,12.438742867606718,3.744448119871637,4.591202107206488,25.59796885816661,21.02513372612681
-5.660164289534591,11.237423091893648,21.689411573837283,-5.861762781281807,-10.919306913478788,10.49139312448028,19.09573999085199,14.789490924202752,28.63335391264134,11.647591837000258
-5.014863630459037,6.305250076545577,19.125308896293188,-18.072052649319936,2.4865483894075586,3.317560528121919,27.274826645089025,28.67456265601413,-4.102360998951572,-9.556571513516728
-1.748349369499151,3.3523290881602814,17.995099777336186,-12.000479582242628,10.054196132253683,22.163054012842327,25.570519013620807,-14.087272482560563,-21.00374429836725,4.628771050450919
-1.3042526741301599,4.605915626110234,17.51782593387198,-5.504179031889488,7.558264884160839,28.79690452063209,-19.945779610597054,-19.455156615435033,-11.011235745051488,-8.367380524598946
-4.578768082529006,2.2637193370934545,18.62222156411947,0.22597652684890604,7.997360855776796,21.092446617593186,-20.72317786529336,27.066576641753034,-2.0403160387085273,-3.3991461495315693
-1.1211447889798718,0.41539430938379696,19.96395096532704,9.272104893927018,9.078272843286827,16.538597885252024,3.642281775659606,34.046120486059976,3.2014615363918804,-9.92629150189068
0.13160438366069632,1.4072228692409081,21.548830391283456,18.875428851428104,7.89195705986815,17.595065607996023,20.790664979288483,15.010374779742671,-19.85561856152531,4.082607281310714
7.2380491570434025,7.508336164377575,25.444204633227226,22.53005181639619,3.7060001996580407,17.956537832418576,12.931666813266157,-18.766153144883177,-14.46606102437761,-0.9283469536793509
2.5315516444030437,18.59967209004946,31.998283232334554,3.718077405502284,-2.1842772497919243,19.021108737002233,-5.4299450159853535,-20.982402383000885,-1.4750042043213123,-8.1559021824713
-3.278024509720497,18.94211416373149,22.450249545593195,-22.132839161087126,3.2254290790961675,20.495236196214254,-17.044547563127715,-5.602732502327901,-1.6190492089029265,-6.756264265351625
-6.140435768302715,15.506490539390633,5.320593429357564,-29.34310443663936,-5.3025103669954525,21.39070874673696,-10.237776890202445,13.739541735145666,2.5225805192478017,-4.64754526247622
-6.854021448264157,16.001363192718664,-8.459078030104086,-21.15441086259575,-23.353618173326627,-1.726186353048007,9.999329227792206,15.845080879804346,-1.5066167495673919,-4.945481952408767
-6.724999924590103,19.827881663648977,-7.947327694177891,1.0227308192910738,-20.452977485891864,-12.493183678695353,-10.559506442000961,16.29899802302342,-1.6021028836427937,1.365931608676784
-3.368299981402205,21.69014261848289,5.4113892466737035,5.847309443556854,-17.80180966803662,8.980139934447553,-11.793079346746978,12.567879890448488,11.069183627701939,-1.1370578189731702
-3.4276858324785597,20.548248847899817,9.576260782969001,-8.118170513199951,-14.957604922861968,11.55674106864612,8.789886158319334,13.757707909321404,9.907428576779727,-9.011133748299313
-9.287934407345162,16.927493849075308,4.007442830598927,-16.45507026627486,-9.618571186374853,-4.030110560815894,15.544360357212414,14.527938005507785,-5.0637184643427675,-8.819148179536008
-8.546976272845008,15.697939230365646,0.985319578227167,-16.39785240974805,1.114169983987918,-8.41461202838342,9.72645471368191,14.136210675940362,-13.004187707737875,6.544823890069669
10.508685967215243,15.043027626601388,-9.096563507959933,-11.860993592896913,5.008932819883293,-1.5274789594806923,8.934435350461301,12.783680583850105,-8.11970657772186,15.714928683235007
19.369831325006608,-7.823582860452182,-12.254803817541173,-8.558719232418964,0.36516212064629666,3.3130545827302527,10.936742005598642,11.097479323083821,-2.1588245732618874,15.901228213354456
7.581149221630921,-19.657216453688658,8.021951678449579,-6.668036370682434,-0.29170742529319604,4.20717594743595,14.405024166507484,10.329310181422207,1.9194987913079922,16.93757647169453
-8.92806936953416,-16.520254192506552,9.078572697034241,6.068456021746758,1.9053820605821141,6.632227463088162,18.137441723885964,10.129735257197883,4.16599766213382,16.166555389768536
-17.98328307103153,-5.3397786351511565,-2.431971602510865,10.238524206463797,6.391478323716472,10.01362555629735,21.266546306982598,7.31379233736468,3.6565847825233813,12.79120214719818
-15.935824558170236,7.907586660615847,2.427041229461159,11.014189465783206,15.517089468560078,16.572171621378985,16.911808027486817,-0.7598192215486834,3.6771832638036357,10.56314001873596
-10.600554451095732,10.11563943475202,17.171580813603875,16.999640641919076,20.642073632936043,12.930216553590197,-0.2824748497689554,-4.19293331332128,4.893728070852507,10.135008461505606
-6.400637474282527,5.938684191508537,30.378681907078533,22.82751470869383,-0.13970166968854303,-0.48729664803430395,-3.06782391034681,-2.424016568755798,4.778351933247103,10.167907790223628
-4.538378758560355,2.022663687722051,34.71246968544255,-2.126990419519763,-16.03041961143371,6.885803756425606,1.7619641460152082,-0.31695146067541347,5.656018395497245,10.833475287478505
-5.71980948689187,-1.9032567705630195,35.03460970708643,-13.432651021415811,3.6832845484789813,3.9263636834811435,5.577945281630441,2.043007854690884,7.464807245265138,10.569004632002317
-9.435565560806916,-9.263919796018998,32.84851490084279,13.42829947998256,7.927733789664691,8.445745738909023,5.171032576443924,4.242008948836647,9.570085295732326,7.470102307769143
-11.922671144704044,-16.894117406674923,8.973196528191428,30.330699388809176,-5.218198768529405,11.025531519923499,9.53565217887453,6.288047817733693,10.350864824470445,0.856450453573517
-6.880897345239168,-12.444576209720639,-18.958156989360983,20.84134522064737,21.75661160404298,8.957291986802721,11.756382193042494,6.363230791692008,7.204077860743494,-4.422489457711345
-0.8271984289035053,-6.892184028435597,-19.282842655828418,-16.033549463924402,23.653087737061213,19.063018166539678,1.9123000836211665,6.644208087062561,4.713998376646854,-5.281721860370126
3.6642222641302764,-5.2305918468374974,-9.652005542223508,-21.582409124565196,-16.765304439437624,21.314616957788804,9.49754902826539,6.609972814864452,3.932969837552478,-4.324957090596541
6.648180840070005,-3.5841692317963227,-2.078687854149534,-13.66054874562562,-22.37190557126201,-16.168110740607435,13.462141781154179,9.074912983404637,0.2762606571611578,-2.192117324489028
8.27378158522325,-1.026342523100417,2.3641990783955,-10.865288733113582,-6.224219838839337,-23.63091098320323,-13.261315670520737,8.303358632819508,2.1459747552396338,-0.10071646283361474
9.702104960758053,1.868213847252121,3.591516268785257,-8.339540352660201,7.910954697802701,-20.678231561486403,-9.098527293764144,-7.799173537105895,3.865102706923318,3.9285281119515245
10.629678620670926,2.130166516161345,3.6331423353559367,-4.135125914810236,16.11885071947049,-12.190315242151813,10.778177094961379,-4.713370746126009,3.5889222639113485,8.38024907393795
10.669433614140159,0.5477329254851232,4.346377712949781,0.9804865634681833,18.23889611330872,4.331819076785783,15.93564331112986,3.395077797977766,5.307773711865632,12.191987553919773
7.576466399990799,-1.436556980139163,6.151484767245428,8.192512382024052,20.594849602059845,14.226565339619611,8.935863056065992,2.525012752966734,7.155968981172711,15.34532755332917
0.8325128750424556,-1.3957714780064485,7.074218608322329,17.697712995124323,24.00378324765485,4.732250706458693,-0.34249896450391615,3.2715901878406872,10.350107880951562,17.344070785122092
-7.099735410719593,1.7317718742921628,8.817711651078143,25.938148063834106,9.609163250889823,-13.450530162128398,4.079433779840578,6.576826202317504,14.654846103300393,13.328454289169912
-9.532366956573753,1.4039168564160807,14.234985073717624,21.6965069660916,-17.93296627654652,-4.749215949987538,-1.5504497082224997,11.594552499933025,18.117274680618024,-1.0601145565274894
0.5160036913407345,-2.52051504610606,14.734690866548224,8.164131870042835,-22.594884448025866,11.02719856889216,9.61017100464451,12.883085749636168,13.304248654115238,-13.515126997212999
4.732029168076738,5.431056631284607,14.821439120270801,-6.893355266933693,-18.961052972362843,-4.4751298146221705,20.355297795134792,13.203747303424086,-5.645801094138778,-13.130157985603107
-1.7203363724738912,8.672485316944421,10.988319395994683,-16.40019614096593,0.6535422281938394,-16.327877067848735,6.960874917482627,14.097638502054918,-18.088274447512454,-1.6538940128994852
7.4573979175177065,9.618157559088068,4.779510926325653,-13.446377540263349,17.293227636927984,-3.0779361387509594,5.875522344664206,13.74083774405318,-15.047130081553215,10.991891167027697
20.113805306269228,2.585271434749748,-2.4102156712638605,-10.570357376162253,15.741682127407419,14.325323332661368,5.466851915859383,9.546284988132452,-8.921793657648138,11.386730137237068
23.218146609696632,-6.2348944409915354,4.001919398967895,-8.143834281764732,7.189256807479847,23.591048263395088,3.702597612176732,5.3115375933337425,-4.956362111370591,7.956175513340425
23.480010892796148,-1.7090106388770299,12.574312633552552,-1.758740840673328,4.3741712171336555,26.67815745180343,3.536618117649969,1.756421773614311,-1.8929835763520124,6.6108704399401255
25.42831406446297,7.05325662110624,10.546208815895033,1.4918122255678792,6.513557022082283,27.59085216181694,-0.5011827113480201,1.0960124181462487,0.27373074568038247,7.204821443394766
28.601723784812616,5.420956824628214,2.5262764225586136,3.3902088523300855,10.525351617423361,26.002220585454204,-5.024749540121344,6.336229971752489,4.38716609148138,11.110036237763442
20.17297907764939,-8.384263105771593,5.240214654950374,7.539920359750044,16.63056761615314,19.426602201216113,-7.196896557580536,12.165247877172012,16.142467177120636,19.583531628002053
-10.274583382995626,-9.922546555999318,2.5050504096219637,17.508144184878073,20.42251165656582,0.28892977060425246,-8.709651688835095,7.534402616010976,31.873175753729814,10.832837232533302
-5.136845895987241,-6.557892355994206,-6.294954095178403,15.398259248968957,15.129727919143217,-17.225630916567138,1.8820393120703254,0.6295239951896154,33.51992345429974,-9.809060222082183
16.128395388325806,-3.00051813363003,-6.214746834838125,11.022793103079241,8.75283351214739,-18.872290757137105,6.811390701575446,17.6662289217063,26.539717510673118,-10.515537568485241
26.799426249383263,4.209692892329403,-4.584324139043059,11.154203739345618,3.0874804676217154,-18.315580038203613,-5.983530229220134,21.329629187464874,16.2969065536776,-7.712234017919792
27.56546643090195,0.2103453235799851,-5.774993713796919,13.689889073891594,-2.3795301155074875,-15.559862729584477,-14.629510931033348,1.9287498369114813,21.67626714350715,8.997260978608546
-1.4842841434099217,-15.159889613595388,-5.130756214701582,13.918979599524766,-5.271628064217721,-7.454863433890488,-9.90315229083526,-14.7809652123738,7.013535626029294,31.39958691013368
0.009603220349636538,0.34738621871874886,-10.05045840072496,13.879848161668274,0.04308326542943862,-1.7909050107372033,-5.338575935591149,-11.542546511012398,-18.158680883259425,29.273698567554813
19.870101542356608,-12.083262493905071,-6.344608987372068,11.6816567896227,6.301229013812596,-2.692034130500894,-2.039982988139245,-5.02467708612574,-25.421847339979916,5.87893676142358
15.892978665269542,-4.955401550203876,0.7008576896077764,10.891837609247565,7.27855315601561,-4.356066229897724,1.6391110115478686,-2.6979722722914024,-21.077744354387875,-19.146118675079876
-5.442478662476672,3.477182050053847,4.016259473237552,12.78321574479195,4.851257157163854,-4.811404470927273,5.732597659281543,-2.9087912168377117,-14.70198721408681,-23.908943680307075
-12.961420619975367,-7.967315713994635,2.8210158755002994,14.90599097028838,0.5878330924461915,-3.646124268653174,8.756284006006934,-3.0946319441695977,-7.904552623174319,-16.634585940773245
-6.660756435183686,-11.544060797915167,-8.768261365099432,14.26562283994023,3.1563614593227434,-1.3564481367427588,10.700893058977812,-2.300425198882273,-2.3186758635010536,-12.06551450686942
0.5267126904599041,-9.031505080778796,-13.074799399525666,5.621296701385601,10.190420442808048,1.172345392618091,11.999386618582648,0.02276363284928179,0.8160830865276514,-9.126365297602838
6.625207241846904,-7.424991733510956,-9.354255637157973,-3.8248100486739873,11.692620089760876,9.4077874955467,10.756270290187139,-0.05408226787062395,2.3786153022172276,-6.39971226273578
10.525055516926113,-5.330561842838936,-2.30390564088819,-6.466426948674885,7.303311187031819,17.671687313235015,4.787580585345895,-1.9051694521874278,4.77369673423048,-2.538597817589277
11.640015324048052,-3.2316909900169195,3.114415500555902,-4.3851940415769315,3.693636400677443,20.890347484844124,-0.15732342312973685,-1.0910374077278124,6.790089793775245,3.3511601330066583
10.089203318685463,-1.7382566517510383,6.550867077554523,-0.6935104006107413,3.556859889141869,22.01337825751832,-1.5650900565499213,1.7820437546510899,8.57612670672013,9.35667818540691
5.271560177544045,-1.0760140463236656,8.701633038135082,3.5056950339855226,6.410751553467634,22.27485225687938,-1.2453395229043627,4.2964209871767105,12.202007253369876,12.876190195689205
-2.5143282485368736,0.4877489560478533,10.297327729098228,9.400824242841887,11.534904789383468,19.46530929052349,-2.3582676060361965,6.699524554268244,17.140986093390204,10.962939760913907
-6.0662672219516764,1.3591518941690957,12.793636595975928,17.93663651769961,14.594337053002333,8.555552921421015,-4.994641024569493,7.254647703486422,22.0018153462524,0.7134457349967303
0.9276599507914132,0.3886517578232557,14.762981587185038,25.48154921968597,2.2999331279609585,-2.650031665473146,-3.923343093718699,3.873337588801161,23.137981625646987,-7.1675101618829995
7.982954206505589,7.908488632617228,18.696246424670594,17.24802465837373,-13.5668394446916,7.363250301604765,-0.36687509288360837,2.642888350792472,23.49652208746458,-2.0510007707712457
9.060457824266347,16.861953075704015,16.58144400108713,-7.172534082533955,-13.666701487757022,9.029697663719864,11.310960620545869,7.768927319139519,23.51919540134463,4.7632280406566245
10.036565578094022,19.37061068450721,-3.721210628102588,-15.178777469160245,-8.044147604846438,-3.405910586297929,15.28781419576683,22.703924646913666,16.267227068809966,1.454691002781217
10.442004855181748,14.753393411946803,-17.202614122093404,2.4213056578684835,-6.929732746598282,-8.336483424592426,3.8254786109562966,31.91093175142923,0.47621210812456616,-2.8793725204966765
10.98651948873062,8.635912367752203,-14.764657590676633,16.8511429812751,0.9290416124129226,-4.310265669588169,-5.412746694484365,31.653754073139243,2.4233891767874027,-0.7082185616557624
12.48290598943029,4.553563386256464,-10.027204070776428,18.562136146773433,8.226917397188576,-9.10053293127545,-10.026873024237917,26.83262583667509,11.72240496072287,-4.941200056410074
17.631725612049323,5.147088389239659,-6.816052262889406,18.547656096590153,4.636774773920652,-18.069372652215424,-15.15914039734448,8.145176125990288,18.889221087157164,-5.1355587188188965
14.647536664976972,-1.8117236089758866,-4.575832007190419,20.630725624757712,-5.552661113580459,-14.759748976229218,-9.365714898533959,-13.809728278110374,14.55168441522792,16.761828735083306
3.497457603620661,-10.433760255401227,-6.973752853757168,21.550535689795936,-6.724224483380625,-2.378907052107962,-3.3677955234423775,-15.53253360870873,-5.986360820508111,23.62835111862614
6.228748466563878,-14.42355428111986,-13.894401933304904,16.163286788270202,6.035338887541623,1.006196669161695,-1.733990063505219,-11.420405565185499,-18.260070428803118,12.88389225780815
8.724421146839052,-18.709736084496573,-10.67354714021352,-1.2659110237236446,12.943374770827877,-0.6650435430379799,1.0163278983259543,-8.433214278705567,-18.555585390287256,-2.0356689312706004
10.90800498491519,-13.472781848121159,3.9499967985554907,-4.074795594378147,13.390892440662698,4.974240000481678,1.0530305708382393,-7.128938556737579,-11.892323218642812,-12.921295902261068
10.426885126854561,2.418497278530125,9.214489057517516,4.929320441760107,14.27392244289087,6.039068565857331,-3.204806118400843,-4.5537408441974065,-4.975720439863944,-17.6392926244707
2.3151085070307156,12.951890757645177,11.636026455053962,9.15229829838747,12.775755958286632,-0.1540363550717669,-3.2859010940525826,-1.3061668514902538,-1.1848900305418648,-16.259296988217866
-5.440058470015349,11.296036430101658,20.02231512721335,7.99076379927137,6.3005434718184405,-3.4225432064311865,-0.3251126445474949,0.565120549021091,1.0113976247775818,-13.554869339508851
-6.2947838529274645,1.4328552569519601,24.99039326658381,5.486846735470841,-0.2113671450005896,-2.2912549681800427,1.9437621291770997,2.719292925982768,1.5953230094035493,-11.485488430045498
-2.127805863243583,-4.25486574198487,24.8039333124718,6.121216628402578,-5.867131875351364,0.27536197926588063,3.4859780367199957,4.850855787992881,1.1707441167843724,-9.60289160489312
1.6005456076681361,-2.2424268237809133,24.479956191575596,2.850138248458212,-9.272311350723005,2.1128483003944765,6.211746789986039,6.192376284554904,-0.6069004797587805,-7.266945135229505
2.783043055064957,3.420014672030068,25.08697679799146,-5.685717955591993,-5.438248302582322,0.6260278050491261,9.118858545119041,6.673396782430302,-3.1016149645418274,-4.520157711178941
2.9903020926790056,9.094972596944462,21.958728473688087,-10.26360730960147,6.687154913758898,3.4054738060943297,10.662920728233534,5.571126140537123,-5.2252808564233755,-1.6702020549941483
4.418956004786633,13.917526647921248,15.39942461067191,-8.761772768948259,13.001525633158307,15.504419696230666,8.303277607070989,0.22533749006618456,-4.812814513019959,0.2765846278676665
6.805724211207334,17.916293751763135,5.532214911487438,-8.32243536380536,10.414561996842828,23.245143806531374,-3.5897302293429556,-0.4163054147843137,-2.665509603107888,1.1803412662192818
10.003387834595511,17.925682810029926,-6.59299569393652,-5.01673736585849,3.426610077113918,24.71759914479156,-4.8436202061095806,8.687056137289664,0.9524900384898607,2.659376226325844
13.176324066908869,10.547555820817413,-13.69499070942475,3.4745912578710954,4.120914564289222,25.58729735930108,6.585486781924308,9.424454643273977,4.350187393251223,4.747601176912141
14.29861787602977,-2.248494789307497,-12.973351539085451,2.1786114620939587,13.600109017718886,27.69241739524901,3.9564787529739163,3.535222714464341,5.626678307080375,8.419929035790021
7.461801913351029,-11.61519873719357,-5.060309917763208,-5.876363870157369,10.975217183573035,28.392791460347638,-6.885256454500757,7.244821434779037,10.511721832214498,12.490684669346969
-4.750550357144581,-10.289485007305084,0.9568976246946816,-4.733928629571419,3.449830410138156,29.31975385034899,0.570126029057359,12.016029443121456,19.27557764277278,5.90127057241768
-1.2893293961604082,-8.171366590680817,2.4410946036919374,-1.8995139233175011,0.6203235389858187,30.60184002148716,16.311725912219167,8.195822307557483,15.395565954542526,-6.524103074476807
6.71797173947293,-4.463166557092402,5.224783098522842,1.5876833614569217,2.1425734741640277,32.03999746509704,17.39759962275432,-6.479558447979071,15.325706623465791,-2.7384733286759
3.248228547625373,-1.5835247183353118,7.296029001920873,5.907462592251695,8.462242621916669,32.52136059215789,-4.9581055058185255,-9.624424193575091,17.108896852072853,13.160384235678059
-5.859345324585551,1.2488030836112405,8.966144499760338,12.630902722933008,17.60475718078183,15.062557425291656,-24.962846555475874,1.9093734609512485,13.059187103282921,16.412261773174336
-10.73985450964687,4.356380308684156,14.499050043487122,20.573942044917768,6.638435236379427,-14.45722057072137,-19.543078026402455,-13.535050872603195,8.219565291617506,13.62114565307226
-3.182991237359521,4.673048709430193,21.300699473863347,10.340781916324609,-17.223682958026682,-2.935938643734678,-9.693279783600252,-17.383886467674756,-13.598748366483148,12.581757904441979
6.864579921014684,8.794882157399895,20.244563264397005,-13.208885746147532,-13.80637968705682,5.03274159691673,-6.277634334591474,-5.94721636063403,-20.117106244798443,0.7907092608995636
3.4054425527515106,15.236723649945104,4.989413024328735,-23.94656928069453,-1.4159638993160597,2.1121191524218355,-3.0273803336935408,1.0768745622236275,-17.675150407672085,-4.775162020698349
-0.3361097508504891,16.654473059617153,-11.156554310192396,-17.131073583167495,-5.733415975871533,2.0248438754110616,-0.27376136831600534,4.619243171001412,-15.221855801149921,-0.9757213846205178
4.164342803839375,16.55452687827553,-15.715065448942338,4.1033708411016585,-8.529710549167001,0.9567553689602831,2.108331126758241,5.765523752361817,-12.42071877716982,3.7181670234775996
11.30982705136913,11.175764525233587,-10.024578272313635,17.548899143452168,3.1392607727307795,3.852192189019299,5.000746363100671,5.023683136717941,-9.53570243874206,4.577543386571552
15.329812461518054,5.309689690900663,-5.78688131621553,18.414734713717316,13.838792470975005,-0.2902425733908872,6.26617308663698,3.877520038612425,-7.568470448673727,2.260598748796731
16.93367105274639,2.535839793578523,-3.379944589209742,16.73756637777084,15.920342482762708,-5.815770528760558,9.857141213244821,4.338349486047687,-6.526632515797418,-0.21742547629938588
17.741196253200968,3.5993650202275864,-1.331072515859765,16.75567298051991,13.793647027537611,-6.909285494044474,14.625641319422968,5.793932019930883,-7.732246415518938,-2.4488135770912165
16.0865078099028,8.199781428392422,0.5595808022351692,17.614123191822898,10.251197913058164,-4.934500550284607,17.80932673912934,4.740013506484376,-10.914027670595056,-5.465862220044089
8.368061836510057,15.881467466717126,6.116027761486747,17.8374681843569,6.32961388520418,-2.561675831449752,19.806661068113318,-0.9366885000727823,-11.240632340976722,-9.214842703301473
-2.441836578092194,19.339936565331648,18.72075801001291,8.869783890008103,-1.3911066818882332,0.20064439340065754,21.073686510617943,-5.663383194894804,-3.14339943045814,-9.360079044179617
-6.570507752589157,12.30136093506578,23.853733091769566,-8.828509057825869,2.0950794595710684,0.7003438984132563,22.211001512181127,-1.4911402091029673,5.140404822549632,-7.394400230361573
-5.0199609446161,4.750445399413502,23.01058441415477,-7.228615364297992,11.95362047044437,14.50384892706264,20.31013682046534,-0.05398510097132357,6.26696615723389,-6.982886727323151
-1.3268851614128914,1.7706001928640251,23.980059840921754,7.056543935612488,13.97950027540469,24.259804903587835,3.545079873434689,-5.837893156112071,10.587714382205618,-4.4480977532739665
1.4871919986230826,3.8767190013028476,26.654524725411225,21.70412812809713,10.028523822476673,12.156859105074213,-11.729727846597964,-2.182286064013425,11.632483565833557,0.27065101719573653
2.8838600512034676,8.874409207567885,32.66194715753781,13.201681444396348,-8.964246994558895,12.444919641502304,-10.105062130841903,-1.4599154339461868,11.775405162621082,4.771248665437088
4.581432643078436,14.697508629351239,28.511864186273414,-18.495930288710845,-4.859866840634955,15.355403400094632,-0.6795180317223865,1.077605237956425,12.810989174569261,8.535255404614631
7.462961615245532,17.2798752332706,2.762830312808732,-29.96824021003016,-2.3350151378813813,15.969794964978668,3.38690516467197,3.1117265345684046,15.297324499327372,12.654153997668697
6.660083145482993,8.741193209085083,-17.477163849127272,-12.388827165465269,-21.606242020865036,-2.7460418657860775,10.783654909791343,8.869207597739281,18.093083328153796,16.59142708131798
-0.1568747528933539,5.693739441006147,-15.386476148464924,13.400789427965133,-18.37355033513449,-5.328149668725911,-0.857119149496114,17.074251314636243,24.42139306144655,5.510012790256386
4.918031305914591,7.435442963033251,-6.417727697480419,24.683122872809435,-1.7896404576920033,7.586956831040076,3.3858154795182887,17.68840700331601,21.727536413279786,-12.267639444461187
7.669894922890782,14.90296736503832,4.667906172698293,25.87988551610443,10.134786376417736,4.09621824085588,9.585390172495256,20.406559894305857,1.3603259438552113,-16.580477084853754
-5.943002614691939,16.260095008871932,25.855975048156854,17.08640976978308,-2.284869943944495,1.864674952039234,12.270225078219262,14.723469293375974,-18.06415823822976,-4.340870907098257
2.7981042122548674,12.618133434563365,30.947426676367577,-11.306046638674513,-3.2058926504484666,0.30334833028040925,14.894783304546078,1.3894871648358402,-19.64493620258185,8.728645844964433
13.005601448797645,21.323959950845648,8.895544963852956,-20.117852703395197,12.71898053089523,13.319140335748338,11.811061538699354,-12.295692468244539,-13.923265278011288,-1.5059267184546592
3.6275012614181152,23.17288248802415,-18.56968595365453,-8.315018756114107,-6.008070153306759,21.307688028538813,-4.43133993294472,-13.316925838061351,-4.335497165571637,-9.656415251333435
-6.131133210774589,23.8706922874613,-6.894667494100511,15.731669994929987,6.2470058816170315,22.46963104912408,-8.16570731927901,-3.7794996018124793,-0.4510898209117834,-8.391829063593518
-11.382199988455488,16.933071183259848,22.41230853869907,15.184663451605706,13.248993745502185,5.2544365613820085,-14.060882452686961,6.320986485948052,2.2344845652627026,-6.488232847030036
-9.957260641829077,-2.2592296147740063,32.827591044596765,12.253670977020686,-4.630107416861373,0.25155491835910493,-11.846577282239696,5.780336241073425,5.952452293690621,-8.029362124978167
-0.5762341383526546,-11.339911510639133,26.5574890293817,9.857626078896653,-15.394880986071122,12.854263732087498,-3.4458463132813035,6.621760640805502,7.61135151746592,-9.373902302356528
7.4902968853496645,-2.0431588467450235,25.482025297061586,1.031304599278122,-15.936978674819922,14.230828387373489,15.88579565634128,4.996682308892949,4.335743516261665,-7.982989764306406
8.561282021850268,12.767730174539754,20.19350951704848,-18.01332642587959,-4.674246677715252,-0.4781826139814499,22.543142561534268,3.6135324048912056,1.9699109303348874,-4.932861479099916
6.979310793793875,19.21256334194423,-3.1984831965693776,-22.001254565121904,4.7785784883850715,8.230913077632405,23.005118595698825,2.663019500229949,-2.107177966978723,-2.7782930303338995
6.73675496852552,16.40246500178316,-20.456952871883455,-4.035285416626715,-9.089541614136715,5.144606721470276,23.94139212831134,-5.953436280336088,3.150508279997929,-0.6579807366835466
8.561581763148157,9.250479456403514,-17.669244359413096,16.541239426504657,1.9956359186780643,2.0214381077266443,25.132325075822354,1.7544768164560771,8.712821137527863,4.679702291075802
9.266474180797003,1.003509693540715,-12.914495731244388,13.804472670388632,19.574897927329037,8.535673407945962,24.25590662779153,7.04762802530146,5.385348550330115,8.059571184913514
7.5791663052783145,-5.98002399249651,-9.74116059383368,-0.5036906931958155,29.158739322534743,23.89865242354229,6.5077973935067295,-0.2865156076380812,4.992629719693531,10.613877780460394
0.8173439420592403,-8.06438825312101,-3.420367195540038,-9.322311317287703,20.574278629527498,21.873233633182693,-19.61081892772306,8.935497400425968,10.492495732483638,12.21586083461066
-5.716347084807515,-4.604064573486967,0.6275553670264598,-8.39575829701466,13.01567224811515,13.239397495726934,-21.70739491460333,7.8579714391002105,27.110477521634245,-0.1687110484912184
1.6572213029402716,-2.880230085896891,3.4675881002528954,-4.253106574267043,11.863069858072027,5.151505355442782,-23.930101128709754,-11.450750095407088,26.40902283023133,0.5195665336406212
-0.8734085850944489,-0.6050837552765844,5.528050030766426,1.083311338365987,13.467966762800959,-6.484690371491943,-19.078645553906302,-24.410129104484653,-5.7590063559279585,13.405763457587168
4.346901822531602,2.043302038958566,7.212638131678752,6.831420551910825,11.140217948544603,-12.687010004661559,1.4720554339806067,-19.20066577289619,-19.703433033840184,-5.233886933861571
-1.086800637159392,4.644844513942889,10.159214544106602,9.906473238527832,3.754730064473461,-9.669283356301602,17.884359554266005,-14.174135749120213,1.9236640118896458,-13.232099327012131
2.708539538782594,7.10661087023215,14.173582631093188,8.116866280250505,-3.9535317899753917,-7.644671027276742,21.380953229561282,5.982415385738773,10.904687787574115,-8.883133256297917
1.9052059596398463,12.140814384868994,15.376541153803998,-1.6771225709118778,-5.733780483935754,-9.333441744975314,14.116480562351642,18.599653960435504,-5.551409613309512,-7.314124506711496
