T0,T1,T2,T3,T4,T5,T6,T7,T8,T9
0.12157809383198824,-0.021314784195152363,-0.004062380994898037,-0.23311310364161236,-0.03895489948777986,0.1759625425081935,0.049869833265638625,-0.017762876856770443,-0.07625920486674588,0.059087961525691124
0.0595628304124167,0.07195203893668711,-0.03300038340285967,-0.23008397916046197,2.436495418843207e-05,0.05052198597253571,-0.02273785134424078,-0.21522213587581107,0.029169401945163848,-0.040596981822555334
0.04372828546108963,0.06693602417962287,-0.1687952576118982,-0.16792779063158664,0.012011388745004091,-0.05580067142430642,0.0009517671833520341,0.18585418246208826,0.07264313245480851,-0.00442168564979001
-0.05539426810783207,-0.1908573425687743,-0.09908167106231112,-0.15881629904401318,0.022826999628999037,0.1308482683026207,-0.2117570635898683,-0.1691543000112834,0.06248395587650514,0.10163327524407265
-0.106679600346097,-0.11424470378333537,-0.0130762257949513,-0.08068770407750003,0.003508374855851513,-0.09699349571846069,-0.023154570875595776,0.019888068233061957,-0.034040306135200114,-0.14766741346126208
0.011429984734305766,-0.07603176803710655,-0.0895332132680105,-0.05536909861469543,0.10476757210677085,-0.07496463432461359,0.05902472804284062,-0.06241120529919228,0.037585382531321085,0.05554053241765142
0.0160121985376204,0.009737412789629751,-0.2186250193398832,-0.014171338231892296,-0.24587349751318932,-0.016422639690849804,0.11186672717699161,0.03171019551705653,0.034852386022848965,-0.16969106673162782
-0.1488954148276461,-0.051757888184564775,-0.06748345294806507,0.05651334236751245,-0.12423574179550344,-0.202968082401002,-0.14545981251080184,0.05188982019065691,-0.04886620142478549,-0.06307750586024462
-0.18698828196951764,0.002101640664377128,0.01804291745846015,-0.05538382613282649,-0.17093267834843756,-0.24128368265371924,0.11282834703472686,0.045142302247271844,0.05857036302699299,0.011070723716964277
-0.15459666277880318,-0.019058712864068912,-0.043769470904216574,0.11472656109740045,0.17755965813664915,-0.07728774972037092,0.0031873669306516778,-0.11258015163613251,-0.01903860880676292,-0.037924831736077046
-0.08694667169538269,-0.06871689378733037,-0.0007514883283694027,-0.04967352108174669,0.0014145305539322583,0.0183323228638487,-0.01216310296404755,-0.01748286844777392,0.05669302453690313,-0.0794875097462626
0.1072463794913252,0.03383752456499195,0.06209199612377322,0.04210805530675287,0.12241811347464474,-0.015764318461236312,0.22464242762823797,-0.1945768221152377,0.011105828202946349,-0.1681309420394399
0.14220448847400574,0.08721829856592356,0.11015496658963946,0.039206184837508394,-0.07550488049183353,-0.02364279574755597,0.1698288915052697,-0.15914596076272752,-0.12005253972569876,-0.1904961276436827
-0.0008559120696624498,0.1658444146461335,-0.03668215411032834,0.10973367691108178,0.12217136414494634,0.1446713554743529,0.08351460110572542,0.08404852779009431,0.005988033300329515,-0.10503486657934064
0.0445769325702468,0.14567891810200492,0.017935281877895455,0.06726315178428546,0.15190860417658394,0.08085631001177787,0.044514880188691916,-0.1387969731681562,0.06188437029273369,0.10315884256870453
0.07017536191293132,0.1660846601657368,0.06323690687367876,0.08433052674380426,0.1252362253256019,0.10790191039298982,0.19564518704119632,0.04207638021417587,0.14197236592392204,-0.09669886664757435
0.2487983414584376,0.08956085552073967,0.12819123383331796,0.18931425801630725,0.18598477608219688,0.023443005165056364,-0.0878187672138755,0.15035700453953993,0.2765640703424874,-0.04562878975535439
0.010571907975593792,-0.09821999128183709,0.04681674839384152,0.1948104019561004,0.11532861135286929,0.18016565392150488,-0.008491547859946644,-0.06689707708859412,-0.03079512567422507,0.21877090635246038
0.13554599873782844,0.06457630566673349,0.06402485897336242,-0.005351628252964924,-0.0009557654306670688,0.2968537568832526,0.13500334190061344,-0.018474538305440436,0.05155608200707297,-0.06244744138351899
0.1524031249514181,0.06696379391693998,0.13432025830104066,0.27069040292229246,0.133887771286126,0.15533878707260354,-0.023922464915327478,0.011718416875326834,-0.031353658273088225,0.0839467682848696
0.28619232850457177,0.0630069554789568,0.02769497523975753,0.1501994430630123,0.17246233851936216,0.2729362840208811,0.022956168765650296,-0.023657783277998667,0.057343993204478125,0.10861310076581805
0.10350727308767986,0.21610143542333923,-0.12742581557712399,0.17702140979365538,0.10709043126291617,0.31304496258062126,0.1846576009798121,-0.014437991745125361,-0.06953413887565674,-0.15772459391386867
0.14876335414289438,0.066233026297493,0.11200452174189995,0.014051428120953363,0.37198861980821607,0.12942635422985974,0.21570644636065867,-0.051281163751596706,0.15121070013607618,-0.09142875157728557
0.055658826173721906,0.16376801421864473,0.014525881403004814,0.17150464306417543,0.07652676549316151,0.11264923143213917,0.02962616421949313,-0.07736039384488134,0.10503444956438326,-0.04895912334867544
0.12558671354731538,0.21683944532750082,-0.03297643011499661,0.24054075112139126,0.001969863273844852,-0.04820362176368895,0.1781089050267962,0.09110202336627365,0.10806812239454462,0.030471750348760464
0.03724756515892994,0.29217084328562426,0.048605419516476026,0.15716950305161745,0.05536417514547963,0.10144966073832803,0.09449435170752861,0.07487931413119829,0.23809136790614333,0.023851693679592202
0.019000186491499153,0.07381668186721076,0.09164304644175279,0.1524640185072741,0.07987925130827278,0.09914588342772579,0.2426174336247537,-0.031435361573537296,0.21486784059025577,0.12805327677978637
-0.03621410496279522,0.08795391077956438,0.18173031846753873,0.28795574810283525,-0.01625819557259603,0.047085194401563966,0.18470669250832417,-0.1258109618441571,0.15560293061603087,0.0960518191386528
0.021517338719246448,0.14846920493689073,-0.013447961450839235,0.1343378962757787,0.03772946953000768,0.12506399296097048,0.2902687191576382,-0.16042848451285857,0.06432664507302654,0.03080589733481845
0.2546816086578788,-0.0041214197686134935,0.1503623533786212,0.07427936957530565,0.06764686369276418,0.11259836998994535,-0.015170694391191758,-0.07344777223582782,0.04334496277915975,0.19512877657659333
-0.07644153617649435,0.08717572042694746,0.05604520715513413,-0.18919931151005046,0.08458861713738758,0.25604627930455637,0.17396493508179386,-0.06197996530343274,-0.02083364225937165,0.10037139314792437
0.017549412989429095,0.12665267486911722,0.24502203148856885,0.18831499248742528,0.1018787290267559,-0.05260417499105782,0.0017003598760426501,-0.046008590496676764,-0.004633636444638045,0.08155908324526565
0.1926283474415062,0.07785163030762965,-0.004072889943151414,0.02971149526905028,0.15090390059140502,0.05373227860320064,-0.12599743224953264,-0.09111200287746413,-0.08134373043099741,0.16084333243096624
-0.008111640560834021,0.03871885233797923,0.20134196291657014,-0.11978111810554266,0.11510447888719696,0.19004000765459628,0.005059970760207427,0.05367667854976467,0.12233087638531091,0.03590461902760443
-0.0469812989924594,0.03132826703788555,0.015578611409642812,-0.00808347642644705,-0.07619104156196432,0.24645474039851062,-0.03274756552808321,-0.017765217049769057,0.1553812732934891,0.1704490619999119
0.05960171467785265,0.15186143769527105,-0.045033547537431384,-0.10674446922996295,-0.041153734062600894,0.15059301748537038,-0.18596871100229218,0.0848672601666996,0.0008123687962677921,0.0009426007890903504
0.21664059379238337,0.1237188424300043,0.11933558858486132,-0.15387752877807626,-0.04329925292709845,-0.06153742993812286,-0.06667679724820674,-0.044943217607155514,0.06910619278275645,0.06740630035680273
0.05928443349618178,0.06611354241634265,0.07487836040247214,0.0762784881595388,-0.16738735207324115,0.10718200803125111,-0.05513085317908548,-0.02262748677265964,-0.13832946683729944,0.09156977599430877
0.08171447583861226,0.044387932249785864,0.04085348615710328,-0.0407950831797151,-0.09463722514591995,0.12001272369511287,-0.04710582761908102,0.11783929218475642,-0.04614798566815807,-0.05803700802929653
-0.03807428071098562,0.04422328254189936,0.01611054222036149,0.0340146618664903,-0.08380596185936333,-0.100531688493224,0.017135673088456226,-0.014472204425981853,-0.11729170085477206,-0.07129288117739746
-0.010501562923451013,-0.011987778589317516,0.006894697226496733,-0.030309596065259743,-0.18857303610164194,0.004081741138705304,-0.026190869725354858,0.07175718203587764,-0.06177352272543965,0.08476079858155401
-0.19891623507676387,-0.09111468244952392,-0.067855001985468,-0.03614403912849873,-0.08083827021495386,0.2561555711741014,-0.12167934579003448,0.05371959739525041,0.11349091028735761,0.0037435360309814106
0.1028292329829826,0.07036855642968831,-0.01422926772008791,0.15715118979981815,-0.16925512067339266,-0.02297332998644836,0.17174059038759715,0.005107387926439437,-0.1483938613300948,-0.04537827908621078
-0.08221093956074316,0.007133861475628665,0.059163230805619124,0.14609520027193004,0.05594433804127906,-0.1780004926685202,0.07185937189889402,0.08034865442039622,-0.08938266926534161,0.12117909804879215
-0.04387556542709677,-0.010711178999234988,0.079981335012757,0.10749902362017072,-0.0676246988878014,0.2011937798913185,-0.021924494362246798,-0.04553249147441457,-0.04052405159076921,0.10020520879482167
-0.07021090499544243,-0.03161683394382428,0.006877001417226185,0.06287304564673687,0.1431769914885794,0.04881654684203096,0.18451478270743507,-0.04845937870651057,0.11628309035766093,-0.021477401720581393
0.04490116993703705,0.16699466368755622,0.01493133785866791,-0.1523367785648913,0.07501281385788316,0.17997901230960586,0.0838743489981799,0.18561903251835665,0.05694710628814892,-0.06862091072930583
0.22851371231240816,0.05236154296563408,0.046487840843335605,0.11576822803183145,-0.1278606170753833,0.09884365408421958,0.03616276805793689,0.07337696602892552,0.16268734799993706,-0.053188595618206186
-0.018071252111069344,0.03897964761798727,0.06894803489117887,-0.06134415726536348,0.08388791425744269,0.3044695287628408,0.07857121378230078,0.0029485125961060954,-0.10248114977480982,-0.07365505437179579
0.25997590885287947,0.11875150152552755,0.24453888492715045,-0.08883516292553954,-0.017762787210107107,-0.046765812170649415,0.12442699169644167,0.09774508430672976,0.04043858860303609,0.15393519059332106
0.000909339734828471,0.05997896946734706,0.01207173375051427,0.13393754358288987,0.04078528447022162,0.04968071401684425,-0.03431390188888616,-0.047450714967836954,0.10402133516265959,0.024956021796849893
-0.0722164157335082,0.06762458673395458,0.1279401573415778,0.09840686829168732,0.06452211182382812,0.2412274725557994,-0.08921690509678033,0.07938617770368148,0.09779814587042751,0.06954170797018659
0.07369419023067342,0.10726243491671131,0.3634568566125572,0.19954148435073096,-0.0655535940576723,0.021514405894131873,0.08971346832415848,-0.011038677447797185,0.04800962573908432,-0.17580293104131836
-0.024242406625857457,0.1233873698837347,0.23164889633441357,0.17022184562185888,-0.14954198926197634,-0.10023289102766982,0.0602142951784675,0.18219870136400193,0.07241257384399649,0.024532643362957345
0.2515656187576968,0.07622595456093272,0.3003474520558041,-0.042046692029284155,0.09210904022659834,0.255286929860722,-0.018033418473816648,-0.065712592417844,0.10246930267133961,0.2194882638359964
0.016369245396806384,0.16188713768025487,0.10896529191014481,0.16975970910654398,0.18473121972460793,0.06235883712221264,-0.02950983466240238,0.07339870457865316,0.23318518196739485,0.21416762387300767
0.0694285702547176,0.10175623559287414,0.049624756243300774,0.24063633207835183,-0.06915383096789542,0.14788728898154663,0.1406025708134164,0.07856334232538392,-0.07870600485180354,0.07295071818867016
-0.023943703443257525,-0.020864197576227428,0.024513667882923362,0.035015917698265654,-0.02171915527143642,0.27022690757327805,-0.12639679240292928,0.21073199157195288,-0.019057649627053697,0.07848447912186468
-0.12739611677712087,-0.015300303051026198,0.03213748598574014,0.17162218727948905,0.11106434581107336,0.045082691243438215,0.18246720850688283,0.013582529958232767,0.09276923446874695,-0.0714557034806142
0.1553040002379252,-0.03372567878958044,-0.04563352998753586,-0.007223352016415691,0.087808320985982,0.30718630822846427,0.015598443207157503,-0.08613837002942501,0.03377663022718978,-0.12636615996965211
0.09344692828282393,0.0029300117688266566,-0.0460233765989478,0.11405857235104744,-0.17465600772011491,0.07627309975001231,0.06234379773658873,0.04493968003970737,-0.09289798055840512,0.10760448291157862
-0.06120983741529949,0.01265234540592158,0.034764754215889766,0.1385302979354724,0.08538541400900942,-0.024076685672763873,0.038497630730280466,-0.10333452944119274,-0.030049633536982995,0.09052873449604093
0.04923181225500428,0.01743196709485889,0.04760052401939409,-0.028307018404849216,0.054586324390199545,0.07843147906682113,-0.1877935426851625,0.0799533247073438,0.05848761430277807,0.10433115349009656
0.11535406098667081,0.010970866155611589,-0.02422147070933591,0.05004518820334347,-0.07914136671227645,0.06877368840505622,0.07351887175231459,0.012100669370482027,0.02521291300211769,0.01716255150868181
0.06938719199500273,0.0674349548894683,0.07615192987765187,-0.047846529038923086,0.1362526255234151,0.09677141665350422,0.06981722736831694,0.04759847797652652,-0.03311030779579632,0.09591019106625938
-0.02888775577331279,-2.7094839757074718e-05,0.0690047757659645,-0.04745391177978209,0.04735002305644394,0.0482102310107323,0.11023814473816791,0.033509983178224144,-0.13056733210988777,0.181984236376119
0.08983531394833887,0.15524427373617994,0.018120333119443794,-0.22856272965643254,0.023034080285274157,0.12087958620325195,0.12160611548533841,-0.11589446796350379,0.032222678267293706,0.11462240224836304
0.10014619269722322,-0.04277384458690518,0.15569499896048802,0.012775433947811474,0.13831148841769295,0.16868835465089324,-0.07250311412265187,-0.14156969795336866,-0.09636168160604348,0.053719426971335776
-0.13855297548249554,0.11489585143064786,0.029066059351755595,-0.07942941088819239,0.14461843619510628,0.04038058841269577,-0.08912403897688226,-0.030296355624088306,0.05098588019369835,0.10304754615730424
0.08195620012747604,0.02286314879854411,0.14552957022218527,0.12194390924147007,0.1783176179854032,0.11866159963276177,0.0280519407696367,-0.26510707476285444,0.06286954469837229,0.03365450374595528
0.02159805929503513,-0.01905374317069424,-0.09749581204000277,0.03517028237659023,-0.003631218371524081,0.1149577705564079,-0.2757706108556051,0.11282750488555182,-0.0767607746286524,0.2727412464402913
0.07715223493235412,-0.01828259535796911,0.21681293037433924,-0.09443627595085005,0.024360836661547116,0.06351600450180861,-0.12885805103668543,-0.07757779855646388,0.041893721661551614,0.09597425076151048
-0.018029940135179445,0.09313156378232221,0.21941778674751775,-0.06944197523771055,-0.14521865827937983,0.03316778572342561,-0.048202901226444064,-0.018853476107937004,-0.03473328032682357,0.09975996270391665
-0.0197369500624779,0.014113629300906969,0.1886108518683694,0.12189679702034605,0.009531983137847783,0.11984438484518545,0.08447084539408783,0.06947908566821831,-0.03851066062963936,0.15877240756988653
0.06628680749006319,0.20956110309074388,-0.0853668102995542,-0.04950689220991497,0.11568234055282949,-0.02722347363727841,-0.029695926181104237,-0.06751381609785609,-0.14910752747347492,0.09912346449146163
0.061875577590210604,0.26909598838707166,0.18682925048660937,0.06351396908121942,-0.10349973616692132,0.06727173013322277,-0.022587178118021998,0.11799897014430814,-0.01855944909355866,-0.04036344735908508
0.03908077719207882,-0.09593319872594624,0.03216949016172613,0.16569084049609276,0.059241646454153085,0.1427843229489919,0.2316791210264359,0.201172307613553,-0.002844896502099639,-0.024442125043292504
0.12050207319328528,0.11765815830667634,-0.04099444137250606,-0.014371388573433577,-0.023580333795461497,0.08478271872661658,-0.08841668415117071,-0.07325537423121438,-0.09664312637579531,0.043109296761952076
-0.05296138450612567,0.08267088932570749,0.09734147538891721,0.10164842668824361,0.12828166429322538,0.12186680301448535,0.09516984081653906,-0.09734005738279831,0.05258504174354779,0.09063777377942203
-0.07137870331583462,0.035159613161358176,0.16525258343397034,0.13659954360950927,0.06008886141747011,-0.022154647310693096,-0.04706058979825707,-0.03117655801053839,-0.0847064766995444,0.018731120841911277
0.16350912184881014,-0.10921567048866376,0.05686443982925463,0.034119734235061865,-0.033890658020343925,0.14602177540623185,0.12566663295432778,0.017398646334625387,-0.007770096727709104,0.09806393494581297
0.09389465355665827,0.12771498320715802,0.21606609412322342,-0.009854231559212518,-0.11577746470643037,0.0019454217317238162,-0.05458384446658776,-0.036584941753492806,0.1186915668545671,0.11232337946572904
0.013647782293669385,-0.12140163541451346,0.31473205214791533,0.10082223316823134,0.08636163243586961,0.05075971442680806,0.026437882597676626,-0.1633295435266277,0.042194928150930726,0.14032464465808162
-0.023845354825957246,-0.1716699739996382,0.16419502660738097,0.0370235470083035,-0.05372270701743526,0.05774517681095738,-0.0471199023947365,0.24034815407287208,0.20764256589183733,0.1168873133274947
0.11426414211580427,-0.08502632264121465,0.043108702180672635,-0.06563995212893305,0.05810217971271816,0.05342952229978618,0.05813114565476354,0.03724491528663364,-0.04474677843964148,0.1034757524502632
0.09830520410246793,-0.09997125710231833,-0.005365017122443257,-0.2742213180925005,-0.0655027807707384,0.006170483768364071,-0.1621335213133065,0.003637290425215177,0.11973478664019592,0.17029237101395378
0.08324913095871923,-0.043998196496517566,0.18708408191827153,-0.015122569735546043,-0.1516687059324213,-0.11052960972986087,0.01556865033377014,-0.004876470224260757,-0.07031719033899397,0.11799969637255535
-0.06182725034897474,-0.013418124630371626,0.11463093484616982,-0.0487843308307563,-0.013878613734894702,0.04103931702882456,-0.12897923192929628,0.10309486746982291,0.029395615323428707,0.1169690481791129
0.01967529128871473,-0.04133435985307089,-0.09509340373165323,-0.1316808357011647,-0.1453560320664676,0.010235715395270528,0.07081331178975944,-0.040591648446182564,-0.04648225653800176,-0.0799880796440856
-0.007790564849251037,0.09145647344431419,0.05609194803485566,-0.21477965005969613,-0.17024947558279527,-0.24985733655740527,-0.20064071495020708,0.17329356143972618,0.02245955970301978,0.1112635008153645
-0.06944068994757381,0.07713439929089046,0.13002119462462333,0.03424795142408457,0.20294248876256388,-0.06897895968651871,-0.05757349411050838,0.06859782348641448,-0.19026413491189306,0.17025776316336455
-0.10355366012664843,0.21329484487743472,0.07212982919493327,0.012384103324551254,0.1253007295595527,0.003121302921684381,-0.21666167651351007,0.15049358521001727,-0.06845535961484925,-0.05423548785975775
-0.031590755770010956,-0.025996823088266594,0.14823814052091075,0.018761117370555785,0.09581152721674754,-0.04003589849646389,-0.06452740732686715,0.09512366927986436,0.08840741378958444,-0.07120308240525547
-0.1189989488573087,-0.0030656870987380586,0.16089957743375016,-0.02800112184142777,-0.24522429228038534,0.1100875298976399,0.1668994145970039,0.02531857694018836,0.12806120737708576,-0.0719113748185797
0.009946593057684704,0.12226916261180003,0.11013029562579295,0.061659155451133776,0.1143268088497983,-0.02207475138359653,-0.11643017088342017,0.15213818935280482,-0.12926301526414796,0.07541265946791972
-0.0048819802198029755,0.02946700143865298,-0.06534694620446277,0.07469442039685781,-0.10460522143630574,0.029370722405088846,0.005983537642645878,0.04961902572282356,-0.0682957273788792,0.1121575602602906
-0.050364653787349244,0.05729803703110969,0.13491401162735336,0.06030652958981491,-0.1448424074630812,0.09851615348458646,0.09717585911579887,0.01844429147655042,-0.09724926525685129,0.08878671719725857
-0.12658644001587438,-0.029533911381913226,-0.1271919073759685,-0.062000128193115,-0.095413483994755,-0.041375298167772176,0.06308201923806406,-0.15975004620552472,-0.10958012226206176,-0.11705699913948237
-0.04175127565610946,-0.06997157747868112,0.17938686765091738,-0.023864736992710904,-0.14336055789482471,0.030231159991200626,-0.07001684709921199,-0.10829928454523108,-0.005161429812636774,-0.05922764768268321
0.04738367273755839,0.07955766106538734,0.060066329512354626,0.003301670673932139,0.04781364508589425,-0.07996366679118452,-0.04406808441386396,-0.11853429047206945,0.023513339533867098,0.06857205510316544
-0.11768772011505313,6.905806510727058e-05,0.1846172916417803,0.12570829635501124,0.058041276366108785,-0.07634562791013877,-0.08390893553679138,-0.20650558714333478,-0.008593740197594143,-0.0766007282564862
0.07429771822896397,0.0688384101507111,-0.018838122017682694,-0.0914061370785387,-0.013127920869904088,0.06844032505262013,-0.07647177006990413,-0.20313164374765602,0.04620520869205237,0.22645014696297522
-0.06135019541079643,-0.028088228281343997,0.13739469929722037,-0.06721283019195329,-0.06904997579785242,0.18430484893270502,-0.0906298419905558,-0.008744630010855493,0.018050628748611082,0.11125598703777151
0.042165568209037774,-0.11698081376682254,0.0578529042145735,0.1853501087499856,-0.09244981189897886,0.06174141828503879,0.00163592766953434,-0.16489818706055293,-0.08690413795181479,0.1443087933657363
-0.13473157029993513,-0.06462731150561132,0.022899567072444317,0.1274948326614791,-0.07350063810961069,0.03859436538459637,-0.2638572211520328,0.02235035604042082,-0.11404460402207507,0.011471404592966743
0.0013592531954287543,0.047265875723592504,0.07564140028249616,-0.23073015884109485,-0.17289419117216417,0.23330739223089092,-0.18899372385448676,-0.07476701779245803,-0.20359034019060407,-0.00999813350490154
0.014151551384824365,0.01311858780521807,0.054378659386481946,-0.18560059884330085,-0.03222042908152724,-0.15197565210987374,-0.12150976424085336,-0.00297739355253214,-0.19262299684978312,-0.11079818471145483
0.12844338731573055,0.028992740491495403,-0.15873877517265644,-0.06481978757889714,-0.2837485872532285,0.09328001720793624,-0.08863709027331655,-0.05085416171072081,-0.11628331063414504,-0.006185547346400207
-0.0494057665947351,-0.01852493257300277,0.02418258959448033,-0.04803899831950913,-0.16578952780725303,0.05732947627657364,-0.11406158278303352,0.04207281778176464,-0.27449971368923565,0.01392869806841232
-0.16251342150093198,-0.07510995898502298,-0.14380862456544907,-0.17540391203809283,-0.04991655106044152,-0.01277207918561001,-0.20050420236635516,0.1930191645643282,-0.22011198502968018,-0.02155711937963742
-0.07674254439995674,-0.08120227061673871,-0.029259346201651205,-0.14838327925459033,-0.06590679316831047,-0.2383438708145047,0.020983560492634168,0.10237893562187347,-0.3155451582971758,-0.02222938175398799
-0.09216200963594424,-0.1852204522967863,-0.08046614951345246,-0.09915580353644426,-0.21527728862682172,-0.14230145754167728,0.11818679605552516,0.02177620799167959,-0.2135651824484822,-0.0952349332131446
-0.08394627041974283,-0.1717129733541195,-0.004841653395581111,-0.14303037560275975,0.07448445867181264,-0.002763342710352737,-0.05306917822279911,-0.18455723538493773,0.01699021304486542,-0.2025415868030525
0.060017724645650444,-0.08804928362728326,-0.31360658869458546,-0.2576909205426917,0.05099426789062753,0.051774141712980254,0.05197658039182848,-0.08064086258494664,-0.12795352288838147,-0.08044010378029687
-0.2537367720744691,0.13394344646488077,-0.16374245134514986,-0.14825260010297917,0.008311019839832259,0.07612743351051382,-0.018514045673439734,-0.3231483011904284,-0.10668510098166645,-0.11583094653711215
0.06393779414514686,-0.21285732992748235,0.08129862295586174,0.017317062223818652,0.09776244295501667,-4.179986651203782e-05,-0.19931531050060117,-0.1278829418294399,-0.13177843049182042,-0.0973214936394284
-0.05005445673271779,-0.16757771032356555,-0.14942308552374384,-0.17266218886898016,0.08056336720352035,-0.025662675979779573,-0.15470751429946294,-0.22640719921960345,-0.04200071062740523,-0.04382912689210312
-0.12608024271076887,-0.20732804064045046,-0.21822154469941174,-0.17208545807017264,-0.13036866759940063,0.03319105123393652,-0.24341013003856818,-0.032510280895041016,-0.2758586511927758,-0.04111481200814942
-0.16869443662461978,-0.1999972459482853,-0.0405713665487855,-0.2682287445972024,-0.02042861249515794,0.017303729219137906,-0.190601805384723,-0.23100270201412973,-0.2565420933291053,-0.2081541290183373
-0.12902440274755966,-0.21504344939437187,-0.04845387068296546,0.10754300159319383,-0.18598083460858414,-0.1401169932265685,-0.05715945352023001,-0.022980612432651717,-0.025444852154757752,0.06168556243190887
0.02437289576348642,-0.2248148596496432,0.1465850032106173,-0.09823278003227792,-0.23022385530457942,-0.1451956901696776,-0.21841535800512102,-0.2773669674531058,-0.03759902080825167,-0.2265255812304715
0.020920731302132775,-0.07706076105501708,-0.2167006434609947,-0.05734943608825076,-0.11987978093438462,0.13465717073883912,-0.06194573122206544,0.13387211237222993,-0.08489309513292811,-0.13722547963222367
-0.13633218690980647,-0.17545136959450502,-0.0957450522488804,-0.11599332069860675,0.008700595767142272,-0.22476136378875083,-0.02399068272166966,0.152596288301126,-0.11380746994009266,0.04181117538208574
-0.01873923101809241,0.007037952889813834,-0.22158124142066932,-0.05992856841261946,-0.11974767314021575,0.11407525209109957,-0.2088218200455582,0.030560673814685524,-0.19569177209342473,-0.046460763386251824
0.1951051034175942,-0.08322463714497094,0.03440814202662916,-0.24848376056326837,-0.11469888190780894,0.11005651314558591,0.05296762692421003,0.042601361837535566,-0.014543016655421848,-0.04271854751539139
-0.10900011223845982,-0.03301302861705652,-0.2412270958064646,-0.08799163660702103,-0.06721910690813025,-0.11141457860679249,-0.041221170096660445,0.10034617649952218,-0.032915190110322116,-0.05283532354659906
-0.030327450159511694,-0.10049057269869029,-0.1328413535155223,-0.10616903522200472,-0.24543791677144386,0.04196016779335909,-0.06299792896517759,0.19507253309490655,-0.01976842024924541,0.01787888471159335
-0.05619042663922981,-0.29103910719388215,-0.008469245196339792,-0.09880227849499931,-0.006226063640668779,0.05098242863805134,-0.11408769213714622,0.10934297546475606,-0.054770107490022424,-0.11494463455384851
-0.006293563967463639,-0.18113249735632087,-0.17573666729215343,-0.2210513401089034,0.03541401091310448,-0.27919867688362426,-0.08597654870527312,-0.07530428394927452,0.047290018452967084,-0.03066693163075279
0.06854101570311233,-0.05912717339795358,-0.24185059241888954,-0.0816131654740463,-0.09841027546211131,-0.03673175863986799,-0.1416216979965749,0.12627237597093038,-0.05357360416167813,-0.08727578319705112
-0.14033756796028476,-0.08739704128124441,-0.20721799131283997,0.13015286240533613,0.07085050783752608,-0.13336885968111672,-0.27493104389088335,-0.05102779641678795,-0.130297613495241,-0.11316386437405301
0.002426292423035617,-0.2020205235981994,-0.06610958435366139,0.06139425627626709,-0.09145406491433244,-0.09909629971121547,0.07693988259326753,-0.08169386715308152,-0.04496329418590577,-0.055909251656639083
0.10941507571833664,0.10995111143209298,-0.2143995687634028,-0.3249272724477488,-0.025664317904047915,0.08291891441916843,-0.06317814448086541,-0.25759508456579777,-0.12163712949744404,-0.17072550056718866
7.613804384316164e-05,-0.003955588889244091,-0.162727109421077,-0.09663642359939184,-0.04451496797141155,-0.0009568673507045072,-0.19615940651907182,-0.08316597791999569,-0.15059332923554197,-0.11351392382742166
0.014348627059018376,-0.10210046979939748,-0.08821997874556746,0.018789157944490376,-0.10101287240742629,-0.09399082849157972,-0.0995141037965353,-0.008849186820930638,0.020719264408906368,-0.020392204305193617
-0.026847561927136693,0.2430812706143345,-0.09788258491305035,-0.17134158290559737,-0.040228481429301674,-0.04735762112487377,-0.2144685564817645,-0.18047558970839261,-0.13614501544159244,-0.02556351382188181
-0.11565476685571532,0.025801303508704923,-0.07432392049289155,0.21613883420074664,-0.11736790761731633,-0.09845137449460307,-0.01514953596830447,0.20596629500035588,-0.18008135129217817,-0.07703141893060285
0.025195662628343024,-0.0127837825449089,0.24582238858631583,-0.011388585668344699,-0.09620872357006502,0.02176491084792167,0.02158638748972841,-0.19857245898839448,-0.10173704778093262,-0.0754410127153431
-0.1553647585780724,0.011640351910044974,-0.03550176707033163,0.1054896986039077,0.04664496477638553,0.11182571893590723,-0.18067811190299385,-0.11522408857171029,0.1409809532901615,-0.21177974599192562
-0.1407286934992472,-0.05648836953630511,-0.09230667198327176,0.00447854737765168,-0.004464029179835141,-0.10755955276329322,0.05546908087628069,-0.27361121138491173,-0.021185096411294006,-0.16247534263030045
-0.08062029006425109,0.1418906532119083,-0.12578618163273203,-0.09495544826361586,-0.07112264421742935,0.08558691506927346,-0.07350311884549095,-0.11964747336582461,-0.11168213776344825,0.013436334402608552
-0.14659133199096053,-0.012531846251202948,-0.12145868872639348,0.23527166903655644,-0.0797648649065651,-0.033725048154670215,-0.20677600010792943,-0.07566480348892607,0.0785168120809945,-0.04212701551227223
-0.1594142244926222,-0.06435651427659786,-0.08438302088610407,0.01511204460533593,-0.20123258114130438,-0.09768171061701526,-0.038717436153410556,-0.07812493979755167,0.11386995934692994,-0.009951814124277689
-0.20978393719261873,0.030731220055765576,-0.08155506169401514,0.06321040222987953,0.07285250200204085,0.14293671118328805,-0.08968682058754118,-0.16425991684159802,-0.15200912513538087,-0.12033921917842555
-0.10053357827029996,-0.23546997892897156,0.0525374212057471,0.046891438906025304,-0.1673647884402171,-0.11399441326159565,-0.21039415610514028,-0.11904320020262185,-0.05164659219001637,-0.06249263898965133
0.0003947077024959028,-0.035902205514499935,0.04287378214653247,-0.14235888621516418,-0.01742895073370483,-0.05591415517409227,-0.16124578073634552,-0.09384304143363173,-0.029799709620063328,-0.09651520768377415
-0.09768177671278,-0.09919589809569246,-0.14334258768219144,-0.05634610393784866,-0.061140101070140396,-0.050407222502012836,-0.20633213071877465,-0.13617254327025263,-0.013566925792278195,-0.004870892476856355
0.0037995235549899142,0.019874327197372282,0.0009600097922520812,0.1737303898812843,-0.08389335095643555,-0.1144961035055416,-0.008357900858375442,-0.11687362167119394,0.04929557279048932,0.009709413697405592
0.03527794858810565,-0.021872266415040836,-0.052261630933535266,-0.054069739076346324,-0.04380769439399754,0.03881714678814098,-0.14515644125938498,-0.03146084017741321,-0.10284371685284038,-0.06579394817449848
-0.08082437269205735,0.022528676287471072,0.1302346040894192,-0.05981828669180883,-0.05704421156817424,0.005369296422557943,-0.14763415291764484,0.08736445177584672,0.022122866431239938,0.13168257266942934
-0.029106739608450387,-0.030062721959870496,0.08285673211503877,-0.041281507259023645,-0.13410305985240759,-0.005894089301809094,-0.12340319614369087,-0.18770436135112106,-0.030788986903855682,0.10432181962851782
-0.002030872890440032,0.07440596349871886,0.0004354005061512345,-0.2271040263026583,0.26315454322505416,-0.034265485114584174,-0.06665873129202843,0.01637837604263751,-0.031908111014033694,0.1432634805995223
0.1997947825911132,-0.07951318418800393,-0.04136770832083307,0.005836694790174915,0.027342842433766792,0.05824369938130638,0.0041387778215367516,0.040479860966792486,-0.14101915063088716,-0.022195025990789548
-0.0748569002816091,0.11431033782389513,0.06001937540786828,0.1161570972825919,0.1256537427772116,0.06372889020021574,0.033172645054790506,-0.1387437563377929,0.010976664347208773,-0.042591906822057345
0.2729272828967081,0.018623679491054732,0.2404872693916057,-0.05808197251581835,0.2134017099250926,-0.02806223109941334,0.09125220928021253,-0.1957138590257595,-0.000754721121106635,-0.028444929697693043
0.07521457773685523,0.23374504366757104,-0.025378859066493637,0.015083431863551156,0.11396965682754047,-0.010335650462333604,-0.02792175192411645,0.09588625870134357,0.004367441632640365,-0.04139797168157225
0.11235441363136969,-0.03912565707250806,0.0847191320779886,0.051398696234965464,0.08041249791790994,0.0404036248362591,-0.20600811054122062,-0.1300733944113054,0.0202908819371849,0.03706092951644943
0.13191254024285218,0.10352441551238489,0.06933175238498829,0.009277721807756588,0.09038684801015834,0.21808233053309803,-0.08029641093962524,-0.13676862488066074,0.11909684734215528,-0.06790310920994784
-0.09791349023522272,0.08035926182260782,0.08833334195604234,0.14164837228987526,0.09673105968838033,0.04535230810557684,-0.21432886741491036,0.05904190102897683,-0.01972578544030465,-0.022978461734369418
0.12856736607696004,-0.08429046437822478,-0.06638446107561291,0.048678416860814935,-0.1530088298517992,0.022939678245465445,0.015504553536399665,-0.1715964275521676,0.06267013924401978,-0.01720014447561296
0.17892490505415887,0.017843912239578985,-0.010901098163565496,0.08169185470281908,-0.31408512699284913,0.033535777326199154,0.05252140307087873,0.13580839949980378,-0.07068174774189663,0.0859716828484364
-0.015453500884295914,0.004171547234444413,-0.22422418254228527,0.055120088953099985,-0.16479822597921537,-0.10860696165637729,0.10699808525578818,-0.0006469250641200248,0.031995579858459806,-0.053443076974599976
0.016778942529099006,0.0624126814962305,0.07207013714046684,-0.03533722485452743,0.035551439829114906,-0.1187668477987454,0.04649859428801176,0.01287862574013184,-0.004436726495562537,-0.01312348684282354
-0.05652206063287316,0.03918454701744424,0.04044742365169664,-0.12773078933735024,0.08052470332817882,-0.011661497280558457,-0.07321146738368621,-0.013790624777835797,-0.0677105037689417,-0.11433862054839142
-0.061891984810305285,0.04328231925300991,0.037906849816283256,0.12623955120588015,0.025246223882132324,-0.2193300651712859,0.03299804791071809,-0.06783070923958964,0.2173023778689574,-0.014044494037390543
-0.1625566953642086,0.04266117125470452,0.048687774032558404,-0.08431847555286386,0.0546845390576912,0.07520223248277805,0.0013121494561354839,0.03949039480649286,0.08018123876824089,-0.053188067178759804
-0.019977580047876514,-0.05296558908614827,0.06372339617681308,-0.09363560614306023,0.0627072686897543,-0.14992345092170192,0.000571461050397501,-0.03104131077544249,-0.02539769265623542,0.06276102948017001
-0.06836906706801633,-0.023110506595893494,-0.05558748466277023,0.1646866204534143,-0.05499418293526392,0.08295299691714392,0.02641691064442064,-0.066386999441702,0.04134371762824539,0.016455492717548682
-0.04679483294018217,0.013823181250660326,0.06257292637054712,0.01401515653970413,-0.08602960262217775,-0.029678539073745847,-0.002748019861754517,-0.11541226928458372,0.12222978944611348,0.08122871590537764
-0.04021524192156,0.18878275013219806,0.02292504451818674,0.13172627992516003,-0.1081244590874231,0.010271464939961537,0.049529292769295824,0.11406979326003766,0.21843076334459482,0.01580021208498951
0.13748821445185205,0.07642359984913474,0.1286204958081203,0.16404565925998638,0.11672528834620695,0.03923901785904789,0.12254178144946111,0.13631554837270962,0.03241613278832167,0.09560703282699218
-0.0896114874871948,-0.0354788871285102,0.19556808473193465,0.2485629246634684,0.003515224194695016,-0.08016232634671865,0.014242844502971766,0.022901618301091206,0.012289435322871758,-0.015933597843717118
-0.03867630835208541,0.07202390822019177,0.032330873429126335,0.055206323335239595,0.011555495767753204,0.15601237767432263,0.2110730283590811,0.09455917828694077,-0.245183045660953,0.27442265949293754
-0.17721744222084448,0.16879045920106672,0.11938282069129602,0.29203452069533903,0.17151732858157243,0.10854681711838933,0.09153457189780669,-0.08065739791321118,0.1320963315810917,0.053100691382210505
0.3721969740136347,0.17853641080721672,0.08655605420687425,0.23028886795254994,0.2023821122821373,0.08362966979181834,0.05262363565345382,0.13072379814990145,0.016123057886873984,0.06312315197198845
0.00843445193567427,0.16872562980533964,0.15726341011418504,0.09019480795710207,0.09838273800713762,0.13747876171873852,0.03287641010123475,0.13159452612719302,0.03285795875405963,-0.09378025269416533
0.2703426524552674,0.2576923305051624,-0.02744521940921918,-0.0330032511873683,0.17604221643182705,-0.0006240393903763075,0.1701096916791549,-0.0241622399460533,0.17528023376169877,0.1140750603621574
0.09871442608739159,0.25616525062794465,0.0810982507518294,0.19514802986395713,0.05769405143867391,0.10139238841924958,0.22707693888423303,0.24708809056954628,0.04250793443273013,-0.05291194742597513
0.3100670226413935,0.11973196197095026,-0.026417557946474185,0.03735104972359177,-0.18628718664955468,0.016695671254813305,0.2733471884379557,-0.010861383399975999,0.1131861444428835,0.18144117961835943
0.07136676531545555,0.1627412939485776,0.3474199613387018,0.14138907840418447,0.19019053521732054,0.1149370991181814,0.2606893606192653,0.010493501943956068,0.08486923383910025,0.015988059486759007
-0.03070672419734846,0.2390480143475277,0.04944963662021476,0.27672757314398216,0.028065860946725182,0.07114611419650216,0.13066287444096922,0.17523770084358142,0.21167435979399868,-0.02394216857088728
0.0922207748433637,0.07263542286078936,0.035036127110547,0.049543117138328346,0.22440778700515512,-0.22394321652752927,0.030884477320724135,0.08864703704974476,0.2307535418981603,0.06232344259310635
-0.06699725376504637,0.09911922298252607,0.06798200163053222,0.11609830038477612,0.0154248626572117,-0.09607348490208167,0.024069228019678396,0.10874228995079271,0.18774108597415762,0.11666376886496846
0.11521150479507755,0.14751197194660653,0.021907450117240074,0.24664836150307992,0.01816982490879289,0.015623974034676903,0.029109941333590045,0.025597889399228135,0.2665133364620309,-0.06473288271640379
-0.0387973104666408,0.1772066779850871,0.06686119657382703,0.18603799501781693,0.043609142158290225,-0.24709452503281729,-0.043448800953196295,0.1232613893259675,0.12699693005845472,0.1189190508177172
0.23084704068740053,0.1659333504711975,0.12812019312831485,0.15238224006885323,0.18458620175185164,0.01579141038524033,-0.005834402314379913,0.04429859994342874,0.03078050739695494,0.1381082290656362
0.09868943386142681,-0.031037790280066757,0.0024020597052302056,0.15060579881669342,0.11726064496279232,0.2037753153005783,0.06493603610682827,0.19186529966585963,0.141222643627318,0.04221213836396575
0.20132821474215518,0.031292597455339494,-0.1413486238418976,0.19841269993849542,-0.17497768656130236,0.08219133597897327,0.06703770586428928,0.19049316875502625,0.077232684515931,0.055600321822899854
0.05374402691942391,0.16044233373795194,-0.1324194429018487,0.022175869050659533,0.10870214303972874,0.01745875403177996,0.11230072918450024,0.12675114227689935,0.026048732724650817,0.0009769158802978642
-0.054329447196648076,0.10270311908252823,0.05497631756407407,0.25410267955592436,0.028323965211599716,-0.03666025590930144,0.08547328252357238,0.013870574015617199,0.10795340083471523,-0.06440926757559486
0.18211849755601686,0.06658385194078956,-0.09232995004589788,0.2141095672821677,0.012776199472219335,0.13459647715687834,0.030524045058805363,0.11417187511505805,0.2833101135737162,-0.09647205454082937
0.04750518981177956,0.07207919548473954,-0.13597410303473123,0.05032454909016129,-0.06894769820641011,0.06592884085883449,0.11659534232188909,0.0981479111587243,-0.08836395831229901,0.006977602584515238
0.04448632099056746,0.13741674879476995,-0.020497841554703664,0.13732015158326302,0.1338183560462069,0.046125382767510256,0.1328953023474675,0.08336222050008854,0.058033234868130584,0.042843878765728406
0.1336272468529928,0.02762654049858336,-0.18678301971670788,0.21848262233793198,0.2336667478203545,0.08980826665385996,0.37382447659020485,0.11519784166171812,0.14052715175872096,0.008130012974512647
0.03278245554486055,0.13585102601572424,0.13155382831465534,0.02783895971237524,0.13715924983287248,-0.04037053808309874,0.22893878018365788,-0.03244591283558469,0.10856604297111723,0.23283825649939324
0.025207532843333956,0.34488570722129336,0.07066959072574339,0.19970300346916464,0.28967871165928605,0.13827160953062598,0.23735204251617031,0.06012277531354287,-0.07635822336933623,0.16128589274478367
0.10022969229549791,0.3336669439308802,0.06756332865784641,0.09887326193315579,0.029496898920042064,0.058936813365024716,0.16808318333025085,0.040085189019462536,0.15725330906619933,0.06836480428028646
0.07205730406786628,0.14565606508786474,0.11784296730513039,0.2275404957510534,0.28995405209501557,0.01733617387957616,-0.001108199491749881,0.05628851487689023,0.18589383770736465,0.11517684106203471
0.08902828282316078,0.22914524800703623,-0.01893704208458591,0.14956888027198223,0.3223398581914273,0.08186934828004051,0.27833770354332166,0.10575381130993863,0.06788512497414795,0.14283003956713006
0.0807783488492591,0.21536435327866,0.10760209103803751,0.27682380612273927,0.12942302204176748,-0.0317767587218368,0.10490510767945573,0.0460692876245507,0.16606306997428213,0.18563321129947857
0.16077748792467397,0.019142156562466123,0.23164747256954477,0.17010625833850682,-0.03735130840700662,0.15255093954578908,0.21560183830079271,0.022495937670836352,0.21682402214521523,0.04248863284989762
0.050879040396147476,0.17595551059060244,0.2112298713409728,0.0022147707121434046,-0.05120598089611633,-0.14455006331938325,0.09177162606488676,0.07915285994008495,0.00032940575562301344,0.07429818515854508
-0.001413794959814585,0.005045406866414831,0.10018192919716878,0.17204665364819693,0.03354034060629236,0.020016855883343274,0.35929319489142164,0.15670738782387827,-0.0892277162377198,0.2014509271962448
0.05259767623171914,0.05502184328117416,0.08939118784288154,0.13030562765839282,0.10609623877848769,0.08597850619900761,0.21621610917447615,0.022365177676185073,0.1481270761054102,-0.08015555245767053
-0.018201668951771804,-0.05060797678354799,0.14496094271455348,0.04649871669175238,0.05737502916781831,-0.001538303544326755,0.10118365755856577,0.08312315722024238,-0.054286932577750566,0.20096050210880403
-0.18955865696500182,-0.0008874220818783918,0.10030373598090112,-0.08058144431094139,0.14071489723532482,0.23635114935894497,0.11420300826266627,0.06307444549089972,0.0901436106573738,0.03090158253884223
-0.0008189662693290356,-0.07665239689535627,-0.05986137004306547,0.014374598336175184,0.11411838265976976,-0.07214246484548563,0.0746167750749007,0.11563623793119276,-0.003941414060178519,-0.006671068404605102
0.049464076388350195,-0.21642454816920256,-0.023233933630432007,-0.20985009862326828,-0.1336742419022006,-0.05611651305630561,0.06435760389834928,-0.05489051876777014,0.1100699282788682,-0.03347981257814679
0.010118319729077598,0.035059107856616895,0.12022062304620883,-0.10167984394679798,0.11824513180973323,-0.08096451525218806,0.02996898471405539,0.13199283745901147,0.10114357229517065,0.04020268325516835
-0.1460842597059981,-0.045825461116149525,-0.07491949893517064,-0.08195002206279149,0.1577214726684579,0.060719514563546934,-0.010484994148355888,-0.049911147238484194,0.028496517894937505,0.09989583896383328
-0.044480084335869086,0.04689417658783203,-0.18386606735628486,0.08510239590792257,-0.010270054342144537,0.046609662497100454,0.10585604034691333,-0.09491648164119465,-0.20452815921580775,0.15942119796402027
-0.14514503119543484,-0.07164890247030023,-0.11236763115684859,0.23617030593603366,-0.06437602197524767,0.01127719343850948,0.0482663083550689,0.1415012035313753,0.055573962248971556,0.045617447625676905
-0.010350510989112632,-0.02592578657745518,-0.03720552082815734,0.22573883120932514,-0.12060588793806433,-0.14209439025835408,0.012539147475910464,-0.04515820650741767,-0.09575314699170429,0.027783574475594215
-0.08627258802632391,0.0399306008008447,-0.15643403292909808,-0.014602846675550424,-0.05325159062615059,-0.10830572836525756,0.1836033506210503,-0.13584763541237294,0.01989985658572752,-0.25499688160904016
-0.26405788394903446,-0.04528158879033438,-0.11221480679639241,0.1887004693312175,-0.05976303239302801,-0.026914976102868637,0.029430504276195354,-0.12057923252410635,0.0869043358039702,-0.04607907103063566
-0.21810914460414635,-0.08671724023161721,0.0682632938024591,-0.039318722875426246,0.10873921515229348,0.011485754060868325,-0.03418938547262401,0.06916796658938046,-0.06307334761384914,-0.06690052958004218
-0.21166891455121778,-0.17924990624651096,-0.0584532097910726,-0.17977244117293947,-0.005133814443317723,-0.0371990793455603,0.06490025541703276,0.0020531673087618857,-0.08851594317926541,-0.10293478162305654
-0.14859413011207862,-0.051834536155122186,-0.05943626260037783,-0.02482822114083151,0.1469599404391586,-0.03391516909082042,-0.11897340752080357,-0.03443110121136849,0.020581286767664894,-0.1259404173815863
0.17198296930054308,-0.15098686563780578,-0.0317759210638726,-0.1618422282983769,-0.01733873586778136,-0.009222161009867474,-0.054067409972450096,0.06424400340148406,0.07478194941972963,-0.07419296939194335
-0.06499684294733737,0.05866461376089681,-0.02597163346379365,-0.05620290001142002,0.0034013464636895724,-0.05281913555069184,0.0448406110605693,0.15673935778292025,-0.16546282305479817,-0.18265686798635178
-0.06199281655302601,-0.01684250537592861,-0.014149125157118837,0.09088484410276898,-0.03570126399346217,0.06755274363250437,-0.050711103889026374,0.008296674898006421,-0.018357407000116323,-0.2099423411654148
0.04599940142826045,0.01742341069111283,-0.03658280077780149,-0.004992681872719618,0.05754590089667355,-0.09849959166739485,-0.050060271438048094,0.15461380492597393,-0.05681933486752304,-0.22472115706418683
-0.2150103180838386,-0.009799299903146853,-0.16250428006828566,0.14642425527216996,-0.0353168833967851,0.10421871917743553,-0.11836862812339398,-0.06385468389904354,0.0013031370160398806,-0.3179099035984509
-0.06780135541688191,-0.11963151170972924,-0.0343264415776999,-0.10692932845004716,0.134909416096887,-0.05160005843366118,-0.09266545032432545,-0.041954294154402744,0.1227662294471546,-0.22483118419291376
0.011272624568925468,0.022669770228533906,-0.15533169300755081,0.09776920856301716,-0.06109253724852176,-0.017075299348134364,-0.01921918703732221,0.12496319420567054,-0.06557043634460735,0.041727062873616244
0.14077344815622456,0.2915515902381226,-0.04474762347812276,0.026296380728782705,-0.044595181955764535,-0.14964325967211195,0.04838022252164684,0.005444103342881933,0.04545170596810899,-0.15112011909960493
-0.004393051841063001,0.10098104670558053,-0.17452114119455403,0.2135308711678056,-0.018827688638427723,0.018713155919147233,-0.049929274062407915,0.18854417950127875,0.03648047478591238,-0.18771109711465145
0.07071392013829557,0.14763813211915355,-0.0473649491051236,0.12893209079168833,0.01810436095206804,0.1289862511394504,0.07928129562032941,0.09981027019891667,0.1033470792113218,-0.12019894405432757
-0.0960283307313077,0.1307982707712691,-0.12140738107535597,0.04699138629942766,0.0690149132883717,-0.03583470661176496,0.1767386221637978,-0.12492968302288124,0.08771671054796547,0.06189362943735382
-0.1323430985207822,-0.0222503635326506,0.04319989319334991,0.025925634557476124,-0.012646544972892342,-0.05297333691882565,-0.07757453793725244,0.06653057008318583,-0.013780278015014899,0.08523440329011817
-0.0509964011905298,-0.08150685884568391,0.06609735351991494,0.1776697536345701,0.010604279812372788,-0.1749329581117112,0.0889447451577597,0.17490346507141438,-0.10211363030557596,-0.01875261838868108
-0.16618693796547795,0.10902697735278785,0.007162851621515525,-0.14221785905157439,-0.018970137252761775,0.06145546841784075,-0.03734662923219783,0.11629865927993396,0.09195703085828048,-0.03030134237849782
0.015310230674318224,0.13753443426496853,0.08187523581229117,0.08364168913704786,-0.3472553208544783,0.0427184973115958,0.050157151780948844,0.036655421086718695,-0.08672620572848003,-0.05366024100881193
-0.0858403350488101,0.057140049004047094,-0.03297670117702073,0.04372956853332139,-0.030178385439123264,-0.007603627773998259,0.06056967384355608,-0.06669305112976191,0.09483386411787903,-0.0865352479570071
-0.10048452892860035,0.049207357039163666,0.25011663196179,-0.012303579828019148,-0.07736482782508906,-0.03819098879010747,0.1467273591099248,0.00863110017642533,0.049249183561411086,-0.008577880456021396
0.02371875078277967,0.15287409476905842,-0.03839752863908606,-0.05603237957499592,-0.02785855669285647,-0.03167935461629511,0.17688936299858388,0.01701178986955565,0.12445478733071677,-0.1541288207504466
-0.2276831694369448,-0.07009489386069157,0.06505607929186319,0.04216748030641667,-0.13606024569959363,-0.06000690574094625,0.17871482093376,-0.1713157715132952,0.12803063648846089,-0.16408369328779157
-0.043765746622161275,-0.1720598764249755,-0.10667963071937844,0.036294296259447946,0.02157721499923533,0.09425933362117292,0.13194149133271718,0.1465846289775591,0.1003018768120024,0.04729551095421655
-0.1327355085872885,0.06122395555158599,-0.07318672045479296,0.10594178207192813,-0.007320948924855854,0.022866321356678466,-0.0911480330953695,0.1254406301775451,0.1031429194445224,0.05863200032321239
-0.23215313096186063,0.07520387921586785,0.11133881371289286,-0.031733295204425485,-0.006270096123321051,0.09584643429624186,-0.11747466331406534,-0.04579834960554852,0.18236414894384562,0.20818017806209224
0.1835778266194069,-0.07919872945995765,-0.09921646538396892,-0.02744606018762126,0.022096604822825223,0.07151345882030774,0.09688834154604875,0.07385678035340057,-0.0627808621517672,0.1378447511957735
-0.09477350251336225,0.14241040672234165,-0.07022466496324796,0.3319478914777679,-0.0017639352150726657,-0.15569614110186014,0.010979127509080672,0.11789133211072365,5.493026404051679e-05,0.0626203061633747
-0.09594395687128046,0.06698110512365457,0.08986940583359992,0.1490275660490831,0.05546548045619251,0.017282421093312766,-0.0357915034141746,0.08644901929979398,-0.010260869235549065,0.047837780426400314
0.09304661419655234,0.09552672022688583,-0.07752514579538261,0.20154740420344963,0.09766175413546932,-0.023113026656603877,0.06916479475631485,-0.034081361990070905,-0.046775833893006956,-0.06910685389854224
-0.13908099780214592,0.05354070540244203,0.054554612226426685,0.07079649033194409,-0.052728068249746594,0.054723205965605294,0.066965166413592,0.0010719022910521648,0.13603038446075688,-0.08384911842853342
0.12422314798800602,-0.10560914907627814,0.08679845269578627,0.03551039468777142,9.845286195654321e-05,0.02867145448779645,0.07815434433039829,0.07375678191446809,0.07698058286320342,0.035104598871857365
0.026734513442616667,0.12825926439767105,0.025253626067659227,0.16290938349759382,-0.14487425421108524,0.06449333562378615,0.19102655162456864,-0.05389359361168496,0.10306693611670735,0.07899465969242934
-0.10463935841201716,0.11392729794152534,0.00885351620033813,-0.03149682592262634,0.21661468426958924,-0.09050337063945756,0.03898495951351094,0.07247687102133932,0.010778224186520427,0.12169280983625909
0.0635817057020503,-0.14528656604590873,0.11450779706360871,-0.10146017729217269,-0.05354833177483538,-0.08759300181296346,-0.09498169898401246,0.0748151304500278,-0.08307953278438894,0.10861866200695991
-0.0728996344772099,-0.15379087335191025,0.08273010141616388,-0.0016565951917760606,-0.18334005624843064,-0.07257793078883353,-0.035848984795055536,0.04081666187167495,0.07714363482648966,-0.07618006799800758
-0.05215022824371033,-0.11470608799214581,-0.03717861754328226,-0.027032636773618845,-0.02761233794498646,-0.06721195246938902,0.07888035108735009,-0.1249820439324221,-0.08035500748152598,0.044980464300171434
-0.07505992405577377,0.0017582391782917026,-0.05912247181778617,0.1062494812441016,-0.0348657050092736,-0.17124518340035697,-0.14794558697500246,-0.35271806491759433,0.10071113412384088,-0.10614909094248368
-0.02070087235935043,0.16560630912614008,-0.15235006968374426,0.004035027524765441,-0.002794448134239874,-0.0072916139241314196,0.11622105221901277,-0.023211147390531938,0.012807069342779961,-0.07625624977552989
-0.05021887654528048,0.13652801741049245,0.15149982080460578,0.07602861411255553,0.23077419404784416,-0.00266246647907456,-0.05523441260644028,-0.2731245228969171,0.1401515029553048,-0.2063696522147243
0.018591782978733852,0.1344644315355851,0.0985862008646771,0.06867220782264392,-0.03417527742106209,-0.04371301509574061,-0.0888946801257605,0.04191753136771448,0.09803506233779705,-0.007378632713140642
-0.055310412243123726,-0.16489641007623546,0.001999397734473208,0.11241614828574725,-0.048216407222369556,-0.12412231682941936,-0.061431997571716225,0.2449722883891813,0.25978068679952127,-0.013067116629077245
-0.11263722434589275,0.15638284112360384,-0.10858000373247663,0.1168623014436197,-0.13137479491923532,-0.00545477595213364,-0.020854983542944225,0.27186210070331557,0.023090013441718047,0.0708250561252034
-0.1670298607831023,0.17456975158320565,0.026458893048606012,0.00858755747111363,-0.17496209494508302,0.06738412575795265,0.1799332651468002,0.24911358836895514,0.2252037846947096,0.08418374872794476
-0.0829389241825108,0.09059859322498721,0.036071248984074454,0.27735059475175206,-0.008860009963096972,-0.0011048375451799541,0.04514863102612017,-0.01690640577051157,0.23514887055065586,0.026790259161564564
-0.07217871011735957,0.07257407752898729,0.24830589630539407,0.1578747920217432,0.1536931359643038,-0.21168973693171833,0.07821747652677496,0.15153373334910583,0.04344899032104947,0.18948835314232393
0.017000254632313465,0.08972156689759454,0.08577979787894859,0.08705176166409312,0.1369423036219005,0.0008257450130344408,0.10983355654890901,0.1307748032631895,0.19914610861513118,0.18809783243892392
-0.04024861933335369,0.07803150005462858,0.057212488137953224,0.3100096098599546,-0.03899164110474895,0.006291557488486556,0.07337337751732236,0.12430265257898068,0.04508954142331828,0.1169028974253184
-0.04547897852357801,0.035202921823281566,0.09110966751552671,0.18284831576922744,-0.11152565544700987,-0.08110100376470562,0.008704142002869272,0.1840020914868868,-0.03780988012709513,0.21595618243561948
-0.016244467808036213,0.1162315654777127,0.0700610624679051,0.16427079574462441,-0.0639995887391922,0.17610515376483063,-0.028840872752894875,0.273105338533347,0.16582312576303726,0.058865879832674335
-0.06721745048716674,0.19151294617299097,0.06982318030298634,0.03917059892510798,-0.05243278104634995,0.14397021096459373,-0.1615894893298688,0.0347153904822012,0.1149419828034068,0.04540054659559321
-0.16690803804180243,0.06743784470727994,0.11505999093691244,0.1566919329260144,-0.08564899655390903,0.10624539196907345,0.11995045533588462,0.05580989488135115,-0.024434522219784004,-0.12926358947334696
-0.004197900320840848,0.07090527371794525,0.07340451805209677,0.15431217439345146,0.010295251351006757,-0.003971365136032329,0.18759780958280697,0.08298046482116038,0.06723104025389288,-0.0318573608265733
-0.14078929756949832,0.09658834550163449,0.11068402713943562,0.15338623816900615,0.04195335518845254,-0.03885583907727723,-0.0802398382722525,-0.010060933418845366,0.19827747582373784,0.11183862791970432
-0.12541756608776766,0.19760931244579347,0.14537359524411192,0.1648143874835139,0.04237833663067879,-0.1456462046327145,0.030659753528338142,0.05032161489560597,0.09846512642473815,-0.07444895069667272
0.13285124483524294,-0.0414907689765666,0.03893012467900827,0.18853196777663841,0.09456377522243646,0.03743880653417589,0.2435373272445645,-0.17711505734772093,-0.1260119660175925,0.14336415521573742
0.07941404066129215,0.24729501550903424,0.07502183626219397,0.02533980423405556,0.021883420449531735,0.14938792808407286,0.1531070974546324,0.06097613801143364,0.05748089354074416,0.07668822109489763
-0.12736288467151366,0.022106798479578277,0.12726189304578128,0.03911791644256617,0.11377949865434006,0.1222677441546293,0.3090619690724823,0.10507161232158875,0.15908365156469723,0.023857342915034874
0.02802900594423588,0.011815475679236347,-0.18947210845287293,0.057505601474080764,0.061588684136325844,0.20486483344141374,0.08102280777442311,0.09407231397853882,-0.0481969003796682,0.019644113793898813
0.032363675873567255,0.08666420750447168,0.03453027154964643,-0.15819507626302914,-0.04823457605421548,0.04546852760202781,-0.07455179726339631,0.2227002953190778,0.020944497658856392,-0.054977761412544054
-0.014374645427389726,-0.10580871993358548,0.10490773908880108,-0.012891619787396207,-0.038549387761573455,0.14867794059519684,0.04906382451969363,-0.054418706340768015,-0.08882010962945582,0.022817808074300817
0.11589770167932659,0.1323613191459652,-0.02184238503512491,-0.08536694069285573,-0.13276822550318157,0.08185535421007067,-0.1338500569824525,-0.11123196912758378,0.09492612538777587,0.014666947321453301
0.04524273931179202,0.09630484636829037,0.11660776022507946,-0.06181786423961916,-0.10483087971117525,0.05083535441348174,-0.11005069528083442,-0.007295647421600986,-0.07038467859995054,0.019893506179931665
-0.08319515369402966,0.10219218696735982,0.04170597132988699,-0.012334656192217141,0.014570966679918383,0.1598271251524777,0.03982825792866292,-0.11737876622749346,0.19035516118422877,0.08681214160510031
-0.2206354323207467,0.014297539318851516,0.02384021910572176,-0.07672321819744163,-0.27159106437866587,0.04542578533159078,-0.08021200844351262,-0.04084928877595105,-0.09082508480723574,0.12247085227206111
-0.07607837198834205,0.05353714240173374,-0.06855838065484729,0.1893604584038882,-0.021514425729903294,0.07006658464152234,-0.11177561143202398,-0.007263174348124596,0.1484607634285585,-0.09048045283092326
0.13163638745681722,-0.2701475703435748,0.09012488576096085,0.14116199875676216,0.039337525627845385,-0.06875851104349605,0.18224901807579458,-0.08479069155868689,0.05104225175056807,0.04513365668096739
0.18116496763482992,-0.15235418834483277,-0.0625640604274495,-0.0583502586112841,-0.027051254442256388,0.19376217965196454,0.1171429692413375,-0.03672177280726453,0.1547675293433858,-0.05480711410023779
-0.09671017367392276,-0.15344636610610407,-0.015766428590980514,0.023733782907747903,0.059660984508420806,0.03741695815295666,0.020586466680816998,-0.01355868904806623,0.11227328233431262,0.03207314301935258
0.03481912897733938,-0.07073013972963973,-0.06577792779720575,-0.008268872632178017,-0.10908235757865493,0.18738501852052547,-0.0025594088597217686,0.17792487094224735,0.2742885928549278,0.03914456920355474
-0.13671526478280996,-0.03065972626838333,-0.09594409926941071,-0.12602977891271944,0.054659940773620366,0.08254838708868836,-0.0070250211972130785,0.049031630171489815,0.10150349095262429,-0.07538932247788963
0.11597374218047662,0.07344232300848914,0.05480042092556575,0.06954347084934334,0.015525073523444517,0.19925430939153574,-0.03402544797353619,-0.07079567055614303,-0.09665019369366813,-0.03341881259134796
0.0008796563680250145,-0.012847047973572934,0.040045357182362656,-0.1749572741763009,0.02668806757673889,-0.07678489773452842,0.04900866564699306,0.019621157904053815,0.2063636339565597,0.03866610697490772
0.010341772160310493,-0.10195971713169916,0.10736966149382289,-0.03447408245405435,-0.04212655749370036,0.2470904503869837,0.0336456407698545,-0.08015506326546701,-0.14408846441708267,0.1408225355944602
0.12882477226232864,-0.0737512742106684,0.008378945114880777,0.060756561570874584,0.1948059921453726,0.11513233130051283,-0.04805912036649804,0.08917126831323205,-0.11217036392116031,-0.10092358024282962
-0.1176217758184358,-0.03921271735396031,0.11434037698971028,-0.20114745155908034,0.033446143932989204,0.14007761332567892,-0.1495572207916857,-0.015145900508600313,0.058998888876570406,0.1253258564178671
-0.011848881389529185,-0.06210788625314485,-0.05512621364417592,-0.1427661343187745,-0.16812477973363316,-0.043851556263515376,0.03268081975220442,-0.11294744445658579,-0.11345197590506334,0.13987018198909315
0.12881062439118846,-0.15686926184769906,0.1914096678676366,-0.10248431733880634,-0.05967470888549209,0.0153622746409035,-0.018468373816765214,-0.022578436869752135,-0.19040851076551452,-0.09002784240335093
-0.10822446171218954,-0.052691762507367845,-0.0793443558848247,-0.11778602364433194,0.03836311938518974,0.21129726259090056,-0.21064989151641156,-0.015943036541859242,-0.06234153202182626,0.08926211801451231
-0.05910123674656034,-0.204433174874265,-0.06727387918649556,-0.1460727829825485,0.0306005303766715,0.19786460383529036,0.005480169800394535,-0.05472613654313445,0.1193945647349588,-0.07711181739878128
0.0808530106099396,-0.2737958094124102,0.03830642641775123,-0.02961764277407608,-0.05653177160869988,0.08868123426455868,0.03602501389662502,-0.0059878590043446304,-0.05571069270305498,-0.08457007868120195
0.12401714474779998,-0.0444763307857692,0.07739391010769603,-0.2302661551407324,0.024516715727210734,0.04231184152194963,-0.06924335139578422,-0.052420533663965124,-0.07157174192518607,-0.023131661901909743
-0.09900513577737223,-0.09897357149832296,-0.010800451505406636,-0.08610772189471871,0.0005492824719268187,0.23023505764084193,-0.12350909972098256,-0.021539157646568757,-0.04064707826828966,-0.03473618021503814
-0.0382016469667086,-0.03553645995392536,-0.03308435367047594,-0.19565040398625466,-0.1101450097829277,0.04745856744768408,-0.19261593949689426,0.16520782795758507,-0.0460996415564041,-0.08453487162910783
0.08000638085132496,-0.08682108226934547,-0.08407057583862687,0.06719647397233597,-0.03592914314199806,0.1587744703295873,-0.010050567535311444,-0.17142309662632793,0.1281445592676088,-0.1602675808377263
-0.021874333802358863,0.018133768241122422,-0.10524476687869466,0.009998500180440378,-0.1472999870099677,0.051728323153966985,-0.1718003070663761,0.0913838251721138,-0.009805039289240869,-0.14325329798989467
-0.1554611976463377,-0.20953996649384768,0.18944836232424517,0.1523591271494736,-0.014337564020022175,-0.006307961199678245,-0.20493633597866137,0.010006494987715435,-0.02677171891009645,0.05446392352320652
-0.21150251107848672,0.02704361061735187,-0.0980785871078351,-0.08116876984701173,-0.06920941334315328,-0.13634798296256478,0.05266865936324311,0.013681142356703868,-0.15010517048973643,-0.09432804824726672
-0.2593321247157043,-0.08518506947743804,0.08970064810935766,-0.01718570160721101,-0.19543449279547798,-0.23565811444105333,-0.023612469164084143,-0.07421019191064251,-0.05739853132109547,-0.14216151255754655
0.12805317685467188,-0.1049924097947271,-0.013259488314581593,-0.08474677379042672,-0.04121631974406127,-0.14653777721271036,0.15307067432505092,-0.09328081584314435,-0.13253291699326525,-0.2183401355792442
-0.00847349712438241,0.09683513993359733,-0.01165448989594129,-0.00811886340692819,-0.1709358475883847,0.018410456384138768,0.03471193786935088,-0.11955354968098095,-0.10145059398676337,-0.043659367012101866
-0.17575758041441278,0.22148443279727043,-0.12827471647423982,0.06056279627107192,0.15460109815813508,0.010147252809025668,-0.12618188158881116,-0.07880900911789991,0.058342698371102564,-0.11529139171916458
0.06236711306609877,-0.03862007690063661,-0.1447667320849958,0.10826095403958423,-0.07254034521544322,0.013381668445970711,-0.03525011279266794,-0.15873208426090646,0.1575181917336471,-0.02653700625034494
-0.24918197148073845,0.07521496297684435,0.05029697481480165,0.2695207893943512,0.04369478153437934,0.010492052521199335,-0.07831164489031639,0.07130586086647335,-0.0451428851686206,0.11110882775485151
-0.12432359241382943,0.08950297085153056,0.06262592710380832,0.09826614697101407,-0.0678978995580998,-0.25240489550631084,0.018744811691260597,-0.03939691751431933,-0.025490365877920786,-0.20424884076531058
0.0507094643671818,0.04564867850853105,-0.006944375273101428,0.06885697487384543,-0.18081960963165017,-0.25658502980826237,-0.025367794328387174,-0.16644702010144324,-0.12406998733462984,0.09498117583857771
0.059563275619886655,0.09766744838406945,-0.07648050255064956,0.10392994504465049,-0.01737444123062723,0.0801752063042072,0.005897172324247333,-0.16005361740585272,0.06048209610273243,-0.04810408738416299
-0.13572726029671553,0.22684355487104435,0.0313134245808346,0.12241017986033545,0.0936448622091483,-0.06642619114152014,0.08953742852557316,-0.09761368469047986,-0.0030362096308524274,0.009786544976393894
0.02872854362705802,0.005874044401530755,0.16879862781079913,-0.03449577713482932,-0.02288914888473244,-0.23430274953143598,-0.03569121920893228,0.049793813216495966,0.0370456745000534,-0.036613315260644375
-0.03069085643620753,0.20687540502632734,-0.08232799809161925,0.03069383026519404,0.06628735610679509,-0.03978276067729642,0.30616549419411293,0.07756422650055192,0.08303001357575931,-0.0773086886845186
-0.03647786880552774,0.08565019401301092,0.056602038488021714,-0.005170470473146005,-0.013043182275032539,-0.09264140657719787,0.2052304412169837,0.12989931456352302,0.03397272110328053,0.003874584129771227
-0.037545515500045645,-0.14561660327900713,0.07958542083543631,0.021690230537040757,0.1724236938588377,0.08068370321558672,0.02514862919803207,0.1749242265022958,0.10851159635409847,-0.09158681413766331
-0.0735716287209307,0.07783238905375045,0.038042495331651674,-0.06445128601448677,0.16986920836550717,-0.019549696353511593,0.14123112653091144,0.10335327989676273,0.10309367019605081,-0.030205752108807996
-0.0845039266263172,0.05675493632555718,-0.0022191299103436254,0.07677666716068403,0.31112667361772506,-0.15566577623431732,0.2137911953500697,0.03341625272432015,0.07845646136268286,-0.12880723053338322
0.046977900078758315,-0.17026284692369023,-0.11124609096169012,-0.019161401754795433,0.16084655133564552,-0.15992464977626003,0.18609679302058085,0.1167282057906436,-0.030860253964759554,-0.0261741699074
-0.0803943924532218,-0.025092101345805484,0.028988769246574494,-0.021625284201336775,0.17182533983738438,-0.10639521334207337,0.08966689063477061,0.0006415319994896897,0.06813064058262382,-0.010376012062925166
0.11261136506224291,-0.003240955186840269,0.2073714372985746,0.20720962232825904,0.05478468785411324,-0.11288878047578337,0.2539227269971869,-0.12888630259022218,0.19539455916430143,0.019692724925425117
0.06359432641598933,0.15861938442336554,0.011400468865436074,0.08033414769618302,-0.02064246217142332,0.11709161976023902,0.11140161357163034,0.19481368449591724,-0.05567364083068298,0.16187595137271887
0.21175539326621695,0.03244492993137925,0.03657584994143989,0.19227783449743185,0.20138081682822923,0.14844324582441842,0.16859975476011135,-0.1593359942664393,-0.0931154243391952,0.12200099080114413
0.07141226615176291,0.045469002442762925,0.1548428365190923,-0.021482606267892793,0.2015241363119633,0.047706162519966004,0.02636868768305349,-0.2118982925166964,0.03827439269734663,0.0720740275726498
0.14895625989515876,0.09982145101734868,-0.03331656264951412,0.0842832365981514,0.036677202803200054,0.19346275813415292,0.017907592925912142,-0.25068397880873694,0.13512685513806283,-0.04478984695339551
0.10028361719488081,0.09685342423189415,0.030463539959050174,0.014298061584833495,0.09520056098545632,0.2213438175647242,-0.0192444128101434,0.13494450190042248,0.04600091376281161,-0.03489493638958617
0.2962466885889975,-0.09236611363185701,0.18912416154917505,-0.006414935674298662,-0.005517653761557426,0.033565834884985116,-0.06719112221884642,0.08292113727268785,0.001774143690043646,0.026957075519326593
0.09199560690728924,0.019005702638674217,0.07887130799176392,0.10784052330926622,0.06581470995730186,0.11884290767065725,0.09818244557580662,0.03556878379007517,0.028665246845940243,0.08037397971714477
0.02584420178412558,-0.09690190945530439,0.04658029115006729,0.009459043934032185,0.098534810964317,0.13733190941635065,0.11872264809973507,0.008936821243279755,-0.0057826010648076645,0.12044481298932427
0.1177466823012052,0.22691504755512815,-0.015030038404440955,0.2138435878432275,0.1191265539000685,0.2758238869424683,0.10342416650730674,0.1504504836719387,0.1425866691604589,0.04211210797442328
0.19388568482494772,0.15485033430538475,0.07501617641922963,0.22177238010553402,0.3095243958700392,-0.033316715504461525,0.06572843105777144,0.013300624160357294,0.16897447282467926,0.22499752873186402
0.17452169775947704,0.13152439706433777,-0.10142531862314717,0.013552848148494126,0.08805593688006223,0.022203010147843823,0.06427402726898486,0.23791109153397746,0.08682832282894368,0.12105707368227325
0.09006415875599875,0.013179561629115877,0.019992900946025738,0.13741131704440107,0.034926810682162815,0.1775988451564911,-0.057489141313492836,0.29731522304150615,0.053717323072083704,0.11539257366485628
0.17217383994713226,-0.10676871775981914,0.17579586708608858,0.0226450135765867,0.13547998624772853,0.1432494701811927,0.14525292422916478,0.1984158008122232,0.10456972716521534,-0.019422934954790597
0.061839941666529424,-0.08515445168861657,0.10615531082657347,0.07069081799294168,0.2418990985351528,-0.09697575572494113,0.24075262216883958,0.06874487724266994,0.2425011386335232,0.14801155096621338
0.178330013230246,0.17300817395207763,0.041083069109727414,0.036848930810591186,0.026348863595331548,0.17929204194684267,0.15295568577004734,0.008205151189837848,-0.0099232864153692,0.15524305865879046
0.2035679745827158,0.1165981744302242,0.01480879129943495,0.014235797305548109,0.15223880529603503,0.1208579071493924,-0.006966151716360933,0.02108669339486756,-0.020970479358431743,0.051092287597364845
0.19828609114240217,0.08497304371367015,0.034937378980762185,0.0896188470544555,0.3848411329435334,-0.006533229906773616,0.18415749523501118,-0.16139597859304494,0.196619247476558,0.18340888112103138
0.24641593186729044,0.05393399314873332,0.1464357804871162,0.13761989214024717,0.15444933587423082,0.11431734095833207,0.03650555160033957,-0.16483101920696724,0.09875590692847871,0.02461823847246608
0.1812785519961058,0.15767121464834633,0.23629736022527273,0.016859459661040202,0.2403330193813075,-0.0014827814885238766,-0.029451140457258378,-0.030758839098716836,0.10348494142583622,0.16548631268782527
0.1537151042929042,0.09227236011885359,0.13129247435000901,0.04388278042877608,0.09479269542085403,0.19198189285675388,0.07764259759364589,0.22197287728258713,-0.20082455637892518,0.19368414244977972
0.05483888217308504,0.05889170252063114,0.08328992101744219,0.1367841076749417,0.2531397180180488,0.17082640788387454,0.16027135584442456,0.14381374352701243,0.12135411554193934,0.21454642736261234
0.07673335008148663,0.24424700408116706,0.02335420713473857,-0.018968957444866347,0.16591270387119994,0.08936080531183066,0.008103920320085042,0.09824555833798292,0.11052771436198042,0.15147770661816098
0.15682679143995557,0.16558188524339146,0.05315008550641771,-0.18488206427243864,0.29095090883871944,0.2331601003129745,0.028807315231094192,0.11944952452104418,-0.01748394168693998,0.1641607693161088
0.2623155200888396,-0.003549919066383675,0.11397103864714234,0.14623481204495142,0.05390611135865864,0.07409777326037845,0.1239141679016464,0.248987399613757,-0.02121882988382219,0.12983708360946986
0.13857202243021743,0.08424447564358452,0.14655857030014846,-0.12617443085460106,-0.03876428804594853,0.22907110100322384,0.03805875760873269,0.21183404783671567,0.09240748115985002,0.06375697792442298
0.06804542869480157,0.032196480843464825,0.06528998601997595,0.12845664490266598,0.07040662252420407,0.08912748424234809,-0.08087856329692665,-0.09226861829582782,0.09950220253992831,0.1429714512266259
0.08145104702982961,0.040067099745679464,0.1548487238006383,-0.06514964968724726,0.1395435773127881,0.2511104230697339,0.17617740991132935,0.11101338455168491,-0.06081987893448347,0.08685044436382386
0.24665564533610507,-0.111724879703605,0.1264780520448128,-0.09542470734268631,0.034159412558327544,0.15349404335683228,0.13715997195524474,0.06234779295712114,0.08010571839480177,-0.10932826468671814
0.19538692870368896,-0.0313718745621486,0.0012609975767506054,-0.09963568122439191,-0.025757592339667,0.22382445082938324,0.08708251267151348,0.13520700191001295,-0.005696151164398568,0.2559641487932997
0.17085223772966085,-0.028872121844541947,0.0366013792196782,0.05329634928577503,0.09664120990285777,0.13955356448076195,-0.0896404052618549,0.24101861841609204,0.05239526827672866,0.17053567005427386
0.21843001918692007,-0.07804217478838672,0.06849648169198536,0.07752316860210573,-0.06564802563406073,0.23947210457456555,0.04767120569234265,0.18934781686192548,-0.07637146829492178,0.10662503519225724
0.12364083656060199,-0.031867075192097694,-0.05121865127229047,-0.10250408093984874,0.07839919290890446,0.2172740348633523,-0.0632131020587579,0.15903510392483566,0.24708243891809964,0.26326437352245735
0.08179986849384988,0.03292493726834588,0.11413708025180275,-0.07895609899392173,-0.06288101947200583,0.2677645011586593,0.10039715746307178,0.21400387739269144,0.0048209146784670516,0.031247103404205973
0.06906961938071907,0.12742619090670348,0.1297848517546447,0.0558714107094846,0.03191976815985641,0.11589148875882686,0.1760508131267301,0.3301942286482123,-0.016076591907143868,0.2171695586484088
0.017427200541160932,0.022284987355010645,-0.039092712541149335,0.040755494785666146,0.11813054713688666,0.30334597998920565,0.1283886258790921,0.08625243703812091,0.350219902445576,0.06920258396730702
-0.050830871482445354,0.11786601015811907,0.047559004333674694,-0.1545944295530699,0.09849099229933371,-0.06520807926060503,0.0018349340282330928,0.2359497811009133,0.2712890461636355,0.034374735485369734
-0.007272048923454899,0.07022140997629489,0.10970723606392152,0.13023858973076555,-0.04319224761883345,-0.05734499970954896,0.004977971698397518,0.10194565416616194,0.0942642826561397,0.19261551698382026
0.0002971162508118609,-0.13613215706119164,0.11047809855377107,0.06081297064593389,0.05258673176777989,-0.09778269408698687,0.04296974708467517,0.015060730498462627,0.21284920825217668,0.19281199496789056
0.19960352104195417,-0.04055173947308778,-0.04191554474309735,-0.0880279780864521,-0.009202308727654549,0.2107474878223172,0.03962373396331809,0.14377527481477484,0.18298605006970386,0.18039350722615707
-0.06745850987177315,0.020728142418523627,0.27591072434110386,-0.06746406556143031,-0.06641186773999405,-0.0956380003172738,0.03312774378865128,0.06304209351805849,0.037301824484257444,0.03404431960787299
0.06803554171433049,-0.0915786823685043,0.10267731517351351,0.06479882633851847,-0.004814430974254508,-0.0044668757275481835,0.10528962929114154,-0.032014258745472354,0.14978626982983584,0.12453047973117119
0.03157137203803268,0.09688859723735757,0.06189413354648348,-0.19308869763979186,-0.05269342365019544,0.1038121956196633,0.010775235247574812,-0.1333214494493281,0.16180447326165623,0.07426776555335987
0.059974426504316676,0.04157855689625131,0.04737750194745555,-0.10359288661045613,-0.016780858169988613,0.1250411233957822,2.0338219021065126e-05,0.10354414267251526,0.04767756027364528,0.06966925562091893
0.04031052371223717,-0.03410820118085963,0.14029344202148974,0.12961169689268953,-0.00411666961836251,0.04899164580877499,-0.10673827120416192,0.19489349150355423,0.0875329832025559,0.22288907238389358
-0.10253783256426746,-0.18128787604458907,0.10802427254084988,-0.0969729107142348,0.05415991448845031,0.06348039403111017,-0.24888604585384805,0.24717811951050875,0.04920913122292777,0.21390011619234672
-0.029781139119730272,-0.06502292125147854,0.1283122908846897,0.016180352785008442,0.14381505549158405,0.11484602394075533,-0.06493453865678195,-0.015454802935584294,0.09539760750834567,0.019148707912353347
0.04693666664401504,-0.023713538764441273,-0.07383155763537572,0.11736322376055336,-0.1868070498032393,0.17624794849051484,-0.014291089114383001,0.04959908354799533,-0.08535937931904547,0.26178155345830206
0.270233951428484,-0.11926662582739696,0.10457977451232059,-0.10576636402949136,0.10109429214887118,0.23120382614997143,-0.10544940131369797,-0.10485140321075871,-0.1086534385468012,0.18599589842323894
0.06593184330617882,-0.2362337749294048,0.01676133995066101,-0.09271057775817779,0.057218109400984325,-0.1088447207000715,-0.08338448196473529,-0.11295785232542252,0.023349927622273337,0.12290024892733614
0.11333444515915542,-0.1591148099812963,0.0248205842788835,-0.09999112496535348,0.03871095496391759,0.08789703657672135,-0.04913365450042062,0.0493860554164208,-0.22605620749482763,0.06133875052710992
0.11434164382191497,0.07565733089031945,-0.03256230622073091,-0.09351515969423474,-0.08156961955147658,0.26707207114240666,0.042108883225637356,0.09749057403865072,-0.1849812729643959,0.12290705840329835
0.053183444214797704,-0.0975786468787321,-0.14051654350369455,-0.12323331948448643,0.16958034163382973,0.050516548975759516,0.0553157361363536,-0.043074009384710635,-0.1128450136826373,0.0030939283241521696
-0.10404193728595423,0.0741766474469474,-0.024093979349291035,-0.12942755984966361,0.031161879708897403,0.01823335238320971,0.0826919246162623,-0.15365708544117276,-0.09087346584410333,0.03839729934636739
-0.08513494726023717,-0.015047074246194688,-0.08478852074601657,-0.18813554803654725,-0.13364946286030951,0.06510357605551054,0.005070463584812071,-0.1139224196750969,-0.050653753877575314,0.02088781369562353
-0.09105899977317194,-0.08493021381999824,-0.06365921672893068,0.001864778918815077,0.07737391417393866,-0.06245153345085469,0.10679597884480432,0.07882442362618186,0.16217691999519565,0.1387971527226421
-0.06966794313150626,0.005613359489602648,0.05696850696772986,0.04140204823282746,-0.054560226620695165,-0.022422017091546946,0.0814302901516848,0.043215250439531935,0.03580512483357393,0.07727735023400846
0.054401274491038855,-0.18731287397263868,-0.11234042786995341,-0.14253508585693114,-0.19534151310818776,0.0410136361203606,0.03855117085931712,0.057522237880667126,-0.08379236935702056,0.0019040877810547856
-0.04644788796022535,0.010073787265599404,-0.12120269667703956,0.006509037542515618,0.04881348021285911,-0.10707181278948073,0.11304914829084713,-0.02818396573266698,-0.01319765676384001,0.061670645573951424
0.022138153456220118,-0.017792947823330504,-0.13725227924659106,-0.10332260632190182,0.07294534895153205,-0.18818169099527807,0.11272776941745027,0.07821622565743791,-0.017195490010015246,0.03723351468427549
0.02590304978833912,-0.158537870599188,-0.009646989541292422,0.02840924735559079,-0.011370520897463276,-0.024996420984421695,-0.1361405236728984,0.022868707742305143,-0.018676957269992973,-0.006918080217754259
0.01435058475766793,0.1139801902724068,-0.07485337404045507,0.06604864844937904,-0.058145950992983066,0.006911108096345944,0.08022531077544877,0.015780592692309824,-0.26236557447911796,0.03614626144797427
-0.09611091408731672,-0.05419700270973968,-0.14013292651415402,-0.04382901679990878,-0.01808497003606553,-0.07831380609188374,0.09933619007897043,-0.07829507715823164,0.01275021051188173,-0.042785698343845845
-0.1286808967962856,-0.028344946178812308,0.04641040040833459,0.06721361188442722,-0.19113313475483648,-0.1018924122774805,-0.004669469181879304,-0.031770319533603375,-0.03348821709614868,0.07318383327996562
0.04395542782889454,-0.04452714624014046,0.16493446552069319,-0.14356141022265603,0.0005422995132417611,-0.02939585786166117,-0.0575362409714619,-0.058529590233674024,-0.08848056010945975,-0.03313774807092331
-0.034496103206239845,0.06844344766091463,0.009302538062598138,0.09076637626049194,-0.004865533736471264,0.0414342028547144,0.052538293734532976,0.029176874494614105,-0.032867229845145306,-0.1584720044052094
-0.0907123664274595,0.22028895493106454,0.06136427861032264,0.006084043703114363,-0.17800143248982314,-0.04891331910825092,-0.06488821174370957,-0.07611733884882793,-0.20432454111636666,0.04271801200056036
-0.015357386633190551,0.07890750575134961,0.07201824002583185,-0.05067881657910581,-0.10662868095694339,-0.01880901962763354,0.051364160676609885,-0.07976522352678125,-0.09081199740840723,-0.1784014416959737
-0.05928734167480884,-0.06900862174521279,0.154661018552767,0.0006114976700018274,0.0001423803014391628,0.029643484542683052,-0.033137502064107094,-0.010476921128791249,-0.10251754348467235,-0.02605855507035023
-0.037702010772248974,0.014462883891068087,-0.17842470389390785,-0.05798475034416041,-0.10393076009852967,-0.22191458323116117,-0.08673897604767389,0.04900142752474179,0.002762502637477446,-0.08916589773413117
0.028012032179119614,-0.15252286609488586,-0.08264528919607583,-0.0324653608137698,-0.08063589164388602,-0.014610528033028362,-0.0893166546999529,-0.012999054897948135,-0.14383512293600217,0.000332740389160896
-0.04851100602648339,-0.05865609456815403,-0.06845285620794164,0.05800612622452109,-0.14968038823686897,-0.016308144866703247,-0.07463977456538395,-0.06730669669496218,-0.11741233267311385,-0.10074301683900963
-0.04432503255437356,-0.25930172235104376,-0.0713761749201431,-0.003907611041712181,-0.11637961627892242,-0.02217702359263027,0.09177523621477444,-0.012474477270610337,0.0021927438647978,-0.06742558061430529
0.058910838995358566,-0.08335592849992143,0.0033917453430346994,-0.012036006955855612,-0.019960693572567252,0.03057155664738872,-0.17838602288047903,0.17175031261891838,-0.09805863097387704,-0.04572191893299134
0.14321691924225696,-0.06000516120171457,-0.13080357061276673,0.020933357693618676,-0.11555616355509518,-0.09240157923789044,0.02632430488744724,-0.012336984086088087,-0.16535507823882245,-0.08189374051424676
-0.12437055310456266,0.08779245250239953,-0.11758072628078553,0.15782335028148176,0.08628283270349521,0.007353426438434802,0.08087283861674764,-0.14125790444482766,-0.13807776604628866,-0.17215373398549294
0.11141761898214032,-0.013474353226796191,0.13175890722029016,0.04541708829808827,0.12802372132360407,0.06889216880677843,0.04044922784672435,-0.06142556176702741,-0.2393251783363013,-0.03258915717950807
0.14326745686763226,0.02508434877936909,-0.017899027463892693,-0.0977976354867787,0.13296507691907342,-0.10383475267682278,-0.03810188123244515,-0.03235705226776901,-0.10707990624949446,-0.13739614489063445
-0.043011291358589915,0.07248327772827637,-0.08502176733592619,-0.12161463307567746,0.16601795871457187,-0.020263232651935213,-0.06070393936288939,-0.12023871204190924,-0.05606098541902464,-0.235558268297747
0.1809044176763943,-0.05520741054880596,-0.03442353031489987,-0.17981135392880707,0.11132528243266918,0.05745744577439223,-0.18292271727965637,-0.02285955039838803,-0.03332463052543501,0.034593094941742744
-0.0004038913419877957,-0.1005758797160902,-0.17470114585644808,0.07711201338572828,-0.057838774900121036,-0.13202978450583697,0.09098489485573252,0.07434473255239019,-0.14476220169092543,-0.010746136506116992
0.005110052068153092,0.10188900668536212,0.05170780907722855,-0.10292209437292042,-0.02577515258618398,-0.16349209459910757,-0.03157704152369886,-0.08145995102598827,-0.010909571432585904,0.07622739995004438
-0.04290226109532197,-0.05673057710437722,-0.20183967655825524,-0.09131154473060392,0.07745662742578976,0.0016052366548879385,-0.03597131126540691,-0.012279958161561685,-0.13251285582529915,-0.0650476070266898
-0.08418167066177543,0.025780639722627847,0.01130509829074803,0.041126644272923736,-0.03547561875954341,-0.0523344353595344,0.051667186975634265,-0.19656166423592347,0.04778435358472943,-0.18553824934755622
0.06526370834384018,0.096360076464118,0.07882334357103354,0.07832892926613914,0.002134828369086121,-0.2240512300263821,-0.021501239143300627,-0.1340739367366441,0.07075739173399472,-0.18650354461208546
0.030627843539556398,0.04078649714517155,0.013719197348327182,0.04143183830629889,0.15294933804318903,-0.04080956890902823,0.16686279684030297,-0.1681319065095762,0.04299237225274209,0.11295254542353743
0.1439313164683974,0.18870190858825958,0.019684427589679553,0.08626551175303637,-0.11735737453412529,-0.1122725906378802,-0.011827796955990958,0.05104338621403347,-0.15306731345786684,0.12035001777782069
0.05322615113160428,0.012271153819756422,0.05868441112699661,-0.005503588675996929,0.09224587184991256,-0.04867201992260371,0.16537168179596898,-0.048206117308237,-0.09068666429923465,0.008102374517922901
0.15375948911271936,0.07190490102960954,0.19640317423633513,-0.08483565271451407,0.14275737573062183,0.1843793770932013,0.14005785110139213,-0.10945088753849014,0.14880136841750213,0.04235618764691985
0.005371339473379602,-0.1416360909455759,0.03797907871687133,0.08889360204203609,0.3015218118669168,-0.1086232954776969,0.022087490741803453,0.0426641509532042,0.050835319770270414,-0.06389508069371072
0.2269975936192482,-0.14237182256336425,0.15013962531370972,0.0789263313095794,0.05339485408233327,0.2556826695703046,0.12000857054621514,-0.0495337878517596,0.045250955104761834,0.11942081973485401
0.14147751259642113,-0.01825008541087451,0.0727433292899754,0.04100548173307358,-0.006042014022378139,0.15792988540615646,-0.07138697313955433,-0.028719354042054696,0.11154485689304003,-0.12993113936945613
0.004437852502338913,0.07029372482551105,-0.12322083857218828,-0.1081923565955405,0.08133830867788096,0.003937449630168052,-0.06176890149727344,0.08151833847687054,0.037884628986373695,0.06086476435996043
-0.041907947412354145,0.048383372142162734,-0.04590676477850751,-0.1078530045340117,0.05700840968947792,-0.060491676161697344,0.025050149223095314,0.11461464624961963,0.08599629266239289,-0.005385938176869047
-0.09910746142379638,0.042449138913295964,0.046049439532154644,-0.10019520772364814,0.0244442073189044,0.15936022687563928,-0.030341564788675227,0.07130631750853528,-0.051412853862056795,-0.19930691206115597
0.021401759250723577,-0.019567880196705315,-0.05484202899840397,0.04199479326500643,0.10095130626265553,0.04734335760020577,-0.0330970182210054,-0.011742519807146024,0.13275559898956651,-0.10180608411787523
0.16214593055750645,0.03429500678798791,-0.09454097850838038,0.05347166786942456,0.01156733913354539,-0.22142859176134802,0.0052288787932343,-0.08050247107996585,0.09326170379169191,0.06825846243394032
0.04166544217335002,-0.010404291269442673,0.08781741657123347,0.17638317839294496,-0.01508748813370225,-0.09146398954407665,-0.01947430447474869,0.055357323695016156,-0.06307122961542377,0.025592106702285386
-0.035654733769486746,-0.059003821174119654,-0.0014748761452851814,-0.1103425935224914,0.04765080316317253,-0.03086625461203864,0.05233743350776554,0.14720738549920281,0.01795668796828143,0.016039883614154586
0.06815040265963836,-0.2840907628735835,-0.04077372019959796,0.17338640699307034,0.05066062116014007,-0.013360648376684388,0.07405748307411907,0.0353520454578623,-0.012763514312661942,-0.04435114912954305
-0.05325848275959918,0.05493344183408792,-0.015465553783232274,-0.02937876152125471,-0.0349669127384854,-0.044897119948073196,-0.04686461687243295,0.012547920999298766,-0.09460826068061508,0.06249354341347679
0.0641585737700637,0.17418848768258022,0.03657899191745348,-0.08632833423593725,0.015419355248499593,0.011532028657678606,0.021637181053135827,-0.014002260651649572,-0.28553974253936615,-0.04634419603679019
0.042366816963240725,-0.056400608158074295,0.018536020709428322,0.11658295280769441,0.08811991240070209,-0.0732027121491319,-0.17542107409842486,-0.03030065638345962,-0.030166175450691585,0.0023143922180470164
0.00011357361753927195,0.04180171155891213,0.0861116725248367,0.11113278386575762,-0.12573096552569113,-0.07625853674184178,-0.05305569173344665,-0.028248848495998485,-0.005356754406516062,0.0248864396191094
0.07536223771765319,0.14651056458560416,-0.009117922958519188,-0.10964355236636694,-0.004490363693168808,-0.008943967467068239,-0.07835612018534409,-0.07641992439506728,-0.09447065670177068,-0.0658352917362332
0.0456103637777585,0.11478853517931734,0.031461306165452355,-0.13476409461599775,0.06207758356070686,0.08067206602540442,0.05353745986366171,-0.09582693564803225,-0.024893706955140378,-0.09058497549657461
0.10531051660825962,0.07850647506158187,-0.0035602469371703444,-0.08137692238260473,0.11759350931934218,-0.06419676922806347,0.018966828619575528,-0.07717035485108029,-0.18534915056187842,-0.09455458161022307
0.10097034947138878,0.06759087704274608,0.13666859385022528,-0.018227729101886164,-0.04506066347161875,0.04821721409083814,-0.1002140455179219,-0.0020128008527757826,0.10409188679592757,-0.08548232699709432
0.20852980980140018,0.10226357807299327,0.07376383902538822,-0.010103774494477616,0.007953364617284804,0.2774645587129195,0.02991136948926164,0.0075072118934335335,0.08393320674847425,-0.09641057666630612
0.007100312849193505,0.24137570168799702,0.09395880781202462,0.15563529964903228,0.06849780507411699,0.059168909311731036,-0.0020203347949584276,-0.02919944139243779,0.04841539259576099,0.07740849985749804
0.018877075473893293,0.085752605992166,-0.061213194760477464,0.07170102542551329,-0.029027924651069802,0.16895304729459035,0.17167227492808984,0.01646919310737697,0.12969573367178586,0.1277645118954745
0.0764207810233087,0.14281173238526873,-0.13273378222592647,-0.15025631717005994,0.23997723879035515,-0.019806881226268086,0.023656097109321407,-0.013405675525648378,-0.04022249320046914,-0.008093679849718427
-0.05055982085466833,0.008722255253296576,0.09539277844638488,0.09918714604812698,0.08955169819785021,-0.056099962353848336,-0.0918387151700806,0.14955536469295003,0.16586638104678153,-0.05460194396837052
-0.17092737035441521,0.07792776969392674,0.02038380952878484,0.047076165664816046,0.03276968099738367,-0.06557769434049947,-0.08340094789259894,0.05982501028320493,0.049420684239432855,-0.07289234164458543
0.003270364088701013,0.037908302924654844,-0.03201933286686287,0.05630820818129337,-0.00023206064306008876,-0.017524589687466605,0.02214789364710622,-0.013004909702049303,0.21253524195506968,0.0227442127221671
0.009364214506077651,0.09796592048845888,-0.12668278806835562,0.014225847562856893,-0.07365499694176647,0.08900664459054061,0.09223277839855504,-0.08552927061014445,0.1418499629698541,0.03290191903667226
-0.0032375676222348784,0.029654826575760903,-0.007656863057044485,0.13849128916170694,-0.12142611769750195,-0.20325343539918272,-0.00999304928000758,0.006122771150169598,-0.1042825464799439,-0.024376707624623007
-0.053527915456022576,0.01695990124530756,0.15095565349539747,0.23842731993969146,-0.0011889045035587548,0.14508615483858964,0.22435260839443086,0.05205171800125913,0.08339583741929507,-0.12294634582477995
0.00016844931625470405,-0.03819088405008435,0.12124051377544526,-0.04555948213241899,0.12922244030677849,0.20683057069308966,0.15008939426328605,-0.0473428547059397,0.12431066193409933,-0.03244294180061276
0.09265969291398211,-0.002198491166579091,0.053456696571889936,0.08369007678175183,0.15128653748572285,-0.16174479099843625,-0.12019024203247164,0.10079740285380348,-0.12413007840881124,0.019331971731639877
-0.025212417066220863,0.021816589775216867,0.15951232602689852,0.11392669263583874,-0.02134840149117706,0.10682796509860769,0.2221375114548273,0.07933546983913708,0.02159171800198577,0.07208742465584136
0.041959440144371606,-0.16196224009588348,0.09485907132028434,-0.047513925383758454,0.18148241636846266,0.15259492625302032,0.08660191020363331,-0.15236171920351327,-0.054650940276801105,-0.06379785734302616
-0.049454564193794806,-0.11481802034071657,-0.07578932572867379,0.00961380933857839,0.07723113549498736,0.09011496210614131,0.003588602017910024,-0.1253077954807027,-0.08553583088277911,0.08414943892839966
0.12002218703564074,-0.010425534062252113,0.03956394559954285,0.04858211985786948,0.0332513659304972,-0.07387223545844804,0.08256377764369867,-0.17114853454868514,-0.09736162392887986,0.09466180482222693
0.02972733283023768,-0.054259132603670025,-0.1683531919780546,0.12076455125431032,-0.01932280990539436,0.08091598536540728,0.015374726771494134,-0.13454047104726707,0.04322359504391612,-0.128186728788254
-0.0974577907654947,-0.09752907200765168,-0.15376309040821154,0.04156512088601876,0.044630196522228105,-0.020269875885730444,0.04981577664023676,-0.2568285070078085,-0.1164043964043685,-0.2801535669155054
0.09466343544620423,0.09511579212479161,-0.006916929213590051,-0.127314553289484,-0.09632730484891823,0.08014068802987254,-0.13459121995817164,-0.29452974607987664,-0.05583794482000955,-0.15860903299885232
-0.1253529772931477,-0.08218171141655486,-0.07583591915026544,0.03266759486372659,0.11194845891137573,0.049639283096799575,-0.2041599213236625,-0.16794938619258779,-0.09626305070333396,0.12413956998706685
-0.09949059901107683,0.014557782405296878,0.09512400818688545,0.053673418198418,-0.15229577981006234,-0.02176198533781579,-0.2518335981450223,-0.1782684945042639,-0.053371009696725404,-0.22611368238664373
-0.15045151788774194,-0.1522993480256588,-0.2163047512314492,-0.018196050417637052,-0.028908786258768054,0.04512592290187961,-0.14331415553853893,-0.03855738806152372,0.027034424248840755,-0.05259745866537875
-0.3166414744416117,0.013576893627235818,-0.034175295202763155,0.022659612645453454,-0.1552992807498633,0.00212656612272015,-0.13400236782733085,-0.07317298415369677,-0.18593808250537386,-0.1109002069072239
-0.07257675559628399,0.056737770907100166,0.05325703516827804,-0.0021803784629616414,-0.2007645794872163,-0.2481477284771636,-0.01766962906313555,-0.08145887605922991,-0.13292496549395735,0.045567352808869394
-0.058501713696972935,-0.02194760784434175,-0.00681489733628908,-0.011035565694774114,-0.13699362527934028,-0.26009502480916386,-0.007484532848502895,-0.049357902666500995,-0.0011226344328889581,-0.09135455411507512
-0.214982228223614,-0.06702479575910623,-0.14067998363968431,-0.12570688349783235,-0.012001288009502675,-0.02133970312330924,0.18275853770437095,-0.11369247062734816,-0.04220575597229058,-0.06753072143575026
-0.12272109673970452,-0.2207077897924557,-0.014915778105106083,-0.03171211420087057,0.16557324745652965,-0.10128561321275778,-0.16598826780225856,-0.09436004478225951,0.1110357916865496,-0.004203699890945947
0.04951291611553876,-0.17989193114521773,0.06243049284281378,-0.07928441094357512,0.05650092528658883,-0.10514539946433964,-0.07516217775758635,0.0010404215514268206,-0.1293573567597354,0.18999759623176893
0.013365634926631474,-0.21666974029410546,0.012241193605162251,-0.12583996255913105,-0.04697975040608453,-0.014462289555224106,0.023673553876275143,0.013007671368785764,-0.21483814888411826,-0.07628304911192356
0.02792980654616275,-0.18644510155545424,-0.018472665886313508,-0.13743319093610915,-0.08936116689503035,-0.05646571856364821,-0.029578022368538355,-0.03414720170338107,-0.12168803212073978,-0.03958319940542015
0.020902479227008972,-0.14241150454570287,-0.008514037759632678,0.04590886561886279,-0.025304509059551995,-0.08329698748978515,-0.017575711350472548,-0.0789150021041801,0.035264089696219886,0.15389897667930802
0.08993614337501624,-0.08355302922905294,0.03473912036896236,-0.05260183450271334,0.0321955304129718,0.12205937020333979,-0.006399687638392406,-0.17309923326266347,-0.14850316374512734,-0.037494703162088236
0.055330378279068074,-0.13128531868942545,0.0030105286040741364,-0.11846390947821409,0.014088257398679475,0.0260477891139287,-0.06762112147113994,-0.010965181021945849,0.06891362931389543,0.14618216497607997
0.053765514740244366,0.03712530710823175,-0.07040723424332694,-0.12259641219345688,0.045692019792274774,0.10625883362469135,-0.06907771407541602,0.11933095665538432,-0.11168144323714273,0.1261233218896361
-0.16307085861085818,-0.07530619642293673,-0.021231796742700967,-0.167552237789228,0.08040442394119955,0.25629430094172845,0.011921136138651013,0.007999390549456361,-0.013806345726499185,-0.06654821656015121
0.11183585798197904,-0.034847936806313456,0.013059469485303435,-0.0917938884990036,0.052574670780562015,-0.0026600460947006424,-0.11571973114085315,-0.07245498188292754,0.0450922486530186,0.06234454356190888
0.17471177991717654,-0.08960100056258727,-0.0058707099799617125,-0.07436042021322367,-0.004560754463162223,0.2864544993358351,-0.03743798017326089,0.10099271703994285,-0.1304316602659748,-0.06197739345563754
-0.0018538157827191135,0.019458165146871535,0.017851572921046412,0.0712107727120261,0.10272879142442723,0.23333709400271996,-0.05681007014807005,-0.11488533560533491,0.06978821480741776,-0.03178012432159813
0.16856829653214767,0.2942085313451056,0.015677139586732343,0.033843973578987774,0.12723434809951084,0.38974009846435986,0.06279588258643028,0.008284322250660742,0.04115716184910853,0.020030856232638748
0.1808685574924666,-0.06748602423629438,-0.0029039178125933422,0.008430586711018704,0.3069029303045528,0.18957679029224273,-0.00262601745031074,0.08572738919270823,0.14718050671946795,-0.01239047433811038
0.03844556484757307,0.14461817459587456,-0.07234018715566827,0.0033094498432416145,0.17099838011517415,0.021594118884068897,-0.22203005952259983,0.11043760923317497,-0.07314679645712946,0.11429760670132771
0.2110047625262737,0.1480766829109154,-0.03780919995730853,0.03914690350241687,0.07318250003487274,0.2277852484621036,-0.1703938694831761,0.12133300193140642,-0.1387608838810846,0.08587479560398412
0.03879418563622111,-0.09104068515987149,-0.13245644753012498,0.10024394506079373,0.06505030668774195,0.24971402782984095,-0.04702621937763336,0.0725462461826045,-0.024326061364371168,0.07394299796257643
0.11561441864693356,0.15719116190042598,-0.0046624444019319755,0.1264785744839831,0.164891472956543,-0.03329587212595359,-0.14268423192350232,0.13285858357335195,-0.007012651072636031,-0.17932771152131277
-0.025729478306174294,0.21826735180943305,-0.05288261295519911,0.06631030617544952,0.05106974143877936,0.049469638573964254,-0.0003763732469773441,0.01781150718695059,-0.2606088531634161,-0.044815816559010305
-0.04101808000643069,0.0476811580235154,-0.10483796191708403,-0.0035125885446784383,-0.01840588470633194,0.040950704636842056,-0.04746726909783431,-0.013742025902270694,-0.19379589552286328,-0.10148127579053212
-0.1328832588778065,0.11311017368408924,-0.11264368654848152,-0.08936048189879187,0.04889369831765913,-0.008305872507735193,-0.1082937296892043,-0.02696068779618907,-0.025733140369541625,-0.014574171445676201
-0.054825380412136214,0.024565718148246568,-0.0729232851123755,-0.10322655014928882,-0.19624099185265206,-0.035300932047005636,0.1557986386925219,0.001819169655196018,0.116872389702387,-0.15804943278675598
-0.0368591185307247,0.1797577057598983,-0.005285185788099618,0.13000258048164628,0.05159105255817235,-0.09770372895155158,-0.06605349885108652,-0.0029045531331808733,0.015804088658515566,-0.141780014515659
-0.2962547279230753,-0.06843786218564175,-0.03076398071230147,0.21999844090041315,-0.14388697778648163,-0.0664846289240937,0.06524965299491507,0.00239134842432814,0.17895015483502746,-0.10810694701853403
-0.2462931988430717,-0.007120779896062112,0.14131738373849162,0.13834372425620406,0.09042206593245805,-0.09462976417674646,0.05770708230128983,-0.08802102724068263,0.1317682584013093,-0.019477235069791335
-0.016994378596243104,-0.04639925751410387,-0.02607644583671775,0.1703173199100033,0.09240635115354892,-0.08703725655667197,0.13792527620274025,-0.10980811268899196,-0.0016687051104048237,-0.1005600165397299
0.07693606167478204,0.013415962446425296,-0.2315188466171258,0.06904221831982907,-0.17275089434227012,0.04085543379658929,0.03596419203868404,-0.2855512502040589,0.059416791773303716,-0.07501623887323663
0.06918800413178783,0.027497698605340203,-0.038207939661138335,0.13243731532507555,-0.024657705021686925,0.029231643847750025,0.007126007908150277,-0.03757688140597773,0.09650635986249825,-0.03595320027464159
-0.08862289403128096,-0.13341252209702817,-0.14696782060923808,-0.08243164322096154,0.0464750344413101,-0.014198773035840932,0.018338131416494534,-0.02623437416058664,0.07113984043375965,-0.0429229465208146
-0.053740228468078355,0.0012347439140260137,0.020179352719978977,-0.07438896769379673,0.07392947293227842,-0.08955712607576677,-0.09025637640158675,0.03073474358710117,0.15156194923515778,0.002793156758794775
0.03901689714870536,-0.007767212015707615,0.03863089336103516,0.04189686781822509,-0.12180585429877963,0.010255187310927331,-0.05912381277741227,-0.012936435997299767,-0.11200067649145237,0.010273476550092753
0.05696939144958489,0.08383290907173574,-0.13408209389537235,-0.08672330977448754,0.07926332512237384,0.056843129150405236,-0.12233493697822131,-0.021808960655007037,-0.004907475673374842,-0.06629447196404799
-0.18493496958508301,-0.15871338527838033,-0.018850662506053113,-0.07134458036171681,-0.122031281348971,-0.0689368300430311,-0.023656955416769456,0.09127378202280498,-0.06873770422264391,-0.28287488684065437
0.023671750162998398,-0.26787476374449504,-0.19755012440917957,-0.2278868864817162,0.12473816855987682,0.17055880600329917,0.17121462571469995,0.13500838397872872,-0.08724386793050176,0.06321829120761942
-0.13725442581026234,0.018506374131191536,-0.08150637981934851,-0.24569080634275497,-0.18359015022115605,-0.058822915724139876,0.09563128160885885,0.01697662139873147,-0.009104659414994588,-0.06621339357345488
-0.09628226295006538,-0.05425898053756463,-0.1450889435300834,-0.15798001307035775,0.007767270198986383,-0.04116995270638431,0.07349754796526367,-0.05564217676968673,-0.009199500603229785,-0.10335773413354946
-0.01790465981662223,-0.06924668650048846,-0.13391044743317454,-0.07788507566632877,0.116900967999521,0.1996124668305426,0.01561346998004464,0.030382646374267144,-0.04186283131446402,-0.19879204857660898
0.061212315691653654,-0.07131117120602848,-0.13550942444210018,-0.13640914450212355,0.001240363244327856,-0.0666083014219069,-0.21050831788296012,-0.007635305799460451,0.004008520031501726,-0.08546056466804573
0.061507859698740355,-0.17793161155876508,0.027447489333884287,-0.10418929103427445,0.013186338500672263,0.10742172660783836,-0.16449432256477273,-0.07896414466065074,0.12759456672396235,-0.14329707310167972
-0.09620318899095696,-0.09037737623030612,-0.08508854031663317,-0.05509692932350554,-0.053695481885057406,0.005740493169428404,-0.20463831317329592,0.09242212678153375,0.028920832466248207,-0.09115914891979393
-0.1949051761318742,0.11790293588841205,-0.0391148513177461,-0.2944679660606795,-0.032168099071326964,0.116777187001702,-0.07646594785840517,0.19786151089951928,-0.13283483247946687,0.12536124724475564
0.0899396395329805,-0.1830518081895185,-0.002671567511453518,-0.10185016155527123,-0.13900420197698954,0.059639795457766556,-0.019168064008986338,-0.05878207781672059,-0.054641674491338735,-0.05922919773274198
0.06211609838527678,-0.13542425215622206,-0.0626763850941923,-0.0324540757326786,0.02705389515193543,-0.08510553616712249,-0.07749066095048993,-0.05668987257629759,0.062121213365144576,-0.03348266644373416
-0.03299379075826845,-0.10103416420236368,0.06946893441378027,-0.14240673404028548,0.07672616524111017,0.07750532230811226,-0.08480555968077391,0.05622338523803233,-0.07262459437791177,-0.03357614657950581
-0.05143864924132757,0.005244453767079056,-0.026432541118098285,-0.01824886527330947,0.16742023734425632,-0.04628312873907261,-0.16596528898207338,0.04518221492228312,-0.2268591353382638,-0.07036206275928257
-0.10987150416941566,-0.10534275849483159,-0.0033844221950475525,-0.026665922531743616,-0.21715171697517843,0.05886477841040094,0.028398016100888934,-0.25527650351631215,-0.3664878475251428,0.008418935470404183
