T0,T1,T2,T3,T4,T5,T6,T7,T8,T9
0.0785935829401365,-0.10027441224483427,0.17829462075332475,0.05391734322620502,0.010151089588325002,-0.01209068714637148,0.05714600226915699,-0.027818647682102723,0.13784587012540533,0.11812761472044676
0.06000580250468454,-0.003993653072889167,-0.012900256978139388,-0.08552066658716463,0.053876306368318826,0.2510526641919105,0.11263656426018287,0.0244266065145009,0.055669727253470636,-0.0021963035405693637
0.06840813442768116,-0.07089135322152679,-0.032102422146652244,-0.15591704478681864,0.14869500220877516,0.14688388460489152,0.006808674515976089,0.11618381966340471,0.18276539519965881,-0.030263707863509362
0.0003847371218658885,-0.21080105080546396,0.09129662370429624,-0.06329229339518758,0.022344944430297164,0.15486974157036673,0.10790928256858533,-0.03619600641500362,-0.008244092415352788,0.17779285850634735
-0.045212934119380474,0.042011361490194674,0.08665672599525448,0.07039163049648993,0.09918796299661478,0.020632119564118805,0.01672816032740136,-0.003965024675572755,0.23344257494966691,-0.13365275659782375
0.09104292334666739,-0.014053483837056562,0.025567460070953486,0.05571240320229051,0.07555057833096726,0.008848914472628991,-0.05592374222628274,0.02632134907267676,0.0156928594685112,-0.05918098464672736
0.08244336853248997,-0.07805249277336056,0.03856282830013667,0.05795144520290313,0.12703487848244124,-0.05745351276047958,-0.11926049389886585,0.12123141658141942,-0.06655722836308511,-0.02771901734089527
-0.03763139128964854,-0.14249384790950262,-0.06640254935855051,0.07822673770968211,-0.03635277762837623,0.06518780861310111,-0.050439452070564,0.08878776798013766,-0.07059032338680402,-0.043355324986872223
-0.08135767974015809,0.11487523103310601,-0.137570723079457,-0.213908389131837,0.121778846268682,0.09530693291993267,-0.02961257867379253,-0.0004197654317910117,-0.06530942088468616,-0.1462629883792756
-0.04128610373470093,0.10977158318924704,0.02303725243655637,-0.23812343228777674,-0.09785839049283546,0.04484149331433668,-0.03705686149746129,0.02819414033414698,-0.026295560486004527,-0.23143322157937468
-0.052375708358879655,-0.0188859127705531,0.02225742335501448,0.10617565375701027,-0.14167485319925832,0.054061066885968345,-0.050739758089250485,-0.12721190857995313,-0.023264832509479715,-0.2518267928470739
0.113403542338226,-0.1762473287693325,-0.021821574688745623,-0.045673064989404814,0.12737927471325322,-0.004166154172856632,-0.16496478847176077,-0.12813165921700667,0.0752104661484848,0.054563170788932164
0.11698589022232263,0.024631433514250733,-0.16833222788769836,-0.22604229118890748,-0.03379021294861688,-0.07528499445738517,-0.15581600014813518,-0.15898922976355268,-0.16142614785126597,-0.0656349221980306
-0.04265024245172862,0.08379474807692075,-0.17919029594252203,-0.06973062591734011,-0.11579413122300564,0.012180584317079088,-0.04004085048866036,-0.04464612043560705,-0.025643963114003562,0.08644379167768357
-0.030704745502331925,0.2520682798651784,-0.15216329421470803,-0.108622405920725,-0.11001225554950972,-0.03102988294532496,-0.03579614954857034,0.052825442072745254,0.00036094683664290167,-0.009270883971123831
-0.048313691252861404,0.07906522128820576,0.03751927508860923,0.08381452048957122,0.08941363641217073,-0.042782238457981105,-0.010016296980158712,0.1666798509877675,0.1453654658701113,-0.07518670973208305
0.13845959585119372,0.13172807029513722,0.05849637236877906,0.03445306854877642,0.0386524469001513,0.013739372017291758,-0.021654772111986006,0.11419687855289305,0.16376182419294774,-0.08693501407475582
-0.09032975524775853,0.160967404673536,0.17720548459044447,-0.0774194748360525,0.04690175768550815,0.02973970095510295,-0.17508889717612836,0.10238552297553846,0.17675856431511175,0.10326729226507722
0.08121830685041939,-0.1017680021379197,-0.0957239958236237,-0.05320151577027686,0.12794684255626126,-0.08962299856572087,0.08033275915192284,0.1559825626891544,0.054856256514558645,0.352978565702201
0.10750787196959505,0.12444668246519114,0.22983564461346867,-0.005781889577926358,0.19412939134438764,0.2107363252552518,0.02869605271817117,0.0966995405291986,0.047096709019554275,0.08003902399089634
0.28487454959967806,0.07006184741180188,0.09026756075811916,-0.018387000643912535,0.04076090183717397,-0.06610434817946491,0.18380431817219967,0.18140365998779634,0.06756193326152879,0.05766428001045717
0.09905644498412129,0.13207161619567126,0.028198281008173384,0.1528687003883198,0.25047778544579113,0.0007985183408479174,0.06554015264094354,0.2202102479037933,0.15518218933722133,0.14519236621635292
0.18207342840806187,0.20749269354105895,0.2506262655814089,0.19654659382261824,0.061124561125063634,0.1963157612724688,0.17437799785273073,0.05427717105498667,-0.00010870047619301881,0.004720447670050587
0.06412932148494466,0.31316178092107094,0.23274944710876788,0.06434599264056909,0.11197044131699,0.13155784352684347,-0.0038956746298962897,0.23340578119240102,0.15942697552285057,-0.001096528632327426
0.16712948377391162,0.10379428767835203,0.022930401950785606,0.244989285782233,0.23689432804824323,0.18159874975486057,0.00796023134141792,0.07960086867123507,0.26815974189456626,0.07124636410368647
0.08255051401444441,0.22042569592713235,-0.026808281743757975,0.27881734682074494,0.1243398487357752,0.15434241076246283,0.2894339717670483,0.06323487323632251,0.10978122334661299,0.20658098740180625
0.08198333080440656,0.0044099035867478376,0.027796479793622028,0.1158772724541917,0.2686102173690439,0.1992325262730394,0.1828201016825885,0.14653487445196967,0.0743016780242022,-0.11957407527841511
0.01938359226024912,0.13081395988547417,0.061473067297098546,0.14275096275701532,0.19514919186642443,0.021817294669272957,0.20975139399058856,0.07019491045661105,0.10733971333713949,0.18401186002316
0.058656315572031645,0.08931633478273743,0.06634225819207899,0.1396966259570043,-0.04857447841096091,0.09479320307408466,0.19174984192217345,0.13180538579352746,0.1128483405834046,-0.04843495342924755
0.2910012303467637,0.024863378625874018,0.18097530112626614,0.265775636063259,0.14591053900912263,0.022457189205971173,0.04018034086389119,0.025776347370526267,0.20244121042294128,-0.19635609647983482
-0.04436515942342381,0.16352709038234534,0.04366192288996413,0.00027812191371454076,0.2785371979967011,0.03966556819222675,0.35489342368545096,0.13684456134221573,0.022991917344251128,-0.007371997942871619
0.056277730368592835,0.13505153117564425,-0.20913942096653843,0.041877919025832454,0.2613849702368388,0.1176817015405551,-0.0335596055688436,0.1557628825601628,0.14278888152580227,0.052057236899550524
0.20286184613816408,0.02741652213445668,0.049701722880261756,0.2064534862407041,0.17248994582941085,-0.02170655468820854,0.21671703580494028,0.0968295398881616,0.16946425178333457,-0.06023023378927
-0.0038049888113474706,0.0422647503930308,0.015396121083673473,0.1722173400105655,0.0761166572454715,0.02163166558118644,0.16055252429230185,0.2617204193752414,0.12970474502825466,0.08371219680057587
-0.08585843688801394,0.23284692160884826,0.030025860146402614,-0.07777732688902513,0.12392486270734558,0.11181148084889082,0.023206213755249783,0.15290230833203863,-0.012925629636846056,0.1572769406242266
0.06364427536985537,0.2547209759400292,-0.0033294699607612638,0.18324682888074034,0.11856713926247701,0.10784038357328507,0.1765744570445217,-0.02728767871216152,-0.1226008947705283,0.014061547592832284
0.23260339169515037,0.02766633290631143,0.14761570246240419,0.10502243526388558,-0.11284080910990295,0.025558636660890657,0.22907685595574429,-0.06202360220672168,0.19972881296581052,-0.07350358188593803
0.09467073444238139,0.12016979569717941,0.2546086538285557,-0.00842566131000512,0.23779970215818122,0.05470963215537544,0.01200248292719619,0.13442832267326485,0.27720935896606536,0.09832122851514813
0.1613136685203675,0.13651401879289551,-0.02729799229998492,0.12148777373929488,0.22038225439399742,-0.06258898976340604,0.21010252228219684,0.11094918459183134,0.12226623392162911,0.025216687886855133
0.05355715146119379,0.0508323620834534,0.1101515191995439,0.0013557540101924725,0.07920902243585126,-0.03814654567455375,0.05068250106868632,0.003136063000278022,0.12753267269318877,0.22381370353575097
0.11831913696202441,-0.011389141571217537,0.17912222262596617,0.17199339529771385,0.1649777233519067,0.10438451024318167,0.04561291676275441,-0.13309605016925033,-0.10664447600061966,0.14823816104864868
-0.0666851981525864,-0.13310178434451653,0.020099954093112563,0.09263622927130802,0.20830663430688373,0.07770986386428738,0.2795219038920252,0.04984675038710633,0.028459035903819485,0.01887179275026265
0.2532442836026671,-0.1404887098259916,0.08479754353742376,-0.00812681951642338,0.16712118262014486,0.103766134903437,0.011388128761320601,0.0031487166535305866,-0.040771161364887155,0.03354141446246801
0.09178445593873903,0.0934127276949715,0.09802616242236165,0.12150594686303073,0.06374160007259055,-0.004558521067229732,0.02832098665409147,-0.04182339425648013,-0.18630864513924708,-0.02591156627239248
0.0869683872969692,0.04436681018151564,0.17678120900607577,-0.03671086494887216,0.10261408828349623,0.04466635500470703,-0.07106293249728086,0.03728248731052172,0.016008968993907774,-0.0007455208936409312
0.04955060176309799,0.025672977708310084,0.0916826262336455,0.10774589116802537,0.14770704849755475,0.035884134892440016,-0.040874696139923915,0.028576623408384197,-0.2400334258320248,-0.035614320964422706
0.12720144597135785,0.00929074823720795,-0.06869298275066799,-0.05626039805371259,-0.03663292087935603,0.11144753460502066,0.08762098411710115,-0.0188689913637329,0.06531844855225588,-0.062128427680518065
0.2776381959696741,0.0018334006583754711,0.065611073961149,0.12664604841431418,0.08283877935970158,0.10540203221851956,0.03355021898087863,0.11644674276942898,-0.03025344866615882,0.19494561303998245
0.01922625479383623,-0.023373552809473258,0.1161997542681498,0.03276218104949987,0.11450328352147238,0.031755075217973765,0.051966032536447986,0.07251421347747217,0.06491163788194108,0.033734770096202696
0.2879327345666195,0.27987642000762314,0.030169113025213214,0.11984715571423994,0.10526104627182274,0.241912404798785,-0.0022766671024572055,-0.04722374915317262,-0.02675413640425276,0.09800227595910949
0.03379647967745919,0.006474906787927476,0.1291975988319628,0.051149723604621763,-0.03631651899836051,0.20900664479902134,0.08627072012570297,-0.04025723059488123,-0.11067053317936094,0.1915083421215114
-0.05981753979438742,0.014609720717556562,0.11119066179362819,0.1499874584117416,-0.27142837159201016,0.2307376686344459,0.18991756339527374,-0.09341987143331232,0.05293156726987013,0.056856447300252
0.040801440055130894,0.13610307499560187,0.11718425392895629,0.14205485085871739,0.06358358236530315,0.04362501591408502,0.05097106477509672,-0.11748439262960682,-0.02528690873302567,-0.020717860078561016
-0.06575056756382236,0.14811255485204267,-0.02581098094591014,0.19360711384278198,-0.20218011406309466,0.03617708481531828,0.15309783938524266,0.1968238120527902,-0.03415419640970381,0.23484785704550126
0.16784334199092033,0.15517981197037023,0.07963974769014816,0.06598928120657496,0.08572679164093772,0.02055167335104633,0.16471490103611125,-0.10817639120055798,-0.018999300115739762,-0.028013353707545333
-0.06442065023010454,-0.03301901942171409,0.04073525197518501,0.2729632676363867,0.29614034158790403,-0.0036950846172635263,0.12312939876404858,-0.01227764580540815,-0.009511323504459768,0.0260607352490849
-0.00018251393175587258,0.09164995882711971,0.009656123520917041,-0.09702495283410341,0.2950820211578593,0.03785520400235169,0.17066034481894088,0.023427819354713914,0.042949244282845286,-0.031873856217344024
-0.03326790889152775,0.11895027524306392,0.0015127970298201773,-0.06308961497072449,0.2937018187379916,-0.06819805689157477,0.023876646530193703,-0.3402165718312613,0.03071232141835392,0.0682514489728645
-0.07766194540741224,0.07219283593429374,0.21330376917074007,-0.08820764666593381,-0.00043168758123840467,-0.05084081458233954,-0.04506670819037614,0.02897899952932017,-0.03835462410776929,-0.03841109926270682
0.22065180691309746,0.08588638072926011,0.10345821110074613,0.2187201139452499,0.1517131359595198,-0.04465051552781328,-0.04954596007036093,0.1836539274286357,0.04745646653364656,0.037147083086683616
0.1611502983901631,0.015199203499870383,0.026097821872550733,-0.0998395166644731,0.12267779398100331,0.09781175819401736,-0.04144482412241524,-0.028963231298603006,0.16777949904204292,0.07575828673022854
0.021813544556656378,0.06667874050754025,-0.011485382417184171,-0.01574434423420936,0.10809520222860772,0.008231453405969688,0.006857208581304843,-0.02390242230414963,-0.008911905953868881,0.03585074364196708
0.12629659604460353,0.0358174958983393,-0.05844268234045401,0.0868804014316976,0.1942543274576915,0.07093100620227633,0.22237607508726187,0.04896469457216285,-0.09846905851542863,0.0984626305305792
0.17574721014523442,0.09643238988090884,-0.0004490842090858829,0.09252939175766593,0.3074418850704623,-0.05177306488212152,-0.04024846995528861,-0.11446076234192554,-0.06675585262294212,0.07508022885419666
0.13312058086841916,0.08773621350167979,0.012481948030952095,0.008473770797311268,0.08146153685815438,0.046975334451475434,0.07088858875073126,-0.006597850390867055,-0.10863656803431959,0.07184814824312932
0.023488490230231918,0.053127019373831935,0.17577963370888366,0.011248585577684971,0.1219875030671961,-0.023274957457531165,0.03007255375686864,0.12048182152431289,0.03979881981668904,0.08929959672138525
0.15445255649079825,-0.04229792312345293,0.12103533872867114,0.08332329070779487,0.13611821820560918,0.09426888495241548,0.23831975956045964,-0.011902854195044728,0.042153490342778946,0.07533121551091995
0.1458566203859235,0.10620122855103051,0.04910835929261364,0.1427352968894385,0.0791358758589904,0.04831569340566731,-0.004984094009792155,-0.02486517792909646,0.03041509716994459,-0.07946655408087924
-0.09933839735116642,0.14751711486711527,-0.0036189480317285194,0.23468501456651963,0.13649050551108355,0.14189236554321003,0.1526834977107059,0.052545879830096995,0.0009260910134889083,-0.0760680523478186
0.09776384006663982,-0.01661264959922032,0.015840714132454928,-0.1310287565749711,-0.10532669779821813,0.043906263175058594,0.021367834091385943,0.1256484480355377,-0.015279057570520407,0.027117157973126547
-0.03002890736605819,0.18100279292707655,0.09613206766735835,0.06505961770174436,0.1129961548693911,0.08708772083017777,0.07857291293049802,-0.14292704277324353,-0.03294799836082702,0.2501053985505123
0.06318131580760528,-0.010820599199245808,0.1775207479773782,0.2300210379314243,0.1363173593326448,-0.05871223897997406,0.13515460839156954,0.05115732090344968,0.30834412434841774,0.03299833714858856
-0.02600542905457013,0.007229799379907552,0.11039087750475701,0.05339898137220915,0.12843993552020921,0.25323869468422944,0.20783104663366234,-0.042447315229678234,0.07286523213960905,0.14392897757529027
0.027395534425404593,0.197650229288418,0.0663924514255731,0.05165184813163519,0.2622666911507092,0.06927631760722161,0.08352113225946453,0.08848845500014099,0.14092422632919,0.14099214242994523
0.10536667026110576,-0.08681846280092961,-0.018232417399481227,0.1495415385780352,-0.0015764593719251596,0.07551380757046379,0.12271625811534265,0.053038523112967924,0.22245982436083905,0.20912508700295634
0.09402067915981924,0.10054396150275527,-0.013899302242651096,0.042999113753546606,-0.039868076738674096,-0.08071540271661422,0.238066120376368,0.13079524520323982,0.06639919511440512,0.11876270770087169
0.04521151326785381,0.06530834680979745,0.2123307218849636,0.10856503300340771,0.059719298048817114,0.09004980842851304,0.0004457824130474769,0.20622665074997773,0.18339602801737553,0.17167372106667148
0.12753978668326005,0.07865065815457242,0.2594764098230267,0.16128719112037326,-0.04632263917097697,-0.05434462067155835,0.058966135169281744,0.14955004550496062,0.22431025597010312,0.24733104378034448
-0.01650816869022516,0.15761506596493716,0.19262732547891015,0.022267793016717677,0.00696587133758763,0.20637325501578194,-0.021069563419174264,0.18439336854957014,0.0549390824253622,0.1200299277124485
-0.023452561418087436,0.029242709837572788,0.2285870143756415,-0.050644994252393646,0.05338684715747491,0.061923685969657555,0.043235904423767214,0.07774336151654027,0.18037307759816648,0.036146631699551984
0.2032601747320065,0.17653495939554364,0.13208291548502504,0.11948873818456276,-0.03704435674127192,-0.004547254531148431,0.06804485762499236,-0.05860141779308027,0.003531657500234542,0.1400106669208116
0.11644747128514682,0.1696759277568446,0.2006296334421716,0.1342052437970953,0.009629483475147933,0.06497626380721463,-0.07693622615458257,0.22820135971162325,-0.10928006201547744,0.14880877461831113
0.04834225861009001,0.1890229805077276,-0.00873114573947184,0.022991464500946274,-0.02406418372557982,0.11331612743386776,0.1733204879962445,0.07946001424631609,0.09783440436204698,0.028080238482592473
-0.03924421586482932,0.019106459167614664,0.01734496067920413,0.015536090256502183,0.18606871730533406,-0.07188316933736222,0.12189792691488555,0.27427562723106574,-0.004071167284802682,3.7434720481233086e-06
0.09545713208907522,0.17496993889192447,0.09895536887200004,0.0787288725249532,0.02190571856677227,0.07089043215883731,0.07024041833959362,0.17837611777212947,-0.022246912602924433,0.06874991595895438
0.06640389012605191,0.03993711342336269,-0.013965848948713722,0.13004528163094103,-0.0557734903226709,0.0799949263389651,0.11656488293163142,0.16931396210714428,0.11146227344847778,0.20400984789001145
0.08798376375756822,-0.06805732190549052,-0.0100523235560573,0.00397857421089455,0.03296013891470412,-0.010443519695548423,-0.013687296556884665,-0.024050158016479778,0.13066324034819143,-0.004536523013695781
-0.06557640535539319,0.1844111435880358,-0.14092889415032958,0.027133154107607665,-0.057001097959497864,0.02274534766651806,0.07366849436727915,0.22116129597692663,0.07767763192355698,0.12076963566806831
-0.014231574218297193,0.14338125987028932,-0.12624457241470663,0.09541526192689487,0.11145108752516705,-0.04458354886154961,0.06844133998250174,-0.01640324524174941,0.19405822367505737,0.07935368145601163
-0.019569791382201086,-0.03089314367728807,-0.029086907812884408,-0.15190331435451285,-0.004682788604176823,-0.10152625404304885,0.12050809015379783,0.0880379826832482,0.1195510555685427,0.0865029828281039
-0.07362451726698639,0.021884875977038143,0.054171415505026604,0.07826702752562956,-0.07368323814557667,-0.14655152428437296,0.2121797134943393,-0.05141950318993366,0.04971004778183857,0.08969739263078347
-0.11312992028941828,0.19127198410591284,-0.04338386165700858,0.07336103448979159,0.03042120485665303,-0.05158097883723467,0.2032427962372089,0.13387997984078698,-0.021435202513648305,-0.014622641055623012
-0.08210841545682795,0.1115129875846205,-0.0107465762344547,0.07431696326070886,0.05146303502961283,-0.0068713215796365745,0.04377754743570632,0.07261210757375786,0.07187952684227535,0.09752628584823667
-0.20158206142976537,0.04357439617414202,0.048772852914995175,0.1291330867605651,0.01562504714233337,-0.034763802649451246,0.27739673144635874,-0.01293745184060596,0.11539389715971222,-0.054928684106198826
-0.030593294641042965,0.03763586907737961,-0.21056342467731032,0.0037854669746814756,0.04276015417043734,0.2009888305789495,0.09215877750447662,-0.047393021033282634,0.03536066999831912,-0.10450067813868591
-0.06658581606895417,0.040336634077602726,-0.048275460207130236,0.08169348930706209,-0.015559531834426689,0.07748970048619182,-0.08461973308735064,0.12104001478469902,0.12002269768874266,0.0011587305987981289
-0.0824090201052035,0.11494826042454763,0.019126303096496496,0.15129315377354963,-0.021116163285917162,-0.016710512917792637,0.23426427161439045,0.23068061179614857,0.06227611986563581,-0.1273691340632553
-0.16760482543943805,0.07033236467144874,-0.09495406997072046,-0.03921153775517375,0.18612127624949673,0.007854002202683449,0.08802665454336431,0.0700058562371737,0.021305128081261435,-0.07770020725151151
-0.012609142776515422,0.14810197103373432,0.047279248332319,0.031842645738584606,-0.15642978547244224,0.019547783000272698,0.12213572597841817,-0.04479305270429174,-0.0868885004159883,-0.046848024999843085
0.06057080991751476,0.0019717837113258398,0.04439437003362479,0.0861652040936787,0.11464647914893172,0.06786080035384881,0.13922581601203976,-0.07937925494723358,0.17101163143100434,-0.16509889301323225
-0.09570471011178394,0.022343380534345245,-0.07317068877580658,-0.09946757793114464,0.029570786126840033,-0.06666208109872057,0.06550540543055741,-0.05818925750697909,0.0038987400602749217,-0.13639485891479355
0.042878359551399375,-0.005912540989530556,0.14801363908235765,-0.11074181681014615,0.047759866366772825,-0.0401108369279769,-0.11751504470475611,0.12777034898507877,-0.03159877711314488,0.13573753253608958
-0.061708902195663565,-0.1683786377816416,-0.12863643312461065,0.02622075235109781,0.00011009148690257001,0.08728890808051046,0.021159815126168158,-0.0889603313454011,-0.010812533101967087,-0.23574857945466085
0.015795499392300162,-0.136496688693266,0.038725904912763495,-0.02424288640144404,-0.009437815290650853,-0.1972002626238959,-0.055657220467875655,-0.02891427984062412,-0.12960204631457276,0.04185732718531828
-0.13109152526402176,-0.02564098731685411,0.004875970369044528,-0.23564031903335628,-0.04795531245825581,0.12632268992929205,0.06570481347777915,0.016426737778014573,-0.16342449912322807,-0.02516647825297802
-0.013412902206730987,-0.10659802594376896,-0.08716208865535165,-0.08254523728868769,-0.0275874830450139,-0.059293764909839466,-0.026636711283319747,-0.06955823616608839,0.05763216990510428,-0.21161000035405525
0.015783143878381617,-0.2351872458426636,-0.20156248716518899,-0.17640368135733459,-0.12957784855886256,-0.10340522108128841,-0.16179434482474453,-0.06223944481201714,-0.032266634948700815,0.03329333704970994
0.09137463145717364,-0.09007084146160016,-0.1925700877587865,-0.1456253663977728,0.06215538245249565,-0.12212640383938031,-0.020981355732453827,-0.1615651479487364,-0.021427076324039743,-0.17887433620946958
-0.06023799351282925,0.010906731007434778,-0.018908798159290044,0.08985036427910653,-0.02473821259705765,-0.046967286317576774,0.035699970145110324,0.18474200314945116,-0.13581216211786945,-0.25695387962687416
-0.16147281617709347,-0.04077910543669223,-0.3050419649253702,-0.24636392697839377,-0.15065988253973756,0.012083159998507134,-0.1781523499431905,-0.02493024486306754,-0.06327915948200212,-0.055783458665851354
-0.06667963436537049,-0.030639425249345386,-0.060195107230626446,0.13882960336149464,-0.13568828949801623,0.042851016472511494,-0.23581603669565063,-0.0060206584331941315,-0.13391634223185334,-0.4098216796216859
-0.11846024981011356,0.04736563215480109,-0.21983264559031623,0.007447692844627943,-0.1482007910820024,-0.029026002257049023,-0.067524840741432,0.13381506505527085,0.05282428502263148,-0.014969931358342181
-0.1287121513189889,0.09535408970980946,-0.03487165072082593,-0.11620711256280558,-0.024434554672242648,-0.04372370071802241,-0.07986880314848677,0.049044609222117064,-0.1269497610622369,-0.21113231005778793
0.023925139797833575,-0.0324481251491462,-0.16590770258086235,-0.15555819438875101,-0.006419830709851221,-0.28615407792205766,-0.1675390072469406,-0.1905548598410592,-0.13209414253514576,-0.2933519095012429
-0.2754257787676342,-0.01548622940082793,-0.12719064151009923,0.11269645051962418,0.05767293741207358,-0.09529013188834884,0.06085838380022877,-0.04612415115908303,-0.06722941282045654,-0.1690036776606738
0.058438949977569474,-0.01528504649933659,0.0937661744748026,0.019393414301989688,0.08415424043035366,-0.1231096322729154,-0.15900436679325786,0.05666887687818126,-0.12107770155383768,-0.2866309696551087
-0.03893928054653156,0.058257630082432774,-0.24837563187597514,-0.25911524513780404,0.021163203720584348,-0.13995803178637495,-0.03083654003033127,0.2001460485940894,-0.007189827843231411,-0.16648068201928598
-0.13499529126852963,-0.04536279649040827,-0.047073416198586904,-0.11745942500457948,-0.038984015315008724,-0.1769612188865264,0.00793753248670425,0.15207661897930755,0.009691198012824247,-0.08583988760878225
-0.15877619544593577,-0.030163038621623558,-0.3141008164881842,-0.06828026522392569,0.05336487567651152,-0.10211554169003914,0.030050003891264554,-0.18167188935423167,0.006940007879678876,-0.19755051004627566
-0.13732145137865698,0.014944358408499392,-0.06387606624049574,-0.040098256775181994,-0.057342645434150255,-0.27368538964198713,0.07463533568189129,0.06989546376931018,-0.05912644277767291,-0.10718094210325015
0.041150352168792634,-0.09523949120804912,-0.09776400660521015,-0.07601731623644287,-0.17960324712835335,-0.29335598381475203,-0.10822366501607658,0.06740876378160482,-0.11471051495033303,-0.20592736159978078
-0.005117672229949979,-0.23685990585474173,-0.12621594027154295,-0.017718320207497102,0.12098825417946785,-0.29951196031832056,-0.05155490280709958,-0.022597541681258593,0.09815674027122254,-0.12389145304756609
-0.11313453161431715,0.015768768678519146,-0.04291193581339021,-0.12683418604978536,-0.22622164051078392,-0.349833669488143,-0.15537373503271498,-0.03304748327152635,-0.04404171590710495,-0.009790322739305482
-0.021774950642410057,-0.06811664460874065,-0.031603871131080194,-0.13431618434383594,-0.3131532103279525,-0.24939413440647148,-0.3158368479554108,-0.14219366852071924,0.056415321120293294,-0.16773801112020612
0.2090226607245544,-0.11801756103985703,-0.13890549662968302,-0.0653745786883983,-0.36414590350318815,0.011310980085955366,-0.24802992642174024,0.024004087241565192,-0.0893673273082897,0.07900036173528752
-0.1660985540672173,-0.03624253084379319,-0.017077347434808356,0.01813893210500967,-0.008163906035012575,-0.1444126191452974,0.01538704917588557,-0.07225202072409159,-0.12030064249185,-0.16456379957789485
-0.04914159471676278,-0.01685392145578704,-0.04936477746945634,-0.1419781435924751,-0.058802123764966484,-0.1959597492888172,-0.049507380085530885,0.04525008885090102,0.07377761949046344,-0.05131207330838555
-0.04937264063533968,0.058521749954962135,-0.05917198198632092,-0.026245215284993215,-0.10514413369458961,-0.10879151887316463,-0.1495152369719204,-0.030572294056051493,0.06509281779933439,-0.11170788555952993
0.02697931616978691,-0.15596065920091873,-0.12487578855375292,0.2170801857728145,-0.13413375944409445,0.03216037909795365,-0.19735510614663576,-0.05304871865326189,-0.09141387708666676,-0.042502382583645686
0.07083621538443675,0.054696140802200165,-0.14170645105267726,-0.03044141067830168,0.017979883594029272,0.06377790680297711,0.05494798462327947,0.052599217693927156,-0.03380004842363995,-0.01127693081785873
-0.1412710665765056,-0.01424306624269812,-0.06441394222503011,0.07465258758174369,-0.09218454357668818,-0.055426655227211526,-0.10074780089427628,0.09775698719075078,0.05193039165691434,-0.12678076231747967
0.013588559484940442,0.1805389100900744,-0.1675304237161111,-0.09678387465869855,0.10755566254722335,-0.0722679318984043,-0.1597788434680171,0.1770513786386248,-0.02267128118296398,-0.27874599874117617
0.13988517684911908,-0.09621650182430748,-0.12105137924759327,-0.06075841288669614,0.14663542245908212,-0.115623200610499,-0.06708182493690285,0.05735991548881666,0.013529473737475654,-0.2544993980367569
0.038231830550077534,0.10865808754703332,-0.09548790548312973,-0.06649769715656502,0.052246791370779574,-0.1401981127504211,-0.19478794442516634,0.18253916218425043,0.01979768413712979,-0.1559477149009021
0.074711432781039,-0.06428933874211451,-0.09779532877708519,0.010627397545816951,-0.06440784979882172,-0.058902867337592146,0.09871755215570097,0.043959881234613474,-0.08129858344534396,-0.01623782458749963
0.031391331478831996,-0.10903244899349364,-0.06357966950693815,0.09469601222512175,-0.09771775967554538,-0.21218492586600818,0.23508566946898518,0.08151201419607784,-0.14772042647126252,-0.06779137946072536
-0.08337629390435038,0.0713461920647583,-0.2770536062247203,-0.1977198407339098,-0.06357536411323905,-0.23586489168328548,-0.14328698790111927,-0.02811557366036395,0.05009055984898969,-0.08814301260642754
0.02577105772404384,-0.0053930686276861504,-0.11792835100095389,0.13667677837635353,-0.2375513342071678,-0.06948456273875558,-0.0005556224445289887,-0.12316009497780075,0.011511364669840238,-0.103911385243818
-0.21364908909577107,-0.02740560581791696,-0.07280632328074416,0.19732418400474422,-0.259062668146725,-0.04122184154063817,-0.004407148815415991,-0.03748972697155102,-0.010390120345389327,-0.05873866792213144
-0.24240368570660387,-0.050181554354259215,-0.06753591402265961,-0.17472821980083594,-0.1895875839007466,0.08446427909195636,0.0003200245859614481,0.1177370874322067,-0.0516593130939864,0.1006982561402714
-0.19675082489169496,-0.05304751539950514,0.042936501282665226,0.05418721856814701,0.04407615843811122,0.0039799152545925,-0.10478910262777322,-0.08182825648234499,-0.06760420908048896,-0.22482648103109182
-0.19586729644376544,-0.14766258643095728,0.004516643485162883,0.0792831793450165,-0.03273873549214923,-0.06359978347379262,-0.20698123747754849,0.011133677012642743,-0.04461845111331872,-0.17619464540641067
-0.15648186466852837,-0.09782409738205948,-0.06437475772608307,-0.006435994733975693,-0.08806541920169697,-0.061590385370817735,0.15507070421651759,-0.1094990776068614,0.09522523363533528,0.2355991030906137
-0.1672608735850628,-0.006049924452799851,-0.02862108501939715,-0.14188038248996387,-0.035966091393946575,-0.14696620493116933,-0.015578341268803796,-0.24080956125363218,-0.1172637266605313,0.03656818837566536
-0.07602436620016993,-0.00784339429531461,-0.25528888119519655,0.008600528829917138,0.08907007491273723,-0.1640710206013669,-0.08556684986906511,-0.028268372843273062,0.00537049723141271,0.24822610831886394
0.00992744897880675,-0.09444396256132473,-0.019227995343608396,-0.046221431783581374,0.07110757698272306,-0.08039066557761723,-0.13135519114118382,-0.19277588656666925,0.08561701474563249,0.16823425695851446
-0.09810701194902859,-0.06779606260191544,-0.02157529950686623,0.07311741680898365,-0.2447440066421695,-0.024436664086014123,-0.19620943940218175,-0.18659188148292077,-0.16363494663434647,0.036631879566237896
-0.0014883700321876234,-0.006747904079472608,-0.14765533700210526,0.04507289663366382,-0.055059642573942955,-0.0018248360332185493,-0.08284515670676491,0.03217464157187777,-0.13161927010718108,-0.07114868261576626
0.020226284156751664,0.03917207935562644,0.14087358591550436,-0.02688346419591454,-0.0747316861429344,0.015910297905850898,-0.06552122062600618,-0.08588749313755387,-0.19905335917451678,0.2362979260046314
-0.08481906919060275,0.22299290162033059,-0.07193424598534012,0.002507656593541137,-0.003463726416635629,-0.13651684096282712,-0.13691684377147015,-0.03374063372010426,-0.043255411558743045,-0.18014834705276944
-0.042083000320340236,-0.026424173436899043,-0.0004134687798168224,0.04205129837293677,0.10873613626007023,-0.01789498133080359,-0.13252766092073748,-0.20737350268588917,0.022646353687059806,-0.14796205688594413
0.012007031992600847,0.07804457474399006,0.02582861885901761,-0.17553615379198864,0.031300073014807916,-0.1387494726640807,-0.08824186777863008,-0.09118004566566039,-0.09945815835093141,-0.17958389157614846
0.18006447586970142,0.2788732039726576,-0.08933827102880201,-0.16449744895696292,0.014192494078421908,-0.11614725650982571,0.017899686168509454,0.09776581551693736,0.15444781835399998,-0.13596189401244332
-0.08745417403759567,0.18446153812442737,0.20612476892948411,0.08324326614299027,0.09228069925927812,-0.18984402239913037,-0.15188154924893885,-0.0011707678525917226,0.011493080021553517,0.01884173865738878
0.2557102476645239,0.2456169856368738,0.003689199030632938,0.03007026473123799,0.21667099004703072,-0.007620301751266831,-0.1527248989802457,0.06879766338207985,0.08403259231587618,0.11575301163345286
0.052197940254817124,0.08266746261587885,-0.12707645385473434,0.07872732633762626,0.0038351264192376527,-0.003475147838987787,-0.003652481576599715,-0.018271812309324828,0.11076883872561716,0.03399527975540653
0.07402422070970527,-0.003616529478172509,0.1364937439470599,0.13670755959977587,0.14518771940205358,0.02896217826307534,-0.08589249837317627,0.21206520800970358,0.0667257806773946,0.06350935726354173
0.09140307075164611,-0.010619366044246306,0.15269408617746816,0.048213073112870694,0.02357297048499192,0.08315105789990726,0.0352688151919891,0.2353891585151961,0.07707999139973648,0.16098208450776322
-0.11587141971578517,0.00809472568029624,0.0149421768360231,-0.022069615912852843,-0.060842067423780774,0.018683912889755308,0.1407417292118816,0.04059621485382987,0.027462368889191905,0.29431197248523344
0.10920996821334329,-0.05016615812648491,-0.027881933749171556,0.16529107889517936,0.08152961590748288,0.17609287115179167,0.018338396352440403,-0.0002444762470115158,0.03741268185033396,0.23951718071814207
0.1770156859580814,-0.006078693062796202,0.13948038988744896,0.04115090160670114,0.001373352037540198,0.1271731482434099,0.14882132471666498,0.12207204108194708,0.019745890068019786,0.22231945407679565
0.031153362136156392,0.08472445862621178,0.12027041670893336,0.10234371120151736,-0.06056760611165952,0.05391420110531293,0.16244323971641655,0.15869561504860133,0.00042181536115520196,0.2639673964558541
0.1373946447883406,0.11302353516409346,0.20011784978357347,0.2537193195867758,-0.1408531010445307,0.18940127873128387,0.09860340837653389,-0.01382003029447744,0.06617842874223051,0.007671924550054249
0.04605272271588992,0.03172623605415788,0.0063180070431467505,0.040022885500577435,0.13105299244991164,0.08018948474864046,0.10386620051560533,0.06199913198014771,0.20330001180020096,0.02749819096868915
0.0063801766481888025,0.12874980472586517,0.22557543413143083,0.3472737874466668,0.2000731142739078,0.053514971293082934,0.1433754461764256,0.10727070009960649,0.045022062200930996,0.3011302477019396
-0.10070483900557937,0.13777471856509604,0.13551864440210032,0.29096208402186546,0.26030006501467967,-0.11427070127777002,0.1100374111789929,0.2582985350971644,0.2808262392318869,0.2365621198244014
0.0699203446048306,0.061264142959289655,0.002916372170749304,0.45723936208968596,0.0017136314098304267,-0.046545060312023795,0.20482056749680702,0.033090074968178916,0.2542093782501259,0.13983984550609974
0.0065256703416800566,0.21738908477569444,0.241999530866563,0.2616417038319248,0.08233161772760969,0.10507664631596185,0.12214530539466353,0.06501908750929015,-0.0022275212231721297,0.22387162873078864
0.035959654171636976,0.09831851801865976,0.07293011224533434,0.0979858522556068,-0.05494210756052033,-0.09339267758787542,0.14451320577939852,0.2472186452989233,0.09421239261559773,0.1189008281127713
0.01965813308147152,0.20565187408452335,0.06295117781455681,0.2885239990623185,-0.0637428064165648,0.11317632995212515,0.30428683471768114,0.17204027866994634,-0.04033813213942278,0.09783670141103099
0.21488136150956716,-0.036244866937725564,-0.007190550335544388,0.2959473865037841,0.10432740479184224,0.06857512535242948,0.22572312145510162,-0.05837922439239532,0.07312933959793241,0.1674559351796377
-0.06995567419810864,0.2780117998313452,0.04692339324753669,0.01965151925762526,0.19304743841834265,0.029096415547159724,0.3238166956343121,-0.06671821737574807,0.152868723787492,0.08929720158570262
-0.025350447357788068,0.27544064083333664,0.03996865277911131,0.10938368254838213,0.08741182919863134,0.009942678535778474,0.0870329346542532,-0.13405669855576552,0.1956554694389523,-0.057595273877709324
-0.1686111338781403,0.2083755786274146,-0.04345331900401059,0.15622963466923467,-0.026358142762471698,-0.054428651150464274,-0.036717609816021624,-0.20880889698305594,0.14323280088556356,0.06118909553753882
0.35283178019416134,-0.11372072661241298,0.08012706975074234,0.15032535596105576,-0.03548662861550759,-0.009852600805180436,0.1707103476584107,-0.20897800387440268,0.10712695625834505,0.15736754203340625
-0.04316989521786759,0.18163652061260635,0.005839567688548493,0.12578532350560243,0.18885328974321874,0.05044520163371588,0.08623531229828853,0.15726774710168734,-0.1597358799316246,0.09902483628181488
0.19791774179506239,0.01718444010765563,0.12818126037496508,0.03366115795893883,0.13635383764731057,0.024127163805631083,-0.13256519539254083,0.15815122683466235,0.18985618700058576,-0.08734874972516851
0.06562992004354345,-0.006013548329142748,0.121371115699177,0.04179087338107642,0.15816541718631671,0.14584729402982424,0.1090873176546871,-0.06688783004960178,0.08516238680449326,0.02049397679219426
0.31390693572456946,0.11397719021176789,0.06017666534955236,0.02526818071052571,0.029400079936258712,0.14469066038160322,0.16638378982228783,0.1525743778183536,-0.14996627954793318,0.15013008462916608
0.11684022981169954,0.21508265039287655,0.2521269515988896,0.0207438044052699,0.18706609449728634,-0.01476933512588001,0.1499696028227712,0.13159832951804384,-0.08812136495974668,-0.02024998077640701
0.005175013899069464,0.08646380352708442,0.01833060084909849,0.13842033612819182,0.1494550477029255,0.12886625578397473,0.0501603118460892,0.3433268153259233,-0.008800376410382865,-0.132445617345328
0.12994137852298418,0.26582321286032895,-0.05771677642187789,0.10843669911241761,0.1294341366876519,0.02416190098911264,0.25122069489184107,0.08647176748168946,0.13306012527100197,0.03240992751824825
-0.07463407130004461,0.35112386988655897,-0.05386386887502709,0.09068410916730894,0.04980815953608918,0.07083864849913926,0.15983630405761273,0.017934886452877358,0.15539723130874283,0.04570090797093786
0.10338274293378745,0.19064236909678067,0.20870483125006917,0.07192531346554441,0.08896928011492236,0.023116981116169444,-0.20258638817595967,0.1579553075852259,0.177815770863669,-0.005173241781755664
-0.03873140811232044,0.07673479694991364,0.19557215487168586,0.19497585440267978,0.06310591592404881,-0.07933708269405526,0.05270619119942767,0.019782449621244494,0.3078279397642367,0.2263110064479073
0.26057394158717917,0.040524475499209865,0.16966670257892968,0.24599160084292868,0.09485782679025466,-0.02858167777592941,-0.055511776098031776,0.007635251449447308,0.24549852495217844,0.164990461024347
0.13603787623401312,0.2775839728641113,0.20063524950787626,0.09090555146089636,-0.006315554678258936,0.10944872280396346,0.042494438592915594,-0.004762108752412841,0.12004174085008214,0.40652182473640636
0.2253752656246087,0.2038285322416742,0.17457903130258845,0.3500657242605944,0.025801833972129182,0.21891375469027372,0.08783402474259759,0.10195752068934491,0.015027429027614198,0.37273881681617166
0.11681944874696713,0.03285273578187725,0.215783918815529,0.12869944813675788,0.12937816224633605,0.0137050444810774,0.22662330909744172,-0.06597990519715222,0.08517572820620047,0.15271943217168432
0.05353483764694161,0.18529636028495264,0.305120848808207,0.1435708144778424,0.21938429943392967,0.2473225924365267,0.1606132271459474,0.13352005963215244,0.06189772141833577,0.10343657313519869
0.33344451081497317,0.24730752017746582,0.39098355816655056,0.37560769491548074,0.14506311331450167,0.2764116870264234,0.057125861195372815,0.0684108052507842,0.12640330294946595,0.064586581408798
0.22132182563250385,0.19119202897208565,0.058740342977819576,0.12224255360856248,0.10462837173344697,0.09770386065987394,0.3023858140489557,0.07654934936403754,0.01087955922125941,0.1589045271543588
0.22925653470573198,0.24828534910971967,0.2565736496862738,0.2903964498676154,0.18098575936968192,0.26861789896946164,0.2497734456903709,0.18471434040650173,0.19124450938013832,0.03801263853600079
0.314413879693737,0.31994568574483795,0.31947365394336125,0.17481776206912503,0.3945605460442949,0.15192020873079093,0.10432595544112812,0.03961984541506783,0.20116932593721318,0.05511799589701408
0.22162481017053762,0.28352647261033964,0.2982820877391984,0.3027556055256252,0.21208838082068684,0.12270950167577664,0.18626442064604531,0.2380637908640847,0.2617153347088756,0.2070147322876139
0.20295161826160998,0.12759198071795574,0.23055902482483773,0.29534040101966724,0.06257206147112049,0.21177222594684686,0.16889418318723695,0.243635622765047,0.18055910967121133,0.11233982088552245
0.23834860146775308,0.31121720862227864,0.12993043974323681,0.14294158947778424,0.1546854330809582,0.18582051802034108,0.2087889836645038,0.17557911757806377,0.2003491716163566,0.07850151859223771
0.15824229102293952,0.0181111695361319,0.3274282610586577,0.2924949261999863,0.19473794221000726,0.11906571102494666,0.13160115264865235,0.2121481948112421,0.3288815568628207,0.11958588528660538
0.1523474227853054,0.3488078298942229,0.08547054986871386,0.12497930599866304,0.08958332412348562,0.045706082434388645,0.08227627879839837,0.18679460801412556,0.12304335815509229,0.2716994322103366
0.1266400882834647,0.23210660099548241,0.021444826459606825,0.2564193353515615,0.1576667822584695,0.03658003653900177,0.04529916816536919,0.13277231537652037,0.4114182311549312,0.21882980923042245
0.17305563537180016,0.3562062381289501,0.08603370439031177,0.35146776745300634,0.19657219219630395,0.21467618248634063,0.14256094277301457,0.04018165120409273,0.07468152161920852,0.04158301124104857
0.05321651418092173,0.1557353064907722,0.15269348930396337,0.2543488857743535,0.05093619405002958,0.014987686614780435,0.12360845693425218,0.1411323057837569,0.2682591491496786,0.12168080192662886
0.011958869309692755,0.27327625745011,0.12616010887120818,0.29974689547514294,0.0973943488286941,-0.016568218716403904,0.2575049114494785,-0.05128182087542185,0.1411583551317157,0.23074004180720717
0.07743148812446417,0.18950323818799572,0.153896730934063,0.07470926120503765,-0.052116340859647586,-0.11378421370224794,0.1356643958376214,0.05323779528550134,0.204548975578899,0.1782014542860642
-0.01021911284235029,0.10322073812694706,0.17580562197490546,0.31662095046899297,-0.008429942490366507,0.08327574290255359,0.22656629995743438,0.05120284756885463,0.2538611126704686,0.16776089348772288
-0.18882738413189892,0.18112380474569256,0.29494942750541,0.22241761677534425,-0.053331927404700843,-0.004046243290021019,0.051451885049042356,0.13425109532932983,0.24947856865648813,0.20336682101913328
-0.010218141022577426,0.13374659364656766,-0.06257959011952463,0.14677117163551676,0.10113272344744464,0.090265764138149,0.03342457725373024,0.04863782950641974,0.19773950627254913,0.1128938476894999
0.044417418649145474,-0.0736890773979785,0.01293078052948149,0.2533891379898363,-0.029093091741959766,0.18312142258721556,0.030607487096854666,-0.13849605682555022,0.15962654453840233,0.04734449055449072
0.02124829899467665,0.10129398613981574,-0.05046574379755925,0.2160314545418987,-0.09773339664851546,-0.16022072291156772,0.18989050149223446,0.007413959350940774,0.171600438754202,0.056884443491205944
-0.17242983843403203,-0.04510054543139329,0.2829700978323055,0.1956769593788314,0.056021527987905495,0.10822019380976726,0.16127003351829583,-0.043544476365039275,-0.13026052144215403,0.1329790647915396
-0.04547365519703435,0.060004068029305094,0.11106538441127162,0.11423331448281857,-0.0497441247582253,-0.012636188361930454,0.0742779974161415,-0.06567238622646701,0.13458109188294157,0.06048949909601728
-0.13432861932288304,-0.0010069813302640424,0.2245191679645958,0.1867045730726782,-0.06624494449960311,0.04454357844848933,-0.007786400569115878,-0.19953632868427967,0.022224318223764875,0.022858396994875012
0.07219903996209592,0.0838956013021473,-0.029164118397208463,-0.037229884826305126,0.008894472656662388,0.00997663698259129,-0.031427461158657785,-0.07594993125153232,-0.02050341910816427,0.08752243916586526
-0.004692853974395266,-0.19709182272296782,0.12486055498326,-0.05237894631008098,0.03998549989058514,-0.06761237131649618,0.13679353776655961,-0.17245980028858707,-0.13805037167330156,0.14718925489125326
-0.16242626053431852,-0.05056115873885997,0.10894216156475514,-0.00563833060299807,0.022237069632394135,0.014774523206996569,-0.02233291713760223,-0.13043845722824837,-0.02595107884748242,-0.06414035288429372
-0.11061507997273044,0.14622292059096897,0.07840917085457688,-0.2666914785616657,-0.026071829672878123,-0.10354115838782212,0.007153007518748804,-0.024108405888666362,0.08185570495741873,0.1530781608738969
-0.12776828565144638,-0.13423526508863934,0.14720522824321708,0.021630671738532628,-0.11449847555215753,-0.05369892919315532,-0.06550612886841312,-0.1356960085661728,-0.1130603930009348,0.1244796359893798
-0.09213075926126935,-0.2137210966465208,0.0686293744350995,-0.2087761990618405,-0.02796713851345302,-0.1795822799489421,-0.14379172474902077,-0.1808188480790589,-0.03847115783587767,0.2010897638333347
0.18914886669501957,-0.0335817159781087,-0.029223866350248817,-0.16347704933805443,0.04254970181422975,-0.07867498969009529,-0.07849068436133455,-0.08534995889748051,-0.024069212897413296,0.07953022914440874
-0.03820736678516124,0.0025894326429143633,0.08180150071683542,-0.17907105092696263,-0.03990639622818812,-0.01496772959352441,-0.04794055059921676,-0.017153696418905143,-0.06409064044928847,0.20532459994233804
-0.04404751092321495,0.18436951234699694,0.14392967149900665,-0.1418701883849272,-0.03627086725672139,0.023759808203605383,-0.1269648858151543,0.008753867147281269,0.1056070427604049,-0.09255063416993467
0.08043712924969165,-0.1439956089538921,0.06021587397376121,-0.12541353347251197,-0.04035981009966254,0.15119574752013445,0.061417634060577514,0.09185424419476443,-0.01631814588611983,-0.015308210021466186
-0.18517425758501038,-0.042808539158287945,0.3011017938895357,-0.07961456354858783,-0.025515522239514206,0.10383447153648542,-0.0691345458447847,0.08093868970084574,-0.0726841502503427,0.08891334511727042
0.003002960122345879,-0.1751416462245921,-0.03578676433380869,-0.06980419336225058,-0.027931670841362437,0.07503036753561829,-0.18977825075458954,-0.010132271850575997,-0.18489728447517692,0.15334109679677552
0.05533232456546418,0.05259217817908102,-0.10771215750708964,-0.1747209029436339,-0.08696664360508742,-0.03428876993101072,-0.2060378454306723,0.09092083348184346,-0.20852171588386081,0.06276375192449951
0.18806241456961648,-0.2446490636569061,-0.034795581138303985,-0.29232052520611884,-0.15400774589875788,-0.056009399435731494,-0.00131622696496074,0.02713157298241775,-0.15070444964970203,-0.040171462017388714
-0.012334700814090212,-0.13065684114320625,-0.02196178958812809,-0.0978662513340409,-0.09860072789088078,-0.003963457248561324,-0.008280529388275573,0.0712741834803314,-0.22066645396429635,0.017378604031241966
0.07851781622644362,-0.010706435757750044,-0.14368897626521188,-0.17727629292629374,-0.001645077728175022,0.046154950485961535,0.09273304644835262,0.16440384858972457,-0.0495012613974582,-0.008649959109273825
-0.10553446743599225,-0.15010578230984345,-0.08942865133317562,0.000895337331159346,0.018684107919345227,0.07993741104647478,-0.04103720317478349,0.09818958615621587,-0.10503934650579894,-0.21248416370716622
-0.13943151016342686,-0.20084396551140882,-0.08882743084801056,-0.13889292172181383,-0.07129333855625687,-0.031405096591546465,-0.08934882249708206,0.08189989729411999,-0.1803413435981475,-0.08620593531438886
-0.08419853955678179,-0.17272570524591951,-0.09240002457178399,-0.10884228551482229,-0.061859039835285304,0.13425553662967352,0.0030030835434022712,-0.002949774486108444,-0.135541854374708,-0.010799419923058329
-0.21489114280047183,-0.05776767025530098,-0.0912945506312955,-0.12150475606380348,-0.11904545821925255,4.5023713729892834e-05,-0.006475212205613845,-0.21747443995282556,-0.1521523494219567,-0.1219676619798408
-0.05520905002964566,-0.22623561352895166,-0.001560950276923198,-0.2232965734165378,0.05034472929090435,-0.019176418799659346,0.05457774776291516,-0.10587086785836544,-0.0713758597539098,-0.19513436718273855
-0.11246597903795316,-0.18835078752671042,-0.03312726359843002,0.03327557710189649,-0.028323747995336608,-0.13765552803947362,0.03687285709797482,-0.126674607932098,-0.17071478980946378,-0.13016551655874964
-0.10331995983153926,-0.11676291791009143,-0.2249855374424839,0.03921232918359405,-0.07471635158808804,0.026511328712825036,-0.1162251416620571,-0.08246822471259252,0.023210422802842023,-0.1216569523226074
-0.0017942490984526605,-0.11648484814293197,-0.18152833668125648,-0.16581505245676678,-0.16055155896059356,-0.004627322498169065,0.00891680376481429,-0.029842929063932967,0.026357001711581937,-0.21292973434539575
-0.3073892591453109,-0.11024490198646128,-0.1541357678029231,-0.1430975649593818,-0.06929383891780502,-0.11964726495498362,-0.15794418716861422,0.06270128735106795,-0.03337100392674316,0.13364496283876404
-0.144076848108082,0.16536876626907682,-0.25572092200427965,-0.17514531795361007,-0.06224551030595858,0.004524031789995775,0.039843478662707724,0.006703165552266313,-0.09801044722400568,0.03093417269326107
-0.21891475679568123,-0.14989366270202142,-0.14207088906971982,-0.10436599841394273,-0.13691290777169635,-0.15543772641337578,0.1184891652781477,-0.048947076915178245,-0.2089310317483359,-0.030837194871373513
-0.3166735730345738,-0.19017198821920417,-0.12321986660150137,-0.13258130088791456,0.0017446428871953634,-0.05552715979240215,0.045816140998910376,-0.14208901877353014,-0.1121397708649514,0.0562638444203908
0.09120828132432549,-0.21300928102596273,-0.21953284744403326,-0.15672812493803093,-0.010291334666434275,-0.06457829018637756,-0.04114807099061126,-0.00337791163264331,-0.24369952679206353,-0.17236825945153358
-0.1783822367450879,-0.2083455743960106,-0.1598735385926194,-0.2969940439548174,-0.22086218012045877,0.005326371161501281,-0.05873122817075892,0.1546654568510119,-0.009480485259099267,-0.21136893138327895
-0.19026245422309693,-0.19812584095836178,-0.23987585628921543,-0.27472543061402455,-0.19166508715052405,-0.054350101330213514,-0.12374136532312376,-0.0009142271293392651,-0.24511832895657049,-0.1292022062596369
-0.03708329730601227,-0.21282580801283307,-0.06639877207860517,-0.1413435596673445,-0.22825101195476022,-0.01871213298539673,0.04652554107285045,-0.02870108187163662,-0.13474952567410325,-0.3096942115698317
-0.2890832926000608,-0.06998453884088182,-0.21531181347207795,-0.08864472983916871,-0.19506119750616824,-0.053529658774833795,0.021223126602100045,-0.17816325366471028,-0.2603010553794957,-0.22365254618239985
-0.04266867639846118,-0.0492873829201244,-0.024136641299975864,-0.11565895501085294,-0.32812949152859694,-0.12243328992306897,-0.1440137610920798,-0.11913640315358451,-0.08690855827715174,-0.2457927001716153
-0.13367982587300523,-0.19708491069475853,-0.08277235281176012,-0.14402982106594653,-0.3458184304618727,-0.015585721298152347,-0.11917835073422443,-0.17114367726375923,-0.252495853052583,-0.20169335709806852
-0.26748682088591036,-0.05350778709401194,-0.2907000726035489,-0.21845885100471496,-0.24635061125872953,-0.09336286951650935,-0.04239240355738892,-0.2418982166317074,-0.19721717763940846,0.04590423377969596
-0.13537892768740695,-0.14329458931366781,-0.0848777181297587,-0.08263888264767641,-0.23333433312544566,-0.29470401901294435,-0.2979651970109152,-0.22173269776252585,-0.08472092033815029,-0.12099528289929343
-0.2690836261261456,0.028928157450012176,-0.17826074509006531,-0.11276069829752919,-0.12260281436566581,0.05863025274430586,-0.042312636409795434,-0.13438068805195635,-0.09271260786716634,-0.019734273245431477
-0.24108036159186902,-0.05921791691646669,-0.10483323094728735,-0.11891115115400826,-0.15016334732734934,-0.03678616191633036,-0.11759541988604995,-0.3117785587112466,-0.3070504010513416,-0.20068611755126364
-0.20967274709334016,-0.142268511421144,-0.0748315180957734,-0.06238692720412366,-0.1352221994124895,-0.08178356018612878,-0.2288333754446602,-0.22921461794077394,-0.04041061360792213,-0.04358595435075481
-0.1227516067443341,-0.2249463863553428,-0.17211374727406437,-0.20841878906918998,-0.09827046765539407,0.0894912257827318,-0.2001789605236442,-0.23289868603412603,-0.09824566827048009,0.018554489884286388
-0.13445517082643552,-0.10125274919148197,-0.2502006350975954,-0.25033064557057283,-0.1666019560924133,-0.1449383830040455,-0.18508860499533475,-0.10915199697804705,-0.05671472325679794,0.03994467009113345
-0.11578001608760224,0.07509323550766714,0.008770836127514739,-0.0679172139306572,-0.1653854259374744,0.03724837870077305,-0.1793926199644171,-0.06608875795520983,-0.05121577062984482,0.05820340779514757
-0.2000954904697754,-0.16162068723788833,0.09942419934782933,-0.2990170582110984,-0.07672153855576373,-0.10431471759197497,0.015670917874499007,0.07544635391918424,-0.21283536979789494,-0.10444517391311273
-0.2433589618863499,-0.09275665124503217,-0.1407254256026502,-0.15888969376053982,-0.051839317102455915,-0.1312682394859925,-0.08832004876152137,0.06108971054939802,-0.11100745795888858,0.06765335916658029
-0.21820126034822465,-0.10415481990006131,-0.10410660953528511,0.032430544799748495,-0.1069283500897123,0.008200595560307639,-0.21285853268475893,-0.24125686410046743,0.05846979048048534,0.0008668856854834109
-0.11007619485954291,-0.09068296185868835,0.04341780272116053,-0.07188891019236104,-0.15722204593828404,-0.02243494397656605,0.018779474902674773,-0.05039742318188482,-0.051207021926655105,0.0875625747921255
-0.10849305809471016,-0.20469596568143786,0.041282318724839194,0.13177291265520608,-0.25572479250809044,-0.03683396892801774,-0.4271773877198194,-0.05295413341205977,-0.022965537461031006,-0.12865287892032787
-0.07593777938677988,-0.09311649723126217,-0.24545251905007193,-0.1292800198800893,-0.1298541656573552,-0.13912449082075884,-0.14861285844545363,-0.14572666346363622,-0.1918043548630564,0.12962672409749337
-0.190589900343887,-0.30607863329423135,-0.0007986932867678487,-0.2553465433394908,-0.0052858776923424555,-0.058291727096770336,-0.272176501576466,-0.212458578959762,-0.045443703824584236,-0.14508637162968954
-0.19646601920392281,-0.015766356637906737,-0.07026004381187334,-0.023977558244754102,-0.1468171490441391,-0.11068661416350899,-0.29335599454848327,-0.1123342867662798,-0.15936023183521839,-0.06703643559455313
-0.1368915294978396,-0.08159932520056085,-0.15608837141768112,-0.029873231809777828,-0.21812623614988907,-0.14013229379434788,-0.14857806369705598,-0.10104747100568867,0.0016807011611210954,-0.1881427450281118
-0.1689665200733249,-0.06648016887772693,0.024950503912259545,-0.20623433528366525,-0.05664968478665759,0.03396352775186712,-0.12761782689389164,-0.06739562397248328,-0.06604447709582342,-0.06955619880855435
-0.2662896290866449,-0.0587129143595737,-0.051214398587064974,-0.22890108699441566,-0.26944902338890847,0.03152832085820596,-0.17414672901927664,-0.1269192745293382,-0.041852450620349674,-0.16246848962294938
-0.11370328136225108,-0.06699555940854313,-0.10854538021948971,0.017600453174298467,-0.16568742834672706,-0.1614063315505119,-0.03690886491971819,-0.13977872415970527,-0.05170582593286564,-0.12969091566299945
-0.2469649033111391,-0.18858956742131425,0.006319812514042331,-0.04855332466491814,-0.08289849308088074,0.07837485710587636,-0.06101113199551193,-0.08749732398375695,0.03415941484839241,-0.09838305165005863
-0.24994517145847484,-0.061781791624609415,0.006653934467117373,-0.19635269321571916,-0.08863132234674062,0.03201428370127091,-0.16820256261464417,-0.13965802607943772,-0.10991407402653933,-0.13880239972067215
0.013812650391781145,-0.10875245114520231,0.06921311869892621,-0.010080826492520088,-0.06973904254087748,-0.004838083685771932,-0.13417409836632943,-0.07085748182688247,-0.3510611153993271,-0.1159117239344099
-0.018306597149868924,-0.01259445509516574,-0.10319635913826802,-0.13061422207871726,-0.10354691507347902,-0.01253381231476075,-0.24919174678604783,-0.21875580125801475,-0.1657855752471419,-0.09741053820904051
-0.23164434204781226,0.050345581495943315,-0.026358276249681453,0.008229313621349765,-0.008769444537699136,0.07595505682692494,-0.029909347119813787,-0.1795589987299319,-0.04776952628777853,-0.1715876728482112
-0.07487954391682189,-0.07823874542118829,-0.1968708896792825,0.09910281791391326,-0.11678291771939889,-0.013450421331918526,-0.0392537176984393,-0.09950570187093445,-0.18157791359134753,-0.2117792164277602
-0.0740869871288729,-0.0011571037881400945,-0.02538052876287883,-0.13115917549273615,-0.10644346222802023,0.02681408427567087,-0.10742960840315142,-0.32575877089783567,-0.04309755674746966,-0.0610316392415429
-0.10324438840900674,-0.04248708966784426,0.060241623863089594,-0.08254174322985477,-0.07803090634027901,0.00911134743832065,-0.16804566787986325,-0.13671185145226306,0.0681392399605072,-0.18017128276086608
0.04765516872501577,0.004427813314802007,-0.17827507768459333,0.17504074472276934,-0.014641900701660202,0.14373401662179558,0.12915442964884355,-0.003668160354458827,-0.010786903362466772,-0.18677173614183867
-0.004888736441356921,-0.13774943748002494,-0.01761898827090476,-0.047105717270010436,-0.013330507404704761,0.06339340308023325,0.08192916004191915,0.02298685476518119,-0.03882655474919762,-0.2001418199772824
-0.12022910484278193,-0.027852468575616633,-0.15251550819406462,0.15382785455758974,0.0046016211709438825,-0.02521356943288687,0.15059221548175727,0.121999960785907,0.058623101989634885,-0.14565942152551747
-0.26445194479382306,-0.10773546411028077,-0.002626651725539969,0.08464967974209638,-0.054624118917332314,0.016216949098527174,0.09746039708758082,-0.01807917932245667,0.1647803444298517,-0.051171941454719296
-0.09471338326727595,0.21069312336667112,-0.0743611699141245,-0.040698555279255456,-0.08808262841342375,-0.003639087607694165,0.03882267604202748,-0.14772984914178777,-0.002864234350413542,-0.002331909401803202
0.11318552449059394,-0.07900397754377118,-0.08104584000688592,-0.05398106612669524,-0.2740851801691693,-0.040465324747248635,-0.00028715611857461215,-0.08936665066676266,0.10177715029199033,0.12794112597426122
0.13667870447970495,-0.0939892415591502,-0.15824516571317995,0.07440736468947688,-0.04220684495208949,0.015590474790228813,0.0014097908467213469,-0.15182665974393708,0.1875675607252179,-0.06353156985971377
-0.17122804289977353,-0.010388982628940207,0.05311451497648878,0.1362997127170977,-0.032173581382876126,-0.01628350740821513,-0.013287515983205968,0.2704583707181619,0.03222935571962908,-0.0916017854070412
-0.04034167006938945,-0.044353120539674044,-0.12353142412306722,-0.02667664542937855,0.009136721531720647,0.10876201256561355,0.09098160569617877,-0.09203403807925606,0.10076967264495698,-0.04052508344845711
-0.16331450598707273,0.007392099752784483,0.008546671007093068,0.1415510621062512,-0.04018180868317789,-0.014278805740268862,0.10043853729279677,-0.1516900540061762,-0.03357299174683897,-0.04127869412061006
0.10313432165923767,0.0363867001287359,-0.11670283934044341,0.04962995635605674,-0.04755295747446704,-0.19007496503472127,0.07143982030919943,-0.12254785843548432,0.07830201400023595,-0.0686993641848906
-0.026870753148444296,-0.08077246004481912,-0.18739196792889046,0.11274182931878798,0.09235279434362667,0.005409351844025648,-0.19094939676430778,-0.11770351289319153,0.16321034757387254,-0.013711400109754189
-0.034793557881211384,-0.20388131677717558,-0.06405086721530766,0.11029110619895503,0.14659935945483749,-0.21246775487259068,-0.06454206027141408,-0.02462088706832579,-0.01688193364733176,-0.16613402632890079
0.08260755992709688,-0.16477895821373192,-0.192897466609239,-0.0432123690751337,0.02786803835899305,-0.050355278939675736,-0.016350932987246075,-0.031037374592053368,-0.12256432490967428,-0.007033714294134824
-0.18044659159436763,0.031429915829089286,-0.2466443265132749,0.17222625181610218,-0.032147811047765054,-0.12988252688846633,0.0655270479712493,0.0446499493580787,-0.13049762027366035,-0.15502951483473387
-0.10449388780957039,-0.12200016137376593,0.1501608936167193,0.021789092260906077,0.05160232113356766,-0.058634579491598296,-0.11603936233379886,0.009049188019784507,-0.18599075517193872,-0.243022955194935
0.07198391336832903,-0.16649539770554378,0.0664125665689321,-0.12592473115284875,0.002111592569160225,-0.12716383107795282,-0.08022129023346943,-0.21859052837495727,0.073651044925921,-0.13590073565904703
-0.13577655105919992,-0.05192755642941148,0.06365029503868558,-0.32232538508362174,-0.09777832210969387,-0.04566053404258426,-0.0715604292130276,-0.11067430710563766,-0.01684592115691752,0.02857138936241123
-0.040045220781242286,-0.27785020752658973,-0.2741871345969168,-0.036398986913168195,0.030917235720797027,0.00696582247672781,-0.03412631521723704,-0.13664098867665952,-0.05991568429854893,0.1176903928764525
0.048209068836316246,0.02847613243652125,0.0907106110990338,-0.14033108530580493,0.14343199436809684,-0.06699904703130805,-0.04909641375204217,-0.18547519215502375,-0.09272618962885575,-0.0875274315334588
0.12515917581257763,-0.07222100922892044,-0.12176923406593179,-0.09018383199895212,-0.07978629712591338,-0.14213097865140706,-0.22560445118317535,-0.03731583712164744,0.04894044460486539,-0.03541458023621115
-0.1258679915532223,-0.06978790977073536,-0.1785634141414072,0.10191585647594835,-0.05198817644017565,0.02430722496323092,0.044662464963180326,0.07593148052577714,-0.09889762839874705,0.025586972068700392
-0.07099340365092678,-0.05531344331329634,-0.11796834690113064,-0.013273436259751581,0.04776445455581685,-0.07782392726896914,-0.04309260411695553,0.0012167324937933759,-0.026987781153393328,-0.236174166847387
0.029366063159257424,-0.18755571154697154,-0.19319726631876982,-0.13088642297605899,0.007950275665386197,-0.22117007476746298,0.01997399006406925,-0.1982227529029045,0.19605016747583506,-0.030389968734093456
-0.05397535438342257,-0.06380363632364967,-0.005017518380337357,-0.12609691437540735,-0.24804339791445218,0.01940462901769391,-0.010776918900822816,0.017229868090274544,-0.054376141305581174,-0.09404963680814926
-0.16622769947097685,0.041433571348872544,-0.0036666081117297106,0.031589149329260546,-0.061070740561841586,-0.012655790576175753,0.05128595220938359,0.014645395042915878,-0.011968550186771896,-0.2340906704490872
-0.2511910488866248,0.034119502741757894,-0.0551695331328155,-0.008622782956152424,-0.2544578659720065,0.0894396242795077,0.11379914003571266,0.08004808854561363,-0.017611884711572517,0.010346669194632535
-0.305597675636398,-0.08140957331215382,-0.0951202022502966,0.04229291713121536,-0.21286229852356658,-0.08421177186520928,-0.011996210771183308,-0.2624034986570856,0.15307642917582823,-0.10280516032960463
0.06031877038255709,-0.08214859858802256,-0.10303767737415215,-0.12891629579604352,-0.13755980497773584,-0.21256777381603403,0.11615161256588678,-0.2565688884716196,-0.008171081191162919,-0.0458094989554039
-0.07653023242389675,-0.009526864434951085,-0.09697388566870065,0.06549662730208607,0.0882484946876518,-0.24102802858903943,0.017178861674982532,-0.031840672343704794,0.03378914013673685,-0.10823801860793411
-0.21519181521987188,-0.01726151010563491,-0.1712337099913105,0.11762352016929564,0.09901702763960589,0.05408622715736869,0.044631651429730745,-0.12042957101881077,-0.08946945201560302,0.03932181235275909
0.03392469681536231,-0.13702951952194925,-0.0037448706224969264,0.1679364075100121,-0.15808263140562012,0.020069427595091213,-0.061674663008832696,-0.09444065466133232,-0.13158653864384504,0.071832106543833
-0.24969229178112412,-0.05833686332997158,-0.2301162529948622,-0.14413964281130578,-0.11988592787584042,-0.0730737529739775,0.029764173601957714,-0.03855294320989261,0.07572409552563494,-0.062350429429690116
-0.179557126027334,0.0987254395957915,-0.14837452011283786,0.08795507097026832,-0.05752895658426457,-0.05387251799225176,-0.03189353936580897,-0.06308819389240729,-0.10771699729947187,-0.09671994056424552
-0.01624685630962716,-0.09076760225045741,-0.035332348737240137,-0.03096084547500394,-0.0529594904331291,-0.18671028074724938,-0.08076633852281476,-0.09534377190292069,-0.0846832618299363,-0.006660332871778515
-0.006848245098357228,-0.23204643468069644,-0.030486124741866426,-0.04448760599909783,-0.05993476382319291,-0.03586072185096442,-0.07761786005206014,-0.16627152783522153,-0.02082809112212597,-0.03705079005460796
-0.16419965876920445,-0.17315713140033304,-0.18692247860927638,0.17955507799720372,-0.036982603349386314,-0.2711939985204281,-0.012184601424882535,-0.0025651530708809406,-0.1488407010369698,-0.18041838824432094
-0.011822935389878025,-0.0811939528931174,0.04972491088614325,0.10574913839275714,0.1317338115447788,-0.0711808071569304,-0.11326527680900793,-0.07539227454546124,-0.10565981554377113,-0.1397907335054147
-0.07497314103784727,-0.1839943213924207,-0.012437862000099525,0.027464821803100378,-0.024143915909287737,-0.11213376739421128,-0.05584920140558702,-0.20781293070572796,-0.010365213304646834,0.01686302803951828
-0.0809437156491582,-0.09544171846797078,-0.07149296946195424,-0.034023201798067906,0.03754573447110803,-0.2907649931478641,0.016515899593328585,-0.21029196800886646,-0.02416365617623062,-0.11901224042139662
-0.056617917545438566,0.08628629215252276,0.050698001338846915,0.125858521875512,0.01894904681482147,-0.14969522894860623,0.08751557704850416,0.04064778565524861,0.1572964040948423,-0.03363039478042203
-0.11217730250374242,-0.02125799172643198,0.05832893477747006,-0.13986699396973534,0.04465215006023253,0.008146594093183052,-0.14664706098007324,-0.051472289071956064,0.026427851737033548,0.0345384738812702
-0.13093682864054257,-0.02946657881824554,-0.09906787158765837,-0.054807850320672494,0.1605801843142923,-0.02243106826165797,0.15235301409654986,0.007751675306411618,-0.15457858124133594,-0.007397033458354362
-0.016544426125870957,0.0010609363420602674,0.04924962796491022,0.06565019717606026,-0.1846556264694885,-0.03837160296958282,-0.010654214148500374,-0.056777947756606134,0.11714036019563225,0.03463371013680866
-0.14859978959296055,0.013452255053695378,-0.08411376736589311,-0.0907612434259065,0.13070570394447506,-0.08946153756933138,0.16299529247146344,0.06250203715568699,0.01648546550364231,0.04039341144356652
0.0365609990633011,0.011026913645318381,-0.11382970319311259,-0.03719627157102414,-0.01988498689885248,0.006285050558587496,-0.037504634664986596,-0.2342134317580146,0.209088392304335,0.07712586633390979
-0.030165658068410046,0.011397440039704103,-3.884675968264268e-05,0.16345551086932905,-0.011430771888133,-0.074771996714902,-0.24460799925060828,-0.03905561826715152,0.030186374850867906,-0.0002102736622762169
0.13316414245048028,-0.10642509008065,0.0994437168716269,0.17313703043233403,-0.15999126781144338,-0.0033896648292656636,-0.0186013231809603,-0.04463881639913229,-0.04518559532367192,0.2104963516275758
-0.022559200276265158,0.09792741163997754,-0.027687897176411506,0.0032018198936057535,0.05978500667788976,0.065205388726953,-0.06496878019393809,0.19908130140001817,-0.06673359951879712,-0.03964110450148896
0.06032273169392642,-0.002589810043053503,-0.024695755210024047,0.13947369617158958,-0.010704979482061124,-0.03220665168962228,-0.12954930171633217,-0.2288026992692834,-0.12524506168038868,-0.0219530415025045
0.00852693968450556,0.09800783621459981,-0.01248401420980869,0.020467245458566992,-0.011821981841793923,-0.05869497365628254,0.019308869544387836,0.042381261335793646,-0.18852195530069282,0.07312096247466109
0.21795110879985258,-0.09727407808515526,-0.18861975738180156,0.1447604963289185,0.08040485430719041,-0.08425988403841315,0.005917283014464223,0.00954782344254236,-0.178809026524983,-0.10428839334364282
0.018485523766202005,0.036776262264083225,0.007899801307239971,0.046517391832269404,0.03600844552139065,-0.04344445846229379,-0.13385339722804032,-0.1212380909321589,-0.25266435710308843,0.012113273640435976
-0.05232892847661659,-0.05381666189895038,0.09089767287942017,0.15027862237993395,0.18219066215749652,-0.08869764353095454,0.16504532085769646,-0.00983648029801918,0.1396100098447849,0.02811517506313635
0.06856305962472073,0.10497637427125228,-0.06818770895479985,-0.11851865925486356,0.21708180382938586,0.07191768642583675,0.08436248109185582,0.09032897008821765,-0.12776703167310594,-0.06090889797671244
0.18107044154146257,0.07041209545274474,0.1208407690237063,0.10721083356408045,0.017417748930500063,0.08488166492577881,-0.028809206550278386,-0.22184087791733464,-0.046357469391728544,0.15289941594775175
0.15327298163363703,0.038440874462519516,0.003809044708736449,0.007010809799883944,-0.029458838020581343,-0.014891336933495238,-0.042375052689942426,-0.09149478442148407,0.05926708821666182,-0.04800470753747786
0.060529162548982704,0.12707366817803167,0.05809164609785268,-0.12179890625444659,0.07170543706435085,-0.018177295426328087,0.20316754469329623,0.11690240290130254,0.20029183015492283,-0.15857580882132824
0.14758385046770067,0.007370802137589526,0.02518473455342596,0.060960942065095995,0.04451613484772308,-0.03236320094671462,0.07841205050789526,-0.10048712102328408,-0.055958469967842484,0.1965294897413908
0.036547140689885585,0.27907146396637067,-0.053079361501560576,0.00972279998762525,-0.009444588107777152,0.05859443150672111,-0.042179626990389775,-0.03073856526064979,-0.02011335439389856,0.058396143085979346
0.11302821716964415,-0.017222990166938332,0.05386852733880029,-0.10704701197731063,0.20251464632081223,0.02057944333798662,-0.014215481558557033,-0.09816556731518869,-0.06499611526180728,-0.07963375456165474
0.14605305364375787,0.09899436882843907,-0.0001471121714224713,-0.024984011914568546,0.12830966784329592,-0.01227458822655858,-0.0323541778432798,0.17295597067497256,-0.01393608786472611,0.17357104087569195
0.1576526465793477,-0.061713573439174774,0.02607430141058035,0.01163619764110559,0.018251571791524,-0.09826958445748334,0.061294335001263994,-0.068839898649411,-0.14138417185252666,-0.07372399896796993
0.20774992041206047,0.002051334721999868,0.11617461598818234,-0.0317751312059433,-0.027691940257986075,0.005683127207454966,0.05196931717730813,-0.007084850567129437,-0.13570423157502828,-0.06780026546421647
0.10535049656748884,0.1968138872372479,0.0751356592697895,0.011191503188514355,0.03956797114299534,0.055180096723741474,0.12821765739943156,-0.07680742718850697,0.007511772364259622,-0.09865738519291792
0.04383269155075982,-0.060533293401470394,-0.017136250612171507,-0.046726185018843826,0.07549880551924915,0.10963201955041849,0.033366900593869105,0.15277935318003105,-0.20524050927372173,0.06357759665734292
-0.04127293880446435,-0.067526496655684,0.001178857903191985,-0.1559150432934878,-0.06026555557093535,-0.035293895949396456,-0.011601683466002207,0.05772203517542819,-0.04685095796256086,-0.10653022096347889
-0.04329978984110943,0.039776987546602166,-0.1282012453638844,0.14040633077661246,0.112855091238166,0.09591783574764863,-0.1730814442380793,-0.11072783935078831,-0.12891807920568746,-0.014037799602959082
0.04805114375156609,-0.12626893333127315,0.1492535082393408,-0.005373821597818178,0.16790869949903856,0.07804844633029527,-0.01402869907592692,-0.13721530244608515,-0.06051639894913909,-0.2269305580061723
0.16764950946332538,0.004853216160398792,-0.10970646412287029,-0.11533718214637599,0.22772158740834383,-0.10946379506572392,-0.1227150436583453,-0.1573895219065423,-0.07574685039675345,0.03724830691300307
0.07842173697106043,0.08009898852880137,0.05518849407380757,0.08512731222519301,-0.025899808384575715,-0.2362131979106773,-0.09686201570074623,0.08740520091220864,-0.18757889780624676,0.037807622051967575
0.026390068754872764,0.04790483858326946,0.01689414729304819,-0.009402231075909217,0.12162876751999675,-0.07030582280029124,-0.12099466141448151,-0.10204119572985981,-0.21128882813779798,0.07843993763309283
0.0494299942374519,0.01806751175477682,0.0424410845945766,-0.03717409574833451,0.01079142824168692,0.2080528238217471,-0.023381923385907694,-0.08585996405394983,0.07530825292248544,0.09003901428248959
0.20184132467933283,0.09915313227572228,0.06545401816390957,0.01091900749059822,0.012527369341834465,-0.12767342748383795,-0.07695340074264134,0.012450929302530278,-0.056801313925309224,0.058040325109559705
0.15168489547724628,0.06804361908955134,0.05469938404384003,0.08207003038903421,0.2039177152471341,0.03353850755142464,0.0314353579331835,-0.03653914116267102,-0.06396113249452932,-0.01747207404906933
0.1548185326572223,0.009455158095881655,-0.034055554253097725,-0.052530902781054066,0.12498510502723949,0.003819689391550224,0.07671538493535601,-0.05017159769638771,-0.031432747935797686,0.08387484182928967
0.22375947199425913,0.030548772882788955,0.3738310291943869,-0.10321516563139221,-0.07241297288650217,0.17099825252561524,0.07042703557052107,0.05198602124272359,-0.2291099736440892,-0.09003563867976776
0.17186577841301423,-0.05467061953219462,0.11251743315707996,0.03360745331486291,0.27240861011291295,0.08167906605073402,-0.044885259063468505,0.049884978059198254,-0.0357940511177858,-0.01705058145653168
0.146587458497265,0.22578726685418898,0.15302830258045177,-0.02451948556745083,0.34302222002364824,0.10386847786178421,-0.09940289028419015,-0.06771034051073091,0.026019612645368406,-0.06960198392810207
0.19033219473401983,0.17760203357787238,0.2287794646647625,-0.10860096420847999,0.02374641769060351,0.18691494463524827,-0.024600871577874637,-0.016262528261378223,-0.04383782629801815,-0.11334069274604501
0.1295596472933705,0.05307797368477031,0.08913182052830114,-0.06624952869325915,0.13224135144051796,0.3524198667710177,-0.034729545660156805,0.0999967540774251,0.11892391235078466,-0.05184583508803767
0.046236111888728185,-0.04969043549854317,0.06746589134348098,0.12645344298066324,0.06806197642027507,0.08441753656147544,0.046186181313437574,0.16443123183094266,0.12394094653626743,0.05536050394779415
0.04772800683054215,0.05931243366741043,0.06363127731750724,-0.14787972301329017,-0.07862980042840374,0.10352628987364847,0.0037971101575497053,0.17607375389540514,-0.057182283260836575,0.06165641778006701
0.03157099581318275,0.03315484237872102,0.10250613084464681,0.1196114991445657,-0.13011760202951037,0.28512726262100146,0.002678926807026416,0.22937565367713794,0.16666936972980695,-0.04755128259312532
0.18972204095348955,0.219388349967119,-0.10999144216490832,-0.04132465970843491,-0.030106433396561903,0.07290231651841586,-0.00980791236783593,0.1722691322831224,0.044118755999425475,-0.025847490944302734
-0.09577684571564724,0.042249125753639954,-0.27046024203906793,0.06101217546852271,0.00216916405976027,0.23936529235027137,-0.05452184086669896,0.12078172726106551,-0.01386987810213218,-0.15845682749686782
-0.00797382574526237,0.010692337020305927,-0.15564194702575637,0.050406484891749745,0.21916294620890453,0.14575968047120744,0.07546886831579076,0.11726970493858489,-0.06129473558804986,-0.11038219087228168
-0.03956033452411105,0.021728288285310128,-0.0035903292992355285,-0.17843563922200364,0.056468097630878296,-0.06684426941330265,0.11420408265927787,0.23745754232180594,0.0807718618983323,-0.12504858447721534
-0.004056564140217215,-0.03869407050198946,0.011727271156613511,0.059037566859228355,0.042103476265779385,0.030993274978562482,0.08975108090303868,-0.02068766491440171,0.09029437789792896,0.09237016126058376
0.022550216614473227,-0.026278859525331544,-0.0019214086866625145,0.06596844983460969,-0.0035580161639549163,-0.06716137222419014,-0.07024832973848899,-0.12681753862133865,0.05239123371768508,0.055833720246727614
-0.12517720091769785,0.01443590773939149,0.04873341253008804,0.11597550350247483,-0.02342830961817493,-0.02566391751947466,0.06594509526386541,-0.09555423844265512,0.11465575278929369,0.17847999679313478
-0.06555296611582392,0.02155950265898232,0.11184096572632295,0.13615002279144695,-0.02358144965827457,0.011274898014676812,0.08118990852917354,-0.0040682307158075165,0.0914931980657159,0.19246467411392426
-0.006619331391462584,0.0795798333486122,0.010840684871613743,-0.008529378171062363,-0.008686690071812213,-0.014928431331478254,-0.17171804438554045,0.11624314519908485,0.05420043642452861,0.05185419525183153
0.25333691324675106,0.11325680025965043,0.00048286106328380984,0.005083176800793961,-0.05204386218133723,0.08249036550317199,0.09130284829786303,-0.09955641770453158,0.026867028757144657,0.10577319983075084
0.03763759396715475,0.02184302538967297,-0.020928244924332137,0.1416782341104545,-0.14503562458215563,0.1063201165917166,-0.08597507842279996,-0.04887762461084666,0.04009200731121226,0.03501355582460377
0.08020760707191171,0.06595471443504786,0.18922172183142025,-0.17739142391131837,0.019657173366274455,0.11756058509867798,-0.12565809359569846,0.038653443005057214,-0.007716514665498022,0.017537064072555102
0.07156750117760821,0.10073760666102437,0.04187751298042272,-0.0620937727684665,-0.11622538943122504,-0.07481066193081973,-0.10667557688672767,0.003805864738696773,-0.12825725834567675,-0.09457292288251586
0.03737173298721867,-0.2325191525321127,0.026530460242405917,0.005355898834508421,-0.05455158627286319,0.04599216477267874,-0.17872134082144775,0.0013188651946268778,-0.057280003962353915,-0.07062352405817209
-0.10042889595490942,-0.01767863540210898,0.12729519218469207,0.09162392072405817,-0.01708729825424825,0.014631952562916016,-0.030230915702472605,0.01942596621021958,0.030402866932975198,-0.11652874310337258
-0.08206559384038084,0.08626328462416483,0.1592831674428549,-0.04045384848896578,0.03922598057427053,0.098733246349568,-0.0956236239097744,-5.695410268254618e-05,0.04619791343221539,0.11453154485639161
-0.04592576349334917,-0.04000537817203391,0.016798391041917497,-0.030613945629580034,0.114923699396133,-0.034871111781602626,0.04403311590458462,0.08775843072237935,-0.013942348787324508,-0.09466759247633652
-0.0010631005952596827,0.07756708953508215,0.11464386897985199,0.2141515799168443,0.016100308718839097,-0.06017764474221746,-0.11579980978771552,-0.05809202956486004,0.032848790131747685,0.13545025323987708
0.1319744055881714,0.01763600988579054,-0.023203208273894493,-0.11613448827741378,0.10364704077705043,-0.052055666429090666,-0.06551930511611248,0.09321535995662181,-0.020815955254171094,0.20166277123617618
0.035667914675271854,-0.014058042475314638,-0.2592555892585486,0.04935441002892903,0.026785344537405886,0.005522282506110199,0.08713475794970163,-0.17886945479441935,-0.08150598084598631,0.1364272395871866
0.08027832791993254,-0.09133310764417471,0.08973234720555043,-0.08315080220617885,-0.024224121564112192,-0.12744600300438022,-0.1259734354462534,0.07650211551190172,0.09070168351056918,-0.05810069079532956
0.08314971282346106,0.06272088198932989,-0.10153973448160963,0.10268564826130283,0.0890571004739073,-0.10327394358925424,0.07168026036910752,0.053970267295099766,-0.01718570630517139,-0.07029838842922481
0.03182936223242652,-0.032225131204215045,0.08985509760568985,-0.08608618327689996,0.07767988055751701,-0.05339001265079095,-0.06805736808705538,0.04880036410122557,-0.10188092689477365,0.15698368360683346
-0.03925595207348174,0.0417085275361472,-0.0792409447749251,-0.002427439831819594,-0.06618777412584445,-0.00888719212853756,-0.16828693754710797,-0.005975098028226156,-0.012874332034490918,-0.08396457590876032
-0.08359082999377931,0.0042134420322770105,-0.027973683290833315,-0.05563767933334121,-0.09600542337476027,0.018979086513314272,0.031028791983749672,0.03759358530685826,-0.04541506786716989,-0.059203555021355526
0.08905068093971827,-0.06782670742073924,-0.0033612928424302455,0.01996755174577269,-0.02243228880383196,-0.012578274417567323,0.16022373538922957,0.0070231027576028865,0.01556437622130804,0.015524887308361796
-0.03555984143228813,0.0888783873369407,0.14913823205836507,-0.19461526447322045,-0.08762763272215035,-0.08017092502465338,0.12347841606291643,0.05853760754941899,0.06417380046307428,-0.05360583111575486
-0.09313190124685466,0.037003723787056374,0.06876668813969036,0.015770760685845882,0.02279995710642975,-0.27215731121539743,0.005641404988937367,0.0674630660690673,0.06706970374975013,-0.032845870335729485
-0.0038602008239154006,0.09750938342606635,-0.21974328070795338,-0.08389320219348412,-0.19472500692188727,0.10785102201000403,0.12578858765824819,-0.0002483506274857869,-0.026726627048900622,0.07976300375935717
-0.06988434577866538,-0.03923493754694797,0.05211976643806326,0.1281890771432537,-0.1344668515900397,-0.024602073304352885,0.07579407537207455,0.050690746705994015,0.0007184845279526592,0.0473273710425938
-0.07850472331408952,0.10863920559346925,-0.027199039266229703,-0.16315525588405036,0.013870389222554805,-0.07410024760094533,0.0562147254697363,0.03751232825628684,0.11676321489423604,0.0889057744902297
-0.010559257194679164,-0.08342542773567642,-0.011041301945648282,-0.0021789053872008322,-0.14948683178886862,-0.16914660196325432,-0.17343327138233317,-0.04068134400503733,0.1994795546302317,0.031908028415981796
-0.054014191833490766,0.16486824200951375,-0.10789188403835319,-0.16056656188355328,0.17104189013752924,-0.048059282707737176,-0.049222090059788455,0.12340706838946938,-0.06537479125381147,0.02858327643824733
0.0022314960335500927,-0.12374433490754796,0.11525360561096565,-0.028163319936607884,-0.020793985056149825,-0.11658180718899942,-0.14997361546390786,0.006588141660591688,0.01614576293650265,0.06794858700738689
0.11546587052646373,-0.08914346725405564,0.17904294534784163,0.15458816846738188,-0.010709161457290124,-0.07326262849665668,-0.09709408775129671,0.05371405198900583,0.06293482857728556,0.07741201804202624
0.227344348058356,0.08092674026992801,0.05411248526611801,-0.1391269853569548,-0.05146489606468811,0.16162984020858873,-0.05068005626473941,0.04979256161064896,-0.1696365875257404,-0.07747978537082899
-0.03453975942917923,0.16808649215354007,0.17364484484861661,-0.048326814534652596,-0.010906915653127899,0.025037118992240974,-0.015587399202741214,0.01610678272156589,-0.0037842996276533994,0.23957660477574602
0.19678301570945134,0.09802368506958499,-0.058612972677172734,0.05984967068464944,-0.2091410587107234,0.07977310371825685,0.03288223407091408,-0.03271578947271203,0.10463403588514512,0.09533242377385304
0.1606526074805798,0.07270060340493459,0.242688305139008,0.03792911329424757,-0.050105645943832634,0.06808567925054562,0.03405252441557577,0.023653501166898808,0.11120845643790446,-0.15000906684382082
-0.04931609067626492,0.01527407778239983,0.2895722750170328,-0.024993735988992127,-0.018556716494904438,0.033137746012096625,0.22516838399416436,-0.029233284908544502,0.09399642941645842,-0.01680801552792735
0.1646404729059286,0.013658740104302833,0.053822824779675996,0.03086459217700483,0.04133650120842115,0.14337796479089113,-0.045559893256524986,0.11828025613413794,0.04340259515755247,-0.02263535773391767
0.027500034922934354,0.30242140423895586,-0.12361086808606483,0.006998412642061483,0.05169639579676236,0.14571943172788585,0.1534048208683487,0.03865381639363262,0.019671123995701666,0.15275348063018135
0.042324332368035886,0.002773634451414403,-0.11876487406859997,0.025701248243862836,0.15097474374023,0.045643783246680544,0.22394270184769355,0.10655660980998248,-0.06536511029766848,-0.005961392153998289
-0.019631799343859863,0.1869768737009988,-0.015296916494524533,0.016282666373587204,0.17803609912313262,-0.11428108176114753,0.0322750040347445,0.2138619019491521,0.09609960539694945,-0.030365898073068096
-0.030243926690538252,0.07225748665057183,0.05926315928832415,0.13029799074628287,0.12904051075448503,-0.15805184637983388,0.18693184079092862,0.151933411310592,0.18932836844186723,-0.0032549330099931346
0.12694611407149486,0.09438258390541712,-0.013242201836913482,-0.1475258663585881,0.06687817437888993,-0.061227473517130517,0.2502606366624258,0.07091057708672556,0.10506974458214961,0.17472149051090144
0.091402231726297,-0.042511591001340096,0.10280378275189644,-0.08938631388872365,0.16601563275614922,-0.1531179880681967,0.1230698306901867,-0.03635425684575644,0.1391061293520983,0.1911990532089531
0.19004150599510383,-0.09278223605328444,0.1195868549673097,-0.01834709885787593,0.19408534697150512,0.013984004147889317,0.1351853210103618,0.06450678935078939,0.11838613482059471,0.10408140435563379
0.1183337458405129,0.08039789233940801,-0.10935049048037726,0.009309790443317255,0.08421365102768857,0.06615185542384906,0.23059528289070386,0.05600977337004853,0.06809373591684373,0.1002853902417399
0.20441645212238013,0.08667482253223877,0.14015054579351616,0.0033928872964532793,0.19798476628474548,0.018544219383215522,0.18124122611876584,0.04757402217744054,0.1837941150212461,0.1691175429617214
0.04476236343401378,0.0534020140757214,0.1847459197943338,-0.09377034032986711,0.12537095114152538,0.11251280660390939,0.1835203783328161,0.16043740068672988,-0.004822099679468242,0.006812657839513056
0.22189424024880436,-0.057712812116784834,0.04666985462145692,0.10985337487672737,0.20365899457810882,0.1477380086294937,0.0015563511180492484,-0.02869148427137433,0.22513750572409708,-0.012648796478666027
0.15155376856584749,0.08284979033062975,-0.023941506117812567,0.2011087300241729,0.13540637811039896,0.10242441205006086,-0.07623611052425884,-0.0856207396900032,-0.10022344530494573,0.14731605520983038
0.015032002038480402,0.20253167331450656,-0.0672572042068619,0.0048970584483993065,-0.042389852001272404,0.15839902534088734,0.1090650984379487,-0.039911016994593713,0.015425518662369398,0.3389449657090343
-0.037993933915560954,-0.027345283775728244,0.03478467023118528,0.15626333333494904,0.03951405859660851,0.26701040007550964,0.20158434674325146,0.06259756066915269,-0.018753649796220823,0.03414287802492262
-0.09266566854166583,0.08600210123954184,0.03546283344117004,0.09514204295017656,0.045338334523262594,0.05607190286120794,0.03026158901754838,-0.060440981146003714,-0.0018750322974439432,0.1592259797958872
0.024055823153467885,0.0865898367406206,0.22460910131231826,-0.03332817166715498,0.10451581719546846,-0.043239653238743014,0.21480381038058033,-0.035724716327340145,0.033008534731239575,0.09201303825727689
0.19889210031224558,0.060016061617548605,0.10617520504778588,-0.009340272323408713,0.22866238060907132,0.08606205026013981,0.19319135279738348,-0.14882925423644383,0.1630827891294212,0.048218305362446263
0.1169393713075392,0.03170848378090287,0.2949434170050183,-0.06114897377679758,-0.03944951077118332,-0.15397926521835575,0.042156479415505765,0.014207910011057107,-0.07547674254720825,0.136427069239834
0.06361299505421161,-0.05549943068341819,0.13150044804243624,-0.04076766172856795,0.09523679772256781,0.01278930217999634,0.03853820580344877,0.01773999980291236,0.06612418908022706,-0.03490808996502501
0.16683733499305894,0.08872234001669778,0.09195435874893686,0.11888107192047068,0.022925303714968648,0.13380896687157134,0.12885672987189442,0.030729761269357295,0.08539821693429905,0.02588186904608094
0.0204811065190576,0.2886856652697316,0.03863193151767121,-0.09228755571269603,0.10809203281289012,0.06748693281307397,0.05970233840040107,0.1688146924390127,0.22638208052650588,0.27650869171857045
0.13917677712974164,0.07593770384608745,0.14863924514666874,0.13117563438650814,-0.03988579484350886,0.08303961503869312,-0.017675116969746274,0.03868266486111772,0.172500859015973,-0.014200249397653616
0.10266231938211265,0.07519550340076987,0.0772929026201171,0.1398303032511248,0.16138254604139757,0.2755897560258357,0.1676798730294813,0.09991940657972052,0.12344700000029528,0.00020312561087759695
0.059278969747668664,0.16817943315727024,0.27715974812655436,-0.039008382356215635,0.08454318300066635,0.09627886538893168,0.13104052190048635,0.17758759756637033,0.05769050319090367,0.18579836999224347
0.1533806712870322,-0.027636055860906852,0.0716576174853119,0.1639378865042018,0.0807617860703341,0.07105226044251295,0.04893964344778837,0.07408364036484928,-0.002292355675789337,0.04097229153293689
0.1347932351501085,0.06135942593029457,0.08787070134088745,0.061981512150568414,0.21373588742491983,-0.06203831887951658,0.03995801156079072,0.2362467705760815,0.2116398170353005,0.029937229486219533
0.20492820628249891,0.22390277091920147,0.06523281619857825,0.0439821767554957,0.16715941295180942,0.022977219019224518,0.27683573312176296,0.09845057940929547,-0.05855172852710283,0.02076017467837217
0.17647268658160253,0.15671091732569686,0.07495312253870323,-0.031134701123880545,0.1219342093078746,0.055379803355920035,0.04968941203789934,0.3567169414016639,0.005268561005875624,0.18174734892547195
0.27774112018934194,0.11008364357320691,0.13494046809183258,-0.00824740044590938,0.04455640467819555,0.24520773725334577,0.14235910291870207,0.10898420693792618,0.08812560242367092,-0.03889475322351191
0.0633585760433338,0.06276705774584349,0.05544633864022896,-0.043164562984184085,0.043250119537459164,0.09217105904862918,0.1604990806077906,0.13879528811357755,0.03778611040599229,0.09650568077345345
0.05271369391413612,0.10109100630073399,0.08409055259900583,-0.17936528923580466,-0.008455342914261393,-0.08948126523674065,0.04477508569113615,0.3030405446321489,0.20833348641424543,0.013963317350125716
0.11213992374744614,-0.1354345334874501,0.04509719818465644,0.18160177654743087,0.0006738291252021827,0.17402297866477617,0.17792231660188756,0.16169296848755457,0.10267123584638904,0.0348645137122996
-0.03400721747890669,-0.04407741723493343,-0.27218723504180886,-0.006257101363349123,-0.05560878859718131,-0.04614896806090753,0.0446020906770498,0.24806631897083242,0.16734966626970144,0.11556512635807245
-0.202969828940944,0.10557310801200281,0.009469593338898796,-0.07874243556150745,0.1322966508206878,-0.041051496531326406,0.053682214284621464,0.2976177909308083,0.21228653022682953,-0.16268822420381124
-0.043006236647212134,0.061258121459567424,-0.05191579692174658,0.046662364674250334,0.16218215404222422,-0.016521758875595045,0.12864633965121744,0.162889499113076,-0.09701159209879483,-0.11512885242094763
-0.024781228120745957,-0.014876766838864616,-0.026443779780710348,-0.06746824342900914,0.00033855942944902365,-0.009917941280819235,0.2510898351549418,0.09078326749327045,0.08347606059895556,-0.045741049512050214
0.02588834114875245,-0.06537009390857093,-0.16854460920751063,0.11243020728831662,0.0860808126943648,-0.16212869803638902,0.17304708784569275,0.1926254748886326,0.21612713878099557,-0.20636814183600882
-0.02249525984767049,-0.033687287001267816,-0.037065681211469366,0.0737061550705922,-0.0873493947933632,-0.12183733706024158,0.0499152900064076,0.10912043715599079,-0.07188877533109034,0.2443035412094944
-0.00254795564380679,0.059743064933127185,-0.05219513400031883,-0.12298752977053612,0.0022026006593452996,-0.006180051468622688,0.14293191449811976,0.14324000552779795,0.01587055916191664,0.04947403960356818
0.04586549764861837,0.168068722280432,0.003352720012167326,0.07095938740847954,-0.07575174097751128,-0.045605764278998866,0.03671992681014904,0.1597533207819856,0.10103458159478404,0.038975368757654165
-0.11175104771040467,0.046655151726663846,0.11341445989243987,0.01134623149782158,-0.02978992816489113,-0.09900195575921883,0.13042035458131013,0.06784014510897615,0.3091166962276856,0.0959517094540192
-0.034429209516973105,-0.019764030132090653,0.07858177485512725,-0.07233386744520263,0.1476039321125367,0.08167169667100159,0.04868522880852788,0.022932503273340066,-0.01035454002993011,0.10971079931042854
-0.10827933364279899,-0.09883948017262931,0.132416339243706,0.07600351588250083,-0.10734879666179675,0.047199475799461,0.21026916657327901,0.027730525353745185,0.018230759752999724,-0.024672209784345964
0.08990954020226934,-0.09645261174546065,0.12676990928849047,-0.020370404010189302,-0.06443108320078925,-0.06863187789043346,0.06152966217885838,0.2609120177727758,-0.06126336548969913,-0.0663385568536341
0.009607327159819934,-0.0295466680589859,-0.04841563656212764,-0.20497547972542907,-0.014720659755342952,0.06502442645472287,0.023409612510078073,-0.00589386351924007,0.16922197417419188,0.14524395877607094
-0.09461066396626902,0.004838955663767304,-0.0017505630913777319,-0.12872674590257271,0.12521076808772766,0.011969597509664791,0.1317775269518901,-0.03492127613148884,-0.17996051193395646,0.11665566895929216
0.12442300004082735,-0.07273684131673211,-0.16341993694354504,-0.17416369444714452,0.06510619447792448,-0.0049827895360387755,0.17662392667169627,0.0863843014275443,0.17334394092680336,0.14890804813042763
-0.08810763085156438,0.02148273706311782,0.2115688995931175,0.054899957904059146,0.16696224477579386,0.13508021361559283,-0.10959028257910997,0.11579174623991198,0.17305999182337342,0.13063378223024089
-0.03487489350053751,0.010184149610122123,-0.05654568894991191,-0.08351965004396485,-0.13533757634708382,0.04145717241266554,-0.008178617549010576,0.15049561202393066,0.05890309915310481,0.13258401064546127
-0.11621839211274514,-0.06537013584302534,-0.16108926567348716,-0.07380049579870669,-0.0010350711975420004,0.006186546660786331,0.2043639280664824,0.06095352518851892,-0.046151617428109686,-0.07622191496771914
-0.2741913744822342,-0.041794216946975694,0.009509037038780917,-0.08840378788930321,0.0372059603688233,-0.1146277427925551,-0.026731861361267276,0.026757880296056847,0.012622232006062571,0.16831366395391048
-0.040172535776290756,-0.03865356774353908,-0.00528333686242407,-0.028291333989736624,0.019899522936307736,0.04093312138081158,0.09544229099819071,-0.04591223960703136,0.051532398231087996,-0.16789816270767563
0.0002167586720242115,-0.17731818305362101,0.014344498493690808,0.04705231108938168,-0.010754280357032176,0.06176297392370757,-0.019346384466784015,0.0994382365823859,0.054563884290072945,-0.05305489565940419
-0.14743396949933427,0.005043277800491033,0.21826386748970136,0.07002797357816101,0.005856248981468887,-0.06106221505455803,-0.07165422595202023,-0.025725244743433864,-0.05437131575173989,0.11225903301508383
-0.03869459566277166,0.05370347120691705,-0.03939319506854362,0.10576337746080872,0.028371179406247803,-0.1020298293365138,0.06193095492769417,-0.0020102577508286316,-0.002130735118960156,0.00239270044165589
0.10647367515364839,-0.13003161787718798,-0.045961886517740864,-0.0076522114862671055,0.14834574580975946,-0.0038320416640117228,-0.06110129376637244,0.028804117817198157,0.008986252733873577,0.017132859542729518
0.05384874433612821,-0.02084447676583335,-0.09781126227971823,-0.1942494821115514,-0.15330060084228284,0.10425652599629276,0.005146434381844706,-0.016006964659151357,-0.14057912829178731,-0.11336736845244316
0.006736106498907138,0.03032822300287167,-0.15903940093360225,-0.07660280779286496,-0.07264171640807583,-0.07021772410868675,-0.055991792291115255,-0.004471182280098156,0.03405595021509276,0.043619819238222585
-0.0069923009247976654,0.02528438676863647,0.0026660504988640157,-0.22299678766016862,0.05444681457728191,0.10182021810077554,-0.05765242408444188,0.08104049219391321,0.1273980357639259,0.016989873017879756
0.06429104306975536,-0.1557736688651433,0.1737205867516213,0.02225680850917152,-0.014319741952454208,0.1382643277157518,-0.05573099349853956,0.04266709401040233,0.08529433766262448,-0.016861905116353472
0.05382055108708224,0.18133336243169543,0.13792786154674241,0.07221891131063228,-0.1174718457992207,0.088426554737974,0.05375323844039441,0.14150208504405237,-0.003449019647207667,-0.05744014555551211
0.06686230651590544,0.046759568674590905,-0.04585414376261371,0.10526750262280687,-0.05727806863189878,0.07650937574772997,-0.06002281172434236,0.22903916522427037,0.04128993451734943,0.09069924753149027
-0.16273790378314962,0.05123392553767453,-0.11780335572510772,0.0535706151185603,0.05100753036095541,0.15245191798790636,0.07817368829437144,0.10038315663564464,0.10945269569589784,0.059767209963291365
0.0930308798973466,0.024403426017408764,-0.040430777039495054,-0.05311015694113848,0.027649644243869932,0.0845927826047134,0.1149256364512407,-0.050241063707487696,0.07214150161607903,-0.11280419618987701
0.14605548888961672,0.11026002230264446,-0.03063316878636616,0.08075230716374593,-0.0199163886048778,-0.11420463833931328,0.05143711791932431,0.14797790022529006,0.08803238087158786,0.1276373971790306
-0.03085359113917371,0.07050630685053641,-0.02496502033726588,0.06455841156908888,-0.10295723467025149,0.025030321446154403,0.02724534549767317,0.025685047561355846,0.057061875191546096,-0.09762424774630973
0.12446683791271622,0.11610768527274293,0.06491589233235345,0.0683348250504667,0.04347222082533759,-0.00670530702408614,0.1722469199530099,0.2021789044147141,0.014731716402786442,-0.04326317315352885
0.13861623201755255,-0.05413846975907141,0.09297543840237804,0.10065503168070355,-0.09453814052082717,-0.08803197630793828,-0.05702749862705278,0.21228045003127305,0.01569529818043472,-0.18988130761206642
-0.031554535740473726,0.12555592329362816,0.04761091313842172,0.04661586748516158,0.06526479967403619,0.04878493335939759,0.1469435149257208,0.19549602992778758,-0.18775495080934484,-0.055670439922251326
0.16305253721896662,0.03830763872698956,0.108681562871261,0.08426745219517785,0.09605258250530901,0.16248958394372118,0.07128597316647577,0.2410192528780687,-0.07643376670560328,-0.17791946961620636
0.010733338315139541,0.06185256944129443,-0.008343961619237832,0.10035400101197808,-0.025132210796629903,-0.0074476595846234145,-0.011538688513376624,0.09973029846114814,-0.026399812340909212,-0.012227710141223837
0.12272391576666795,0.026843642003477115,0.05957159121234443,-0.030278378319943025,0.10813586004014444,-0.17356407195635548,0.17215680192277052,0.08210286877313692,-0.01208116373314184,0.11215009507192808
-0.011622320527168398,-0.08270373872951964,-0.019148802676407256,0.12779145910271608,0.0717192578409619,-0.046690619255327165,-0.009748773053705737,0.1470303854276827,0.1386174340293963,0.03139103958285887
-0.032173115223976645,0.022409171533389283,-0.10303997143024136,0.015417739400409776,0.05039527859140454,0.10984292274958371,-0.004563424834034394,-0.0045914123215566385,0.20936423156109968,-0.0809654459650056
-0.11672197743994636,-0.07097352583714499,-0.07923922747455306,-0.00048513988502384836,-0.09918839824648681,-0.017387768002934477,-0.0022063036616744164,-0.03769097322299095,0.06770087811879118,0.10446411931688414
-0.04991121723312481,-0.05606122253454965,-0.16798638203577632,-0.031784419826822265,-0.04393030038041774,-0.28272124219853534,-0.04423527871042217,0.05001966925058837,-0.11399679903141108,0.09730454358201016
-0.03257428556435793,0.025145276413603666,-0.1136894607030684,0.07766775884901322,-0.06860628591861512,-0.08407409718616982,-0.024014715203373626,-0.19491359916819717,0.2175693489002712,-0.1124949862301492
-0.32217595681514516,-0.14285047975092702,0.009667444267465505,0.16080357837065948,-0.1834541523942403,-0.24984937675476904,0.1245161016411529,-0.018959722449858746,0.022046229910356263,-0.025504859901960435
-0.26490960835521826,-0.14149434553898513,-0.28524568152139007,0.1860004843201331,-0.040673494298924494,-0.15982677960738134,0.037525486235243426,0.061688539120742444,0.1437172498247219,0.19505029753799685
-0.09909710684760067,-0.1618179324014171,-0.0036692277894974992,0.20763907603431825,-0.19113659381308812,-0.04965817618617947,0.16980365992423685,0.0643521790029603,0.10476197408809569,-0.038604902240951096
-0.016992268474591996,-0.020872114084351544,0.060829862207792545,0.030932647656827867,-0.09090397441350408,-0.22408634494581153,0.01630044932288896,-0.08498067135015475,-0.06376575004892923,0.01895593410263197
0.0056211985640594875,-0.06871176985881308,-0.021908614700594388,-0.06954378368400063,0.05678178963368402,0.041201707547177516,-0.0031302101247865644,-0.12725825959965748,-0.2601556184458671,0.23038344517480255
-0.09148668816430636,-0.13766685567646073,0.017843718888541856,-0.12169109536361908,0.016673668310436807,0.06694645617212117,-0.09147461872660735,-0.038314802090491894,0.005701040259272507,-0.09734195352925785
-0.009331632500138522,0.03114977761957828,-0.17138219950734584,-0.14057351083679026,0.1732018902359629,-0.02235126675294748,0.12359095459416393,-0.11117169219735737,-0.08163441218177885,0.04071692585147883
0.05079438781991913,0.1120679381581893,0.01936970250414799,-0.19882090806650582,-0.039522209075600015,-0.10552961999638215,-0.00831226818071567,-0.11249421807612772,0.002934396029534145,0.03289670745185595
0.07278693401923045,-0.03514345999880058,0.018510217027874108,-0.13954676615069989,0.14555858358639545,0.03011672202063523,-0.10460019546365333,-0.1491290408087119,0.04714053340136984,-0.030245074004850474
-0.1589189602771886,0.026121649178948,0.035276737492648924,-0.05046235606628929,-0.0077368807299834225,0.09713642536672724,-0.18991794007926774,-0.03887418197722454,0.07925580904409187,-0.24334800474459475
0.07378395835633561,0.0071795788656949105,-0.05698919652932578,-0.03444677632128937,0.036643829111712004,-0.07585184551688928,-0.011766995684554415,0.0658847181472335,-0.052419464972479804,0.26358198930503435
-0.08437988147625586,0.10943402554587137,0.17581626651158544,-0.0076757705576857935,-0.025604694797429363,-0.0132814607810711,-0.14161363761895712,-0.03144136592814877,-0.0410859585125028,-0.09322809182884025
-0.02019065262128475,-0.2257437403959431,0.020502608759050255,-0.022785109078502078,-0.005459229258477381,0.1736305996340966,-0.10856120674330642,-0.023474397410624993,0.05812581740498014,-0.11265589721742653
0.06156979402023972,-0.08103582832750914,-0.1637297295757083,-0.09676298907287069,-0.19726659679925918,-0.03662042962875851,0.06761085490582791,0.06927012405394345,-0.16659843345241135,-0.029487210301962503
0.10418312728411885,-0.06240697420739005,-0.08897712210896819,-0.027355144405309704,-0.0863013093009283,0.008687958409364774,-0.09653990878078582,0.18375708198277188,0.016654638117917106,-0.048744769519511066
0.05811751488217788,-0.037040688887480126,-0.007570374890139772,-0.024740136539315297,0.09320987856363988,-0.09642342944745053,0.063182644339294,0.11944708197596428,0.010783515170111786,-0.18367907851185292
-0.11817308389113972,0.07850091402562824,-0.001770777826221509,0.23003853807615274,0.15912716272163657,0.2015859338881078,0.10219712750815398,0.0719409497736285,-0.10400407415028395,-0.13877464603789838
-0.16330830449433478,-0.03606031311530983,-0.08015870599066194,0.10506408011561832,-0.1231924633898131,-0.13514084825296663,0.11503900573080371,0.07558492897481944,0.054494959950754006,-0.21212365756931895
0.11135056833488619,-0.029189219320359047,-0.012822286483838027,0.1370787101151699,-0.066322296970096,0.0759972758324656,0.09192176798804515,0.07375311933601739,-0.1255863404977639,-0.06263651949755952
0.08773601344708708,0.22280963554456026,-0.060273493632066126,0.05684162177655798,-0.09993278384823047,-0.11104002164775387,0.09453572888090114,-0.08170319206965262,0.016365176393189716,-0.1752985551919206
-0.044478454799076944,0.06973487432947162,-0.14628407764159992,-0.06343068725787102,-0.09497515107295529,-0.07741331069549688,0.026941067559561035,0.06684748486843786,0.133245931381583,-0.2766361059033904
-0.09260301260887588,-0.005975663262790816,-0.034632313674593566,0.21180515469146452,0.01059279377738811,0.01087774963415174,-0.031679482760528864,-0.003691528818054391,0.20307794283735953,-0.09807719820327701
-0.17988683666148778,0.03867019630334495,-0.1448867726966955,0.0771663619404248,0.025511487730290168,-0.05138884286842852,0.12893713351399885,0.21935422362305865,0.15702019454742022,-0.07874574639252879
-0.08882436345555592,-0.13051513017884311,-0.017213600309965216,0.17355202386936175,-0.017489815017591254,-0.012137151581767286,-0.05712576451872513,-0.020317042976746538,0.07235699710137468,0.0020816161451729653
-0.049955812607693426,0.11063078497027137,-0.048089451982236166,0.03484162618699291,0.03387587930655954,-0.19810321385381713,-0.03108040263906063,0.13495971843252916,0.15794949375472395,0.2147842971288672
-0.08475124520152763,-0.19220236014659284,-0.10688600834223988,0.3277240015187254,-0.005932336795950028,-0.16412610902099367,0.18069535528775865,0.023753610367531732,0.2006807045317525,0.051794156654570975
0.12319803220455658,0.059067877780967774,0.05479740033761741,0.16506678694515275,-0.08352906554637522,-0.08073392603161533,0.1249819527776165,-0.05211476800433525,-0.22904897747963732,-0.09536484750089178
0.013953912554150814,0.15199803260037156,-0.1197194744429563,0.041980561148043244,-0.06712401971015952,-0.13060757106208593,0.19191992515022233,0.11560994188542771,-0.02101011505409507,-0.06914314110733821
0.0782770564144155,0.12205200830343782,0.16628638221366165,0.036293240443241254,-0.09034199676479336,0.03784606538994625,0.12652523224408063,0.08398535569235845,0.07234212158481716,-0.04122085715436739
-0.08938994747609123,0.09766566649183073,-0.044609404711516434,0.04501868894321442,-0.052615353317396446,0.03094824436699153,0.14276463145312265,0.19392636192849938,-0.035100433356884814,0.027668293095776456
0.13728636170829564,0.05997462361394414,0.10618668061870606,0.06228035846834504,0.01724814301374486,-0.09409005672939573,0.23756884268306525,-0.05394382906920319,0.05956520232775664,0.05582169272631203
0.04669583406575378,0.1938381648716028,0.034166151139774566,0.07164945489623298,-0.14228563928094562,0.1091098030891243,0.15977803486355957,0.1388600966582501,0.1704170867181288,0.037744024763458006
0.06275747018240879,0.028687445665567184,-0.07430370575327523,0.05522336130131894,-0.08675474756717609,-0.08868915438416766,0.07745436301862481,-0.09924221894173077,0.1629892267018608,0.21996026661169946
-0.06589030595367594,0.19948416450786283,0.1093948621532957,0.21992118706868652,-0.15758543389429794,0.014547748439123317,0.10301487160835712,0.13067741920874998,0.03439510443333468,0.10170321574506166
-0.004433481724525873,0.12664651005583452,0.20616580909404775,0.15990066817426504,-0.08670321149232847,-0.018281432882738875,0.09072597644240746,0.07470143695176182,-0.049977289878096715,0.21511946325476583
0.08757508725076198,-0.0339137043476794,0.0957226858628748,0.06799069109511216,0.12485050956505864,-0.09189777977931009,-0.01073994317330916,-0.12379607911844301,-0.03073357235489846,0.39924136051913894
-0.021548200980102104,0.02346200658002589,0.2009170493649341,0.18147674257930912,-0.033985591096458906,-0.05876593618879063,0.1562629369595379,0.15087335120466983,0.04328668813199499,0.15697430175396151
0.05411254867928409,0.11143796105458147,0.0894767675431139,0.013115170424484582,-0.011777223005753748,0.05434032088358605,0.04926377066584811,-0.0425945541082931,-0.11855722953412101,0.061979381090583624
0.0065206920352811545,0.0037768406505808844,0.23583458290268194,-0.04077825992526474,-0.056493429104378476,-0.013902400045982699,0.05946047314406577,-0.0794274607321828,0.008735376583501332,0.1512153592406661
0.11378487564327125,-0.032737948033490887,0.20741546866716976,0.07480359301525823,0.04759983095794211,0.04241023626968042,-0.06735427787364562,0.06824428996545973,0.04335742760396703,0.1327470008997323
0.08462071271045593,0.14579579088931394,0.35168641636675746,-0.11074369695279986,-0.16701035472369677,-0.18305389803871683,-0.09391267119526987,0.06403054330004068,-0.13601774044819928,0.07353767294264493
0.05564231943424702,0.029375555757859023,0.203735306051916,-0.029049904605766255,-0.10121147175948074,-0.1142256784613734,-0.027698386277630785,-0.01934402695906493,0.20676731482773528,0.27852629943099405
0.17319256045269577,-0.014430764173689735,0.20346898672210098,0.10791236162940113,0.13191781108530806,0.1983371700940973,0.035004093360784055,0.20263597100256256,-0.22867937701700708,0.2071239081390071
0.1840905587712966,0.05940939469993095,0.10086392542901702,-0.035253032826513264,0.13760778446674302,0.020205964095497575,-0.151186663367596,0.015906220437551705,0.09211695344440088,0.022269947791825395
0.18259409473546817,0.12036556885287178,-0.011294610895869112,-0.035543321180665846,0.10036179108729185,0.15008022349815509,0.003962988678102302,-0.112313139958711,-0.061827327531526845,0.18476346920672307
0.17457666431654512,0.10257977745102027,0.21289298853306698,-0.147140461233066,0.06517719654165463,-0.029711285885583694,-0.21204763342209945,-0.012854861048445458,0.12067369751395238,0.07756290220654474
0.12968547739752578,0.12338632818876105,0.1728858534912984,-0.08240828335694182,-0.04622161729133273,0.07653771758843247,0.06357975588883762,-0.12552960681921146,0.031524312282409886,-0.019331256149549073
0.17437533170580471,0.01936404711952295,0.02955891998057722,0.015524997019739879,0.12430476451728557,0.22766412076438142,-0.2153249329314959,0.10288069283251076,-0.03443914193321598,-0.04132823836795138
0.12761492431870136,0.06339524205393299,0.054727303613082146,0.07054547439938383,0.06788045698073034,0.07910103625049099,0.01111918350101164,-0.06280269798690913,0.025113671127309268,-0.1234059027313287
-0.03877071861034001,0.03238357745455537,-0.045277211084117114,-0.031043401711060174,0.07832326765287595,0.08185376001793067,0.16197438615012072,0.1438611192135496,-0.014345007846274896,0.07937092228607846
-0.18374548708213492,0.16906380437761465,0.012660902103138062,0.030627142691975494,0.027437451371277972,-0.13414450662623023,-0.06315110807012075,0.17799859409876878,0.002839075851320781,0.10111556634149244
-0.010930912440188782,0.08223981842869327,0.06753567954381715,0.13778682327241393,0.14066298521586051,-0.018822845285081026,0.016833564787574348,0.1247848149938085,0.11452441888854561,0.07841477868770662
0.08803724066079771,0.09483636962517644,0.10469533654787139,-0.10093240866280886,0.04503197968033146,-0.22122033987809123,0.12186746339092741,0.04782090274120045,-0.013742847406819511,0.09749286722179484
-0.04639897840217142,-0.09145840662810194,0.30640826605867305,0.09844492407350744,-0.019314173615658323,0.14252183041205063,0.04810904006123438,0.014656972267856127,0.006630706235601261,0.09342794934451731
0.1740761267292058,-0.17181771152122402,0.05633997242062716,-0.05990669584055039,0.08934722140450607,0.015244807843723673,-0.046783755946276685,-0.028465334119717883,0.04197121362682145,-0.011486982244252847
0.22781409366487423,0.037503558981056555,-0.04043397967725641,-0.008423964570028999,0.014691910167317773,-0.0031611281024017945,0.15504382748457246,-0.20360826953977762,0.042461480659220716,0.11226131710978225
-0.13356873325021595,0.016011586829878455,0.06858175045600617,-0.00439477450784014,-0.01792818228940217,0.006413470475282859,0.06299300936090813,0.18375180660244397,-0.02053303438571944,0.11392917708867353
-0.08216239842068948,-0.031981854938179635,0.1756349402534406,0.11968726959198164,0.13222181745343595,0.04359168446768935,0.18716572919863184,-0.039121791692298735,-0.04618350911667063,0.0865514335544191
0.025153535819713805,-0.12301152604447807,-0.026040471228175238,0.15233074451573503,-0.021516365994986908,-0.12235669912931449,-0.09682431359363777,0.10789028985256771,0.056106363132291254,0.14151821990559194
0.0521853129191541,-0.019606958933567117,0.059377543602908645,0.15877719072025015,-0.11100318464729707,0.14862379632453912,0.04506819465863125,-0.032663093294354836,0.09519833455377714,-0.2288901264903599
-0.012995589575581043,0.17292517095987853,0.26378100750466127,0.13500682386708493,-0.043251705963165826,-0.1506538818048115,0.026452110603399165,0.05754228652860044,0.009902825037632998,-0.08944044233810283
0.09879517032592325,0.17036292557716032,0.022875209124502256,-0.07768648250330909,0.16416687340230798,0.06568321537968282,-0.13518271186664005,0.058216557018127967,-0.07284509777964725,0.0908010448928249
0.07815818859913895,0.11158613067018631,0.12982398854028732,-0.1107710568922222,0.016070723215261387,0.17617585128466434,-0.06048726005822531,-0.17810292331856692,-0.049741445469991465,0.2433480271010341
0.15925835809817523,0.199210388809169,0.04698650274673752,0.09974141237475695,-0.08434387978556865,8.590996231377934e-05,0.07488606079006456,-0.06832161847129792,-0.03286210060855463,0.07800475022240735
-0.0059332260322312175,0.13006508183385496,0.24690653622163372,0.02574277798368402,0.11877791662037726,-0.05054549202868387,-0.0731368089236792,0.08791657380950513,-0.01563901729870593,0.057909619492614875
0.12677137748930348,-0.026670555828239906,0.1716086657937935,-0.040940413846371905,0.15658353680681897,-0.052105170568495424,-0.03137911169324181,-0.010548915028282195,-0.07586405459947676,0.10969941518877127
0.029316391582518905,0.10431822715031352,0.2878255092050913,0.015365728755540126,-0.09087585529080147,0.0170345496145446,0.01082095796685795,-0.04319485899336797,0.012229478560923327,-0.0335592314924866
0.08262108073882686,-0.12145775288496308,0.03924049537231726,-0.0094573576872935,0.006218183546918596,0.04985874014678669,0.1014553916203467,-0.12382827787579112,0.05814255671688201,0.14500078614041728
0.18263825524939212,-0.10470687781132675,-0.0876357168657636,0.012575123519351014,0.07851175158522203,-0.13722531595581505,-0.19510782529969456,0.07289038379534737,-0.11041430867084312,0.18486493155439487
0.10722947609466203,0.08751724519594445,0.006695554509400223,0.12079278320344175,0.09989654345263371,0.10530726687755457,-0.01920464469315423,-0.06113756541068155,-0.14282989517275302,-0.04081023056947646
-0.0027093403418598505,0.0544712825681961,0.08715175316534214,-0.044160609762910474,0.1972439396481589,-0.028429210421557903,-0.25749237127916214,-0.011884329565668046,0.007133235351769782,-0.1526526260971094
0.1654099693740927,0.1994747541288685,-0.021300079268436828,-0.16330221591303418,-0.03559859189639655,0.05700723664959202,0.05470862502392915,0.16127109475086163,-0.008994904637377857,0.0804872786267085
0.011628607504014968,-0.14217766130269874,-0.08260615728504961,-0.05059387923607803,0.10541790240057307,0.04836577014505168,-0.14806271616891106,0.16391420153708566,-0.03212401401765721,0.03154435999965299
0.137855294978923,0.025444351252301912,-0.004535871468323774,0.06476745634365237,0.009244572668929243,0.07311066827914608,-0.07927150323549624,0.09212257257430445,0.0602761707593452,0.021290902233777102
0.1796852109401007,0.1445072668307779,-0.13972286739746065,-0.13360430804710316,0.04550037149765104,0.10925985561480053,0.020389655637074247,0.21018810618595532,-0.0861511519852075,0.10855781752347862
-0.14612637380485108,0.05629489624494673,0.011504145935242328,0.14750313223697492,-0.08197293905448066,0.10139313724832068,0.026873127942592404,0.11116621800766828,-0.010108041467284001,0.07380339196657142
0.16513716616007268,-0.0837623260023943,-0.0847567956807975,0.008351003057462766,0.06437476559943588,0.02542339262130894,-0.026610960111737934,0.07563424802976201,-0.09578022273269397,0.1984352644702613
-0.17465728263909658,0.042538422663521744,0.014643481377072848,-0.03947786352630145,0.031995411759229944,0.06176261642225306,0.005224654091766187,0.06792651675401194,-0.05629694660641211,-0.08048167908579472
0.04445818728410145,0.12318656095055808,0.07965071445091162,-0.05120433009085421,-0.014222883379349288,-0.06576367880800976,0.002474983507826288,-0.1061617438648119,-0.086729741576235,-0.08444470163726722
0.05584211138503563,0.05968375722460113,0.0452612552534028,-0.051134205751122444,-0.017456391609115777,0.03830320839918749,0.03698962815797015,0.19860109953771857,0.03404404487942694,-0.07577506612066795
0.050972888380554575,0.026995204618642233,-0.08955317325535542,0.10924007087375,0.10678409537692893,0.27343856963009794,-0.12702181691367254,-0.11308908022872688,0.17319715131361674,0.12778072973315227
0.030794946246314365,0.07309823678957564,0.04710063045631901,-0.03084179920039526,-0.018617215255247316,0.021323249825496264,-0.03826389515846268,0.2794826397545823,-0.09528049377933637,-0.07479654810895352
0.0820287758741359,0.1189541133032008,-0.0052313906296761244,-0.0025374274117498305,0.09411690489927373,0.029467680953791025,0.06592494526618238,0.03565785307222245,-0.014893710869796531,-0.013967125945067979
0.2306601942112716,0.08122438308571761,-0.07337383322740965,0.032974005449388506,-0.04440904122731165,-0.13209233629948297,0.042552472799002164,-0.0993288264362093,0.0331154409904624,0.052347694637732464
-0.06697823639955615,-0.0026105345327619087,-0.006781334118597326,-0.008671416947237432,0.09214855080336162,-0.0017676647130385748,0.036983271762625204,0.15700882630148402,0.09427365364970243,-0.009649524033413385
-0.029854415937301204,0.022581948316249094,-0.0682936712228754,-0.07991137244705637,0.034970933209432134,0.019422731485968722,0.12198266372033448,-0.041348496818840855,-0.043100700551412297,0.005552739127174504
-0.05715049844367892,0.03610494741336566,-0.02239161773503493,-0.1363382669841197,-0.05073276403484771,0.01794449878405853,0.06324094519427527,0.022476386232163196,0.13820890321274273,0.03523725453706891
0.12603661371246813,-0.0350205381360535,-0.025160974782227664,-0.28800175154060287,0.217173912231276,-0.14322194921553724,-0.010478840637401069,-0.10464881302080227,0.12712489614187653,-0.09722917943538316
0.034250109656742175,0.0017846032362995035,0.04312783686662754,0.02501103885427243,0.09200157073865069,0.11277125757526921,-0.08949877261150396,0.02630183847689166,0.030304858305034155,0.12191044396619542
0.09248938600933732,-0.0024170422129538398,0.18189642288816663,0.11260937936154561,-0.024518402582354597,0.08573412725063856,0.09103807038858007,-0.0705795912808781,-0.035191781679386365,0.22598242802005553
0.1927326912989903,-0.013967167267644881,-0.1138593673904075,-0.15317285980550935,0.06009299541996285,0.08083016419865602,0.0826594385546838,0.13126096971819196,0.04897695166347701,0.22615913989876857
-0.022998272911042422,-0.06869526274740884,0.207788055251159,-0.04953784100352266,0.1660067940547602,-0.08150543847256086,0.062318442838789304,0.10852308776095412,-0.06161802227370011,0.002371428518608068
0.09417860062890196,-0.07228202399765993,0.10539113516475657,0.14839434942590193,0.27806089815502166,0.07407430084614516,0.17716994619463994,-0.15286586621802206,0.23477671959242188,0.27258388485864415
0.17939999239018867,-0.1568476750984713,0.07789111046458828,0.09831943216284092,0.07771352215263701,0.007132289928665818,-0.022170655040567498,0.12646466448361685,0.1256445837801162,0.13988509027498774
0.06405260039763605,-0.012939099537883844,-0.07167236219065973,0.25516348294972613,0.029020258291994283,0.12456587563947533,0.06157494610026097,0.17323269394054774,-0.08799078697536813,0.09210224944136126
0.04050953302422394,0.004559102159580747,0.185148130074195,0.03971634001777522,-0.21934623980780815,0.056494091480723395,0.15829417389784212,0.0663675599529105,-0.07600641964142521,0.19900859733559773
0.015984874625488442,-0.04838394656120025,0.03128746955344353,-0.14770564888373078,0.1429054212589269,-0.03244566941284163,0.12051230412911083,0.11003311547947375,0.03326701821086607,0.13567486362149828
-0.07895978681319102,-0.08521553892276337,-0.11853328017356919,-0.022147889290515435,0.015339391657474052,0.009979025423426342,-0.020828573828571686,-0.23319724347266152,0.13435097976116595,-0.08176456588161511
0.06054749807039177,-0.09574145495013545,0.09205163308009451,-0.17082926796325235,-0.017181100478454954,0.2233055602343116,0.05346394806880979,0.03316661581003394,0.24453943442044127,0.13565976507002683
0.01570486989514442,-0.024506828055389458,-0.04702005665909301,-0.0900755608245716,0.11736816827145333,-0.01319438905122471,-0.025487855743263645,-0.01051653606202093,0.2917155771056632,0.10020145178491274
-0.009908012734617144,-0.060934331710649936,-0.19150987534021385,0.11042578152891552,-0.053437872581049047,-0.0049628139627390065,-0.03691775896038904,0.31420928959981975,0.1337931296418166,-0.05188478900478513
0.08413921441161955,0.1528232158727586,0.039703914225165664,0.013051498825902536,-0.012023109937267825,0.12904727318819778,-0.03185791238249115,0.12057983491485864,0.24397878222466182,0.24592392015179557
-0.05706563747568698,-0.0011550505289856135,0.09209444270344766,0.011242442749126058,-0.07299395853395554,-0.022591992726513237,0.13839919098164571,0.043602356788775706,0.08860962249362803,0.17721335746755124
0.08030141521510754,-0.1809789065943382,0.00667170645108172,0.2726584190271605,0.05336734368587805,0.06668224101790025,0.1481671844247619,0.019638861461315424,-0.06418647880875482,0.2577277106448882
0.009887958435465043,0.03403064242615013,0.0003653219765378246,0.15939374851445973,0.10491023588435425,0.017977543363571817,-0.08633166981170366,0.008995523260993565,0.23058253011454558,0.022922293059112475
0.08700414168044365,-0.06332530750247303,0.010380628485062385,0.042382183316687125,0.0778281275448629,-0.04447507014934384,0.2044094327970432,0.04387065499633964,-0.037651247930179516,0.005556902296777161
-0.0037038242257915813,0.13000516487590594,-0.17190250919541403,0.007529079559939138,0.2121151347728954,0.08585382269362427,0.015235324818261578,0.0023057517292277493,0.10679946823876205,0.0529183465027946
0.04112956282851411,0.11310799283149983,0.03274749180790055,0.03173849874345703,0.08055998404497923,-0.017143224370885612,0.03783077012156047,0.07048590211504437,0.10713733900564919,0.02040693368966088
0.12705773618445337,-0.07005983420282763,0.043092250105197294,-0.0018179230167759686,0.004686296144192706,-0.06080847931920688,-0.031727980429330865,0.007054219251482877,0.05802756534891879,-0.012226406732087764
-0.09578343547134743,0.023529352934470726,-0.1320167984056001,0.09223251922272464,0.10029437548678788,-0.051251317236266226,0.05873138048442527,0.17625193862327906,0.10023320108180181,0.05553266403146462
-0.024724569758718833,-0.11829823798447954,-0.06609906826655845,0.1012408495690113,0.04700518694662169,-0.01712897730270807,0.046974533481778026,0.08120969644096745,-0.10823919082697075,-0.05603716145741564
-0.023758239759083324,0.01918340821881855,0.005956057554772937,-0.018283037543978833,-0.004683259781142406,-0.23570281573642468,0.08056179293038276,0.12252054814430857,0.05348235771818101,-0.02781987301489297
0.12724272662211616,-0.050899376709070215,-0.08399928069240994,-0.126633907847771,0.06172781096322034,-0.1938680778042664,0.11433734388076053,-0.08206647387086133,-0.06195765684817363,-0.06878207780552148
-0.013755231715607403,-0.06239348503846347,-0.0861567642843925,0.036117532314944786,0.24892354737332406,-0.043954822923411796,-0.1665558656626188,-0.009987474676595007,0.03143303964653628,0.02941580922731591
0.08884645858690807,-0.06384396201489487,-0.1360472143259856,0.012066099164269005,-0.14318527093907607,-0.2266484667292813,0.0672238967643283,0.1099108588535212,0.08443464858897567,-0.0868270657320308
0.025299580560331,0.12128755488874608,-0.11303742799495792,-0.15787322894638478,0.019047386118981633,0.13168528404354757,0.06097770837497382,0.11956684875071118,-0.11772960649533909,-0.13486813386640514
-0.18925334057817106,0.011742688323803638,-0.02481035448625611,0.06459157844883523,0.07865028611973335,-0.13547462187502118,0.051539820571004855,-0.12429158196030246,-0.055834087710768185,-0.0811962223934752
-0.003514350793432361,0.03701172189748769,-0.11818175215008078,0.0939062553636073,0.017927490858186443,0.048788259118017235,-0.09432412862881251,-0.14781074498292288,0.017885315512915098,-0.10527077022149163
-0.08139910579936252,0.03307276866085104,0.06113016883168391,-0.01412696007035162,-0.21332015831083262,0.14933238861126436,-0.06362524657501564,0.09704142566692739,-0.13913413408221684,-0.019134451081579518
-0.032493683701982724,-0.03687565951762593,0.11181789252933523,-0.06424823303330991,-0.04347005934741227,-0.053699606310777165,-0.01768622752426523,-0.17905957467853267,-0.07424938166805914,0.2578199551989793
-0.21760384151034545,0.0897268337917843,0.11752490142570876,-0.14926911602555723,-0.02990586736284692,-0.09329479763710141,0.06141482643392043,-0.21570252701749756,-0.03623770750942693,-0.18262840029837754
-0.24905022269334748,-0.01962483563921335,0.15325457009596868,0.031197543967632455,-0.14426211439879771,-0.047660364773269896,-0.05155800007132792,-0.08872807966149615,0.0379436622080111,-0.13337550886502586
-0.10811603395988682,-0.029235546246849216,0.08918150835986316,-0.1373089774573033,-0.06159827910489318,-0.008006983577782935,0.014537021805052786,-0.13675521504430752,0.038669677971801646,-0.08669133193030198
-0.013932757707141336,-0.13037214300990424,-0.0987691973697262,-0.18170557821820194,0.00021481969195609463,0.014799622283145117,-0.09385581534485293,-0.026022288350202136,-0.1438362332309905,0.034385877021718345
0.0745025623489309,-0.257339167111995,-0.06809678147514547,0.022139849740071958,-0.22051646720580428,0.016379620836613533,-0.12859121485454147,-0.009299832214403558,0.1482469201058235,-0.04979450929456063
0.03378203575873209,-0.1720200312292986,0.00918707643032917,-0.07760191928959898,-0.2625832342924178,0.05430772459078839,-0.19009075850669488,-0.09639399170391745,-0.015686808892531275,-0.15376856176619158
-0.2164661480988272,-0.057444302904871646,-0.12155812364539399,0.08984883944716851,-0.03044836138474742,0.07665088545917587,0.30174945395200287,-0.044802097112649535,-0.07393181397547424,-0.029748660794135413
-0.1382393336107006,0.06626005929491581,-0.07532255607522917,0.010945299994317433,-0.21351013397194332,-0.03979213208770407,-0.028702074871590655,-0.09878202950844546,-0.041776396277178524,-0.11083041842865622
-0.1010126899806096,-0.11147390597254259,0.09112377336518039,-0.13000847400081822,-0.052580326918089434,-0.10730020092364073,-0.03357113039494464,-0.06431720061539915,0.14825936490795716,0.08624224570182243
0.006618658018452725,-0.08285818383927866,-0.17613641726426138,-0.019038948877011797,-0.11649721634727747,0.14105815284137188,-0.0942024288753034,0.029241329582318343,0.08838968778369552,0.049716833085695855
-0.0881084357917318,-0.030503054401294753,0.02518714215227233,-0.05327176126738723,0.0140635834037003,-0.045845216805276506,-0.008856693015127141,0.1674952145367134,-0.03159001843428082,0.08703987484082536
-0.012298239297770422,-0.1267545597748116,0.0694011413538692,-0.0065588517653739145,0.03853282182319672,-0.012795061146960707,0.09131235378995715,0.020522645036412494,-0.10323225721735405,0.005068926464045574
-0.005773972536154082,-0.24613722066248653,0.20784880507932302,-0.08700342632463512,-0.00010580235439761748,-0.15485702423748168,0.012429372060231956,0.15145391357531435,-0.1731893261642534,-0.00151449031732667
0.00010434439553857686,-0.17842168606948725,-0.05467308800967222,-0.10104204179764398,-0.21001385292980856,0.1409408694217594,0.1669151358957618,0.16876997728452953,0.12939057992058955,-0.08992640186802442
0.08729248254319644,-0.01789491357883488,-0.163263518971538,0.010245906423735934,0.05502926587407353,0.05994304935260773,-0.03157995295241217,0.20709987142925118,0.02688951803574284,-0.11915273716589382
0.08697154799327031,-0.02440371591038032,-0.06350293272856415,-0.09319873243085859,-0.08365151318336478,-0.03591216089656887,0.013000101057379962,-0.07563915792147563,-0.10265480462085183,-0.025294953887382832
0.10695677851279853,0.018944763894900622,-0.06480498545196349,0.2669060699917409,0.04106013856983546,0.04414231616828225,0.15499020619450374,0.046701915444174624,0.014310575791448506,0.009641076916451524
0.07363884244381091,-0.024488925944427205,-0.033026127098307746,0.16453753664908613,0.11311516314553219,-0.02005979014121612,0.08489269027320637,-0.04970482972389331,-0.02171665372973068,-0.019316874769785008
0.1040226790301479,0.13536906111033453,0.08251451309614177,-0.02713243787665246,-0.024726531274302237,0.08186363746334159,0.025795303273466675,0.05444004689054615,-0.05984200818842039,-0.1885665709325193
0.04440689835391418,-0.029929483398946397,0.0008142765452763528,0.09158478859428568,-0.03389955699632409,0.06118666608709084,0.13642385639315552,-0.00979563911794322,-0.12823823816847685,-0.1845470033592793
-0.17567627956235962,-0.0449635468707755,-0.05728700086839118,0.15097360635482115,0.10405757003645655,0.023136375541127758,0.17618659434688688,-0.011093456851046188,0.10737192952502744,-0.13788640419227752
-0.02603363204826714,0.01595695702478923,-0.02193589805112473,0.1333251760849688,0.16364800371874863,-0.029015281262373245,-0.10271316209044729,-0.011871582615987747,0.0682939906860323,-0.02106272929921675
-0.01572197987937502,-0.001226510237901643,-0.02205209682133851,0.047563323703295454,-0.08891720663601849,-0.03266354099052165,0.011151728583320399,-0.005439083043707981,0.07863430101984362,-0.12474016456583698
-0.029662298731408673,0.052368468984864545,-0.10253687097641566,0.2419499586212144,0.020268989201629593,0.016119903082638345,-0.02370832980270477,0.031593348227505876,-0.07510168042266617,-0.0856553570124039
0.08611614301687814,-0.11469886478805501,-0.02763789799278347,0.09918748645638711,-0.03827839536073689,0.04719466098029222,0.016843386409378214,-0.11285090886471774,0.022071490782557403,-0.033662825669505014
-0.10326366551360888,-0.05814084466796585,0.026582729005721117,0.1251711460125509,0.018746633353015976,-0.003843020928840607,-0.12503559043303905,0.13571588601654455,-0.11249100257472149,-0.11214122719374284
0.02706338725808184,0.16803251551967682,-0.16319144713564696,-0.047219183681074396,0.1351225639130085,-0.03510747984959803,-0.03989497770735744,-0.07582895020748093,-0.07180370723243798,0.027304401992407627
0.10195120808124158,0.1271190819802622,-0.02091403016013153,-0.01898173870663183,-0.037401875007138895,-0.09890766032378734,-0.1153229795820228,-0.14220024216045307,-0.09070490207148005,0.08652843877745961
0.17102768077996788,0.10142358388968516,0.0931299211520096,-0.0018478241269598286,0.05942108133555103,-0.17840986729715352,-0.03680681296545981,-0.03126220281180811,-0.01966263624645856,-0.03946668652282355
-0.03499858524501084,0.11201649931796369,0.1578566408689761,-0.03021302969490195,0.0396055184217596,0.05819474983647137,-0.21303205512364828,-0.05656981063331529,0.058346354053292665,0.07833948904831384
0.009877582753894519,-0.10090183686745308,-0.015186729707739752,0.12271190155838572,0.05597844109407808,-0.036881626004693656,0.07023139086479128,-0.12150381565453391,-0.045637274727113444,0.06080407170228178
0.0952833049722611,0.18042155952057767,0.016825727703099244,0.1003590908623074,0.01991058389239593,0.08408546441567646,0.003170414514809674,0.09744041672274642,-0.19658835437810535,0.059819047785972204
-0.05823167610236682,0.12568041190352744,0.07904179664579832,0.08477808059485126,-0.09005351687593233,0.13716998684191772,0.09803374415128009,0.04590474161898505,0.02364485707427617,0.15149905812151312
0.002113128663767644,0.012410630813500613,-0.0009524458436423883,0.010841380006139732,-0.1426568810408092,0.14581890490356025,0.03450606372424531,-0.027929266679007893,0.13215053964364795,-0.22872716671150906
0.0740071284585833,-0.06254556426676847,0.2314775696139069,0.021321803602462858,0.06959316425992479,0.034709378441357214,0.1879731431044322,0.07882048926341587,0.055080481234782694,0.02273651089736598
0.04657237491084684,-0.013845615896264152,0.06523532110708391,-0.12519751705281418,-0.06485652451758783,0.19110534580522656,0.09416688233775136,0.014574634826735926,0.06976165436298072,-0.05041414985754475
0.021445026578026844,0.09408142197578183,-0.01430072412307769,0.056373321119185874,0.10790940914914776,0.06613234033888499,-0.0890124407415306,0.012606332263507568,0.10129257904290662,-0.10891780821925266
0.030686688284834947,0.014159719194806733,0.009498995784886867,0.1549390076381415,0.04633079272941184,0.14391298322771956,0.13031638487872194,0.02796528279286956,-0.016873737286235084,0.005159044851531715
0.15795118902382557,-0.038168177690118626,-0.048807314717188306,0.07449248805325134,0.1010729747589589,-0.053162243899952416,0.19656088456790094,-0.08872620687045937,0.0929483415808807,0.05388462736797217
0.16548163915197572,-0.040772917725847,-0.10799967146513692,-0.047862633981373595,0.10727896410527611,0.1354761920511382,0.12219758668117915,-0.009224918599062583,0.07413819440985542,-0.15683984086149794
0.08540795292638038,0.13837045285442479,-0.023896782643523372,0.15039214429579875,0.11241612603881482,-0.04547040702610698,-0.01709240285343311,0.05624820855743448,0.0611495072258072,0.04472618009273874
0.0499593732076381,0.09041701023394312,0.105115686265166,0.049029149902705044,0.13100832819638986,0.09622238496705127,0.20009843410024597,0.10468090290103652,0.14496974894249606,0.19345546609089526
0.05926918204651947,0.05846365753890266,0.1441383984272325,0.017265845433319396,0.2407060564177673,0.08201823670177819,0.09301201807257002,0.1515970001407683,0.2074893391334853,0.08980986436287405
0.04538694946051922,-0.12507686903808174,0.005274526956236383,0.16109510733674948,0.004966727852458469,0.11283363563737145,-0.187195505114417,0.182680225263106,0.2539276698456343,0.01849657615018893
-0.02019854717774465,0.08404378729876816,0.1816098343243627,0.2147783890878338,0.04669147680423806,0.03638331526909932,0.052212670536979075,0.21662697187027424,-0.04969762405416482,0.13175502490225405
0.1744481822632088,0.19336234424632964,0.0751566479503268,0.01618566469696138,-0.0016687885601644192,0.1975903790519982,0.04733151661766174,0.19601419297073325,0.2625442396421793,0.16959921461264316
0.06284943447485744,0.09901156342430506,0.0548533153497046,0.042670751362362445,-0.04352485984552994,0.009684021469132872,-0.037628887741234116,0.075781689114641,-0.06705821598495341,0.12374505708455745
0.03453657927160565,0.08458353396203422,0.033966280975949434,0.15416552449761858,0.1348593083067553,0.16842828340444527,0.11028027870109214,0.03910969487614527,-0.017118603653947573,0.15523747787435496
-0.024537013850801724,0.06721231806702131,0.11389368484604774,0.0577931863325756,0.08554259718262128,0.061015754016401344,0.07686761140500721,-0.009035283404394412,0.0556820988758076,0.25341756972416085
0.20353534035684268,0.010791504413062591,-0.024002811059203988,-0.0937349328681815,0.1006075132965823,0.05066148383245852,0.15597062905494322,0.145892514508468,-0.030682845178988248,0.20213697118955987
0.11052264160054212,-0.024003924963205366,0.21245513183563625,0.14540339164198546,0.025619489348476035,-0.011124479681909966,0.05770602201219712,-0.05962920894103219,-0.16179518190546857,0.2902277114989751
0.07740224207492413,0.009432288355498614,-0.007216471975405744,0.10987323049715601,-0.06754041963359714,-0.053637290239842636,0.09296728034817842,-0.11001667790538165,0.004024637261141356,0.08951782881921594
0.14019239996702118,0.028059822730265343,0.13186400711578,0.05604467289815879,0.12627659868249824,-0.012603314398974504,-0.08156837066791582,0.18228941919595867,0.18085261468964417,-0.002421647122560086
0.07026861469640494,-0.06383569839362405,0.0208863436094881,-0.09967258320680117,-0.005403761056730121,0.07969792166253159,0.18623900979785585,-0.03902300370676049,0.1277868230669444,-0.006431225100751267
0.07184554870203005,0.09517661162394729,-0.038468851261955525,0.03983077444464753,0.20918636975188487,0.12625352245080979,-0.16168447350691445,0.10979390307024725,0.054358082009593765,-0.012321650279774138
0.12199094213458783,0.07903244663937106,-0.0005480429863740279,-0.08541507524363266,0.09529327142353076,0.008264075516763433,0.11167127473371073,0.08069788889391166,0.07476252118485091,0.029561360025142095
0.11104797093560498,0.07139259218070801,0.10762387468714738,0.07150869159836382,0.196477380503625,0.0791104563974596,-0.3062126163502952,0.03547330928212234,-0.038087065774976406,-0.06854297916057385
0.08922960842527722,0.034095982421856304,0.24523694307257282,0.1580774372121181,0.09594804438718485,0.016233580261333203,-0.2171152413568925,0.04591192443837716,-0.06536035488932002,0.026482766029240754
0.1744852430215622,0.07879382444151051,0.14546772773176317,0.07957617473198209,0.22384758028214322,0.04663579767276037,-0.08555361987947292,0.1718724086056312,-0.09467014951009126,0.10127976047156698
0.1501077271280324,0.23424406336878179,0.04036259734312804,-0.07350406878116962,0.011520353269227374,-0.007169682141149283,0.08872789271681955,0.11647103704138512,-0.2970488479572142,0.04662431206584759
-0.007874941960846205,0.22205506014358486,0.015529708101812534,-0.07919812974202632,0.24464660467925098,-0.018345923295944103,0.041142336520036904,0.1295104282643595,-0.004733108905890265,-0.053898289144644604
0.009365589457143803,0.03160189608461615,0.06424711494661213,-0.007768076972412621,0.24203731832499267,-0.12269257133309996,-0.1916989306072159,0.027798253784215528,-0.0578566326941545,-0.10139761610035328
-1.670955450056022e-05,0.10824944868439668,0.09407685750835135,-0.007252780541888642,-0.008383927186872045,0.12394378653967722,-0.04141312159896432,-0.15785662494835906,-0.1411500991279266,-0.05899881818631321
0.05465275375116714,-0.04253978245967671,0.04578190580474103,-0.0053983072285558355,0.1139219080787039,-0.03131617188246104,0.05652974504060111,-0.12732899129347738,0.09472789415355211,-0.1260249380090801
0.038702367637750756,0.13042849943013834,0.03768154118741658,0.07841026249583698,-0.02738681821600379,-0.002517951558644888,-0.09265466307524572,0.011648964166379696,-0.19488818104616412,-0.03493401087437982
0.010895420036124571,-0.0877390634998541,0.08098230928780607,-0.013245955462227881,-0.1069690535034717,-0.009154771257746643,0.044310296691010116,-0.09990879154738999,0.07210757497838569,-0.13120438113415256
0.0019712499139344364,0.039717588204887355,0.043724492244331434,0.017990971103174817,0.11517910994217961,-0.08220717245629255,0.038856876693118284,-0.06370449881175819,-0.0024927998676503053,0.2714335834342613
0.056504574948685646,0.06217806006960358,0.02942446870566953,-0.08507242520057062,0.07189423240288817,0.046306096639825316,-0.16319821352400637,0.001407936608188269,0.048796665142490245,-0.07033299297582972
-3.6610293663703886e-05,0.03576753621688142,0.11540996190218815,-0.23395638241577923,-0.057720353173861295,0.0925181367036362,-0.2610871829720295,-0.08885982015424561,-0.023029841469164106,0.14855129783196702
0.17387680794107774,-0.16705402086917023,0.17202276163318053,-0.09070530687081828,-0.008211235079258304,0.0229252435640531,-0.08451793966058464,-0.04744540692949313,-0.0719203697951567,0.007774245420897108
0.009336916733969754,0.13550739810853568,0.286852278170842,-0.07195382680733733,0.10817970452308606,-0.13484764812912253,0.0040129532842409915,0.07145264581134789,0.09210225205855735,0.12197022526916332
0.1933954177277552,0.055378721409442465,0.16791501425217337,-0.1437362822628162,0.016975742776879205,0.033268065331490654,-0.13422391978690199,-0.15793613348312086,0.11881790503627779,-0.10148567634329153
0.13590338271592822,-0.150238099706639,0.05804004239048231,-0.07502738263885025,-0.18450967113368197,-0.04677067042159956,-0.04483563182581515,-0.07114622049441696,-0.019591645719861696,0.14806646879115437
0.04043781484189169,0.0485433368444399,0.0785397378675287,-0.009983239559084898,0.006452143925291851,-0.06771655291260273,0.025312741444407705,0.19254342276663228,-0.06261375399087629,0.061473289303330625
0.016696340752925164,0.12810211515208256,0.18559565871887196,0.08848865080905785,0.07896028396361751,0.04013258636638342,0.15316243436485333,-0.044257367777176586,0.023922873626272753,0.2893186897136551
0.11174722873885526,-0.006433239412508875,0.10466882686243137,0.08657082253616115,-0.12741003247513713,0.023533445816391448,-0.031061952687419188,0.07696240307734675,-0.035985139355922624,0.00029363419002684243
0.06262858092621731,0.23059701972778068,0.04826863126888271,0.12497973375868765,-0.05050131887250462,0.09880568680256899,0.10691615691172668,-0.011576786705764473,0.10497512183330816,0.025378950994102943
0.24379716160899173,0.18982267240336786,0.143351597830677,0.10555663066038945,-0.11336325663042086,-0.10308447189800457,0.20022566368812766,-0.024459018481496533,0.0676619799756066,0.13179819626021252
0.27654538382602345,0.2005954563948043,-0.08268450183214086,0.25358147439902956,0.1417470677472798,0.08463539165862048,0.08277033139746505,-0.21272819344650454,0.05433205099707719,0.044851838933786414
-0.10262659042250298,0.09739367243780225,0.18349080900592113,0.24471091205713758,0.026056110226100576,0.14828821907981926,-0.029621406489493907,0.06442263158956629,0.17270533148582687,0.1501876076945899
0.11633051243940129,0.18833040084713643,-0.004901325588504368,0.17078830772474266,0.27605164202681476,0.0764946977877819,0.10600764560105419,0.21207921564271248,0.11389024650983752,0.08611105830339019
0.09290292488297547,0.13881994646537862,0.2281325389877102,0.23130914610466966,-0.03597600384437108,0.10304957784002451,-0.011630856917536264,0.03213175126439833,0.2472787506366516,0.06368634814164326
0.06653057042854926,0.1251942946240137,0.25704249698733994,0.25137399668592575,0.18286594409617785,0.16392685490245062,-0.08427637133872093,0.25376308301693973,-0.07655785755588138,0.06781228302851056
-0.037275410478763524,0.181474079618652,-0.03254541263002514,-0.01105529062815408,0.09508908097510808,0.06609533892102504,0.21352745801708806,0.03130947080814399,0.19701016968991683,0.1875350584017672
0.17709852222655298,0.1719495136723714,0.09087487688107851,0.19863023636047383,0.21295309599992013,-0.05774345641579064,0.09051415147326711,0.051622011190514565,0.11551951181342204,0.22059669408348562
-0.06053577353686111,0.08777328007745472,0.15235812208768532,0.19765528622914363,0.18626724863457278,0.1423181773970335,0.05451186266510811,-0.02474581418757274,-0.010964847724422633,0.12838160802796522
-0.12284009640800796,0.0037066371799685943,0.19528654970633336,0.10208838347953056,0.36080528014532237,0.006679695209450456,0.08851700511488916,-0.00156013069551756,0.03171004244047451,0.20253934637606347
0.028925830019200863,-0.07123839688437923,0.007037611973139707,0.01485900791387737,0.1698510228426941,-0.006464902400901806,0.06574571502155091,0.03826752054574067,0.15218288815055264,0.01618679148977438
0.011300533905535218,0.1122883546791795,0.17450930941644877,0.12805457757636826,-0.04424349535078499,0.07713274326719444,0.21679025808314756,-0.11766067745549594,-0.021582270770279702,-0.029992411865773005
0.08044271653625527,-0.17428135625951774,-0.04164318947692805,-0.014328698342079567,0.2627728683177769,-0.03664387392291201,0.17267338284915432,0.005125963303870783,0.1436440203360361,-0.04495482623269727
0.0797687668818233,0.1255583984500673,0.16516561334360927,0.10025548746605951,-0.07297394802384294,-0.07515149020287604,0.13549126458981653,0.13083983999184134,-0.0011831885171892376,0.1816441951351935
0.05719978634776878,0.09888596312341105,-0.13731115485267187,0.010610758347681833,-0.025743559460688986,-0.0515160860233774,0.010530980301964338,-0.055193843279434496,0.23092695096790755,0.09285039060243346
0.15320083278754795,0.11805307059736574,0.057698807701260804,-0.009464683486048488,0.14889490042549744,0.06630952717965101,-0.024757301736546618,0.13213554923591975,0.24755583404297307,0.1034796475208333
0.1601056986835627,0.03913731590120902,0.18915735394279182,0.023946165421349683,-0.010256251146180888,0.053502933582300044,0.25832793738840665,0.16418215702952776,-0.014500850492735529,0.08713121662174549
0.2963730428149642,-0.07738165850232691,0.07827708555309312,0.026655721319981507,-0.0676859212018734,-0.004202707096298344,-0.04391140400972999,0.19163722536260275,0.0053186802522920545,0.05038054850125263
0.07073988621858207,-0.0879969074209119,0.08223732414405895,0.1587744328468666,0.08768276775014602,0.07515699691767419,0.08341796884542935,0.019314936790069015,-0.03431155094575846,0.18533671558819026
0.07264717982953889,0.055870435306771674,0.012882254133562067,-0.16019147725206648,0.28537050651901774,0.154783817570834,0.24821288164176442,0.0077464271453982075,0.020562109791453956,0.08184733051834445
0.22024675852407488,-0.150603844911045,0.06467138502275824,0.019812827562449065,0.12366309155992364,0.1532668596686706,-0.05892641359748327,0.03672592298509876,0.09996499477056173,0.01867557772231091
0.1304146197692532,-0.029046798077245608,-0.03849032815416342,0.06399175225725141,0.11058070747202371,0.02445084158040907,0.09517183043620028,0.130779400315442,0.07828746286462068,0.08223305560914121
0.1407182279460203,0.13809051619658957,0.10902726224772885,0.02900964221987793,0.13692463311035905,0.312851511590676,-0.03523655253996107,0.10892353655646206,-0.08031265583630405,-0.0015279219152706663
0.03384553883324544,-0.07797116348775024,0.1317287014574696,-0.03686940081588538,0.11354767011922323,0.1299509416528157,0.02195399653912342,0.02067955266246023,-0.09852872916544576,0.09452810631504732
0.021503331749101615,-0.13999873286631398,0.21775668752697708,-0.057419611011462535,0.27438079324363934,0.1485492808151282,-0.0405739773051844,-0.03802623262901485,0.0438206752322063,-0.23351141133332545
0.22532723353313655,0.12601030758107928,-0.18557947539340303,-0.16639637905266755,0.10685553984977561,-0.013801504261952605,0.015723828789457054,-0.058129491681982504,0.015173159963589911,-0.00723588981711927
0.11570128010550604,-0.13365327752713752,-0.0559840782207914,0.13714780684458805,0.09046980237007668,0.0828620546622144,0.06308200055612861,-0.03025808061806347,0.0029076846161250162,0.021194629715766657
0.14915492012954099,-0.11783635502939561,-0.14307266722670783,-0.004399929885028294,-0.006322859868113512,0.13042812413490049,-0.04811858404650807,0.08280064165755738,0.10505061641127868,0.01642648540162872
-0.017499127152458424,-0.07379864708400374,-0.09443857358578045,-0.003840702296223779,0.08052367928844263,0.1344348290702081,0.010057565684172926,0.15720225893525142,-0.027700301077207685,0.0620097689747754
-0.09556496185159855,-0.10522056279665316,0.2618340046944424,0.05136460571264964,-0.02166839956451961,0.11518987880000875,0.08881852247026341,0.07628556520862505,-0.024867394000246526,-0.13234274917603844
-0.05395414864914811,-0.058128677656240364,-0.26618822191721786,0.004158430576340882,-0.05566587551294244,0.07053849153387741,0.08207931214474296,0.06267179353950876,0.06094482062909081,0.046536123201709814
0.03288271917446539,-0.036273860268776985,0.1085915608413045,0.18113132675078242,0.0819777387475734,-0.03483352206802599,0.09326734156113572,0.18761833982030962,-0.13821410785049817,-0.10895463754592552
0.026610505822676742,0.03856906480880877,0.012498498755608135,-0.004295602006158665,0.16277710638932041,0.12265923190933764,0.06534153053733878,0.024432463245718756,0.06183298154952413,0.08566731048602413
0.07491717693627195,0.0985834817819704,0.03830897867925845,0.1674924236221778,-0.028444231372847906,-0.064014768154028,0.17647698486201008,-0.06340362565003535,0.09238920562696057,-0.0059663610595795166
0.05684473658579306,0.012944061185679964,-0.043991076809272625,0.15834582011836346,0.02390689880790261,0.1120673045004289,-0.05588315082252995,0.03607968859123532,0.010576062913430696,-0.03850842505751665
-0.02488145105696043,0.17821079012218735,-0.01121259833791274,0.06718594554166424,-0.0858469716966401,0.06085231067691384,0.06237118706779424,-0.011251592023903065,0.00526832105588132,0.02692921921897458
-0.037848097405558175,0.025089275303416536,-0.033819022669449854,0.17767572388898323,0.08720491828933491,0.09460421709319725,0.04157290385573245,0.22521199221166535,0.04036382493087862,0.32268664930924523
-0.10908079568250019,0.10111061135680588,0.16052704335301926,-0.028941679407151588,-0.01055131325031593,-0.03178205455493445,-0.027947897011359538,-0.09100639771048859,-0.06876056512979725,0.22236104231256143
-0.0692511879813607,0.06372189398685667,0.22818125096377948,-0.0365849866483363,-0.010547417381379154,-0.23447566468222392,0.018687009215863692,-0.03788604941729273,-0.08291051651748117,-0.04844561877753273
0.03986781472869915,0.11511983814407079,0.18653438216446422,0.043835033561638856,0.023129005855161627,-0.012451863637276184,0.09448457480568279,0.12076456102340077,-0.019456176456831613,-0.01840166128297746
0.2830798814751937,0.04188670079121928,0.07880013261471765,-0.010168574592452746,-0.062270968458362684,-0.013993380532930325,-0.03559939284053771,-0.051639983930374236,-0.03533978569469875,0.006586423170814898
-0.04878280335865397,0.0752557983001137,0.15184717768750416,-0.013610207240768711,0.044216166384416986,0.13309479968874652,0.08521474943212608,0.006270987823979543,0.14096618032623098,0.23470743277147765
-0.03017199176610537,0.14732097200161964,0.2157390607939991,0.04189769391352782,0.05480261122130625,0.13887507421612,0.09511961192094454,0.010420469343883028,0.022964674313190728,0.006521875017741707
-0.06043469197176447,0.12162777168684644,0.1636069488582173,0.029753652054352382,0.05365145714873611,0.05707274951784242,-0.09302080260557334,-0.07392130629639003,0.1330192861888589,0.056947652768377995
-0.043690635532419295,-0.08000797513574631,-0.007527969351066061,0.10320871156324843,-0.08640848589573323,0.03930200187952851,-0.04914393841468043,0.1709108164143301,-0.1823465689445726,0.15986026305486328
-0.036819179904374326,0.22072050819861352,-0.0316275943887144,0.0798023176541813,-0.01295596166845764,-0.03558544497536166,0.08024442640799927,-0.03400817690308486,0.2019857837510627,0.08607681894929797
-0.09387860105041965,0.13541107542593395,0.11022835073475298,-0.042539052366208766,0.12426896793939342,0.07065731353039018,-0.0783386583026434,-0.16380735443031996,-0.03480586838063511,0.0020974069563141975
0.03169793427506892,0.1327282809689337,-0.12332858970180452,0.030897677112683736,-0.13129572079269589,0.18100486902746113,-0.05864682143944805,0.01864037044706861,0.11396654890032408,0.013335757459938109
-0.12722496643896286,-0.029942798750137375,-0.04355815891432622,-0.10603561980209295,-0.18945838904622864,0.19431702848925708,-0.13832653968546554,-0.018394561744447875,0.22636421610890528,-0.08447879092250696
0.04655470693931117,0.08255331223827751,-0.0018586520593904792,0.012333447685623385,-0.10388099776719448,0.06075784115675174,0.06636629595037088,-0.15112450951557438,0.030472074230589424,0.15687838619843605
-0.08615381338647946,0.14887383910817084,-0.03737387275604333,-0.01557540029076715,0.0320467667009927,-0.09895412416267947,-0.07985416786152376,0.058649314335183146,-0.020268794584531444,0.17691770170762214
-0.020572789815809962,0.026717024633133076,0.1324184924081463,0.1184226657738612,-0.05849372709746879,-0.10686708404698204,-0.08979767464920402,0.05086116295448463,0.020937716990948027,0.04248986148742876
-0.06658899939721803,0.015233068273788293,0.1032203779916133,0.10012109724581547,-0.07582538420833668,-0.12320591176270626,-0.1476175681836247,0.07094987012386555,0.21897657325982287,0.25252662231018014
-0.23870646634239906,0.14142537028218302,0.0794411618706762,0.018566486900533016,-0.05203450825937542,-0.24994346422489197,-0.04756879292020849,0.1779951833052788,-0.1053164715038652,-0.1417736875491596
-0.10994502669268066,-0.021333378529650435,-0.0742118690222629,0.1285732207082673,-0.0961624722947941,0.06345075805613598,0.015650371799704015,-0.041782113968817286,0.18146153386977026,0.1714360981436131
-0.0033727032888872105,-0.060208556694374554,0.1085949364490304,0.0885128314218126,0.06075655706678415,-0.06368556999248963,0.04342860814521078,-0.008849767228236386,-0.006341847764518689,-0.07140727260026293
-0.02762667033490426,-0.2934760910733234,-0.07189548065132326,0.20489162863643387,0.06329216707631753,-0.11878882818162587,0.16374816764232963,-0.06641541253770494,0.12999301383929518,-0.07701343168438349
-0.15949112794287948,0.14538025232793914,-0.07366416653074348,0.017739355141619013,0.010383798308964371,-0.0984332591077311,-0.1661760945583662,0.04722688805836353,0.04784606190920179,-0.0979672687397141
0.13132662550041765,-0.008934050556732865,0.010801360463862743,-0.08884710213274848,-0.06164960034750086,0.042778081985496486,0.013733060431734924,0.08117335638558393,-0.07488363540617209,-0.14022143349880195
0.012235245171740607,-0.14889059996020654,-0.1330252676760223,-0.10299375726499471,0.03356466991373857,0.0024937707851964835,-0.05482081588979946,0.031085340018018368,0.11696148851276529,-0.14178943410673706
-0.09068885790173437,-0.06578837876447513,-0.05002701421767333,0.00852257815243191,0.17528124884666973,-0.062439433179406215,-0.08528060123239986,-0.12800037079790688,0.01700099014519483,-0.006116824585254976
0.2731975533636919,-0.16642576368322265,-0.14992797583923761,0.0331943338230688,-0.057342368520031536,0.07987407992154781,-0.15991064981875203,-0.03950423985382036,0.05544067585416129,-0.04152652041311501
0.039509507542044006,-0.20493628808693518,-0.17864958449287888,-0.04607586224508994,-0.1016123902768765,-0.13513035073170715,-0.018669297795551584,-0.13985122637896497,0.028174184989351238,-0.1639118342466488
-0.03689552836305487,0.028249432183977147,-0.12557783794946165,0.16847761641160783,0.11425116413049956,-0.012578656957101067,-0.20191105808224524,-0.14424408973851835,0.06154652658748355,-0.1572227621017585
-0.02766323578841183,-0.040859163126561085,-0.026788811659300846,0.07921462821848012,-0.002656744663006999,0.15578546124317774,-0.07578084873656502,-0.06876487169256895,-0.011714427947236754,-0.18905476532381058
-0.09976053508417412,0.02989447147864363,-0.15952582704462348,-0.1842857591395983,-0.001428031334179413,-0.06044974684351564,-0.16435432115806664,0.07236205548593781,-0.18483531980798804,-0.12133255869323961
0.1283572858489852,-0.030914366241924007,-0.2834050203872891,0.15346129196634622,-0.3383354553732942,-0.09369307947038699,-0.11870968621316684,-0.12564905072981114,-0.02388726584610474,-0.203223772292479
-0.06688072645441043,-0.0169396983111828,-0.2498028815480429,0.011941182847275977,0.012932171797185366,-0.14476485509975262,-0.12396759435317357,-0.16069339411689443,-0.03195459943810769,-0.18028094044269874
-0.1546058970820393,0.16528198327249247,-0.21075294237564185,-0.06044527921718005,-0.020083034187749933,-0.1962094834266293,-0.08034824809932381,0.14749279443968558,0.05776740658796985,-0.08578526267580869
-0.07033798879045622,0.1627980410614318,-0.22930285114909676,0.08597359401946461,-0.1600939387083012,-0.2955192090533295,-0.0037945192168456,-0.055752743780270224,0.1355425208601711,-0.10195952972935321
-0.32502344506815317,0.10029763431745777,0.04996034603249991,0.0924754224813189,-0.1751007229476444,-0.1432810309140532,0.06196796798247411,0.07124624803331875,-0.1798765863518303,-0.2072024834052748
-0.10369334808660542,0.0427043733053874,0.08633990687493165,0.12045057289404704,-0.06335068011382004,-0.15997647568641526,-0.011684045794487504,-0.14855678364236874,0.01664430275638443,-0.01879622807351171
-0.1397458354966558,-0.16844656074829104,-0.003170299736716736,-0.05694217013383698,-0.03393390521016221,-0.1119450461759748,-0.14269181980216403,-0.02425284794107848,-0.0442148624839908,-0.05502843542994298
0.02111576893062042,0.044834366019270246,-0.02833567957380767,-0.14018240200830615,-0.18988657931573305,-0.07465097533294382,-0.17910316147278071,-0.027798651084506076,-0.009864921091536673,-0.020153451441608912
-0.043846050312935314,-0.15381033568564131,-0.10254011227394336,-0.16568775374047662,-0.045579713296863424,-0.21359503781999617,-0.09856477069404926,0.01295805400609517,-0.09505649825109853,0.05120526566092225
-0.02415243974495678,-0.1962592220041609,-0.11307381435316077,-0.0952909980700874,-0.1214467610037971,-0.0849453702814323,-0.009038026731678778,-0.029962676341317544,-0.21204061121432694,-0.02663268144538485
-0.09831568842067814,0.03155331270198794,-0.09712175886303405,-0.14468427950435492,-0.047192325556046855,-0.12268850646755991,0.11785530362759822,-0.06585410507110587,-0.038160526164771835,-0.2719567735789216
0.031244948663089647,-0.014352473474272515,0.06513424497003717,-0.04833948079092155,-0.12208599516005855,-0.22203541161852897,-0.16913537895026992,-0.035035103050681395,-0.07306412561876421,0.035468527832185265
-0.09479871308296753,0.08113611112605647,-0.09286833749836296,-0.03778857201961394,0.21531911727711367,-0.009099275162045818,0.06582845828108677,-0.14313801889826402,0.0650791804789806,0.03830875662729262
0.10321052832595658,0.04980707000202812,0.015639135819793093,0.20016871399294225,-0.0031763530762287653,-0.028943794330636458,0.06400119158115102,-0.20517711718042278,-0.2125404766352692,0.020302256553483097
0.01769079900864439,-0.1130845048564847,-0.04721259209695812,-0.14252696518568342,-0.025324041571691894,-0.042739290835164194,-0.01772843521281766,-0.0023676330040858784,-0.004549640038604225,0.004545419405418853
0.1913120687618811,0.09083701680098072,0.054623040830041394,-0.04510336083777082,0.32510893733681046,0.10002493251887798,-0.09488279084683639,-0.10950812214659436,-0.1277720085991516,0.04392167489036908
-0.04720528282504462,0.16951755352374892,0.1690030781785288,0.04329741786803702,0.2348715347760598,0.1552989407744561,0.01418365928071335,-0.1255967229338818,-0.1478201171182167,-0.1644950662650961
0.12249046146746304,-0.0445792873022324,0.07711288355504455,-0.0039800395389018445,0.03646389051854005,0.12761309567150908,-0.18523514706090563,0.14772551952523083,-0.13679275339787372,-0.0345426368573137
0.1271355041653882,0.13711382130713734,0.23913176948160947,0.0064219812197996926,0.16668507936316163,0.22554261563757128,0.04261454854337652,0.09322270712694297,-0.056472618037701636,-0.03300901573312802
-0.02141909893367927,-0.006990624239200244,-0.02926488355880498,0.024188628503418266,0.16626654266274427,0.05021645071663697,0.03768945579751003,-0.09922209034295672,-0.06242852826418298,-0.1279229961855151
0.05989103249077148,0.12433756832651303,0.022422043141055274,-0.033779454258255695,0.039438072612318804,0.18719284644795758,0.033645463602987494,0.032370771677585466,0.07418369313436032,-0.17810682043952952
0.031495336028315585,0.15353484198180112,0.05900263241399303,-0.0008311414914538434,0.175545676412372,-0.0905263153234266,0.12660650036055043,-0.17380031216140657,0.141312238399144,0.05948054461538623
0.07117567787638608,-0.009177111894964493,0.19828385551209343,0.10291109523431438,0.18293015899548665,0.028771811575029723,-0.1136825945307963,-0.19495839411094093,0.061488724755647234,-0.017870967408356666
0.08632233922233591,0.08054566968628557,-0.003798622526312044,-0.013196274604682964,0.05592335427857365,-0.15740044274434678,-0.06335584287664978,0.047742819949568915,-0.006074165592703885,-0.11804245445687651
0.1341961884152961,-0.023204647467453744,0.13982269165546374,0.06304215925143758,0.09058765145309425,0.13171026134731068,0.0769803530986711,0.01735253139345115,0.19281258599222686,0.005709320629773661
0.1370326911487663,-0.010432756824116915,-0.05371648313127478,0.03144853081736986,0.07065302627127712,0.13874956101781244,0.12886150915852754,-0.07472546441108142,0.002739893451392826,-0.007259059480160979
0.036398909095068196,-0.16978407574238058,-0.017185036417445836,0.13329304968581554,0.20102335621172746,-0.008915645884638931,0.17740924298549915,0.2596389515866691,0.16970453589053291,0.14575598293963607
0.07652623280322352,0.0689249763417148,0.044123250951411036,0.0367508737842008,0.06598680842636964,-0.02938471135159465,0.12137333208097315,-0.020525327137000227,-0.1249393335348716,0.17466549066957626
0.09918553025584223,-0.011246941786278712,-0.0047312257935941265,-0.2178800009397208,0.04589201059139202,0.06176860139535434,0.17100813679374205,-0.02929818327850016,0.10266528531019847,0.09574451417368623
0.254368378690209,0.13518657735343495,0.0865310413506417,-0.18040598862951993,0.17112778372760573,-0.05896577687769866,0.1541611281562471,-0.09475928199206629,0.13842997196192075,0.02395517429058941
0.12658777594912346,0.04448194825371865,0.08165136278121374,-0.04959670766882617,-0.035863675045450405,-0.06767092879144725,0.016077575114356348,0.113406846728239,-0.02174666491024202,0.17278728536909865
-0.01703727223410513,-0.09769832573318336,-0.0016895116742594238,-0.14941430162290362,0.02051073643080059,0.11315390071480715,0.056068695891020925,-0.024355224644757895,0.11835125260984072,0.14124698546807307
0.06252366531888164,-0.07041003939590179,0.15360904580037635,-0.02970281377346226,0.040669779784327696,0.1591389421795629,0.04984465862898084,-0.012558497544707038,0.16175682451120466,0.09967173347679627
0.15297726670657041,0.11814262958954208,-0.11958130131492445,-0.08924621460029533,0.006181179113308802,0.08351774444902807,0.07608342669369833,-0.09662443753975268,0.009625976770985287,0.0229121554419702
0.1588999011971751,-0.06298068208661807,0.08858898421390765,-0.1246289293028873,0.009423078712465977,0.0008800616104538764,-0.055229010465155534,-0.06874347705357128,0.23568242859087457,0.143985762340929
0.10907220381269497,0.0653210000500722,-0.020818431965720828,0.19098363684115244,0.22692417457548159,0.3001701995063344,0.01634634406251563,0.16139234636786687,0.10694882872562794,0.32264742034835514
0.18606376075327236,0.17524146609284347,0.10582471255353232,0.002042612311469842,0.08664605815740065,0.12438326110298123,0.015972561938711785,0.14746744621641522,-0.007227457458755242,0.0946683457085172
0.19721861434861143,0.016266655049220362,-0.09036854862153271,0.1339193173764422,-0.033290841532771495,0.11064808138282486,-0.0775571581434928,0.30606519650548847,0.2417533345802101,0.203544290681897
0.06552283914992463,0.17011526806616467,0.14928009864473976,0.10963221541644234,0.05174263149318101,0.029708584816728195,0.0533253993656097,0.1921141191405285,0.01625129323403661,0.10574726716362992
0.0838284745198351,0.2107384207062385,-0.08228758119421803,0.17782875744564955,0.03704160125476441,-0.04756062251158999,-0.12688149518911057,0.09151329624603541,-0.03113195150113582,0.1790659501069553
0.1382168277644057,0.11709963363897638,0.04985843774790114,0.08083855756147734,0.010741401357643477,0.011324611259469906,0.15617020035328547,-0.02803944242321671,0.01578889994005972,-0.0864207734550339
-0.009280607363262909,0.08090787314869768,0.05853610725455069,0.08083527022287812,-0.20315898257375842,0.20849069615681054,0.23176482521012706,-0.014104019749723237,0.04940209714170067,0.03600377112629161
0.0005272274806677937,0.17244648889910216,-0.003997254165114927,0.08421048731791789,0.07462376201659501,0.08183739459909077,-0.010071262751945281,0.0041729994216842745,0.05870156112740464,-0.08820644771237754
0.07475933916319304,0.09375420837346984,0.14038473226266598,0.00014646692227381075,0.037428538760807165,0.042916641892673406,0.13712983316559507,0.00978408534761351,0.2341680499384719,0.0478900773557302
0.10738285594503261,-0.041064011482383714,0.10436048607243195,0.038011871280955054,-0.04766073425521472,0.08797122650807104,0.0622222069912207,0.10054294083761724,0.25799768728871136,0.054119379524560585
0.11678694083968938,-0.21147687044973423,-0.09014145389138352,-0.007702726839608071,0.030326948900044566,0.30463673988938644,0.21220618041226236,0.045247851490050256,0.08023424195112899,0.17196711920078017
-0.12146420345367576,0.03931826386466521,-0.13726271887927333,0.059774425124295774,-0.11487662007757471,0.020602300603898213,0.2365430326827551,-0.021277807339412355,-0.004117052549641009,0.10041944810765055
-0.09245244291608376,0.006790376917291421,0.001152297402380418,0.2185217538676958,-0.02788422972478833,-0.04481534025806118,0.033582076532877744,-0.09796124357253089,0.14319400253095843,-0.15180511592695922
-0.0020698023264848417,-0.0894388032489861,0.05119379746122705,0.14344168506257993,-0.08321446923187598,-0.07177653651692459,0.10677515258595566,-0.059111943367223835,0.003788453906001306,0.10261532691283218
-0.037759383836123595,-0.16066789160841863,-0.1030357608170087,0.13114780221028494,0.017585692850491857,0.02509232952630313,0.33255543649881214,-0.2013527135191016,0.03622564921655344,0.007112354662092183
-0.05735414821824823,0.0810526112356559,0.1323896222807071,0.07804946672841617,-0.09592126523403956,-0.10635154376435618,0.13839697715014015,0.12706899724312964,-0.30835956484826865,-0.022499979743290183
-0.04524402093755546,0.0606767061909579,0.21432513171379197,-0.18859805805327484,-0.02007562585488258,0.13582635818088326,0.07330927315505702,0.023379925601345844,0.0784020819450833,-0.15437365865844166
0.04490877435496615,0.007208635196546484,0.10392553002946744,-0.13123203666153532,0.1027655627942856,0.20599899403848743,0.01882179112632725,-0.08229040751068231,0.13162708261289846,-0.1920983065336406
-0.029275611989806993,-0.058832134255486224,0.058447510150615056,-0.15065056583017006,-0.0024643346989814477,0.057238391876380634,0.2098964834403582,-0.02248882282893202,-0.01563854896622715,-0.056098499507161836
0.09194261871726722,-0.020521057954360034,0.09209608101874885,-0.016555499606242308,-0.05313825794855404,0.1290614369903772,-0.06436960796225691,0.07661752868325188,0.095854616381865,0.054232858637270426
0.2965354478295897,0.025388133680086456,0.08533826401219996,0.03346504429383138,-0.03433595454041438,0.07522782564176748,-0.06565790013589161,0.04138601376348115,0.1503443630365895,0.07076787709831506
0.2699397272696339,0.05871259964145291,0.006564212717878704,-0.021501801463684894,-0.15207809925564839,-0.054027477362358745,0.13537557936971797,0.12329965739443449,0.14699804832313818,-0.04982892660307134
0.07642828960959629,-0.0016877315384959263,0.10745824136183477,0.011819718844019216,-0.0270292795869905,0.036942012639244584,-0.07106828022641615,0.09691239563514505,0.025000030891460242,-0.12871077032572115
0.13775973564589417,0.06503411631734561,0.16003636867243423,-0.07189856204583037,0.01652739388300404,0.04032055447590998,-0.18329459757724045,0.3959790000478013,0.11713493149426715,-0.029058779650619787
0.13082426578049106,0.08328770397811969,0.09969261856556016,0.1085733946427559,0.024280101884176217,0.05809210264203815,0.023771110827833942,0.18989432877669052,-0.08865216017277844,0.14248757114890453
-0.05643095196111536,0.19868552866791814,0.09522019173472729,0.3008387893808128,-0.0886746565540225,-0.04054039777307586,0.2665672819404115,0.11891219734403001,-0.02930488517483254,0.07385622542661308
0.08929335103621645,-0.014626775403704925,0.02194425550359147,0.054291979866908924,0.06281735189095916,-0.1279869582812581,0.1393365493773528,0.1845520525715563,-0.044904048974179156,-0.0037225765239047234
-0.07182939017865464,-0.0028209362792685627,-0.06972474540252287,0.12203166754765066,-0.037230200418031184,0.14150344983579613,0.19810423779873684,0.08333286423150912,0.05598972720462126,0.03101582826735392
-0.025461946919566953,0.24062522818697574,0.14478302554588393,0.010630049923948948,0.12953608915207165,-0.13655752177065716,0.3061605538035452,-0.13995686663981338,0.19800863997057425,-0.003968696075483183
-0.09023739965205711,0.1746574590460635,-0.05016553844530836,0.01747130958667354,0.1534227501528612,-0.014422225182266829,0.09563544718044933,0.051807324700821306,0.20356846635621847,0.11180988140650344
-0.0315348933597283,-0.178819520906624,0.024222660824145203,0.13139562115995412,0.10389619599994929,-0.08971737767436119,0.08993393394659485,0.015630386406346748,0.1368634308735488,0.18075393322681776
-0.03549663526135713,-0.11544624769546225,0.08673104349091708,0.005212790859244282,-0.13219871602022526,0.12826196833924855,-0.00980069931268747,0.07867635489725595,0.12826201960967656,-0.05104736284942141
-0.1781326225376465,0.0028532051439913077,-0.12624505620587567,-0.12278214747977548,-0.11817639728383546,0.026067056653236713,0.0516434137280984,-0.1450860454049229,-0.05974217712045114,0.20518547018658675
0.06528898955907252,-0.010100597331651154,-0.15977862964620476,0.04511158626442603,0.08702201496713009,-0.08085288046440092,0.05097621449488398,-0.034450068222061384,0.049797006086526784,-0.10174866189089488
-0.047274927892375786,-0.12421332747895186,0.000177664392209613,0.15048744933104952,-0.01781838556909164,-0.01428362354315585,0.1044473305027791,0.13612639101826554,0.05752989204103081,-0.05766926673593997
0.06799891726045684,-0.07429656217707863,0.0912907127492387,-0.013952038963538329,0.007361096611986268,-0.08651907285523358,-0.013226746904896239,0.035179120594328074,-0.051573615953502495,0.06281294310146705
-0.03812628683389138,0.04163864303070833,0.022194319003767213,0.009278659498016479,0.11053414212624266,-0.023543286707545328,0.07805508302000871,-0.02473229325619403,0.04756258205813631,0.09261527955338553
0.010201269902137792,0.004662125336276421,0.0008191165565272444,0.11833557558351347,0.06531701393259715,-0.2102050808588571,0.04170598226960144,0.028715699620890787,0.16256292477554346,-0.10329039532360623
0.04403101057324348,-0.11185526188198255,0.127321148958232,0.002641584243484707,0.10972428105756367,0.023073750361696985,0.09640383900624513,0.17486997596049977,0.06974116081679041,0.0799577804740056
-0.015039624596709197,-0.01398880059736769,0.047507901122597306,0.054914429868791956,-0.0225653078648079,0.011361291650027486,0.20263756168492075,-0.13024532834996186,0.05104454043694996,0.13714555800684555
-0.050974621873333494,0.11539930598492794,0.07698202645195332,0.026168074669771897,0.16913900301048293,-0.0057080070638721985,-0.044870019536817386,0.02495048466444268,0.09049241193870988,-0.0006942836493101512
-0.07863080869358005,-0.07587671067099468,0.020057997356774663,0.059368219685076155,0.12192743483696528,-0.10594865457366931,-0.1314929413357882,0.0779059636448071,0.09725647067585093,0.09747191840156647
0.07782356376029109,-0.08737299659827323,0.14226794062027073,0.10194627073986945,-0.06540214250952474,0.010124795083579927,0.17323160161038373,0.0283893716868957,0.029134330770974656,-0.01649190294324583
0.0034720596970337636,-0.12377369756724002,0.23643805560536363,0.09782085327856632,0.02301069971931824,-0.004293204067937265,0.04926756823067799,-0.12458728389701317,0.19754436649958446,-0.01869463111158285
0.19964694046573606,0.28027645546299584,0.059837802939022244,-0.1161555615747004,-0.0006237511831334135,-0.0011726466689146002,0.029404968315830643,-0.0216796415792696,0.00115455972820506,0.16009365529484426
0.09304984844469136,0.09534452750047386,0.2188944408393052,-0.02499004737903207,-0.015624075014527991,0.03962617444303974,-0.16003246577180602,0.09145787699274187,0.12219117821219802,0.09177080597842642
0.11780176251803076,0.11399124018196316,0.26082660071282465,0.14214856448143115,-0.23386882268558307,0.1472534660389761,-0.016070499132427588,0.025940380296154683,-0.01434063066815014,0.025861967565394356
0.05901298242699068,0.04450414733287664,0.12832110742466551,0.1566513093610264,0.010876220418456267,0.28443427657027043,-0.08000126325785287,-0.08258959180711968,0.20246493563263596,0.299313288791511
-0.055274197485061086,0.11734521329849318,0.11391052054989509,-0.0729754785926589,0.015862310317367616,-0.027564520094528033,0.11455106178126477,-0.010695506683884096,-0.10133560366426678,0.1891662561808656
0.09543874940145254,-0.09968698995230424,-0.005336343719416936,0.0848777504541656,-0.06451903044113616,-0.1076167619640985,0.0015681596321917568,-0.00409522962158354,0.05322379750626325,0.19821096623230458
0.345182532387607,0.04426186153520133,0.138074833456981,-0.03748160358462404,0.0151240155159309,0.06392474297919014,-0.13026740140441756,0.11343425261650346,-0.03784571703747999,0.20826642984505683
0.131060984914609,0.010219967806933038,0.1478387444793037,0.03416095748165974,-0.16176581384536673,-0.02258085326449423,-0.05805532636287047,-0.06307656199985096,-0.07716003726646116,0.09292165504265854
0.12184798163329306,0.03391402055520019,0.07624830718448163,-0.11785505904868802,0.11846365310774834,0.09442206758993782,0.0688529482229017,-0.2719237508640429,-0.23170865589945042,0.03810633875533523
0.11250631610774875,-0.08280243256215702,0.1449678542634314,-0.10213569043069846,0.11609401701478951,0.11139660099485928,0.05285112690159106,0.13633041749156494,0.04977080180143992,-0.1149227747195308
-0.01547870980578532,0.03441873685672321,0.09380095808167267,0.07083291140343986,0.07846174971734034,0.22701265401578216,-0.05068303877050036,0.014631176981499773,0.10801524352333369,0.18952231606386283
-0.02715932916399147,0.2344723872907274,0.21327465951996682,-0.07096163918161755,0.1324371436466716,0.09376600238373664,-0.06513670554662279,-0.046185407270093085,0.0024498014351400747,-0.0549314597414276
0.19361530163800644,0.139996022324071,-0.07533874426521953,-0.07996364408123506,-0.09562135230215674,0.2382219549370652,0.16659615595399657,-0.029399040979023586,0.021698807330865648,0.06284428620623975
0.2151844303363778,-0.2307357373129681,0.04128231970041768,0.16454330619924765,0.11772680621432213,-0.013119141675760101,0.0977578398059385,-0.0701190353420516,0.08511162701062089,0.18989340018731954
0.12009828176461113,0.01759415383917009,0.1734187852838061,-0.010135854668792157,0.06327116261597159,0.21170263779121828,0.06658964307933285,0.23564392372959408,0.08861745232728736,0.09936192205880953
0.11896461518645955,0.1484179310331103,0.20496737742292653,-0.08424085120634389,0.28137529614193174,0.0034838856466763574,-0.022204476888301378,0.028287246000022817,0.15456877912741632,-0.04616038870163658
0.26706673051690233,-0.06095484747842385,0.12647175900529073,0.062505310017215,0.20742829985202044,-0.12443946093651705,0.09624685083787088,0.08371108644971352,0.1275626224317728,0.032348493578818874
0.07817583057077725,0.31135269987200764,-0.06830119526537398,0.05503364794322035,-0.04956566473101379,0.1337265921063221,-0.028756106862658073,0.160471972648326,0.2849825789256688,0.11026837659968271
-0.03630265363320695,0.08421920952910587,0.11749975171328883,0.10798334700548592,0.12602707319088685,0.13436730697388563,0.08881565836839218,0.264884926753832,0.08123747653349861,-0.04578782626126984
0.1689258458216709,0.20468485839314587,0.11267121680993196,-0.015474346099297653,0.1419115653826919,0.09040487455687654,0.02896412687032615,0.09917544782587151,0.02790222623571552,0.06553233080143964
0.1738240972115996,0.08050440905513834,-0.08722905000351257,0.1497575843429174,-0.11996363854373131,-0.020153137218209785,0.23894482408932594,-0.00790912322874078,0.24273647503640297,0.16198060766942302
0.013394852300686669,-0.009524764025453353,0.03716008988091298,0.18677521486391307,0.07098848578875795,0.12553145337176894,0.17448201885243614,0.087420736395055,-0.13270471876660977,0.08940770956838216
0.20098099111005066,0.31807543175818986,0.3093190446930373,-0.015317158942832601,0.008616530868986186,0.14270645296637252,0.21411655588579853,-0.018737086715565565,0.05463844253602845,-0.04144273253509248
0.10071682064210558,0.10810418505807323,0.0755607243082813,0.20156393724582528,0.022492979682044625,0.12955006492110627,0.11665738590964923,-0.08201211297412203,0.10673454557979271,-0.05713316885439451
0.12164450209101128,0.14312400536365713,-0.10102968902588315,0.13391491039718703,0.0004555016819443036,0.06740711428156368,-0.0579327103301682,0.06252094825526375,0.09830768654242397,-0.028096641602646875
0.0385239495295749,0.14682820139765626,0.28795723293806663,0.12847258977604503,0.1505940591156142,-0.09902002174260009,-0.02163694103158332,-0.04734551217720942,0.03403208807421715,-0.013210958129900918
-0.08557447997058995,-0.007462186646131658,0.09458152941791273,0.10073195304479521,-0.04787365292778875,0.06095872287410975,-0.05847279090126147,-0.03682053747209686,0.1639639395780727,-0.08212549665792256
0.1312203588505521,0.06562302755741929,0.2216277745945779,0.168999598166609,-0.03349080347034404,0.07723896836223001,0.28708489450258945,0.0669675675911683,0.12223739924240416,0.06317070743895002
0.1537314642891669,0.30347584808772726,0.13010728495974022,0.18035961567429962,-0.03506090686796587,0.2194769319544113,-0.06338745378341842,-0.05699015285675701,-0.12971537533495608,-0.15400490572203723
-0.12744202184068615,0.05982660930869463,0.3080348808600694,0.2361492804088368,0.03515193790388119,0.03887532728146115,-0.04398470306054207,-0.10187453551083057,-0.05044075981646198,0.056628402821423784
-0.08703158403631518,0.067160770186313,-0.03826500359083515,0.07465920771947557,0.13367292756137494,0.04974300900313902,0.07752938321422681,0.028702351696060155,0.12953449665769914,0.08095823672161334
-0.0245515615771806,0.03945815085889874,0.012587670770963136,0.05705563770133494,-0.08798847160678674,0.010603520355835352,0.04406473473609157,-0.14749260494187985,-0.01271766416824361,0.22128585627658587
0.0743068543532773,-0.1682980245070678,0.23445743005925876,0.10575882552604882,-0.05486335913890038,-0.13843504136792312,0.028598489544755527,0.04185891357579158,0.01798829307783242,0.1116820880177787
0.2204588637584867,0.04963261131774637,-0.0039755933360480986,0.028108442396736072,0.07569863072252783,0.018426860564308953,0.10116546318614712,-0.0424898022262988,-0.09386770413004988,0.18399656163677264
0.18208469733241617,0.20399912297103612,-0.11390112372798361,-0.11512601365348551,0.0381086392454017,-0.08842714490029827,0.15177366742281675,0.010221374613225299,-0.06369635674427193,0.11593673888052314
0.1651068496359219,0.015382808198142126,0.23050040623138374,0.07904594064384132,0.19737137001654106,-0.03721535652015058,0.09188581696515112,-0.15073992508877274,0.15708488075646881,0.12376699401901349
-0.11930841224930205,0.09882782760812826,0.005906550934821703,0.18460958422807822,0.015461571845876695,0.06806029264750231,0.20043959405390033,0.09220430975957429,0.16215074921694161,-0.0029706331890823265
0.1887063984311998,0.07528378876114611,0.10566313791214069,-0.03736122606289721,-0.06473630880612422,0.10484860288451532,-0.0022064910985234026,0.039837756173378674,-0.002472973292943187,0.2875331821072667
0.2193303864999694,0.04952584115847255,0.23821311839855297,0.01515005389229157,0.05140030994934743,-0.00845046673895275,0.13454185463640944,-0.09138567230080476,4.141137584223742e-05,0.04885756705188868
0.1474477986343659,0.15727097556324746,0.06312210041496907,-0.040887035597023585,0.20964111829059617,0.19846140165539536,-0.068317680694021,0.04637844517960802,0.11791985587163852,0.27914242283285
0.14188815584323308,0.07927839417908655,0.3884340284972121,-0.17131617913011993,0.01916066733172935,0.058890811891734104,-0.005335229754172342,-0.2002213112627838,-0.03233882143052946,0.24447631519061283
0.191074041367694,0.09526042466586421,0.16684756694991143,0.05505003102305405,0.22311041954535749,0.12561356025762913,-0.09701724521563304,-0.0343246756549417,0.05279759945419604,0.19678834571292275
0.16888726764320383,0.09458520695696665,0.09328698987182256,0.14575010803032498,0.013098564173943186,-0.03137768853099493,-0.15287693885020845,0.03256735980858542,0.09366355046739615,0.20345153757296267
0.10540291722315843,0.029622930835777952,0.18506893830639387,-0.02724034109193888,0.08703325879535045,0.30708325463251007,-0.018436559664116458,0.08446663356440387,0.1124309112445571,0.3153997269826968
0.16790784601650316,-0.05657008637590406,0.18132742741386465,0.08162516384473545,0.1317140391973673,0.0121163080653644,0.19214737684358285,0.09316691247108727,0.1144157189800183,0.23903892615782907
0.22622799786695985,0.20104863682042007,0.19626768560980778,0.01748102308418544,-0.028885413077747987,0.027222931143735002,0.1786851515610677,0.2748990639093641,0.1654842016698736,0.11529383875093999
0.13224986689696394,-0.03536405137354939,0.1306479335132138,0.07611939952593723,0.21715212066683767,0.19810712812327075,-0.034472563391318184,0.014967047626845378,-0.08624245660932034,0.24143285155984004
0.15738486314418215,-0.03977534623167847,0.19273303699064084,0.03269841004266233,0.1916337557813501,0.32257455499551135,-0.14794108868477968,0.17245462007927576,-0.022522566549661227,0.3187643965280813
0.19341376777041297,0.21587065917383336,0.2444196637655528,0.1355144781502769,0.21866884791738966,0.21601875702884465,0.08603344362111141,0.09227606502484281,0.2275816876192672,0.08556452965462656
0.32597448120246875,0.09542363021480708,0.10129785322308585,-0.07823855349068773,-0.022784615725399276,0.19475547770810733,0.04880777649380164,0.18123691783835633,0.14666751144742352,0.04912163231052501
0.06148266859074958,0.21896296198933696,0.1861976040472054,0.05902403583562716,-0.06651556109413757,0.19192118855421533,-0.00025689877011372125,0.11591345222242228,0.023607542246104972,0.15586143926247312
0.3085572587693959,0.19939670813896238,0.1797082327446029,0.00919560961058119,0.08300897607633899,0.15565055770745054,-0.09358839748536477,0.14827128563091457,0.03847149502002864,-0.08408631338367453
0.050743549984316,0.2722183187560429,0.1416544369794233,0.1383626039211578,0.10423269637521848,0.10591858510838839,0.19625224853246498,0.17985338059297176,0.06507359536546078,0.21187912267932224
0.059871643323043795,0.08312368399482417,0.10666447281071209,0.08000927706523078,-0.165156816887369,0.18312404320182718,0.004241541529423479,-0.05727705696103638,0.2546678625261881,0.10606139592510047
0.13499452678979776,0.37369213535984713,0.1780689661723948,0.07651510628993582,-0.11963541407223463,0.23088004716250538,0.06055407837648531,0.1704113694787619,0.10050498822110916,-0.019090211846705257
-0.056148917765698775,0.2868891559820405,0.02980722730286936,0.07560068960333384,0.029446621810538375,0.0532030555800416,0.2498015589116554,0.07453194379385275,0.02785354033762663,0.03962552916113028
0.15948905922868695,0.11153771671542614,0.137662695008481,0.06120023039006518,0.16213614281423383,-0.050640815551848475,-0.17535798225589827,-0.00762324195294406,0.3037701145291657,0.09125703192905671
0.16244962206474584,-0.04154301559016774,0.20951459016815324,0.20500043586460726,0.05185532154071077,0.1146401570758041,0.029316209991053555,0.2087336967426987,0.12895442956751418,-0.011409617394313176
0.17942400842958034,0.18001112756920723,0.12153918300027056,-0.0330400222477803,0.199550127929973,0.058504589819172705,-0.04242797874971897,0.17635577074238978,-0.12275726014983923,-0.002294520107086223
0.1270962595017337,0.017359604116116242,0.1320070931766335,-0.05474136322849124,0.14409164514873302,-0.02564395443593802,0.1114836407740178,-0.08164196903247575,-0.13635519084336378,0.14321718133196257
0.2051036702208457,0.09942101127386482,-0.0018857604599900463,0.08381724110602357,0.045586702604156544,-0.023403346369563968,0.023807310429250952,0.10640296002616617,0.022643481262576506,-0.0558513020033798
-0.1446447742803394,0.2420588770238083,0.16901903930468876,0.19949874089331351,0.11368547337068691,0.043899079593194515,0.002004222793425218,0.07485383181988067,-0.09495091304156782,-0.01961363391647948
-0.062494958840875664,-0.011289404684101056,0.014014549966441511,0.04939522195920355,0.12108852139825521,0.2146740967624739,0.08086510360661965,-0.06667658543489813,0.09082893728938463,0.10527252024642265
-0.12167103765900769,0.035699260502300545,0.029989146405291878,-0.11613586420352395,0.07663062764349092,-0.03008044700638142,-0.0803723808256423,-0.03861244578102044,0.12038381587535292,0.047904282680676744
-0.026088623281991085,0.10614677838192985,0.01355527721984727,-0.034815706510502836,0.13058983345055197,0.11321443100353795,0.1604119332055705,-0.2706312836881233,0.0002476889289299289,-0.009781161009405306
0.016649518527339913,0.027150493319806845,-0.0020212803024368467,0.03415265154443391,-0.09915068968480491,-0.18763326827128482,0.056542508553382095,-0.17361211053285808,-0.12379080544722457,-0.07148177637824032
0.13136529645262074,-0.009982460315005498,-0.05457515712633064,-0.2514832465261417,0.022322013698214994,-0.024326960960182258,-0.019256747123123336,-0.03155698998084816,0.009642965230123653,0.07709277519181428
0.00816182501522774,0.0007576179616190345,-0.15347829395692647,-0.11486597391155773,-0.015721535741433652,-0.05008494988737728,0.02730863844407136,-0.013713818590921002,0.0861389932663791,-0.008204499715793501
-0.09450949431301336,0.07329471815553612,-0.025034678745730808,-0.16799123542708955,-0.02741761837060258,-0.027330648822585825,-0.04343923427480438,0.08329017760424784,0.06407654290283588,0.0571607563994099
-0.08914765751988926,-0.11128068083427994,-0.02911542921998514,0.03899931344557111,0.03735727905178549,0.03743233718114164,-0.04707072540463375,-0.028487858690689226,0.12316588032622208,0.0819181085242098
-0.05827730102152124,0.13149511619195856,-0.2799327030981449,-0.04509020781583044,-0.0006973057843288437,0.05800721342525465,-0.23287124341615997,0.05778581096022479,-0.0912180311676441,-0.09024903307608845
-0.08184985956372022,0.08455168592330159,-0.07085325706428713,0.14994780651883707,-0.09031423719282775,0.13761285857202343,-0.06667525617100474,-0.05138525905718215,-0.022747679845104996,0.009964953805291363
-0.1771506675126984,-0.07080178357354006,0.003283944082809926,0.02630201768125452,-0.06054037051773946,0.05601819468520351,0.09024142677592781,-0.10470897929215672,-0.025947742708204935,-0.16861094902053367
-0.06373797965746919,0.02757035518096542,-0.061206240901461845,0.06482481358753248,0.09628412481765594,0.015030906086887959,0.08151809984632381,0.06621981219616535,0.07049513933200452,-0.16059291823710048
-0.19251192274886766,0.12191051414780772,0.06567704246134634,0.03466554577015117,0.060335368511159,-0.02628756935658541,-0.000977832953403597,-0.005890717643515668,0.053928668666148954,-0.019876071488085574
-0.225141114082217,-0.06984869687608611,-0.0681099445551803,-0.05728847538783914,-0.07394656686321327,0.13653495312177383,0.1798167636981429,-0.038664897635159796,0.23489115069341576,-0.0184094982833203
0.000123882494174693,0.06533739524816598,-0.021292819729782468,0.10529814471141208,-0.01148828131823533,0.006835234373463721,0.10355214561767623,0.06873600694102412,-0.05887694869226856,0.04862771148535464
-0.06749688962725799,-0.03483187590769847,0.08806334575378963,-0.010935084545647233,0.10727869376381788,-0.010028478723834933,0.103060600586631,0.013472739844393046,0.05945940591751686,0.07455756975798031
0.002784087845476877,0.0659438387757044,-0.05888834409426557,0.10047055457094001,-0.011487498766125273,-0.10934321625688352,-0.00476957520795903,0.008579683508246814,-0.06970179485984412,-0.05383852670579831
-0.014051054465585532,0.011305123623113375,0.06271079741889134,-0.013847052945810123,-0.1385883331775813,0.08141331147821212,-0.054989849576227066,0.05995944842713099,0.2056241155057495,-0.012457628954416551
0.06421617048655676,0.12208069352467778,-0.07133367627862601,0.20648342065552577,-0.2950322496418833,0.06818224377331367,0.04997220295372247,-0.10417697123053521,0.025734028425399288,0.17026375133883506
-0.2350882862869957,0.05887685182932983,-0.042974811481005556,0.002884407358121288,-0.11774888522583446,-0.06859889395680821,0.12508486867516455,-0.06195190702946649,0.09492715851697064,0.04211487777280401
-0.03678589694371811,-0.12785931495098085,0.08381865615790124,-0.17540021615499485,-0.11600844889466827,-0.002641797898489019,0.04663481813307966,-0.05762152989485633,0.2766056568593641,-0.05324754235356757
-0.11451255244534651,0.03646826356515337,0.18825951687518966,0.2057681301131674,-0.13447356848089737,-0.23245863096239647,0.025817411727790122,0.05089206012368857,0.07068477129180835,-0.010335144632755776
-0.07372259300838185,0.02508937516049961,0.04188201911426613,-0.14532205031445533,-0.20551610793577144,-0.08257111281244153,-0.11205000200426707,-0.05075206654589945,0.17491827655385894,-0.008990549148538765
0.12885068614582418,-0.053547671755035844,0.0017095989370969067,0.05243305527868601,-0.010588673219947789,0.02200213083986159,-0.11875311085868845,0.09626486937034653,-0.006200734663960046,0.12137303997186821
0.23789550082854977,-0.11055453325140148,0.23261497404998957,-0.028505830010624837,-0.08419499509989065,-0.04543587812391192,0.07699496466073484,0.03708269908563295,-0.0863792421023198,0.05294498310500206
-0.024292328057863487,-0.010596556544968803,-0.16155265002420327,0.04346631439807523,0.07036576179678324,-0.020130240770841863,0.11144872189809249,0.010931453053561808,0.15277221091412607,0.046807622883335856
0.08240125748218236,-0.17493768859920233,0.0898566710944178,0.052341269855298474,0.1530796710912837,0.03191248501403897,0.007391560093345392,0.151059128145133,-0.13170043397674525,0.09806700552638065
0.1155883820378835,-0.0578300126192925,0.03473690788865204,0.023523827763630857,-0.11083677810571554,0.0849539682588865,-0.018270656788303717,-0.03889196028180068,0.051867566005201614,-0.19089212594639904
0.04150595749699426,-0.04241600054316297,-0.04638152507110129,-0.10308568242439642,0.024695470517644175,-0.003412062606791628,-0.1495289020492834,-0.017409803062509506,-0.0366376320195049,0.13502446456841233
0.1036767812619444,0.1167295842389732,-0.23145953303075925,-0.00788807201721091,-0.1203796198284005,0.05858577846272357,-0.021331023130186852,-0.14857835137510023,-0.08609769699435664,0.14729474545120608
0.15935591170694882,0.2686964663046654,-0.0929651592589501,-0.16719162797604184,-0.13693132458596924,0.16511482421430476,0.00801580328645797,-0.06092345276734491,-0.12454204819178752,0.05148735892880118
-0.08747900728748831,0.2576689489988733,0.12495572510666011,-0.13649905442532043,0.01334912686054437,0.028791631739629432,-0.2232521338528835,-0.3177100032782188,0.12223972882566028,0.042226429175177674
0.13302400461612504,0.010798794485556783,0.19451677338482726,0.13417351444278883,0.04526657198918843,-0.1687457980427449,-0.09374360688529784,-0.15708222588642679,-0.02857360635685806,0.02702034136056113
0.07894602718532737,0.20890325677903324,0.22456203280030243,-0.09297399848632337,-0.04542448526359347,0.11958321346151304,-0.01956505894689596,-0.20743675138261533,-0.11116585947787705,-0.015111592291263243
-0.10278472874212807,-0.02669460707571203,0.17002674375129098,0.08629952668557993,0.08009569877962516,0.06043346759244453,-0.1649631530250424,0.10857604431733676,-0.14780077604574943,-0.033066267407111175
0.1463288560228414,-0.1456395457597142,0.08958135960175354,0.12270238648049872,0.10316996757013085,-0.10820650396686574,-0.22018433091617468,-0.1557799985377759,-0.2183033641463828,0.10974089341187282
0.14845496566148414,0.042931519307043295,0.13298925980598242,-0.18844099744461393,0.004279156816279786,0.10964321989982662,0.04254986910486147,-0.051443727842021114,-0.1491545215123436,-0.05340244307902094
-0.07631407706449285,-0.08468788061756793,0.08467681528745387,-0.16434579897633478,0.10241238449751491,0.07015680119276838,-0.037577342847395674,0.012342221288487921,0.020542954760060156,-0.050314139450097085
0.0633289705100981,-0.0022410147771081586,-0.055186176814757966,-0.1395920570814042,-0.013159071850156787,-0.031434821647124814,-0.019484077994872437,-0.08625881790961532,-0.09694143094902324,0.18584885961885322
0.05761774265258504,0.09647570885999629,-0.04363905851692063,-0.12073179555887822,-0.21358066807249976,-0.1281255694826732,0.12436430961713499,-0.0054832823218286045,-0.12248710967940854,-0.13418195558635776
0.14461172815057846,-0.007491305273032552,0.18244281729178186,-0.13727478990360964,0.20319215371359334,-0.08625386313088104,-0.030311451762475593,0.08139911305507652,-0.05525817751193958,0.005391032117614356
0.015899296702818647,0.1570054912744644,-0.1670487538561347,-0.1564614640251515,-0.20323519015768834,0.005997452217510178,0.011940478703522925,-0.17343828152740737,0.02918795364653295,-0.25029953680942085
-0.061861439238738866,-0.11683097322661602,0.14697541662066385,-0.16736795286096828,-0.1065842251848326,0.033070838948701144,-0.06942291187634292,-0.16557799303488424,-0.12255860101063938,-0.04356650655046785
0.0321988072158904,0.06599642716815293,0.1648266401424951,-0.0012392666416282047,0.09885557529678804,0.03635836913861781,-0.12110163507454969,-0.027644159167848032,-0.10110123707185038,-0.07581861907913252
0.002891167921088518,-0.005689880374856949,-0.09900904355200314,-0.03153690106925452,-0.09356106468198698,0.06906285954600794,0.004602613435164993,-0.11407970388973984,-0.008439969699123775,-0.27482650392788566
-0.14757165292065108,0.15408413118686975,0.04299178146723522,-0.1554449536223186,0.1742009978934616,0.033561256507354476,-0.03383723078138716,-0.06504253394651899,-0.1804293511986394,-0.044194661735675406
-0.037291253404514196,0.04386366235902139,0.06805044734770066,-0.23929305554054084,-0.0001446331993085071,-0.1589434921236269,0.014271230485999556,0.02486437635918553,-0.05381712330322713,-0.010862855349392873
-0.16821905252683472,-0.10318310158013419,-0.23236880500044677,-0.2621491271288442,0.18050416438808767,0.034749508272035504,-0.08314057601834275,-0.15368671708375808,0.039213714455589035,-0.08192950547353609
0.1797249959805723,-0.1641663958013922,0.006282703675338761,-0.16081411582629507,-0.024962302746384536,0.09675739990750365,0.008368009040098684,-0.008854889932105578,0.06906709278359649,-0.021919525143763535
0.0808496572768758,0.023850979312610293,-0.11460307991361458,-0.1589193606720016,-0.016930063873480658,-0.15697535128466394,-0.044123375463388834,0.03048900519571235,-0.14057438746483325,-0.06495434219873264
0.014469607589673781,-0.23991553950118177,-0.05939939209868436,-0.13037508243465862,0.04150761907795822,-0.1786903475428035,-0.13507782362540882,0.03610894509518526,0.07638338702399664,-0.04304293784100784
-0.12023673782508731,0.024175852554478697,0.10040824968441994,-0.17640134091494714,-0.1052568289621062,-0.04787390626904941,0.20616879396876686,0.12754517165098905,-0.20111626122176807,-0.00629249183189191
-0.23703081539383306,-0.04276031489298362,0.02748273662870411,-0.020974754161213374,-0.0020439402616712413,-0.0688617345729654,-0.041995801107635226,-0.11862518231144424,-0.05259923771295024,0.042775867713601874
-0.18344156144229654,-0.1433627234186171,-0.07888734114004207,-0.10910696064598249,0.04715487033306796,-0.27217005323826615,0.02066296232056345,0.08803879975972342,0.10483909366027656,-0.029682975482440633
0.08073429292674554,-0.1977790679192324,-0.02275685158960053,-0.004232197785306063,0.005125242571677374,0.0069007646320179,0.027196192386777215,0.06458817576844542,-0.18182447196909893,-0.12949823053502313
0.028367128582307582,-0.09318135430235211,-0.10550279387058645,-0.1495158497851132,-0.11866433828432585,-0.04894528139545233,-0.06937135294667617,-0.059142320504137744,-0.08157701557424851,-0.06790947919266266
-0.02618492740992086,-0.08095282499989956,-0.0021187303696814652,-0.15512767323585452,0.005300544828641115,-0.24180262089690835,-0.009600326344593308,-0.05220096680382149,-0.04927315399432709,-0.0955784906522835
-0.07048242248067786,0.018055638098925145,0.0494226861520886,-0.009233025857773677,0.05656408273534302,-0.09800595831735219,-0.10315605383479473,-0.026225857731477283,0.024209155874448066,-0.10402893966766329
0.02556000884699773,-0.11856487445705458,-0.1480423160413834,-0.10089900683689693,0.046089605710857615,-0.21260234290074473,-0.3043109507812354,-0.03963026225644501,-0.06944961940236481,-0.06814799421079247
-0.0300936982999242,-0.12474922622674556,0.0435134357386619,0.029680980248955505,-0.0007019005826948768,-0.06678061782752501,-0.16273876034204826,-0.09771332422484252,0.04050247006031231,-0.16190091283657676
-0.051667944763358,0.26159954143964265,-0.04108235651063927,0.024534160278092073,-0.11336761403005494,-0.06501310453564853,-0.03675001662614364,0.05261828884704875,-0.18376706696200903,-0.018791529612979176
0.12830096278128061,0.08782980748129818,-0.05919601310842751,0.0012241638668866357,0.06847560067017128,-0.06681717419683908,-0.011400741789201231,0.029772188893775357,0.08694301442990815,-0.1514282858013161
0.07626306909305036,0.1832427766323505,0.20258774344391856,0.10983057413503287,0.06261974976594717,0.02919698976582678,-0.08068342551035446,-0.026482465690545052,-0.04072976362488273,-0.05140413086603399
-0.04502838975393163,0.05992745048084469,0.005832475213531717,0.02349049542115575,-0.13199810446245222,0.09801130031060613,0.010611575936021236,0.06735920698161071,0.30855562156486155,0.10367705137658635
0.03087674641209866,0.026428241310278877,0.046801732380358965,0.05912985258240824,0.005191369388034876,0.035852999924748274,-0.04503880871860995,-0.17027406334880535,-0.010343642134098302,-0.11433311630445415
-0.006189715768401223,0.16356699356211213,0.02773280684198393,0.2794007274597796,0.10557963619111918,0.2543407363666836,0.06422852381427717,0.10338086856081821,0.10874540755973369,-0.024290220347603322
-0.028700062012491312,-0.038445968728150606,-0.038781174419252835,0.15926880033344018,-0.09412223322260072,-0.05606057336033497,0.11869777299855826,0.11708922389861068,0.016892768453947257,-0.1295625057843879
-0.14487030745104426,-0.08644375316239714,0.07192385229403478,0.0044386286913115774,0.035818596020332064,0.020481997135849823,0.05742540481359002,-0.01121714701133987,0.012671624880480601,0.015108030547200297
-0.07076828575191405,0.012703307692225444,0.039193179234553246,0.09631849282683602,-0.09907823638581634,0.012129826435416033,0.06924377930129806,-0.07166316388684887,-0.097891306937261,-0.04232182650422296
-0.07756191005829027,-0.005312670503709824,-0.022152897576191297,-0.11364025067037774,-0.36764715433752077,-0.16298175592983147,0.19918572006389298,-0.03017868141338905,0.11031675132010539,0.07325389207296112
-0.17094971009788051,0.13062100482580913,-0.04107891090249639,0.039125320733374214,-0.0998185953352624,-0.45270450574470494,-0.13620088544114642,0.044855671339146516,-0.013617187871360757,0.12173904622848489
-0.16983340852500006,-0.0027056286997583848,0.07811878884480226,-0.05101206853087338,-0.08305004967646444,0.023650496657526568,-0.056761767331492914,0.054376425160164686,0.0716462372333506,0.03927351936981964
-0.10195891057985536,0.017324769416028382,0.0779578387652214,0.17148983108224672,-0.11358877190639088,-0.09705857969452263,-0.1903589766568975,-0.12337533958290847,0.07396892765545887,-0.08107031927580997
0.04119645973154877,-0.01901164477193998,-0.017076178197635898,-0.06662353568497445,-0.1876470027856767,-0.12753058671305467,-0.1021106345194335,-0.08943048506964332,-0.022835374636999736,0.009003656806831462
-0.05262204985050035,0.01123942787007403,-0.0748822872550783,0.02794308910167799,-0.02106436493467527,0.10663873929350753,0.05111891941332705,0.14461591444741956,-0.05008345368153827,-0.050777269154409645
0.03649515389381132,0.03410783867325167,-0.029307551347003462,0.009130943654266019,-0.2147940577157617,-0.08480892912391165,-0.022010336906654975,0.09851873979260739,-0.01867296750451349,-0.10796643750883231
-0.005848148344171335,-0.06926935085096582,0.11794599126706937,0.1336292932918976,-0.16571310260049388,0.005618175047527971,-0.06440578792957544,0.02192789459186743,-0.16859682530770195,-0.10174982907349961
-0.1953872895585764,0.19907217138849753,-0.05080277385651062,-0.051107502172778575,-0.0971288854100551,-0.007591139219951833,0.10222533831162994,-0.10154818845455178,0.11802448919393563,-0.09212600094734608
-0.10371094557716756,0.036858863315893955,-0.05588381877816787,-0.08908718170357002,-0.11041957382442481,-0.2549585852830275,0.17282806128808223,0.07694909051536622,0.01872511415306331,0.06885162317878267
-0.06440646326711898,-0.05516840013926476,-0.014923895254213436,0.032869673825013275,0.17856087992635133,0.10900867208414791,-0.03796381308565284,-0.016680801113575304,-0.07654636685751044,-0.015458518999192268
-0.13094808106569236,0.15657504054738058,-0.13864140737031216,-0.10271259774063743,0.09409524562756462,-0.0028068240496007466,0.03139805436564002,0.052869653134800694,0.09112841927656298,-0.046446953513850205
0.0626450405117675,0.04336565098241753,-0.11902887182120225,0.08580097632765524,-0.23742543949861872,-0.18129349747887336,-0.03389965995141707,-0.031443654806789595,0.06337808870368035,0.13205209903054133
0.018458148582910304,0.06868179964998437,0.0001686686977607644,0.0320009624889671,0.0016259390394009181,0.04575204831081317,-0.18020937922767016,0.00029007143951272595,0.1186434225463664,0.056476096653825504
-0.07623485401656895,-0.042950203741996644,-0.16372897322169405,0.08847989587662641,-0.03485742863175086,-0.014004981128214963,0.029873405223596494,-0.08976452933138199,-0.062188423129194495,0.11550662003282246
-0.2426945375922508,0.08788474871122584,0.11413428526443532,0.03062585902388785,0.08608272483704721,-0.0962704005181384,-0.006918703212155036,0.09103138817772743,-0.000682399237610206,-0.07974373686658928
-0.06999707444614249,0.05214780612731622,-0.10356964078622169,-0.09502218063302609,-0.013662890064175391,-0.008415399010333058,0.0412320623202373,-0.056357191399467474,0.17925974522289007,0.18650083785956795
-0.04170427813032019,0.04345206951991876,0.1380768349846514,-0.11437665922491944,-0.018569549824896194,-0.08975801632103511,0.08940370154185646,-0.11719566114502644,0.04076628010148287,-0.009379469246836965
-0.1026668798126635,0.03652849578579806,0.03151218356209817,0.01759626349850009,-0.22318352601659175,0.007810882797717453,0.08556704327140008,-0.15185711471279598,-0.042100921982308574,0.13021199908511807
-0.2870406289287443,0.04179476121984113,0.07655463631090581,-0.22853931123227192,-0.16233778980544192,-0.1349422741636602,-0.02857370402891725,0.006647491135063306,0.05920956222254866,0.16064627970335502
-0.21004152681336977,-0.13029675585665007,0.10997291355041608,0.13572466893732957,-0.01245486532565901,0.11113257253918965,0.12409494206969801,-0.1275930469567978,-0.023167958903998725,0.1329958162520093
0.034279996758768874,-0.1139181217923736,-0.04978414527578448,-0.07288135504579124,-0.05176583860811604,-0.17307395416606072,0.02896034157821604,-0.1447807768592523,0.17442331299844793,0.11640098139707099
-0.12147583747989599,-0.08194658936018522,0.15802535663663891,-0.03242735112146844,-0.11626129864145693,-0.055378246244380994,-0.12950094727601677,0.007279777508091639,0.08606707237655105,0.06609377672695872
0.06994158154109453,-0.2739963509324356,0.08137320474091336,0.06093325672828362,-0.1249543687713155,0.0591277640554034,0.020922448523993144,0.015467521857405353,-0.026953351819874505,0.12226120904832133
-0.004126922329176127,-0.08472099101714173,0.06357614105114812,-0.09354552666173149,0.10173852453153742,-0.19670298168540343,-0.09351175830143893,0.08249672203228386,-0.032843272649621655,0.11336277624977832
-0.01302741791370714,-0.11762357878178625,0.07992937332069297,0.091278045884393,-0.1547314056108554,-0.13617353779416969,0.14510895751597402,0.11566160804343381,-0.07825667388710392,0.14473926042080884
0.0773548873443889,-0.08654881395136332,-0.07693155645659866,0.143701757692205,0.04209420846875589,0.10956600130431125,0.08919051767818353,-0.06329472567849881,-0.02336780501116628,0.12631106399882197
-0.12755222573608888,-0.01091871819432384,0.009336660318778965,-0.1259900946989568,0.08896757626927061,-0.04455813013272688,0.00889633177468524,0.011500288994026258,0.00039283566229507405,-0.09448134636921404
0.04961757329967266,-0.1319684122097351,-0.06811122981896345,-0.15269446137216885,-0.11601094788677076,0.07385360875479845,0.09301106902088964,-0.09244926514823387,0.05429011725508152,-0.02905483628626543
0.0027642599049961768,0.1440094623729793,-0.0030180172618664222,-0.07327945896074062,-0.10604931538244397,-0.008654994219273989,0.06177355726735278,0.05802330162353208,-0.021322793486789414,0.09656232921020219
-0.145189658564708,0.04725734539146076,-0.048472374304103984,0.01907849476769155,-0.03870076839895605,-0.11879040984024335,0.02405826911603302,-0.0631724922561803,-0.24575796235883302,-0.02477822713799769
0.09010434182452769,-0.09818295644444155,-0.3175693954365639,-0.0613005393824083,-0.11379594949055452,-0.0432528125529974,0.12315895671317487,0.042444737577882766,-0.03624679199933302,0.050509485356981354
-0.12093168995630865,-0.009301944627185046,-0.16375340744072409,-0.21181884150726385,0.08358390625750087,0.018153792511004255,0.07206201518412406,-0.15557090669969353,0.09502959130277365,-0.19071995130981687
-0.09504369427385322,-0.041975729850899327,-0.04932298368173679,0.16647441257362147,-0.022965845043524266,-0.11312195055177605,0.2369890772573471,0.06368767733071669,0.05428033371579977,-0.12743144902606382
-0.10619253322098184,-0.176136730369951,-0.33745749846339024,-0.025969482498942438,0.11140155658212059,-0.16507369743489614,0.10689569459039996,0.12833228807503996,0.04215907908213261,0.005273154578332898
0.04133604395603889,-0.004396376269828306,-0.07663334573687801,-0.049133677403678425,-0.028908833536515726,-0.12748646119222137,0.02486469840312167,0.15603827065683823,0.060062899768795835,-0.051059460632342395
0.17508783975210754,-0.22243770317751582,0.08766774223008209,-0.07719143345264967,-0.022964561857714488,-0.05691121899184292,-0.06836991337250994,0.051653746894392324,0.04249201902293975,-0.10238832742288692
0.051769780856189856,-0.07969383830766064,-0.05087597237116329,0.028808377910109775,0.12022223191430498,-0.13198907290671127,-0.01743817715982591,0.021411228382068985,0.02693980214206897,-0.14602493859115062
-0.06667622369401746,0.06868954389697954,-0.12848360553894594,-0.09776441786565102,-0.00751010893256869,-0.13063400051085927,-0.11022032589916123,-0.07757819640455413,0.00622059754776912,-0.0217179190832129
0.028124946328804766,-0.18446933616433522,-0.13421970904028274,0.14194431027912155,-0.19333816258152592,-0.048166654455879296,0.05510353797974207,0.13600839644511406,-0.13184840231195194,0.05992915532064686
-0.17091432000861356,-0.09525539293879841,0.06878616935389881,0.027588608014447073,-0.002867191701743788,-0.2632436152419096,0.046234706207085315,-0.054730029162380664,-0.06972810414012973,-0.28850452033240565
-0.08264244371382129,-0.07502686652699429,-0.011873275046759266,0.12423344839378148,0.00892012196840375,-0.22654137421678966,-0.057815813568340244,0.00835323425943113,-0.15526653250513142,-0.08635842267259199
-0.27945456506629135,-0.051853919339949706,-0.04464604698898461,0.05602690370921,-0.10631937519778016,-0.0503029568030041,-0.05706021558522404,0.05087364826732815,0.1614187202171727,0.004103371621934901
-0.0940297851610917,-0.10096580165836772,0.005026724933862234,0.02361009124860291,0.004855289223456488,-0.00963320752425692,0.11329336201554646,-0.18931908215272245,0.06794000451710869,-0.03704535871791907
-0.08058799354758303,0.013498644642815784,-0.0883868450842197,0.14073341808268497,-0.14162932003654416,0.01719990232624434,0.12145727541702435,-0.036837836132989875,0.022856723968560887,0.015308467521368607
0.029589913941613005,-0.18551487241435405,0.08699097852458668,0.06096733235980677,0.031644814116016204,-0.0902091080497421,0.12072411543024941,-0.07265722486168544,0.15998788880783815,-0.10119483770851342
-0.056774170456849606,-0.012139015798445804,-0.019327628230662967,0.03430198041563902,-0.04111444716229797,-0.003274990591008383,-0.18674813423831646,-0.026351885574112024,-0.014641394172325281,0.0006583958747616338
-0.03938728614357426,-0.10861611640728569,-0.0696691809837735,-0.12594461008094732,0.10089499463974659,0.07649476798756581,0.02009385456882598,0.10172147975864988,-0.09178682593976269,0.15301354033911138
0.04142691350332473,0.11152815971701487,-0.010004872401683407,-0.08192183310673593,-0.027416481297985126,-0.10302474520108215,0.029656465137268533,-0.09464008028119116,-0.06709301135496076,-0.16671934179266007
-0.07938571597764355,0.025607532691594978,-0.10210119965134606,-0.08631708319146364,-0.047130780049185916,-0.1301945035327116,0.05955646240101147,-0.0915413898106405,0.0034675304443671506,-0.016021266070321984
