T0,T1,T2,T3,T4,T5,T6,T7,T8,T9
-0.021935893251457346,0.06366235757434179,-0.1392477234440593,-0.009115287533289607,0.05902964814699011,0.08115393909172391,0.19258963237921722,0.1282067440373231,0.10765711054923684,0.20466647806359106
0.13794968078620046,0.08140635813276871,0.07631493004529383,0.16972402871383518,0.11758175315046118,0.41069470551111686,0.04406731531795789,0.0814456792013907,0.1476355637764203,0.22099046204240996
0.029237862210035707,0.011474665412809795,0.11189793957428221,0.2428820889734802,0.18428087400904206,-0.02882816098486883,0.11464435145612878,-0.007288855401450023,0.2663885535570233,0.14720132842197423
0.09159407296260832,0.024002888740605792,0.267276863454591,0.19586943354238012,0.1238036269412422,0.3104898154669017,0.1325771166017362,0.05405642975378719,0.11125571121003802,0.15839737817398802
0.1290612148183871,0.03125278051889585,0.07081153126980955,0.05151089162803295,0.17922121421910275,0.2824802754071034,0.13133997725437915,0.18973396346814636,-0.008230496695859763,0.12917443287791983
0.13570646613145398,0.12591768071929,-0.05221216067646321,0.0679277942440705,-0.041632313655102865,0.0140761850014538,0.08586267185158468,0.2573535481461834,-0.05229470493145201,0.010751559574151276
0.04343360183248947,-0.054216669169138684,0.13892618590123212,0.08919744754735227,0.15025152022272878,0.2310002347286345,0.10409656387202205,0.05755154066339876,-0.01073400933481182,0.14941508603760284
0.011258904159990438,0.015189346351194795,0.0026202259675278256,-0.08771500399142847,0.10915522896108348,0.07568216204854132,0.07457310682328676,0.08033735916875182,0.06776405388756714,0.028275324259771167
-0.01587832370070273,0.039088132607950486,0.20463738627989836,0.10720664197675094,-0.020304210483855265,0.2300124232705364,0.17008020427814236,0.23246690436419332,-0.12548045352857584,0.02818763574006234
-0.09026863123453102,0.16381703331330016,-0.178036867498985,-0.0008171899425349696,0.13527878847040425,0.14326655187832837,-0.02849549103674799,0.13052722217378965,-0.08057942190179694,0.06968520331477417
-0.010883198207125314,0.23853630217072508,0.045079890074164235,-0.03280793213004794,0.19412651152347116,0.017419011510672027,0.10375369445941264,0.040821800694866794,0.15999950547555358,-0.11510220194948084
0.06659591416029856,0.08594792492301664,-0.038069660817714186,-0.0915727404158553,0.16552928884589124,0.012865503365688381,0.0909047291521703,-0.018901319475370788,0.005793961361088482,0.18358980015080645
-0.13170266950002213,0.15886904238497346,-0.005474446433185983,-0.059645371394010833,0.05265576828846714,-0.08335326158912514,-0.06982872031215448,-0.08802531541697246,0.0073347125423688445,0.02904000925318225
-0.1977788758543288,0.00038952910597207097,-0.03952555137141393,0.03222842752359694,0.005214191410875757,-0.09392413088799167,-0.007551044991154641,0.20000357216898976,0.19295642601813084,0.12604352729623597
-0.195215546644058,0.06781916310100466,0.15136059673699986,0.11449928070334328,-0.2950060076910439,-0.012553998715652125,-0.03266712433161088,0.019929067656249588,-0.2180859504552178,0.09778521270870572
-0.10088616022040983,-0.08874573009495818,-0.07780650070346148,-0.14467212578881836,0.056559445551790793,-0.004474004142556762,-0.0013326301285917844,-0.16009272525582624,-0.10037064553581292,0.049068421149196025
-0.08006159543435577,-0.046102994253256556,0.07297261950660625,0.10638019177629889,0.1733951969563256,-0.019393549148107085,0.04016689530497881,-0.0220305006383395,-0.08113433700091699,0.06328094937972152
-0.13985988484044862,-0.038187412783763995,-0.031197901078382433,-0.050290195658709985,-0.046682849048069554,0.040204695412694086,-0.11466333134432732,-0.0717596034743049,-0.1689341283022986,0.10613503893558937
-0.19259575314335747,-0.016235625274699003,-0.040170987541659986,-0.14072295378284708,-0.17535542996382317,0.0585939132445526,-0.008410431282042427,-0.1003942986162478,0.12539454586903853,0.013383440732303388
-0.22988347107024482,-0.2716493878218693,-0.07433652676528218,0.0013020269398097,-0.007824873963407048,0.14551130528717057,-0.05331218096496404,-0.1698891935621135,-0.1452833036324055,0.04861926814939707
0.057066684880977527,-0.19499453490794777,-0.11937992064756622,-0.12798010925150272,-0.11568894539975605,-0.08280145519930658,-0.006291063583901283,-0.19536516759405081,-0.19662483052910107,-0.06417241291519764
-0.029511725187214087,0.08135607816545629,-0.0204341885641708,-0.3446313134416893,-0.049301053545244944,-0.015786380356544193,0.05540343206007157,0.0736940214625514,0.01927638879571908,0.11496884221760445
-0.15940456554759408,-0.16015122599395498,-0.024237417448490103,0.035974824024202226,-0.12001776742704243,0.015487451502184755,0.06241143700155967,0.016931008612887335,0.0467172276052025,-0.10647500224143598
-0.069006364853254,0.14637597546362358,-0.0022942069980465343,-0.00012780341322252142,-0.1989997496111569,-0.14293739945969514,-0.12607624497210157,-0.08396892657385896,0.015057091728506992,0.06952765927752166
-0.21281594914194757,-0.05855789091449795,0.040712676898677226,0.0437692898822316,-0.09386058520603051,-0.090418261866199,-0.07223536359528193,0.12489794718717287,-0.05767229272037181,0.04115645771823965
-0.05116865307204847,-0.005530200705802471,0.054499495012788446,-0.0964832706508374,0.08421910316639271,-0.140025373156067,-0.10100321632799428,-0.1520707445728453,-0.06661173826234051,0.14984247505229897
0.0065502218892359715,-0.17735842604160848,-0.029270930211178967,-0.0685036689573237,-0.2104193095035389,-0.2269757520226723,-0.06040577318555386,-0.038607886636210835,0.10648094145463025,0.057022094276865117
-0.014158068079636668,-0.1387916542384457,-0.020759578799443137,-0.11647904911309578,-0.017893570603238304,-0.025828626971518786,-0.024140389730542836,-0.12087223542881716,0.020119133434149804,-0.025867021347924887
0.08726423342014238,-0.050857629534193614,-0.060355401536460795,-0.2879161716686959,0.05369415267944151,0.06123070825528438,-0.10587363133545562,-0.03429666793544868,-0.03799904457932624,-0.05937965362614024
-0.006806934641333371,-0.2003802178528505,-0.023754104943538308,-0.03344307070807947,0.015494346578048587,-0.07069706122255741,0.142909005209594,0.07017223529565797,0.07995661694711581,-0.13225282922259135
-0.060949498802105,-0.07578196669296963,0.08079622933706644,-0.019475234618987713,-0.028569769607928404,0.06117282047092201,0.09154898300818488,0.08241179813235824,-0.09315716255018933,0.15593487315578125
0.061916382754050925,0.017286032250571935,0.008252511233399573,-0.08813121037086089,0.07571154948326687,0.0026448494106153476,0.05654422753049228,-0.012593262567591003,-0.10047456990168939,0.03051270821384331
-0.16770006988225547,-0.16594978903866306,-0.01538631112535121,0.005330587510075189,0.03098491354273529,0.23947299998638355,0.0030490495353021826,-0.05013645310494816,-0.11016644038976103,9.407349888683816e-05
0.024883864245765257,-0.05020270713454143,0.04176043874338392,0.15574104506661027,0.02301627636496521,0.12503606780977788,-0.08502789193438359,-0.2641399520742746,-0.14028886879541713,-0.12248366336125369
0.20162180145923372,-0.05228420860610543,-0.1924511863986238,-0.09523332579651367,0.08999226617965231,-0.00543433051314756,0.06260778760694362,0.04969111279766278,-0.040272531241804736,-0.057670495228133445
-0.12955250630102702,-0.13040898452081545,-0.14175182704170558,0.00553716749453621,-0.0826052764253889,-0.02181209074436717,-0.0987042163205295,-0.006729449765193532,-0.1593268729241028,-0.039005861662074696
0.0747477486573436,0.052242615642979696,-0.12587485678240037,0.19296172827263489,-0.3264971083913887,0.09648210474251873,-0.08452430619055656,-0.07475818962438244,-0.08487582996332438,0.07448143657709931
0.06918009619077181,-0.15049515772141317,0.11825943310441285,-0.009353269526514291,0.07296467024793454,-0.030299339044655947,-0.11852557298824926,-0.048808893057226396,0.14905459385896674,0.05837005267708293
0.0053548642058917385,-0.2801010718573144,-0.014250620152102069,0.023129312247442906,0.06291152027654788,0.0775576411340418,-0.3219918696405181,-0.015406084327464275,-0.1290434062991752,0.07175570692508408
0.06451068327346964,-0.021463470683335914,-0.05119079619213392,0.06921974699008418,0.06816963992919532,0.21815262985416836,0.049386530095598576,-0.06373660912797596,-0.14386853335363253,0.1840629565912429
0.09304107403535491,-0.1326633274699368,-0.023371814990328407,-0.025379598969263683,-0.09269797574899319,-0.004305507445606857,0.18155369137153557,-0.007931587257634404,0.006301665557384872,-0.08853990588222993
-0.09256148922266172,-0.23701245738561363,-0.06972975169795059,-0.1497709375303889,-0.036325233583244854,-0.054286436625267,0.1061067743162929,-0.25837072172730036,-0.07890960121274748,0.12716357714982468
-0.09101773953238762,-0.02086651360167932,0.11308373939317523,0.19829237599627225,-0.18080717511774955,-0.0332702183244801,0.07175692617381879,-0.01504233782652458,0.08356711615968342,0.05383381608558317
0.07802534054782388,0.12766191623517353,-0.12115596519105781,-0.05584543426540741,-0.04087567756755445,0.14178956447265795,-0.0044187095354958905,-0.05712644774096895,-0.09007311920025245,0.11839651364587547
0.024416568744079322,-0.07570815127599574,-0.04584918688819427,-0.15439092939365848,-0.0387977049378489,-0.12488628545358889,0.06625565736462391,-0.054992867877341776,-0.25788352842552453,0.1961698347088564
-0.08913011726925735,0.008444230397999483,0.156410284666972,-0.021489077617024725,0.13282121552563256,0.018040594054099527,-0.03795715255530655,-0.09250849804867278,0.06183286136547245,0.13880461841294084
0.06122085724759311,0.10487177577351976,0.006464794021334423,-0.13474851784527536,0.23878022368765917,0.03857053170585688,0.10550604752198237,-0.038547114630350585,-0.08907711816470792,-0.019804807765204345
-0.030709236976904242,0.11061538965914375,0.17511518640351958,-0.12816175269448876,-0.09951162095710073,-0.07866060507485295,-0.0614966204473385,0.03703144477068359,-0.1354537820102652,0.17946029892464332
0.20641870583959473,0.012096874020953066,0.06864553120740471,0.12742905113807904,-0.03788858944735159,-0.04832635655944427,0.12919580386790872,-0.23099727182147847,-0.0338864723708935,-0.0533417347196205
0.1261062899509754,0.1805776470778191,0.01871131313667019,0.04607249520062113,-0.0048150803501278774,0.06743977618894634,0.014183995466588495,-0.15820010453080216,0.011451015955591818,0.16832649567831595
0.1492892119948507,0.1645294745357887,-0.02279809790893468,0.0011329814839845338,-0.17976503596250987,0.047583160961964716,0.15278047274311346,-0.161877757243567,0.21022244680777136,-0.13341485514717855
0.0617338555580436,0.15751161676651412,-0.04209977091313255,-0.11123199676808604,0.05458050040088777,0.004613226031516218,0.08408211249633676,0.009695189583705572,0.06356805489379455,0.06711782618002388
0.015476934454671153,0.16130977255774204,-0.024279822500456787,0.15935483897073835,0.080903443908069,0.10379267050030172,-0.2287550227055761,0.05039900401681768,0.1580953018573764,0.02617704213305777
0.19227255835402685,0.12907370436394505,0.0857823711359737,0.26179758725314356,-0.006222505466865605,-0.051013320815499155,0.05587467504087494,-0.014986162508377684,0.10140468384020722,-0.011376581947866515
0.12066980853005144,0.05696287078562341,-0.036556479567224236,0.03673560364477803,0.044953116526927184,0.26622132433065127,0.09768852579328138,0.026324357192978418,-0.10595638667342645,0.04354965772978791
-0.07688871850750952,0.022941288835651635,0.02180669219007335,0.2132527100499759,0.08107257532932391,0.14968943492964154,0.09022441118220881,-0.08093375422347217,0.0802699719763573,0.19486519287286902
0.027010111792475047,-0.12331190975247514,-0.06612703780737138,0.13495742030834268,0.008221962632514929,0.1370654713993526,0.061124352589928994,0.1750715267265268,0.017742807511759995,-0.11997714690535011
-0.06785744861149176,0.13780537793454517,0.04802106979521133,0.18547766181890185,-0.013294813228269697,0.12147159186597911,0.026336169387548878,0.05040774625015069,-0.15448280517215313,0.08153576403255484
0.1134438555980026,-0.11700038399894891,0.07653594379377401,0.1120748331981647,0.08588818845210508,0.046247210259393746,0.003872989146974457,0.05520010279437386,0.16840183997699598,-0.0659010054546933
0.036436413327310825,-0.04283000687075729,-0.11518875825202285,0.17563283433796573,0.010115197791302686,0.02194277758369004,0.10740244087135653,0.0029852633000347698,0.06549917954805042,0.2254413698233531
-0.18030710853601875,0.005299348299707487,0.043867243825534565,0.10098984141792039,0.2023885576970169,0.14640315770801232,-0.020445924050826937,-0.029003222103390423,0.1557969489655455,0.21491482719213423
0.25501631450172907,-0.04523056707261939,0.19878739167023185,0.1377160272844252,0.005672586831558024,0.08022629031961981,-0.10744786726433242,-0.05444739378708089,-0.056405924380383346,0.07293159888669005
0.03630725439432792,-0.04454460228311877,0.1150911675312489,0.05775656534742233,0.04513234417566814,-0.0021884641252299525,0.2900911236284743,-0.028803650704122268,0.005629763929994909,0.28079424226878513
0.024309671684719494,-0.005912941170985418,-0.08848870118653086,-0.003962260696106876,0.07662274740721384,0.1781432300392789,0.04301286286729711,-0.05211441209275362,-0.08946497660088072,0.18195262662880538
0.15021052356336445,-0.023323993941119656,0.13209826977122374,-0.0052496297643457035,-0.08817768201188864,-0.055515502246195475,0.10374362170714575,0.06360778365600811,0.08026847037082337,0.16368943596955318
0.060781186162556206,0.040431717463358566,0.10859781540756674,-0.07343885806689897,0.1413293834970662,0.2510446381837737,0.025294779735272874,-0.11481092163395579,0.12549737524918805,-0.10746585914194408
0.047765812214714765,-0.04019485999995995,-0.05875917068223509,-0.04774908002968419,-0.05026082167187916,0.2422726620394362,-0.01296521001422294,-0.0014915993917810969,0.1365893455389314,-0.15062592860972568
-0.0038462667190150707,0.006831793656804433,-0.11375396675256416,0.2020697203254445,0.023900064032809466,0.028886645486609755,-0.07425690220111694,0.1362235717510834,0.1535245299121407,-0.031122760611646445
0.08694470726100718,0.1241515233032649,-0.045765986917014084,0.08816688725912074,0.07492638444306257,-0.023808056040364504,-0.16801630610531498,0.06892882862047939,-0.0508520090678275,-0.025492903999714787
0.003351405957740361,0.016496999241677416,-0.16099021226713012,0.021982180525631927,-0.0763189003316102,0.08493347722858594,-0.11828704704661512,0.16024905822497734,0.05879524691877536,0.09196282160904709
0.003375111172486442,-0.033136970782028215,0.1913491525487988,0.011273041083849392,0.061378114763796766,-0.033906736966467975,-0.05608895085487783,0.23246606802676806,-0.03423390759365866,0.0066741089697530745
-0.06454225087428146,-0.09591699475506951,0.05620387652658304,-0.07976900616133076,0.11568332391239208,0.11517367651353391,0.044149420605802674,-0.02726198388004479,-0.06235887088956765,-0.044677092348078214
0.020933855701769637,-0.03718368477409983,0.053124595295276134,-0.010272754228543589,0.04822762822730785,-0.042126442704157135,-0.08568233659821074,0.05469114157215527,0.006453965849786095,-0.15126396519912377
0.17462324887852154,0.06389368296481462,0.24012907789597682,-0.01725892015256348,0.03730605258425035,0.014021778912930365,0.14290348960352944,-0.05024034913638482,0.0715117268962996,0.005163514516662759
-0.15711886285774807,0.14926412456496316,0.0616677126118952,0.005451867560075285,-0.022752305344491505,-0.02811598504503067,0.018677458157434487,0.1371475474967017,-0.04418616612869342,0.09612627966010276
0.24754901418961495,0.1931631591197519,0.13155434253763937,0.05172270962510754,0.013500605092427207,0.13374124522626998,-0.11595738873347378,-0.04374852411537278,0.12063528856013064,0.0724677054948203
0.0056398592853192375,-0.0559826758507809,-0.022521091623700258,0.010325111788975098,0.07056146986862727,0.15407290397096485,0.011419792049544464,0.051016993528821664,0.15704737492000032,0.08291056237506281
0.13205559178965354,-0.17914964671500466,0.2167009605476704,0.02827118779766514,0.1736433509953133,0.02174343549360362,0.050704327783983635,0.04495578275810267,0.21630890150908905,0.18764589540547622
0.08831529651279288,-0.048323416739280325,-0.01891131130793465,-0.11107277911092911,-0.08959452944679425,0.04087633274283423,0.10774809396174943,-0.14994769519416667,-0.0955441284296909,-0.01183495186337262
0.06783887234985558,-0.22714000201661705,0.052697015125608634,-0.06159608235700375,-0.03563594672705428,0.09273988474900059,0.16609628582368186,-0.07728248670293678,0.12905875497915528,-0.03637990038307834
-0.027821004154295906,-0.17409349696515486,0.010163183126593991,0.05437900974909313,-0.040380506883427064,0.01761924804465196,0.14957022637513875,-0.04214777433396752,-0.11822086657527123,0.11232230570958628
-0.049360767137420686,-0.12298283008547478,0.12443879771132726,-0.11963169053980025,-0.08927131255911236,-0.04721992486797413,0.049635566529012916,0.046646781576449914,0.03445595341801833,0.028798165831825213
0.07610143058720224,-0.08851830399707286,0.07409800762969213,0.10313940134429213,-0.04826207331440166,0.0017999034633901997,0.13095196521290942,0.13851274507008615,0.23133250383021534,0.09074947687006034
-0.14006987613861321,0.048823512414874495,-0.02138080981327005,0.0801864221934604,0.15718134960565588,-0.15792322159757818,0.1662042701032967,0.16723325536378847,-0.09818851644278037,0.16690939831244864
-0.07710302420267881,-0.07438040546720055,0.1519927326352004,0.08161871228519302,0.06843068960018472,-0.13358862050781942,0.03650720087537155,-0.047734005491782805,-0.09173368217190911,0.2161035111328498
-0.1689749953599012,0.025207165273636124,-0.09131091751849191,-0.06366081796194539,0.001782535675563416,0.04556023191192818,0.1392086247585018,0.10186374430482363,-0.015147409079348768,0.04095547703282563
0.08959446680817437,-0.03168895363021697,-0.18760204944329628,0.07054597381852445,-0.14835789352966847,-0.15888386312262875,0.09356614299822077,-0.02957192863353815,-0.1253436359463698,0.11376943461944308
-0.15923975451310873,0.06357530247793965,-0.005738202931928869,0.1289490997961974,0.196142069909406,0.2058942703569579,-0.0866236134616612,0.06043158685840223,-0.13376107097864448,-0.10305392384451523
-0.059626866684718186,0.03819377486352386,-0.055839343777702014,0.02312500917425504,0.04279465430483427,-0.06500350921481954,0.04811691631799601,-0.20112820539120044,-0.026103131418643562,-0.007899598401213511
-0.087657413499335,-0.017639703389922042,-0.06690821676954449,-0.02600608332946787,0.11209229697106717,-0.19405644951205,-0.07493461454439064,0.08141180450126756,0.03587129750345907,-0.06097455360571698
-0.05698808120123502,-0.06243452718449638,0.02138366172167562,-0.08907227635029374,-0.1022026052669168,0.16177163290080526,-0.11457719061539182,-0.07003811290848809,-0.10826198030848404,-0.007953587200593394
-0.010807527112168626,0.03426716575591347,-0.05176283796703409,-0.09001325243098998,0.13776159698035492,-0.19023853575847835,0.09593476778913303,-0.1031858187216235,-0.13310896564973437,-0.16850781780692065
-0.20464240961701474,-0.12973104200175417,-0.07073126096330655,-0.14950326931381946,0.10442598594470741,0.08782747507755725,0.0533149915845255,-0.014720515268226451,-0.08114750977606691,-0.21521217936491946
-0.16577565119496984,-0.019882593799683584,-0.09371189380082473,-0.08582335183835328,-0.051881152397475594,-0.15591543262488078,-0.04316433743904331,-0.03253355044258938,-0.06996379485870109,-0.15204509477720868
-0.18503337611888332,-0.0812730082052844,-0.07764694842654386,-0.10775093599145419,-0.06092973254794458,0.028474637718339316,-0.11928596922137094,-0.1719673008080009,-0.12003102770565685,-0.0063647942169711424
-0.060488538051227767,-0.06413739324922693,0.0026949734473500214,-0.0673012916732876,-0.2011269511881391,6.683760536521643e-05,-0.10005379073946175,-0.1461302244510075,-0.059153717458806224,-0.08239933191501539
-0.19265135784630488,-0.0829189331308655,-0.1885606103480582,0.08238620447449901,0.03989839782081197,-0.16623358365626298,-0.17272031276884675,-0.13038411075731032,-0.1412917785115542,-0.09440956003867793
0.038462834827866776,-0.13495302568631226,-0.2237449527490036,-0.2727395875591777,0.011591297146655882,-0.08295911412492446,-0.12392025136082097,-0.07607414659810853,-0.059962155335262286,-0.10571969295060164
-0.1481496913246783,-0.15027104178761375,-0.1340884203386673,-0.07355225250181906,-0.10466625315728517,0.07847107691252925,-0.07529312423395293,-0.17550189646239614,0.01571227090102456,-0.07631561129767837
0.01621260262167705,-0.12733964187632574,-0.08355562831966223,-0.3007801178691096,0.16843535055609607,0.036697366385862115,-0.08890859410582179,-0.18982524832724568,0.07886504533266477,-0.1444452909448583
0.099893837808152,0.012612714157455227,-0.14137645999670345,-0.06886054103751127,0.047350473165495635,-0.03030828710180177,0.08525412401809883,-0.1363311557606887,-0.1237254654143159,-0.3001637807256054
0.006185409959784154,0.07313294070482368,0.051855270241532664,-0.12216184546330083,0.06533871535026053,-0.03076592240637229,-0.12113018695747206,0.04997898316475665,0.09071040752341306,-0.0372381170320773
-0.06924256278411751,-0.07916214677812711,-0.042470226048122395,-0.026064838183736273,0.08004092975214289,-0.04553505425615691,0.1891678855678578,0.05789931769899773,-0.19190725155524047,0.08558162706437983
-0.09646164260372703,0.15232975617602046,0.08770293772773581,0.08079120234994697,-0.059338473759195674,0.01993802031756585,0.16347736836082424,-0.040777727742407954,-0.003682849793113967,-0.040785389095555735
-0.06166175765228833,-0.07358134661917942,-0.07097640067541121,-0.13192799589702112,-0.020022142113839514,-0.08088337208893687,0.09797977770999233,-0.01559749587452521,0.11074455389955046,0.03767998062606894
-0.10333934322517344,-0.02829194205474943,-0.025513904278509608,0.054108783015873074,-0.0440762127751322,-0.009413155000542663,0.0157519860726165,0.12529943640330662,-0.0858518056433233,0.15074860185104247
-0.09050968266863647,0.11997800984652922,-0.018566935138107338,0.09118940656987273,-0.03217192045307157,-0.06353479396874609,0.04984262629006775,0.11965572996122659,0.04197774261046565,-0.049419093606497856
-0.00739174944638591,0.07773171631602849,0.2704336794256505,0.05462053218213957,-0.02948300212241376,-0.06499387545609134,0.0477181240548588,0.14415404982438343,-0.049405312425306214,-0.020098874184640025
0.11966950147101196,-0.05732181255076147,0.18565436654306816,0.11585418772446497,0.025460431263610795,-0.1270630532132454,0.13918312350189627,-0.029509384789022285,0.021543068988920465,0.050714671219555536
-0.1790437976208056,0.05943479936835944,0.09419940196742863,0.16905303245274034,0.07755286019489352,-0.11903730375170547,0.09039917661820565,0.15017443774998473,-0.08553909526333833,-0.06684500137653349
-0.0686472618569921,0.2004886304469229,0.1811512441286276,-0.04302875897723769,-0.11314334110224585,-0.028273347017521978,0.3435452175762311,0.07071910808856982,-0.05986395110677166,-0.06283619690833687
-0.11986848727840049,0.05968619424178736,0.2753853583444905,-0.026173366448197483,0.07975671791928454,-0.08504120462834477,0.07953220534479732,0.04599303215496792,0.05212825579914096,-0.11068643894349497
-0.4233854703926041,0.04841094954905844,0.25736950290690686,-0.02673549905122958,-0.04124751666543182,-0.07878262206771446,-0.021090692939482306,-0.01813900486679735,-0.055461649515003,0.00048663084837751586
-0.05818699639771751,0.0560990162412335,0.1280871709262677,0.08490822932500416,-0.12413130269342237,-0.15026059764424804,0.1686009875447969,-0.1411861014090182,-0.16929433810441044,-0.1204957567021501
-0.10119128807057234,0.05161913996416792,-0.06258639486625156,0.007547624000277949,-0.08453894087919481,-0.18934681948372953,0.09890762884395525,-0.07430878667408009,-0.08543410283319577,-0.030150158010131996
0.055746044539966594,-0.052788672198028935,0.14273453308281975,0.08673809609981249,-0.17201476797182658,-0.2122275294498206,0.11877257000951086,0.04836020182915089,-0.09301772887312579,0.027656735913903142
-0.18104352680490765,0.1855800959356811,-0.02535985907026222,0.08269239964306961,-0.07972761826724321,-0.053699864932000185,0.1719186812647693,0.19809865410819677,0.09606767412415444,-0.21098773044085975
0.05744977860238917,0.1614194843025934,-0.02906784110216011,0.0734068606334825,-0.05067761946609184,0.034889622571422085,-0.22467573597775137,0.25179849405457194,0.014151267820494027,-0.07720758940873265
-0.10150900218324621,0.01204902316955414,-0.12376253997173323,0.06257268307620006,-0.06456515863465531,0.004750542633354157,0.039563056107857174,-0.01580363071877263,0.17435397776871595,-0.230845283134149
-0.09765221467118118,0.04975044487158217,0.08598604235548538,0.01959488880248985,0.08356474270406225,-0.08796514266536791,-0.024457198312519093,0.10855157221445208,0.01994233523712388,-0.021304749599929007
-0.10327370353620338,0.0013143987073975048,-0.05449450770922877,-0.046638912463414554,-0.019548848681812628,-0.1572581389750737,-0.06792830260330275,0.16978446387810586,-0.06111062658559897,0.05402263568591568
0.0542318282455914,0.07712790484681609,0.007398286218668847,0.0512453950826232,-0.08918493923016597,-0.11614642644998607,0.011326934476470908,0.023461711852197573,0.07343392239868864,-0.0038633544751906224
-0.04685263465274543,-0.11005389383457619,-0.11861982999024254,0.038206582948918204,-0.027509227575651617,-0.05970255551886275,0.04020212425174645,0.018651837379448078,-0.1972223990420795,-0.21818370850482546
-0.028770497051489714,-0.04024954148261023,-0.22282636369526945,0.06643355779872842,-0.11799421278661223,0.01820012245710856,0.002104511313586112,-0.00499955971203522,-0.11661419867693683,-0.037665817333964874
0.09317397687109119,0.1385357658362973,-0.13620051285613738,0.055661073697808296,0.08004991429541075,-0.042068533129743034,-0.09284837268707098,-0.02672322366504578,-0.06191958243013107,-0.11149872197400285
-0.1261103770355003,0.07578331390824089,-0.12396211225320214,0.16692816750796324,0.06241722405420674,-0.22274592887796585,-0.06405399036902129,0.08532711103931571,0.052047738199838975,-0.08739575916553187
-0.17139011332415982,0.007929552842108329,-0.08051179552914749,0.039766404317826735,0.08582457601024653,-0.11885659055877772,-0.19044720735811557,0.008236237436396943,-0.23582927154677594,0.13340607180805863
-0.34595775774083604,-0.02613016078354987,-0.01709525744875754,-0.03838954530924093,-0.06573475306044543,-0.06913456924212726,-0.005412045708027974,-0.05218921540161554,-0.22955699389705791,0.07964039001100355
-0.11856272142622137,-0.03845787812062991,0.0008473369961702337,0.005943655641192605,0.05508025569127985,-0.18382881649876587,0.07039820623387713,0.04594643195338513,-0.16767158040394955,0.17515164680725165
-0.06835384782012086,0.014226691332802355,-0.07724237184218685,-0.15430140879220644,-0.15976742377160347,-0.00859046568682724,0.05763294694936227,-0.21372082176049073,-0.0615314626281159,-0.07570548074072192
-0.19027515484063112,-0.22215499204788147,-0.1510281563970206,-0.14150763189418009,-0.20183520114185777,-0.09294924271857744,0.030371502543019395,-0.30762849542594833,-0.22330402155741075,0.0920743128499299
0.02110544722375203,-0.14322990514952974,-0.3429125146352618,0.11245638218399737,-0.015413333038797036,0.2040613624913292,0.07398994463419924,-0.14033314694239468,-0.27438696496676573,-0.011331470301711898
0.05572414156761636,-0.14452128233381684,-0.20725531617609042,-0.12502832181072518,0.006986915812821792,-0.1281568446874984,-0.09857909859154168,-0.11131775091583593,-0.14379678338190047,0.022135601834745586
-0.14961927554347795,-0.11073427525563946,0.017466815217045017,-0.2753475934177285,-0.12242021111865264,0.05462924524471725,-0.1330484473577158,-0.015011886404249997,-0.22370753442232733,-0.12124121000113532
0.05333915307717971,0.08777539152327929,-0.16441483396822332,-0.08880560507642783,-0.11429423309118106,-0.17688303740498895,-0.11515434136984765,-0.3139202842483418,-0.21522904396401138,-0.1391943864920783
-0.05015445379239161,-0.08629414938074144,-0.2576853334476642,-0.21858811875102102,-0.004195988543527637,-0.06995919149836825,-0.1437070653043982,-0.1739687771306064,-0.15960220204293366,-0.17519015854786701
-0.14874943875728927,-0.01050285496310572,-0.07937127050042873,-0.20582416499302675,-0.08997844434944621,0.007930495747703478,-0.18628923677748543,-0.17211817773784305,-0.08023929836759182,-0.12889200520137847
0.04314943328379285,-0.08791568402258793,-0.21926683943037176,-0.39078758318171636,0.05811768405474158,-0.07685244518306487,-0.1407451121957959,-0.1304055239771849,-0.12249076027192224,0.18467029001205817
-0.1976285901891567,-0.14152610971330476,-0.10114982168839451,-0.18951717486462,-0.06414462373267894,-0.04149485980687284,0.034463056790516616,-0.0666479639162939,-0.3107573519430498,-0.11952440239480581
-0.017027460812790204,0.14237440874871987,-0.02214532141732367,-0.08427022968288946,0.05191859456119378,-0.04813225268349042,-0.14633798031084883,0.032583428248175006,-0.04281083811983172,0.017948549987538642
-0.07193319929394597,-0.18846033936198336,-0.15378527408574624,-0.26108544187877936,0.09941153009266865,0.14215871194330998,-0.01714415396595946,-0.1099638511395832,-0.21690495940170887,-0.31988974160527267
-0.22148868772507735,0.008790014736272424,-0.05759577360465489,-0.2921799318390404,-0.04359742921388879,0.04747975688803918,-0.15187273390003742,-0.2837505092569269,-0.085310938004607,-0.08307383136679655
-0.13704375233497615,-0.06800824793426273,-0.08265817697797873,-0.2217505053861365,-0.14147974394591079,0.02370362508754286,-0.27011115614434617,-0.2759299861055491,-0.07449210364551488,0.042644914475211154
0.11775194869387057,-0.1739505229449933,-0.11114098432326319,0.09258336518217963,-0.017749362271205736,-0.07135015897502796,-0.19182093779699388,-0.2429880618576672,-0.044627553495885014,-0.09241093684488294
-0.027304958211915257,-0.1591317033487215,-0.316400179541128,-0.14919715201549993,0.005133928003186454,-0.09066721151972323,-0.019351113767913028,-0.35573938687487827,-0.0623230005454876,0.03348472755830256
-0.16913122864634958,-0.09479870795317878,-0.04807049948629062,-0.17319169741682422,-0.19686788366748187,0.019591950919279386,-0.03764685843312171,-0.08046345613496586,-0.06704019140610892,-0.04183283706007277
0.0424105692670212,-0.11030307813628133,-0.1325467244405644,-0.019925877175366154,-0.09683267319790113,0.051801977861305776,0.049395607900522914,-0.3629870050893269,-0.2642127199395264,-0.10937286120120576
-0.027191782580905443,-0.09873603890564372,-0.11553742578773657,-0.03419957707075304,-0.15002770017175365,-0.07497385621461485,-0.19145498287459115,-0.23734168837036937,-0.1419080477123029,0.22324654096288699
0.05220007413629238,-0.09500314765261594,-0.03482325342559582,-0.36901798180273326,-0.1008007492724424,-0.003949559620742727,-0.12955250707773866,-0.15755188802837683,-0.11943622449136268,0.1745768780519616
0.11803987602670872,-0.0621364824237371,-0.17051055944167118,-0.054689414195503785,-0.031511061947354924,-0.1222651801357133,-0.004893211649548288,-0.21943151482963552,-0.2632894828801885,0.11030028557291705
-0.10580573233296495,-0.012883480023654668,-0.19124400892829613,-0.10826370319259854,-0.024631935458912214,0.027543784237834917,0.005209338078385618,0.09095665292729552,-0.03477121715053888,0.08699714483995548
-0.03578411597771029,0.012068396685323758,-0.04521596667379621,-0.06787258274383333,0.08037341835650325,-0.07961145129507782,0.10756404383183962,-0.1473458544112794,-0.03276672313767275,0.08770839240317671
-0.11729573611600316,-0.039291648044955406,-0.11122863588216422,0.04149126115458992,-0.06473872285790361,0.08561227200718038,0.0804175859028178,-0.0884459264570633,0.04119206593258189,-0.008498586712863226
0.07313255949856776,-0.02532794585266017,-0.06353335989624252,-0.10219249125974353,-0.10154670956277294,-0.11498216834039116,0.04206681031868105,-0.08840711970355958,0.002946068690880488,0.0036906491820693915
0.009758107966937865,0.010465192942777235,0.07544545081890275,-0.15856646950772724,0.06788005281738738,-0.03560203866164164,0.06501699769645634,-0.02669159720357265,-0.05701495587980564,-0.1422461823529257
0.001257085465348931,0.12402976593255186,-0.010942766226081473,0.025105739500031914,-0.13635684560910094,-0.07076431174047856,0.1567847745257558,-0.0084648950831748,-0.08537686278449066,-0.10766232249637119
-0.08518780491143087,-0.14087127017938522,-0.033444311862284325,0.1475731334357864,-0.01625351077215439,-0.1757705360955297,-0.08785333854041442,-0.08190305851119613,0.007768968797878388,0.03976596508747693
0.05658210124140158,-0.06389230023647374,-0.21969125171208972,-0.05826370497807621,0.11705486909841642,-0.12932470855721956,0.049907893927878665,0.012184730430878019,-0.10948083592752379,-0.11042417646132706
-0.10133358871740251,0.05688988389576079,-0.0736409797219689,-0.1320154363642904,-0.10301115574647249,-0.22450639380502177,0.053398366750732146,-0.16096695608284908,-0.02756668081398849,-0.06256704467324542
-0.061168329859382614,-0.019948584184483163,-0.009801988453860572,0.11706655970702737,-0.050220467874911426,-0.09534036401304657,-0.17537464900238653,-0.017500951820613384,-0.19462207977194815,-0.11476603643057162
0.028667228700035755,0.0764078889165489,-0.05795479592827184,-0.08968261943951235,0.12191138486326497,-0.05289317130794959,-0.2596604811095521,-0.08283073734488866,-0.13420428850724297,-0.16555494915620897
-0.16247745208665976,0.06214280018607553,-0.08222748445039536,-0.09055102095522177,0.02284191362174206,-0.1864333829377795,0.03509736117573434,-0.08194728946259619,0.10629825935911184,-0.0865698887316046
-0.24514969850825663,0.2718067960267758,0.0021879217790057026,-0.07832238316720365,-0.05994203881245552,0.16060739421428782,-0.0587434148030704,0.062537334728487,0.3460184218656193,-0.11876982421868229
0.04342646826998797,-0.038891664153586435,-0.1533585346876691,0.12659753501147067,-0.02872882385190241,0.05410914378536558,-0.14729316897412192,0.08464446735642672,-0.0335748314083507,-0.3789357350443916
0.015059060830424374,-0.14041407001815256,0.03635104093246236,-0.12994254910903874,-0.1586351505871371,0.07282434525958204,-0.017286392714626023,-0.050112066200958774,0.07657463414320966,0.0005475983503950982
-0.024678974674145232,-0.030100242529629503,0.1676670807320287,0.129840507086256,-0.19593810543429513,-0.05845834011007902,-0.21574688258056757,0.06071971579721155,0.08843379785654484,0.13488269502787306
0.11648693586357617,0.08297879060971235,0.0015399990054658225,-0.004045145280970141,-0.026960763693487707,-0.1919261242735094,-0.11314997902347998,-0.10100114596157539,-0.06510806204506882,0.054097214716143656
0.11865857627548093,0.07139266738492372,0.07667848213270784,0.012605360793620415,-0.17473612429908245,0.017054809173716465,0.006023313373654908,0.030140696969612163,-0.16964803267297213,0.047362871159129294
-0.10721779932689657,-0.106370586781534,-0.022773423079584316,-0.035877244942694425,-0.014069072429113726,0.06785767801879147,0.01659126361756741,-0.027442545215802937,-0.04318179654561259,-0.038039901221269525
-0.02281905279251344,-0.1797002280392535,-0.16946005261457342,0.018112395438540263,-0.10483282040180804,0.10065025530604879,0.018918637196232404,-0.0183181832068875,-0.19800113607345815,-0.05592797594420443
0.06969090954437626,-0.15512731174480215,-0.034635780224975724,-0.09507038712498188,0.0142001543745452,0.07416318688895823,0.11341417316936116,-0.09741796812122527,-0.00672108815478005,-0.04813664875613251
-0.04821361698452263,-0.058434735212889236,-0.14465953213244953,-0.02831405913461195,-0.12765714295931851,-0.18167354198983404,0.06153259506521657,0.050326862564000305,-0.0677691829878051,-0.08613515402366616
-0.1524598027566279,0.005719875587255743,0.21983582347628552,-0.16739846144293324,-0.014176790763343154,-0.12124736349677959,-0.13955049489550664,-0.0722219710322517,-0.12847829037675246,0.047504702327356735
0.041931617387062754,-0.1429244839207816,0.07764875540259045,-0.1961593790777604,-0.06448942151399469,-0.15017028049673928,-0.022670447547157024,-0.10324529056049002,-0.10139419110661343,-0.1084563011331707
-0.052756618407074504,0.24879137133510054,0.06219216933424228,-0.02960127405153326,0.018100308513423674,-0.1388547966120433,0.0118452695665544,-0.1343923633092791,-0.003652986829199824,-0.005968239779963677
-0.18273501725111313,0.15661223639595512,0.027650581328620978,-0.05882082689138107,0.025604844000065068,0.20257386862563093,2.5595588924582496e-05,-0.13265949748042224,-0.12528162122623443,-0.08707312055211365
-0.19874989795251896,0.1645747081252669,-0.008209458214993443,-0.02641686891451294,0.05825082500218168,0.07576980541408625,-0.12357596127706746,0.0723940631024877,-0.09175799102351304,0.007483673881353556
0.014251110549462119,0.053983747026403454,-0.15513361082445493,-0.053279115655859896,0.10373437277019998,-0.03815765996836036,-0.15818476102516973,-0.2774375805609496,-0.0006141571520525586,-0.05176461185359762
0.06329677206878537,-0.17699603604173111,0.02440272240679056,-0.1253406241483643,0.038469106758961515,-0.194044737701321,-0.07935199213361913,-0.03318611208209049,0.04081292965795594,0.04025727514937706
-0.012169592054743016,-0.050370542310038735,-0.06669275461194422,0.014466911491824455,0.022889044231146065,-0.07047810117291127,0.0419769135616143,0.040293716976206574,-0.19174952691172892,-0.009942988020857683
0.17195557804234596,-0.2804681274715261,0.22492119552991371,-0.08660820759461374,0.1225459500506503,-0.2665481370455634,0.06407967250321521,-0.04668380454766832,0.0010194094299259444,-0.12548965617165111
-0.021286200718306593,0.059492186343377176,-0.010065614047020454,-0.05874542618717431,-0.12995160617915147,0.012418682257636073,0.039799966921364754,0.07413624230063828,0.12236811968060338,-0.18146295380999844
-0.07452782736215086,-0.04942859819102379,-0.014458045668328682,0.07486711604937926,-0.0801152554526155,-0.09129979515036116,-0.06237782603809611,-0.03432027369945048,0.017490728369456816,-0.017276308272167806
-0.044984126375737246,-0.06652392670103327,0.20680393222222163,0.05639399402337323,-0.06849118902148245,-0.13117098184684073,0.021181301660516464,-0.12887677659988975,0.08884248011074507,-0.17877091681417356
0.0059718571560557175,-0.06686676858822614,-0.0700712294592911,-0.07866338179655943,-0.116094361849446,-0.012934212706185909,-0.0024467909893466193,0.11463575701151708,0.14428414415555565,0.08536293083628047
0.1493525174487587,-0.0007951501747461079,0.12247777430510721,0.06839870288181696,-0.056251699985655275,-0.28167254479071124,0.05900987321468987,0.07381888866884788,-0.00549115956537651,-0.2535146112828893
-0.006808456973097359,-0.133253108891371,-0.028895424535153785,0.13402478905394036,-0.08324735993872116,-0.03381227750088912,-0.0392433762170904,-0.03746553397972494,-0.06769038384117654,-0.10582254413975999
-0.020687561589089853,-0.19021547961220966,0.12732147745918446,-0.057498358168071986,-0.1347571278410058,-0.02606920748094351,-0.025881150063550684,-0.10225044637505008,0.23451658265029346,-0.106315261393187
0.18979163686319972,-0.168664618517252,-0.010225586444626296,0.024071894894050417,-0.1324085648982251,0.11645506024894282,-0.24948815208480699,0.10796206226440777,0.16247003014248843,-0.06061802613568556
-0.123452115528699,-0.00858021974802644,-0.01875721118400013,0.08186172703865752,0.08569735041002399,-0.1537677238639483,0.11591031314984199,0.07907829851328282,-0.08378244430681434,0.1357840237587751
0.08036419260121122,0.12969369801866304,0.05195234794940827,-0.11259999140389759,-0.06903896646677346,0.019524063030540703,-0.1321517472494444,0.14024982297929045,0.0004979801445872234,0.0081583641813837
-0.10422979127680504,0.018415274829229063,-0.04030299758415119,-0.11265126727979065,0.038947559778464313,-0.09634238899884418,0.0929574541308221,-0.02518840404471087,0.08676609504536076,-0.06436390999851328
-0.0530510358009122,-0.08615965981377065,0.14671741248901474,-0.0047121711533683035,-0.06849046555794479,-0.09397729906793206,0.1485706300274914,0.16184201834800954,-0.14742192353029732,0.1717867459587477
-0.00877073975300606,0.055910520316773224,0.026161080456195335,-0.06452751167820565,0.04753347515207969,-0.16478598877404171,-0.10012898559948852,0.09483356638297791,0.05709247253246319,-0.09189920644957969
0.045000479092957894,0.054855252371337065,-0.07189785866456241,-0.13074248018837548,-0.07169495443441733,-0.24471708487599014,-0.04415827350729994,-0.017048262952798616,-0.03438227259005269,-0.00018957755935649495
-0.09808197733970928,-0.09930012885418663,-0.27153318699665685,0.19874851225746104,-0.12972341386184938,-0.10459720577278336,0.031469004868109704,0.14653764281599116,0.04098220412453543,-0.11481433669825254
-0.14131662029069894,-0.1928519137075931,0.05463959126555462,-0.03064980963333377,-0.0277019067730621,-0.1607177452995311,-0.09670737049730431,0.044961531216759845,-0.08177418621991087,-0.14699608431476835
-0.09877112852987022,-0.10947403292035571,-0.18176052955316127,0.09344760245837642,-0.18078730817608418,-0.08774613720355831,0.0157820921885104,-0.0025452216356764007,-0.051426479152363036,0.003504764619632547
-0.06888545708868073,0.030410057240905272,0.026336934531216175,-0.20442800144501147,0.14253320739708697,-0.010749565766900171,-0.06035702148251501,0.048634221758898206,-0.18471175524796757,-0.11601032998909645
-0.06723152079039463,-0.19648294990897824,-0.12406797883430656,0.05104634607936057,-0.08407631826157537,0.03393869022163018,-0.01673276415282826,-0.09148736604353627,-0.016314892349768476,-0.1854472583362179
-0.05325541159242881,-0.23310111374675388,-0.043291582196813325,-0.05422152884468354,-0.07602510023877013,-0.010536181767055064,-0.2136500434366384,-0.16154508875810977,0.01709851932435505,0.056549247434705435
0.01376729137681925,-0.28144728924964635,0.016719868547063935,0.09952557407668915,-0.11785711112806484,0.09362699043459985,-0.075607028206982,-0.057038195497341564,0.045543592802862964,-0.012686137245839883
-0.05487700963236713,-0.022256011744388987,0.07401601875426456,-0.17758578291014843,-0.17578216018104292,0.037907371139053334,-0.12274015347996003,0.135894012452019,-0.31339724847215217,0.025447345517507027
-0.0234924160113665,-0.059523983130215674,-0.07443527752943045,-0.16033927478241256,-0.05539275980006117,0.011327041649151647,-0.25677583387946423,0.06786211427379721,-0.2193544456177353,-0.030666394093147854
0.05135891519778162,-0.12444119372235228,-0.15087956591915358,-0.19986194847731723,-0.035903751133056966,0.13170204482696388,0.1139301057316724,-0.07957825822649464,-0.1292957739333937,-0.0810235520546915
-0.06746878077114643,-0.002462408722008383,-0.1894790954182754,-0.049203925853845115,-0.144054192815062,0.10465273476285065,0.012156975119338255,0.06418743366440383,-0.08885000711253768,-0.043091493150332796
0.1904758380398249,-0.10264790746724564,-0.12595803996976945,-0.11072923147312959,-0.020036605146447055,-0.09169323662112314,-0.014033590098404533,-0.09655317366962737,-0.07704306975472336,0.14804759229646897
0.04229843662193237,0.013275512525398396,-0.11917173730929248,0.005669137183084559,0.029003309577893027,-0.12295536960028704,-0.13758586293645753,0.26110959937430744,-0.0005271934227449246,-0.1623241993477085
-0.12971191397172324,-0.09938696738420916,-0.04758363668416338,0.07098141482466344,0.016555702707847023,0.21216217362778256,-0.11066223734131991,-0.019938043263482697,0.005490467999037685,0.05780746802750772
0.08745795243252913,0.0808133402481103,-0.09294533412993936,-0.049800244721709915,-0.11622800551775653,0.013484702558119982,0.11514269381323929,-0.07118081176808641,-0.056911074194275546,0.005940436233764661
-0.11425680594973092,0.022454993820315166,0.007553648625830196,-0.014985762039771849,-0.06653328288772196,-0.10264202328643343,0.06111265504866709,-0.1462868505392019,0.05118803777380823,0.09217625281714684
0.05580889599796033,-0.04772862289639303,0.09120725306778739,0.03575108051191209,-0.04413718544010712,-0.09322958938373709,-0.033654677875238695,-0.04016122202531595,-0.011762792344337658,-0.02581327707652724
-0.18559936803346774,-0.10399221575777559,-0.08314659088440367,-0.04154452273120206,-0.005034980475625225,-0.0037027159853295485,0.18363652754068988,-0.13719384169174878,-0.083010017650055,0.16190297554596755
-0.08752036702504996,-0.04207221284120055,0.05798592636974799,-0.04286531061189526,0.07590238991573442,-0.05108505756272876,-0.06803096826007943,-0.03330130323738981,-0.1663028276160331,-0.14431473646272913
-0.13869641697903368,0.03609484971142113,-0.13704323257123419,-0.027722929992267553,0.10011895534348618,-0.11586559880326505,0.02895710318019533,-0.11410269765535636,-0.029504417701631924,-0.2991284563131045
0.17646333390158753,0.04609388430530209,0.029039542409666913,0.04998788373517621,0.2442456046115769,-0.19115177295107016,-0.04444902449989094,-0.0985815551488623,0.0805679928164007,0.0029337481305192342
-0.003726096027671738,0.0023782407956817863,-0.0970879867562843,-0.0816015545391609,0.12262625152059602,-0.14159901014802267,-0.0713858119142004,0.14182411425431804,-0.17703082382669086,-0.1405214373355789
0.0791987295858129,0.008056877746084243,-0.04841843033016874,-0.00037332408640988746,0.08766951228354518,-0.05086006471584936,0.020899182089997873,0.16229809317750235,0.16253121098618215,-0.14807582100813896
-0.09567784259484267,-0.11204752334455395,0.04572985798546264,0.0017540223105460143,-0.00739807968558282,-0.09674971494239362,0.17778959587944992,0.14219514091136642,-0.1517256564872292,0.14632589319663936
-0.1788512681123993,0.013248757490986304,-0.0389563807003243,0.037494343471683886,0.05812091117240238,-0.28206466163415544,0.2074746887573565,-0.09501168057235529,-0.3068383654105845,-0.029126387188122424
0.07058718446885891,-0.06596205550128358,-0.11791619488137733,-0.032938153671915285,-0.09182555702912969,-0.1363619081958337,0.02473620194917517,0.050920815881502296,-0.020732847383794252,-0.0675087058136539
-0.1308852276751491,0.08395976913642517,-0.13018028484636823,-0.003483536175234641,-0.1007279877202945,-0.054999207081285285,-0.04105664445053111,0.1293984906499086,-0.14359248733554958,-0.08397212759533099
-0.07659755755548359,-0.01975700496232317,-0.10960229804816568,0.01762583934462144,-0.11612300316287213,0.0007537728415000916,-0.10346655041759037,-0.09674738279556552,-0.0064634561926776996,-0.06848591246967496
0.058364184358847535,0.11067194056774256,-0.20502545528064464,-0.24557527957837083,-0.017944523291641444,-0.11613602512716512,0.01244551071762351,-0.011676195745114226,-0.0300823751126566,-0.14077618057060515
0.06552742915634209,0.05267605831132688,-0.07622550798414218,-0.10704908700259583,-0.13331075751615104,0.012300788242154644,-0.22940881741029345,-0.0382615387328097,-0.0842550239515497,0.032304287898981335
0.03753807253351023,0.14870632871137832,-0.2234769392600397,-0.07537004625403346,-0.05823173312846115,0.05407699235003478,-0.12589211240741943,-0.05572858701482038,-0.06492341366638164,0.0010797159067742895
0.015560762271492348,-0.039450027445599695,-0.2723472905094563,-0.05274932955105149,-0.009156220817928103,-0.04601497428741471,0.0008699949218372027,0.05996246646998144,0.03331273852907041,-0.10875179010515534
-0.2654749585791082,-0.0541664591791879,0.006523961498735617,-0.08873259065451033,0.07309195707017938,-0.05088277254390026,-0.05784359622045893,-0.27933277552007485,0.056748088782336524,-0.0502000369689735
-0.08038387674072214,0.04756805628883211,-0.06397529155921325,0.03420565444387291,-0.03793439501171324,-0.09234417864943031,-0.0579960342109316,-0.021142262941917643,-0.07079382494783161,0.07221107983365702
-0.18870055519238568,-0.049842354401296196,-0.004952014739814964,-0.14230594937072846,0.03744399589914908,-0.08363073958330824,-0.2570849246058199,-0.09093983659068999,-0.12295542727191787,-0.003568416880436069
0.034315340901963115,-0.21875271665901033,0.04322347872073514,-0.21422492883325295,-0.12264682216501632,0.09116952248327831,-0.02556374114935658,-0.1753872641865734,0.008873968245603006,-0.014624583318313511
0.10417011605095557,-0.05648299557593117,-0.14226688797135506,0.03796737525731743,-0.07845305172111422,0.05499955372365541,0.008505460303817332,-0.05255609708266622,0.049038611866353846,-0.12030781935285007
-0.04980876833857029,-0.17591225458822088,-0.04144886108002132,0.06223666881595351,0.054599567812882575,0.04198733324921706,-0.25714838217499875,-0.07822429952607818,-0.10188858001351767,-0.10525432375615834
0.0008452270591748946,-0.17228597732104897,-0.061460612480644286,-0.15616239107865726,0.002114519087898184,0.10251016527011707,-0.07442729795790799,-0.04694359319660907,0.11891786517827407,-0.09539315465462628
-0.06595288857893163,0.04811921855529863,-0.04718826859599648,-0.09426395180211387,0.005277575777881162,-0.10493228797512712,-0.17239199470114505,0.050698549053225656,-0.06511823935005887,-0.002966441936556579
-0.008507176747938716,-0.1002739281698526,-0.03222947633346122,-0.112916907015698,0.08450518094944058,-0.04431457069675444,-0.18909642910532676,-0.006369235026553049,0.04792147343637865,-0.08680325487256366
0.1890912773821991,-0.1601659900561458,0.07160139893874827,-0.21883729538997895,0.09112050128801195,-0.02888623584529216,-0.04499767913558288,0.21204225000974966,-0.003239659043608959,-0.1355413870904736
-0.16978420453270793,-0.05350113680105673,0.043063085282938666,-0.03541410813841282,-0.09712259516801924,-0.23634866094104645,-0.07139340375664452,0.12607915659018074,-0.007752627791715668,-0.12342555844497177
-0.061813287537262646,-0.12887256755349663,0.014534635863800105,-0.020371706011991834,-0.07875877888398566,-0.14880307968443396,0.041990373100467784,0.03996079589012008,-0.14448303210071547,-0.23202500182208974
0.02968816660498088,0.027353563964227244,0.1709933798683444,-0.20628009897679558,-0.04330482454541787,-0.1448994006418609,-0.04328944141322042,0.025413071639790893,0.10117059151682763,-0.1868786819791856
-0.02020007996501689,-0.08834138032532086,-0.015648311853971815,0.07553317105096433,-0.13561818226887537,-0.12409486351553471,-0.21801455804723047,0.1914933490789967,0.015026671794816746,-0.10354392495017055
-0.018710386920752733,0.05266357913381886,0.046062455229678334,0.050240774614116385,-0.14079040440351717,-0.20597710611187603,-0.013496794835735237,-0.02685022416589251,-0.260368975451285,-0.06319053520118542
0.12247397594000375,0.07262159691831244,0.07186703291192903,-0.18430801521061252,-0.06980036280636656,-0.05328510035512823,0.05612946860416095,-0.05400186477901506,0.02302478545276703,-0.05967051088981247
-0.03172581851491587,0.002980350469327762,-0.059385899518007115,-0.050266299562493226,-0.12475931089885348,-0.06534186747052764,-0.017859772328825508,0.03291613836578368,0.011199452202907648,0.031944924755355084
-0.17107591872778005,0.09578632808289919,0.11375958109764663,-0.27580005335751506,-0.0384160344913155,-0.026227828049559615,0.16839996588249098,0.006670244233561426,0.1383618165137444,-0.02514071144334007
0.05314909172522032,0.02966325805517821,0.08498486560512489,-0.029242313438258102,0.0993587301086194,-0.06416950541333946,0.07802109930057427,0.0033912686147433337,-0.0675717684701664,-0.00877475664716626
-0.04000780059632645,0.03710828620552636,0.03150847449542725,0.10412891347022492,-0.04490006031586695,0.07871765867264105,-0.09912920991100971,-0.09526387497930076,0.06686650813988831,0.10967476852163204
-0.0808734808987659,0.04333574292518924,-0.22134807083351696,0.10198631275508611,0.056257577402225936,-0.14410917159821124,0.06355602723094836,0.012137572882142778,-0.08256941379769746,0.07386508158516791
-0.029358827845605003,0.0733050146834066,0.05423517098958816,-0.04366043084296956,-0.05028498089532048,0.14552169796018202,0.12730138882156952,-0.0410999263999178,-0.03661545194715264,0.15404533993715328
-0.1067388176530008,0.02130491851306798,0.0011570770961269738,0.07722096886464039,-0.03947405113686148,-0.05749882761570697,0.10374483376108828,0.007872907299134625,-0.044813644900274195,0.20410553526559333
0.06742164974800544,-0.01866771757271137,-0.01953812027464192,-0.06503023236550765,0.0879393237471595,0.05671299564322872,0.06227154086928488,-0.178422231374338,-0.10126018139573513,0.04312993438904787
0.07747608630215459,-0.01229137375968662,-0.008801470647117334,-0.042449786640827374,0.04483833518463283,0.061279377980951184,0.09962155440345617,-0.09166450264972151,0.013599738442374228,0.04962342999718375
0.12288117587761041,-0.038278641767122104,0.034081674096127064,0.18607098728462979,0.10041983388469818,0.08620577496741777,-0.08256291450623121,0.0684817732845402,-0.1375500327388895,0.11867727993868046
0.06214822273971274,-0.07393004825695765,-0.009706862415433101,0.012116630129145978,-0.006058909045756379,0.14558369467119447,0.10351649977855218,0.07024358208695003,-0.041783706406386685,0.08322354544021383
-0.030424382777433624,-0.09066966492024156,-0.13954794012651647,0.0532418179931455,0.37374553540152317,0.006406486295010214,0.030694965582616446,0.013604942601558092,-0.02300370925383053,0.10744287594175983
0.021659678603982834,0.08073024988736818,0.05821082976948036,-0.06500326304130843,0.021524743364184595,0.032432977297010716,-0.08969937084658307,-0.002700034120086261,0.10883591986153805,0.10464050374246743
-0.05817960451936656,-0.03508321817283357,-0.01061727199247826,-0.06875263473308471,0.06121907579675509,0.12529801644852484,0.01502845758799629,-0.034110913022590374,0.0163233778036425,0.0021788295544167974
0.03184196314111454,0.09069100127638735,-0.05410829819683736,0.25313591391287277,0.05964294612898904,0.02791442602775049,0.23393004230387415,0.1712518659687768,-0.034674891262210024,0.06997397174894124
-0.08386819741086406,0.16739440011954465,-0.17009268150478987,0.10731843190325038,0.12921272090454558,0.15123281306150235,-0.023078129722776647,0.0222312194951808,0.02399076669142883,0.2058974569147148
-0.06389342192283833,-0.008032195661232887,0.11066181171875754,-0.02930809555791787,0.13870909336214013,0.06525234189147174,-0.014137385954041126,0.07035522795491095,0.014247724376145307,0.017275348680526173
0.12134389636833906,-0.0756620735660843,-0.05596641773235146,0.11767010695304606,0.29965722566444475,-0.02488079707474424,0.020866502727899774,0.13952715552060874,0.04323503502534625,0.23126854574312744
0.09253920074454103,-0.03938039654586502,-0.1108429372423565,0.02852799415026752,0.031260330294348077,0.05857149229685099,0.1605777748530681,-0.12294125304522846,0.1047402446730104,-0.036670420133060724
0.024582714169209503,0.13442558700423304,0.0038572053730845084,0.10776383348372842,0.094737947534173,-0.07428990090572862,-0.037683235888445736,0.07183236585007877,0.029235218437791886,0.024732528974848882
0.01868393215712365,-0.003678903576617959,0.024524814566178766,-0.016013627320607474,-0.03904535976251866,0.08543670314612599,-0.02422356686767492,-0.0787107487924833,-0.058668784311881605,-0.005526362711305535
-0.013573248546234228,0.054642812575758745,0.044791227664630714,0.1364232746232284,-0.007946708290368046,0.0015413663942834485,-0.21542484311221913,-0.010618219334145185,-0.04625401193685941,-0.09945966339247755
0.11624340499286953,-0.11849508330517307,0.1854438921106403,-0.18508385995333787,0.028034752556313734,0.003564022163034284,-0.022290232384291467,-0.09029069983662621,0.03034214094442223,-0.1658979553604675
0.05559213302397796,-0.06581597963091938,-0.01193371468466659,0.06303006404774013,-0.03412041800391954,-0.0043398304921213856,-0.1256940302958633,0.07233363459748898,0.13166318864889143,-0.0448373986900306
0.22516936475907845,0.002774627208132749,0.07201023101161849,-0.0726221870830441,0.18555772830204822,-0.18951486184746574,-0.025212510175199883,-0.14813730685766913,0.008431831123036668,-0.08541906313150836
-0.05103784421426809,0.08883371231995221,0.06916642231433034,0.06958505942980468,0.019147999724425047,0.0031615457463511683,-0.024474341318237794,-0.07924607786759427,0.1558284912105549,-0.0764662341666962
-0.06296775950249953,0.039405086434779926,0.09221427611825446,-0.028927937839816065,0.12952884743182938,0.02989953071635609,-0.19476898675263377,-0.05803457229863052,0.02812106803866924,0.16209114588175277
0.14708330407900158,0.09285478348963173,0.019951713536060643,0.08410688287417832,-0.06831835127697539,0.0502908913120926,0.15571980036107907,-0.08157951354694702,0.09827869998824157,-0.03012402809520337
-0.023053317816208743,0.1673781062133741,-0.08154468012496376,0.03832477336944602,-0.1444205025101927,0.17423206706196892,0.027940538677861882,0.20754381767518532,0.0658796636257162,0.11236436155582935
0.08940461374627123,0.00598132769647081,0.060385020362214645,-0.040215161491808704,0.09389660978680203,0.18063168211974265,0.03684823739474838,0.17936694931550234,-0.07852510694447501,0.2065002479925745
0.09594038484660228,0.06994754289159998,-0.07755656654059051,-0.00973143189962089,-0.051083420355745146,0.09266980150476149,-0.08193240019946813,0.06056611155379876,0.15317715877780663,0.04453267553126467
0.025489506783588328,0.1876265437930606,0.11270600217054125,-0.08624229093432513,0.03588833230350307,0.32568610196277803,0.14351669424130237,0.0021458666788488345,-0.07898840146048104,0.016854164112393807
-0.11046189155757374,0.11319653059856886,0.16397188780824098,-0.07112933642116682,0.007092451031282088,0.10784776093894985,0.13037717950872024,0.04412004244929481,0.009368219639684414,0.03943218215832673
0.10293731853230804,0.07576462712396803,0.09329625173949793,0.026335536274353883,0.28812757215036144,0.04204320060888515,0.04436383321431298,0.09820735991648541,0.04103823729050298,0.24080107135082973
0.1106360611534127,0.10218778666308276,-0.12886047468944176,-0.039639467220191675,0.16597137870866221,-0.024166755310270696,0.1373566415222212,0.03529230300674406,-0.023931365394712655,-0.1451576032124983
0.2324261353532255,-0.004382422321382612,0.18893623086399086,-0.04501671444266919,0.21942134054285034,-0.10469283164248464,0.014132096564206623,-0.08857813090812373,-0.012423848561749606,-0.014642082698435043
0.23298824727759931,-0.0455962001596648,0.06060711453984535,-0.008433384582057252,0.1723193286365184,0.057589044799090224,0.1518462270469203,0.09324297499558364,0.03693817044999338,0.04337641708372232
0.20646291565482766,0.004472363367842375,-0.08117639583249187,-0.04136128848781841,0.0751414366632836,0.04288423133662732,-0.06435835367627842,-0.008296971113949995,-0.03489224279752773,-0.09004989646568556
0.07628474871488673,0.03796354142063191,-0.09237988419505964,0.1540297351895849,0.1018990116420443,-0.15200084948784265,0.058425857228408026,-0.07989372068285791,0.06002535567976659,0.09973133790837936
0.12693186858375347,0.06396205656173906,0.008842332551672192,0.13612742498975983,-0.03355807861621733,-0.014355915484215137,-0.07089900990699237,-0.01812727659161257,-0.02377122439283478,0.01825236273991443
-0.10600044147286149,-0.011384879359591753,0.12170694295360153,0.03749443530958418,0.08458419975289859,0.11511532586033793,-0.052708384578398305,0.07538607372108522,0.06522361722583281,-0.01863396190639046
-0.04431283425812508,-0.0038838347673716862,-0.08608340416980632,0.1625349009893663,0.020049672269403428,0.12805985499657338,-0.10950860756153336,-0.03617347448507917,0.0419018374151333,0.1302003587266923
-0.0028661640608938603,0.026905740189569864,0.22761736306992242,-0.0251324939722803,0.17762362793424508,-0.03689826904923411,0.20085949855039686,-0.2249313924888038,0.039847495685497794,0.08778162384594046
-0.07821263510573653,0.06431160554276821,-0.007706226744744547,0.06352902323849109,0.3740192860109181,0.017478184374872374,0.05420683690366198,-0.021705050160012816,0.17899157706438817,0.27855003118296995
-0.14542090677239194,-0.11357721753794636,0.2635366622799963,0.047463690100764004,-0.06694605103235188,0.008686139211556719,-0.03970311882082231,-0.007563293706070522,0.01235197791576532,-0.06126435145305839
-0.13288400401169764,0.09385698201314073,-0.1529106135116496,-0.023171032854411924,0.23331631100906586,-0.004798411532370881,0.02040248365938538,0.048703702436029464,-0.04155068193154873,-0.10650196830051756
0.03998413453452266,-0.026519978093390687,0.14727177424611199,0.14825576663033124,0.13744999346196424,-0.03958748688062766,0.0847932251310074,-0.14375440867129358,-0.022917592927977855,-0.01382776950716413
-0.09202349415234716,0.0069432167479718185,-0.012593905597066263,-0.005020363040199403,-0.001583623137860854,0.13192111179977595,0.07471436154044132,0.04653237979747299,0.11882576839204358,0.11325294456699017
0.07220307208650206,-0.14397606737985758,-0.11825120972143592,0.10124142364945406,-0.024750229677347094,-0.012925943985561555,-0.01576404210826396,0.012795482534738872,-0.07812508199841738,0.04691096427391933
0.04378174564408884,0.19294822645734155,0.10488598096069664,0.037777930461199656,0.03138446192524745,0.13834538000194221,0.04098348260250721,-0.20631280510816202,0.08155577597437094,0.05472066291496687
0.06655279824875297,0.10650971984344261,-0.009857583213240739,0.08801660508930194,-0.036337088924255655,0.18319751440738702,-0.01869807146529656,0.0273250184106932,0.0791156665982754,-0.07774233028210205
0.02685415710407587,0.08501895464208781,-0.011971269260440736,-0.1255755642845052,0.05040962391263325,0.09388967576189725,0.06574317413525947,0.20754252527279127,-0.006265518214826557,0.0680795792223563
-0.028282292939830492,-0.006007942752625582,0.0034994420026160933,-0.1937990618768743,0.14618288839387875,0.054158778115266294,-0.08706509565525736,-0.06072089358332709,-0.022286147697082703,0.03135522647355083
0.019096239636755157,-0.2682621111868712,0.05654124036231457,-0.10969309603667339,-0.04128047913092042,0.03743403162698597,0.022069227489595535,0.018418331581895507,-0.08132229020635794,0.016360789719472486
0.08787688584367842,-0.0378731877895428,0.10722789475474918,0.03142091468174431,0.10769859808368604,-0.009035637465323938,-0.006171100236575182,0.05798662666893925,0.07573738922636555,-0.12789794549008413
-0.04158937698287333,-0.2006812544746272,0.10123043270410269,0.03180359998925447,-0.15829064342060808,0.04630074786184553,0.028922276725722607,0.05281968468757479,0.0049285035198576195,-0.10596334351734961
-0.022273559333226594,-0.2768363710112848,-0.0014295376574585267,-0.09953926292743043,-0.10141662819276537,-0.017431252890605393,-0.006234350036984724,0.03066973310721126,0.14374657748260086,-0.08473978281971205
0.08733528037703403,-0.03046093555290607,-0.11895643670191318,0.09900372944234703,0.019603248022484657,-0.0027773116335873434,-0.031263849509757136,0.09986192936305392,-0.07096024568666665,-0.07010053988696688
-0.13164236660057235,-0.07038491550831721,0.039396408973248226,0.018652974688152968,-0.07457881901739559,-0.012892220312788739,-0.035664798597136574,0.004268365202161038,0.009667088777440831,-0.01767642165052252
-0.1953195564044403,0.07465090902245497,0.02227441611387812,0.030434396003260183,0.017101771037365786,-0.2422155756385344,-0.057814971015740985,-0.11152680679310563,0.00032033382611730554,-0.14238576513541995
-0.11829882320575014,-0.19840172466521505,-0.0447056648165754,0.038266592525753214,-0.06893285054994408,0.015540118006427642,-0.1474578227053785,-0.07073845094394476,-0.25066527004148553,-0.1043613918312784
-0.0668201668638258,0.03592284755194296,-0.07665459663228122,-0.05177953354691208,-0.09360384720170228,-0.1661621788667833,0.11749837336606653,-0.07398854529765009,-0.019718189727607402,0.11691313583803487
0.011824682012777935,-0.07074219568670434,-0.14914700327820546,0.005886750675848117,-0.008779997144198345,-0.16057569904550795,-0.06350079906793335,0.02742128352951806,-0.11786836728439067,0.13252843137989945
-0.0901715126709052,0.13683126982784694,-0.03561483020696289,0.000345510699061434,-0.05184502588837099,-0.05564462455666906,-0.11102842658099851,-0.08082963056334516,-0.028829508162560004,-0.14690266533393534
-0.0536722639494201,0.050783768203580465,-0.07460280263453314,0.06599866766073292,-0.036460617879237475,-0.1065447822587338,0.13595854387734707,0.05064038659038105,0.07049023600656551,0.02752405045521923
-0.0837487988401891,0.0937993617661524,-0.049466372007923476,0.07505905020622033,0.22854575221142806,-0.16334430394269253,-0.13860719228085466,-0.020246438817439674,-0.08512597531305639,-0.11257309839825683
-0.2102737541038114,0.012807041850796782,0.0994623470427791,0.027889441840687267,0.17953741036169488,-0.007586894172101025,-0.09668724774999288,0.024061066004816486,0.0807151475667453,0.08080595772686974
-0.24425652404377102,-0.060776100965094025,0.01454448305171839,-0.1505785179754531,0.07989709103765932,0.04148536197816784,-0.06295244266937065,-0.06036877422478337,0.14322709449380416,-0.10767518371596435
-0.0360619823564243,-0.17611764721152373,-0.07751982662159192,0.17347424968278832,-0.09597637838942819,-0.29000363936951346,0.0046604552752773296,0.06037882414993874,-0.02135646707547181,-0.0896016484284078
-0.18108299636188266,-0.04581007526979187,-0.01885724213155688,0.20858140397435213,-0.2153780684832709,-0.07585121125312619,0.04470503462089602,-0.03524571472201944,0.08902015350725376,-0.05163207559928871
-0.11741582662459693,-0.015693105731321225,-0.09808602405319627,0.20567820149197236,0.05547149879701571,-0.0938873539990561,-0.056339366626500215,-0.13824761494650867,-0.12880565815420447,-0.2567032743898924
-0.030281874928062558,-0.11712369424512688,-0.031100509095051774,-0.019412734794781394,-0.31313293309839335,0.0550797717668617,-0.07441571941309058,-0.14603357361503924,-0.12106432796752087,-0.08097140983822647
-0.12334899230779801,-0.11686058071510654,0.010871729945109036,-0.0009890711333726005,-0.09392326947959555,-0.12347137675405209,-0.003973198106194696,0.2142976251010617,-0.03601234269575511,-0.024957009260618675
-0.08677604763167203,-0.17254898449776396,0.05721707927235389,0.06719368731921975,-0.20497218399298825,0.025278340814981065,0.083438604253548,-0.2573517793235759,0.11866424002845946,-0.15043867269639638
-0.13677238575791606,-0.15750379807414566,-0.021994584149646734,-0.01321588939669336,-0.018986969908285023,0.06172926691999206,-0.06054808723281305,0.0017810035067175323,0.07568816950700442,0.09314061417919142
0.09812854728724507,0.04933842673053106,-0.10824959964824366,0.02148340339190339,-0.08917755533364613,0.06498698577785482,-0.07869098519619244,-0.16578892001223383,-0.09591832428752867,-0.12371897360748653
0.027024950639932196,0.03583421629574722,0.09362682256759222,0.02299921817862255,-0.15470077491477208,0.03432652339928276,-0.17546960814680082,0.04363012520612414,-0.08010793547958231,-0.2903288597799392
-0.0971579933048123,-0.07085831388056518,0.04538622752307515,-0.15349834851952016,-0.15160745524469976,0.006715524366246332,-0.07347757274280685,-0.08624381027350347,-0.047400367277186176,-0.07344873067605215
-0.06092651219102359,0.04662474116603396,0.013421796172561194,-0.006124526137894666,0.17918407868730468,0.044665418911095725,-0.054599457504690925,-0.1637399456316883,-0.03455272419506869,-0.014713142561600348
-0.08237531549787143,-0.04566907609381407,-0.21520000527578115,-0.009473482626704777,-0.0048029590087131,-0.20967914217384043,-0.08822314394054777,-0.027970668679178474,0.022726230645657604,-0.09887128061799028
-0.12044697525143905,-0.15162656861706475,0.08294198841736836,-0.0599571690882637,-0.24858191581932323,0.13014479547078706,-0.07374076675173176,-0.1711534919458546,-0.08880866844499806,0.2110373374800129
-0.14183130793171583,-0.034595674658121064,-0.01798352787522682,-0.09420333616789875,0.024074517916961306,0.00043187899285920817,-0.14663090557253822,-0.2769859210626371,-0.10626009154064558,-0.07339099861345019
0.07163363257989369,0.0931930443856627,-0.020865787176671376,0.21964891765522404,0.16107843865344654,-0.044620128518297254,0.007449668682214805,-0.36272074234800594,-0.0639665875067445,0.05438204884954251
-0.1306748187927721,-0.004083796613888829,-0.1124702116566686,-0.2236420089293488,0.006382280248282515,0.025963180363422246,0.028015031008273863,0.008872948759668459,-0.007698501224063896,-0.06176332698887115
0.0019106341485575704,-0.038897872201273345,-0.31593215975683975,0.0981095288576726,0.198182208174964,-0.17283089272331986,-0.015594115847335388,-0.24563175491126601,0.09021335592654954,0.0773945003193732
0.04708066768024727,0.06661807830519365,-0.14733500557553048,0.005382805319539277,0.0055329118454521126,0.0965079018082815,0.1307858316905422,0.058022829753165986,0.11154188080076695,0.0707420679685384
-0.06049586440751138,0.01283659079143668,-0.08449303780503932,0.023240265138854216,0.009722506756425671,-0.07336817625977854,-0.045207803248620726,-0.14678828935337498,0.00047763189266537484,0.0176651864239414
-0.07467390091973415,-0.16619628178075999,-0.027212398697889204,0.04881932777035103,-0.05570368333049465,0.0457929951125246,-0.07520937017226516,-0.04096610722855868,0.014566798567497447,-0.026858325731459493
-0.15152879912316022,-0.15488085357936626,-0.19947621885376246,0.10696678412730161,-0.062493313612070354,0.1520999876981572,-0.0326738523349399,-0.02836212124011414,-0.12726124202321984,-0.01806424135941199
-0.05527562690376604,-0.23425621614466455,-0.28983302166557623,0.006357962523707846,-0.10901845118335578,-0.10449703567418483,0.1650915873912133,-0.09007541381480519,-0.06897639727466906,-0.08456278816249505
-0.007229511270602455,-0.17389870274746533,-0.10098304094592755,0.03220316135844682,-0.08399496248952597,0.015552752556057793,-0.26536724279552354,-0.08679323760970169,-0.22651152130629404,0.0050652215968889
0.01555862592437024,-0.11430840287698289,-0.23896612427904132,-0.17371208496838222,-0.07016134434493594,0.07809001238935517,-0.157317963681105,-0.11695738436895986,-0.12497266010747533,-0.028036172272932876
-0.09026926868954155,0.05604655464884081,-0.17440022410902237,-0.01699001096478557,0.039043131593665015,0.15494987120589787,-0.016849648595387776,-0.05140122804047556,-0.0902798464999758,0.02308911172656089
0.004995527749795559,-0.09275476954545994,-0.006174761231796194,-0.18470785832087616,0.002113502250621466,0.1561929500740058,-0.0905122939444024,-0.09853671332544424,0.03127476445278847,0.0533607317121117
-0.08192456690327712,-0.17016186640153974,-0.014465112402470892,-0.19395436329824622,0.06450953217705147,-0.019335429893422768,-0.051657049476513076,-0.15945857066923227,-0.037777191526049636,-0.06243135001387193
0.04524177880327726,-0.00626427911466431,-0.22402655456283582,-0.1100937094354115,-0.02904100783222565,0.015274495430580914,0.0014376911312494259,-0.090048880011927,-0.06561700599392713,-0.04579976393499669
0.07763978780224715,0.09000309821927091,0.003314863604408011,-0.2742015231481052,-0.07364821281480424,0.1170045208547156,-0.16130151890623676,0.015309971862716647,-0.22077864985879414,-0.013104705971475013
-0.022626708983386593,0.03651071054139199,-0.25472868853331143,0.058224741134798044,-0.17035065010938175,-0.07062409763565142,-0.1339059970058768,-0.14544788989012541,0.0780538230176514,-0.11096561950185203
0.1457877811416149,-0.1439940928142768,-0.119688742138185,0.015002185371108923,0.058854794019348025,-0.009851675880712221,-0.06988600909241471,-0.18573811433221293,0.03260337316159639,-0.025093789423998213
-0.019524645754480614,-0.04788777820946048,0.12748070207079143,-0.31019183029913316,0.13538633392217725,0.024656337560737596,0.002126136702115561,0.11030414798441283,-0.13991997115943328,-0.1357749128983544
0.017351649250311046,-0.06585878203946008,-0.05455075477286368,0.1324207255498265,-0.09918876141662797,0.05484164657091026,-0.1993229983114671,-0.13572222548798912,-0.00856152395488459,-0.028127809227076025
-0.0527676182234459,-0.12229696375672994,-0.11092867531865039,-0.12801181268955858,-0.18348666563653587,0.033827896625739505,0.06892976213202778,-0.1478340466828645,-0.059328766714319296,0.0033607004303649914
-0.050026566780278336,-0.08882822930534749,-0.2488526494671972,0.03930946387171945,-0.08358747202962791,-0.05180240883589185,-0.08142094685192569,-0.007289652728089541,0.13697477333885488,-0.11416594630795618
0.06927127574312753,-0.028728384883024736,-0.08955976426602877,0.13733830671458389,-0.048271725943181305,-0.1743793924660035,-0.04045633421202446,0.004164146098130754,0.03159870768947596,-0.14277784806530916
0.09174741864757577,-0.01265256726581013,0.07254798806981624,-0.06348126129886004,-0.006935126603553457,0.1637625717160417,-0.002934086414339801,-0.004446168588701368,-0.13361100782972246,0.03927440960715983
-0.01972416221031746,0.08643456861745055,-0.08134449289286036,0.13397209193837722,0.06652394145793772,-0.007725576093619247,-0.015080156752131597,-0.040746028697244745,0.0276477857803882,-0.04064232511856461
0.039809819799437235,0.12354008725846678,-0.050832866749153396,-0.029816274667197575,-0.1284094724626242,-0.04671469607733848,0.0025074331119053425,-0.12883397514222694,0.09490099725176616,0.10335343576276201
-0.016731874043870356,0.1545309420935104,-0.06743847545393329,0.05004196886225857,-3.654597186417488e-05,-0.060021672431465084,-0.1452331847494937,-0.036944119356651976,0.10149374800580484,0.17684830465879445
0.11347075391009655,-0.04522389951846792,-0.04111793513793545,0.005511569222339439,0.020015222409955593,-0.08197151091738933,0.08621810913610908,-0.041237572899047066,0.01428269147327843,-0.017196483122721463
-0.006082962987227179,0.01691207065132671,-0.1862806608769386,-0.02250020547304321,0.0350516021487537,0.07441946788646872,-0.010256293342606899,0.06425445601477885,0.17889756433291745,0.005991045127379391
-0.03141448577746063,-0.23248016031072735,0.04670598318169919,-0.013816004764580725,-0.1462703609205098,0.009274004084581882,-0.15763445237723553,-0.07082864835091726,-0.09830058552202525,-0.18547464696694035
0.014959980866022876,0.07851095185830409,-0.05890935723953391,-0.10683446446181859,0.1050921299066078,0.05655950768588992,0.05110192597979629,0.06157095330567476,-0.15159980776350862,-0.0075053457584564835
0.056417596052553115,-0.15963381651364125,0.10641388846827077,-0.1166302518793095,-0.0027650427491274525,0.1734793499555185,-0.21976438621153183,0.011274732104474874,-0.10813651126849969,-0.029180181574793386
-0.007613724900109712,-0.000144795256210542,-0.22335452966736863,0.21346377648937254,0.03756209559692112,-0.033082142549162044,-0.14884208676385066,-0.20338312993821725,-0.02358405288319474,-0.1313623950949426
-0.0016757441327471798,-0.03795269271352527,-0.05399960684877819,-0.19022577955999975,0.08097985373928458,-0.058183776464264585,0.10301836029313577,0.04451689449226276,0.12422649587128105,-0.1927907532595301
0.10111367333914478,-0.0048504671700059995,-0.0707888096218288,-0.056171519430277275,-0.016205715445371433,-0.24269985248688547,-0.08808122675689704,0.07677929506667308,-0.08706599813440324,0.08079772316491782
-0.12030623482031977,-0.03981658464866869,0.11134622836321331,-0.1168369117256138,-0.07927376659755767,-0.025814799492072854,-0.029566336316452474,-0.06115492714793439,-0.05261037985650073,-0.24724280357857276
0.0039050445288458732,-0.004939229844963975,-0.02692075912947403,-0.0745322387224961,0.040473086074805376,0.044752660102509334,-0.05922579783592302,0.048024786421067986,0.15715802557086386,-0.00020345703792144787
0.02484044794021796,-0.025865858433449285,0.13371117361267226,-0.027150590723380545,-0.0183637618769033,0.009719820674303312,-0.0015929758269880856,-0.048127550330843774,0.036969077805799444,-0.2502652722606642
0.14652313417554508,0.008281009496011179,-0.09812067187372706,0.15948526300777663,0.005235085742096576,-0.261663647288804,-0.17935388225191104,0.18747761186493844,0.1632010841134477,0.05200611651113665
-0.136209135009919,0.01653199807830047,0.07172998610260228,0.22002514708028517,0.035247487427174706,0.12374424932640478,0.027314783961298827,0.04721654224824368,0.09570291391155973,0.04914382350087119
0.12509229582552342,0.008677175637149894,-0.1076796213511252,0.054656631626809074,0.07152071970306169,-0.15942362029923668,-0.13502637122907848,-0.05508321651168071,-0.16209646323622734,0.06980345552373529
0.10607137667510852,0.008093963109212763,0.09926856575648703,0.05892298321816773,0.07313590008222312,-0.1622432858115745,-0.11824300687371096,0.06552269726835189,-0.013682595478790971,0.0018728417954722923
0.03906117290527582,0.035772522341543864,0.054462453812368646,-0.014194787724828285,0.023387534815868694,0.010292881316212907,0.06511106087517954,0.016085597432773352,0.11868355206453672,-0.19537959243395478
-0.07066481907307258,0.13017193562072832,0.04300638605229562,0.0884865718711843,-0.11444416448923633,-0.036707169564891506,-0.13224787719576322,-0.023903190471128766,0.09452577001138926,0.10763234485482939
0.007616360709392295,0.038773230611587314,0.0278852620071791,-0.1637631619200234,-0.05445265091252288,0.09201203018320492,-0.04460590569828739,0.1272810141901295,0.09630333687478923,0.07344916534540201
0.14736425086435417,-0.07523174163006642,0.08574502520587818,-0.03758031980521875,-0.20852050371246067,0.2023562429256794,-0.06652710092857192,0.11327695610285422,-0.1809588598292717,0.011068555848268213
0.03961373135114914,0.0243440103371347,0.022097882631002888,-0.17414801816132883,-0.10012590131180922,0.08751166003251354,-0.06750954541941859,0.004893550808529809,0.07445045115789595,-0.013858981536183881
0.15341845669414544,0.007955922460260275,0.3263163973355319,-0.003370873351272806,0.010860771696744086,-0.06494956665666579,0.025656111240016453,0.14249187540738315,0.011336060190186164,-0.1111938147803604
-0.030419415494996355,0.10384549035355903,0.11016454098515359,-0.11652930374275944,-0.033398454125447036,0.018094187798569618,0.07803931225361938,-0.051719189314466396,-0.15687842147934408,-0.10518595031750208
-0.2248092374952406,0.0174899869057379,0.011559933348132531,0.08860264439838095,0.04844305388854562,0.21086038679633215,0.07110428464647227,-0.056162900931248455,0.084240135778823,-0.09821743890271198
0.03179029808423672,0.033433487833544634,0.07178679945414916,0.024452479656927404,-0.005474581528080044,0.18084982975022668,-0.15392974878897234,0.06920314982993432,-0.15123749192958275,0.05806650110121245
0.034056704059398674,0.08897034776579557,-0.00895717386535129,0.15453278902113637,-0.04460680927443685,-0.07365345771442819,-0.009514911131790114,0.057323535353205834,0.06300207244955366,-0.06753438658712649
0.15665143006251073,-0.07138285638520533,-0.06084713852226785,0.041601538238127095,-0.055552953288894626,-0.1262163340086566,0.018786881094252507,0.006133273724798974,0.125226087870971,0.1497606521610776
0.2808100877371731,0.07127850851782529,0.08296794191667076,0.00217852180045695,0.03052463476162448,0.05507330632197882,0.048730346360684726,0.05320695580612806,0.03433154133770875,-0.25599491772799154
0.21593047871272802,0.03147942812565388,-0.07696879244309365,-0.1058482543571638,-0.05026756070038601,0.018797370836574838,0.1080571515508997,0.06126456100278857,0.19484112362824113,0.021133560062333218
0.0035413755025491267,0.24708372850685778,0.2560354708220878,0.15525379902058561,-0.0112183981131631,-0.009213529707859797,0.08057858114561696,-0.07594185308572077,0.2670631453768161,-0.19546246344765933
0.1570677197994089,0.06572997236108143,0.1435708444857957,-0.041966899177757325,0.21415861902157673,0.05764458778915184,-0.002718599215713902,0.2249098890046573,0.1396479180531126,-0.12171366891899124
0.2113495874022428,0.037501522726344744,-0.09002407103519777,0.04214238825415327,-0.14422854501718252,0.026370813460790916,0.050340003626391676,0.1437675965908791,0.27935213560022876,0.08189204539438175
0.15840854662378318,0.0622047502809461,0.1412295762755552,0.10538761116380843,0.08528131670631137,-0.02760349708485474,0.03794284908265466,0.08422114676452389,0.17894174009440172,-0.0855204904730871
0.02156829428653266,-0.003206764909873941,0.1831142899190746,-0.035708892115424495,-0.02379576395355576,0.08291488586812959,-0.059266906510455145,0.2809185610071936,0.005969784170096304,0.12470767681854425
0.020456594035152084,0.06260770577983193,-0.08121375346096965,0.23232698364247575,0.13710408189586548,-0.022378452454193613,0.036344059429436686,0.04658708761461777,0.08251681400016299,0.10028712191155957
0.13545676174337137,0.018786839104536296,0.12091872776131418,-0.001756323134649608,0.21488075103262205,0.010994669337871396,-0.07691827434983736,0.004326498142708454,0.0044640899351328645,-0.05411509381388952
0.05166907616131457,-0.07156684033774213,0.16870229156636923,-0.1130635799542756,0.12638940607998886,-0.05727134586910557,0.06102963265255755,0.06356981702374391,-0.10513135315241937,0.11012540293291243
-0.05306929103464693,-0.14271870278095503,0.00038335562141796065,0.1220832334588779,-0.004627325074897312,-0.08497345794161576,0.03038653607150157,0.18053075101118393,0.1220990798564247,-0.06644508072743838
-0.05478844168394295,0.02745808087366198,0.10303904382725312,0.029621831794251402,0.17887325632355908,-0.0025454149745660877,0.04032976381488914,0.20922025867560476,-0.012233862070170711,0.00649145065211788
-0.19435881522915038,-0.01600657082575906,0.0764700991136854,0.23704104189807998,-0.157254440624639,0.041242674963140324,-0.11495312393416557,0.041592589943765586,-0.03402989336250664,-0.062179440746878145
-0.024466034375052736,-0.03896936368919128,0.007582934732243439,0.110611248986445,-0.01322559768624058,-0.10798030100583512,-0.14597088000396735,0.0168387220027234,0.15788184919715909,-0.03229754106913057
-0.14208129453983473,-0.01767642948205548,0.0768973410122751,0.0006177820691846726,0.01880385767616938,-0.025252060687649656,-0.08025173402796149,-0.02311178404493374,-0.12791755988984474,0.06740492908471693
-0.25220924143925183,-0.1762892890504637,0.08723050041802186,0.006101552921868588,0.06034283728728629,-0.08732378326927057,-0.050420829529340794,0.15526960853550187,-0.0850544661399763,0.09454972747913394
-0.03801487614380703,0.004994763662474783,0.09956813845883977,-0.0532277212455924,0.0025732861891018463,-0.13481127646512514,0.07871548425965944,-0.15683950606363467,-0.16778128051727398,-0.07781748851295674
-0.047386177529312755,0.029355164497486028,-0.10117330804438063,-0.05101597512416594,-0.14086904015280055,-0.16985307428719032,0.12768179509829758,-0.047993534755742064,-0.15936315653086858,0.024587448375604722
-0.27377775625335715,0.12796974862717475,-0.1893144331392813,-0.16546065930929452,0.04098467037295796,-0.05861324716069606,0.08671547199899106,-0.050148429246506976,-0.06137095925931137,-0.08907220684881981
-0.13487754286083148,0.1131798331742292,-0.07211772967357742,0.053618183635472945,-0.056230298956152905,-0.08467206248582004,0.05145486372215681,-0.02489162232198555,0.005619766007151472,-0.04562448930220659
0.05664942875243083,-0.0026976504692765736,-0.16369341084688488,-0.15668122094391096,-0.11137590659258986,-0.023073027935950424,-0.02963415677304323,-0.06162054716612345,-0.03589069033702078,-0.05417088680579603
-0.09977616667006713,-0.10664812206009838,-0.01683140627980221,-0.13650819797988825,0.13616513288168283,-0.14521010340045243,-0.00812726481251514,-0.02867610257892821,-0.04981199998593058,-0.08587410782115887
0.18815453477824903,0.09685091450550476,-0.12167468243052508,0.04550571735596767,-0.10480886101929121,-0.22806336096098379,-0.1660898094439201,-0.008707850406967081,0.005199348204464285,-0.1497052644348696
0.010962822539599813,0.07152880824014088,-0.12028785175324988,0.11952719781792859,0.004277612385082646,-0.11797910204947387,0.035259518333047676,-0.055339747201694094,0.11196762654450354,-0.029220872206870238
-0.019439875797423296,-0.09115148382476362,-0.16211099109203553,0.022623464300118083,-0.21979002175349266,-0.11809856433519036,0.04312095597268224,-0.05642417210076643,-0.12478949448497238,-0.07018232181643087
0.06901575475253328,0.0555673319579036,-0.11767491838419424,0.16238354722876064,-0.15955807371338487,-0.1379498544608679,-0.14016329421623142,-0.06867886661907928,0.003189603286132478,-0.03421305869809199
-0.0827294749897744,0.18514234236553198,-0.05696906706452209,0.010803723093753607,0.01085481964753264,-0.061008088099134716,-0.07912563369280365,-0.04520328704632376,-0.13814514297255498,-0.008675637361160948
0.2129639739006101,0.13413462690677733,-0.0002674317565505152,-0.01314188492766206,0.03854379547555804,0.06101806829168238,0.15223415679490024,-0.087316917244644,0.00020712352960106442,0.04512293100525004
-0.016538789195139264,0.13667426260918297,-0.12760723291173254,0.039125806830883875,0.08128149039855807,0.1291204704214506,-0.042138877605689865,0.2016348327785809,0.05162813758344656,-0.27891678709312645
-0.08430507284898256,0.02440227018009883,0.16690081696949088,0.1523414793306584,0.026800820592395955,-0.04389909404969321,-0.15965603848599036,-0.08164762291621067,-0.04588857752760553,-0.03563619027057408
-0.009753717864296359,-0.17784745662692258,0.12561530652001668,-0.08963352090801226,0.037305834989840095,-0.08402305766862499,0.018242660492380207,0.030103863178435435,-0.019158066826186315,-0.10034833488550797
-0.1108399575604278,-0.0009421681733416606,0.2340178200271894,-0.05161589979465784,-0.002047042785263251,0.05857249443632609,0.0007912647648794444,0.04861008438412344,-0.07831426793715383,0.06286142638170009
-0.14238493000863228,-0.06119678669805701,0.08235706840036752,0.022198892528144373,0.010789380006553644,-0.0785159083378774,0.02420893100570825,-0.12099173992075017,-0.11448233965737617,-0.04541015064289629
0.026549553569120164,-0.09252093546330321,0.06674499662323904,0.11184658909033135,-0.0823725365785821,-0.20040410694086952,-0.09944366048095862,0.05425912415703242,-0.1992606643356944,-0.17044784465420051
-0.1547359119623603,-0.1817054811286538,-0.05587476527852155,-0.1521078998096112,-0.11386540328680626,-0.01935025724527708,0.0337571406833769,-0.11733191882797511,-0.11768437166646745,-0.07389589585366517
-0.1601381692895842,-0.21305513861643782,0.0632246781336921,0.04579601797530611,-0.11532912912445911,-0.18064867342820873,0.21455782850135593,-0.2159228406402853,0.058592065565577695,0.07860862949321737
-0.04566123303426955,-0.12606706935346068,-0.026455145869067265,-0.07821832763321493,-0.2928031826620121,0.14320786079613806,0.13235595458929905,-0.19915606644141587,-0.09400280107973043,-0.057508496914925655
0.13327714757287562,-0.0994485888251293,-0.08359215635476908,0.12250485845047043,-0.08775772861349468,-0.2265671237205738,-0.036036999020078,0.1325738799146312,-0.08689352670273086,0.0027032689638088712
0.024239675222414964,-0.04449739542142749,-0.14780499070763112,-0.02568699555818943,0.07015634010646653,-0.040794959514761885,-0.06917311279721289,-0.18917530930752152,0.12379424261929871,0.04093480150445673
0.148566210085627,0.1852508056232938,-0.30448785707134074,0.14773466719687092,-0.13937077305856083,-0.10759729843711262,-0.012788752561510755,0.0248334503215003,-0.2164131703420772,0.050192799440241034
-0.17445077929617364,0.12108451419191835,0.01428609066855302,0.12675433302210654,-0.0760333332304017,0.02526242377422929,0.031372000073606576,0.24208642498667443,-0.11132571540827038,-0.09710598715088299
-0.01804135251222798,-0.12007658638520856,0.006263638080604775,-0.1257482160182916,0.03398590088773089,-0.05365167405815396,-0.10328719734485806,0.161071220160766,-0.05372722085065866,-0.19830565129654665
0.05997767517914804,0.04668877384246074,0.10892068150174432,-0.16738283549011906,-0.23844684469006977,0.05737022634540331,-0.14420718599716167,0.008650123582568175,-0.12264148197511873,-0.15009791917684806
-0.10027288388199489,-0.0369577222804902,0.1007200785425025,-0.03291783272818413,-0.1831735394208934,-0.04583117951822986,-0.07327680084603963,-0.18752891145186998,0.11429914740713205,-0.03423248701067147
-0.07077233414800094,-0.1055807545386458,-0.007096834464066556,0.10308725341243286,-0.09390831712201433,-0.2005860863128729,0.0586053416696085,-0.01641692865270314,-0.025382732228610656,0.006247737662156902
0.022028819726020263,0.033468094267868,0.06119865111591176,-0.06654205084587748,-0.11252820293823732,-0.1495020385180611,0.17023555819591188,0.020781654752695715,-0.24901445212404796,0.09689878038287955
-0.021168705117829673,-0.018254051730080677,0.007237904614034396,-0.007060306020601653,-0.1615285623463681,-0.09146664065252988,0.038671755846777116,-0.020827283689711172,0.02309186066166557,-0.010347941961546508
-0.23047966145052146,0.13342440551184398,0.03742895886688312,0.16256950539881054,-0.04543184833182034,0.03988365387541494,0.06503699249114243,-0.10795814187391756,-0.011001306555756776,-0.04484094664970104
-0.35242413920467763,0.027651572707460166,-0.03079138014761804,-0.057848608622171206,0.027533905107267137,-0.2467071241717814,0.02939600624377984,-0.11135754093943094,-0.09847806369974885,-0.1158979999998371
-0.16360724483151123,0.1013575939022944,0.11916139635654094,-0.010811962998318821,-0.018403738018490684,-0.02713940028711824,-0.014089415439207605,-0.13032091506487348,-0.04470539842460858,0.06963915816204434
0.14041216406323465,-0.006942391778538559,-0.058181595960324795,-0.15953525376040953,0.10487829527172704,-0.2152578726618732,0.04032963093500742,-0.1358925198452667,-0.14090651679672542,-0.17867932870208048
-0.013558333757454383,-0.10379475421979306,-0.10010266628848363,0.040319408350356085,0.13653998200000395,-0.06762369966603304,0.12445717240322575,-0.23523639955653644,-0.1129702387692537,-0.22551135291008903
0.02519285009742636,0.18451978068588826,0.024793377709138878,-0.023972862175339858,-0.23537261013793767,-0.10267294936613686,0.09577094998070573,-0.1004124336446582,-0.05454286474652234,-0.22115811108374034
-0.10060855546855171,-0.15619664097230687,0.010502639451705709,-0.1325482106689918,0.12556724322803153,-0.13227626488183347,-0.20850172069168182,0.049900614524432715,-0.03882604939997088,-0.02354985634971475
0.055477117045307646,0.03930567391235522,0.040234994782719254,-0.063845808527957,0.05218029204817621,-0.1351307809939405,-0.019511576651570557,0.139052665471913,-0.01805990977865267,-0.3778195010384779
0.019278192736195562,0.06290518634744707,-0.02127058580805894,0.10320541086196511,-0.15511482954751105,-0.23975294265472377,-0.1197196225694662,0.0016719329383681116,-0.08644229652099722,-0.13278905339322974
-0.0781988030196582,-0.04074593251511198,0.151541493913494,0.010756551440601683,0.017315850025480452,-0.019969462208270464,0.05381442239940075,0.07250472391328393,-0.08050783488976672,-0.16675873047320453
-0.10114840508292354,-0.09679217571255275,0.015516354128896404,0.030850188002573553,-0.031190654259355306,-0.16910995545944035,-0.2227192091540424,0.08519175424085945,0.19448811350649767,-0.2745934164509872
-0.08799852827639514,-0.08905119757632954,0.013788676260361551,-0.13055070060194052,0.049847805034505935,-0.13621356283735875,0.016465786141426866,0.01961479894348135,0.036434719914253524,-0.12669849190179555
-0.054533971857590346,0.09445623060208462,0.022675560089622168,0.08279659677012029,-0.17521846580453804,-0.04661267227000149,-0.13549882654983442,0.17954121090860523,-0.1790137725878519,-0.16544681465547537
-0.12215966883276863,-0.05286482916643027,0.15635862032414055,-0.004990758913652582,-0.13375324600607782,-0.15344910085183439,0.02804810897299609,-0.07567224399898795,0.16734784857090915,-0.22064846076799507
-0.02328146032314808,-0.08926358976232857,0.14229663881701288,-0.010167248589599776,-0.0406924943046017,-0.10548177376665918,-0.047979773666367374,0.10504606813779331,0.13174923022270063,-0.0647170799722432
-0.06400676435143514,-0.016629002409830715,0.1791938632128611,-0.0063298615373562385,-0.25729637471215816,-0.15967016299281714,-0.08677906000815082,-0.2062605889590366,0.058445525784641836,-0.026047033720283358
-0.2907508574530375,0.14249862287113205,0.06392278629726146,-0.07050562131419835,-0.06960141947464016,-0.028973483045344514,-0.010675073684136512,0.10838807510239898,0.09330204446253611,-0.18174960136447207
-0.015044698509441734,0.22979136303652656,0.0647556896778068,0.09973559154578081,0.06337062414670219,-0.17785314356088913,-0.04575549309606496,-0.07418399949983734,0.09056719040576353,-0.05904835405749151
0.003371581293097496,0.0032574724692824367,-0.017356644405364795,0.024315605424757504,-0.005239792134513196,-0.06567151073823821,0.00778015287484923,-0.11233236803483047,-0.03597963822852078,-0.12108777482949809
-0.06681834610952267,0.23284697670680704,-0.11095204003503001,0.004324212875103537,-0.11366238498515245,-0.240657297866402,-0.14177489537297522,-0.053075098461669926,0.003125299186420967,-0.04080625994853654
-0.05957009975614518,-0.04514885068072631,-0.13218695842699305,0.04488980375187856,-0.06335203722978629,-0.13308651282738299,0.05463361484585241,-0.026571567610495332,-0.019715271659967053,0.059913098013903245
0.0016450493196474084,0.023598806472437926,0.12076056340347704,0.015089215352441458,-0.08465547583407262,-0.03441863504709024,-0.13785771602035396,-0.06990080141669217,-0.07999890075339358,-0.03897555057863302
0.01178405256995095,0.1443528896207267,-0.2153809000996101,-0.012484218989118325,0.06896900232814507,0.0532609129831102,-0.08812351650747112,-0.2284415533845896,0.0824941545690285,0.15899980351431842
0.1531523592911987,0.10245708781551181,0.16095554460431072,0.10192390627759232,0.14183414322812737,-0.01905823964572887,-0.03756868118384625,-0.07223659302280479,0.1598061443055592,-0.028086783247417143
0.025695958608560006,0.021136970822151643,-0.024981398496459167,-0.14468962468135593,0.07638750456757405,-0.06615440710130131,0.07705393626071222,0.037092061126229245,0.11651434931325039,0.08664701751926446
0.031410445160271916,-0.12787809361732222,-0.023951265600054047,-0.12437516355370991,-0.09873137468407124,-0.09047238145278555,0.17214966644159724,0.11398774931206881,0.1360495898739298,0.0012126101478368428
0.23394445567555866,-0.029812986245859353,-0.014702053801725914,0.15774129374221493,-0.03321651194448689,-0.0897050647280528,0.16931819604472076,0.18231307924739698,0.1571873158596493,-0.1459784124739336
-0.10999670402774726,0.029210769173919002,0.16756700492696874,-0.0546650604094788,-0.10431937622921442,-0.20559619617633662,0.09050201663563398,0.045072160320874216,0.07998302389709096,-0.07592066722966995
0.01490922294331842,-0.11104553766175718,-0.044497095365965564,0.07542180401970278,0.016278510794735787,-0.09410031661444543,-0.07937607269969288,0.0531857815612557,0.05837245273159357,0.07591446538068222
0.12043150646135606,-0.04620067021072077,0.2942389559047725,-0.07074348112416078,-0.0904676841406834,-0.18993652484885037,-0.09280414981921478,0.042245379191114985,-0.008083192659493421,-0.19053307651105633
-0.030512057356228778,-0.019563438500053525,-0.0560176304933519,-0.15206264690916915,0.08766226167542554,-0.18424907429968684,-0.11485268374269084,0.0711292875683365,-0.06370511112565033,-0.039125925045330516
-0.07800919620160848,-0.1917635799456228,0.001204003999221423,-0.14722881112684383,0.08754687428768054,-0.01040082039208095,0.0048982361869096165,0.12681419089766502,0.058511889057706976,-0.26876995061665737
0.0002845944001855158,-0.24724840047591323,-0.03632797970981892,0.03164308306720257,0.045547227408040084,-0.10312465297419146,-0.009415791577662522,0.1578880096710818,-0.12258990494531936,-0.12488875578392811
0.009174389697474652,0.09571612899853052,0.027384474592598417,-0.0716815675836877,-0.1704676044086382,0.02139465206909505,-0.1375953779600903,-0.007652528466372934,-0.12841476304038665,-0.10974015236941778
-0.008389601843340831,-0.05129035404604384,0.016252084533888465,-0.09462084004188948,-0.29083186018134777,0.0641181209380093,-0.2089872410181597,0.09371176036031649,-0.171812242603343,-0.005630252629191354
-0.07194009466454883,-0.01361064257421097,0.07841937879510219,-0.07686082747061627,-0.08103716153465504,-0.02201579059799792,-0.09178624101580528,0.07429124729588617,-0.11199460769007866,-0.034108672596491266
-0.09188894315329149,-0.07466869109477128,-0.023551280185813886,-0.3241918239477163,0.029306721807384847,0.04771355154344056,-0.009724255937794565,0.013131434515986397,-0.06445097174282544,-0.09673918863223697
-0.11159084984637113,-0.030086026751173986,-0.07873773169413882,0.04098552752602519,-0.01393831589378574,-0.025970315118466814,0.007224614197486205,0.03307724474812969,-0.045759673325771855,-0.18115774012264843
0.04054408423799666,0.06438330496935074,0.18671722840566715,0.08471941768654918,-0.03445930543447144,-0.05819270579140561,0.11643230785894271,0.04969020308345619,-0.12159252413258316,-0.2267619732147584
-0.18431256102883276,-0.07234848881914636,-0.0844436501684935,0.11118224075718247,-0.08864186680512065,-0.07550416352594794,-0.03477137583463094,-0.09829894877168349,-0.026872763419365255,-0.03169140640821175
-0.15758036019547272,-0.04309470972365486,-0.00528635677438585,-0.01859974081363871,0.012645850556362699,-0.17074196298949976,-0.13589248406726645,-0.1639578003854868,-0.054516507606196606,-0.030456237290246536
0.11623757933665751,0.03748244106247897,-0.2020963203207513,-0.2668749600644206,-0.09665824437973561,-0.12179563539006683,-0.07997119588145118,0.07483842443741795,-0.08431070088317494,-0.021996286418508613
-0.07530683173267165,0.04641560831840734,0.03291180406675394,-0.15953475813749868,-0.015414043071874169,0.03414361533222564,0.07005195794145253,0.02489755368901063,-0.10315357773208854,-0.23941458219490622
-0.1950474251382215,0.10891140945119994,0.09678668504034864,-0.13281291789429767,-0.02295624188854161,0.08854412843093182,-0.15295852916806402,-0.026161960427577208,-0.048220453243756706,-0.07965442161238362
-0.1842843666825618,-0.11036802778400745,-0.1218792585817041,-0.05211832020408927,-0.04907585422231362,-0.12732105137057567,0.033825826738605805,0.012844967615578747,-0.13861438383643299,-0.11147999864283349
-0.061575674702354664,-0.09744831674591861,-0.06401121814783986,-0.00307699566312844,-0.12931641692762907,-0.1306178680839358,0.046642367419255135,-0.06281413500100722,0.034419641979889753,0.014036981043937635
-0.1039059153078162,-0.037066098101240716,0.008453706447636718,0.07437972854340365,-0.34361703502332336,-0.12573790295734785,0.06166701036142139,-0.1257590388277132,-0.09662387772008538,-0.11698333561069756
0.004134868961121363,0.025501090094073607,-0.03541469447898249,0.05462919841507758,-0.027885946780694032,-0.052243091273244016,0.09663368965506758,-0.01025890819549713,0.012699114511998164,-0.08795572999077615
-0.030365820736631383,0.06389075868575414,-0.057008399267308475,-0.10449952311698879,-0.14902153854045075,-0.023012699942143583,-0.07299744178976633,-0.13605479181135635,0.1040655143175642,0.10921558876471595
-0.0896010212743385,-0.12778975179245522,-0.10797679033459297,0.08225978719332906,-0.02573448865980226,-0.10935682091597915,-0.224370987494722,-0.018669319369752146,-0.20774100967760314,0.06024395571180492
0.16471072931228797,-0.2701530462134961,-0.17971583966718235,0.01306628848362476,-0.10817455686205424,0.22047529376617608,-0.18132908515155677,0.12749661182109626,0.11716485360652712,0.21949591407225352
-0.04442538019436126,-0.09136025694326466,-0.0349365837588769,-0.07542404992039975,-0.13090506086806147,0.05829418622125738,-0.018763157458250242,-0.02061122341282201,-0.05335329987183032,0.0049352372894480995
0.07851754348035053,0.006896043398021398,-0.11956445402924168,-0.09465548717751397,-0.05840781719404239,0.1413674905354418,0.004897946463556374,-0.10920840251031977,0.12313811644309561,0.029278124688485025
0.1440456300292724,0.033157836325862,0.12672688752374645,-0.08346150836723257,0.01968729594660023,0.04902012892353089,-0.008174685416616222,0.053779158432023424,0.16831276414581348,0.030733333935342323
-0.03316552003635674,0.1703769401928945,-0.08961267250775179,-0.09117685365478072,-0.14364301279352837,0.01432135991812173,-0.044312737238386544,0.046798582786238704,-0.0010382539683700606,0.18510012066697595
0.10444617125667542,0.14104504532179582,0.01658659824771008,-0.06926849632041462,0.12657846638687664,-0.09385766281949422,0.21868842334278804,0.03402971103565791,0.2013557220529238,-0.06989501859554358
0.016341001795443483,0.043466452323190935,0.1562040917194597,-0.16661409673966976,0.02501674640965821,0.14979911570558804,0.05144063796401567,0.04714245954201331,0.07421442334471134,0.08220272052488783
0.016415172443427137,0.1092791958451767,-0.17228798731840306,0.027324778029606152,0.1687815641858178,-0.0004674389090539022,-0.042403527924519596,-0.11392611912359532,0.18403787111287695,-0.07023726872092513
-0.0012483939460222332,0.06647844165176037,-0.051417131257847686,0.18001212669328376,-0.14301289075126175,-0.24158610403231728,0.17362165646104663,0.06747910688157666,0.0819293949424709,-0.010152137387636437
0.09254639667918849,0.1415122357259651,-0.08275891261706836,-0.007360788367571397,0.10394908076149177,-0.2261720551331321,0.1547167011273979,0.03996770264632891,0.026599917586698767,0.037624682447948865
-0.2010044997691998,0.18645539032044134,0.017687485880117447,0.3298873465987232,-0.09234990145195995,0.07875624746147658,-0.09045682640863732,-0.11924452527251672,0.21749784662774518,0.02274096463554385
0.0383824655543972,-0.09800558622589978,-0.013989616046313984,0.0676890152823136,0.12987424338086342,-0.2151857583802974,0.09277261787605817,-0.016234237727031503,0.052815532953236134,-0.08247996533564152
-0.0228771139451757,0.0038339330148236157,0.07688678060799725,0.10394731983050715,-0.04262762841317752,0.09319987177945438,-0.09024117589999243,-0.025012809955421652,0.15893959498275928,-0.14512170773283872
0.03216024602824483,-0.06903193708432646,-0.16625460469289674,-0.12390027040329026,-0.02668127300393469,-0.005047131856719726,-0.05953024215171167,0.03925138119213603,0.0741287350851471,-0.03128180450002306
0.014250315316035756,0.0812616717399535,-0.016207271204087187,0.08627646647204391,0.05407544509547016,0.1898880316575465,-0.2826417518341784,-0.20131180997243142,0.11328546866168543,-0.05938774728664778
-0.1752116132224949,0.05790209645879252,0.06472257641274703,0.0921858491846131,0.0621042110486529,0.005776642071567374,0.11552936667878436,0.021927546060155782,-0.017480599793715683,0.08732948839155903
-0.04469484947206351,-0.1191183491223041,-0.10658483680160527,0.0894849406836889,-0.01151889922621114,-0.013642517370425138,0.01685110369987604,-0.001834142863607861,0.016630790153847677,-0.002920168310913747
-0.010732499478389123,0.045804307775026615,-0.20065723403517904,-0.10383479299590294,-0.07250316154620363,-0.00017283423842282886,0.025439141316829283,-0.003537146532858474,0.13107846973569698,0.15599059711575539
0.05185022659044869,-0.1959321131552413,-0.09874796357472243,0.11049500998747702,0.058213990217127594,-0.014249454172323064,-0.008614756545091227,0.11620844472396748,0.09394494113099332,-0.09950673803149895
0.10691801102830523,-0.07931359750857549,0.028045321993028727,0.1304803975844155,0.16073143446349464,-0.04982193802855708,0.015119801115271635,0.1015819413919132,0.11418646717612377,0.038880259790391294
0.21056918912304534,-0.02094863709431231,-0.07723204410691635,0.15950863038793628,0.013049776732859824,-0.2333284305731729,-0.002862699682512298,0.24906880785620397,0.15552854655522072,-0.027407815158679457
-0.015946633250337544,0.08229973697820107,0.07184386259749595,0.0894077322614012,-0.13641272130068938,-0.12251247631105416,-0.06876906471648452,0.12186008327037261,-0.03572629162589309,0.07480725706211952
0.09375376222003048,0.25134786973349643,0.04479426288222857,-0.07548582846646748,-0.028304767952949506,-0.040607852529262654,-0.11525868152124974,0.13590523469391388,-0.011328530741945786,0.03433828899964165
-0.07270100386261215,0.05832968654985197,-0.008904633045418109,-0.14168095224472202,-0.11505525690287954,-0.15991262068835857,0.10919644808482902,0.1099791415018303,0.1548935392876294,-0.11970167694493522
0.029737660724069484,0.0018069091198423329,-0.000780927450500471,-0.22369222568152036,-0.039681356393598016,-0.11767955435020717,0.16287213648798712,-0.04531997355275964,0.06313219293365199,-0.07260542228501984
0.1926117801223362,0.04545949906289613,0.01533882440532288,-0.20365393452326294,0.1384417634531447,-0.11714000356889692,-0.004630777113633347,0.09184811412296895,-0.00039611971040155736,-0.06909311110542384
