T0,T1,T2,T3,T4,T5,T6,T7,T8,T9
-0.10189222232004648,0.0917425706850862,0.10651443816078082,-0.1319997879325646,0.21358733064901214,0.06572286733666982,0.024178444330356402,0.0304644081500781,-0.0857323080790875,0.07896833747476667
0.18752850421129752,0.0679236566882502,-0.11733033379334018,-0.03965172742654862,0.13431285071301677,0.14395497505591467,0.03121061681089568,-0.04790936349229737,0.046879535359622554,0.07137481449495184
0.023877499511811846,0.09330551603802681,0.002844790886558231,-0.07249475816922381,0.04583746288677166,0.003794564732119636,0.10025584459696535,0.07178185008119045,0.053159576772850686,-0.030957335540923482
0.1159170476834866,0.07597549458998869,0.15077722257226328,0.029866655671945942,0.0141647729191514,0.018659127067189668,0.1718366690578799,-0.03113530675304657,-0.03272037228555358,0.33797546306823767
-0.07323213823667388,0.05340548216227153,0.14983384924558885,0.010271748537935242,0.2683517359471647,0.10325610910076094,0.33050936059466296,-0.08463971112437858,0.10022192407470595,0.1305643166358952
-0.037843321421317744,0.21490463128210785,-0.03245894019160179,-0.03374841284054947,0.029840608290201798,0.002103237660307955,0.20118218687041078,0.19213806905349082,0.10153546112295471,-0.10054577571836017
0.036604394654033874,0.004567369717897882,0.01776634782586515,-0.14577044423568114,0.19473832987536321,0.16055907964378205,-0.07188217302686434,0.11414902687587364,0.14988247313175485,-0.17380146947365915
-0.05125850870623414,-0.050812972013067545,0.22743970495037646,0.0969750103364382,0.032152927706075425,0.20551787657443046,0.07795920830643183,-0.015173766781076,-0.11016814852324669,0.059641178212026955
0.1866132666667225,-0.21396122754727093,-0.005005812092612076,-0.08800189789735315,0.02264089235941822,0.14609260583765188,0.050583131604896886,-0.02411543872650257,-0.03901673026961774,0.04408318805884875
0.23897449803790086,-0.034374708679927334,-0.11095315025804284,-0.047321121062158536,0.163037250213527,0.05938335217179293,-0.04614297047107496,-0.22586183504491658,-0.11906178365353348,0.04192987031056213
0.08494737220110413,-0.0771758712887401,-0.00400627751581633,-0.06502713529693888,0.015953529772269992,0.09950652431849741,0.053518749210143844,0.08308161994168327,-0.1837880406182967,0.052432904961599525
0.008841282124726686,0.06303186908942553,0.08700788607097089,-0.06481260128755431,0.034560218639820506,0.06787969465154803,0.008212866229998218,0.02005159211829896,-0.2763188874002406,0.0024901987417841123
-0.02833939960207709,-0.16016882101806434,-0.04604881572827428,-0.24925469338425202,0.013744124000367654,-0.020822681761829213,-0.018521730560763082,0.14578542024926464,-0.15394995969208403,0.044245385350929804
0.013222498623704317,0.060273545753349325,0.02119595933117083,0.040529582440560846,0.18431985490165007,-0.026425328214227058,-0.16354028237581272,0.2408582091409907,-0.0901734992432916,0.14312682362527052
0.0035405022287728974,0.013059863788937726,0.01767571324090951,-0.2747465978221483,-0.16012559752951905,0.11305760453909709,0.00589667282619106,-0.0798431746374173,-0.09183903737024916,0.07215831202586044
-0.03537717855199027,0.005067174333895979,-0.1261924895245533,0.04124395087133042,0.04190497079696494,0.05379531423689252,0.10793800768909562,0.10649141350291028,-0.0723149403265449,0.016955919286590848
0.10475877408405321,-0.05105201268902762,0.2173162262834791,-0.046450254702255285,-0.15037736653037598,0.07127830962437409,-0.06539451340578477,0.0466188051297445,-0.12416096737965922,0.10310312932705314
-0.04624747779549923,0.19854200048259002,0.1123665610607757,-0.1157749661043001,-0.05271057571645391,-0.07511118697181299,-0.14394290039303248,-0.09099728776838459,0.008250625413868264,0.21569690786040857
0.005765408901509801,0.006677790756398846,0.023900943729681927,-0.009806995670325967,-0.16127612135057892,-0.052189110383285595,0.02708259223112241,-0.15488053618427763,0.015736274037721765,-0.11235946489778328
0.13298546373546982,0.06163605506128583,0.2442114892983394,0.0076868250433831595,-0.05709741778942705,-0.16520201455703773,-0.21177657061549643,0.1084167543212412,0.11760775274422983,-0.041816859552080476
-0.12124832731787227,0.25813465193000906,-0.020030973916698808,0.06728767211442856,-0.1901892070496794,0.042587143041320025,0.08970887547892614,0.026330908083539852,-0.05854440054486214,-0.03333825051195073
-0.017484939391684343,0.0033093826477868377,0.0782175151552433,-0.11910486926730064,-0.060400560362195835,-0.01484155241440216,-0.04359857871743626,0.11641518198608125,0.047502781148110115,-0.1653705261858459
-0.044818680107976655,0.03478591830238553,-0.22262244068950054,0.025948455844599806,-0.018771374377500344,0.012248730872950702,0.023200234708839085,0.12139962092292181,-0.026261892321903957,0.12292056080251873
0.04513520647346027,0.13865239349774752,0.08696847414125802,-0.13984829441556984,0.09208756676489292,0.10925375447100805,0.04599245119873084,0.03130899440848869,0.2923315395040677,-0.07960522256397792
-0.019100096125412934,0.109165478602185,0.04769030691192503,-0.06685154915557062,0.0990466757536344,0.07838277747359729,0.11607029941426888,-0.06290553830659795,0.20094411331461526,0.06552443616178094
-0.16080031509080203,0.013298524872503416,0.013356283430997068,-0.03346727563127069,0.03798504552694828,-0.16380859994853147,-0.06627539963659107,-0.08318471135464728,0.06735518020923129,0.05854774313621501
-0.09100201690788069,-0.17754847848270822,-0.1717055103182321,-0.038419632998130906,0.0038755891050806374,0.14932872172009953,0.14240029902100618,0.15223674465613,0.18566297447784763,0.030270514358103896
-0.10334229734452993,0.04367001864546602,0.04718921218129729,0.10844304157222888,0.06121985656558879,0.0024711851584704285,0.047253468870787935,-0.1194896452231058,-0.02366013575492186,-0.19702978618896355
0.046989608849225206,0.0272873505274029,-0.14737493746600003,-0.16774362849384464,0.09143750490378605,0.13016845222276774,-0.033773932989935945,-0.008901424646714083,-0.04992917455599519,0.005231010330475884
-0.006818562083704245,-0.16874400583074983,-0.219796398592846,-0.133562322676101,-0.12128835101808928,-0.13964350209359255,-0.005078908158494655,-0.09940769654804035,-0.07969353531016232,-0.11076198045918452
-0.030311647285421826,-0.018736286853476843,-0.03358179148056448,0.009465172403578664,-0.07766500350007885,-0.03224426182984262,-0.09788467608795474,0.10051658745226494,0.0507836086178346,-0.2068932591154499
-0.0029536069170252328,-0.017711881539904203,-0.09692386372797011,0.0694972224227289,-0.01903082497872107,-0.10838789163145005,0.008510415438044275,0.11028656259562943,0.051722264427195956,0.10648373781782566
-0.028014350186939305,-0.0968385508023976,-0.15813249506216792,-0.021194163994849705,-0.12377789179143991,-0.03273811427039344,0.014377825264426491,0.10858636249975012,-0.13979384236141143,-0.085962338130526
-0.11794872634218381,-0.006923805017865298,0.09333736878614651,0.01471291179128268,-0.1137645085702837,-0.05690486686063528,-0.025429974584062452,-0.07546999624592828,-0.2491732679950558,-0.06067604977616631
-0.16896430190997141,-0.16516735973404514,0.0956121484869541,-0.03693657271234506,0.07344922059353483,-0.1196096282997436,0.03143694835367079,-0.12051477940643146,0.14266344182630278,0.15458560310864283
-0.2032315481414464,-0.0833708063251071,-0.1366259131925604,-0.11213821765963637,-0.023165786636817128,-0.05804044576355658,-0.03040203745324683,-0.06074510674814758,0.023803178940586506,0.09231084123684988
-0.19819703174089798,0.021900304538264775,0.07066365007986544,0.04177198858286703,-0.03185242522401589,-0.13723833366641075,-0.008763309254954402,-0.032277572379521294,-0.04639026708490656,-0.10052558856127569
-0.2689217692919952,-0.007482720126006162,-0.29977636097602095,0.04449691935609383,0.016108634108688527,-0.21675608765478843,-0.0914821643632713,-0.09936538993945128,0.031910278235886394,-0.18510333540971266
-0.11122051554965941,-0.25455219302174903,-0.14881912356571886,0.015435172508255376,-0.015181523286586687,-0.16150466642535533,-0.0643398857210348,-0.18815036093413467,-0.11390496486358963,-0.11677179057743298
0.11737691334840489,-0.273842878734712,0.1077783465147149,0.04521332336434619,0.026124211187455934,0.1077449881912399,-0.029101954509826243,-0.10630032441935783,-0.10906863114971392,0.004958530612804407
-0.13514645714149093,-0.022240008702597625,-0.12680713834640214,0.09369753215860133,0.1513282708704516,-0.08899101549228472,-0.26444929603959133,-0.18425908898057713,-0.11016196620587722,-0.10937026668567489
-0.3547222385954594,0.10312300352062978,-0.04389173537713409,-0.01569011795979458,-0.07836041793808088,-0.10039705032194517,-0.12124486930103717,-0.07217027050061389,-0.25634220449658685,-0.14307301547372508
-0.07930726196934035,0.07787531085226967,-0.054327736026364315,-0.0014304798901647944,-0.11477320855852045,-0.07863684038045896,-0.16672013657844423,-0.16042854941986168,-0.05376378723505064,0.04554128178703426
-0.25381844336471915,-0.09158924356918705,0.06712515634341143,-0.14032112985681727,-0.08258576239266094,0.10084665995390216,-0.19215422521047437,-0.18166644614238547,-0.004339610988485967,-0.02572968371232097
-0.04287884838814719,-0.2244736719473701,-0.011931700360174227,-0.18744295276482048,-0.03093472215402228,0.021467896776614648,0.049220227887673954,-0.006821278660396508,0.06984262101170183,-0.24442311102758546
-0.06292943118251268,-0.10172734080708995,-0.18412564209916177,-0.05243785164039863,-0.10133299881011762,0.04357250908344269,-0.20334188801973124,-0.08735364287028932,-0.12532826375516257,-0.034394524385135836
-0.1855091341611784,0.003223313143772999,-0.0987184733961786,-0.1896785556085836,-0.17166073317245645,-0.0032590617030144597,-0.1081983628561024,0.006599505101358302,-0.08074180108731135,-0.08590995488728781
0.04102369972258093,-0.05831646023277008,-0.09664035626877679,-0.20653438222439102,-0.11607097108375318,0.07736097507083357,0.10018100347304687,0.037545293003265284,-0.06755487906646174,0.049040242228205314
-0.033978154805326115,-0.08701806084179843,-0.12167045780349517,-0.05296058944214768,-0.218323264077327,-0.02382599358814864,0.011785598467276948,-0.08818650362744285,0.10668392290161671,0.07099006069460789
-0.031503190136033796,-0.24012626017988264,-0.13754687330360765,-0.12231672107912989,-0.001819776470912235,0.022061284073468024,-0.12504009029885668,0.06760000892897078,0.027761923137224698,0.04411434995031857
-0.04579649736553414,-0.07949873134611608,0.1160632279976008,0.07559607728254615,-0.054449653707177664,0.11280002665667235,-0.08335135168657402,0.08716481230661408,0.07329835960886971,-0.08604040588230301
0.2778108867545188,-0.3933594316020914,-0.03142414672885767,-0.06623877607492437,0.0528601142914817,-0.19328164250680513,0.009306517168845244,0.009332671695938554,-0.053193931362435824,0.19612976822648978
0.02265844069552895,-0.021597997873117676,-0.07948376966779813,0.1606981259170582,0.03357982075461617,-0.03505723395648934,-0.1652213056679982,-0.09836029316022091,-0.0897602101772864,0.05908057751625336
0.02186000269387204,-0.03484925204825723,0.010149219722935303,-0.04230947910830139,0.16310305676223608,-0.11790651141219037,-0.04510890389296103,-0.02231732918355999,0.08046045590704005,0.1140068258816323
-0.007017630886456986,0.03944377765639014,0.06415603563129277,-0.00784894821566292,-0.003292923513652131,-0.18826326761538564,-0.021146508865229507,-0.15378515212017696,-0.1349835245404143,0.0077052426630900075
-0.1505378445766709,0.07121923933209126,-0.06359550877212636,-0.2111729247978294,-0.02073759039491928,-0.033355123931183644,-0.14968901773713966,-0.0691808036192953,0.07621858717558586,-0.0074141764570202365
-0.0781046779692544,0.10882780770543253,-0.012819736022861275,-0.18326001935109149,0.02673962641982356,-0.19096879928773836,0.11234860448515979,0.10928323442434373,-0.06890089994722215,0.02682734511074743
-0.08430041626159705,-0.04923033496051938,0.010634714633069014,-0.04742321939639982,-0.18767003384507747,-0.1347218045499032,0.15988143035742,-0.01990379588907524,-0.22516288880937746,-0.06799657429674681
0.11235459650958055,-0.15882618619147806,0.03387140884800946,0.0005653288527345118,-0.08371657904472114,-0.008566886456781223,-0.042113590707407646,0.031124140795553243,0.041336508726784404,0.05708781376958716
-0.12278985875453781,0.22794107629983956,0.073259576018247,-0.03094613233657005,0.07070526379356676,0.0336719651259106,0.08783899932414767,0.10053285475677966,0.21602759982913608,-0.016551312327245268
0.12782733818961695,0.01320869613651044,0.04941564850029183,-0.09576658741480602,0.1059080020824156,0.036237606402971405,0.056086166552774944,-0.10736798192752894,0.055955770398272674,0.040137101364158
-0.03653911293445576,0.030621933596771764,-0.06196804795843057,-0.07642751017130023,-0.03815662084415023,0.1191637983804624,0.048810512555319076,0.08598855929593177,0.11453193532785651,0.0047943691766218245
-0.08337583074645263,0.1765426272962604,0.13237592560055067,0.19323459280751973,-0.14772495066403435,0.04666452923342579,0.16764839557558361,0.21838474046486356,0.0460678191338796,-0.06158073775158304
0.09697273934719403,0.12510104280681744,0.13775658680670963,-0.07232617786722224,0.006482149702016056,0.14668582156861887,-0.053285349863987676,-0.055801603458216616,0.06521498275502675,-0.023810994268916363
0.05923962467421297,0.06736768197004617,-0.03414103609922031,0.0017678070894649386,0.1503638978797957,0.11925536728564576,-0.0054890480697046065,-0.10527298659137704,0.0043449078294519605,0.23487981469523478
0.0681848957901667,-0.025133214174502844,-0.16193307468745727,0.08708115357076136,0.07681940926486014,0.1118806074606285,0.15881073729904185,0.09826294927191259,0.016388685206084296,-0.06531220204438085
0.10225607648788032,0.04311502320279392,-0.04371631208652977,-0.02606372926851211,0.06081432352169813,0.14275640158222527,-0.0007546475700973831,0.10589098711200881,0.02148440173608286,0.1512213234329957
0.03350885831232937,-0.09781271384514068,-0.14421504299401208,-0.12408504974888454,0.10035019692291258,-0.056863462954365875,0.11347123189327882,-0.14827520836032482,0.15116439266632448,-0.06862670669329711
0.09440525832747133,0.021929678907605707,-0.05767910740372038,0.008257624016531552,0.07254153175784774,0.03301951019625209,0.013802082619909076,-0.06501417667888533,0.11966281875348808,0.24641133339420426
0.08755843569599293,-0.06701762126713018,-0.04245961846189209,0.051190753372843525,-0.004029814603152861,0.004032042879548357,0.010084159871369465,-0.07719159511158957,0.10696784909237946,-0.13149764016024476
0.07071410365693419,-0.10907336759326158,-0.1880546596827931,0.10295324717508302,0.1501461168231416,-0.1377729057026341,-0.09868949696147816,0.04622130359223832,-0.03625022354458958,0.03731991578452781
-0.034276184589556044,0.04453568338600586,0.04843713282954726,0.16925298730692923,-0.0365624383584867,-0.07854243857264147,0.10289483824252961,-0.007234785286337867,0.03454384043696569,0.0686327921113369
-0.047072973227393164,-0.13964764148047942,-0.01685157078987081,0.024826169687181786,-0.04245433932881951,-0.09793055534482871,-0.035950214315657446,-0.05353117873181558,0.10517899186897166,0.11453579286267992
-0.17696923885460603,-0.05067469355883985,0.01207505622624317,-0.013767226171856696,-0.20430947160242216,-0.0046518679423986214,-0.15442664133714146,-0.05281194310270315,-0.09586144782419352,-0.18408036577774808
-0.18206175792543083,-0.1954517808891943,0.06130251361337068,-0.07114234497391062,-0.08305101825500509,-0.04036770447605515,0.03062898713006673,-0.1681528648828629,0.02788388394627671,0.09971309572491086
-0.037998257619296184,0.14368062044206556,0.08329071457488565,-0.062559319604329,-0.06863552194859908,-0.06530176509754887,-0.12075207755113931,-0.17040648132668146,-0.14246847091922604,-0.07127267633652064
-0.07384553753875094,0.04603599493319528,0.0638483676583317,-0.052886230258724166,-0.15996150335395293,0.09209272898757674,0.048128060398191605,-0.0815999963292112,-0.0011529683416481237,-0.239259496855519
-0.12078103834337775,0.04044951164959459,-0.19889248923501307,0.015772452525506943,-0.11002486623489852,-0.08244046561587734,-0.1705744419323975,-0.018765277374234574,-0.1890661765170384,-0.03665826852581601
-0.08590765059965588,-0.09294649222773736,0.0493521712743691,-0.1440282748821351,0.07164917531721524,-0.08222808767521819,-0.20293096558807616,-0.07224781986357162,-0.1297198207494192,-0.002714460259248097
-0.05814715712375412,-0.03863136559710397,-0.026988157841107464,-0.2785808299046057,-0.187127554977841,-0.05045696571754027,0.013229314297593484,0.17665796108158816,-0.0729758225424052,-0.1671692583832467
0.11048685513000865,-0.084718778219713,0.016389916128769992,-0.010871319629553289,-0.1799918910052494,0.06683690724377797,-0.02788160997810569,-0.12545841346738434,-0.03783131732919681,0.03904221367164892
0.0718227841094566,-0.0519070979765815,0.2635299899209183,-0.14625468174588468,-0.016429613939368967,-0.06923802036745161,-0.06400151425950029,-0.1488174641980589,-0.08320386086987505,-0.12927802726816506
0.020955461857957366,0.14595890196290331,0.09692728757407637,-0.057281689672662034,-0.004617916341869234,-0.11051114224539986,-0.032298319073222254,0.07050936436329062,-0.02653582219095874,-0.08228286232452373
-0.09887528958877426,0.23014905239588904,0.07715869232461621,-0.04742450557633847,-0.02162051585329932,-0.017216269031508923,0.0076689159570064586,0.052304424295164326,-0.04844701859327254,-0.16493694454469365
-0.04710906052481463,0.023656005642955336,-0.10901750349032804,-0.14696935505148434,0.0283318548649672,-0.1818005337530803,-7.05278239198949e-05,-0.01629322107766587,0.0720225357799408,-0.11018707338419695
0.12516703061122572,-0.11947652244867116,-0.009748142159917865,0.08139910647902093,0.018892786092022856,0.03140677150611612,0.03750180191056987,0.2056645939899089,0.004464404517218128,-0.2583230206872582
0.17933654219006442,-0.02011651242298444,-0.12760864239027506,0.11629040628104188,0.1860410944337674,0.06183962842507352,0.19623785182384015,0.0639301550526266,-0.20849567360308938,-0.13298868705078376
0.15092878145609204,0.12317806093523839,0.16450815397615995,-0.0596668423983466,-0.035700123102713616,0.07665582830929252,0.2766959252219189,-0.19757351974495801,0.020058048208785706,-0.05241883406217972
0.19156231434937704,0.25952713069560374,0.21658797799582635,-0.1571937298623223,0.24688124108253295,-0.03158158810149983,0.036836955721676674,-0.13303912436118706,0.06381428095403362,0.048777858177074584
0.08313737432988574,0.15729964580772843,0.04922364788566222,-0.05856719768523208,0.22204123417858132,0.17353354341052057,0.11573961850205752,-0.07176459711332879,0.10982982859763074,0.012116979847951032
-0.12161469339985748,0.15319587318850642,0.15296956825792665,-0.024288093795696145,0.04230368884154874,0.15814353841676393,-0.01670967231844747,-0.09616924216743714,0.02941362384325502,-0.14571865122710803
0.07156676908009496,-0.0632325404086892,0.10055725085594772,-0.03252176432462753,0.0657318368158902,0.0250496431900233,-0.0061071879419744846,0.1812976077215253,0.1465663319350349,0.09032595509129049
-0.07055148588934622,-0.03709803198179855,0.2857137204098042,0.04169083823288153,-0.08680539753935959,0.1375664406993693,-0.03195554961354266,0.1770675517612579,-0.03526789816833005,-0.11934999867294399
-0.06785550003099906,-0.04549940501332779,0.10954460448727679,-0.006140695506577232,-0.05199421465394359,-0.030974351353837228,0.07124584688609933,0.021346355271635267,0.08116543354307988,-0.05180416106745678
0.10073138106821149,-0.016647908426660522,0.13771240049243955,-0.07572606500768798,-0.055055999453833694,-0.14632697675876571,-0.1608442755732084,-0.16036854450272775,-0.17975891746805783,-0.06784430678822906
0.06755136265571686,0.025352289419413573,-0.09370462407974622,0.03628555067348499,-0.09231790291131262,-0.00042009250013921515,0.05306770566017526,0.02591246731992656,0.010214131439365996,-0.08788349686813614
0.10909147913645204,0.1581224497549977,-0.009468091320096544,0.0493330259503691,0.1427555493018045,-0.06713965273238595,-0.03765033204301724,0.004608802244888174,-0.03447369028744052,-0.1048568225686542
0.030929686053278928,0.10210582412455947,0.22650204988268197,-0.1398504874620956,0.009796500763610876,0.019126390126183997,-0.09224021112385089,-0.17721520436506322,0.14330872368710612,0.11780881740705987
0.10141691158753284,0.13388540474225769,0.07654420885171997,0.005720989771753879,-0.16859960469368274,0.21120222229816069,0.06636270909395586,0.003248689310098807,-0.0375940491771566,-0.10248779070287832
-0.05053925249928888,0.04660244278083415,0.2204528734034452,-0.13882898423653134,0.047933120328856105,0.029057590090672564,-0.04448141342988613,0.05037015835325007,0.11641324825568988,0.03830497928270823
-0.14669783332591585,0.10899914682225087,0.1836318346150074,-0.016240371057303908,0.03909785395503211,-0.055359582628353096,0.0033146456360362356,-0.03977962521967465,0.024473357700999065,-0.08259600261342148
0.05308090556101572,0.10189095778441778,0.1625676707501811,-0.1666080658800818,-0.21444296968110688,0.17261094508728114,0.06598646618089621,0.20954585583229096,0.01985527237282745,-0.0770669179740179
-0.024115304585491208,0.07337624585648038,0.0862210356082016,0.10022201324947805,-0.09750638160592934,0.03611885601222482,-0.06080616178821607,0.08791578554683666,0.1946784655060259,-0.025412187016042483
-0.172997272733847,-0.0001730630598708316,0.10069813037957792,0.08461844631382892,0.0068775865470320705,0.03669673005376145,-0.0090741363616191,0.2362683811833458,0.12289513826015319,-0.0034171160106727973
-0.060935073351304214,0.07154835011884023,-0.009130110005587264,-0.03848462781640422,-0.06823583789184362,0.039591766271230844,0.12900742304637064,0.19070842719409029,0.1281850038749403,-0.029045151825331954
0.18265610099453675,-0.0027132516356791394,-0.18808354920342144,0.11332024846294445,-0.17813718850132368,0.20385462674786933,0.05857052639095954,-0.038550416743960675,-0.13508120714089378,0.06268913878818931
0.09660513822174445,0.07330822413626867,-0.13828144293440262,5.320007017657613e-05,0.003701452687606164,0.10734777298397005,-0.0684867626378266,0.07560336759240847,0.06779312581536295,0.2224776663425999
0.06339808877616418,0.03754799124599951,-0.0416457349037058,-0.12689650683353815,-0.03849493123983615,0.10804073612907564,-0.05999644448678285,0.05755792156976893,0.2427465841206503,0.2583938840283053
0.12606221367375403,0.03182524562435123,0.07246236400551952,0.07662043141316185,0.08645831907752469,-0.019288018177069835,0.024263424046627898,0.08696139139434127,-0.02401284799053543,0.17556765696919513
0.1459535911812766,0.03969154226142894,-0.0186705733418034,0.15077902997633225,-0.14256009406406278,0.06568565903026459,-0.04510586424449635,-0.06458935607388078,0.030195654833379326,0.28255375907979585
-0.04168019018847393,0.04345578984731161,0.07135956198633861,-0.051165533633009797,0.10242958106826405,-0.05294052418246761,0.1251430535867316,0.03291010916148104,-0.06816634490914575,0.02093650894453465
-0.03306261566079546,0.20302168292140815,0.006506180491363298,0.02730855404240167,0.11082936386805925,-0.04441493091801609,0.16502036278492102,-0.11750784718012362,-0.048256816310217825,0.10710849876564055
-0.15394339511168473,0.07640433536803504,0.02541370900387377,-0.08903649995404729,0.010492056349262629,0.005629684991412545,0.01437984223418208,-0.017761657754727777,-0.03852608246420225,0.1627631957928963
-0.06686938267574605,0.08196668567535154,-0.08657986001248655,0.05506449171061812,0.005672792771118793,0.005164512141477257,0.19716580283341745,-0.03309409721729281,-0.1550020948766371,-0.15822667503750815
-0.1963530800644705,0.003238527143166248,0.012841435688385406,-0.04179971870242169,-0.018617738800171,-0.09884690317592926,0.07732003779807808,-0.09284637326482131,0.09838858344592383,-0.03415961908917138
-0.026149828179642363,-0.032539684727557305,0.1847676149240389,-0.06136409744524888,0.0032173842233517227,0.05598770652303592,0.0014440022440671205,-0.057619220340428684,0.049110587566890296,-0.029948083527776122
0.061655822951134864,0.05347590842998139,0.1303351965034403,0.10993221984153309,0.07198248742499237,-0.04895158420285567,-0.00668475077886356,0.06763744726070298,-0.03811980779990297,0.14061600504412047
-0.0530344398810461,0.12582686840275137,-0.1378329772769348,-0.11257005366930456,0.04707860493891882,-0.14081439947141222,-0.15154265793365101,-0.05509993594385088,0.09855752582418952,0.04585095225063055
-0.10754650361806556,0.07539209485678816,-0.14500291739755589,0.046978971518009574,-0.02425175978645195,-0.10703054833614169,0.08062379871859687,0.005885928907967023,0.14803761151755745,0.05062014643822972
-0.06164858355842205,0.022194594373422652,0.15853000891398086,0.08316625902429403,-0.01331878653100792,0.11841067911293993,-0.09691747693445786,-0.0844431204196481,-0.08320245973259498,-0.03190466566555334
-0.007498013355393698,0.08437998958988999,-0.08849857370925396,0.09370541381124063,-0.16979645860292197,0.17163787301439778,0.07124423779702922,0.02503723530226626,0.0480890353049733,-0.08579112999223854
-0.04479834030155426,0.07920496620010828,-0.07901881582421678,0.07268845017540414,0.008837044170879611,-0.01433921148483732,-0.061374060867073844,-0.05825188289044886,-0.14584998093799334,0.07333381338604283
-0.05116691429665225,0.10337446650040163,-0.08670538841611848,0.10759640122239729,-0.050576278572021675,0.1787657256504826,-0.13604272234230946,-0.004610577283651218,-0.11771616061752954,-0.15174812028695173
-0.008226610891173033,-0.06544556643404219,-0.013245737463625097,0.08163116148119917,0.09811542160445652,0.05102644574989107,-0.015112836917275477,0.08672951997373701,0.14556118529310438,-0.11386491236198165
0.08160910055365644,-0.17092944324009351,-0.03867831573758095,0.09059400265547107,0.07643736769732047,0.12994898164997704,0.08359203760359754,0.13668931585627953,-0.04725442704544566,0.0034038366301002813
0.009853178659859789,0.023403691402546126,-0.04310808422975692,0.10289059265524193,0.08296796703401242,0.053028644744551254,-0.03961227110607113,0.22708234495512725,0.0690837794772583,-0.09064606493616154
-0.007884400103106468,-0.034506446559745205,0.1453686361961182,-0.08759118170256772,-0.14055132223934483,0.1331042273133181,-0.10252447637699216,0.08477842381925543,0.06306874434688121,0.10992653928859564
-0.09620760360411705,-0.054329295726542735,-0.0563213793307981,0.08418010986418173,0.12101800387551662,0.10152767085305872,-0.007527013683451248,0.09053256194679683,-0.03560252418271106,0.17197912845266558
0.24408438041464064,-0.042382300662537814,0.023821003171921044,0.12633797320211937,0.039731994324326635,0.04673790555651737,-0.15111332387772078,0.07895034708706106,0.14017309693618013,-0.01724698133541549
0.15648953111020197,0.008579702275041767,-0.058618456836488766,-0.11763261711590252,0.009790016927624878,-0.010563275356217,0.08909854212854809,0.17725247806095648,-0.044719206658622807,0.15099307139564533
0.298646848125164,-0.08828442175329829,0.09032638883303326,0.10910422944322416,-0.10727843322402462,-0.018574037799513544,-0.011045823580174727,0.004034407512860334,-0.12115267399764112,0.08379813171224466
0.1868618323107318,-0.03533771098102967,0.06380362578799036,-0.08855490015314528,0.18635559545968694,0.05965831835327865,-0.05753234007809272,0.011281326355059632,0.0069413037225302746,0.08425423699550699
0.14381870368918862,-0.06756189951187437,0.2397168000815788,0.24496567506319003,0.2071235627609107,0.04371663629816118,-0.005714589963938196,0.0033723678183589442,0.32832485575161907,0.18788068444621797
0.032314809333294,0.10703868787939735,0.1528685693194763,0.01874067357129111,0.054761630593615634,-0.03851469712280056,0.004956230825643411,-0.06218387882630924,-0.05338603690561578,0.18959384721756778
0.10128692616878152,-0.024942335658041617,0.14045297001668855,-0.029033841584563624,-0.23654615046532235,0.11080444653078138,0.11030060405760787,-0.16148978816570744,0.03803968584813732,0.2024087853062206
-0.027654797854959206,-0.034701530933838404,0.1393513210470792,0.06704381688124866,0.010305036316156185,0.060061338232251786,-0.051309117567523654,0.007782055386195584,-0.06245442996871932,0.04099289858562288
0.07118287633107376,0.08941365906327162,-0.023263907089352595,0.06740463811664481,0.1262246145709216,0.08293881510138863,-0.2154204587398786,-0.09558537771451531,0.033052990825155636,-0.02487018852444694
0.05497682650061806,0.0872720783534226,-0.03444619263185045,-0.03390986125560608,0.061453050856263625,0.08564459423429936,0.18862689138279407,0.037426850452395036,0.08457461697651154,0.0064372694941182635
0.005108779373037851,0.007223738313672141,-0.0010502472938872104,-0.03258046829560783,0.07492531186499159,-0.08976271779479997,0.048158275458579466,-0.089003141424229,0.07955539804761654,-0.09744067412555794
0.23890528615601234,0.06734363840895977,-0.028745481055955424,-0.046575211478134725,0.057753483126727775,0.060865109738496806,-0.14798761540230396,-0.07939311020406464,0.11740471849633115,-0.022928389636706424
-0.05516110391233041,0.16257595203484168,0.020143057569494673,-0.19299691989102624,0.043387534946027734,0.11962795485423788,0.06752699738414372,-0.030688349903613434,0.049454636737448654,-0.10443624391356852
0.09467013834229561,-0.0857579823685195,0.016224431863308464,-0.054272000503866547,0.12757134875944054,0.15225960713673892,-0.1884028301638295,0.07716341524707668,0.06194112956534293,0.10441006928284748
0.014474908195558224,0.19200784144486527,0.10626963094908491,0.019583619364686784,0.1254616181933203,-0.16568777274566102,-0.08989283783930639,0.07987771097670934,0.14167815226201938,-0.1084234235622722
-0.08208663852402977,-0.02707180100074138,0.05035210564338643,0.06388248648845832,-0.08243064043044326,0.027644141976763036,-0.10014068630283754,-0.05587033308431556,-0.06567311443891768,-0.094889846313431
-0.041103036714457974,-0.03024296625009111,-0.025081745006895112,-0.14619273989074727,0.12194487711357685,0.05992335251691774,-0.18886225016783956,-0.0392223753774995,-0.006873280107243376,-0.22113013107946497
-0.07861591526325286,0.21534018976315727,0.019108098466551274,-0.018734238604798614,-0.0693123972601103,0.004961238498727122,-0.06328037456780562,0.0660101039102677,-0.028382128265531485,-0.17848759086718835
0.050295254781834796,-0.018529726437350735,0.06326116381290746,-0.10195385465141822,-0.1346958402410568,-0.0658136854185926,0.02662587873653423,0.1904248844189634,-0.28946755926572376,-0.20819524175485732
0.09920967836346258,0.1106224274559228,-0.004034515764858353,-0.16996415028978928,-0.03831743041209955,-0.0047653650505735095,0.057360640539652744,0.03777686120488677,-0.10325461117774759,-0.015291143426720326
0.09738015132688341,0.16843370610558278,-0.00899571603404914,-0.11809712551911603,-0.012660838495245866,0.02532184703633061,0.040638980813594405,0.02670023738079661,-0.05891465108049692,0.03984339522477807
-0.03535913986530312,-0.04676932229518596,0.11842313356433463,0.04671364198393732,0.03082867162046858,0.012106851134410328,0.09433743737882003,0.005022417147172012,0.03107859783449928,0.0790715262382699
-0.022309850677064955,-0.007216278538066563,0.18646722475252553,0.08521319132890759,0.05265847239571032,-0.010478108691233758,0.08035651363968717,0.05056443663243173,-0.06372591009895784,0.12643558820240272
-0.18040993261192523,0.054480842970817074,0.14885820987405496,0.05044375577112104,0.15019304507992765,-0.2675950543176346,0.0007333686623614555,-0.07315638791177691,0.009104371735116369,-0.030315079804060674
0.040131189300892794,0.08119209111559766,0.002088281257821005,0.002933687196495109,-0.0054331987145014755,0.04971109177589471,0.04762131828193163,-0.0492906557052228,0.03186297044226305,-0.17656028781449828
0.03477218995446066,0.2016583957791453,0.018769427458755022,-0.025445233075129473,-0.15311261708573995,0.0333547735628767,-0.003986736269500961,-0.14831212958751425,0.0686805362089987,0.11077006952829949
-0.09495604273234118,0.16797594221205792,0.08228676498543383,-0.011676903396135703,0.05886732533545945,-0.04315729570751969,0.01660418252854507,-0.05711875370025749,-0.016796378185861396,0.03386825084070012
-0.017668356210995637,0.09854129874465099,0.06777509780765231,0.059227484075124084,-0.06367061203522643,0.1372679518119732,0.17599266097224503,-0.07291650881915028,0.07290163185745416,0.029468051346176454
-0.2173525698896488,-0.04666673721251977,0.03374982846284908,0.04242736385055447,0.0744624389134558,0.14455083605690888,0.04709395078513731,-0.10193416562045932,0.07359188543636982,0.05452423021818837
-0.1673679452735065,0.18487215913492197,0.06608330930617734,0.10478776017439813,-0.10065657054761275,0.2450015567843557,0.09455901653113191,0.0955984792202223,0.10012041313317652,0.06590171142951595
0.048607267394433704,0.048050855644454875,0.13634202745422125,0.07773864813668271,0.08760301377898203,0.21828074766616157,-0.1626595105570175,-0.0497652837055481,0.058121393739162766,-0.16211075414298504
-0.08690379469871862,-0.020710643999629786,-0.023560296695363355,-0.09999382715510766,0.028278001834105924,-0.20235261172579194,0.019775347134242744,0.044344722955722546,0.13290022318113243,-0.15765862841312583
-0.047629846344416124,0.12590860244270832,0.2172056489633229,-0.019576200373675877,-0.29131086092214536,-0.03269344380738342,0.008905030605210355,-0.05899603864916305,-0.03127052161977587,-0.06750303588573167
0.012945845485142604,0.0038918476545876587,-0.06963567030042891,0.04689591677388927,-0.035443465057706826,0.2212450809597482,-0.052949921895094135,-0.16585077510715052,0.08698289017926364,-0.14585883764561677
-0.043915782443459686,-0.032474708235627224,0.009341071870783278,0.17466042257291692,0.09333506182401026,0.0568147897135788,0.010078765840383395,-0.08494485173297348,0.04919231721423988,-0.09005802870013689
0.03400193383343912,-0.08168720849987945,-0.000707013992088279,-0.14142895487041882,0.024500214951261694,0.1090244688412254,-0.09881635605612554,0.0287141592400589,-0.013278728333770948,0.011834819042700534
0.10126303561552508,0.030210089726273603,0.10679879035651117,0.20833496673415242,-0.11217601680608928,0.05243016640715044,0.049495695398141845,-0.03995245209800943,0.018469630330371307,-0.00021402156697861163
0.13601374633674426,0.05661346330890262,0.06512141957281999,0.12154490932801841,-0.010451675300143513,-0.060246800879650855,-0.040438959086842294,0.1317109394846677,-0.09113148995965892,-0.15911607799481514
0.0789340026135972,-0.07731453745436183,-0.04052014255400503,0.1073437722217222,-0.06356921447057792,0.023283065366073847,-0.03729038362791419,0.1367305894346568,-0.04781776278763296,-0.03169254520999746
0.1655101477263812,0.20981704254097028,0.15501260706810033,-0.17234580197310656,-0.010831854597514495,0.11198255155538445,-0.06847877178159176,0.08302541825835061,-0.05745050000315207,-0.18819055656066086
0.0855534266754046,0.22763987601684163,-0.11694065777638249,-0.21377613354739372,-0.040538041392009776,-0.12365273355009547,-0.10805710129569202,0.047085513315662804,0.09074826970445304,-0.07658685374477267
-0.022543813237108655,0.028024955390048963,0.16337857371549605,-0.06946075166500469,0.13968734076401512,-0.04828329772902383,-0.029652107101540502,0.3041655560045792,-0.007542837128211237,0.04040277800915592
0.11735209838271057,0.22631298284600454,0.08050871719819601,-0.040808114164883134,-0.19240020687057305,0.04115344627579696,0.02360943937456242,0.19520563039621394,0.14428510919106388,0.23871834222472416
0.14128372617181673,0.1353736382727582,-0.10704739076881697,0.09502321038230165,-0.05814658551622903,0.17750816211031983,-0.1454426989756587,0.10397935000989811,-0.0026970446492063788,-0.08106629410083309
0.2283608793130478,0.018923125388808193,0.059546736641791095,0.07697477722457338,-0.024009260224603587,0.2538265273756438,0.0027604486206468867,0.19477504307692986,0.14292095554443413,0.1532621804303792
-0.05621858535500393,0.10056568391760456,0.2081998758178289,0.03933620726771243,-0.03650853665228463,0.18466889704315192,0.13907448054840396,0.144301417098502,-0.030991735111560004,-0.09649661820108865
0.06396614422008298,-0.051086988961383806,0.29545731842006706,0.03384683464769438,0.3082065982672048,-0.055055420955042594,-0.0002451477915238944,0.07134606700312113,-0.10529626582698971,-0.05596037486352022
-0.014553642345562445,0.1518314054117682,0.06505915034978897,-0.04240365690616899,0.2475266121507282,0.08700467459201974,0.004104470262191455,0.02569516817376577,0.050264677915080457,-0.028820118022835267
0.12634712955631636,0.025053370940316497,-0.056368112432049575,0.11037805185297622,0.1865368667002822,-0.0693972872300915,0.14880263665321763,-0.05504830170124693,0.05357234992651245,0.08601863309044655
-0.0980527453145904,-0.1606530157901278,0.12690490452234088,0.03229837323347966,0.1670473359684546,0.04444407600839839,0.0016735280253364349,-0.05285240561638669,0.23969724485915544,0.05606037622773752
-0.16074250567496914,-0.07515584368040225,0.0493956903334329,0.017781459733430496,0.08077992898505061,-0.005193946826570435,0.08951116528564967,0.05817963388163548,0.20875102402285195,-0.05507351042928749
-0.006189896010589542,-0.054093583806484394,-0.027319455901096766,0.0780793116761398,-0.05113229378659086,-0.0006792104305931968,0.030476635654621304,-0.049904706405421745,0.03309295582478061,0.12028147100485505
0.16154067439487593,0.1009739641754284,0.27587527490877706,0.28974375195442603,-0.08843131136422988,-0.0463219661655416,0.09733661411409313,-0.09810446365420605,-0.12521913530114684,0.03782230357135298
0.0884814052277821,-0.13488689715593938,-0.11298380831163364,0.011866942764985407,0.061830428565367745,0.0897193494529093,-0.027681582462776272,-0.12486919366653679,-0.05644582606844403,0.17621604664275506
-0.17743363901135012,0.03255247472532212,-0.004330171174744851,-0.015222842965442192,0.06646106031816268,-0.08411359743286954,-0.065735409840583,0.012434266279667885,0.04522545617627451,0.003391785651598058
-0.0062281363729886265,0.019073929746989186,0.0055771170690027475,-0.15554064210281907,-0.026504649329331886,0.21105922174353053,0.08289017489008427,-0.01419044572870579,-0.03234108222804779,0.045015303727845256
0.058568912304283106,0.06183389526684232,-0.019081006709527303,0.1276437383571404,0.10294734256896433,0.006241433789051799,0.010349150528198042,0.028792478979717866,0.08754268972574537,0.07517038857517752
-0.026109530556610378,-0.19146629007761193,-0.1495839532936821,0.12269221954452961,-0.06333223612237551,-0.06445171290318283,0.03350654584110064,-0.14434604526050498,0.01540125897051071,-0.10420211687666048
0.0306444086607496,-0.1414133083610777,-0.07009351999576809,0.020764833355707724,-0.03216221403628189,0.036943167377521846,-0.04422216963393466,0.06087770398550317,-0.11280063107795846,-0.09123201521467351
0.18108429556583558,0.028623344664555475,-0.23206049336547943,0.12702929778577787,0.09384983489095719,0.17879759479658697,-0.07437595437059738,-0.19020484700276868,-0.07334064872637655,0.0029310894216586503
0.029958760500183968,-0.01679046708100425,0.09887056644064432,0.22839151106390043,-0.1559413002990023,0.002392894793699415,-0.015789228307728418,0.0886583172125201,-0.230521018982173,-0.1317934923390451
-0.04956879586092241,0.038173312395879344,-0.0783941739082714,-0.05732365814615348,0.03959088490626883,0.008814258651471188,0.09799636251197212,-0.03288707095873808,-0.10454779017337867,0.0673159900345005
0.0807720957818187,-0.058758486596658326,0.014968080242602952,-0.08673471341670648,-0.03189023435653966,0.006038373672739572,0.048752395523940215,0.069980498164705,0.010057797341031773,0.08294896730013046
0.04616741726764296,0.04274909965783805,0.07335978753815801,-0.09779495073648051,-0.007129252865243266,0.08388692274812427,-0.08936892434091749,-0.06969501478765858,-0.011123238762090204,0.009732407558073336
-7.143960397039406e-05,0.13350749539509946,-0.1055030887189213,-0.062059263054517234,-0.0805250707941216,-0.0033948122424913504,-0.0737915692211963,-0.0632499295273854,0.07701282351016991,0.2853260536322397
-0.10624954929225557,0.0608973861776255,0.04212215748473592,0.018715721858582737,0.07456913187622934,0.11765410268662463,-0.09189572402180245,0.019450713697336492,-0.03101418315216197,0.083434041708107
-0.07904711127029725,-0.12486104866065037,0.09459564311564464,0.0971205316970426,-0.2635013098345135,-0.13679933103010333,0.0031438678850430647,0.18946605293770316,0.032856239791858456,0.05871194788835195
0.13738696616105522,0.1897796406576363,-0.031003266542958326,-0.03281790359478358,-0.11582218730099808,0.09720301157395474,-0.1651261683544181,-0.018286358883153796,0.22229629382104377,0.0032630208558098728
-0.024698731605742475,0.059160625795271135,0.05521247717729162,0.006209376011176833,0.006644383559098903,0.09182494350709139,0.10613969786332128,0.024069083484839278,0.045827975001405015,0.05026983594059256
0.0521552425995504,-0.05712840486236702,-0.20837310032942916,0.1171665035670521,-0.01251636138039303,-0.17576933395983327,-0.12003800512120838,0.14608616697040716,0.170466281827492,0.03543438139759536
-0.07207801404562243,-0.11008438200020332,0.16648932356095425,0.18148228854150045,0.08914723149473665,0.18043008027223645,0.08793648871796486,0.10933586299565715,-0.029444678193381944,0.026164013326879846
-0.005599675661982051,0.1553304437026045,0.0366095354155524,0.018759693908219945,-0.013022954376774806,0.040513743784238554,-0.01992347843059552,0.10483342775379151,-0.044768143904620014,0.04291178593661839
0.09529465047024364,0.069768090979202,-0.09628782698852205,0.06465854645506552,0.10109870782668873,-0.04203049530893829,0.09709228703569078,-0.09435911179262023,0.04003185561348597,0.10499180275490108
0.021568245184382957,0.14911505062041158,0.1101117796276321,-0.06377694372193561,0.28343175792610975,0.06563212388762285,-0.1017096166091566,-0.13897788925626572,0.14852336515182168,-0.09340528362294874
-0.0673206872644732,0.0468990736717518,0.1599525083022983,0.04124639776652253,-0.07858746973029757,-0.05266492184061946,0.03305265267565105,-0.15571177618351476,0.05818728292450769,-0.1428516579429218
-0.10706955775074273,-0.1420086386103393,0.21996983370918038,0.1867298848569571,0.2299242304387022,0.06702162226064937,-0.02090458189435767,0.005056873286071482,0.23920659965608934,-0.09080745434612603
-0.2139001060756766,-0.04893641022854085,0.1452614687170567,0.1721753134388477,0.0012526752521527032,-0.058245092751823546,0.16771669358488572,-0.017093826100002707,0.08104257664273876,-0.23326540016430425
-0.09528653401215717,0.04305539409741054,0.02198970624451735,0.000792810236410868,0.09357477194134275,-0.11541697445377075,-0.11702499676257723,0.11802553458934048,0.10642764269234606,-0.1206100893676382
-0.0639441663953225,-0.15076617815505347,-0.12134231329904888,0.0976013656872653,-0.16251786663388895,-0.0166610377891448,0.11059357678088924,0.20584638166811667,0.013973244569416093,0.010973998559405562
-0.09997688449706416,-0.0984605003189383,-0.10613591196382283,0.007956073841485724,0.11195166428059675,-0.17575767694830363,-0.15284184116893992,-0.1503954671260849,-0.07293194557542597,0.018909863716688187
-0.1586346613305652,-0.16359495468328933,-0.32269915208292965,0.066379006549479,-0.22013047109789904,-0.11976948364527643,0.05579922253173898,-0.005342030516614055,-0.08885422571060622,-0.013150059388216017
0.10216706714507684,-0.1634811323099601,-0.21254813790847235,-0.03726835597473864,-0.0850469412218005,0.1197361533790678,-0.029802862185114472,-0.17773433655748944,0.08621110587153091,-0.12461936725696829
-0.02698520563742788,-0.15085936366198582,-0.026268529148871386,-0.07233890287446733,-0.2181425512166001,0.03541637914582606,-0.14288129211367237,0.05764113410519883,-0.1206488285883559,-0.02557201102397401
-0.08425486848817286,-0.18397596986573184,-0.11119179209071692,0.06018080883921163,-0.24735520390768573,-0.04364381500662334,-0.09149261344189266,-0.09800824931019916,-0.18298320454566802,-0.024389261244761352
-0.021575892752391142,-0.008242505290154106,0.033282406997549946,-0.040837595547564366,0.034625579168144224,-0.13745058368991359,-0.006284420289210085,-0.08063858009445127,-0.17669234021075947,-0.15579137607341584
-0.055875899477760727,0.09607277076861132,-0.17995115358250424,-0.00850221535151087,-0.0649450007041083,-0.003216466318810632,-0.1609485942227412,-0.18917247759331035,-0.03245369965040225,-0.08541327738611201
0.001841441721675871,-0.16716271682936773,0.026802568363612944,0.16966334849317963,0.015700149449201853,-0.11528055994475328,-0.12974244192163498,0.07583895096739975,0.03752072219093766,0.04125908444490933
-0.02990426311859299,0.0861212673644946,0.012219168481066363,-0.16579367543094203,-0.09758159638246441,-0.010895766458128509,-0.15720195933374154,0.043823734544213865,0.0005532027306461643,-0.1959785467682621
-0.11664538388051864,-0.11573929789424482,-0.020302679804671882,0.0005069716432510377,-0.110492027656443,-0.1533069553088747,-0.1407296235611789,-0.1009639013735065,-0.13450865816612648,0.06719029022262595
-0.08500222029281526,-0.12427039288259302,0.02916350086357842,-0.054030130150026286,0.031524535188821326,-0.12653958922863026,-0.01619258045502449,0.06019178780981939,0.04526519862254659,-0.005339045375758255
-0.07412052648507747,0.12615745351233396,-0.1562469992484269,-0.1393641892582349,-0.008184047005012185,-0.08161906467418313,-0.01533842735296035,0.1192339934424522,0.023882135731410875,-0.044416177011728536
-0.03404075755337939,-0.2435526513313886,-0.06346992866822738,0.10316443798391088,-0.0786424906055464,-0.05082665022694718,-0.15974036337238912,-0.1547883183462184,0.17431644440325314,0.04173794181046914
0.08324649353664323,-0.19096674960806054,-0.015484698158541373,0.03770575680445511,-0.16091745567396015,-0.03230139928533034,-0.0660968776372645,0.021201410131594586,-0.09971277078438663,-0.036687411940941175
-0.05645232532176972,0.10162791481315095,-0.10161433589562699,-0.11850977089116237,0.01690326014854883,0.057550153497238854,-0.2324681998494762,-0.0504265520736722,-0.05040631071084578,-0.012847484156257166
-0.07001125053232121,-0.1049678111348053,-0.04996852953088031,-0.1849873277098904,0.0404814218763727,-0.20154108475979554,-0.027942060933944274,-0.19964013725401994,-0.17887167706585128,-0.11966275342741083
0.06255640595716343,0.09494223833190085,0.010196153385682832,-0.1627152515181245,0.08046089764141909,0.05224274346828588,-0.07611339260067493,0.004992417736196797,0.03442238705228412,-0.0256766989919649
0.027330901659872273,0.14435220882845712,-0.21909177781513192,-0.058326150434115445,-0.059711390623626036,-0.08689087523283168,-0.09414881548801374,-0.059351635551037646,-0.028373063441374594,-0.0322049578611452
-0.09808686086626688,-0.023207875661951663,0.040339511827106,0.029688845766182637,-0.09526707191360144,0.026477202175620846,-0.22400704771961483,0.10232916408017745,-0.05929096588459504,-0.021473551641869173
-0.1281229136046569,0.13832170790072212,-0.14354914565343907,0.12282797886821177,-0.17321708426677418,0.08071344733213304,-0.1372220091137461,-0.007827266287978904,0.01373256294653298,0.04763676384392304
-0.07191737913214216,0.028830767975389034,-0.07686679564073806,-0.05724860448047507,-0.04206251310723243,-0.20228202256994454,-0.06874410250654239,0.039141177655164935,0.07189797886245249,-0.05307875670345423
-0.008359373856448627,0.12361096696804341,-0.051429390573324976,-0.03267617676280494,-0.03176431681131554,-0.09618493633746306,-0.09072098619455102,-0.02827491654480597,-0.04319673152520426,-0.18900630561462262
0.1441733625683748,0.02217079109008488,0.09252540618349905,-0.04155374046878318,-0.12886556347611838,0.10542828853687533,-0.05968389195250513,0.1015676600080255,-0.08456961879069948,-0.2542405506470632
-0.06948658438117912,-0.08198357749718663,-0.02897275204616906,-0.10637018164326467,-0.08341127388981144,-0.04869439811031595,-0.04220906073130608,-0.048491082333256205,0.046133709328464154,-0.09907737670862582
-0.07295136424308643,0.10625805599627025,-0.07907233779754289,-0.14619726834697827,-0.08857402828728606,-0.035554440023422465,-0.11238744239125109,-0.005531344176309187,-0.07874976334939846,0.15904466914013576
0.055990001316666066,0.04272918199681868,-0.07390445796008571,-0.020660316124256825,0.04187200373227827,0.08909709125001504,0.021466406359007664,0.015824929527769642,-0.03296345225401391,-0.07357714980971318
0.018420397744888795,-0.14876715467484172,0.061281813873308034,-0.00610641719562793,-0.19296035531980155,-0.11036989902584424,-0.1141276501320451,0.03404925857744342,0.041727290664657905,-0.0010143635964140058
-0.06697084304099662,-0.06196864998984115,-0.008948463760470388,0.09520897337202508,-0.2593186947939644,-0.11025066564196334,-0.10567752459726215,-0.11108018596801712,0.06096910188839693,-0.13682597038154934
-0.0711815454657255,-0.1863100600990196,0.03642339164275689,-0.04302316079291754,-0.009232691256100059,-0.10251778479314302,-0.09272548534418096,-0.019854003017017292,0.011828620294398455,0.21390821103751584
-0.04448478011325751,-0.28607893942379203,0.012761692570921163,0.027546529925983894,-0.13237985787256357,-0.0160718092689945,-0.03351834514704474,-0.03579925501666604,0.011669172371370627,-0.21009004827326277
0.08690187547933872,-0.05730993199894498,0.04602865818150052,0.0303261771963156,0.04033888098939567,0.04872130282194244,-0.24988019927851476,-0.21378431951646756,0.036866057760787274,0.10903405128110476
-0.1941873810602421,-0.24539495333735373,0.12763501784425904,-0.018195429430492283,0.022052942537998374,-0.09176060252608245,-0.11383255832036304,-0.20589585047996722,-0.22561252537048213,0.05656726334216127
-0.09246049851334388,-0.15022258940290897,-0.27457768015877304,-0.12130770823745188,-0.02347263145772406,-0.2995081347248807,-0.09176039488049129,0.03354199102508752,-0.18324580750319527,-0.13922485217891445
-0.08400540964059096,0.1030231509496143,-0.10211420786062606,0.10064590177690441,0.05937767315244629,-0.07438286933690696,-0.09410484708074343,-0.25713630400428383,-0.16840377891977806,-0.07822489812308243
-0.030278041852812562,-0.2044193785144858,-0.17747939569286336,0.004527723059881847,0.10085777136345807,-0.21551747969092905,0.031805369327148336,-0.14220275343775232,0.11291020450163763,-0.05925436399331038
-0.1267594927076175,0.11414587758433284,-0.06138128004751282,-0.2050740536448923,-0.04795538215917983,-0.17728988944336738,-0.14916849843114932,-0.15387673225981635,-0.16240598014216973,-0.02172062740133829
-0.009973369318302061,-0.14019358892782574,-0.07725313502783306,0.029092879934968896,-0.058176878460315835,0.0006998659734671064,-0.05782246629624439,-0.10327985405916129,-0.07559760100097586,0.0018611053783290366
-0.09378181488248101,-0.17908433845678842,-0.05202499178116719,0.0331569423324401,-0.100785848867762,-0.12413032363102618,-0.032795419408433155,-0.021776348243743263,-0.03126658176688876,0.017945496757697396
0.08247723063522888,-0.04915293563231222,-0.02985211109599755,-0.010178645863855827,-0.0694170280439744,-0.10028119318269388,0.05789182436358806,-0.07949614629241626,-0.12769770758918378,0.09833240061977042
-0.17534679776956388,-0.1361749029793086,-0.003322208894753202,0.04918473979793018,0.07629735705438959,0.15025675877345845,-0.09973883876215753,-0.06786328662746062,-0.2683456633580883,0.02322330542883136
-0.0652080530199864,-0.010199300836612815,0.02970479325651179,-0.09812726976409719,-0.02392889692868161,-0.06837279212386876,-0.061497211079361985,-0.060159533226240215,0.08446892302781206,-0.19213421039705883
-0.09554605721037346,-0.13079579070330574,-0.11023141357836966,0.0599625100407349,0.013437843703106148,0.08078766114339586,-0.1100325964644548,-0.08777511057291895,-0.10715357458149886,-0.2013097789581235
-0.028235580624404198,-0.1232059027894087,0.02538724319769517,-0.08279159563166073,-0.18579383018176931,-0.004453890908678988,-0.012283409042526991,-0.10073202766358905,-0.16626807475474198,0.021863341909190454
-0.0908030912257275,-0.007487963755259758,-0.15627879423173968,-0.1814311705458829,-0.16915621910087233,-0.017855947710784182,-0.09219806793434158,-0.03888361668500394,-0.1293284840786751,-0.07343288248586782
0.055322816547096525,-0.09422449578135365,-0.09224304474408432,-0.051986537442593045,-0.14019159501405182,0.007243670155921748,-0.1904730436060435,0.06457631198053254,-0.13706023498360753,-0.03412487653194354
0.00249443627895588,-0.03388546953985598,0.13207299300215913,-0.09981652931605875,0.07104862608689334,0.04972625342614259,-0.07090436724413553,-0.0005291381654891486,-0.06090661509328655,-0.0896151705820117
-0.0852673118463366,-0.06973135993738619,0.007096184119693635,-0.13056609568158697,-0.02152817489069818,-0.06084656268817269,-0.03299631831861717,0.12180013212459187,-0.1372686434866352,0.0035750353574063483
0.011562540001430796,0.11836813985022218,-0.05432760587439266,-0.09195919106764631,-0.014571991683591155,-0.07693208409385441,0.028866582456834308,0.12082865205698798,-0.1974385363294598,-0.07177014774688087
0.09251986692237572,0.05379597581256289,0.054169289377792515,0.030105655038227652,-0.08505190969343684,-0.03299377038995478,0.038500169371655985,0.005321028913029482,-0.2221905280768407,-0.03136886556357145
0.06759634540908316,0.24366302962408207,-0.11970453532621483,-0.0007883967733885583,-0.138436499495754,-0.025790009156503202,0.012149928964525995,0.10135328254568018,0.02527417061473021,0.14309466186273648
0.09083686521034492,-0.03335445157477911,0.019094784291843088,-0.10039661336647773,0.15407684695049004,0.15031404925150202,-0.01968222954373275,-0.08256910102202583,-0.09951938209527264,0.1318980371337885
0.06888422567018151,-0.09057581532135464,0.12122909777483842,0.11138630448555398,0.019168058629634315,-0.09850134132643643,0.22851356369994721,-0.11268140445391267,0.08437231401388186,0.15757180794931747
-0.0528800329671203,-0.01852740880677995,-0.06293585844016951,-0.11875559954720924,0.01947142962202667,0.08868932339785061,0.03606805261974243,0.04426583341239734,0.22671056145668816,-0.11095274716638975
-0.057098444017855535,-0.04302676783723529,0.03277144035611442,0.051491598781228484,0.09818666275978669,0.16688582152118306,0.11842075698488896,0.06791029377711193,-0.06465712627699488,-0.06253585188981876
-0.09685130030036129,0.10032652894054435,-0.027419249180428942,0.12405810131259987,0.0247741332900097,-0.17482221908143622,-0.036796339618333576,-0.0456627836041248,-0.03845859728000562,0.16317576516945803
-0.09721560169646792,0.029492571640786433,-0.16039646608187716,-0.1419259319529852,0.0027595192110851903,-0.05853041260560558,0.14234789765634212,0.14577626509565533,0.1313195936793395,0.06878260594921504
-0.046014224020524894,0.08971048695849262,0.0747017539793842,-0.036543727125368686,0.09609743408305242,0.25258182044304,-0.027239325656563285,-0.13449312354551174,-0.10331953291905877,-0.03910957645252021
0.07572884176385106,-0.11175307129848895,-0.02416923165222241,0.02595987348339437,0.09395704643085606,0.01538024359019249,-0.026128198342073923,0.027884114849910525,0.168752849201024,-0.13144712616682847
-0.14390178624371142,-0.10598873857248883,0.00990374047008065,0.1944764593843566,0.21058196423773443,0.08563121356537005,-0.04265238750747094,0.028639813754181835,0.03777838550900632,0.06825666421640209
-0.11439478072822487,0.0838573416691478,0.11575523428611217,-0.1124165150107209,-0.028104881574554992,0.15608076978879562,-0.017790659415069254,-0.052197711889317405,0.16364084075693747,-0.13907394121590694
0.022841328837753146,-0.16837491347726288,-0.04025545632488504,-0.09531644105274961,-0.02140758714354258,-0.015378107961408967,-0.15492130074279145,0.10000748389952606,0.006097088418198372,0.04518317825226351
0.10992319917825884,-0.16794066934330154,-0.03515436279364254,-0.0840189792994313,0.13904569987659499,0.042238191041642906,-0.10454128148663228,0.19993593409046495,-0.1336161662109555,0.008307974699720461
0.019566063268268537,-0.027096626749646732,0.03659947598013767,-0.017865953464212447,0.08506972336414412,-0.009493357439668528,-0.10929714197091817,-0.1342704693563339,-0.03109230462902392,-0.022039815279781817
-0.0855057985776058,0.025762666462438914,-0.13596008931497983,-0.1022713143611608,-0.055212517382788914,0.0839428853124527,-0.0005635514016071319,-0.06137308015630462,0.01576755775077933,-0.03816672631570593
-0.2578998333156058,-0.10588063359460119,0.028780708668265965,-0.046354167635535924,0.15181721355426894,0.03989847251651653,-0.09224249078486753,0.010800828503325427,-0.07473644367845504,-0.07231158773964853
0.012320897458802542,-0.08132186235981252,-0.15888941986298882,0.08951755332909217,0.16006678630198345,-0.1810748169971312,-0.062486735171109316,-0.07950552035598582,0.21113141598262264,0.04846319944453861
-0.05513721022200501,-0.015623241271906563,-0.15851522017736563,0.02121523240933593,-0.034441011904851535,0.025078917639588368,0.15292669327381206,-0.26837101338703295,-0.13674681476431225,-0.04045622694895174
-0.03886095999576267,-0.12506316222490393,0.0911006969970428,0.20252495180314475,0.028945323171270645,-0.13892246770897015,-0.010596491933813977,0.16057388936232805,-0.006362635837559543,-0.2091012142477227
-0.09443802373294011,-0.028024208780554383,0.046509885492196694,0.2066615554712622,0.08494311129580027,-0.11222244276185896,-0.010037788073129423,-0.19969980327399434,-0.01950534946168942,-0.07770554702648153
-0.06414080311590206,0.24897966342968442,0.022583350292379616,-0.15711675282538676,-0.009117008009822718,-0.19229398154713928,-0.10744819012809337,-0.08628166236628163,0.0863759500907745,-0.13397406327200317
0.025076093727780482,-0.010765075036360839,0.028647354334562697,0.1108547630237469,-0.11950734367527048,-0.1105706238167238,0.10287837845588421,0.14240580776687067,-0.11079585965950302,-0.0696245781684521
-0.03075127480050155,-0.017046606060778333,0.07734541333851808,0.014196939621629115,-0.08148372069831647,-0.15148333459677127,0.05971978593316235,-0.08129815814665903,-0.13364526342950328,-0.10376172559493946
-0.015494827326833507,0.06423458611871657,-0.22016250032202833,0.040617038707156626,0.0032631081734130866,0.14476871968545021,-0.07756590548646623,-0.038046561411727006,-0.11808808523937775,-0.016241742846361887
-0.036121055818963715,-0.2750914216901722,-0.01139320883305683,-0.05110359666679675,0.005179644943332319,0.017714203991288188,0.05921419575939689,-0.144423905800036,-0.03658107601897782,-0.13911641525685414
-0.001198857272036516,0.01161099582760073,0.03625821322970638,-0.057612184936515515,0.06100970827741946,0.044089758419567755,-0.10656260167765931,-0.06254508534785558,0.08364339305859092,0.01631157317699912
0.08296376630083382,-0.06308837288526743,-0.1415039035186948,0.028439548358982727,-0.06647918404222478,-0.04476746632633172,-0.2279616747336435,0.024068915317623,-0.06179995430210594,-0.23847818608962507
-0.05314568079595842,-0.11342223486637261,-0.17127721712933336,0.01225845130542233,-0.10450663256407905,-0.059325309127679256,-0.10591835268922112,-0.11107905589805453,-0.186179127308572,-0.029626093508428743
-0.2012270647087787,-0.04212085289826393,0.021603533680283234,0.018029181956554938,-0.0942653094057461,-0.1085715383892272,0.01863954726483036,0.06621894979602601,-0.0038459531422504745,-0.07469213888267241
-0.006621516919266546,-0.065995285638389,-0.058183750649732635,-0.024994919085346443,-0.057783134268487205,-0.02588137434681792,-0.12393338472694704,-0.08695133866823926,0.06428370635153402,-0.09540254821664448
-0.04398887657052189,0.008305453421170186,-0.03764912616033286,-0.2296436906287465,-0.12923994731660823,-0.032929631730443,-0.02523447069864454,0.0007417809489425123,-0.18197915467266254,-0.11827463288709439
-0.18770904362594112,0.00983911831114826,-0.17708459196416465,0.11894056881607389,-0.07604607931525224,-0.04056982883498705,-0.1361814272690937,-0.01288284137406898,0.14474264941860565,-0.08763377387399399
0.06492522654802171,-0.04035007102833276,-0.1378942780464376,-0.07722962667943378,-0.3013139377186939,-0.09694309267059202,0.022126963638777725,-0.058826711731347806,-0.07657561028294219,-0.09062362838352835
-0.056289051026571196,0.09837661763644506,-0.16127766980398756,-0.12083359948763725,-0.03995361576680126,0.03710296237695925,-0.16054463695060667,0.06190410682059663,-0.05836332537581784,-0.12564077370547655
-0.24360661960326546,0.07302094977029824,0.033560743148334016,-0.11362105896504038,-0.11773455210789939,-0.06326879616528547,0.04766755850296943,-0.049179722893440546,0.02184175479358094,-0.08369848918331901
-0.16865588765747194,-0.04194207074073849,0.03352186185230946,-0.20444570501681558,0.009742206923880559,0.1269512011293246,-0.07734160006976651,0.05581674410823779,-0.035839368393792786,-0.05877738311263807
-0.06344495825537151,-0.2077930155842661,0.15928790354867095,0.05377283445807848,0.1119427584131427,0.0012307555628450154,0.0018907485266089277,0.22666303637236826,-0.11947958429661495,-0.08622362506920371
0.05867566616612213,-0.03669975474659874,-0.2328527273838147,0.08571053375725338,0.09705430509318065,0.07833139738217615,0.00329089642727658,0.031056429256918705,-0.06100461639562585,-0.024236446806042217
0.006830838794671126,-0.0032086521419995503,-0.1603392146427823,-0.09451054718346552,-0.1560217559557013,0.004497637786389976,-0.07441228648361331,0.10450938189111952,-0.11916273868878813,-0.053839970745475994
0.03770009841956709,-0.1812932981675654,0.07677932161667281,-0.1297091117574936,0.1925749149552892,-0.17601815225005416,-0.07528946570298965,0.1173925022514612,-0.09376570115127657,-0.0768113851969918
0.07544786560323499,-0.17247333528430425,-0.006587320521685577,-0.10678331888586814,0.06828152938353056,-0.12470797298808685,-0.01691427474631353,0.09370451062128195,-0.10198350095416173,0.27356754527750604
0.0753893410646422,0.09581170966217142,-0.059246581187568016,-0.17666908032218162,-0.04823079910472578,-0.08991090622654191,-0.04455839247462773,0.04241218083494007,-0.04767689462720061,0.0921329724642738
0.07431588115898138,0.016644858955996388,0.09297381005780349,-0.017638363993969855,0.023879977577538482,-0.11316762692163956,-0.027277797682403612,0.009115389402830985,-0.022889253883537054,0.02987712838210839
-0.13871409805468252,-0.046075419589343455,0.06762224125880288,-0.013275126104616094,0.18437151916990485,-0.14555639561088238,-0.05053050304586381,0.008941284754198645,-0.14985436722442635,0.10843507785002982
0.11253535595774591,0.010897145900325797,0.04596745931176095,-0.09530428975396563,0.11531423642521754,-0.11040885080140816,0.08868362149109377,0.04084895757279369,-0.007367786820352218,-0.0298847156716058
-0.16807265959599266,0.15134539450968093,-0.053142364742428574,-0.004162083789691519,-0.1553272078927685,-0.07255636514008082,0.019794333429549477,0.08250876907255314,0.03854700058000044,-0.09381183436920322
0.003356628202083614,-0.0976729805159732,-0.010897792876896347,0.050238224875737654,-0.0028393605285754134,-0.0464336200828586,-0.06594939813475231,-0.06927578467547468,-0.006279752880137125,0.30028366308727594
-0.04808962679673772,0.14387668493645606,0.0017015964032443369,0.05332118345607705,-0.22880572012172487,-0.12611837277220247,0.10258687511144907,0.020357717662400306,-0.011406967793033565,0.11999982682539696
-0.022277381326568604,-0.12369319629376925,0.08318895689904798,-0.027518853276973995,-0.15163131298565916,0.07130672751275632,0.07260714401941652,0.07162081873939559,0.010753526096878324,-0.16537714944317744
-0.267478255375682,-0.08963176481907771,0.10986052890427486,-0.03466780399783167,-0.1083474537115767,0.07234897046141615,-0.15630694606977402,-0.4095968136196357,-0.07096532385742048,-0.005949955540270693
-0.1311968418362673,-0.15066347594514004,-0.005408051312074762,-0.03755642971198778,-0.19475083594929343,0.09774060100594491,-0.008956706940188304,-0.016077661381597885,-0.15293719343890888,-0.00509462327786786
-0.13324621744703954,0.045580305005042905,-0.029560735873748117,-0.11806097173740224,-0.008340133369856145,0.025484732070400994,-0.12146307283784848,0.007590241506125903,0.025579347090678328,-0.12175374721046694
-0.26352170762968424,-0.09524742335249711,0.08215857995816825,-0.12854405442660935,0.0063149596105655514,-0.010479037450838113,0.07486665754113397,-0.22785509956155708,-0.005746598531420892,-0.2713170884809244
-0.0798778160550658,-0.12743303791055438,-0.15340715967717825,0.0749247648396717,-0.05358927601541194,0.051858506567820914,-0.15423754720327765,0.08914563296147557,0.060307777414389654,0.0020451337730940516
-0.0592341076607897,0.04127108889551928,-0.12055924773587812,-0.1409070025120555,-0.21451147355023753,0.0971519137581167,-0.2273721620025366,0.13722750902916975,-0.03627122321406164,-0.06705525028291726
-0.11498155975990952,-0.026125502801345173,-0.03953793608431634,-0.09874923856017577,-0.09813292940762659,0.04394243641039251,-0.08423643794911655,-0.12454024502580324,-0.05830851828161864,0.021381382274123617
-0.008193126874318434,-0.1360249683930656,-0.1176274933317798,0.08636630187865975,0.05774362237797073,-0.16887030292142977,-0.1654129372148761,0.06145734470748403,-0.1664248324763022,-0.11871309436707253
-0.04886883485264884,-0.1134137159772467,-0.03948417669878188,-0.25496454748427416,-0.12366703677500251,0.16537116659148748,-0.2051946247581149,0.151744455824331,-0.006755657892155362,-0.1423271074133323
-0.2292046741226793,-0.12433806231592884,0.12847082045499075,-0.09685241990092375,0.19830425288136774,-0.0719324003832157,-0.09622968227525737,0.09039876112664746,0.005353797451433925,-0.19530944231682876
-0.1474017710213436,0.006471252623576826,0.11181408685426761,-0.1252455801866301,-0.012382815955128093,-0.10067939308142937,-0.012308625453035363,0.11085439132518661,-0.05654366706599286,0.008894143784315175
0.006281461048897126,-0.12432165964429873,-0.19861583367644473,-0.055651149048059234,-0.018219647520813814,-0.08418645118561777,-0.17319490746800376,0.11630050276163764,-0.10501451959415639,-0.02581132574399534
-0.08958027983660491,0.012311349801549673,-0.2559338619554081,-0.2765725681737503,0.005552170285359696,0.007137494667211142,0.164615937935456,0.04521750423981433,0.11904233161929074,-0.062351569536132086
0.07413079232690738,-0.0739152839610929,-0.10394187674706845,-0.09126029904390244,-0.10682372604532364,-0.07013422149382341,-0.11707496942688438,-0.020813639217448034,-0.06495767676468342,-0.12670367418543263
0.09286447932705878,-0.10809910363021014,-0.018297418973898326,-0.018437890323310793,0.05293712323009366,-0.19423182409024287,0.06429133268478403,0.041665000350661174,-0.005145930523038564,-0.09885166472671714
-0.04894721683148904,-0.009713662829107725,-0.0518682436180959,0.03927620672469431,-0.023963642355355756,0.0022087050193171642,-0.05725750617699481,-0.15164560317028453,-0.05228623773509357,-0.13454841771794113
-0.05431776901597502,-0.07621022080935891,-0.03179912936050751,-0.1608059705788976,0.061500930549179704,-0.09297669068001022,-0.009530010283476508,-0.10920932828271188,0.1727244406949736,-0.030111531458459323
-0.0837269526092458,0.14142270033249393,0.14696901645284244,0.03728221369568725,0.10272399798864461,-0.022493394906316647,-0.0136608797371304,-0.04168688719831833,0.06749438536333258,-0.1184338321465488
-0.020010123551496693,0.07009379728043906,-0.003984104559872095,-0.12219237651500478,-0.07129683018401152,-0.16719463164122103,-0.05669307888429392,0.04957181741851436,0.14356898542544874,-0.10479372741252549
-0.15735860717595143,-0.06998555078550206,0.09636735824643292,-0.1350888027238578,0.2586519223310869,0.023821628517023127,-0.09659462151363962,0.00614815062683767,0.07505547180934447,0.05696380567904537
-0.06555843386577796,-0.0465331011264032,0.05292669386183052,-0.04471594177280279,0.12676088869548166,0.01205024547706985,-0.005468356853082251,-0.17093144887781242,0.03839526827386979,-0.1414761185329755
-0.13566285592310745,-0.06705502816362728,-0.009381783179198824,-0.02636667842582664,-0.0022284324346661015,0.00043821243031075957,0.2038824421512452,0.025971508001892653,-0.01940480680422017,-0.11625724160952776
0.02323008557287913,-0.005906957309198664,0.013509163591226385,-0.1655172347602068,0.057078070108586024,-0.001490289674951168,-0.032176840729345756,-0.09355144460103026,0.1759523558204082,-0.08467143267524926
-0.0019313167824025965,0.12399120946331585,-0.023425535488790474,-0.01470016728665123,-0.1301829439131573,0.02745214711097886,0.048510515230693524,0.11517072841074155,0.15827552579145687,-0.2096885026329225
-0.16378016689464653,0.013862847472821785,0.06419047881624161,-0.015028439531583447,0.11112721550966581,-0.011346783269654236,-0.10410553750423444,0.11231944856958118,-0.09910288223399481,0.010567975283081774
-0.13401719977783466,0.19944444817238344,0.009618087798619036,-0.014076538596157352,-0.01895233098419399,0.16940210840407338,0.02298099777158613,0.14078679453558773,0.18234226768902706,-0.03992316747298879
-0.028767161195829567,0.1266191310440068,-0.13746076522835268,0.09189150273199544,-0.09308800104562298,-0.16155340047270336,0.08879820658472795,0.06391551290092816,0.15640236412564534,-0.016375537640249734
0.0020420575742281614,-0.18028883733247775,0.03968806351840415,0.22445381997703184,-0.15957831394248856,0.2399405049484999,-0.07600402976370324,0.4233440610503232,-0.06803038440380939,-0.09877065604317196
0.10023015929024513,-0.05053039480661098,-0.07241897240469873,0.15131250862495937,-0.06903986391804381,0.059103505274519186,0.08095547772713568,0.08797218488235915,-0.01760075568826551,0.023830378652972585
0.12404141593262136,-0.19548091022675687,-0.08012552693509546,0.06027374357452507,-0.09959834402046161,-0.22799292927097578,-0.24337956164643593,0.23442223831494097,0.07399110211268166,0.2401917142869053
0.01589909327522622,0.16994059054532318,0.05923955942429529,0.21285770629642004,-0.061774273736032,-0.10443720014476528,-0.08559297201870389,0.017416730697904483,-0.055755760598980825,0.23817852152348296
0.09649169804397051,0.008803369528097222,-0.059015067738037705,0.0650531194761036,-0.058344933899651036,-0.23838945272705897,-0.008311136858227465,0.04258893495632901,-0.13410849199472302,0.2411896704130459
0.03847759827657611,-0.031284997539136467,-0.003917004480747131,0.06665284300251892,-0.03243499753020535,-0.128300033407953,-0.039509870247065745,-0.18140533156446584,-0.08697835135220888,0.24250244771419982
-0.02678618190887844,0.016783866252545215,0.007524137472398138,-0.12125178243344754,0.06714312999740062,-0.11687947624286746,0.2242261672078274,-0.17072209331576463,-0.05255530955976444,0.12426365245504313
-0.09076233150232463,-0.02845176449042649,0.05206354689958351,0.004453836187532444,-0.01757576582316101,0.06487355266286678,-0.03860831712654848,-0.03425766864788279,-0.10969046015436401,-0.019626869428245007
-0.01397720636720405,-0.06910110161073281,0.1104337380845969,-0.12750277864561435,0.022398262472482874,0.08142872913476767,-0.22097577773837415,-0.07068689702221584,-0.10947385579132425,0.10865508320656256
-0.10050048595952771,-0.050671692190206244,-0.13072461479777592,-0.05912000617479292,0.0480799306411817,0.049000340090765024,0.1960027335037321,0.1869734510069927,-0.1609725784605156,-0.07017677312603607
-0.09370882654369475,0.05546828249530754,-0.026913439816748982,-0.04093091021815995,0.02572576300867956,0.027076687688766757,0.04836239783525015,-0.17988349892122968,0.037627896926873974,0.17921321929743056
0.03721347997875526,-0.09638753538888437,-0.08664827235471986,0.004263106924851101,-0.026061825661022615,0.07236988101004106,-0.10595200294362112,-0.08365731457701593,-0.13011922916568736,0.05387337936428071
-0.16227464976340625,-0.04558337070335532,0.041004477864585755,-0.16178487434475794,-0.09494592153026449,0.11182629305869873,0.17452356498398602,-0.03672577134791497,0.05084920326899204,-0.08310531889348874
0.0645433787931621,0.035586915366439834,0.033099640952259465,-0.0024301948741681225,-0.1785623679708016,0.08418875127589781,0.06964061691715527,-0.04536646512853208,-0.04026644037642147,-0.05796533815320264
0.10593582366780305,-0.13460791971828803,-0.19366898319688244,0.07688559973355877,-0.006905480366107946,-0.1286056663729444,-0.008118025722714424,-0.1584713277615869,0.05177680997453223,-0.20185841421702658
0.16101242899385393,-0.10263672527686601,-0.06980102693595365,0.11151679649348643,0.14451847700837706,0.005257787038242414,-0.0369632445994995,-0.017687363672062948,0.002342791233376062,-0.0946500235550755
0.053631398459311606,0.003553879987122638,0.04830488327867932,0.15570878627971788,-0.06615730680597542,-0.046812305236675456,0.014721327731570349,-0.06254559131683426,0.01116388239241594,-0.016042028604552595
0.02692562799259271,-0.045009126156074615,0.04220748766604626,-0.055820835943258276,0.01907156211802295,-0.05129598687672958,-0.052103173237527126,-0.19291204769387094,-0.04998998479880593,0.2394620089481427
-0.014693755257809542,-0.04530894364689993,-0.05721700168872326,0.029383348064273205,-0.002318238854583876,-0.14003504889406498,0.06794140341069639,-0.0900439481699188,0.0240247410692289,-0.11082167093111069
-0.03836434462345876,0.015497742242682402,0.16499712997876576,0.14135749183800167,-0.053400972416230735,-0.09233558667181949,-0.09573278892771153,-0.04685257637925638,-0.01638346160914441,0.03082530150735166
-0.11542394163213375,-0.04829523629974463,-0.10777807585466605,0.18260556328722274,-0.0805589104863313,-0.13160750055251896,-0.1044984566313375,0.020046064670280805,0.1171236284645899,0.02083211944822933
0.033822734165811524,-0.15636217102935013,-0.018531481733828233,-0.03976892516497992,0.03267686346990964,-0.13686803940864334,-0.03286530249998674,0.10790419960875688,-0.1745660935052636,-0.0903925552326785
0.12134845832726107,-0.0866954694538574,0.06524102543078893,0.17430791643398874,-0.25158527038186623,-0.15129345751272455,-0.007712934621307503,-0.040896293857368426,0.0178702320641001,0.12663176455944594
-0.07603492054172994,0.1551466070717601,0.1560421181883765,0.018932610139859397,-0.09790466892598991,0.06530365720402437,-0.1421485001818215,-0.00288416163949691,0.03002128730779846,0.11827659486222895
0.023763639843345584,0.03621626344014142,-0.026648055079835205,-0.05949303026874693,-0.0037033896551069354,0.13190240739114795,-0.005823863097637695,-0.25473333553531946,-0.0884221747668523,-0.006723188604081831
-0.06699677648756652,-0.04165095180807962,0.040360163950734884,0.013369979496030936,0.057505576797300534,-0.11070767289605052,0.09866208280533767,-0.0167732403680045,0.04405015786108955,0.002397378758233867
-0.16660227119935006,0.14442775064242122,0.022194266406407356,-0.05646722799282099,-0.05070375054660687,0.1834669445709752,0.037565299594432375,0.03297644503813896,0.2077093948204825,0.05009051394747096
-0.11651906064663399,0.10830388276491651,0.0137665812880826,-0.09501532591229497,-0.20722630302446243,0.05675969738550728,0.03421990602399736,-0.05577080534221868,0.08193887403715769,-0.24543991206334928
-0.17769781355037395,0.0704212722162842,-0.1425395431351744,0.08185536941102613,-0.010811031091699421,-0.039580356680167024,0.11099885765996612,0.010044445660440118,0.022877178308246204,-0.07052703648277053
0.040048397378246184,-0.00599115747154013,-0.02689960984031395,0.055602847902692806,-0.1085437230046914,0.05279078059536771,-0.03007263965956943,-0.028577409810407788,-0.039508797932583134,-0.050577858483561194
-0.11121740822539146,0.07407814336958642,-0.11202929353439547,0.19385256182492888,0.09812118314573134,0.07122997843666126,-0.05369245854998161,0.2834311498262786,-0.3419582617787029,-0.1580533451596434
0.009796599329902868,0.015151649404183565,-0.06538622079631545,-0.05084110683539647,0.08716422673202559,0.022990991916978343,0.03502652330808549,-0.03508780527377029,-0.16977190860223984,-0.12800000835656214
0.0691882686157134,-0.16537522361082527,0.09049591804972872,0.06709339242087921,0.09117426945310887,0.021045385259400255,-0.06930276988885271,0.025848528691897764,-0.19215517087328807,0.06870560453534796
0.04101573685493862,0.05293050549841839,-0.09278764209631941,-0.18684253608716858,0.00824471940334692,0.005293727414718695,0.08176884491511494,0.14324447415512298,0.04875825432558899,0.01747999095143371
-0.023542996672393745,0.012002624258528157,-0.07577120361581974,-0.0734905591045331,0.07244537238519352,-0.15142484215171018,-0.046432954393422765,-0.0020826002860322365,0.07952437096392026,-0.006121273761431248
-0.034237126598411306,-0.0634418032488633,0.10957758921144004,-0.09240509752525464,-0.22484479989087097,0.1328968335573016,0.08255003372711708,-0.005523455061441822,-0.055654063737166616,0.0467923000330611
0.05504488078694608,-0.115124319566084,0.13396369139631364,0.0004993090075198804,0.12008497784816158,0.04453886423286727,0.20279512878655265,0.12488223801565371,0.19371874016676277,-0.05635506018550282
0.1301436372819013,0.06999066014088555,0.18930550976164198,-0.23136813426910136,0.21553653005884477,0.10930935533690753,0.006853352002327296,0.14921464264397263,-0.15580740478582414,-0.09730244770530423
0.1348877978276049,0.16718304759021174,0.0637403602620059,-0.08499642021013995,-0.017506165785823383,0.03925800677031787,-0.16193777782426105,0.13289405290180667,0.035724191142890785,-0.004889858195557314
0.02206179461501756,0.05126946875656634,0.23002557105511162,-0.15106844828846086,0.17985977055711122,0.030697265238862376,-0.03226760597924199,0.18558082731668757,-0.017268326979502223,0.07443757763732115
0.001054526843976153,0.02011756512557515,0.044313394462042216,0.008605776820496597,-0.11150179535033283,0.167333619773301,0.12775903652473877,0.07276712021762702,-0.09015723262694753,0.061580111731427294
0.17998579231750217,0.09455219453595254,0.0194024038628293,-0.08065406974380582,0.11526150921109814,-0.1980442790394889,0.10645817846340996,0.06244385612237681,0.05657826355208696,-0.0031858669832023623
-0.07619216460430535,0.03207607446138009,0.13842234924152402,0.0346773370251186,-0.08488936091880656,0.038058713775988254,0.06943964452274218,0.04799363423622991,0.01645974451927662,0.034243531251720014
0.003599987091782792,0.20792791927898993,0.031405550119231816,0.026112034317324118,-0.02673081482589782,-0.0846805974164351,0.019142266982503858,-0.352426266676085,-0.06055775154113975,0.10245170902637409
-0.08003343427703455,0.03834699822022808,-0.054932331499234335,0.043689517206909126,0.07476638696850563,0.26425924919653687,0.0794365410970054,0.13408335272486285,0.23324902174399592,0.13152311778120915
0.06946000618939398,-0.05774531199757088,-0.07294226958509861,0.08518403469444483,0.0042887758579663185,0.05681552574829189,-0.032845181507463836,0.033337433783929615,0.2881066398427129,0.12441780565001698
0.06877543588058534,0.011386156584179557,0.04806995685404137,-0.003571030071987169,0.06655877666725245,-0.03497983886779313,0.12198289372227072,0.0779873148107653,0.12964200563654293,0.008204080093957908
-0.14568303661740967,-0.12614639237100178,-0.02563570003315084,-0.00638717395923781,0.12832556504450804,0.03562359238291202,0.10926505770472841,0.12060515244494616,0.026076021582634355,0.0833167927343697
0.09503763261194809,-0.1637426425143051,0.08266414363806739,0.0629736113833947,0.20818827418106606,0.08414043658003625,-0.030241389705170735,0.06851165843553786,0.0035661820715374576,0.045492743931040726
0.1463196518174248,-0.23368530041509408,0.058628389487934536,-0.19660040640933635,0.027997703296096445,-0.19222675063126599,0.15709723574470288,-0.08006385402879142,-0.0031860021522511963,0.018742131394087765
0.1283670443467662,0.020789611878368336,-0.14948357072273977,-0.020199487528607948,-0.012374688315466856,0.05103271273785265,-0.08015579861203093,-0.04438562194703069,-0.07293836251298486,-0.01403591812786778
0.15009319230835239,-0.07851030928946962,0.02046631834890547,-0.05606324342547881,0.07119869925767627,0.02682499113819179,0.1858803373390857,-0.1246184780843366,-0.19242963514867642,0.10249601513126658
-0.12537225409337188,0.0385270880512975,0.10154464934734377,-0.02162693730775443,0.1549774849884879,-0.012094018006595124,-0.008208559452111417,-0.08645213262080446,0.053652167041364024,0.07032020056108118
0.07248628375664072,0.048088744885019255,0.07146557071536165,-0.10547991107753979,0.20169142780567573,-0.10192924769810088,0.1219612912951128,-0.23363728894707175,-0.03151852485332553,0.06892763405724582
-0.04371735876930273,-0.08624941224791201,0.012053615558301228,-0.036800038424144206,0.06070228076148239,0.0007716212586848376,0.03977164358685538,-0.16096255381846739,-0.017017852606275953,0.02568836260736576
0.21851701152780162,0.04221519749842584,0.13189823781485926,-0.23456195438127783,-0.06714015894070603,-0.005225097823464312,-0.12044183191668839,-0.22844305387132213,-0.10125169792296812,-0.16383280567358227
-0.16525151471209643,0.02775375016187066,0.05619311341803037,-0.004620359041455975,0.06508335341522502,0.11758054761531875,-0.08023514748579708,0.17228248048862355,-0.140282594381794,-0.019042771807034915
-0.007663714007981974,0.06090959989845138,-0.02780514528002194,-0.10877286824447477,0.1171684363850197,0.06681173518907374,0.05609690576538226,-0.04535880119921337,-0.09950944879275919,-0.009582398364250701
0.049415879636720575,-0.06799440752416408,0.11007621655113081,-0.10910189755653353,-0.09057948387941367,0.12343940880609695,0.12622564574606676,-0.0076251561567591795,0.028319787285949152,-0.0759499476033236
0.09571749977952175,-0.01996707642668085,-0.12720295314729052,-0.11665747754333272,-0.18227231405865102,0.08846144489886462,-0.06065103223051245,0.020311507736410515,-0.0055708234376088146,-0.04006203512457655
0.04387900921879763,-0.008889511298932921,0.0927204683521312,0.023341170634648106,-0.00045398439110731943,0.019231732625239913,-0.018783745923206863,0.036886805609440555,0.09111713384189946,-0.046757953331724625
-0.0008100368502060654,0.13090422228878149,0.07449079570126585,-0.0452450497845959,0.06198496263738579,0.14805213732951217,-0.213614770399022,-0.21833600944796697,0.05541369378811507,-0.05607711779017143
-0.05175490713614145,0.1694273617195695,-0.18239346181260493,0.06259306782254748,-0.06506896941179562,0.07319152048906963,0.0822192433457043,-0.1342156869854221,0.14806144397438764,-0.13624109232531278
-0.15593901577254332,-0.147257388985033,-0.017834155002316915,0.014908431395610103,-0.08595051451771238,-0.03684039489283272,-0.04960285021871378,0.1949007527691355,-0.06338897940621296,0.05706888495731604
0.07600135023456835,-0.009112434827574402,-0.0355966182375855,-0.09558508261357497,-0.13637089930738033,-0.05677755542098342,-0.03192214857663157,0.14652146716992362,-0.07888022075002338,-0.0439637805441975
-0.045653348359800276,-0.1466508090373361,-0.04634077835721286,-0.18753451665658738,0.02188531987301507,-0.12487297267612421,-0.022264034842081365,0.2054020510488287,-0.13486180451805563,0.026514716922632266
0.10297157294151774,-0.026788126731607388,-0.06356894524837473,-0.10732110610781083,-0.13142312997496708,-0.16157006630065524,0.06932451068363693,0.13278158773805357,-0.19738463069661466,0.004809554300403168
0.062200114469022225,0.0056708473526162345,-0.026953358420313628,-0.12330596528570907,-0.08021542485874136,-0.10051411177932401,-0.005691243659455274,0.21991104498647385,-0.10222259833547478,0.06593861343913993
0.13143866194253273,-0.03828623371221873,-0.14960851781063045,-0.029549510079485614,0.1015071870824603,-0.09470189336857107,-0.1923624225741018,-0.08975425203353346,-0.04937091747159299,0.013221470346775385
0.043585531100463926,0.14778703192606832,-0.04054516759682696,0.22250343248355192,-0.0885327690038395,-0.14419318087794133,0.003578182743220276,0.008709811341366076,-0.12574362790802396,-0.05280203808733801
-0.028231519265542526,0.035612885566965596,0.022008398783208143,-0.10287269004287485,0.062381533078402995,-0.04885599748234167,0.056706264749918606,0.09310103774148752,0.011299784162093165,-0.12062117882300273
-0.007279401790614726,-0.036112798502410504,0.17641050539756897,-0.007956890021481498,0.11856625931395506,-0.08773143828633975,-0.021925992305825003,0.041783351685031736,-0.06691023439683333,0.020643923836681503
-0.0434617933973012,-0.036954865211231196,-0.0036570085882177555,-0.057932339424614246,0.02411397173326635,0.0020622167134601004,-0.04579901147572783,0.09478898492018902,0.07041542528437353,0.03769439073799932
0.09319051195965876,-0.14098875254329593,-0.11147230864687896,0.08183749365318421,0.09419339807644068,0.059798044613670776,0.05779799736678491,-0.1513506672769075,-0.019878253442159162,0.10592016895138763
0.0917885255617849,-0.16827605107550297,-0.054153210306272286,-0.04193402975816174,0.034005943657558796,-0.2742729775511569,0.030818479408369723,0.043716228169099314,-0.060436786340890815,0.00947541126541309
-2.7326823866819644e-06,-0.09099095205074681,-0.023448367170366607,-0.02537964066849447,0.024179857069720638,-0.14685967888838614,-0.017471132285821388,-0.011581502251565283,0.07951944403252217,0.10544691924601424
0.014359508153674025,0.11870908333417088,-0.055649381093775194,0.0448501874799289,-0.019714550977160433,-0.09914009952567047,-0.009452030339576376,-0.14894005990365822,0.09211268436337573,0.053924081622883605
-0.2970521233725826,0.1213791094143842,0.11103257440772912,0.20339349120903114,0.03742315932572901,0.04929099952200068,-0.15789722172671292,-0.08238755146266483,-0.1179840246294961,0.19273887071202986
-0.008059219813370266,-0.07799721431211873,0.05232269903505865,-0.05332470013719674,-0.018605650618059452,0.02566222694579732,0.20938650889906493,0.038877745410140475,0.024564231484924245,0.014839364878962421
0.04224145968021055,0.05971246076253567,0.15757157283819873,0.11744224331412795,0.13930732909487256,0.034192231788722986,-0.1337207078243438,0.006880472653911108,-0.05243314022885116,-0.038943227740600675
-0.019992952812467282,-0.10326763557262908,0.04335990115777397,0.09277831881724721,0.03531019001334852,0.055459406171885356,0.11888258960590452,-0.180161377000906,0.08998530066806146,-0.09113381773404555
0.0401634583207548,-0.021915375327586646,-0.12657693715004636,0.1364087065817913,-0.047626023231678846,-0.06601973438276834,0.06764236727017359,-0.13886586219520414,0.11740961468114093,0.008511991921523486
-0.31128465341969697,-0.1297812166082556,0.025175160896751127,0.147044942873854,0.14130391626110547,0.0667550196830263,0.08672012542414359,-0.08025230255648871,0.022981523260821556,-0.17599396940089662
-0.1369905563598536,-0.09089204662344466,-0.05074261442945534,-0.012772929270962317,0.1427849492138828,0.07442792858517884,-0.01464588832951546,-0.022935885476730207,0.07606071476953473,-0.09831862343032274
-0.11161585548196373,-0.09417815463724029,-0.06438421752604821,-0.09608381249197828,0.03778007302314288,-0.001243390347392217,0.08749855314969131,-0.1230426527729612,0.07046603111865049,-0.03896688774350999
0.006371939098385002,-0.21405380107669125,-0.0900652282380627,-0.23889862546832621,0.10352148193992522,-0.0005942969216794517,-0.02550187383169767,-0.11541752262493257,0.057288903964803524,-0.23145405662312854
-0.0822687723299651,-0.08693130013743039,0.0005269866944879464,-0.22566012767209717,0.14246227262866004,-0.032262012944440484,0.05968093747849213,-0.054850927894979105,-0.15562015898433468,-0.22833621482909477
0.04882856688675959,-0.1708752816277913,-0.05282925208723048,-0.454856334022554,0.13890537860909036,0.0786686410993105,-0.10220713688676882,0.019014492430701732,-0.1020307509701039,-0.19413857144382274
-0.03171017846553772,0.06354131689199644,0.07681945323891404,-0.06423179479663269,-0.05053490653529708,-0.04934877903514279,0.08591671700050665,-0.08425924669329776,-0.24449412001425666,-0.04150880182227773
0.21821108546394566,0.059142516321004174,-0.13982277992660283,-0.10619886265683835,0.017366598448470334,-0.21083751822415694,-0.12341987064476664,0.01698340556698224,-0.040898693817569456,-0.03571718957524387
0.030991055804915506,-0.004465926608914757,-0.01311702618943518,-0.19599900020092778,0.01723169615680042,-0.21036824409141425,0.08893346724827197,0.12223923874837546,0.019290909042111802,-0.05335021695923929
0.14598179254508986,0.04211818799857494,0.10108085369561173,-0.17869718925443795,0.10791873883156487,-0.1663640033356726,0.02690910872237304,-0.030340365328157533,-0.06888884531316639,0.20329155013609532
0.04447474748159476,-0.041293505064664726,0.010358114631559813,-0.05227679360721262,0.04750839646577152,-0.0019992792920005484,0.07290985214649212,0.028451462844700154,0.02530499233989828,0.23236462483222045
-0.09763847918500541,-0.10181905827678897,-0.022848145252666575,0.0669188992681555,0.017468214981828892,-0.029386159631244052,-0.08583494819015583,0.009628978565099595,0.0003015162223337191,0.11343696338278761
0.16475526949698555,0.05259788036411102,0.12194394949795676,-0.01786928969736719,-0.014303644836648203,0.09183254581224554,0.03956550551405156,0.06285844123934171,-0.05448684791767342,0.11220843258434092
0.07719806473049975,0.037819239309037335,-0.01337792947193248,-0.0976902342443632,-0.06947554895450973,-0.07430491749092022,-0.03148719642125732,0.07328251783827733,-0.1080280278034842,-0.023981255299558316
0.16928947930334862,0.041505816764824816,0.03043375445718649,0.004742633609124747,0.033841646292821034,-0.05484139456294243,-0.057288282434477186,0.16379573120867458,-0.06070424348137576,0.3256693994316035
-0.010019265363515217,-0.11076083952904914,0.2347899609320774,0.0846190130283346,0.03338075473495648,0.11198410622437088,0.07880541446807585,0.18025734794909143,0.0052256746986308,-0.008767370485726622
-0.21356034339511545,0.11551698826410578,0.016378231323564398,0.019825913437368895,0.07692820300142672,0.034964343070452375,0.11842045751841629,0.13435403597612575,-0.17676896687311816,-0.08256761779295904
0.04814437659073498,0.24870849262755443,0.09806481598822814,0.2165440053836572,-0.04214765424889168,-0.08019647647896576,0.0746565118939054,0.009958534388023174,-0.023192633403797482,-0.0407126970781793
-0.07735566234224421,-0.01818643807647278,-0.0076511660120632055,0.014513666824129887,-0.04760850667795489,-0.08146550530373482,0.11330971947412918,0.10451535552771013,0.027045186826987574,-0.07248724661714497
0.03537929318280687,0.03290501391957859,0.005099292583469382,-0.06350366181336684,-0.0635318820651089,0.025248324276953754,0.1043654647983826,0.0638561212427779,0.18573233788433044,-0.08710325287694298
0.13828317148109767,0.057310558619146405,0.10854118876759368,0.034150670649020484,0.1502110808390803,0.1531803804108497,0.07877809902736292,0.06748444017339719,0.07467424844680907,0.038646068400646764
0.29261341678207364,-0.09547155805122956,0.11055888959117037,0.13105879279805038,0.14345681451382936,-0.008107879269743823,-0.1326924814434302,0.040049407418942765,-0.026898240579875873,0.12015038493783539
0.07222875237870005,-0.010014229050525125,-0.021982962408315126,0.11467702598927991,0.05478913327569709,0.12011739727054425,0.11048499342680078,-0.021419539561971908,0.130751229078825,0.17369403548762397
0.05820661192847513,0.19063198891467828,0.20997159586120048,0.13504893225363074,0.01394592433167148,0.02342217752007955,0.17400410990211096,-0.020857416437503155,0.10792448768260218,-0.05108638018634727
-0.1455728180019181,0.25083197829610543,0.0032920407625314507,0.05795063439389957,-0.04318780489926441,0.014568199274666644,0.050210962159169564,0.0803398923567536,0.01635348177699013,0.05568605593394997
-0.03804710264983329,-0.01765323955894124,0.2160929563572211,-0.014488579823461425,0.0007353301346758184,0.10916833530185235,0.3144370421875636,-0.21276756446790934,0.29541610006027036,-0.18854333653730374
-0.045260184397402474,0.10233147344435217,0.11051143993738785,0.012855881929350346,0.14886900241578077,0.256569756094147,0.031134783255836143,-0.06278605988967306,0.1541538213195862,0.024939236970271665
0.09547231653572008,0.010312320538675576,-0.18420453283252025,0.03136488794331546,0.16461554576975423,0.16108566965968962,-0.0010048087532650712,-0.004822300813317533,0.3320054290778721,0.02265366615971018
-0.023907257088899327,-0.10727020793987779,0.050162051494483884,-0.1331749164612775,-0.024535445874327697,0.14065452139388848,-0.1255267325183001,0.0029197481499298045,0.31277954468941876,-0.2324089125619619
0.1012495208399402,-0.2545297308226499,0.04375308116225977,0.0735378390220194,0.2338787377294381,-0.053903781581458365,0.1314416205440532,-0.08175769111683227,-0.0673882189504548,0.04084401220275799
-0.18733017084923226,-0.11344239354866756,-0.08151324118503651,-0.004094509498307586,0.12616773441904272,-0.01514564312287311,0.009193317727884216,0.00013251378376931758,-0.03766891704534628,-0.1911981020849217
-0.00998122784239738,-0.13703557033023267,0.081042379214612,0.1067105358965507,0.0508905421063327,0.003028792395234646,0.14345457921959734,-0.05733185206578117,0.09601997404935422,-0.10499865778839171
0.025207055490207467,0.013794691798422243,-0.08028652113773777,-0.1108080460869442,-0.06334102110909366,-0.020309429745502323,-0.04864834392500486,-0.07467225116893136,-0.10627486312047008,-0.04550547348414564
-0.1970967725747455,-0.0993044656413544,-0.1490871531517875,0.023688757416749362,0.0024364122292109924,-0.19992034048776233,-0.07100708485833349,-0.17859547007082244,-0.1211704853236718,-0.08269560067573156
-0.061487166784440654,0.02469395231040028,0.03162969369016705,-0.16849173322317257,0.06392414634870304,0.10428389319587811,-0.11858904016103564,-0.06946430883964391,0.1230033107104595,-0.22888061214122057
-0.002546017586629798,0.07719970603347981,-0.020749730295232353,-0.010505645864009906,0.009528149586229544,-0.050995761422524544,0.10648843723794035,-0.23759673811027895,-0.11339709386064237,-0.1621571000707004
-0.2129269134813784,-0.2631920270768289,-0.0373892771624932,-0.09824497328521947,0.09829080806417831,0.0483287190288951,-0.012324892461372345,-0.16167982701035305,-0.035259206168637244,-0.05311997915410531
0.06527131897687874,0.041534717326243364,-0.1849143957474721,-0.08577742956742306,0.007321291943967407,-0.08771241863877606,-0.06673330414294343,-0.0005263120927212483,-0.05694130463666569,-0.08795772628978474
-0.09811022866843323,-0.13337329706642484,0.12412870540379936,-0.056228683465081704,-0.05931060253971107,0.03843395354906332,-0.05506936038075682,-0.1408099812390854,0.005964916034686733,-0.07428128973083531
-0.06255597845040012,-0.0065403053090628965,0.06741305538053391,0.04902389277768086,-0.17785372801427,-0.040024385368023156,-0.006365332517077611,0.04920529083924069,-0.07059653530180572,0.1434148248874111
-0.06691664132000069,0.11405578117681454,-0.20301732251693952,-0.03435263637600598,0.21379628779669263,-0.16075044693670346,-0.10392756747114922,-0.11264027945466178,0.09169699113158433,0.04140774926808627
-0.11457691856671362,0.0704314145049339,0.09060690777867514,-0.02528480599395256,0.0217445488941041,0.07565750004689487,-0.09931058194350346,-0.0919832179979891,-0.1490736208159975,0.13107369834906848
-0.014291709144582138,0.005010611463377796,-0.0938794880509947,0.10600826977940259,-0.06857732733384253,-0.0681823381656916,-0.032803897007605415,-0.1822580618581747,0.05137570688994264,0.19512591421773787
-0.24887943184612624,-0.16497708657158067,-0.09805307224161924,0.006023586742838691,0.0499880851306586,0.10408702844443886,0.06549886832025327,-0.06659318274850223,-0.08486904160873851,0.06427251384010585
-0.13567871113072716,0.016762967190231355,-0.0835375230211374,-0.020872646552441882,-0.14070212339008487,-0.03373051904596861,0.010072636802830472,-0.059208466077730504,-0.029936330051032266,-0.10493820544418725
-0.03235559059805707,-0.21033614304004797,-0.1644575037529874,-0.023425154588285153,-0.11216891761805697,0.18165877387732807,0.10207736384379448,-0.1228905329686345,-0.07585659581323456,0.04212175928559335
-0.06854265531552783,-0.08804967953232355,-0.13841676681148268,-0.049427046143469724,0.0852668700045413,-0.04628060658062065,-0.14451422752065354,0.08750177181861515,-0.026725424909186956,-0.012503809555540563
-0.010085581701546194,-0.07495749157358189,-0.10602396535294425,-0.0046191702986580555,-0.10926753609266107,-0.15360689689497992,0.019487275137083218,0.07431185830878857,-0.12068954654462913,-0.11591251119274128
-0.11005994329988754,0.05189634969254914,-0.17780325087267457,-0.0782177368124452,0.029286229156736905,-0.157079643172285,-0.039496585908232205,-0.030296605438389107,-0.06872854877768021,-0.058638778633226446
-0.19187119547693476,-0.11872212073246778,-0.2608010482554865,-0.043455640228215436,-0.0943338948543318,-0.03386774265861063,-0.08882019028211022,-0.30898205525062866,-0.10728122501770376,-0.12329221660079236
-0.043106615573387276,-0.2701317099574063,-0.08301376464251997,0.054884321561947585,-0.059912029093582786,-0.05679744363747265,-0.09810063316753377,-0.13705784438016771,-0.009758330031421757,-0.18297554628763518
-0.06700093761027265,-0.018804533255370126,-0.22531632338642815,0.19000691182670068,-0.10305819755390241,0.10046829179727741,-0.12258082259358116,-0.170339591264428,0.003707238607891683,-0.20880553845329075
-0.19957299580145288,-0.008462437580366106,-0.1351151386228888,-0.18022080106671237,0.07129227736720997,0.019700958580974676,-0.2037571538289266,-0.17827527120943296,-0.013714227183435304,-0.01753038131459414
-0.09698865591643523,0.007394348659432337,-0.12940308217528793,0.09784764751668619,-0.054374702399583766,0.1067264727608076,-0.13312030326408378,-0.05153424174873987,-0.01821171759125044,-0.11232578020358845
0.006351508709645702,0.0736045118677957,0.044960876937061425,0.12328997415577922,-0.1405132685600852,-0.22966890284265987,0.006140973071900431,0.08578931846962824,0.02074511669152354,-0.14725006785704606
-0.02989492178930345,-0.22895022198026377,-0.1238456134003279,0.09839297324015212,0.020167088658958485,-0.027408055952761683,-0.19444721714873106,-0.03236857662187282,-0.13442548898217543,0.023610385149406568
-0.0690919645717463,-0.18248645951210238,0.03445766856844116,-0.06204621654388357,0.0148023864483195,-0.18125293938015877,0.013694566191706184,0.09008953062700747,-0.09960843728157551,-0.040561107145995756
-0.08386343599964542,0.05040830148744932,0.05647341810305684,-0.08000507609536099,-0.0970013090474395,-0.09856793023514486,-0.16570620225978558,-0.04458783697637377,-0.04217147527754338,-0.007987724979322888
-0.1619434486286492,-0.17964443129466015,-0.040564763511871785,-0.06773486853859118,-0.12271481705046225,-0.30685684650546374,-0.17196700243306998,-0.011833998043603015,-0.21981621008173768,0.09089719052890116
-0.04342214995079502,-0.1459861988698748,-0.11510358723403637,-0.026416391907462505,-0.2366458027684319,-0.24243676705882394,-0.24303281364066437,-0.2017930396502925,0.09016202751583788,-0.04204604215597663
-0.06241514082277183,-0.18824587970351198,0.021325503914679633,-0.14331714976857085,0.03985164798181906,-0.15901063968354853,-0.11682740341024325,-0.146368404820478,-0.25722907890623464,-0.11514577543309157
0.016751938563624946,-0.08661668066075608,0.0016477295898210675,-0.11837908032328749,-0.08728519901896256,-0.1745272220678059,-0.07152016688105661,-0.07319980217261578,-0.14996519326434038,-0.07328095989180153
0.03461591903245129,-0.14654213621952691,0.13341554083764717,-0.020835303709327943,-0.2123205352269102,-0.020424688794071583,-0.07153154207724893,-0.2469101291798681,-0.14171094324290334,-0.005343460521946813
-0.06326790150020811,0.045513712182859586,-0.017232629490695695,-0.03631308407322058,-0.23919229200787,-0.16056798743436035,-0.1592227126879603,0.01197233839991349,-0.31780295714295,0.04221139837125458
-0.10084133040126839,0.04854525270625176,0.18932426915748038,-0.015706443121305078,-0.19294442975864862,-0.02490213520756105,-0.22353841242388534,-0.09565014758931391,0.044436357126217865,-0.00615303989959513
-0.2680000164386406,0.10157500893493186,-0.2181857086491619,-0.09326178252156872,-0.25113881941860416,-0.08826638693924246,-0.10735295420840327,-0.041632131152223376,-0.20323334031517068,-0.09645465070237406
-0.11686242681760645,0.028467523156153682,-0.1142681996486442,-0.15667709129067647,-0.10023726808498651,-0.07190539681802068,0.024772301171661376,-0.05335745096432265,-0.314817669594884,-0.0943055100579496
-0.13861897274030122,-0.07017858376718308,0.06678347092589147,-0.047086469404734516,0.09859682514785123,-0.017696118163724107,-0.17406163252627743,0.26832814470243593,-0.14024017093835722,-0.02372873876349313
-0.05644525334407211,-0.22457580506560706,-0.11014415174783171,-0.17860059835801267,-0.11273508518598951,0.03446320972562505,-0.12334200826323222,0.07972134185144585,-0.19219103778407248,-0.1254863413854509
0.0034083191799810127,-0.213762752478302,-0.1155720273295077,-0.01938370289897945,-0.2185438518176674,0.050775653863901433,-0.03772139500410651,0.06314192702900884,-0.3306270118590322,0.007148435119021877
-0.07205172088106734,0.013306490090930573,-0.05128669432543597,-0.03476851159226879,-0.10305182280653799,-0.2580353152771258,0.004741577917153267,0.016646480197598956,-0.23036803856544474,-0.17381175952847835
0.1312459640375587,0.02985343315108467,0.05161373710221054,0.18691801248817919,0.016251264155311612,0.07035182733095094,0.03902187196826701,-0.20963202346620596,-0.02428909506064532,-0.1807031780671556
-0.11873782725093701,0.09393796546854338,-0.020219591990365597,0.05202312302931324,0.191008312687976,-0.0919582007641255,-0.03657392014472707,-0.10889483320168408,0.0998444440876579,0.050822662910302366
-0.11895156092377432,-0.01281262438507782,-0.10553237911517473,-0.006404512244374973,0.0778745820103594,-0.011538149870176716,0.004615218495257284,-0.11019018331776635,-0.14621564893969652,-0.2832052023167504
-0.199816533691314,0.03947515885939854,-0.09441990754334292,-0.06979383099412817,0.010025388982801814,0.07027952597468595,0.17591519855234966,-0.058014544550585634,0.14851202690551654,-0.027738595824188986
0.048890522550628104,-0.03076096619051784,-0.0017565360308752082,-0.15760382241924834,-0.19355421687252578,-0.06681239353965447,0.04315850178946877,0.051263710551707344,-0.09457014698936139,-0.0818819886581677
0.08955750652279708,-0.05679234299343081,0.035683142456908706,0.04951751831558636,0.17231638679271666,0.20275085695166917,0.02421218075541686,0.0703200994363792,-0.023359444130924525,-0.29618198436440973
0.09905486794530943,0.04186038759111001,-0.020515339195255312,-0.07645538173144664,0.05452651035113619,0.11184103397854578,-0.04062502362166363,0.03698714077661526,0.050827159188079035,0.015820227931194884
-0.0660782631728943,0.1458134013293106,0.09953135853550851,-0.09429556185313467,-0.09957103364476864,0.03767701638705267,0.08449291438549993,0.21832653241031763,0.0059766969410408825,0.015506447386474062
0.16661876199136744,0.13952196230601377,0.0460680837043041,-0.0388876084829313,-0.034258977403899445,-0.015741307045725836,0.03227838268708669,0.40414703018281006,0.01738205889312438,0.029426801034959923
0.10948898296619776,-0.01263854399544892,0.08201361595455386,0.08397022133255294,-0.12100573699878628,0.06126036921053091,0.02123030034889425,0.32027599025096887,-0.0823483958171268,0.1743681987946915
0.1467482027160184,0.05393326037611254,0.21107450245131767,-0.11487804760145497,0.005534790925912119,-0.010085782789137104,0.11549400515612226,0.1740748603344279,0.23986565604367927,0.010196541626922712
0.24174785812523764,0.13861537149458686,0.0398097736200408,0.1847621060007325,-0.09185091200770301,0.0392490390908511,-0.10793919600868779,-0.01402121885167576,-0.040442135474250164,0.11754742124204483
0.007593292057084977,0.034302095910307695,0.06898207962749685,-0.02915725205045252,-0.006839934512892297,0.15262164192931016,0.08730770477643174,0.13909673654417948,-0.11125285227815841,0.02783865359449436
0.15516860576176805,0.05693339831195297,0.11944154652762555,0.024644469436641676,0.043148407106497415,0.06565531041924294,-0.018365447234924236,0.038591709887235544,0.013777402635243026,0.30578882367637944
0.17409087508727106,0.0410601790741917,0.19003659859768712,0.08474135771494853,-0.007395601752857604,-0.007670219570189922,0.06907321243299341,0.34010564918210906,0.1872897246582383,0.1918075099904608
0.1424007431235026,0.11440289279640366,0.2182394495683705,0.01988788872878163,-0.12060229538462627,-0.008848964427687428,0.15044463667673363,0.07980473452573383,0.23958629398523895,0.1746329630646838
-0.07892002582099589,0.1903662761917974,0.24283507931210135,0.1603031675444841,-0.053338501858801235,0.0586693540804284,0.027225571447083048,0.10699075180889978,0.08767863027925336,0.10632535591470982
-0.096411458170481,0.0915156994007085,0.13696887399428634,0.15372268598352307,-0.06140607005069696,0.13265852448292204,0.10359964159898868,0.08623649482946595,0.03749688512462557,0.13517738133351354
0.041752220458792,0.13207678023486527,0.3044443945678761,-0.08783170763849771,-0.09682700941602441,0.017825816011325477,-0.009556039809702203,-0.0005494437210634695,0.16277955405858177,0.1349834097040558
0.003259884288253606,0.10064291001185956,0.07726514628166437,0.04575095658118589,0.031881811523733095,0.0566483218754069,0.13782806293792754,-0.08175077996362232,0.040036118377556405,-0.03271389531098613
0.1438264667772597,0.3029764434544324,0.19889131642472851,-0.009841382083864647,0.11704653602916537,-0.008575036983242218,0.06748735822174748,0.14318432789318214,0.06267481161686275,0.19026743842731772
-0.08467660662620974,0.05320441625113645,0.24641459518184278,0.32007852039895884,-0.08861882309631802,0.18053121265934827,0.23092152673514155,0.06849754257010407,0.1572444112301827,0.060008327334724755
0.017129120368289275,-0.03782077256513952,0.18345464121031435,0.2497335775568409,0.22475087058576537,0.3072566797610948,0.11101402668400405,0.07927256241730665,0.11410852175181413,0.11499488330359178
0.01512345181162536,0.0688287156088171,0.008262209220783967,0.13315314959372399,0.155969073851284,0.06835041001272964,0.1800855616732615,0.1355547358510226,0.06046204270593877,0.17472535973397996
0.01682726823386551,0.0379620013281742,0.10251823258504153,-0.044801597510779556,-0.09153051622215666,0.04724559112372863,0.04119279093993929,-0.01392581081265297,-0.043713516620413215,0.12076114600569177
0.029297050378512643,-0.025797764196869633,-0.018963878308438986,0.05512975205407713,0.20330033155392294,0.04152891608690456,-0.01496802317785019,0.19321486458471032,-0.086142290830948,0.10424482311404612
0.005988506566585665,-0.06387243424283139,0.08217889852524163,0.13003752220090214,0.05264602353715307,0.031340625924422744,0.09895946903031974,0.05361026039513679,-0.09925731903128136,-0.0737508848120661
-0.01630141679749518,0.1309064385861511,0.07692893516868735,0.008659198801819831,0.21594701666967622,-0.15388540088417063,0.00373420745523953,0.16010340219882005,0.1722926715875223,0.060334988258363684
0.004477775395507075,-0.07583721097342988,-0.20879115392009223,0.03323077166541502,0.13815900557881447,0.04848567677127276,0.07207409947061244,-0.126998662183039,0.06805978039864874,0.22280006097505212
-0.01996353872729027,0.01634385807851477,0.046538468471744004,0.141249296245118,0.17685719427331567,-0.08665977256642733,0.08494324005064581,0.013150624496264642,-0.061010417425413604,0.09959616390178777
-0.10469573732957699,0.04406203591172382,-0.04913601188703533,0.13217378077062555,-0.06491803419599136,-0.13001154375121565,0.3097598219536274,-0.06451799928594995,-0.0630326550290067,0.17034257142277
-0.14998500532144635,0.0015453993375061925,-0.0398384286375269,0.103787294356982,0.04177460448186883,0.10278693761277474,0.1380374903950793,-0.09329498739044481,-0.057704981051051235,-0.05245896043602152
0.11617341326809276,-0.12856204594422338,0.10529874199399603,0.09190467307054295,-0.06101474944724153,0.07674059882811206,0.135877970575298,0.08759074898364376,0.1124130479796682,0.01547704118386991
0.06028578062421175,-0.10102504658172479,0.019666593333786335,0.2137762002669132,0.03796552978559561,-0.053885403911798996,0.03184517230859129,-0.0808296734811469,-0.1561375765426009,0.01800638200450482
0.13799250748428712,-0.019379672537385213,-0.05593190957556213,-0.06563620714152445,0.07163761952239156,0.19834804177463544,0.01618783358533882,0.03103337427136395,-0.10476751549719576,0.1595575293768888
0.0533259537853691,-0.0915310284291127,-0.09458791095944266,0.05075879063041211,-0.02098464792552919,-0.09045449926160794,0.1968892517862087,-0.03708504366352818,0.04083793439807222,0.12314393996277873
-0.14027487038062578,0.14951236890426092,-0.014002322023652099,0.03017875115879564,0.08025666163752249,0.07888365430512896,0.1362680537612648,-0.12397674661008261,0.08741695005576108,0.16578702314842825
-0.06244385257863935,-0.04457238297636837,0.1547482757391406,0.05664268131101631,0.00964936876303897,0.013532857214072533,0.08058660768137768,0.0496372539218132,0.19122872689688425,0.0807030636552114
-0.0055821333380381664,-0.23658071561742428,-0.004943955183276478,-0.1143493598769322,0.16788282463026827,0.037182521176513064,-0.03218020481739487,0.017721530864289996,0.03480383540152383,-0.013160568467595862
-0.09703602381917861,-0.03486293469060456,0.13492997423246053,0.049749161930939055,-0.20240875079841267,0.20852171066181305,0.014390661603098997,-0.12556567450207173,0.026902092125466962,-0.19681291811976445
0.0458198298451493,-0.1631521059420955,-0.01992682430032834,0.21371646784273202,0.018108077443912646,0.040382829196158675,-0.15217457006016225,-0.08979415583386965,0.021008500751395685,-0.08740626941520951
-0.13107827062822316,0.1077262309113969,-0.10622349468373095,-0.03047218834403672,0.020269503415190904,0.16069678869571336,-0.022814148743988155,0.0732777978634974,-0.1477553318962692,0.07396671546946368
-0.073539189365778,0.03525833659992113,-0.13896179213530396,-0.11290801911162696,-0.049019137390362,0.05521065339325894,0.30537121943611095,0.07392867983595869,-0.01166635742997309,0.02142484174541396
-0.03645098559068043,-0.20148294083668541,0.009736421566443595,0.20098565654258044,0.1253412475288247,-0.09854485673967986,0.00165565620364499,-0.12840031463660578,-0.0644694751852591,-0.07000198755757155
0.019995155430517275,-0.03803969870750154,-0.05565435057783448,0.09717474794859601,0.0421733732313326,0.04220572711600999,0.2578111736913706,0.23928050513029467,0.08685492886835029,-0.010259853776722632
0.07907727417324087,-0.06915986612157025,-0.12146889520115872,-0.031788034383701924,-0.016615027684921027,0.24697894398720788,0.01252369663680488,-0.13959161694288755,0.02158027056315496,0.09104131170962579
-0.05034666043260086,0.0028365581879811405,-0.03562507092172148,0.028957638858867984,0.06688493781419579,0.14184806573542783,0.005380090817267735,-0.08319668063145594,0.0840166775277415,-0.02505361115327899
0.1731597003386477,-0.015138764567969063,0.016429152683233292,0.2598140424206756,-0.013177441714766036,-0.14744453774655839,0.20241150700287744,0.0011564509246051943,0.08984381544411027,0.029869959079976492
-0.3242386578825305,-0.0538663061665595,0.07631220865130126,0.22356585148752722,0.1436677812532694,0.0767490390936598,0.19623046525745597,-0.13720425954298907,-0.1354975528180721,0.053959778080057
-0.007507448339472447,-0.006893105759167937,-0.046697682058900465,0.020692059759863407,0.1136624414572267,0.007465898366642423,0.05573973819767039,-0.06051993286828608,0.022130049546471103,-0.07564419900076746
-0.03355909969826809,-0.010167478184476738,-0.1473185445466744,-0.044720483355715664,0.11745657867517106,-0.09965918060791373,0.2238062406083631,0.1545890723981489,0.06328065328268496,0.07792908773105336
0.09475020588265673,0.02207713123175188,-0.05504218119686357,-0.10133365100549833,-0.01886029794274799,0.08981883860222126,0.1412810920798311,-0.04085815937092495,0.10158809658163906,-0.04924036524461407
-0.0326152159013193,-0.08093009467370241,0.11366520378694664,0.029878618725119627,0.030971894963950156,0.27641134977175363,-0.03178843192207281,-0.164215008430656,0.05959606843045062,-0.046728901323635164
-0.038903709078325785,0.08808337211596555,0.0737119748788878,0.06165580679524508,0.011020595915939867,0.05894869700568546,0.18147025803664962,-0.10864002995627134,0.08577671130531202,-9.579195100531271e-05
-0.10019409558018431,-0.10008463306029709,0.056715757755222,0.10816338742721975,0.1229722198152935,-0.09686138736687493,0.12404960102948567,-0.042815479592190245,-0.009624956152783012,-0.17354022437026329
-0.05182610256084437,0.144326310200963,0.023895546015104217,-0.08251037925620569,0.1578269180840694,-0.0877818517109345,0.11238838560743886,0.0010450487370741862,0.050337060705807846,0.054531132259650256
-0.06772778058615843,0.011800828324003924,-0.04252810049111322,0.08994800393976184,0.047757541836471865,0.15100073678322418,0.17914583199924794,0.024014337537810498,0.1499589442464137,0.026715654711483974
-0.0038233773991583273,-0.18047651643840146,0.016226984118973026,0.01008781092669882,0.10622804068428092,0.12723117729992298,-0.00834967785426495,-0.13693247036875156,0.08156893658214351,-0.0398232221611354
0.10751066166992228,0.006599223237738715,0.15542366539861097,0.0246986249540897,0.02732040690018416,0.13245851807644127,0.09115381441433901,-0.05437714342974604,-0.11322490494386121,-0.13612475436136523
0.04492842835134858,0.11885356427116595,-0.06365081665748507,-0.01712006510953113,0.05320680855900208,0.17112941197458176,-0.15742072910766272,-0.021881647067309013,0.22579736500705905,-0.13034167045355555
-0.07777613027343741,-0.01852958643620265,0.037677277232018,-0.06961928349629311,0.10472301965555258,-0.08213554325946548,-0.22549433419218343,-0.03632909994069868,-0.018264408276165454,0.1460122068317079
0.031204005995895352,0.08844776239048793,-0.0720031521802747,-0.0929643527066049,-0.016944547917442536,-0.04659243438741188,0.05021766523571228,-0.0961310220472782,-0.18317124245751779,-0.0372273088535041
-0.08644290677376817,0.0023793753789060927,-0.07102224044552885,-0.04057099301589952,0.04388067169192386,0.12844990040935894,-0.028023054708203564,0.12322278316985678,-0.1260476951798224,-0.2150799400058544
0.05292309095325873,-0.02125667902523971,0.009050098609942742,-0.08879538743318377,-0.18006640009471162,0.04103186518399539,-0.04622190744203516,-0.02720245891941828,-0.1030494533946588,-0.040017011880151304
0.23090956465708443,0.08171568820351298,-0.004878943113320266,-0.061881525050910435,-0.03379592254746516,-0.02524246041606428,-0.007372912510107292,-0.09426262495362664,0.05905643934994956,-0.06962185177254267
0.007833939635043034,-0.0227582369107617,0.1419976049887059,-0.0821914983181474,-0.01668176579447968,0.14559605023109878,-0.08373728212897046,-0.024412134905162985,-0.010003934273408193,0.025801790314978444
0.041635210507046036,-0.04635847565161441,0.1402670166245642,-0.08943996890984546,-0.05601982709862584,0.07193550900568975,-0.18904501603586107,0.09739906912261806,0.1153443246238823,0.1194250736587726
-0.09720240895281887,-0.00875922788860891,0.22056561263825344,-0.051433563799386045,0.06330831794477189,-0.13703323630011413,-0.06774479029455176,-0.15737648264667142,0.12187327384549815,0.10923942223186983
0.044867799902984375,-0.001489911024993948,0.16189078639998278,0.11224629328586454,-0.16081637843252589,-0.16091702106004183,-0.19099511257709967,-0.015613249643750514,-0.012563575009516154,0.08606802307977168
0.04808361326108815,0.06825886499759842,0.09742610737595016,0.10731982721912058,-0.06017107066923679,-0.18140363512185417,-0.06193514636341239,-0.02648282085167994,-0.10356919052231378,0.09523010492020614
0.031132760052801994,0.12680905230976797,0.2236346527469865,-0.0056075293392258,0.08204846749869035,0.07172724585220391,-0.05008652268304256,0.06687081977911168,-0.03254744419665579,0.03533644430300833
-0.0760442971937227,0.07277063382740112,0.10280113401038449,-0.10059202457653776,-0.09918319033939851,-0.22166124790185926,-0.013923330523641177,-0.08576925301618359,-0.04770350001465864,-0.013672091354253
-0.15590761791777613,0.2196152630435415,0.0462251438571073,-0.26281740726608477,0.10379700648436832,0.06380727931345012,-0.21507905860907106,-0.11147675278604927,0.10884455319558198,0.13562311253690276
-0.007415622761384098,0.11851641992998609,0.14998354481723486,-0.12292102222962907,0.009628987882499884,-0.11498892412229678,0.13294210313093938,-0.014988771221142432,0.09479296884858926,-0.00403042929718718
-0.029973163368810583,-0.09278610555046243,0.030636158556632872,-0.05274782518343679,0.07669652001681168,-0.012756048948355747,0.03625738175590789,0.06347206875351054,0.021019877168540486,-0.17256247368881344
-0.08688622120686153,0.09414496422711477,-0.11412525844422769,0.16402054347265665,-0.06053243006777991,0.040415772315289616,0.14130461942376216,0.13893010480568607,0.13229112059659057,-0.02626120493642622
0.17390821148191735,-0.08698919768298312,-0.050993526651535656,-0.013862646301608763,0.07924100853130614,-0.04887030471374949,0.07614628547652143,-0.12147724196652598,0.09157179606252876,0.020407157036469017
-0.10232235026263695,0.02449564759991449,-0.14752722559170683,-0.009025356400859344,-0.000294118307750911,-0.030256953991702203,0.03725815771733948,0.0426740233313125,0.1625192815242142,-0.18664208139548202
0.02077134936172862,-0.014130335181633315,0.07101538075798858,0.04624081376499811,0.08418466985639353,0.037904631890493215,0.11625956080936406,0.05835797171102475,0.1070900649784005,-0.03682249313806269
0.1301960827257018,0.17400635422738386,-0.058041576300074525,-0.04710000970987979,-0.0673240958824711,-0.04699229824485387,0.08897833383869,-0.04408947494207385,-0.10063374131194444,0.07395225566656603
0.021576875561155957,0.0034390162066306523,4.588618191562685e-05,-0.03971569414824724,-0.05938306365988656,0.06957026785331222,0.12277276235841664,0.15132238399761092,0.18764613696180743,-0.020410828984717196
0.09323109951203233,0.05294395580114823,0.036920280287052853,-0.021997208750250546,0.050932701959054576,0.09908648177857665,0.11440965531761933,-0.08149735312074692,0.10609832992923955,0.06253711086579467
0.08083581059532052,0.1206522624883661,0.25812458395415233,0.1253557222363388,-0.0037619688254009673,0.12174666998139573,-0.10114433689108404,0.12004332900918932,0.06535945891810375,0.2313631927273035
0.13871234307328872,0.09822113316479575,0.04346352075392576,0.1508146470485241,0.02742969849458596,0.09668783708300188,0.1877974050974579,-0.04348720466030949,0.17148916420539323,-0.09158602306958685
0.09156517839508091,0.19986941814087333,0.03382802498468443,0.13945643052409212,-0.01819805254045271,0.16111481349386053,0.10484079429987048,0.030887503322504964,0.060021510420244915,-0.12005267299048027
0.07074988973954496,-0.08189350807085141,0.08820486901504189,0.14498920508705265,-0.04983241926638768,0.14124452137000892,0.04440420438336655,0.22791840863800478,0.2954013520581125,0.11427640229797924
0.3169294331809457,0.01288082088254685,-0.029652738597654257,0.10835832691486837,0.0013261650230431896,-0.08402249444015505,0.07466460753530356,0.16014192561887897,0.14504073676610094,0.028561339409210677
0.08995497144070988,-0.040100374930126165,0.07344681064899651,0.16899651251625591,0.005780692612138767,0.08022000193226742,0.260190079618799,0.06865755280366549,0.10935923630508221,-0.03572789551913519
0.06450714465910327,0.08288497717501339,0.1412589696746658,0.10982899702416685,0.20842050067038928,-0.007617262053738354,-0.10732418598999409,0.07243810151873178,0.1630019317793861,-0.02028014600093697
-0.06354930368037126,0.12854839862616896,0.08052080427363187,0.04790632144952246,0.28441691523732526,-0.02591220593214489,0.09546274026458745,0.09136619945315971,0.057057868675003474,0.13019883332947207
-0.0878839204035748,0.16651536257007407,0.050633566363207,0.06236455747526999,0.10330141216516081,0.03263509475824392,-0.027045381743730487,0.21928720419810843,-0.005610997043507329,-0.1320315025669014
0.11871229492483944,0.2344787010312396,0.04044837867646004,-0.01203344046781666,0.005241729098645995,0.06687399607054828,0.11468298291488215,0.18332337308965013,-0.042131682559339904,-0.060903651104280684
-0.0754584833166913,0.08792720847721223,0.047318612046211475,-0.05639106389758465,-0.017542402630560658,0.12240410998222698,0.0669836030659673,0.26386683080785256,0.09086052043897432,-0.07515829864461056
0.17251432321871102,0.07787198449163901,0.18012504613859964,-0.07621019098797345,-0.086268749971549,0.04505980430746188,0.08823366392314781,0.09742358805802528,-0.03173303134126615,0.10635429082531091
0.2655334870077052,0.17572998786724933,0.027156759129884946,0.08737752390599111,-0.12056410680152771,-0.12590060385619908,-0.2111864565617048,0.14466616502243873,-0.10472903135889292,0.03348488194342776
0.17355808387830202,0.34557879685718695,0.1700376223296988,0.1435939368112388,0.11381156381503202,0.08171717115041194,0.01937750578380465,-0.018612623320950664,0.003317272965942069,0.024115931667368057
0.2482275335620508,0.254256455489713,0.08874420505338655,-0.048079534301917866,0.1215647658339765,-0.035018922478248005,-0.05494946090033968,0.12378659242510043,-0.01633581322021478,0.137716264673755
0.14089291191091333,0.2614837877388586,0.11696801205987066,0.06543729954012312,0.08901288802450172,0.09615502246160065,-0.051776088078775234,0.22043259791079645,0.1627225604306486,0.04546550184019672
0.102408354585682,0.3016468049208073,0.18029496988809682,0.17344518360691003,0.13891183729680612,0.1725441123806368,0.16631521529806081,0.2468796771062287,0.15762888385846166,0.17104578708601276
0.07678255455321052,0.3289887151861393,0.1865447343721443,0.03966688296733894,0.13876084833327898,0.1957816470548872,0.17975688132804601,0.28327285518149137,0.27412079850940285,0.2065688454621426
0.1783327627101749,0.3284338248160531,0.09773302127636282,0.28771703862976233,0.024519833794456464,0.22016938090420862,0.09983871940713698,0.24881443335883988,0.28394342302611736,0.24701943120752745
0.27191773898991967,0.38999717895851027,-0.023118485181031934,0.32567349062065354,0.276246436689096,0.2078549025424706,0.18164605655113059,0.2473021112078061,0.24638383209572168,0.16094126139086995
0.17960871416764332,0.043042536409197946,0.04992265852205999,0.09799067643258395,0.11381290956461307,0.2719770728584026,0.09536354560616228,0.2355561834883227,0.2679019381423216,0.2026867128497923
0.10885129671892178,0.2728440620128942,0.052863908660395045,0.05811551287436295,0.2926099338590933,0.07070090534056475,0.0637087983715489,0.12016250031944135,0.16920613667350576,0.02063436982744296
0.19458314945718233,0.09845475472082998,0.3036431264086561,-0.07925610108208678,0.19377283759023045,0.23572931994656465,0.0679722518377042,0.22191603075286434,0.202609989912595,0.1728411665076903
0.07922246981133216,0.16780772850624442,-0.08190485842077452,0.2774800642305626,0.10340530419568747,0.3002531474967202,0.12984429718608523,0.3421255254562187,0.11189281772847544,0.1950270026028241
0.29329995723300106,0.020779823041186835,0.02868226249111344,0.15323316163560655,0.15122249687937273,0.12416732090725834,0.019795196762408915,0.21549919637504847,0.1733165882175901,0.28811465123428714
0.3269010723428767,0.07806987374958174,0.15238890036165317,0.1665539403321963,0.19002346336827536,-0.02985382603854711,0.1689746383802354,0.1708655926151531,0.1735608681371756,0.36618558477246416
0.41837146028554983,0.16132468901789362,0.062473724926411366,0.13722780299786658,0.1607079817565006,-0.01741219787442598,0.16370104768559407,0.06700193920855486,0.054099505327158556,0.17630497205944828
-0.04392202762654168,0.02865797274844556,0.11223004835562521,0.25044693927202755,0.09226045556876872,0.04794074291451697,0.023371068952067503,0.08467283075923354,0.0371696670192643,0.13521083386798355
0.21136891494964405,0.00032434205230261193,0.2116552571741478,0.3007125623497179,0.2578886230450902,0.13647052608435073,-0.09526461684520987,-0.09143096478303055,0.08773601476979422,0.17662063838588885
0.09169759080806206,0.2703596784560165,0.16947637691584722,0.14515254555425214,0.08958572276360872,-0.04108745338774648,0.05385036403350009,-0.028963037887722795,0.08964255140038796,0.20690701229963138
0.23699992784828866,0.0947318330695139,0.15726840664612363,0.10073194780682929,0.1654144266146956,-0.0448010177627355,0.12047961005915483,0.1485780695124676,0.11249831880674002,0.12173937934966958
0.052586197638767485,-0.0014789885366075783,0.19616128817131812,0.2487509845728877,0.15805401182530157,0.013910097393510755,0.029704546632209797,0.20620827217257326,0.0725281606089442,0.24654417498011083
0.09753609204063263,-0.05059246778034451,0.24920150680609043,0.16615557961854763,0.0774133390627157,-0.08512230969829564,0.07646701643528828,-0.07171269209018269,0.02510255550549409,0.09291993778449761
-0.02299814632217724,0.09483267432815395,0.21768594706290623,0.2557375135784888,0.16965405220368418,-0.17294034969720978,0.07367050629827643,-0.11027950274725279,0.013831065868949013,0.10859415810464931
0.1147939518649923,0.13689620935467411,0.24657443013667693,-0.12776660805468804,0.1718319870517745,0.03824803475244387,0.016871494494853062,-0.14521717797528472,0.06291057278892481,0.013672929459327708
-0.003368236392210136,0.2782436062669875,0.13831659195873636,-0.056559494216892006,0.13411252931361028,0.056828569313128637,-0.016331302077093546,-0.02919614747574565,0.023590070065187672,0.06888428486284076
0.0377470925036088,0.14553828607046476,0.09606268663053938,0.15861912062439126,0.015761435751622734,-0.0014835021612198546,0.07974457889219153,0.016136500389160473,0.00863561194766388,0.08253329906328603
0.060237211264780655,0.1511692428802735,0.06866361007159805,0.19305839808665337,-0.028459989845545722,-0.006394082529915648,0.21692122164913505,0.043227047274240774,0.24991916039420656,0.007833426921807555
-0.09269867617977749,0.1307713474767621,0.3001393048957993,-0.01415691830203672,0.14827662740997458,-0.08637489279161567,-0.013408391455397253,0.11739355900333456,0.07536451356802087,-0.03538356411267428
0.15151733120701175,0.3335695259875143,0.20350654192808948,0.10582447018334973,0.10093755543745048,0.02109857758062495,0.20578585086305629,0.08320379422553735,0.08705606493918966,0.02466946986876277
-0.11374561461725194,0.29071337332064806,0.04609814295883573,0.1359204140636729,0.09127639593729364,0.10423339722641305,0.26290608886838873,-0.012063338830712977,0.06050371317330171,0.05620605413250512
0.07811958196293299,0.14890876050380136,0.15607673860569737,0.14665012433534114,0.20812303075753827,0.027853490020408586,0.15700964604519652,0.04415002589356068,0.19338798408758937,0.07612584547058689
-0.0334622897557578,0.1579274022157655,0.09476718934156146,-0.012416064822421621,-0.008768096619745466,0.19703118636508374,0.33731451945277546,-0.020289199762958107,0.19207450484342276,-0.038741314820855605
-0.015409511389239901,0.1257695606444738,0.1091560151360394,0.12117725491455289,-0.009900695564532977,0.0787708504065805,0.14326903035025365,0.07586064542888932,0.1000085982722347,0.05204108549241629
0.002011297227745637,-0.13338313859365808,0.005144247706567073,0.04196375140192378,-0.10255453658489225,0.04396478620596808,0.06544599998103239,0.0057589853384936995,0.24236215574219866,-0.1642036284457877
-0.036675597597768714,-0.16034724950759216,0.02237046446806687,0.002752863782795642,-0.036360469275481165,0.1522854631568995,0.0949599565667702,0.008023694489176052,0.20767016544747444,-0.05990123742018533
-0.03262651379726732,-0.04855863599858124,-0.0022439164109512248,0.2717252877010847,-1.1104657331067677e-05,0.10285515567451728,-0.11775184129567058,0.18274426933501123,0.03303162069981482,-0.2883539242227221
0.22153267291226642,0.01595230903101426,0.12484491221327151,0.027932919401895597,-0.04206162347716193,-0.09832948995580577,-0.01225343809721894,0.18874753497988353,0.003138782813433206,-0.11705736707041496
0.04035138156088321,0.13578947833667693,0.005789712863109565,0.09023481258285204,0.17035142528098535,0.03367957969325175,-0.049306485413574574,0.008757653322841254,-0.03137637188133776,0.12848168406934274
0.11598716061831373,-0.06633761003901342,-0.016109321883783584,0.056462141946301087,-0.0487858777747932,0.1637474751068904,0.05928531881346616,0.003602050701719227,-0.1187346974762253,-0.032984736061366066
0.06988747052307588,0.2179463088775922,-0.062431380331557165,-0.18232762014239165,-0.08446062913378984,0.06422809920852199,-0.12013451872706002,0.014299543098999473,-0.20343335372665322,0.05046266240536362
0.26472635249901244,0.22782576427066853,-0.013152372732133932,-0.03661130263524748,-0.11273539733472901,-0.05622005789994307,0.19580751002852032,-0.026915635404197474,0.05346783400670892,-0.05846553461358417
0.12088537101940901,0.18260321188399026,0.09175082086215712,-0.04621682658747597,-0.03433699798559494,0.09659980253810702,-0.02367497423181012,0.16513438025056643,-0.028015234908388267,0.04795542614470512
0.2135110142930015,-0.013169115303649753,-0.02110791685557234,0.047959876283125966,-0.004229020664368199,0.2046019177472535,-0.03937302534732525,0.03121314212431616,0.31091946724020264,0.06854495076317398
0.2859933101717377,-0.11081517208180489,-0.04661680692091641,0.2332030699891737,-0.056781984399651805,-0.026890131973843545,-0.1279310524104463,0.14198822348255366,0.14836790341742123,0.045649623287317476
0.2100607011344414,-0.04792556609322056,0.14137756897911713,0.09321251094830145,0.05409475905108451,-0.05350035764642509,0.08030858269966404,0.007162733031116364,0.01457668841940294,0.26174636648968413
0.16065439824533326,-0.013123826788293123,0.13824315037322943,0.03918710070389533,0.22108306998945645,-0.1154002026006245,-0.10563328434554292,-0.3278435854331945,-0.06588464839990216,0.22334244314019544
0.09355577153801431,0.18904067087305787,0.02667390559218817,0.018342194551545524,-0.05526653841136073,-0.11621178265814057,0.08403929264012303,0.059887243361574284,-0.13858609452397383,0.015029240131491761
-0.054776192648601146,0.03379554507729712,0.26338795940123144,-0.01993996530125436,-0.14463274264687825,-0.20134293294657835,0.08391137612174235,-0.14597989238576825,-0.03996853705515028,0.06183156367081628
-0.1819081085694338,0.24261354280211633,0.09498907092586689,0.03337032240623995,0.11425382310898313,0.0247511374058077,0.08302757583968062,-0.28846512299242144,0.1231019627022504,-0.024014665821405844
-0.10559317327792685,0.12212230960628807,-0.0491430937885146,0.018720938133644633,-0.0555748660151968,0.14205457218417974,0.16298769442606365,-0.1370644184598065,0.046628870806613265,-0.15312285256159858
-0.09123618505223531,0.053427852863245695,0.23424215942631146,0.022476426834161203,-0.14090512074705167,0.04201993085425853,0.12129754693035802,-0.09557938183424088,0.0963189077193954,-0.13634282589818653
-0.25875177797478977,-0.17680205036259722,-0.07452570500200811,0.11173403944805102,-0.03132103660664458,0.21591948250857532,0.008626913372284911,0.00732602393915394,0.2915783272727194,-0.10069656705943507
-0.06684853453236725,-0.04355055680034649,0.033903487952537475,-0.08000889520105677,-0.15717023156315876,0.03903159399900052,0.08246688937373496,-0.04041211055338145,0.15113259441696048,-0.05886328303443008
-0.08419707683964964,-0.15175745703437538,0.07251181208782477,-0.1958277074688819,0.015154531624028238,0.24324545735566133,-0.037542297378862347,-0.07226879847632814,-0.0006779449496901527,-0.21247953652210935
0.00596461581155702,0.029297852759533685,0.0639876819974492,-0.040933304780703235,-0.08998697014322563,-0.062264733226748616,-0.05273880315222819,-0.0451451831916432,-0.06055237105042739,-0.13920235347918933
0.05905631766010375,-0.045010857968350776,-0.14671934392728186,-0.25799829028306487,-0.12423039260824936,0.04442111319796309,-0.14674462295471014,0.013412357313761879,0.07314015394899845,-0.09332091513386631
0.017971611723682376,0.08392575208616922,-0.09219452152324921,0.008821644285827948,-0.01126966204071006,-0.08682831190753659,0.09398138689044454,-0.08886903092554743,-0.21836633960945942,-0.0791678759819629
-0.10416808858232157,0.08031008929524865,0.14230533309030086,-0.1376877923517157,-0.09799966170522223,0.14014555936326462,-0.056787961535148035,0.015418185135689108,-0.04805692887275613,0.03794849995934438
0.06289703641026961,0.031202930523551727,-0.019145530540556125,0.10765116065078183,-0.0032153888273780615,0.014812246580732585,-0.017876454121047138,0.01735822758107402,-0.08456864031532292,0.023158831363510404
-0.11944408756958583,0.0288396599069545,0.033315230003270246,0.04809428415952405,0.20044344494710276,-0.11521491614291005,-0.006272711154279069,0.004969703741987352,-0.09861191869496977,0.07168115504241454
-0.06070165359076982,0.09061994777756019,-0.14587759722509921,-0.1972097108784551,-0.2972718198168601,0.12434918033441536,0.058610554280725424,0.17874910103286507,-0.019288155241446087,-0.0375724744189409
-0.09442528204489857,-0.10982061674158551,-0.11326097528570496,0.017191146011002145,-0.00343899922381773,-0.04556385350063076,0.011806542373688111,0.005966977060754476,0.054016762755479814,0.18074305448236078
-0.1249494166896106,-0.07850415935160618,-0.12814403714672964,-0.08681095963458414,-0.09675027971024205,0.05095688332172055,0.10420713634965907,0.07171031793851607,-0.003207876166632093,0.22844131573164392
-0.06738871230884871,-0.08866611128862598,0.038084565518233,-0.04531670820439074,-0.04367916494779013,0.08006772500675799,-0.03274192021048405,0.2291167536432161,0.02848472555415465,-0.10390437284601277
-0.030039517240770384,-0.17562187207028487,0.09254677058647076,0.05960638250344888,-0.04920382348864583,-0.10766383563652233,-0.1172511430013276,0.05468414687102068,0.12642319186475928,-0.08899573639266609
0.10191844141715334,0.023959740052785755,-0.05238430416441312,-0.07392484651020743,-0.05947860020506905,0.14562717517084928,-0.038499970073908436,0.0290068793927891,-0.11102308717282183,-0.20825786887743797
0.09330225166268118,0.08067001606898064,-0.24600881136950248,-0.2424179807211791,-0.08502985765761317,0.02314834928629327,-0.10120736697838115,0.06521009518731874,-0.06796007922790996,-0.1087965451054826
-0.08736946001628945,-0.14329172629974588,-0.22875619462171137,-0.07452087703021305,-0.11120910906773433,-0.012103511484552531,-0.012371104312986367,0.10355333131816333,-0.0020683452261322857,-0.03805080871420215
0.09067292976319956,-0.1010445474893607,-0.07126869359568228,-0.05402340265800211,0.16511389586807645,-0.05431787654134686,-0.03329919388842355,-0.07226606128047615,-0.0611613709738731,-0.14094237870739887
0.0376246679716381,-0.0038229057803798594,-0.10063799753851457,-0.2570235956498259,0.15699337540222058,0.01681061490922199,0.040313309024605136,0.10347243638058057,0.04981011724686924,-0.13190583904948355
0.1591092304822636,-0.0376942707476746,0.03368936217256067,-0.26772864872167235,-0.07389820712188823,0.0692672873460522,0.08579536702192604,0.031443660912770156,0.0686889360579215,0.12553171760782328
-0.08664925429069878,-0.08624294970952508,0.06318852983490167,0.06920581999021001,-0.01764223206957935,0.021253973702583563,-0.04369477437033766,-0.03973761937923391,0.19646792219537054,-0.03981591198727507
-0.04808654212440743,0.1119898557190801,0.08824220519794583,-0.11005738029571904,-0.04708856414305135,-0.10067783065658334,-0.006497424777366232,-0.06987038296016282,-0.02847031536162701,-0.031033790122073284
0.2449624800461128,-0.047112759291616665,-0.15888463550553936,0.10745955817279325,0.1345054752635037,0.09533889506339426,-0.043694619310408786,0.04414143186500295,0.0687682438040875,0.05473140820944105
0.06974623586137309,0.12182125440606158,-0.009782400032704712,-0.021109161736210632,0.10488206223491908,-0.07548973922106936,-0.11918227884984632,-0.09261149912005662,0.04688708927514919,0.04256609378208436
-0.0014757410799279055,0.08361413007195909,0.09101426138350402,-0.0936450158293739,-0.06428068095684075,-0.13162048317668762,0.10510433672416192,0.12342763994489145,0.06777686376842029,0.06191757314366257
0.064194873404461,0.018830189310588955,0.0009496411014563097,0.16117832043010624,0.06052361069125627,-0.030941583162447994,0.08302960752779692,0.0900855117125325,-0.048248013005505186,-0.03876683049802567
0.034651179153317446,-0.08401799230854498,-0.02646484552439187,0.1796014507072417,0.009936166962057569,0.14651270678119038,-0.1420207421769168,0.12228654638848585,0.16444535084233688,0.26463780245873875
0.12433429438772708,0.0929330272013304,-0.047214737874150266,-0.06603578298322806,-0.026570662627093112,0.1548970237860787,0.06588210533039811,0.06699852400527337,0.19241944350560206,-0.15079450631994798
-0.017341028140867604,0.10126355277630332,0.16255986436572048,0.0036421094990929867,-0.049132444947125674,-0.04156280209514563,-0.0799038724248927,0.2787432918381779,-0.02746999258238799,-0.05032382502784886
-0.029556775377174785,-0.00539925518276356,-0.07774865899825842,0.0014406957704961587,-0.12952488022494307,-0.15733794694902514,0.046211062771174885,-0.011840572925278098,0.047848266851826915,0.26693434990700315
-0.06462982575252547,0.2244601909853686,0.1651845943003641,0.07551420178375162,0.06269125056782641,0.06379623923125119,0.19886976733733164,0.06521844810167904,-0.012620203190290336,0.1436349694448738
0.05839942605704693,0.1341944774435635,-0.18728233165914804,-0.01530941932749856,-0.04282396890047858,0.1131682032795757,-0.01754207154295613,0.07724713834552496,0.08637045297391396,0.047925002636764726
-0.11755801306688217,0.06587093924036858,0.08631064257173611,0.15739688087403686,-0.04659092723121673,-0.05848637392736624,-0.04633600446408714,0.03459116163793066,0.06419936922610879,0.019402673709787426
0.050857248408108686,0.14056939710689187,0.1366417886255256,0.1765264576028347,0.12817908156923546,0.05461731570602559,0.006987046528375493,0.0031051495971236853,0.022877403712023306,0.060128183280056535
0.11363710737401098,0.17988559347031707,0.013112410729032999,0.03341260192547691,0.2108699161327434,0.10885012773670114,0.07619129279618045,0.3208211594197885,0.10720311043669631,0.0053956639147348245
0.10387075026339576,0.2515736085380104,-0.06298478295835423,0.014341158214486172,0.1432307508388499,-0.036344137455662895,0.06468127299774906,0.01475534638714654,0.05050749726365302,-0.06905938101779283
-0.034872955536687886,0.13583751726813312,0.05136771386691386,0.014139025187776114,-0.05866032245230232,0.09114991722857983,0.13605993736440647,0.12675728981572687,0.17715738259164854,0.22999751387658413
0.2532932323730357,0.01306473834812899,0.20621960313629772,0.267151409384093,0.02788510282062774,0.2534109335978026,0.10776576107583796,0.3175234906618766,0.15557534736013462,0.045297920404514976
0.20093605359669492,0.07601459200726512,0.08849903334194784,0.06659940379166704,0.02563158174322166,0.10414808030961117,0.2008913595308452,0.14604863525660589,0.08533861934356138,0.10812787890081207
0.17723149284725248,0.05745247726153796,0.09940908262390448,0.22608872060847937,0.11130931382374631,0.040936525984380176,0.06446815518684529,0.23346921899368073,0.20379858260524206,0.2936121685334014
0.21341675199204396,-0.10249927047513435,-0.012712123975137296,0.11328877939213829,0.021615273725848205,0.14920901272954096,-0.0135646302589877,0.2927311246784511,-0.03554173516457822,0.1391170784118625
0.1450459019522006,0.15091736015060908,0.1250570900625904,0.152678857788911,0.2473525038971941,-0.09248434374086298,0.12238000108404937,0.14489481616888872,0.00709568091438962,0.28273747037327673
0.1232387543199863,0.0937886123298122,0.23019222607936393,0.09220516996973835,0.13279711903219665,0.2002489054286542,0.08399776013779872,0.18927940960318507,0.017496735164614474,0.23649257707735846
0.2457424554252628,0.20360662026431448,-0.020614639850454725,0.1042397961691289,0.1616209987878246,0.18633684452383134,0.09323959069369687,0.12574293866795042,0.005639585554448309,0.05317857069559451
0.0018961239697776466,-0.07656085402256382,-0.10600360206895207,0.046194028045174335,0.1524268412695423,0.16219332101749284,0.23853796738541896,-0.0355132912667592,0.05642447237478215,0.03125234874634193
0.12761684796660255,0.0903341750336748,0.1264825459956172,0.11088228429756478,0.24883829374996042,0.19051090733624346,0.15798354021620353,0.07643912173713317,-0.08702829276026743,0.20853956841109716
0.07099283204942823,0.06826415438639087,0.11396495362800359,0.15693058142238087,0.18043703829046268,0.16329446637614406,0.21235964354413028,0.14776542237017765,0.0014965210181683286,0.15355627347504147
0.3123397988836134,-0.059689883942757926,0.05154923808418662,-0.1295267590076947,0.04545200814803528,-0.06832853830849599,0.08263672613646547,-0.04753208820315426,0.02765182252203887,0.27509101548907516
0.027063917771111237,0.21929046157279664,0.046130937607457276,-0.008156892532293805,0.24771662425759614,0.1577914311822885,0.1793176005164707,0.131355296369691,-0.02794906944381502,0.13517763183117873
0.15589431553813804,0.11127004879716007,-0.009654544281304064,0.09444782506734839,0.03233109231069231,0.16294009115032837,0.12893887579761285,0.0464976689574985,0.0525290383351952,0.3519818388846521
0.06464424148107145,0.12141638457171755,0.19358566516270603,0.07888116412815138,0.09000989215400924,0.1423849750146504,-0.0004418833811539735,0.13596982612447078,0.11576438972095282,-0.023006398416514473
0.19056592098554617,0.23173942002258047,0.03695795922515037,0.15100074386485218,0.13297645048944726,-0.05946440500555218,0.05468854326815778,-0.004897558290648418,0.09904951680884028,0.2403336189241215
0.00022182400127575275,0.32242649161959747,-0.07137721715206496,0.10541332525171702,0.08621249684922286,0.10689911581270584,0.0663504663524564,0.19311936859523515,-0.1260969901750456,0.05498327773117317
0.2527188487375693,0.017154846215644934,0.030690180151900046,0.1242352215520864,0.09606431352842822,0.04382617112851514,0.019913715860985018,0.32179732473874695,0.12625291555221524,0.029870778586400484
-0.014459292157951234,-0.04072555380389739,0.42278998701056186,0.15426005727412154,0.09192103420528469,0.06268194412136616,-0.09143970249520629,0.1067489946493289,-0.04638115638392966,0.03205018884170184
0.04877449070262648,0.27111784767652425,0.1981966920497926,0.03307286390959052,0.19091431560705804,-0.03384698556590608,0.150984866500614,-0.08850751311168611,-0.0877710786774625,0.1922986665156433
0.09093227165685883,0.039847979735195244,0.1864535332544745,-0.06947367609798037,-0.0034360296311749527,0.03216701265284295,0.21686218800338097,0.15139484091643202,0.19345027913102203,-0.1435059865656547
0.15770260901364586,0.0999387278118142,0.08279182819364289,0.027008051971234827,0.20883435289358449,0.04252251571144332,0.2854358653656114,-0.018254587582930026,0.0872627088564693,-0.012120482511368484
-0.0303767613422974,0.06890765413260447,0.15339066744550012,-0.015440223457754972,0.17001004567724268,-0.020488329975362915,0.2753591079268552,-0.010469976794258352,0.28597894564912985,-0.0470645357539946
0.17694611679212882,0.04309137802800897,0.01612844777619174,0.1486964467222624,0.16638343803501654,0.02887974014626124,0.2642301816592145,-0.022317918655553548,0.04543554976614693,0.14669089063746812
0.15386238227746593,0.10152012018890252,0.08202028337844539,-0.04258104661464786,0.14145861197554999,-0.03074818698085363,0.43696974284181433,0.02544248122461641,-0.001639758348896625,0.02672193711968341
0.08499372184191284,0.066804127795761,0.17659640152464837,0.233961818377172,0.07077985230754658,0.1270212159022983,0.13050162560485895,0.097959807930244,-0.08166945192987407,0.06622384116940132
-0.08229007652817877,-0.08309700622596138,0.06532741133835544,0.06494549040141703,0.02181584843593673,0.24278710609523746,0.16199235817517338,0.03037030904656162,0.20545820114134605,-0.035909978716872806
0.23892877536576612,-0.02045114055523123,0.19940664378966894,-0.008361047345698293,0.20543139538202587,-0.06419696013136272,0.18545022290232524,-0.037747108237546345,0.12151455918519775,0.23641199141092556
-0.09759180777929372,0.21085126520960634,-0.02695962901951135,0.3837845706018583,-0.005719804237405257,-0.05314096519931118,0.19564460911023968,0.09060320646459724,-0.027296534130074837,0.22722449571677686
-0.09839487345725674,-0.03839976259046199,0.29139685404440485,0.361239642505542,0.08858438950874517,0.00772346105169501,0.15449835106501975,-0.1324956906848436,0.12566804284244568,0.1579285257178188
-0.06206037289615238,-0.05457285149144794,0.01441480400615737,0.4918580850480932,0.10763969605314169,0.19657680863274374,-0.03012075958872233,0.07840458198500813,0.022240933984960368,0.04113983479510247
0.2157079100415827,0.09592613951024875,0.11336364809800295,0.12026814434158531,0.06155870291191642,0.10597749340803908,0.07380038284102575,0.13625721444469124,0.059443066442433475,-0.07217715223186924
-0.0518729767983314,0.07243473769222013,0.1721973559639723,0.1058494346181351,0.01591783893425596,0.06825990275045424,0.1806804562391191,0.0918872262821214,0.2023874400178613,0.15560655190037173
0.007870627338491157,0.15894974583744792,0.06758972595439539,0.11065217247579869,0.24448494433104004,0.1358001004080056,-0.03420159944322741,0.004811774175388903,0.13723788066286535,0.07349303772338367
0.1583681493178895,0.06780466408922611,0.03222113594789025,0.2903311787982369,-0.010855574589631142,0.0702239241634732,0.1004546293669975,0.10264210095171483,-0.005483857327858596,0.05332769967967972
0.18068785577246677,0.03773551720807668,0.021942432774147577,0.17522776682652136,0.12860559668221594,0.0897571688991046,0.1644893946750104,0.09902389312133683,-0.08295575159184002,-0.06571302340838998
0.003137260898227523,-0.08960838768584639,0.12616270771001137,-0.10505280882360046,-0.00747037744495134,0.07487610362266094,0.1058530672125366,-0.007196117937992547,0.1321745323611533,0.3522111121106889
0.08752873396286097,0.15811152859570493,-0.1972344987302615,0.003552122592933707,0.04114461225389441,-0.1370030782535711,-0.06361022121500748,-0.07252476363188128,0.11938706354895791,0.10312467905401188
-0.07610961267210055,-0.14445939557624732,0.041371284872684155,0.11961786751496506,0.08858156491781667,0.0862821977084354,0.09045743133528415,0.08713293691569952,0.15681537706921775,0.008972467933264318
-0.2800050213400204,-0.01856113099782735,-0.07638075803262712,0.13872526227370466,0.027360679652962874,0.0776532907888095,-0.092863839900605,-0.060080486035477096,0.09792987196546982,0.09361624192832366
-0.06458784433111978,-0.06863713131822166,0.12176155213807768,0.20348804131647297,0.12948952197840707,0.013547205657107236,0.11493689920407225,0.08294454117892061,0.10415935141253674,0.15129802416823787
0.06133441375896529,0.18681405588241246,-0.08949036939768516,0.08337021703869177,-0.02117389952550975,0.06196095278482491,0.02453506549581471,0.12742677955602094,0.03638705427055655,-0.09268434551156726
0.2833322846949791,0.020066386275102866,0.04028365491002431,0.09056659393677025,-0.10395248621733943,-0.1363547433300947,0.06442362592970347,0.00013751964005837003,-0.0032320994478467896,-0.04856448623936586
0.1637332231155543,0.08547850772199242,0.12636937532499484,0.23814036674586941,0.1030027895390627,0.059324771929003144,0.007742883897504126,0.26037304604713557,0.010875593815504923,0.20328418974875406
-0.043753845463380986,-0.026133507342107537,0.16479793418379998,-0.10571720057469627,0.023943121791808623,0.06367070570010551,0.14171566607085703,0.19678988441589645,0.09514710062360462,0.07254037569806791
0.23085113587561645,0.03322128661725872,0.2527573163399007,0.12699813723805659,0.06075694722858777,0.014193433276971592,0.0338215327616312,-0.19915761938913817,0.16249394369715775,0.13921211416918416
0.2103594877288259,0.0389297533583435,0.1859906115521025,-0.012334940661544863,0.01971545076733877,0.16946741630535933,-0.03986442230865221,-0.06509394699468081,0.1805189614013167,0.22457453751253909
-0.051860612465017844,0.08974534700750675,0.14836390736743868,0.07781661888341122,-0.03599504351227435,0.11321840394332364,0.11461243810131588,-0.016799653317704836,0.22315526749428866,-0.024968518921329452
-0.021625261186465572,0.05855155494868697,0.005400656361597603,0.15734090301961867,0.114489100653893,0.05148166434627179,0.03482880049691695,0.07275090344077137,-0.066862703893734,0.08229693816197077
0.017107331129871433,0.022577656707100692,-0.018959345261818833,0.013409883819123114,0.02010113067186264,0.18640510400627833,-0.0374183269032777,-0.016701279613119527,0.0678634473268286,-0.08073025082878763
-0.02734667034475949,0.10341002666493088,0.2059679348300994,0.04197010836881643,0.0020440010899749426,0.06735549138450635,-0.07192405815400535,-0.15519194508702855,-0.09855120151646263,0.0644114536488369
0.041647764961370334,-0.0180800444262198,0.14088640611736364,-0.014845327887776077,0.06385661029000211,0.17059897732112322,0.07380213462818243,0.009422149458292253,0.18221902452871053,0.04504909776565591
0.05068677443400962,0.11938869833990667,0.09522748760682198,-0.030309624417772185,0.06382007486215005,-0.004972274350128585,0.22500259567480177,-0.13152540999240267,-0.026234433685897257,-0.1193928639143375
0.021158292024487584,0.0003408446302857887,-0.0013094868515209634,-0.013721886118014882,-0.02833896624298026,0.11037227672366337,0.1352167378666841,-0.1306815991060944,0.07574227783249779,-0.10705946244899059
0.03266047094415025,0.11968930771212055,0.005268341290981457,-0.06862719525380817,0.04143258148605766,0.04585225122500799,0.13271086676141117,0.1372708900107805,0.027163917182852902,-0.10384238873959248
-0.04583695036810336,-0.09795464376726012,-0.015695687876721563,0.05543757835941687,0.34014378679846585,0.09231896110505174,-0.04587446995144301,0.13335350219359762,-0.04884054165367807,-0.08719066644522246
0.041216411070450105,0.043696324989446825,-0.10564784466243657,-0.07707078698107694,-0.051886274787155524,0.052771603023465424,0.007012242841092184,0.13978581875627116,-0.14727109350638062,-0.08883570669797564
-0.1938462345296459,-0.04096705199769871,-0.1233537677643704,-0.10825249590576408,0.06481290439348653,0.10320572572675717,0.011697577313343935,0.036297800022577736,0.10066701459368756,0.012138479423539386
-0.0445376076705873,-0.010699407270160124,-0.1526279893484171,-0.07343070194811907,-0.03958341445841709,-0.0452005155991958,-0.06194970706059545,-0.01208184148493105,-0.18931458111359972,-0.12765562376504308
0.12266997939859524,-0.19954302870826335,-0.1479966414473879,0.028013577556496555,0.026289865219699164,-0.0846725678834083,0.16490968992660648,0.04170359842370852,0.08870557997775885,0.05386288318473502
0.18956322802787334,-0.09866031938013457,0.022082433910254134,-0.02262884459530527,-0.02150306551414933,-0.06558625821942661,0.016526695022211987,-0.23459248783168307,0.006000190202504571,0.12352185420063685
0.20855315375885627,-0.08911172023054051,0.021465374781697924,-0.038207903692781986,0.3284224273143975,-0.00103227159777345,0.09559395412407762,-0.08666941330185367,0.05340060142648578,0.17310638764317798
-0.007794722183247964,0.05901986947209035,-0.023544689457089894,0.042522357678935786,0.1503112890829195,-0.04851086830381009,0.08414673507700096,-0.12648798456468688,-0.008046141865349235,0.09417295759561978
-0.1337935002984799,0.10023286589466983,0.16947672828719534,0.06544171535456204,0.17017737333235156,0.02018084493666463,0.2630687582301447,-0.2454641217234289,0.1133212165465841,-0.2106497991841638
-0.23395470834923282,0.06746580564251212,0.0007599151084322804,-0.09589728705467625,0.2110845746600921,0.12720632984688793,0.18764992473396783,-0.028647558823262472,0.04942614232036068,-0.05134906472574702
-0.05724625945820201,0.15867198560654544,-0.05317318170749848,0.049969713569689427,0.042354432749510035,0.19475716659987052,-0.09437637112277819,0.0205339812117456,0.10982565794912175,-0.00941972781467934
0.12629370382070693,0.00924245204575437,0.165864762675184,0.036862897851072884,0.0004195328139188423,0.11967239983550926,-0.0029542595412592604,0.03424223848328127,0.13673392606793552,-0.19719709040829958
-0.04360929699927773,-0.11553510230010058,0.04779564736692998,0.006237572596451639,0.01821818979496794,-0.03989250715213688,-0.00848961688370893,0.026569142940087352,0.03211906775081695,-0.18815353659016337
0.1356681358565805,0.10051380934080043,0.3346264829670576,-0.016485127862069897,-0.09781962892231616,-0.09001544573367573,-0.008542014836997503,-0.14465396900530336,-0.011438505866294003,-0.19780032201835784
-0.04171371960312975,0.09689651961051511,0.18574458581810743,0.0385998039367757,-0.13362445136257323,-0.09958645429291671,-0.1012791602706171,0.023986781264019097,0.019658384854320907,-0.046089100882679944
0.05007282417656113,-0.04885980694612682,0.07127955533864334,-0.1344806242094369,-0.08101355719274535,-0.026732767552447467,0.03048973824917553,0.2219624120139307,-0.019011907197717864,-0.012199994779799835
-0.10231184173853639,0.012025567181470562,0.1057412742266837,0.1395257916386042,-0.041239505666198495,-0.04251407844281868,-0.07288527793911219,-0.026627819121943418,0.1378424939511474,-0.01831836742022393
0.21545733076906753,-0.13964192411528797,0.3391456747889339,-0.09397843234913832,-0.10139475399534358,0.03779105795048041,0.054866070437509254,0.11077076408638509,0.036100350670521725,0.1127616478144079
-0.03474495295540458,0.11256247585128107,0.19257787468483298,0.0433423518770695,-0.03474883597570846,-0.06334162563763854,0.07978044998846082,0.21600239511969785,-0.09119441239624966,-0.08869421814490062
0.06733632960120277,0.10416837118323352,-0.019597427887653757,0.16986965019940384,-0.00615809219525901,0.09907871992688774,-0.23225192615245566,0.003530038445692406,0.09491298882801213,-0.0616228838247464
0.24066089928437334,-0.05003778564502884,0.07743487309513411,0.030776432260663115,0.01608168730054868,-0.01195855470286502,-0.06927150146837327,0.10051476721667985,-0.03527593374552217,0.050852940862264655
0.1450966162203623,0.1297306441197837,0.13439396793956382,0.12044176742635103,-0.2776252788185994,-0.03786384165761465,0.02824947331198989,0.08536844161536858,-0.0385058478688453,0.022434513199069764
0.02079552891260185,0.09157441975491351,0.059456665822260016,0.10940213439815077,0.07653344272207852,-0.015053542517393725,-0.020602363195185956,-0.20780969776664024,0.1371001158625159,0.07365641152262198
-0.02064509367007178,0.18423768446208305,0.0015459340142947309,0.015686042503138757,0.07544620590269012,0.1271015802546485,0.08411845571323004,-0.031061080207656903,0.17839302749791497,-0.17224867179128056
-0.006856197191802631,-0.017698294517676766,0.2354155067360371,-0.08298659285851005,-0.02259406689150674,-0.0681180491972195,0.019542119287926336,0.1296460695219035,0.02634018533634079,0.1811371528732361
0.06598769076155621,0.029866577141918028,0.07891208653840309,0.058406155141056355,-0.029219734186126067,0.0628313083721308,0.12836252442268975,0.02362345399611973,-0.01842053336039698,0.05304709256950925
0.010114943895378755,0.1259106896257083,-0.005837186708497928,0.17801090288640642,-0.07745158612269885,0.033363170907839836,-0.06905268448687497,0.06657074241998007,0.3532719230994149,-0.12482594896325176
-0.13958737575256386,0.07028597405511947,0.06117094867592,0.09854237954953751,0.2474821630117512,0.06141669368812507,0.07246610088695454,0.10885431106612106,-0.01078575619480817,0.1357454491973375
0.1534632354839587,0.005264934546664917,0.08167491769917143,0.07581670450096062,-0.08578270866614637,0.11157797621140295,0.07845825323134996,0.033952934739598664,0.2301665119956288,0.011952873660196185
0.016514454236000516,0.07855309251003478,-0.18325669145385381,-0.08121977918474352,-0.015966271777216955,0.1506400319697046,-0.017155388902740334,0.18891781213935457,0.05779039233219767,-0.06936167494143275
0.06773564151852939,-0.07956336177789226,0.034676022327761576,0.05758023996909207,-0.02919397063854754,-0.027108970691293706,0.09442781658507907,0.05286242504090249,-0.12171038379315488,-0.14152745989647703
0.23364822117584363,-0.042348726332871,-0.18450542192365316,0.1463550188813069,-0.07810925518711484,0.03451750797298715,0.13254782784544092,0.326533328473885,-0.04055666720816793,-0.02419235531485492
0.0938019434728552,-0.1391190275523148,-0.01943826064308412,-0.05672505912904924,0.013222119410810546,-0.07395618507854154,-0.05643338707019845,0.14275859143622882,0.04539692694889936,0.17644271972663345
0.061302933878528726,0.029707212233205365,0.009092835094756906,-0.0018164733850686756,-0.07190962314649088,-0.034295377411761196,-0.09005923869324477,-0.1751573309609261,-0.20770189860329374,0.05663603425423856
-0.10648522336967829,0.04863011744132963,-0.17536548346727232,0.03821737927879415,-0.043172449490148535,0.012046685449115309,0.0022587513519855933,-0.053327110858819464,-0.06286928504858194,0.09836422621828603
-0.08327973570082313,-0.12572015762591848,-0.1533861772418614,0.04355045573284472,-0.16623888495459183,0.020577901061931504,-0.2166252994362448,0.09805655755541691,-0.21137696876566936,-0.11919885753866268
-0.19749116581201248,0.04382099884792873,-0.01091077234472837,-0.01200639971544001,-0.043980735325550094,-0.06442274342000306,-0.09291014389364975,-0.012186127609061147,0.1043103320774107,0.09975358068100494
-0.040101734886288924,-0.003932753352015608,-0.136883561511731,-0.000829894289851922,0.004078144865669153,0.0006382664820040601,-0.012831841935234997,-0.06759680971362858,0.11027936107414006,0.07081673524701101
-0.07806969597307475,-0.13270211086710254,0.017162523864998322,0.16076552569208272,-0.04274975223092117,-0.1213902958066367,-0.14630647044058162,0.006838550823072588,-0.10057488092698634,-0.1086294232123227
-0.08988689155447835,-0.04677257895901808,0.06421700137408756,0.03140339133571195,0.06522593052956485,0.05150720817813721,-0.2065007420923171,-0.1311299040581961,0.019376926434303145,0.0838770417621893
0.06648490800564696,-0.02544756415790674,-0.0770112885177621,0.20144382710508266,-0.19809236702101723,-0.09636092865567789,-0.017733893767997395,0.010699095460379823,-0.07243944407965595,-0.1403369205860912
-0.06300948148464813,-0.14187096608957872,-0.08434567984259445,-0.05254792361270262,0.05070300072118697,0.013929976678217063,-0.06223531544689492,-0.032975571373018736,-0.009122476559395964,0.0851498652486955
-0.08125131108107293,-0.11914241585620708,-0.0057031404478430775,-0.11255438457789303,0.010287646914250076,-0.09129290362210823,-0.062386104722828566,0.14436366465539718,-0.09778200654493956,0.0018096218563207651
-0.022761975278289267,-0.07752293743137151,0.043374925897098064,-0.034482266117476165,0.1227745063521837,-0.24389953823421345,-0.045894544759595965,-0.0993100287181557,-0.08912236377116492,-0.03329773023930098
0.011353581052669336,0.020273851224119545,-0.18571687547580584,-0.11754532985617804,-0.09869902123804859,-0.05336350596944321,-0.028080443621759422,-0.045870191442139614,-0.15352805582621332,0.07971777445408441
-0.1533922877297182,-0.18082155629357707,-0.08502957365408446,0.11654966819198767,0.008598386125330676,-0.13122968422365225,-0.028068985723940103,-0.06778850283547001,-0.024904233107378326,0.173407506604935
-0.1830512584717413,-0.032560737591285,0.025278190468288317,0.11085932844668357,-0.054225477818626314,-0.11281596917570433,0.014796634549233488,-0.17600923257793533,-0.021377947914341625,-0.0682224812323533
-0.058273167917300174,0.005940762862453805,0.14333632067241492,0.041456155811720345,-0.19059929271216774,-0.3207054201806807,-0.024291771422201895,-0.13607643759599103,-0.028934126095684548,-0.004935111795166355
-0.0534428740526028,-0.053536616411744384,-0.004257804610726709,-0.05042528995416584,-0.07358366245463978,-0.29229886562777085,-0.10380530982105714,-0.14188941018124437,-0.07132861150447636,-0.055915080821479377
-0.22001035278388847,-0.023250864807402884,0.019687724154445727,0.02827321566541781,-0.12507685637984914,-0.024303407586062017,-0.2794509667639814,-0.17800235625012542,-0.07948101448682993,-0.11963403162298313
-0.0064358641908237035,-0.038916033343566414,-0.05626415383775919,-0.09781536416340095,-0.03475211972121671,0.009046682049539248,-0.18852947767900757,-0.1756763267917112,0.006547218953613793,-0.07603522150220228
-0.2096762437903156,-0.1077338578406822,-0.1579161551646847,-0.02414829810609866,-0.16370066375821135,0.09880167761695605,-0.1854123836086873,-0.10834160165486774,-0.08900740318618927,-0.09030418659887507
0.11780342512318842,0.08054062495290445,-0.015391036615315767,0.10543903060442622,-0.1466346197793387,-0.1505790904160373,-0.21551093152479572,0.08035922967325784,-0.15211649233470836,-0.117756831488098
-0.0706078661183113,0.17207913730969515,0.027187315142624964,-0.1744953297860087,-0.2274588279996847,-0.03751426460184294,-0.03311742824032507,0.009796442402825484,-0.14114008454919033,0.08429395794898614
0.007392006206351522,-0.01929924916190247,-0.010546711758859632,-0.04329656127447919,-0.050996437451082066,-0.017910857739916998,-0.2518281770298178,-0.050866372815081475,-0.006177340139975923,-0.1590387769355882
-0.002361951546233091,0.061318795594497016,0.06517627198263512,-0.07731946730385614,-0.039759430833191216,-0.11629537012266328,-0.06937302542586486,-0.14864881535404165,-0.23599300339467924,-0.047754035474196314
-0.03144169850665512,-0.15056372420361075,-0.04167446071347794,-0.22037720939261252,-0.16043243323835543,-0.034525585967409705,-0.09342634434345443,-0.11508619791910234,-0.08738959430369377,0.011848805992470193
-0.027526516334800757,-0.08001972540397927,-0.00017118875568469978,-0.05574037979047347,0.0036485868993014064,-0.050664313564735185,0.015439060523606343,-0.29964991435584626,-0.10613989374867923,0.058356831863255514
-0.01561586041959219,-0.07251898997146544,0.1415236517742696,-0.22926846475658622,-0.12131466339177495,-0.07211115277408975,-0.1997692609055843,-0.010483266875656608,-0.05740543763195194,0.010197315067005809
0.0036138635182554335,0.022122793062634347,0.02727953436591179,0.026494877429350583,0.0709661521001635,-0.13028741321952853,-0.01711861284355945,0.01241674087625054,-0.02705055940311353,-0.14430475126640688
0.041195723894644286,-0.006646966819164177,-0.020156142837552203,0.022977704007610213,0.017136148465766436,-0.1000750128801679,0.05427680397243975,-0.0265539654510418,-0.02248706572282457,-0.08721978817098264
-0.17801686902130903,-0.017132951313201656,-0.03512927537863843,-0.053431343614304905,-0.04184340941561519,-0.05971000637406067,0.3087146630581264,-0.05721497235140442,0.008279968902467412,-0.07772011736812551
-0.07446947967891962,0.05023710371508275,-0.003947142806613074,0.0015549356309476695,-0.027717589628305145,-0.04976967735022648,0.14005659470321297,-0.15446060604906658,-0.02053373883721256,-0.04596878389379702
-0.14819312837145665,-0.1249122172594522,0.12100784169297557,0.007892025428010246,0.1311642272588075,0.012605684402391178,-0.041862561765644894,-0.08251376888259337,-0.02114594481788499,0.2130432277873726
-0.031191925372051274,0.05418001345599238,-0.19832394111076193,-0.020299583408232638,0.049681448462262225,0.15102994515381005,0.1681114809785961,-0.023313169736658687,0.04813604291491052,-0.09353328204634496
0.13721855746684647,-0.08309652390793298,-0.052604699466371946,0.045299185597938094,0.004882748670021003,0.04242836779520455,0.008117557660002502,0.01260447826809269,0.020288743849110894,-0.19654534683738467
0.05516396929808557,0.1041394174478095,-0.022730009841814773,-0.06299246468974168,0.07059795824107798,-0.0016101382643654988,0.04051986980032068,-0.036142108167992515,-0.012283054774919791,-0.05165852701628321
0.11556444596475532,-0.030423605790843574,0.05805639919922745,-0.00371594669999966,0.11721380600617734,-0.007309614503324707,-0.07633927871060588,-0.05427228593628445,0.16885627075652446,0.02528157305272547
-0.07351233046805175,0.07820073618671475,0.0028880041542148523,0.011514392097637589,0.06012315129044582,0.11058457371566656,-0.2869721575716857,0.045838281471917985,0.2560089952279098,0.1121005238724939
-0.00015052715575753113,0.14401436883402938,0.06704101503257086,0.2233570417652765,0.10454500660003727,-0.07646509398357787,0.18092401293164267,0.06983109075287011,0.08405202964110256,-0.024568463921200923
-0.005651764942632843,0.04263775452548314,0.05991065481450031,0.2205083930927968,-0.035647717136535785,-0.13131157532214777,0.06366426787320895,0.13976012238372343,-0.01822635294591965,-0.03069115525622285
-0.175129382495443,0.08686722749812745,-0.05136534468670692,0.13546199630672318,0.00615750533476035,-0.07918499557964831,0.12121892998518656,-0.1405719582584672,0.015057912741068873,0.0256425669165253
0.04865020063256588,0.0818759101824036,-0.00646350852875353,0.04909812636645966,-0.1175310612119799,0.11555994979390662,0.00026063652885245647,0.1571244085328721,0.022399855730503182,0.05983532393548891
-0.1127785277724189,-0.16376874350272008,-0.046989855522545185,-0.056398499982790826,-0.028965279809121253,0.03949769144597495,0.03660860102269968,-0.037247362288098496,0.1167722229147872,0.025271457788414123
-0.08239636652830845,0.05641610253146809,-0.051085319834879406,0.15132480124353367,-0.004189700962660112,0.02310677072414601,0.12662204502323268,0.10012170357354432,0.0793074148262721,-0.23918283529178386
0.07269280710090412,0.0007458239563611843,0.019532169656892903,-0.021025289126861902,0.12687118025949945,-0.07063171333392473,0.06415563999424286,-0.11622220389437743,-0.05644197009904858,0.020211884327426512
0.02110784224964235,-0.012502901571283247,-0.2624859675181866,0.042423878068244894,-0.0016542556014487592,0.06999114584241385,-0.21439151567636794,-0.017587958914042787,0.11651390825510402,-0.033317497053367146
-0.010344471953996686,-0.13847346296572366,-0.06721692507184249,0.08153249867041054,-0.040678376904718996,-0.01074629395416995,0.07847350871794076,-0.08686665948530514,0.0338052211631297,0.04053150202159611
0.009304650161257455,-0.05918200916031984,-0.07154839717000716,0.0010082515885977555,0.10531947403388675,-0.015616298237126444,0.07405454798794701,-0.07987540162194554,0.039873767389732806,0.11374646356079597
-0.03332536608838739,0.14019181001638636,0.06956760217302622,0.10225110819143604,-0.04516377973582565,-0.07644972359301938,0.06720499033435234,0.011688776797227504,-0.02874688699484871,-0.05929061257014715
-0.12912241195429702,0.03792509805599954,-0.2938681176781996,0.07715877610643178,-0.01813535837139191,0.10644064676334912,-0.04005598722310602,0.0730659841794266,0.1240751923819294,-0.06377051996371351
-0.1655492157425954,0.03841945344680974,-0.08083913493867984,0.15994092283159964,0.0006020138281277458,-0.052520743826576996,-0.012298353659123268,0.10966737082049968,0.33704461323414936,-0.1066920181837944
-0.1789306052218587,-0.07379527408958725,0.13588102731586396,0.06772795654686259,0.08082114480018684,0.0026511707314820186,-0.07443957959625838,0.018999825994295273,-0.037691109444296614,-0.03538617012205295
-0.12476705618279835,-0.09486401578644055,-0.13619044691280002,0.14454266408440725,0.06673436156530924,-0.05528163047934384,-0.08259451705457516,-0.058923649896089836,0.15515022517647933,-0.04967144349676436
-0.02236000753332817,0.04821534022798714,-0.07292396356130489,0.039284684780242024,0.06898449799495912,0.06508982498651458,-0.0003065702767175993,-0.08460882229158814,0.09198891559941239,-0.11247037721604296
-0.08077106466321216,-0.03597482886355023,-0.09352657297624517,0.04146821013589201,-0.1759581954315861,-0.0750968438755396,-0.10447781898766807,-0.015524277144469327,0.09504263038454101,0.046770093760393164
0.004721902120185195,-0.09265181121277638,-0.16333407631534397,0.03976052844488255,-0.04485245531477469,-0.0678107205276843,0.13661118712663411,-0.054809020470045225,0.16920821010651474,-0.0174155662243946
-0.029869788357992418,-0.12801176190165658,-0.00443383474958213,-0.016298627535389222,0.03414811806361743,0.011102484512517894,-0.10590324188962386,-0.02986323735353547,-0.029590725305448047,-0.3239192906065265
0.036278852847040355,-0.20099469268453496,-0.164034734347974,0.07963725807149313,0.11494041621687526,-0.21490072574514696,0.0668623413290564,-0.07339887903353493,0.031782804849948526,-0.06119730509648216
0.07454472410870688,-0.0718414488573658,-0.0781305450879711,-0.006174602339648253,-0.1318888685755782,-0.09077910933304609,0.017900841283147603,-0.08168911145203,-0.08013870447783349,-0.12481553260947492
-0.16924366399733737,-0.03029165998103895,-0.042889211134721335,-0.1021158924523494,0.025055282352357815,-0.01714031597314694,0.06809299363808097,-0.08794696661473035,0.06293684852348107,-0.02759079909249297
-0.039757471484820894,-0.1472491618743882,-0.1579220683543101,-0.08770337755460075,0.040793188479675474,-0.13561165561214703,0.15995709934874508,-0.129066305906677,0.1167763358339212,-0.012995515339337536
-0.0644773867472164,0.04142461830911763,0.016362602901861506,-0.0759358179931783,-0.017551777610597955,-0.07079566281786012,-0.0725741387635055,-0.21434100436986736,0.02718829284333229,-0.22980612321872057
0.048190987487109524,-0.20470565674010488,-0.01928169387913843,0.048426690414203756,0.017423343791996657,0.1693224064023152,0.05236067949121991,-0.07274250224266646,-0.032936226000189354,-0.007000592878403281
0.03821299128777647,0.15098219822311987,-0.19394066135643323,-0.14303660634595758,0.17919702208646424,-0.20885677536556743,-0.10112828196324536,-0.18163602079171148,-0.11707605852813101,-0.12529112731121483
-0.057684674769109094,-0.0048305809430857286,0.04330131226153212,-0.15872778278138922,0.052054577285143525,-0.07748084319613441,-0.09655395177862611,-0.01618009901812261,-0.03643894516373368,-0.0262394088062936
0.11117875257289977,-0.01709013355282704,0.02837787786427778,-0.15053126362559874,0.03610011273053804,-0.015951134900921215,-0.0014686681184408962,0.008396008063424172,-0.12712077125332794,0.10765304355768929
-0.058914728031530736,-0.1273166310567651,-0.03819848540665287,0.08036923869180246,0.11594381785372584,0.06380341603002354,-0.15251044276439804,-0.015535160632516663,-0.03282252027321267,0.024059961312890954
-0.08572166083234553,-0.12621869193019447,0.06388199860939944,-0.017103494710688817,-0.10535558315883264,-0.0978843933619051,-0.06288258538187891,-0.02738452189401044,-0.1780693270581548,-0.11110014265292338
0.03196350727992957,0.16554214138478948,-0.0764059888271181,-0.20499754132717143,0.04663162984845441,-0.0008962803943368333,-0.2053328510793431,0.027880963522171356,0.01974599749348821,0.02813094500041141
0.13980698134845887,-0.037570615740616584,-0.01074363357886128,0.05859922608057174,0.023080883977250437,-0.018212406257269692,-0.1109828484656805,-0.12145928232003186,-0.026012312250218404,-0.03478899370482019
-0.007720205108352994,-0.17890209998236367,-0.2301710101264712,-0.16875565094966075,-0.14495115601026792,-0.04471945855203065,0.24163408749347923,0.015194153384558817,-0.06851028510806208,0.13884293465558342
0.2185873196596925,-0.015493410107316311,-0.008179919924064838,0.04722392028284101,0.00810146339971287,-0.013176894695126434,0.04477256867262088,0.03073964231188213,-0.026480821586365957,0.02960012552579365
0.1621762268883353,-0.16249288935253944,-0.153641201727824,-0.09576826724536923,0.13044367631001724,0.05181633261343701,0.07541779370229337,0.09638377647117718,0.02109845301777436,0.27248151794138686
0.04979482266674821,-0.09625572603212154,-0.034872227303785544,0.031597396483672734,0.03767174833827918,-0.1991378091280549,-0.06386415889725479,0.01738200315768977,-0.027940302966729298,0.15030581884136607
0.015501905893599684,-0.013038920290332427,-0.11999892688006948,0.1820773767741044,0.027400916802557074,0.08967312838048401,-0.04876972899860217,0.08075113000928906,-0.012273579343599439,-0.014478316145381878
-0.1122365308732923,0.014537295582176445,-0.0024982319472637154,0.017140796452121403,-0.017609715189313577,-0.08519165384646417,0.05149410033914338,-0.1576314782994536,0.03210404996526442,0.1286834574177596
-0.20113182405175434,-0.013410246018375854,-0.033862330013305394,-0.008005859023886196,-0.07205267770211073,0.031691994303499706,-0.07203205233167402,0.02833033631619033,0.0037372659271635994,0.10473734581738481
-0.08701805880302638,-0.2667656303087608,0.025701547589827442,0.08912058081258237,-0.07334172224690266,0.08882155195877714,0.1520882863142357,0.04466142358567593,0.09148619884358829,-0.08201281951531567
0.08476371560637094,0.01996699291426969,-0.08191287110825464,0.0272000102911509,-0.05040829414856455,-0.14889054089069093,0.03958525376852541,0.12072897237168695,-0.01265503567517685,-0.08713124445405089
-0.07619881244672186,-0.00946801195805863,-0.21801541366058008,0.1157484968294264,-0.05442207059784301,-0.076613939578599,-0.004382301170881245,-0.021241930233297034,0.044777412296581345,0.21033251169228287
0.025114792950487984,-0.20917332960924845,-0.22902284644160148,-0.010612499203888154,-0.005840983600863009,-0.1093093947554708,-0.014457478025515254,0.033910560016003635,-0.1071617770028362,0.18080608981633142
0.006088778681998069,0.04738593728979798,-0.17245535053012445,-0.04046636935301981,0.11532741595492467,-0.15678660366171757,-0.028177438838895286,-0.16997750639145673,0.11886202713440658,0.07242601669184184
0.04411787294859745,0.03608687249605956,-0.01300913104131203,0.09092928267784979,-0.13098741772656383,0.09000550399054316,0.03863172015553981,-0.07984746065498424,0.005983708007991497,-0.06839200617494423
-0.09621686196543258,-0.16382658115476323,0.04086722272888296,-0.07439526434855534,0.03931493794412571,-0.24190895037544546,0.021745369580740675,0.125657477624209,0.17198733473049796,-0.032819550829178604
-0.02962667836346625,-0.09400132351554068,-0.10952472772378569,0.06434404934601547,-0.07098327891546383,0.11294894298348475,0.19927937229881743,0.11893231812086397,0.0339932901504737,-0.14278455586582306
-0.026304697666236637,0.08832358286018974,-0.12487921409530037,0.03946580442364711,0.1614213885919313,0.12280851623873551,-0.07069922915990977,-0.09208640804823041,0.010422933142503012,0.056709778111562914
0.07852379290112413,-0.014286709222544547,0.07547403232100725,-0.03552607590108353,-0.005305116376888873,-0.15929698807023232,0.02093623431748782,-0.03390438419453713,0.1418913689254644,-0.09374742879678918
-0.03305308028362939,-0.2956258839081834,-0.0076168676239805715,0.05404927618491964,-0.02326956665586031,-0.10652737902666473,-0.12070587306998429,-0.02524268152377433,-0.10428825547410096,-0.042870845669812266
0.046714851083139095,0.10253420209129355,-0.18487927685131597,-0.03123268238894226,0.05216634185114004,-0.1147551198678747,-0.1810465247211664,0.027186374076798546,-0.09881272258581737,0.04366392040853928
0.0655507042871408,0.07610134932413855,0.17995846440249555,-0.16246632512926998,-0.007902093632822335,-0.16982398763539175,0.11436767321089866,-0.038799799745888194,-0.19359422521037234,0.08197674055528123
0.14324048824616775,-0.055011860277876294,0.09409043861924038,-0.14743282422875975,0.08267449206395823,-0.10989741326469199,0.01287610762133138,-0.06844080778404366,-0.03740663757398087,-0.047741094956117294
-0.030802838523618106,-0.017820942566051365,0.04107979578531272,-0.019737819516758424,-0.12015666663927434,-0.098735698869776,0.009413521651865923,0.08522713660236485,0.007666768532984699,-0.13431282927521354
-0.014068259476559207,0.00518304745093566,-0.006907997828301614,-0.08712617938085047,-0.0661313230632738,-0.06060487795504034,-0.006518414693713214,-0.0025240274099787505,0.09062550337660402,-0.18320275388788995
-0.14032914053482543,0.04460345455814218,-0.1339151253920527,0.007371109670004261,-0.03813950292598117,-0.024740104105309614,-0.07821167669217956,-0.06736719892569679,0.11521386551769613,-0.0024638937946188932
-0.17601063800197786,-0.09556269840802865,0.13242611463120607,0.052822376334954096,-0.08581878097754447,-0.09244297985108947,-0.07028057635630999,-0.060580738065642,0.05793421218838765,0.07198294703132081
0.010672665968317147,-0.08832133191912636,-0.08930055436911002,0.05757488686681736,-0.060973195143696146,0.029536452975781828,0.041855943247858414,-0.07806895520934017,0.05283414575596578,0.005174030732036178
-0.014237521261623344,0.22771600037458312,-0.024173264455706563,0.09282223033720378,-0.041222852268345905,-0.10266775952572091,-0.09545048521594808,0.08127747017955694,-0.147283190389262,0.1631478233124724
0.09586898731907886,-0.006451178408411499,-0.07978360927621109,0.10618957167001622,0.10480098137401103,-0.06236878469116201,0.06971577265463988,-0.02571924979272349,-0.011108229256664508,0.22720013826913255
0.08430883350095354,0.0401118448418116,0.23017547113540682,0.061429985357153855,-0.019807902418224905,-0.0284907701429737,0.02942375136280351,0.16166524981667557,0.032187615351183876,-0.07203259479759645
-0.02942602948865479,-0.12228011669201544,-0.11412014817185451,-0.03391538414406802,0.04739430854648436,-0.010332962132602867,0.11184156761994604,0.006206561256608373,-0.07260718291656261,0.08419739715023877
0.09793520456923194,0.015519908896891343,0.08562065803391886,0.20186396283259578,-0.01933414573240251,0.1520362638223571,-0.04223309505865235,-0.19075275518994214,-0.08777036423049006,0.10064871607575676
-0.1282608008725315,-0.05368370487422922,0.17478430225842162,0.13268518727271494,-0.013613612546115098,-0.13351971331845117,-0.12786889753538383,-0.10418132347836806,0.052457488399721856,-0.1682405411498901
-0.017190124462157036,-0.04821231528872051,-0.04161707445652481,-0.0490950486711358,0.10796753888125751,0.06704298908128431,-0.08694743741711326,0.04292742411179574,-0.1548072327307033,0.050311578852435555
-0.16932350655939024,0.09830043567404226,0.05298764096826508,0.033843078687916237,-0.10723283225493857,-0.05204520587097755,-0.1619384455484635,-0.03717799115367949,0.16402024446083593,-0.0032147205361673092
0.08195372314812364,0.02088969892649269,-0.11673479677805743,0.03201585331335266,-0.07996465004931369,-0.013067794244739639,0.024621470816815275,0.14378022212081207,0.14332967203633143,-0.07508612775629067
0.16602823473870143,-0.07637088395169687,-0.019440301834636284,-0.05299587029401508,-0.044347304476830406,-0.011972514230538654,-0.06135956057540624,0.21094991155758497,0.1461425488645094,0.03970967361785012
-0.10954964148116858,0.06781796712854517,0.06707796133035866,-0.1834611067095548,-0.02799936427350241,0.05426652014661646,0.040810249291423704,-0.04774753561343613,0.13342186357103505,0.2473558811343976
-0.16135741970734724,0.0654527259660579,0.02552269302264945,0.07166582929057896,0.12924890168375855,0.06729144278282884,0.027999785328031455,-0.03007909066003691,0.08700961881038707,0.16022594391064698
0.050412813016418284,0.2948652646186223,0.026504794137779144,-0.1447493710360287,0.035102060732172244,-0.11666511476648589,0.14471878553634973,-0.03821137047054679,0.032555753125144256,-0.16166615981668803
-0.1737734272735881,-0.1224893549399117,0.15956206826136282,0.07903388763346803,0.08630378372603745,0.21504575910428217,0.19797881287167224,-0.06780186618460717,-0.12392094418582716,-0.007573176104366644
0.03802212882855327,0.11787121298008829,-0.07779490532533814,0.10733389657085281,0.04053422756515334,0.1521900712102856,0.09068552663586474,0.13531853923560577,0.07637019992966701,0.009116692741888366
-0.04489019314771418,0.11102736860142799,-0.034671120358001364,-0.011891911567412233,0.1539198086187324,0.15833479848542287,0.11495835167220113,-0.014725801943981931,0.18264033418720632,-0.026305949400863744
0.2479101162278207,0.01844732212647144,0.043003343708277394,-0.10745055618964522,0.02909854551495729,0.04630941451609453,-0.11198788970311786,0.05771100401342944,0.038510849110843376,0.06200361942420267
0.3978012741159895,0.2485735455695684,0.11292732529610586,-0.05324526720727326,0.1638675457441028,0.09191141460114821,0.11534266756431208,0.11462038729131985,-0.011266072716939121,0.027364226138878636
0.08591433385785094,0.02910702325802829,0.0716818932167125,0.020270386419989413,0.2924910049644201,0.03796725489960824,-0.11299921283753457,0.14387120985218,0.0888974258724897,0.16185749213417905
0.17483389862836973,-0.017059170358699666,0.017439818051169537,0.07755213796097407,0.23693517809277306,0.07918696896766819,0.2101816563804205,0.008365933218918889,-0.0863636530216344,0.3061463994769345
-0.11048811915861878,0.07952109145292166,0.055538564693355066,0.09082700230562193,0.1631613285451455,0.1172916312198328,0.01648114013258116,0.1360250233130614,-0.039785975854577,0.1625965445728696
0.03689936181860909,-0.1681023542756259,-0.03505965727244474,0.20049243575467257,0.01236111076364299,-0.009042044005077826,0.10903553350922883,0.06827159204492692,0.04440211222613309,0.06461294927961841
-0.07390936009147081,0.07591534386777467,0.06321811575394796,-0.006808900729738138,-0.07465421851623086,0.04915555092462487,0.029015012585917904,-0.23229193860623085,-0.20868554832104277,-0.03026547006893504
0.13834891307759994,0.03941382191176909,-0.006899374787911754,-0.10328152612022845,-0.013195996282971188,0.10036666905407243,-0.03907822478822281,0.10561918250382757,0.21246118014629584,0.014569177292888858
0.13520335699762173,-0.07846598076819991,0.012284183673207412,-0.16136380812436804,-0.022679762539462092,-0.03155355047905939,-0.16012015192518414,-0.08116300599248408,0.15290889104120864,0.044061754008325967
0.19286067096186899,0.16351432584608191,-0.04665804779161156,-0.08269176105475373,0.17381933218318354,0.08521820338882781,-0.17397512751008762,0.005214880279773064,0.07855919042763607,0.008549950753978547
0.20234171168083864,0.17698613312193778,-0.05966984086874268,-0.02473148088212513,0.10727281499531356,0.10470105249058119,0.25571086274365074,-0.008359732964355833,0.15929013782701962,0.013970790863505778
0.14344217473212573,0.16936422158045836,0.10473483582696902,0.12288470075602789,0.06831738950200654,0.1440052821166366,-0.04939520384786332,0.05032625338041413,0.10713620972422308,-0.08467122189701265
0.04373502276437296,0.18581781181522902,0.14607082872179497,0.0879769311843022,-0.02486975360440713,0.007238463343460552,0.17281633590762624,-0.11744035996767319,0.01039366022554905,-0.013327972181482156
0.08788379687127516,0.09346088150292921,-0.03258657254163047,-0.085445322473887,0.1740824659878872,0.06557425505500537,0.030743342609617016,0.07531653086031703,-0.02388619910202669,0.0971308333193005
-0.07376542367796171,0.030163651391234947,0.3120063888175588,-0.15240272330029103,-0.04637668192695843,0.07627029729922984,0.045287891173653595,-0.011381206753618978,0.2503931091005855,-0.07889288509617616
-0.1257253420581894,0.07784650895024492,0.10929337156625307,0.030547562342185433,0.14433974361882257,0.09971018207171377,0.17230780629125358,0.020732733835993628,0.25752921293934716,0.024341124004050987
-0.03349620054721725,-0.0612778407400791,0.10537462347272372,0.2773853743421465,0.014571228481063098,0.05921111121790336,0.10573856399641583,0.16549935243377467,0.2168923143306265,0.1577888237990959
-0.060338136470984065,0.029988272824631002,0.23910279034546122,0.2074498543921303,0.23381135791876997,0.10112297531846204,0.10793577981253773,0.1466371836471579,0.07103410227622092,0.0862298620630217
0.01909921582707959,-0.02266711856157628,0.07806482449203528,0.1235698501705107,0.13623986459262738,0.021841675671093977,0.08435251568535657,0.002632327141474468,-0.016156111040647736,0.08096423136096233
-0.16065154611847465,0.02368730536015703,-0.1004514235854462,0.09599373573744592,0.07679133195690062,0.02926655345352371,-0.0016933563763027182,0.14037915259408815,-0.1503485361886404,0.017300683125647358
-0.1492446333557633,0.07058738904434426,0.10246114214408557,0.012363571365879789,-0.027336072504644468,0.02441699447318512,0.05280269764321345,0.11695439826308511,-0.08591504789910627,0.1654793849839208
0.20997400800398297,0.10371148144738755,-0.028243541720806196,-0.2431323122382848,0.008389875835594985,0.11472616577980738,-0.14827346250435144,-0.013448327625240855,-0.05257418632967691,0.043081927206976095
-0.09982416085596879,0.03826157364339233,-0.015530534308169586,0.00036309799359124026,-0.10047982667239394,-0.003796667969927066,-0.09683251853521045,0.1240012132174059,-0.0798867890328894,0.08736407587236561
0.14961007104800894,-0.022384873210290035,-0.12701363906701835,0.13929871843279928,0.064323200113474,0.0633920365099737,-0.019013539450996205,0.1349327894512775,-0.022286151590520754,0.0004944706294295331
0.06909841398077919,-0.013680333590622214,0.10686360312151692,-0.2174496351624967,-0.010813933852921207,0.1492858555434432,0.09463755476621383,0.05174327532667958,-0.07510213095023616,-0.01568624033839215
-0.1695602058243818,0.03409524296523177,-0.09488487522460179,0.03565977487088486,0.04594818942815545,-0.0959035770336472,0.06534405136841664,0.04615028982534565,0.017619417433526432,-0.05420047966555405
-0.09538189118051467,-0.06291430262487058,0.12175383228389378,0.1853402320859542,0.15135285107505114,-0.10575299542343145,-0.045133319947058506,0.029504446383385608,0.3024241567883773,0.12077182013255808
0.006110980733591807,0.07647918870036649,0.0779178830894112,0.07699237189470069,0.06775359053770758,-0.04312078912196136,0.0959543710215727,0.0402163263012043,-0.089747595954036,-0.1893498990364774
-0.058321200893555455,-0.05185693203798834,-0.1479889103585907,-0.04737752325955493,-0.0878757606642476,0.08217459028570895,0.09439784337688628,-0.08840265956492703,0.03997810296430871,-0.06721588139614602
-0.1743581881237249,-0.050179929614969095,0.029016120821512885,0.07863477516727585,-0.05731073302686511,-0.08207298496022829,-0.27484462870355014,-0.04524650877899368,0.015027514432481109,-0.08799482213990298
-0.002434715970774881,0.029162446856848677,-0.20621781151875695,0.09329205165462529,0.024445515801652717,0.04115991904316152,0.024863182216730798,0.024587955745972095,0.1983124647357164,-0.08789336341873605
-0.15311071278781893,-0.17612391391272736,-0.1442136979967521,-0.0476728817054366,-0.18262462431247536,0.07253077778646164,-0.14202491346465018,0.01858918323766607,-0.0018756995090028188,0.00039488108108154396
-0.07165692276555613,-0.1398940261320747,-0.19720169128735865,0.12715807986915906,-0.23537660948093073,-0.13653112638873294,-0.029509817366328253,-0.15664454797435176,-0.06472825853378435,0.231544361601285
0.04622742941917861,-0.11586020194270745,-0.10469230133166584,0.023660061212971994,0.1527663277118062,-0.16747993027637362,0.0038693652396473988,0.16279366564001216,-0.06116191721572481,0.12483230248990149
-0.16676538098134705,-0.05206289984913316,-0.17973125126501105,0.03992066303853656,-0.12764187052029458,-0.18902562642217446,0.00507952643825739,-0.2679354546465636,-0.10810386113394888,0.1099284023310714
0.10799685692472902,-0.03251316701161819,-0.08562618270373536,0.057874912716662764,-0.18582692975778808,0.07784819054706624,0.09223477321277236,-0.07735206445380592,-0.1177800412873613,0.0573103313541043
0.01656530647828227,0.07178393234310307,0.012059665728241152,0.03903014236483921,0.028429095437105645,-0.029738217835985944,-0.1395424485360145,-0.06228641944475824,-0.12645211680509838,0.08133839858771164
-0.11234855279486765,-0.14007210372831247,0.07420277082111659,0.10132456887333238,0.14276650881222053,0.050572950489105935,0.13224474486090423,-0.16944362484676717,0.002163065747032601,0.06538891234890609
0.03619850450867886,-0.049333328529372764,-0.13185381981041588,0.07373145671245485,-0.14446707468960407,-0.08309355300044775,0.05529616784281266,-0.1153994852107057,0.05101520399350998,0.11830279009636349
-0.09291149453181578,0.05957713056774526,0.08985455899603804,-0.09805832067898099,0.08502157731315343,-0.04703033473353653,-0.02142788402436417,-0.1255025706056737,0.05153131600020694,-0.0064288343877130175
-0.08494584208715922,0.023631943434319066,-0.02520027295263586,0.19490285764226678,0.09051514009678494,-0.15404994213152862,0.08979191020215842,0.09234155895212606,0.12492552298762742,-0.3164016772371975
-0.12433819405207412,-0.019015214214589828,-0.07830653322832966,0.041450070259880095,-0.08287087311169775,0.15038800416302586,-0.09083033797556372,-0.17642723091657497,-0.1466011913658035,-0.07085482821053272
0.058426488482981764,-0.28565174411016797,-0.00475318110294853,0.09617185853063036,0.10377475064614602,0.10357255263778865,0.27574418310738524,-0.1916217054709201,-0.05695443712708387,-0.24784307532486308
-0.046707167834906596,0.08370260621745511,0.12715150666625846,0.01397991063164318,0.018843056086273152,0.05956081765128358,0.09605875186168938,0.009479923329676808,0.11914745451866085,0.0420120594262203
-0.00477444812720788,0.06757904449633446,0.04956556345557474,0.0069265551418687885,0.1708476500531783,0.09589572515275246,0.08311910988170305,-0.059577791284572856,-0.03525100440790824,-0.09717598789033628
0.08483566454645851,-0.09558780562729896,0.07921048144378715,-0.06493711742610965,-0.006968005415538561,-0.16555969025079087,0.23299363031702897,-0.07089303494776406,-0.040406525200137336,-0.13906148589161205
-0.06248808915575632,-0.035826060246571874,0.07165979460789754,-0.2046655039645501,-0.03247670232497729,0.09801984498959734,-0.012726457528913812,-0.016089803243299096,0.22155917486188834,-0.058370472515673684
0.04002535469061424,0.0004134028398671951,0.07108763851413966,-0.1851717338193156,0.03755086963735477,0.2242479949109793,-0.02151143956602608,0.04306839069326328,-0.09169606414698123,0.021233821026136045
-0.10719824853694188,-0.07595685352218222,0.06826723780147352,-0.20996769037764196,0.04321557931207408,-0.061616779060334324,0.07477857920703158,-0.1407675185395713,0.0984250581419585,0.08588619134880354
-0.029166426894841564,-0.019567962965316113,0.02799089060253393,0.054597779465639526,-0.06810172810544506,-0.12348383192403717,0.14296383055935918,0.037139769719511384,0.033019560905939216,0.17086142877856159
-0.028751602759045022,0.024354173125258966,-0.07974544347779772,-0.006364716138433285,-0.13095877803597403,0.037548889633364335,0.09381591439994466,-0.048788573755615336,-0.15796221884088957,-0.024959314190280562
-0.2342039764065384,-0.08434866963213503,0.13465393813525509,0.05060512589712156,-0.06554416322301194,0.09551707637062853,-0.026495132542553472,-0.0665825599080711,0.03708580606276493,-0.09832841434646228
0.001698445231287496,-0.09599472512311774,-0.018662303441924502,0.0444865642993974,0.13336382230334928,0.05106752008547775,0.1052700978728826,-0.002360504181513715,0.1870523850082983,-0.11596680835631899
0.032178862034636074,-0.008293724549965714,0.11093259535194207,-0.11859696860286166,-0.1353506512128661,-0.03456083434465643,0.09912830500528068,-0.027505982990906754,0.07721621481822159,-0.07331012665295172
-0.026773360832045227,-0.06039105092313453,-0.061426979293707426,0.010815057872823613,-0.07466429584146958,-0.022396680770866702,0.13589611790867315,0.030064350900740926,0.2017152754906669,-0.1347937219376657
0.08297624709124654,-0.13683430259707333,-0.07187702828652581,0.1440006471707733,0.05680019344947064,-0.09545442666072831,0.06150286598572968,0.04302162716875205,-0.00999475223609951,-0.18953528818338267
-0.05134259867416314,-0.052379714752273425,-0.10407877556719727,0.22565803772933207,-0.1446846986859569,0.1883803191558316,0.13386983001444752,0.21845331024198317,-0.07906523842010157,-0.16430398072184937
-0.007692190076280851,-0.07516133186278161,0.01445873109328976,0.13815430087615474,0.01188169393150407,-0.15972974227581058,-0.02110918916741314,-0.014506219251519025,0.07834889825434148,-0.013720983053608315
-0.006334697356520674,-0.013582270940050028,-0.01472168486286016,0.054956700753830905,0.008391551422117859,0.025735477405451554,0.03030768326785581,-0.12101306359980746,-0.07388219085373739,-0.20655835341602452
0.07280769144718655,-0.011092858930810339,-0.04454631183386898,-0.06591762683237676,0.1410570319496347,0.10078049489028096,-0.04163258519991899,-0.046168290448989006,-0.16402888781580197,0.0010624501090467642
-0.0907072390875862,-0.030268567230444608,0.14235976781121817,-0.01955826957326083,-0.057045884977780986,0.07766307685599838,-0.021005216604925013,-0.040389257126897685,-0.036260726634864265,0.10304517831687568
-0.08647035319052966,-0.1366557231067964,0.3048576204836473,-0.08904449997833588,-0.026265969619265948,0.06850330171293145,-0.07297741268246423,0.036617599025677974,-0.08389022087670059,-0.21354018491775867
0.08295231103363368,0.041278379207868164,-0.03434295567948785,0.10433439130072228,0.05075953312037927,-0.12264926102392595,0.047720688568950204,-0.10753144395788537,-0.13992282969217593,-0.10627694105216295
-0.001358473473828281,0.027037778524135643,0.12918327110440456,-0.1475642223447935,0.14393422167707018,-0.10218805436481866,-0.03336015945518648,-0.030679884126166346,0.119672918555648,0.01643709143406815
0.08880523562703203,0.01970852318674739,0.05666129492741569,0.013052314962224774,-0.05126837696410794,-0.06929041315361195,-0.04879201388216167,0.2357302041560257,0.056834116166884024,-0.07189938415565825
0.09142253136468159,0.10977241466126669,0.11834057130171957,0.094048709120814,-0.13272299843076718,-0.12844082243001956,-0.09688253890425835,0.11646928811497889,-0.018819413043815396,-0.12188976452425343
-0.2507228171204712,0.02474732779802611,0.2030681952078171,-0.1382329840533743,-0.12264898570763907,-0.18413156769153216,-0.0034894423688980407,0.04586452110943033,-0.05678976242591778,-0.07253075210300167
-0.01742030416611432,-0.025365968541695663,0.18710074831535636,-0.11423981181921386,0.019492265047979802,0.04945322684066293,-0.05474477914069422,-0.05120059735404107,-0.16393545329089992,-0.0033721130024517397
0.06987270342656274,0.24324110064197285,0.05589715710882466,-0.03172257920017872,-0.20598240407002216,-0.0769423918761456,-0.1324897504459453,-0.0935246870770704,-0.19481006894053396,-0.25593078730134
-0.05842874497155239,0.12769713283569178,0.0030059482024769463,-0.030490681195613212,0.15458073661729857,0.050216491910999486,0.0849790825489725,0.13721332487205723,0.029837837077043586,-0.06944626164541444
0.06008014871742804,0.044978770554151906,0.1125671780130798,-0.02686073341229936,-0.055741249371204435,0.19099788831044612,0.04440798011071886,0.12192209509841503,-0.08032138593412061,0.2585747115841541
0.1498066427800061,-0.03073417283669569,0.1659587770145569,-0.04506528248507952,0.045181820655249005,-0.017707858388374645,0.000883956532575253,0.1069773480834503,0.13384132057782913,-0.12488226082592185
0.045727137532159554,-0.0652629236590783,0.1560362956508946,0.11160900484910379,-0.049634996636744116,0.26256907478213576,0.08679535771742922,0.07537193718126563,0.03589415833258956,0.01351180270541269
0.03558332740456194,-0.024763222582438293,-0.0018157767639871009,0.10377015902054218,0.1228258276282278,0.16280168286758132,0.011169899347161815,0.042927335174588896,0.0314284684175602,-0.08625762765642882
0.3079580005751653,-0.015341231080412382,0.253829775609759,0.06906709279594345,-0.02189223660698658,-0.01945665051149386,0.028765115139409478,0.08490385863981148,0.07900053062273339,0.2213380580151529
0.07551700878771732,0.09341537060843833,-0.07825762187939833,0.2170356148086685,0.010905797399907387,0.11280053971536493,0.15379163923324668,-0.15009857352498657,-0.013216017863834882,0.1322261681185847
0.26257023694467807,0.13524492358590035,0.1505312127421739,0.05544698722494368,0.056945695569103096,-0.08684961639200861,0.0530525087892352,-0.025272219958251366,-0.07332838300150815,0.04585792155020772
-0.007901226464469287,0.28140031598380116,0.21450501041241815,0.11293017652057902,0.10692511399233035,0.19036454220989968,0.011444388832344221,0.02241588068621447,0.1522997161815883,0.07713505876992334
-0.09738479421934987,-0.03639930851520656,0.15390650792456045,-0.037660181790669045,-0.045765735404223434,0.13555658590604425,0.1159340919629088,0.03814162598177363,0.11452813906668044,-0.08776555543746692
0.026803579046000843,0.19949407325936278,0.159667220274217,0.04230241649761636,0.12162878075513979,0.1917474768415206,0.026961257310122215,0.08331913999804294,-0.07738005913746135,0.033001756161598936
0.07661336649617571,0.1409603622294351,0.033433467852333004,-0.13585087954818714,0.1739339154781787,0.08407552923797036,0.19214801147679123,-0.005330202113088475,-0.14802743095429224,0.019461306344857418
0.22238478124423916,0.0825652874751031,0.1450708107573275,-0.0024559570695567093,-0.015801287799498263,-0.03292214320894837,-0.10180475595107692,0.07236641827431078,0.07342534474576934,0.02533550916409457
0.06918591334365189,0.1122485715183372,-0.121479473825399,-0.15596061495895513,0.05046218931575441,0.12097090820417963,0.06875244577497652,0.19931002747972304,0.18192543514810433,-0.1499477890020473
0.005780192988911123,0.11702514047482734,0.1911643411869504,0.017140748765296636,-0.04371450657458548,0.04617368489850772,-0.045216316776431606,0.10991618922055973,0.04692458458073501,0.17113995110079028
0.07616694997632054,0.20424995571421625,-0.07079967535183959,0.17606290202797892,0.17815442065835407,0.12949580477210287,-0.1203378373907007,0.10819162932300386,0.032979688766211546,0.18675405908048637
-0.028277774009893106,-0.08140203195039147,0.08109917219316862,-0.012533885936699046,0.12615130135201663,0.1520137902146958,-0.11308941081258045,0.04727656607332245,-0.0025462663824845494,0.0872765243215255
0.24522728431358523,0.16199778710425708,-0.028183188383373553,0.10469727852185783,-0.0254703768420629,0.12912721032022023,0.07489230568461071,0.11492266271361035,0.22602505680090215,0.01627762582801489
0.06546198684182639,0.08507459534900898,0.14916547362765487,0.1968854754992821,-0.028429902269701837,0.0634697178492728,-0.018458417136540457,0.04305703413776428,-0.07168904984803634,-0.01584902581387626
0.0720158143187043,-0.022055614787768407,0.10030253741249134,0.19266894890650754,0.09955860683547718,0.24160443630913706,-0.1396055095438218,0.10607821954386262,-0.030948774054646553,0.1701954451426661
0.11432485175650095,0.1527593650739324,0.0005744494252286764,0.1401442251615701,0.20749301224558125,-0.04558524793930552,-0.08262311351583626,0.17196259533515734,0.03953943421608871,0.181704508675318
0.12353198925081703,0.06195726368294291,0.10555936067169619,0.05084446334998664,0.10311581335852132,0.3096000144590727,-0.026827757854442646,-0.053589715526546566,-0.018426065935626353,0.1131924576503753
-0.04730975261887861,0.10174743166209416,0.08195690920230844,0.1913857275956265,-0.01582640478159441,0.12936492767233923,0.12775547337462778,0.14669906714108488,-0.0758066554428818,0.014141150487924692
0.12847518333524566,0.019439950241864526,0.0796745819364675,-0.0019548146778403663,0.13162979327621177,-0.02993720729149414,0.13640750963037196,0.1665211884359628,-0.07929575750444598,0.10560443114822567
0.06028504689719155,0.29311721627754056,0.030005296321373727,0.31366318243311736,0.12262517774615869,0.0054033096428329624,0.0656249285970778,0.1327893935098732,-0.002089468433845304,0.08901024065788304
0.17345895066279382,-0.028261572032229926,0.11229932381434206,0.028679508095107845,-0.05280463057600959,0.041897173545554216,0.05515353142164593,0.1757414588996895,0.2075528292239729,0.05588598024367787
0.08047868413362994,0.007822615841191233,0.09987971623484401,0.01785129228263302,0.18743306599131926,0.013001034711978922,0.12867519381391335,0.12687228501435227,0.13872972713460976,0.19623296435066648
0.11848077609367186,0.10472357229215333,0.16810345569116686,0.22218168710015757,0.04191142941075794,0.09495175196179445,-0.010852492640240949,0.07353753420533321,0.10221056852649882,0.13769608104326417
0.09933681283061699,-0.05527877638129697,0.08127748111786084,0.15517482626857465,0.20237102198946927,-0.0927296214769607,0.18280105197271473,0.008350927585508414,0.029739183142930566,0.11915439313059281
0.007275482682798859,0.06467020375576124,0.12532936406161901,0.37822581062470095,0.054011964141937624,0.00353964439427025,0.003314986232791084,-0.0410988277448984,0.052360513547143925,0.13692972666280898
0.10035291956869563,-0.0030237832489972555,0.15115626619492198,0.19225466693796833,-0.18973054867128597,0.15603623556281507,0.16720837563313642,0.06537849225511896,0.004955940432042699,0.10646209416251987
0.11687628026588567,0.05247162088324573,-0.06075341601708428,0.07335872370277924,0.06510264211684043,0.07014872290716696,0.003922587321266317,0.11282059745950664,-0.0834109636541149,-0.006699705651748232
0.21911349171869463,0.08159989078552923,0.08225031439392812,0.08517242662267842,0.10315932923881234,-0.2007915841852156,0.07159485657591226,-0.03146437710948821,0.04512730113734257,0.0942489242080709
-0.014924705873971225,0.060856153827453824,0.11287132112250481,-0.04202941520539344,0.0347251719882921,-0.11839892090364842,-0.008051366906891323,0.15330247684812648,-0.008444276209961937,-0.06741651266956426
0.1359649847308285,-0.19750062419987208,-0.04657653438104249,-0.05291331556953857,0.12170507471777386,0.19044297749944578,0.12664290924721053,-0.02852850467354015,-0.056014590918369495,0.16826840187672448
0.0027337494446840784,0.013367695084553953,-0.025214140142549288,0.001350981013784995,0.13331383258391702,0.10619136717833767,0.005710405232262031,0.09821351389425292,0.014730844061180673,-0.030076083149629923
-0.04714885647057729,-0.11097979085688879,-0.047953055440609474,-0.0065938818792590755,0.07271538968067068,0.15106370252536896,-0.025667853318917258,-0.12292316846507462,0.038790002576653985,-0.04045557855313839
0.194747132796636,0.0702278863139854,-0.1157518057336045,0.07057460469464322,-0.03810538005205345,0.02327218112343183,0.06079400160504015,0.09987477446265607,-0.02735165879073328,0.03738984074598958
-0.01250808766633009,-0.08758456879922251,0.021440950065447096,0.033432942802689034,-0.1153526546755182,-0.02129263284124621,0.18422797484094108,0.01498870159985553,-0.08241452360326078,-0.04373426356368472
-0.06728244723548071,-0.09597866959027039,0.07130490759071349,-0.1197113943488507,0.043641277668197545,0.040830128799744764,0.03777817791325505,0.07282536276197017,0.14057540653093134,-0.001956434768012825
-0.07414480445859421,-0.0306354541601445,0.19371235476249013,-0.14039061369231765,0.09467639836286748,0.12568399102308442,-0.07353851162799077,0.030513351452176794,-0.15350150844054422,-0.033521402132364014
-0.0617457910699056,-0.04393132491593503,0.01667335676557119,0.15083626847043455,-0.1371076396412158,-0.0609135762203164,-0.02984948701560195,-0.01210937189371367,0.07388438032276325,-0.13005871961321888
0.11934075472459003,0.012620095603693742,0.06666197074685687,0.01981718568410704,-0.1485960092281817,-0.0998495655754333,0.06626740724019937,0.1310355243967716,0.015349785568168607,-0.06828249085886394
0.01554619851741864,-0.1662140151186784,0.040550963000012506,0.11302273998392494,0.16964651115158136,-0.022816057441005816,0.0758052811642363,0.12744542820675314,0.08181787655109657,0.09319363438407924
0.15727699946760118,-0.003707597823573436,0.053985280467526334,0.040371246144791796,0.19237013541261472,0.05160909572531385,-0.0509270646634184,-0.11207704198769525,0.1445212696992344,0.0943922923263487
-0.0886529071677545,0.006344067204640029,-0.06455909160954598,-0.18965759650362068,0.004537439178626576,-0.0798978950555182,-3.154728949895588e-05,-0.09770446714896278,-0.06917680587675473,0.07512805741049472
-0.04864300191403133,0.06354405141830474,-0.014028585608959454,0.026819802140078692,0.07292553377145056,-0.13867036803074217,-0.14873631901355683,-0.002934589863933936,-0.023425022892712293,-0.07550295141836455
0.06175850467653188,0.10188486808356909,0.14398158864806265,0.12313214660165518,-0.004798501067445969,-0.05761291158207456,-0.025980268751114022,-0.03216424387428529,0.13694875567916623,0.09828762352638828
0.0025437349155258207,0.0436352518569772,-0.2014091288493741,-0.14632738754953545,0.04893246007519714,0.06611687821016188,-0.014014837593209772,0.08553811356962562,-0.04409449624954518,-0.13437287599430942
0.011374860367998306,0.15400610811357893,0.10164667437765719,-0.1539146758654992,0.14600691723835743,-0.18537250472386455,0.035172824342785416,-0.016434894259331895,-0.09590506054538551,-0.07786035483347872
0.0004417321356836035,0.17203394989655532,-0.11540010240011464,0.09780809563174131,0.050040310692886864,0.24588800015482548,0.23300077281918385,0.03685529916078381,-0.06692363261784787,0.016251620798826465
0.026911228340710323,0.19739767458777174,-0.06437465946687379,-0.14669750478178628,0.15887168772385576,0.10369858849628558,0.058869097056488365,-0.07275096302685774,0.04807168144045496,-0.20920520372989218
0.08134778252539807,0.07758172006743021,-0.026548522197929497,0.043357721770107785,0.23479576872323454,-0.06840641373898138,0.22381817218319902,0.09363739313451075,0.2384190395028843,-0.2612115310644543
0.25397242711606904,-0.021739596166040327,0.014967005280279614,0.0770944958491501,0.038250222170104195,0.14271181821401102,0.1710857377244669,0.10486676977903896,-0.012110680990588096,-0.006135841571670637
0.3160945882793153,0.05962402885292131,0.0033451167779480623,-0.1816920768450916,0.028078079896017932,0.05618245537816363,-0.007452529832442115,0.03837666849411123,0.022522323512607467,-0.03229382455065247
0.14332077760548015,0.025587369097754754,0.15431742495861328,0.11913578591743247,-0.07388219072327423,-0.13435917359122534,0.07253902585387677,0.19476706241509822,-0.05235444644193936,0.018975097887807955
0.12212763893399406,0.11446348508411924,-0.06908091952503473,-0.047941632943810625,0.020269379591066686,-0.04243358616164017,-0.034747305043369814,-0.0249153242827908,0.15808145820995728,0.04163508131591531
0.14057848225078629,0.16171608935978626,0.28014508518863396,0.16835132642652198,-0.06491525067659823,0.05804225990481074,0.23181179337699095,0.059155730965444894,0.15991708293563295,0.09562488907548873
0.14097381429115372,-0.06264496524411176,0.03860048781376793,0.025736675163089202,0.20026787832380732,0.2185499221535942,0.037007430953137924,0.016003088479159863,0.09995059237397194,0.19317328251395988
0.22917608840344145,-0.026758630515443,0.23652589270096575,0.17579862931007328,-0.03344538745714086,-0.010898947849253285,0.0020822767485698668,0.00474177138327489,0.2180393958484899,-0.06087088827579035
0.25948206209287816,0.25633567821052355,-0.012839651247050332,0.09513003158729541,0.22262590466151883,0.038742754243072136,0.055036675770973424,0.09428434531173,0.030716968688285128,0.07878395197517371
0.09052460222387523,0.14287530638589105,0.15770434712626152,0.06372101322210422,-0.022019663595608183,0.13619175138605405,0.2225343988864465,0.15850424150996442,0.04542912144477107,-0.023352830893438425
-0.009683432031552197,0.22390134244380666,0.11342469920433168,0.12886353681153745,0.1773695217118488,0.2587002614824504,0.19464316780712435,0.15990831623731222,-0.0415205420653422,-0.06952555708078559
0.18701342293282847,0.2539108975870749,0.1385089223505746,0.17203335882140713,0.1271089525068125,0.33605321488255213,0.2862636286255583,0.1338330829432459,0.07637544459051473,0.11344237481273431
0.1667445986139289,0.11830786237275323,0.057313701951661564,-0.1707039570250711,0.29859867142762236,0.12124604431114977,0.05334311781899291,0.10523239107102977,0.1872705472638073,0.05424896420366901
0.04826772311204747,0.2297605562115923,0.26930046187276474,-0.0036880925894126754,0.23324904976588598,0.21191953043061384,0.24346743431035012,0.05012996865517785,0.21456702784388196,0.016416791568817368
0.00417751488429316,0.2727612882823007,-0.009265499875673155,-0.03751212293396523,0.09618602290299384,0.08640564986653286,0.14409904121538267,0.30094941946266873,0.16118072969549202,-0.1612704720957698
0.3229585323098674,-0.019059368783757247,-0.14097319895026875,0.037622711001519704,0.02444606882637171,0.1723219153936551,0.1506547658788471,0.14831132499991548,0.018819955970748703,0.009674442256821646
