T0,T1,T2,T3,T4,T5,T6,T7,T8,T9
0.11864162463195288,-0.07188487818427267,0.04914281490887937,-0.06217205261667705,-0.12759695554110892,-0.14313961825547492,0.013405597811280506,-0.02662826260119036,0.004342949405921389,-0.05562106397450438
-0.011906001194530648,-0.2492119453863051,-0.001018091045190888,0.06751338726257573,-0.20083297172329317,-0.05498388525885424,0.09793557448273603,-0.06649058473003151,0.023275338536226455,-0.0926166074378316
0.13195468056761941,0.045004385538163244,-0.005655842061104484,0.021187925172330535,0.16114682921541582,-0.15095859373419354,-0.11595689221401465,0.004771776150873281,0.022969555778850702,-0.1386804821865564
-0.1135621058925202,0.026215051555085585,-1.8130691619423073e-05,-0.010005091040049744,-0.05769293853267865,-0.15616503090314887,-0.047189534569090016,0.16495225120977436,-0.06749347112993634,0.04732306393244824
-0.24847771143260236,-0.04055783166983722,0.07535160253353378,0.02403131741107744,0.13435676189686865,-0.11954944028310374,0.13597177423079662,0.001270453409263815,-0.11985262161704892,0.0782591075629051
-0.013070291444154114,0.03925515178345895,-0.025989929013448994,0.005694597691099444,-0.2017360979734791,-0.019310701163417376,-0.22264803241283876,-0.1306650264922821,-0.1664122125162482,0.10970920598070878
-0.08089806997988935,-0.09573255269060295,-0.11292253986759135,-0.13788451423843745,-0.2444243571084337,0.0401787514348112,0.025554987166745542,-0.0009959854700857668,-0.16771550476962266,0.09111753412241108
0.034619030707434384,-0.062174247023249515,-0.04868129219196485,-0.052501145192370036,-0.014867597579839284,-0.13013392218699654,0.014217656890466689,-0.0898251765526524,-0.19376510872138908,-0.14361373419458406
0.021675628383466494,-0.13894650930941493,-0.05844054551428557,0.12275114507099541,-0.05654990417670668,0.07819649821700052,-0.17511164036298582,-0.02409714432523557,0.15461750405813596,-0.01427078718430324
-0.09490076700600496,-0.06956886001748724,0.05184062860092625,0.03377026454343322,-0.08681325357050225,0.1594558962038874,-0.09675220596063655,0.002450798709699043,-0.027610279609312775,0.000541572541636514
-0.04568363134915486,0.10780848647926698,0.055433224418327945,-0.1918443662164715,-0.1617313601773555,-0.04389970297643207,0.06443557176075818,0.06024286205792374,-0.022990872562290605,-0.06658842087830943
-0.01714143280007181,-0.05973702748066377,-0.0464590989707887,-0.14235766854437765,-0.1627766373985019,0.015957088108375424,0.0007736044593379329,0.07281522741943938,-0.1405913850591848,0.027935272047763603
-0.07040231127828926,-0.06439422460808406,-0.04043138269845309,-0.040653698319795935,-0.06431858522052201,-0.019677515984045865,-0.055213048415051834,-0.19136115357000746,0.02699080045745815,-0.13586842885513023
-0.010018064692814767,0.03584879909014744,-0.17168959203474554,-0.051218750614489786,-0.10742395116414101,0.055060878791087606,-0.02121336629590341,-0.21420812964606195,-0.04447531377861662,0.10499113874442557
-0.08750319351571423,-0.010356502022436403,-0.1758476262648604,-0.07733402168459988,0.03510469726384972,0.07805763851266959,-0.20222139465460925,0.02634907094385326,0.07855485382463387,-0.1322440947566644
-0.2763309174025308,-0.02889454137513967,-0.027157422098750342,-0.18646393449821885,-0.0792172724997887,-0.06612849877429537,-0.24131680252419455,-0.12699584754378807,0.13254743864253293,-0.06960206609979311
-0.07874406347968653,-0.18564230102554097,-0.11742237278991105,0.15054497859324878,0.029638411082588988,-0.03673461458787347,-0.06988760169831826,-0.09620176584824869,-0.07393472060061944,0.03400548171977799
0.07499075470158967,0.02113853950444035,-0.11633825772799454,-0.04980448815340511,-0.19815485914590975,-0.04405658617148921,-0.08589797082480924,-0.04578424384608369,-0.05170517430559397,-0.2596326499556786
-0.17054736310420607,-0.16874433412129003,-0.15875649511206236,0.0013959798570530035,0.10563607333207406,-0.1224925317110562,-0.04796673202426875,0.03984560114811583,0.023501453044093658,-0.03514135424309439
-0.09664771565893238,-0.010627915432347618,-0.14173643442589035,0.12201135359980628,-0.19047275970922817,-0.06079892957771802,-0.17745988412638378,-0.19543328921070138,0.1621768349510747,-0.04149776175458769
-0.17909242225133531,-0.012354324586887844,-0.1656616042521883,0.13096630004455714,0.035245435155949405,-0.15296712653686562,-0.02035039127442921,-0.25783043724517934,-0.03517625136183767,-0.017873266921981143
-0.037417203579301075,0.05394932732028131,-0.06272411948556152,-0.06959505163849067,0.09205517254913027,0.06142198187964405,-0.28098678200687804,-0.06408419520532102,0.03445738674071473,0.04312496839221847
-0.16673132240166133,-0.07129414919226326,-0.00585844872713108,-0.009086532886184932,-0.05834590718697906,-0.25984056139474804,0.07238353261021585,-0.1088127497828214,0.15632414978246473,0.05072514480158861
-0.17559103821018646,0.06789461146739632,-0.09270210377798815,-0.04415200080794593,0.19585954193664226,0.09911962155040631,-0.0637966428361468,0.02108039983055024,0.0025627552560441927,-0.03605738188573977
-0.1560954710460364,-0.015257544938949302,-0.022280447338542002,-0.20589378287741633,0.11107371336716229,-0.06073379943553267,0.022058068521678634,-0.010585521812177222,0.08931891124536942,-0.05505866049422953
0.020062219213828364,0.11954618788480695,-0.08287343584973055,-0.09688836397820128,-0.1696897637218745,-0.152525758118252,0.03666153527947054,-0.058095553136506106,-0.09505503759641507,0.12211398630431332
-0.03981059589460766,-0.1361485290405592,-0.17946786280753813,-0.03244726522363603,0.010492696589473228,0.01624463884932125,-0.05431463569146473,0.043702556464872325,-0.12065655074195279,0.05342562524132803
-0.06010775226244271,-0.046713734305404465,-0.14727286893870495,-0.16662237431574536,-0.02631659817457528,-0.0037832601947377486,0.05536722921794344,0.12589334645308228,-0.031907300013657804,-0.201899511700323
0.05130906326698089,0.10289079711073709,-0.022342810555552886,-0.07945134842196067,0.04351860572663891,0.1278162183049148,0.022656269839687177,0.07368523999887375,-0.0511252205601121,0.06973848100904312
0.12015535864559922,-0.09453942987349412,0.08312978223528818,0.1505661875335072,-0.09910771449132974,-0.130157434318442,-0.048390621417009616,-0.009435593616324234,0.11675751131286807,0.15424147074789007
0.005110079556359955,-0.03549223416522636,0.0982671334377171,-0.132058516677666,0.22276329742022516,0.010550345299361677,-0.13893584551525007,0.1684462969613087,-0.1525966078314373,-0.0524265641189454
0.18945273676673952,0.18717314573506785,-0.12319431060569261,-0.014453610693515712,-0.010732825872955924,-0.01791303157387636,0.21361721627956684,-0.020645985636839295,-0.017926430420747937,0.19253958243276534
0.26052993173456784,-0.04378306000044705,0.07947092021720498,0.007469979330057053,-0.0887377588314086,0.11063163194592279,0.11415861170667879,0.06921919754382716,0.016180154561566677,-0.06682762170107272
-0.056319893136736826,-0.07962126915934643,-0.16100433737663408,0.08402497471050013,-0.033598356083203856,0.031828602940857445,0.004907906074177515,0.1329655426702126,0.06288459697531558,-0.19608974078032124
0.014841366626816448,0.03066719228889819,0.03141252233813934,0.01621401206161574,0.04851731559932666,0.12102481508841756,0.11096222750877446,0.17577184120427447,0.1124125944731056,0.1367306504956419
0.20683070401461606,0.08538239449680204,0.053603688568481245,0.18869812338487935,0.13217859009220165,-0.09903308083341424,0.027124887576822396,0.14067092685851496,-0.06476315177735249,-0.06505389743870572
0.06783237496396172,-0.05399038734181129,0.10284069350186907,-0.004226571833085328,-0.08006854366591443,0.11795336967592719,-0.05908616650486817,0.28808739043219345,0.0017456555163482615,-0.03179031741573514
0.07674858647643887,0.1994340085318529,-0.10449947103499344,0.24151896738398798,0.16677904768861676,-0.07170840434826868,-0.197105957810003,0.21244311022697707,0.21963606026677374,-0.02647486376868194
0.11533556004275464,0.04822336303962391,0.11212093007882418,0.07276921400725903,0.07372627475827587,-0.10934946107526748,0.01748903999849936,0.028930413486188578,0.24488343761496845,0.10221899232053897
0.06984178481273672,0.12487502965707738,0.010148073476080354,0.01440913168364795,0.0016228977935782776,0.17465640241468364,0.09401118385443244,0.12362550545977433,0.33959572269536986,-0.045760901775425904
0.01802112138914544,0.3382895067236575,0.26546865860922897,0.07197859219909933,0.17280629854252277,-0.037212901356640196,-0.013324750440805229,0.14021447035616033,0.10411232207495982,-0.042382173601763995
0.12783305513765814,0.03587019781916995,0.07770928227798755,0.1559049244572361,0.006858909256631893,-0.03230850167909076,0.0071326783065322925,0.11066705905582624,0.10080969479801688,-0.017630720393690232
0.10917279060870122,0.11312642838890291,-0.10998123318722253,0.16075910763072887,0.23075668872853672,-0.06814906272737255,-0.07280944043586267,0.04609952860498738,0.21102140666403674,-0.045336530244548624
-0.23578604233544406,0.11336452814532268,0.10388117745829242,1.4299298490325074e-05,0.05780471221546002,0.08456541532628709,-0.029436007476355608,0.1302847581869694,0.19615767657318442,-0.061367418783149656
-0.105402199295849,0.2601052043414773,0.03278538534372871,-0.021499146919453545,0.15042055206784138,0.15336283252450816,0.04583724590268462,-0.010807402117250012,0.03583435150963487,-0.03518993927664548
-0.043849059217064015,0.002131843282947604,-0.021743774005598224,-0.0823196412823126,0.1973815509372709,0.24971273970819086,0.006394028388334295,0.0540154246271906,0.04793775857502465,-0.05088660740724959
0.014298837506430337,0.33126529650892483,-0.24999164792537895,-0.17017864033610636,0.06363736170809808,0.10140377348650141,-0.023262829997371996,0.11033243461248,0.010335078457374521,-0.13628138429875453
-0.08336625953755702,0.24977141959140148,-0.10267903928868058,0.006280966928507262,0.03746214237042152,-0.007757768289043024,0.09447662649335249,-0.031232321064031454,0.2090544439673096,-0.04372961348565808
-0.1131862395937718,0.07639318648997916,0.021447514323111407,0.14092367272156392,0.2096011948068672,0.04031825916095079,0.09267471536066967,0.001860153713607357,0.05987809482800503,0.07643858849491758
-0.012138060522776004,-0.04172857916407095,-0.036197147158783166,-0.08918062639534848,0.13768528132943886,-0.06022432946786554,-0.031753359148794645,-0.046159793276181235,-0.02583231057454105,0.012760966967143577
-0.0024622534381177168,0.11101687957352127,0.0032783339410373397,0.20565927797741107,-0.03522283215849696,0.07699092419845727,0.0663782253546974,0.04635548245862997,0.05501974519872503,0.15276527689077585
-0.0929181215018757,0.09504277846730573,0.04025359392900726,-0.05207475262667173,0.07843021019787749,-0.035300076560278365,-0.048332962176301605,0.14077243497596173,-0.14707653184663974,0.14334742125157007
-0.04202829830575973,0.1194865599814308,-0.07183427186160918,-0.05317750834516853,-0.08580115093232674,-0.15324227833036147,-0.07744450352165227,-0.016330378469806693,0.03297224318842212,-0.01754554701448483
0.07756793149233672,-0.03376281115377354,-0.097542915838589,0.1357419273524709,0.012068231066668711,0.05365045873211919,0.0004932426466335259,0.07241365279303999,0.0038651470430703834,0.033528899634512686
0.09159573057591852,-0.08039760948656062,0.05334794964449642,-0.07791207047775235,-0.005379405351630565,-0.007785326277770146,0.11668954333890469,-0.037164378588966734,-0.06150548189354012,-0.007364722300956422
0.05753580089142502,0.040056344034448396,0.09406445841814187,0.040772245099248795,-0.03964508101174715,-0.038049127500177755,-0.07428863006740197,0.03664392327709431,0.047577519180508815,-0.037918215188432074
0.11178397398480705,-0.06080120836276026,-0.15301200069838042,0.2542462498795668,-0.006411175510620791,-0.15481276580896133,-0.08882198257543428,-0.16058015788511648,0.29419158087286734,0.12774050121633054
0.02948178210529402,-0.15369590205276748,0.1499135015053899,0.03665460544588398,0.004006589955405692,-0.16989218141616735,0.09205967264629543,-0.041039226502948584,-0.06336367991961511,0.0927548320988058
0.04168669360310735,-0.04999046827075636,0.06667368122480138,0.1535535498749362,0.07131657376234311,-0.1521872666806886,0.17271990740902546,-0.03261615311361607,-0.051468782322792325,0.07889518366081806
-0.08622720288903049,0.06722050909327215,-0.02744795078897949,0.04977767436649035,0.021623066985419208,-0.15605431875910217,0.14574370443846016,0.13667209208873865,0.0566703445241606,0.24814128582270736
0.15030493215756255,-0.014055829830473996,-0.003803877097308672,-0.12456484736659992,0.04961553026283012,0.05066413337662393,0.10048834588020879,-0.05139661224095271,0.00570534053505246,0.183468364945522
-0.045080267284219724,-0.08867141653890967,0.04441618395355379,0.06979775953742462,-0.05351902647720881,0.04935798003562832,0.029177866363277793,-0.07296910716827774,0.0008965235971834969,-0.013961209910494876
0.20768660693716304,0.1534652442644628,0.03974702672235334,-0.059238823001765216,-0.17992685304522965,0.1297968436126124,0.11907362729947141,-0.1505378235693143,0.05679001063996115,0.051513725341697306
0.12222296946850932,-0.06238984318487318,0.020875817537732252,0.09189463352486846,-0.13349430416525424,-0.16141442577331955,0.06138461964063926,-0.021959549125537246,-0.03151550007069178,0.3537030981272706
0.04030331049278702,0.1773700283737376,-0.06989659873175746,0.07627536018332401,0.024338781309808984,0.09841143985127565,0.050484912233042065,-0.10348450066471568,0.050550464717269455,0.11698458251811562
0.2819386285757178,0.19789711286381703,-0.04094229211012386,0.08862545968660343,0.011460258740043475,0.11769677447295768,0.06690178201138065,-0.06779000810108965,0.10176851942384278,0.061067616825572185
0.18727259334443602,0.07594170459976385,-0.11732553125177986,0.0795551894451351,0.22638282377740196,0.1437718733845622,-0.021334232335971884,0.1410924536540963,-0.15842046467650128,0.1747840415531064
0.08251344358357818,0.19881929956394406,0.06579478501881589,0.2406783889299655,0.18415876504274972,0.2495039022079723,0.027938956278331914,-0.08874687826633733,0.03301502611268712,0.1097897939597787
0.12693304837517938,0.10691160503881948,0.07441536668708579,0.0001654393688870215,0.011788176787680571,0.06402209902452954,0.04264306765836732,0.15874150057232594,0.10404247806536195,0.07975420899083732
0.19663073481684434,0.13823764573079908,-0.05886460301946016,0.03981671590001998,-0.029131682959892505,0.38785608546921113,-0.01783908328737295,-0.06918105861655505,-0.15990019927094754,0.0011655547562732932
0.17527694453261497,-0.09320412941255501,0.17292891671124228,0.1429554551433968,-0.04197933579676616,0.20654097644642824,0.14350028970399148,0.04914821493424273,0.0276831216208851,-0.10092495223573317
0.13621163636719688,-0.1045635634285744,-0.08193506057201276,-0.020722644185776268,0.1517459807568604,-0.03128836937165289,0.046754139646364413,0.03432717711273674,0.18783758059218864,-0.07104227840861853
0.11546245769529237,-0.07568566648978277,0.11097658145792957,0.1422991770894047,0.13632001047741546,0.07413797344791992,-0.03858192369275874,0.05530624081469135,0.18727835456284853,0.006532009736484705
0.11009989503187378,0.057410833126234455,-0.056873852454792984,0.2246154968146728,0.2236320318301588,-0.025614777971871568,0.0168119911709132,0.10207205669196444,0.14934437612813997,-0.019202404151532383
-0.13564083169927393,0.09256757039201965,0.14653399504653852,-0.04096123525465052,0.2867921828874556,0.008888422630915112,0.18298513148936213,-0.06484333972422554,0.1446339590132779,-0.03591418477046732
-0.012249394370912325,0.24502864609532873,0.009090361461938451,0.1858777121708524,0.33231438341641273,0.03241162363296034,0.26454758463151085,-0.09694199541907927,-0.009890788912006704,0.13866793767114197
0.0745364045135035,0.21098840927695894,0.2302940978174606,0.002223336132759317,0.16727176645881175,-0.0007913879708177779,0.12194974281103002,0.080643937140683,0.09450399663165748,0.16588826599281106
-0.07899635603079441,0.16789930101777298,-0.02775942075123941,0.2530053652327809,0.036037453790384935,0.1701858001801127,0.12376372720241835,-0.07904446076203477,0.07616226687436863,-0.03420217217651447
0.0642997266135032,0.25933346045726025,0.08158020621892197,0.07886219065646856,0.12274532371158833,0.2912793080864574,0.14064492031453435,-0.07288998362707996,0.023576710209142593,0.29805638501335063
0.06243737500139876,0.22254874148170994,0.025591938521659974,0.15271244445473622,0.05115947510986814,-0.03490536429660186,0.15606991961655603,-0.02059155773970385,0.14479858107776816,0.09012979476940422
0.08661377131579143,0.06819764711556395,0.2993827840194481,0.2589453320181487,0.2008937977967424,0.19221284554314227,0.14668843402542278,-0.10934199406416802,0.10055285982529016,0.11734667394422595
0.15807223417922953,0.1784591147024193,0.07555520347145951,0.11311893863839441,0.11024470323930737,0.07874474398607806,0.10935045523800048,0.1545386039929017,0.17365866493182033,0.13902938399996986
-0.013466604955992653,0.0536384856180252,0.18485892135353882,0.12212119731232136,0.16335234420308403,0.022567966644880144,0.07256730844988377,0.01114427378378794,0.07499948759057527,0.09482160492848149
0.0014357333976643544,0.16479246612682225,-0.10050338086125024,0.13977802659157637,0.10950265915251563,0.16993513517503123,0.0282431358200545,0.1613789671776213,0.04452425986139967,0.12567459899097178
0.09577952278118354,-0.07134315520780903,0.08073922716509548,0.17120803511756755,0.23056103948590684,0.22168046791156165,0.13111071095017063,-0.026728323325674916,0.0529358329270901,-0.0013949673027669196
0.061199066710959024,-0.02722364773816756,0.08411330891055503,0.13770414868147454,0.1501581777695331,0.00806407254969918,-0.16124930508294189,0.14740439189871635,0.03635441631428225,-0.07879487475737068
-0.14567797802903582,0.11942746434881005,0.02100083397659019,0.0695094013355135,0.019593950575877678,0.1979433045536902,0.2036502329830208,-0.09032542007971389,0.16782152852889065,-0.01172925311130689
-0.07084174402245258,0.2253240163159076,0.11257836475038073,0.18033121911337607,0.08873426731832718,0.18377397407046392,0.15495442369753376,0.06091792129444805,0.1186913090759425,0.09233068893955998
0.09500699525579792,0.15658559962546642,0.18636198903352416,0.3432058205783446,0.28330824608954147,0.026674662395030274,0.11727228703268308,0.10679839073073027,-0.08271762660481058,0.060171481166847916
-0.0002938065194806657,-0.0053356689535443425,0.14419753461058604,0.28369467195784415,-0.01841985013113079,0.16563097166742152,0.25660739866045423,-0.08248257224927338,0.05666774164667992,0.16653215221972384
0.08611649491491304,0.10524015638360601,0.3008766141362528,0.25851474944569985,0.023619395443728222,0.016808541289846282,0.21251825551842868,0.03997116983887474,0.21068904807950772,0.27345922100678566
0.17300099618942633,0.30655402155515027,0.2519211401078119,0.04998603711934957,0.04151446170056601,0.12976536633831598,0.0906563515998354,0.03734731313508228,0.14521727709138893,0.29834010421745616
0.06314894218856214,0.27904800650812067,0.0767428730525013,0.19752208875598892,0.1072405223649309,0.19551007582672797,0.270711632174289,0.2364892703891865,0.15335262459719973,0.10624227647589929
-0.03247926093898296,0.27082657968961293,0.17142922262648036,0.15359746988561,0.2033368363227407,0.12248449874242369,0.32598147860794746,0.02552981937463772,0.12930299250283184,0.21592430551181765
0.1860383331972675,0.05690445832263785,0.3333222249434723,0.1139462551511629,-0.014087866689388717,0.0708952985350843,0.23903415925450872,0.13768241934185838,0.132905297558242,0.19359917107844887
0.06507276412054644,0.18694068121400378,0.2504951913041094,0.06442552655250802,0.1517294101606805,0.11677901289503959,0.276806776220326,0.17361092120157323,-0.0404630997241239,0.07849627399958993
0.12417938484947025,0.21116245804346778,0.25723164155200373,0.028211176582530778,0.3155365703174303,0.05975006264053216,0.35028936402521094,-0.0027133907888891168,0.008675565267937613,0.17813747566759747
0.14505802285973696,0.10480472044074421,0.17926819013737746,0.14506602439934124,0.10208768880966049,0.06063607806695382,0.0909247897040538,-0.06637505666436508,0.12804219492687194,0.0801429781636936
0.02367849206238775,0.2532425772648418,0.13166176790515793,0.16209134412263557,0.3922245745637682,0.1427994906033399,0.2072958791896687,-0.01969968665588802,0.13160170528826826,0.30588284881689853
0.11833085886981722,0.15673048824134161,-0.06643681286638872,0.017769635363481945,0.16776913605766836,0.07709087550968911,0.06297236640724277,0.044015831339283086,0.018977458519745458,0.1502758671114493
0.055197191214748226,0.2130423978991439,0.40314829245470685,0.07002274369601014,0.22275056017405453,-0.0018615042289829575,0.11020358568459795,0.0059410180249194824,0.1600804972506017,0.019617783897886876
0.0953424677189767,0.15601344912045664,-0.13428559055877964,0.2682622070964725,0.1587958831275865,0.19466762870663012,0.06193662145094697,0.030185896431812055,0.1408038866138258,0.06356456751574809
0.09921905576523402,0.24400927258237387,-0.08428612249772363,-0.046936582808348754,0.10147146686730708,0.11282815132429233,0.1271796426334464,0.2469765123137976,0.1669707149223315,0.14265428084687465
0.14057924881110553,0.033696840945284426,0.029138961766159044,0.3333584365463925,0.25219560702181365,0.036917471429616225,0.27643307961855296,0.09411843811880152,0.22866437458771377,0.03661433151821231
0.26690182718849703,0.12745181504233732,0.15958238422614957,0.05508728227213874,0.11073364032365775,0.0744284237192467,0.2242006824846468,0.11713056577472503,0.11596519044489086,0.13603509497617217
0.13433570112088944,0.10272306666569951,0.2975986278155076,0.1108367332110338,0.33659260336653946,0.11108376179375057,0.2756789890016359,0.0574860392198537,0.21732248388761166,0.25659844405147314
0.06266455232651069,0.1922825807604849,0.18255190169296376,-0.03885823873007416,0.24441278170064065,-0.011035915328188345,0.21598587738621025,0.17858970178463607,0.2942636174773628,0.26415805889649635
0.1732519417318191,0.299184710734738,0.12804251734175168,-0.03309494802498347,0.17552013312559356,0.16494981714009474,0.11699688765755528,0.021108876632431856,0.3086091906537014,0.11754764144961266
0.19095899903885977,0.20163268919985272,0.23654760113299278,0.0064533993669973755,0.18843483618229923,0.1493394412305962,0.2735859349970391,0.1874472354696192,0.05776155492940832,0.10434961181597975
0.25793609634018044,0.1580476536705487,0.15681312178066678,-0.04887141705425223,0.15259166087975337,0.1922755659476166,0.15016578565313005,0.04303531197524302,0.1298607529954568,0.03515658151100445
0.3421546485349666,0.30056640111849786,0.1569380652328909,-0.003619050589431405,0.257807673355784,0.15294155283707256,0.04122560958708685,0.22387133591181851,0.3576260361870838,0.1179295113678489
-0.002571753369499802,-0.031148262077297595,0.052110917343310095,0.13921320385563168,0.16231934210165266,0.07799561663520768,0.3315330444592471,0.22326906487054354,0.006622118842032065,-0.02807776272574622
0.04142787169453152,0.16671133216296277,0.07311764208495625,0.18201025595999332,-0.021022874287737803,0.07627790883747756,0.051539959454612275,0.19622363909484766,0.17623011955839002,0.038128060340887136
0.1628573589586512,0.14072872930131716,0.074361998971876,0.06843017663411169,0.14540379694779818,0.050924026814005575,0.22698288422496343,0.17681893455414133,0.10770846292925464,0.16630262509925026
0.26529529102993776,0.17228809295052971,0.22297566813660957,0.052923723330500175,0.2154122523718609,0.22534764704761295,0.15207583751029866,-0.043114601349458756,0.1646871709321911,0.07138476979639208
0.2611617811491944,0.16655525365700177,0.21858180846654035,0.27934489111884286,0.10417028802699471,-0.05351123331646267,0.02374785969310328,-0.06649694007880563,0.17876032400397718,-0.016055711218604427
0.15825146164747464,0.250852679091111,0.16009078758112333,0.18934947050769713,0.391118577034262,-0.02394080572707105,0.06780411706066347,0.009329120189142212,0.09238241591756609,-0.014654177814725278
0.13856025666438165,0.23676359897453747,0.012305716560579494,0.08282508319444748,0.1292379546942804,0.15923311847429045,0.11532474757529507,-0.11057113911551072,0.11357049808509015,0.05078287452619143
0.22826554981617492,0.10877921492747826,0.0632221530991753,0.18602590154051568,0.17605926048528253,0.08717973485722075,0.3936094861378008,0.06049443317400142,0.3986999236490918,0.13512071518534027
-0.02697440360043929,0.10232734559527891,0.11456766118527109,0.2596289573660715,0.2731967747599924,0.15291614641139104,0.19230941277083505,0.12726928378960517,0.11548020644858165,0.09235883576086137
0.2335401808365541,0.052887824001895706,0.10556663488919754,0.03253420185583744,0.2612288339182858,0.24234102599563018,0.2178545257499121,0.1675082700587498,0.14535163073883195,0.20350122194045275
0.07205993526147911,0.06573088282707158,0.10382711404362405,0.19680722383767357,0.2962018535097067,0.09843860476107623,0.22738856547743413,0.24414208855962818,0.1346293722964668,0.25231288435076726
-0.04353757255531526,0.06017371639259683,0.20612703511605962,0.1541304440484872,0.26944150441384396,0.36265690823688557,0.09729822933744206,0.2776418530983227,0.1151761305131392,0.1746717326250161
0.34464291684556425,-0.0016534388699764313,0.33679339899842275,0.13806790600502472,0.18974933039118347,0.11030689178251692,0.14062935967752568,0.1653608985989704,0.05432682360896015,0.035884853114367066
0.19164700938253718,0.1940981713709817,0.10821080556482482,0.18700536754975894,0.10691259965384686,0.5878461760170981,0.10850825038146217,0.15997397566533156,-0.15350237820813314,0.0697943179352931
0.08502793276252987,0.0988322098835261,0.3051397391114787,0.23698304146385568,0.22953576317581276,0.19734353053709264,0.14262722867169667,0.2544051735019517,-0.04114534652408987,0.1450963830524517
0.2114688355507806,-0.015077073673066849,0.09453450526227114,0.19777464807280604,0.13655811315763616,0.06249422828835248,0.16436685484468966,0.25456843119134637,0.2760186239522382,0.03212907190000011
0.08656271344821392,0.1944850784562,0.051118385897915744,0.16061354227641478,0.014523440253975076,0.05657984185124307,0.17351904979704308,0.21573981414402743,-0.04062846506758848,0.18981097932766344
0.11994062270077425,0.16110808622847433,0.30548020783126373,0.12151730076939038,0.15361629379438468,0.2286371568356261,0.06295845274216058,0.08264849876153535,0.003220147126019715,0.14003031698405263
0.042088119173573996,0.12939003706686697,0.052626174104042966,0.23925310365977126,-0.005556480193134622,0.2182537758106698,0.13009672607594872,0.13580714138901492,-0.062274110666033,0.015238923193716405
0.16286409850896583,0.27868024364055005,0.06592688659171372,0.20627924197122546,-0.10906803378103082,0.18501154644774898,-0.00544391845392056,0.061009575860867304,-0.07002904981530912,0.17911215774751452
0.18371096650815236,0.1333502198127677,0.10216033494366882,0.12495217778191928,-0.0700784726873146,0.230909159594053,0.17839369804374605,0.27970530775586655,0.008055248956190822,0.2022023986172394
0.17192383649704887,0.10238302098544791,0.11872648265958388,0.11547477628825936,0.03796927213803555,0.020454822975877515,-0.06119414875083529,0.0773553853666805,-0.04965188019405786,0.21480175685553127
0.020154309358793476,0.11209684920678259,0.0900349125330698,0.14086406983338093,-0.004769859215077112,0.11439723730327547,0.03675685845600628,0.15737328958416202,0.10197829419011799,0.10643389167085521
0.10293801496950715,-0.001797590448556756,0.1582738192488276,0.190807970932391,-0.10927124506895271,0.2259026136163222,0.1857184091944436,0.06639069068833012,0.09806055624382248,0.024358143122382353
0.1483185732815018,0.09836999921964303,0.13622959645459573,0.26047580984324,0.10357476392241757,-0.0252925023332876,-0.043330953005188654,0.12145166612632459,-0.09352213035306212,0.08823054270869951
0.05941093743741027,0.1702398152405262,0.2534185350769275,0.07073630941051579,-0.13871750280875736,-0.04977590907241474,0.13063014989320643,0.03203994486767785,0.04601043922684066,0.1453749512125675
0.22912638287851234,0.07583057059388094,0.24614398702586326,0.16998088654769866,0.08166895913808309,-0.001468114538415239,0.002097620086793456,0.10549254624978618,0.07105895095443403,0.021280621397883392
0.1253390342146065,0.04054247862736002,0.15630117814248312,0.08163352928688014,-0.09242698925094783,0.07575787344078655,0.24863167985155585,0.05089327018564406,-0.016261963056667827,-0.04094635573962241
-0.02536165655210401,-0.1296995862817043,0.08043789290019604,-0.08461837295378455,0.15528529533140065,-0.07236851291945288,0.002245877218752766,0.15350234009296448,0.024879613811269463,0.259607995621677
-0.13868897509029784,0.11042952856062485,0.08168870871630014,-0.0977330697636329,0.07913075072502929,0.03551813399902184,0.14299225542033403,0.14686199025024393,0.09171982126173141,0.24159022894415266
-0.09443813185727416,0.04998533712641463,-0.1068125909681431,0.07844052952991491,0.03898574505246892,0.20876027794998608,0.12010507101642873,0.12211949787473181,-0.01785641464285441,-0.04115758634963303
-0.08975374053207932,0.1160540942453997,0.004243967604578534,-0.021219318836081583,0.04113262711898796,0.1893932434867714,0.082273771698348,-0.035197796972609,-0.011258424184375013,0.039641688174486656
0.009614782797858623,0.03739537079782883,0.09139329260840487,-0.08065194067229275,0.17483541403582342,-0.012247436238877502,0.10378578834395792,0.10092857089260797,-0.0645113815931493,0.0734041899743477
-0.08321689788817774,0.07858589331637007,0.034044405295348426,0.033915848176601864,0.12341732836792775,0.03459269222656998,0.06076929689886055,-0.0656002863828272,0.1339059258570449,0.10199014121591109
0.1413690008062629,0.07190150843443001,0.00401156331443777,-0.1370392657158343,0.1542504973178926,0.276974404478062,0.010315197756590691,0.14497618564920894,0.03455814252602083,-0.06739988141985907
0.06606051476882391,0.18268481862896266,0.252106812580644,-0.005073283669393795,0.12701632771811117,0.11590716977841525,0.042398888028284606,0.1456727203599617,0.054404257367319686,0.016192630847103994
-0.02119657310436679,0.24247087656292607,0.05086969100673778,-0.05593000529980091,-0.00977894421336506,-0.08934899914489716,0.14019258015373082,0.13425444331917671,0.10084613927692819,-0.11131434673024825
0.19701488236551676,0.1893237451737975,0.19182782633712847,-0.0556479619332652,-0.05102468615337588,-0.037248725480574965,0.0943391745945255,0.018502232135254273,-0.00029519452851488326,-0.0665576310014604
0.23494569256987874,-0.08041440577677442,0.07174271351845955,0.06315646644961367,-0.04420933322802617,-0.009705875019806277,0.010628506021926318,-0.015853199479802564,0.08688977973980319,-0.09948311462191049
0.2273291740477551,-0.24493165085694124,0.014028709369866867,0.11174796607849571,0.17224472790322654,0.14833827088144333,-0.18896141632898208,-0.031192143242270924,0.10933676124575427,0.004856073692585746
0.03651053904363493,0.036862854062630186,0.05971896377499393,-0.018058482871774403,-0.014402400055281442,0.07662830706210014,0.051766722216997775,0.12701114127652707,0.1408641687468016,-0.13102021016892793
0.12280189460373862,0.03599305197026058,0.06540031848789446,0.11621206857791734,0.09118440400778405,-0.15791350995809064,-0.04547351797944836,0.02301782265766572,0.05108775316279725,-0.07887637765444563
0.03943383935575337,-0.1443378665346022,-0.11755859281727007,-0.12503556702136898,-0.1388504270601357,0.06374056430419701,-0.03810512237428086,0.20338137260435327,0.10028400204612062,-0.19567498659302135
-0.03567630699290626,-0.17894394793217067,-0.05732258927110181,0.1588167484530432,-0.0315257186675387,-0.08601431220016557,-0.20757727188749098,0.0030175367648922063,0.048593836736395515,0.02207543885127132
-0.06489049300656971,0.012950538580457777,-0.06636127425855627,0.0369843763571851,-0.025846326916051512,-0.03928498386244625,-0.2473288098802446,0.2638067948433842,-0.11174782881978168,0.028552522534978003
-0.09269054535423751,0.014304067337241141,-0.06897081096137203,-0.18274253544272387,-0.02905081200200685,-0.15744709766170936,-0.05901077097015729,0.16535814299534365,-0.09089130055087011,0.10518190033442121
0.032518183068588905,0.12283201281412458,-0.02920699151424732,-0.030584408804717682,-0.11541456883358887,-0.13579346831583514,-0.03523563198846063,0.18995064788889307,-0.04328546804215907,-0.06059670530886102
-0.08950783837033532,0.01759619220955655,-0.18230826872856765,-0.12177944485279635,-0.10069699685622072,-0.0679082873089157,0.006913871045138263,-0.049900083751008066,0.08387121752546611,-0.24305810271294706
0.05978626954933332,0.12409726316165832,-0.24768681101221757,-0.1305287060703424,-0.1306476134328453,-0.1465740669814128,-0.04295683216140675,-0.2457250317518957,-0.0775704303992055,-0.01493913977992175
-0.0628200215954594,-0.09187075958412846,-0.2217365006787172,-0.11922645422967768,-0.0177244338119375,-0.0016149302695105533,-0.061773345874769056,-0.17085255661434387,0.073229721670171,-0.0015744584927654265
-0.10357696395419722,-0.06284921100641863,-0.36627395110068933,-0.14983563846632664,-0.15330446427724553,-0.005222144521839112,0.024090676221756535,0.023709093981374857,0.04747041555196853,0.26568693801201304
-0.09450410249111127,-0.01197400119202953,0.04241393764152229,-0.013408397298493094,-0.11643262105025592,-0.12312069988466678,-0.20347739093194628,0.16418123794542158,-0.06654669123610832,-0.04814909486842896
0.05328930680389252,-0.07885014907596209,-0.2956330825066108,-0.19702444395014895,-0.038731194409364615,0.04497928231719485,-0.05195146156051515,-0.15578409876031507,0.11945073842564431,0.04192156679184637
0.06447306427993763,-0.10938089407385404,-0.01905075484955568,0.10318472452801039,0.02501694771286446,-0.07266215659491768,0.08201661563495286,0.007774483784139644,0.05337240844033109,-0.038233408451498016
0.00878504167478918,-0.17317336835827923,-0.00981935713111208,-0.03231197560099064,-0.10442304950080747,-0.10706804968407979,-0.15368585212664926,-0.04692650492564576,-0.02751117901011542,-0.003791640401431696
0.07291363279577845,-0.09611058820017454,-0.03615163505905994,0.06432509634934569,0.1040088691761055,-0.07255603661932253,-0.05171955296635325,-0.1504561980750526,0.1653438414015845,-0.08089962860809856
-0.003507319354169175,-0.052040478768918846,-0.04525282854294473,-0.05681795876948455,-0.2013340821985679,-0.04335785154760636,-0.0928451290729594,-0.051868215093005224,-0.09762067431437468,-0.015696514209448068
-0.1530959054022336,-0.16222176179778375,-0.1325833053354341,-0.1316874449077904,0.139829668665886,0.060703767422425975,-0.07239533206392024,-0.08127735180414136,0.007159975200289104,0.15074800494908835
0.010703150710777584,0.031629678203267404,0.00610645037290132,-0.05439487460660206,0.15120545127036275,-0.21468701087553482,-0.0031987917751827803,-0.06789955071116058,-0.25268677301680775,-0.0017724677079744011
-0.11852804756924849,-0.15991833898952432,0.10159650446468277,-0.19506777386618487,-0.08434805277791221,0.02362810363651536,-0.022151353104956164,-0.1445191452977842,-0.14650437539966485,-0.21911834297847663
-0.0008082277754564784,-0.21174722922680192,-0.1269042862798307,-0.12115221429157016,0.11509650723662322,0.06454327275304,-0.08061034308595862,0.12456223079960183,-0.13876406344725434,0.05379003814256718
-0.0069456814226182065,0.06573386615142762,0.061398948001801804,-0.017994742267986273,0.08859769784573841,0.11779253393291128,-0.032324209593759146,-0.022949932309738554,-0.07332605140400222,-0.059775614878424047
-0.17826486391597984,0.09774744005831022,-0.13134866689160785,-0.059679098672820896,-0.11728444310610922,-0.048074206450430576,0.016674267163569297,-0.07420562838308783,-0.05084882216841004,-0.1520691241097376
-0.1296281015859994,-0.12415929770124616,-0.009688556504653424,0.00942540651788601,-0.02681766808176139,0.03419038167618463,-0.15861227148412793,0.10128465929186822,0.10584121713381192,0.038488354446677385
-0.21169465774324436,0.10046738282905325,-0.10269851735300656,-0.05349346092768052,-0.1454815759612103,-0.0653128785195959,6.0238617144534046e-05,-0.16080503285591735,0.03417536630311344,0.027927253078587892
-0.10393920468029189,0.04754327920052041,0.09349570650148634,-0.11000321573217473,-0.31805956825863657,-0.11563576303940937,0.054550557628536236,-0.10906219396727351,-0.13387288432194538,-0.11757928243264265
-0.07354388767376711,-0.12104314103291353,-0.22487671127196635,-0.04328865934067183,-0.0658233621322221,-0.0170418370859576,-0.07727318998570304,-0.04521565318970826,0.017826918454820734,-0.11738264731958806
-0.0800648740694814,-0.08534828919381288,-0.054227636596437916,-0.033841854478566157,0.08550979853132441,-0.0564869003614116,-0.23127305701564985,-0.007660060775413521,-0.07344692354431849,-0.12257528923112324
-0.22394845161365784,0.09630503830175513,0.17027845800932084,-0.03487769217060235,-0.09315837568238586,-0.16456744526434422,-0.08792480624496359,0.006272671185488243,0.12292792254599097,-0.10799374142102107
-0.1744866832652211,0.011957076385852403,-0.12788133535749718,-0.16237890678052772,-0.15921777207130255,-0.11608519463534481,-0.04108093725306998,-0.03810637872623292,-0.03129924430872433,-0.08298470623145315
-0.12319226954929577,-0.18119923993887624,-0.10519189011148193,-0.025110920005374265,-0.1531387782292238,-0.04789475483898057,-0.029911681813051996,-0.24869114673646306,-0.14460735267708333,-0.11287935343943384
-0.11755005144509752,-0.08664349144920502,-0.16216337914776233,-0.15796431110994352,0.030855533105387717,-0.18882925196579697,-0.16528251345743494,0.02451413889784794,-0.09277848570061203,0.011977683893417426
-0.06684637994304642,-0.024557422529309897,-0.06563995580026752,-0.08493936497592823,0.12753466834899463,-0.19618128735158546,-0.15946687020274924,-0.23692994631634534,-0.019781192429726507,-0.05698067920759824
-0.001528540753509236,-0.11521337714215452,-0.06846437761117471,-0.07239035562185978,0.08188575741392294,-0.13269801138429324,-0.01679067814528367,-0.1259990887405625,-0.09827358024059782,0.012697608947784642
-0.22058838637753586,-0.06161041347745454,0.11520884323050376,0.05200242675492156,-0.04951418245638323,-0.263980495300873,-0.019353508575895205,-0.020382007950779116,0.07879312830222297,-0.10395821614033679
-0.25097051822078326,-0.1180114441637333,-0.024360379005732596,-0.15059327245158186,0.06422939356163138,-0.01858941618593534,0.007836391185022568,-0.1765932492021306,-0.11738592139863188,-0.10752032736802968
-0.19373868264724264,0.09614289784217067,0.017444845966199128,-0.0042069148266073025,0.046566012852132216,0.0855039260925746,0.1216135429111467,-0.016257448391558196,-0.009712581076630825,0.039696064528849224
0.004451887818640421,-0.07501650120993765,-0.00468582841344619,-0.1267673961209778,-0.1449327255688409,-0.097302027011373,-0.05637503370708981,-0.24696132651711616,-0.14690312550392515,0.0789327124404598
-0.10242815067163345,0.1523368034964077,-0.011342589505372792,-0.09350578278854027,0.013247221664617493,0.16028230526084988,0.1046040961906277,-0.2897986989525658,-0.015482518268987236,-0.07826423487473586
-0.11654981300790612,0.06609344696125041,0.037873460232975845,-0.02328246498715179,-0.03841150539653293,0.17256176006092122,0.17099876137951736,-0.0694812137183471,-0.07896064574018437,-0.07293298426851913
-0.11858192018503586,0.0558563829390131,0.0035905226558244465,-0.18565890697964893,-0.03464902881884016,0.018752639102055005,-0.020596709880213657,-0.14979131545787827,0.02661137525836857,-0.113370602415994
0.008239129411588053,-0.0008090905627438569,-0.029533459348928474,0.05884193892171166,0.11689836513194075,0.04513205457797605,-0.048563070086191915,0.3091722579770207,-0.022739348897845398,-0.015347782676726245
-0.1999327747775529,0.07743793358997283,0.024648337121590373,0.029481694132355706,0.13155568018289657,0.031074124051984002,-0.03754476301187809,0.03102053095377593,0.009339712352440702,0.017333383083602605
0.02662653623411997,-0.17208399963106963,-0.004629104303124305,0.02055165722430314,0.01623141785298586,0.045305682325067195,0.02730390524383825,-0.10947034460059393,-0.09997669126632441,0.09660183690589444
0.06492263870061804,0.1037219924436674,-0.043543982566603114,-0.038675648897652064,0.13918469444519746,-0.027046233646799617,-0.023129461432866205,0.04588591578896354,-0.07480069348532542,0.19603666640045744
0.03775312770423347,-0.05409637737629304,-0.032743943979527505,0.040917387429803026,-0.055844730271428555,0.07768586136878153,0.08674179758188158,0.02807420936197385,0.06193934340029948,-0.03897794315400552
-0.10941153153029415,0.0876707756258032,-0.12020672733820353,-0.04878108482003194,0.05386714977638726,0.13839799366056998,0.07693906641038495,0.08074198647273859,-0.024554662179964673,0.13112686092116432
-0.07466689450484768,0.06791383891052816,0.08501081693928848,0.05799342488499619,0.17736889583759863,0.05995373192813153,0.1914056271608957,-0.03810248907861194,-0.1450889867286496,-0.04856027969706252
-0.006885406538783999,-0.00827307407508808,0.05586728834584278,0.01580081390619473,0.17424959006665494,-0.002042860156241541,0.057188403621386726,0.09473640041256948,0.0424366578405726,-0.06051695803865927
0.010177581732487926,0.11180863429291771,0.02505248066869286,0.07048043509530065,0.1103579138603358,0.16016426995672994,-0.04576386841045671,0.026985975620515322,-0.06272922930597555,-0.03288401460839977
0.04395439869246605,0.02183701323366652,-0.08666620012067254,0.01651111294374718,0.03873268695083359,0.10498064229613632,-0.04879163453640917,0.22244494983526084,0.08357779813505496,-0.14476500002983836
0.11500800281251083,0.12159406727613238,0.11323641614069208,0.0192384087881923,-0.225525067990319,0.07391839447631718,-0.007177223210360363,0.024852922396466942,0.06198700613952309,-0.09319680064894355
0.13458779155710496,0.024594870370918558,0.07088933084241145,0.028884485958756485,-0.15017963301104992,-0.1943500910134966,0.04897087315345003,0.1792218495554211,0.06814642407110318,-0.08882526838678198
-0.17222340561068156,-0.003757346177079806,-0.07261395066634334,0.1391116617151575,0.14712687211072292,0.011009359495966708,-0.029272634344403366,-0.06689655263417119,-0.049877347326618804,-0.08401665130322344
-0.08655936266606609,-0.16280276730245807,0.04311144938807654,-0.022392919584065005,-0.08294155762060983,-0.015959583431842866,-0.0008480354217435468,-0.01356074310551947,0.02441970905416004,-0.1411794268353312
-0.14522735998814282,0.11385444187437115,0.13224751655382821,-0.07698040826230268,-0.06848282168224833,0.03318693161467009,-0.04889289422222333,0.1925270496406671,0.043568606717816344,0.06619858200296908
-0.024832638779582042,-0.04829666042718968,0.03542012307020344,0.08396460796935191,-0.06346831674154714,-0.022314156994627604,0.11062551735056445,-0.05455173582670378,-0.22860599925541436,-0.27929133172488896
0.06547571679482837,0.03249581749401046,-0.011629071153500436,0.06564369782905405,-0.14251441452805166,-0.0866704797653945,-0.049610543650851345,0.06492161033842665,-0.06106745194102505,-0.06255863751487308
-0.09403228182146856,0.13912582017270564,-0.10055288977827084,-0.2254207837684957,-0.19192640848464831,-0.15810692740534646,0.07540627578820769,0.0031297492196691833,-0.004994142915493015,0.15195803584343043
-0.31871308555974853,0.037074956279019446,-0.07640621131176552,-0.03624823440739494,-0.2069371013092851,-0.07735063918731137,-0.18122282545494423,0.10983693658574133,-0.018031745206643305,-0.030996561396900414
0.0991670019282751,0.031227422693011854,-0.041999111317655845,-0.006383908245665509,0.022520565073164342,-0.08770727134723548,-0.08200759136202204,0.008834537185023764,-0.09013861072740997,-0.12984905791510243
0.05948478515904675,0.012927139850342766,-0.09318476587056371,-0.14032997674322523,-0.05804188493097816,-0.19240999802020173,-0.03607886492969284,-0.017981977693320585,0.24230531810707712,-0.18678270730288832
-0.19827676042081316,-0.09593538335497834,0.07928040415306391,-0.021428263087335434,0.11497528397588243,-0.00702745400663711,-0.08202074258790906,-0.02840248077225049,0.025004480271036605,0.06973238552223476
0.11721199846492586,-0.15660484801143035,-0.08440543558420177,0.14762665512803075,-0.06432458221873603,-0.10375888494323984,-0.06875194198051168,0.11859572138081927,-0.05897030684874887,0.08530469100511846
0.08940999671482555,0.03956236595718617,0.2174211616713272,-0.021835546512644695,-0.07921714613316734,-0.02443049383383282,-0.08436163826255366,0.14291803822968965,-0.09026906275325691,0.12094833270014888
0.11306466030971211,-0.04456635113296533,-0.06445788234524073,-0.02504152752514803,0.080511683436183,-0.04245691385461549,-0.02679578575674424,-0.00831244598120849,-0.09102037297654486,-0.09906923168841485
0.03868567506648059,-0.02655838823793864,-0.049740625397903235,0.1617353563141649,0.0923017702989528,0.10561568741288799,-0.1852484007403931,-0.09822808623953229,0.15826238482023156,-0.0698187213850999
-0.06588867446669211,-0.06666866987938772,0.05593735441042072,0.09888463505119205,-0.21071026632610237,-0.1616604373033463,0.07572513524808619,0.08016679055859491,-0.09590387592107398,-0.08884748750290056
0.13005554764517663,-0.12967443375410587,0.1555102878302097,-0.10896386467088459,-0.2168623314620691,-0.07341152430369849,0.113625094672061,0.08989399346032342,0.07483136971776673,-0.011752460486932858
-0.0766500512802737,0.08076782496966767,0.10334886116512593,-0.08652220496676195,-0.008702555499877194,-0.06252432018335098,0.05125277064174412,-0.03274218521708858,-0.03764117131476012,-0.13389620843758024
0.026160689912822756,-0.16896318799890078,0.04197918611243552,-0.21926353135359045,-0.07731445252962338,0.03317110282165858,0.0029647293761873583,-0.020952767787003262,-0.016840859960490256,0.0291667796173048
0.08875186880894623,0.021961253518880067,0.05389099258325359,-0.10297624815222699,0.09986879451862513,-0.3091355010534714,0.03504181381603402,-0.09991239916822577,0.14001488094424777,0.07759251114477009
0.05216578102858006,0.1994645001508447,-0.061702674153547715,0.004936430832913369,-0.007375021592759885,0.004369017165991265,0.08486755425568067,-0.1310021680901982,-0.0227962094141337,-0.08026516378503143
0.028231353107793133,0.05069818507764374,-0.08207264833928529,0.04768015985007584,-0.008696175948229162,0.14250094742055278,-0.10054590385140805,0.051071351515786824,-0.029817321059681635,-0.0179067460689956
0.033706517376044486,0.006061626149636668,-0.026317796357781822,-0.08540604379919639,-0.06942269375951199,0.1607327110855095,-0.008641443236982654,-0.0690388058598495,-0.17122132188533307,0.08927802942998536
-0.08737040910233936,0.019737410602210067,-0.05901453072171607,0.06491467274776948,-0.09255292146865912,-0.1187575415271721,0.051990867441087156,0.19692185056781888,0.0048974277808091285,0.06421862853599301
-0.051143021727894394,-0.13011871632086658,-0.12848834540603607,-0.013696459812755902,-0.23024260212666178,0.008299531805673114,0.0028915941471221816,0.10286143295061079,0.0037829231851732002,-0.11385458824267908
0.09104219644908754,-0.35912257021499283,0.06423705910389159,0.13098302473297765,0.10705227898057876,-0.07561448651247862,-0.10004956695494166,-0.09116837539816222,-0.0028950792755288307,0.06805509286059051
0.007407807422829255,-0.21241817577756592,0.06399281542950226,0.13616716794353517,-0.10703814703343087,0.1457815933097128,-0.13332856605728055,-0.06818088187876058,-0.09393243841472196,0.16148097978351378
-0.00810703917965681,-0.20870865593418583,-0.06463649550213775,0.0736532530142622,-0.04863874643025841,-0.1020275823397951,0.011026769577772468,0.17978065447671004,-0.016705533163159467,0.06753706653474514
0.006263765945047052,-0.139452810448848,0.0005003469817056773,0.19414072504924293,-0.15123777504586183,-0.06842092597792043,-0.009852845684247467,-0.22194408999199638,-0.03699464046815082,0.05491246909251773
0.26160895192593453,-0.0854409019121615,0.015231267699229115,0.005182744283971169,-0.03818032090615925,-0.10211707837426424,0.04153209029810732,0.026465413555808014,-0.00833608665765373,0.16095257367065727
0.09831754713568296,-0.2111650113058515,-0.09199024166462516,0.0233720491363745,0.06069092539129366,0.033832338798071765,-0.10371463174277828,0.034679281418797864,-0.12218575372392446,0.09078630921017292
0.1511060936373981,-0.05203126230674532,-0.12681705244494035,0.10277151932132596,0.14048498737813883,0.03795141886053284,-0.07384036434812477,0.12202654412603667,-0.19927112087339277,0.14781666707437754
0.3003885031881579,0.23040840923058903,-0.0055803747374819496,0.2212609927224549,-0.02167353913025899,0.21151799660193685,-0.015196063184278914,0.06050245526873914,-0.1994099354645204,0.08035844774405748
0.24231651669157775,-0.08763147657201566,0.05374756300267766,0.1238295987151426,-0.1786343267727572,0.11855045142018542,-0.024647564247851313,0.1215043018636235,-0.08667859962827866,0.11615696136257889
0.06621510856102264,0.10822110446527722,-0.0813331059760826,0.1939547795128632,-0.17789710503452594,-0.0010896912362648448,0.18788903551676342,0.16403687928913976,-0.0068348650183913465,0.1130245475507409
0.3615332574278851,-0.09410593062477035,-0.06979655493868411,0.268866253162976,-0.10607451233824094,-0.022270426925000447,0.06709769719989711,0.21181725183933883,-0.05808625301593979,0.11218910890470943
0.11171184558198669,-0.28723423692655137,0.12389806472429332,0.20753468220333998,0.02087548641931107,0.026562929690385373,0.016079361755484887,-0.10307608108369326,0.2296098439131028,0.1390533742998373
0.2926368064006256,-0.12905019516120864,0.19678917393714807,0.10035787890604465,-0.03131298196390903,0.14243847650124572,-0.01837306036504375,0.047047601225138194,0.022608092620792646,0.172584457268974
0.1456936130897681,0.04680928015893858,0.11143126239423672,0.04717923564310454,-0.07688104149933876,-0.03439892248974157,0.09726474861796863,0.10977145535405798,0.16164247053298247,0.041114364011677396
0.0812469605596398,-0.0669897063025864,0.06474093865391789,0.11412778814566239,-0.054597916675424504,0.03300934187564531,0.25202533097320395,0.07231619029455905,0.047681201443380894,0.054467603707632435
-0.03994209832752835,-0.10990087590592493,0.10698445428290565,0.027510871054697114,0.11447921403311948,-0.09156002989484836,0.059949382793864296,-0.08585248471626146,-0.018704999860015968,-0.05022718338652421
0.18420915436184293,-0.10584659082339892,-0.00680007250891812,0.11914206186676589,0.10036878756420343,0.08871190261203007,-0.026032689581154296,0.10022035781300413,0.03848543232109521,0.015702123262370235
0.1455032268438427,-0.05544437538304547,0.03654450747805273,-0.06740738997900192,-0.09306640496903353,0.18398281021856439,0.02947863936332941,-0.039715315443924204,0.08739691989425993,0.08055329060778299
0.07562473147966185,0.01626004875490162,-0.1057924516143848,-0.15141099085182647,0.055515486772618416,-0.03562841215641521,0.0766554611950703,-0.021975007348735545,-0.13060298075041157,0.08127817820999914
-0.0030830536235849915,0.06131172032772286,0.09875786718772271,0.036239713356503125,0.07654185490764324,0.059908811554398075,0.07672633433504887,-0.009112605381341121,0.18413138966267537,-0.05015898860118783
-0.04292409146906602,-0.0605972552122553,-0.03747251300769314,0.09658253227849795,-0.11272242725585602,0.05264910529056854,0.12122910561432809,-0.08157716600445919,0.09400590818230252,-0.03787255141970816
-0.10002940996147341,-0.09080630213518084,-0.04462351424475018,-0.14788748238922977,0.14539048869186105,-0.11511933580949996,-0.03016758902146484,0.022942134601627237,-0.07401791791453152,0.06780555727594864
-0.009438295794326042,0.009040754156692511,0.002130582220675888,0.12513636181465848,-0.13446309304215845,0.003375716488654085,-0.044418677619326795,-0.010963995284385027,-0.033692102136915966,0.22126911965213444
0.03329516630258304,0.026321065762221006,-0.04517597240652982,0.15265501401492168,0.026482478163062907,0.0458475410109012,-0.23072021638183374,-0.19069467822172081,0.010343020388875485,-0.13814748197536486
0.15564167332808854,0.044664386723013275,-0.0968968944593229,-0.0007243166386106994,-0.16348803557402314,0.08375919054712185,-0.04056346097728848,-0.04812769519403136,-0.06931346707862865,-0.09866715430319985
0.039509255604025954,-0.11249034646158329,0.038046729960060824,0.11694437469891428,-0.07021836716800357,-0.0734176825947424,-0.09118798281101545,0.0997681475340035,-0.08797442791727607,0.05745552749980956
0.10292699885172815,-0.07242707663248844,0.1867499604661057,0.1902661576135536,-0.34686854369222864,-0.09547544421753235,-0.12890613856520794,-0.09218180002428099,-0.12668599089963797,-0.061976099131930334
0.17873764130500314,-0.17679451111864594,0.26894955823467676,-0.06336111958382144,0.02547394289240626,0.0676806753834046,-0.09339885030694235,0.04731120861412293,-0.07415157226235491,-0.1177035533229853
-0.0194696608377549,0.06306175675249609,0.1654137418697476,0.04109843440880836,-0.1715980337202289,-0.04612559627545942,-0.10363543436197942,0.02535345445521808,0.11552062192045986,0.06386319909818411
0.22813537558248492,0.011767140071696193,-0.03574393200327328,-0.0809613951673702,-0.04831549737240907,0.015898485415688418,-0.1376583059293392,-0.0889727182617093,0.008087773972364012,0.06532017957710864
-0.0628010526700096,-0.07879668336435855,0.16976331817397888,0.1866945377409988,-0.06461216638046688,-0.18268296096981693,-0.1448713922118171,0.054327507178799396,-0.03288068542164923,-0.08958480166855651
-0.1501703584301522,-0.019868690653132463,-0.06832317845936457,0.15087683688959352,0.04453397884186866,-0.16362623422286982,-0.07650297098196278,-0.003362188210095829,0.08665248019656835,-0.03904851255154822
0.004932100676326667,0.08848927293566275,0.17612254478384487,-0.025216570806198962,-0.05203705307448485,-0.052026082042767104,-0.13039559283469296,0.05263348378654989,-0.1876474571077162,-0.3123618100431888
-0.11807871401770609,0.1694466758215626,0.022903593954189914,-0.21643068720380726,-0.10694305197184745,0.037523115317710104,-0.23988242385964897,-0.1775383904707432,0.03650716645985036,-0.04400152783101835
0.0760421307043091,0.02180668719484418,0.03586990290190693,-0.1906487408180377,-0.04517365129276321,-0.020830110984148324,-0.03725676003204362,-0.05550159160207799,-0.05659880880589015,-0.0534707711458959
-0.2332028916173134,0.019446752130575215,-0.16701202641644164,-0.1148614351603617,-0.19332162051496532,-0.14624685297591283,-0.28846998837041143,-0.03947796619881019,-0.14689226739139202,-0.03499043113684336
-0.06524128787358925,0.0013729677638850205,-0.15924794096029946,-0.2032279599293325,-0.08676735120390083,0.09040272716295142,-0.124772887055798,-0.27347325479032103,-0.08255030589967566,-0.02977760675359223
-0.040945683886521256,-0.21870621623329584,-0.12197853700384506,0.027718078652194,-0.04768969190931077,-0.08833737872139064,-0.11346912732702964,0.07926969784492467,-0.05128645097971578,0.012501776019936156
-0.07855872740761075,-0.14416750241276916,-0.05459443405663093,-0.2584681990846507,-0.024498609493159795,-0.0467943171149302,0.10919037336539725,0.11558252891764192,-0.11077267032292264,0.05337195323327898
0.25090748225616666,-0.11165326733644901,-0.09482803597655363,-0.05277904371586944,-0.15483074951016695,0.0481008989168087,0.07301329846078645,0.0005681819216296,0.07188830573102808,-0.017019844944946128
0.12310155660426597,0.06358880427236197,-0.0845535400177271,-0.032004551373272634,0.032806555381460864,-0.16513772533466542,-0.09689151209820611,-0.023915684618918135,0.021698498141757,0.020191031262928722
0.09290933842697596,-0.0361137285474053,-0.10460224849466263,0.05797542404353477,0.03385100171014861,0.12417088562804812,0.009748619459413368,0.00304023461272274,-0.028015878436300563,-0.05387852709415625
0.12494539513941127,-0.2587435669066038,-0.052215131279268204,0.02841522061273785,0.1816425678730465,0.020993720656647986,0.0797652260119848,0.03036708281562808,-0.062291017918406896,-0.008613914723986111
0.14144348961690745,-0.14794536800332275,-0.0377781137572644,-0.09047626859181879,-0.04011521335611515,-0.1275264010307113,-0.002009776763377047,0.13213381527639914,-0.015771756531567864,0.005059014779681363
-0.09035218789100027,0.06546449766811455,0.03395470490829406,0.013186339328678819,-0.03162880111097621,-0.1512887607150152,-0.1302771006185158,0.10125569457714399,0.05879343346959355,-0.07730377527734755
0.15334685548259333,-0.06940297861411432,0.003732194272322225,0.014338367622727312,-0.010661212035867115,0.10104495348455023,-0.168832208273096,0.1531581503857175,-0.06650223945353416,-0.04148280440735324
0.2618646539603653,0.0883039845204241,-0.10992548360047669,0.032382449540410835,-0.09257142536385363,-0.02060935321676195,-0.06895587913450796,-0.037451302598551756,0.0415108696339176,-0.13301985596597965
0.08699830425855375,-0.1590440202617426,-0.01482888651471818,0.056785744399805375,-0.04728867291642914,-0.08923226114373448,-0.15216536859088775,0.05598119978036115,0.06231179242909629,-0.09756804544158718
0.11049439340375465,-0.08256083180676405,-0.00416329762563851,-0.014933738130684548,-0.05252725582192681,0.013984142889240145,-0.16445699559357974,0.013997086310036419,0.08670919624269377,-0.18386679208758314
0.15098566040349243,0.19157643411147404,0.01811129202044747,0.05149795340012985,-0.1084597976339571,-0.02498171205301466,-0.046632525440289604,0.09177555175098924,0.04411400556913092,-0.04125878524724753
-0.009221360757408311,-0.0039691223560887785,-0.09266761215558109,0.06129517287090312,-0.0976277066334224,-0.04203258500234182,-0.13262595420928797,-0.09630027597227696,-0.015394926138904245,-0.24105742582826042
0.05447426329377276,0.13054203792931013,-0.025559398539829782,-0.027848059321583404,-0.1337567016824006,-0.10073841137135156,-0.05922083497290487,0.03891647429576049,0.08709126745120122,-0.1645672837237069
-0.11617030622898919,0.04785932170177581,-0.042534326712509646,-0.05298031802168473,0.0975626191375704,0.016454982575990568,-0.25403621500690393,-0.06905098607272146,0.13485895826560054,-0.26739859888721357
-0.05138594580236703,-0.06678428753663483,-0.027253762291167986,-0.0367230036488856,0.06868064167930213,-0.04162944433481537,-0.10350553696143297,-0.0547229852483975,0.11676136030656273,-0.22543527065380903
-0.20039354170866408,-0.00688245056675612,-0.11421285888606608,0.001631726846643547,-0.021228060413937724,-0.1689742008924609,-0.277446009174818,0.002883325508055923,-0.06962067091922691,-0.15393032216233526
-0.16223076073822473,-0.13901312366326005,-0.21878798952647055,-0.2079261063765773,0.07097483341015748,-0.09489632698482597,-0.019925607844353724,-0.0507866691691547,-0.007571774123210398,-0.15452942934218739
-0.08375338926701707,-0.10027035402448442,-0.08707190939184234,-0.08881185430151786,0.05404319140324479,-0.09962434287859101,-0.11264329931667744,-0.15593488292591529,-0.2593253242994149,-0.07021122244009062
-0.1425762643780397,-0.027145334395184403,-0.0029464156151418064,-0.187654221887297,-0.08783623537200559,0.03557171879380286,-0.050455857347353486,-0.15007487688058524,-0.16448196654701763,-0.1761149403551256
-0.14620078561056876,-0.10394190128518788,-0.14120369584805895,-0.09042356679412895,0.051354165849319955,-0.07433451005001496,0.01189081603519021,-0.04978912528498983,0.017462335698354883,0.09994000616880554
-0.33366664776723776,0.03885407025333959,-0.17890779089065806,-0.18515358939117502,-0.048155645641587565,0.12495790002450742,-0.0657120565921769,-0.08397644045856159,-0.016898339929927564,-0.1160438011181486
-0.2376678303717687,-0.12607736525998098,-0.17526712965208688,-0.12953154860599642,-0.05480547318103425,0.12133633800315662,-0.10373088829967414,-0.03143013286620344,0.002326467793232312,-0.14213591942167655
-0.014547130458903906,-0.05820053254837321,-0.19141866325606322,-0.20335602086268617,-0.06679581483843372,0.01915333913627187,-0.21207438182500665,-0.07234513105599531,-0.053828487156960765,-0.07958215530478556
-0.26745188010160476,-0.03528373990321811,-0.08353347008212807,-0.09671102004248741,-0.11966249915378885,0.09910961432872964,-0.15347122841423771,-0.21217038355044884,-0.25974587988784265,0.11187891275616677
-0.11913945301445655,-0.0623883958616679,0.1191497942037189,-0.006716061207777818,-0.06304934741621421,-0.14868715557345702,0.13087058063017937,0.00449249341883852,-0.1878971365986371,-0.26859822850015974
0.027314525737133263,0.05890160127769195,0.019250575099288042,-0.029835649958721865,-0.22486004244215135,-0.037246577326879346,-0.07460389544883844,-0.028844899258090806,-0.0678098176210096,-0.0588850137147357
-0.15661856667533114,0.10089264037541407,-0.023538333029784232,-0.055548376208686016,-0.1789724332417596,-0.04463837885537565,-0.07369487323164232,-0.15204933624218955,-0.15667901639015686,-0.19508584319572791
-0.02045578804961322,0.05273816550205846,0.08440716792942561,-0.01654633076525326,-0.20382406424117333,-0.1135295849653781,-0.22780468075119698,-0.2437619436254636,-0.14797347435391794,-0.1899272968044015
0.04916874938451704,-0.08335885956078284,-0.1398988532220803,0.04384697870115032,-0.0375456878465142,-0.14006225621308027,-0.11191617401959829,-0.16388367405374438,0.029791601378785185,0.029640641922852318
0.0952752104897977,0.09569281676024599,0.19262065710199708,-0.08130914380251097,0.05150963882093239,-0.14726455231502955,0.005473995361228126,0.013897427828513845,-0.03964711256691229,-0.14835970327051526
-0.07902254636231322,-0.17318681022925703,0.073439745678577,-0.1646078501216798,-0.17474430046697567,-0.016281626357364257,-0.027071047895546096,-0.18220267338442725,-0.020305092800294314,-0.1705101086322625
0.062466489142015164,0.07151430409553046,-0.11918250097921108,-0.16706838087466885,-0.020086252791613506,0.01348624420565546,-0.12718947118259008,0.029971234841692784,-0.07884297504835114,-0.062031337667514584
-0.14114074035550428,-0.09250424700959452,0.11015738972312925,-0.14562588898906687,0.06550840664063856,-0.014864255675720611,-0.21113692962664043,0.010236592077466616,-0.22505637277592985,-0.11197178472985117
-0.19355804048674013,-0.06803199574453543,-0.03863506213532868,-0.15692809327851018,-0.027047317612298664,-0.1473082213903484,-0.08238525712455598,0.09092361053506093,-0.19920938820618025,-0.03411256973225517
-0.16843055488014083,0.087161604094282,-0.1405329468773922,-0.18877806824277937,-0.3562762513697333,-0.2578000966149248,-0.14333798006503537,0.2366729648380946,-0.18596868427269217,-0.12856532289107422
0.0208153510488972,-0.06113031059621993,-0.054202788065387,-0.18428732821083285,-0.08433910347041848,-0.1417421792944137,-0.17328350840998735,-0.03966933651035867,0.0756098844515596,-0.12467235927285378
0.08696995918045888,0.04529818326040924,-0.054762251389448034,-0.17107964775199352,0.0034026865067131457,-0.0731290984369451,-0.1617944070922109,0.17040059318056802,-0.15002208314147744,-0.15966993107044203
-0.1025159339772417,-0.032458615599653545,-0.06676792257912392,-0.07644817462945122,-0.00787819883203715,-0.2622508652092015,-0.10460724416817747,-0.15209166740266664,-0.08278123668067533,-0.24340430534215377
-0.13892671588187855,-0.03623251964764651,-0.08082635189080715,-0.18987395598344944,-0.03182368908916515,-0.05477083115658092,-0.11996145573420897,-0.17330988333402597,0.08869647107297271,-0.09516834994920371
-0.3033978804080837,-0.03487875603528755,-0.22843969861062613,-0.18045036406134574,-0.15542026385016258,-0.2344183943783193,-0.18862633275894686,-0.024617596171543882,-0.03362431742479426,-0.19802718389408694
-0.07565066538910413,-0.09790414388009272,0.05326395642469524,-0.26668849925695115,0.07800301192048553,-0.14674592736534614,-0.12232813791452041,-0.15025500184911275,-0.03485614760485592,-0.28843200000316904
-0.12215255569693025,-0.07451159058928464,-0.060172723727492716,-0.18372980772473876,-0.23859642193513309,-0.30718663717045835,0.019831915462353328,-0.36023561652083314,-0.14402763199368945,-0.2509011762381954
-0.18300329814966654,0.035419993825696355,-0.13702243298731207,-0.17916763790099252,-0.00016027456221553993,-0.29858219763744975,-0.23772794368270367,-0.2810129538461016,-0.13207896310232176,-0.11055723847270035
-0.13712363691266757,-0.05672176385539884,-0.1524831841910007,-0.17320608563981593,-0.011642935077434982,-0.1695470333997617,-0.13176111114983466,-0.4173335315404273,-0.05730017538418564,-0.2093215093909613
-0.09084252092038049,-0.06303386523479375,-0.1528805693306214,-0.1509506493373526,0.06135560565312467,-0.3085554969299054,-0.1497784601712438,-0.0974072715830028,-0.06066129736310279,-0.048464372499638586
-0.2960018463675168,-0.014741704515973966,0.01760278482991065,-0.29536539765337877,0.0061808220739154734,-0.10444146490902304,-0.08425666817518862,-0.21432322219237315,-0.019976172076293708,-0.06853681712557966
-0.3993612974445445,-0.05173523250548456,0.13261278808636587,-0.23203543835830903,-0.02916637158710355,0.02507935016357357,-0.06654032055289522,-0.1541443900047183,-0.004270978601177547,-0.27425460918839495
-0.4801237054321227,-0.07630574318704611,-0.18516272031353942,-0.06490986700985966,0.029162328893842585,-0.170666978219533,-0.18001906200150813,-0.18356243379875964,0.05297818151140435,-0.04949690121378553
-0.3303742673517369,0.09206390441013348,-0.19203713716384788,-0.3158180932651792,0.07997650544826972,-0.14985667565820826,-0.16501224510125106,-0.09095321342943302,-0.15187289668310422,-0.2539822530135527
-0.286741360033574,0.11692562279482174,0.012839729580503861,-0.11135910380302844,-0.1637988763674565,-0.05679371666369816,-0.17661658894025123,-0.2182873861721035,-0.06901898377058285,-0.10671499185958798
-0.23067568915682204,-0.08081846219977282,-0.08267975457898828,-0.4496391009768864,-0.1219814569111568,-0.035146736469706376,-0.19636830179155432,-0.20001451643639873,0.0436197345897722,-0.22318421552522744
-0.28765144033033174,-0.04479640867154481,-0.02612629862719959,-0.09407332278324819,-0.006186955940774008,-0.08958901935114537,-0.20897710013310594,-0.14315266087775363,-0.17805381541728332,-0.10661778931219085
-0.29926854669144315,-0.02619886883158689,-0.09783508868772896,-0.16376804843670048,-0.10278376368325196,-0.16282125800893163,-0.23480137206518026,-0.08334774837851473,-0.0628976651277934,-0.26538182636503
-0.21465951294381186,-0.07495506416012619,-0.16621308109120597,-0.23619888069968673,-0.20395320554685586,-0.05056868648272719,-0.3699433028308685,-0.03891536708747595,0.07973648023880416,-0.158774461883514
-0.0611200761107574,-0.04936271818841719,-0.21461518270073884,-0.028895812090064144,-0.08685368106927528,0.014868948946928737,-0.16689303969200056,-0.1015840419564022,-0.01824073359805524,-0.06588411828611204
-0.13920699851291318,-0.003430845439934646,-0.1383805261102627,-0.25238148734161275,-0.1882452433333872,-0.21308867341589877,-0.19576328091083584,-0.10278601523999295,-0.039192964678226194,-0.31685812834632054
-0.08967481635209318,-0.1666990232075562,-0.10339362134184722,-0.03940427480116432,-0.035406855016484176,0.03035242299362831,-0.15356556999480664,-0.19040057863650786,-0.08485758778734044,-0.10772236378688389
-0.13587264750096034,-0.007563804549398798,-0.2284242014405534,-0.1327436491858693,0.010841141252841885,0.03854756652833009,-0.0663029032652566,-0.012382961024773084,0.15499285821081038,-0.22794253009759383
-0.13741439507309228,-0.038338683000806985,0.11464517966918486,-0.06074542882724594,-0.19938950582772796,-0.037230810090180116,-0.06273781228647622,0.10608100222379956,-0.15608370855653514,-0.22578468804459195
-0.10319924234814305,-0.12235971615970707,-0.14595605780377752,-0.11836864547323857,-0.04096643098736576,-0.026771171988661524,-0.13148769239442987,0.035147680847639626,-0.12192061366644982,-0.1448194135301532
-0.12943544456663106,-0.05317227174271891,-0.091926445004745,0.050883008873057536,-0.1140499031666456,-0.0948191262911868,-0.1144099761127585,-0.2998252828644001,0.006086458560719113,-0.24341357505501654
-0.09966528388202331,-0.03542377300669058,-0.16415016773494706,-0.20605228088130034,-0.03817190325228717,-0.19490142551752304,-0.09011864508577362,0.006216557691790248,-0.006474294344492079,0.02359725662893207
-0.12535797683633815,0.01606157568290366,-0.15548860267941778,-0.1845750072508202,-0.0055305306722939415,-0.07012469658493024,-0.19688993751545297,-0.10490949112325179,0.01058542995191343,-0.1255345977883479
-0.02242062373236392,-0.16215693933937245,-0.23235540572124352,-0.13660613861556298,-0.1113891340060082,-0.22830773813107233,-0.0822621852742977,0.024552478184397264,-0.03391583017470495,-0.11406167252493596
-0.07280115565804283,-0.1947111942653849,-0.055019231455907244,-0.308503117368602,-0.22642714714636544,-0.009800163162131947,0.07408975322337857,-0.15510361201971057,-0.006851582605053093,-0.11543688959487577
-0.06386697232524144,-0.13473766305892385,-0.07844453521423302,-0.17005733427752096,0.04344591573562116,-0.09870400065129943,-0.06563689862683623,-0.17891397498316503,-0.14140568557007924,0.038911205724094344
-0.06793791925515126,-0.23150190043894958,-0.08094350782223522,-0.213883917817616,0.001532655614176516,0.06505873514337604,-0.13773749374157485,-0.09138013414125445,-0.006184828138589421,-0.33156681074127126
-0.14449079666582126,-0.09449233777084402,-0.06632223442255299,-0.09060894455415379,0.16603599057316498,-0.13891545811572545,-0.05295200903426463,0.043715152452427394,-0.10976394641809159,-0.04841302859998345
-0.1999366160101207,-0.23091083531865159,-0.16271107323723216,-0.060918950788099384,-0.05267129405669994,-0.021319223095731393,-0.019073323973296853,-0.0006183610864546746,-0.13068163563441887,-0.07696695178552927
-0.09424295869292498,-0.25141627343057893,-0.049887464771431814,-0.18669173146671342,0.06570355402612427,-0.003449191410144159,-0.1111590144479948,0.014905567792766375,-0.16731898706688741,-0.030854192312238182
-0.2243631464266699,-0.09100273092742775,-0.041062248017685155,-0.09367588675277594,0.02105504446657877,-0.23363166458014034,-0.11633522315142793,0.005186177668396998,-0.12669025549975677,-0.11046148248519551
-0.00037566665765048635,-0.16349632099104278,0.04565475339829839,-0.20636984116305096,-0.04426330028432435,0.07506063855491828,-0.04575482675228829,0.041561791489565736,-0.13211531754026365,0.009328960733096914
-0.11061664798525125,0.07679646763946568,-0.016625802504081855,-0.05519093635036441,-0.1636049381539147,-0.1778694608332299,-0.13317735976874198,0.10416602391564067,0.06980899061018311,-0.027098475176422263
-0.02643873050978434,-0.1549884446421052,-0.015020906665999069,0.05182337658202403,-0.0534256020903107,0.1781667184769662,-0.12963557936924702,-0.058698781487551366,-0.019120952566222545,-0.10909483474683569
-0.07271238466779284,-0.03202977918439549,0.10160447091360836,0.031420656284066185,-0.028003628520097697,0.02338679463689238,-0.04396448482570925,-0.02450580864358922,-0.037752160664460306,-0.00557119718258095
-0.24476434133194436,-0.05768808486228552,0.1489499811751272,0.08527062719828299,-0.10271419941985509,-0.1424669581050788,-0.12465641331415733,-0.10806310293701944,-0.0800739224490222,-0.16208043792376964
-0.19604230779303672,-0.10075472897930848,0.22065268444762443,-0.1138188747800557,-0.12923558412122196,0.04424448069845853,-0.10548394836123655,-0.03045234736921203,-0.08629933525170501,0.006600360619334139
-0.13296112107483266,-0.12256492972684757,0.11402346160795494,0.0836846404812738,-0.10552305784439264,-0.03312648933534679,-0.23114137799391327,-0.007613918249230356,-0.28119826220878646,0.06163227971162218
-0.17264592584637994,-0.028390716085904398,-0.008445012459629973,-0.027328934018510734,-0.12654362656025203,0.0024316752424929644,-0.053207640596471054,-0.1868729674728784,-0.22972270585215337,-0.06803126505395918
0.019996270427915103,-0.06829467137952167,-0.09572752014829441,0.028926989537341602,-0.1695887476310033,-0.028277102865715813,0.02115340322900558,-0.14611483204081774,-0.24050189376754671,0.016407476830724493
0.10154967580835794,0.13497475610559428,0.04488576275912454,-0.24176336225818348,-0.2132418283387086,0.025175517550255808,-0.006140060431342402,-0.1485604354020396,-0.03255064728252492,-0.000575846690662303
-0.12178672035811132,0.08825795470557111,-0.10543899177943018,-0.001071626904110879,-0.14128556485328236,-0.22363632420992274,-0.03519129186979757,-0.038989592984430554,-0.1853640881040103,0.00643141691051019
0.012644921146425257,-0.1670662613064166,-0.012155829319840487,0.005733024173915385,0.09578328181767135,0.016969743718367417,0.050283432190766794,-0.029833225536986262,0.020788414973448757,0.023846043268247144
-0.006002787735139891,-0.1747472398596757,-0.11025875067471375,-0.01359686794832651,0.017229222183072837,0.03153466313178287,-0.00997866633717343,-0.17858640649359978,0.09159435516120523,0.06878084041042802
-0.08055421013592447,0.030848081395439056,-0.21317313954427192,-0.07610351963962173,0.23289315021732876,0.02989951899719339,0.03360750467928895,0.04856034721861115,-0.07601061154658914,0.032893762423486586
-0.004447045027619919,-0.1227225938384322,0.1552671412111729,-0.10593376111975294,-0.038560213755506445,0.06827556199006096,-0.02091771744995776,0.020956975867813026,0.032084425788879815,-0.013311491889693307
0.10611673993057129,-0.06549448616090485,0.08517149688160981,-0.14603147440447445,0.05573792335031009,0.055894167294974095,0.24680129341089063,-0.15820178603735274,-0.04736383847694324,-0.01946641958642965
0.14735762848746142,0.17374606154976382,-0.030967976077752778,-0.09014546143210807,0.046434497532745214,0.03734227753042434,0.0005581863759220665,0.017852593332793605,0.060917630771077036,-0.03724502909835238
0.0610921685436922,0.06295070228693733,0.094798199597288,-0.0033924173085564113,0.09844149223696363,0.03437262057083839,0.2832672720099147,0.08194591040996083,0.20292399617871998,-0.09681124754132735
0.002274883809533673,-0.06957886055507864,0.07754129977964345,0.06415688659517055,0.02962334767256733,0.09054367195318729,0.14203753357856322,0.2781040551236668,0.030313577354928366,-0.04099660305617278
0.14764038937623344,-0.08870213880495315,-0.09436056278450848,0.09670940692929175,0.21846256909631465,0.05247564307098708,-0.05268708674684399,0.14621457668431037,0.12595526110956606,0.0012884450152278043
-0.005469609174556078,0.06128169994654336,-0.1002987649853586,0.1783729679753912,0.1587427077410704,0.013238025028137503,0.09895162348367084,0.21156116687605275,0.038481742036018146,-0.005425389653170673
0.08691873282754077,0.04832632955210993,-0.003041265832389603,0.17343066474198043,-0.040457661051753774,0.01278779222299814,0.10005566719385951,0.2482492653648489,0.17974108532207106,-0.07319786350973162
0.09303111880466057,0.17409652966305983,-0.13892588655600185,-0.10123136660369401,0.023663895440533378,0.11324715999476666,0.12670901435282908,-0.013941359470211495,-0.07025875688852432,0.07207886406478747
0.025945518581106455,-0.07564991268473202,0.04448487070616011,0.06278712482742432,0.1311539730729097,0.03430239437264221,-0.11130733591716929,0.12214319599412984,-0.1218008055957955,0.013983405930994112
-0.004643286283910926,-0.12167811158511452,0.031380396398317495,0.1919356187579269,0.20452262514315286,0.03306432212498253,-0.062131409817002686,0.04916285072579962,0.11880568884204638,0.18007885758538722
0.0029985894791344087,0.04041536523404989,-0.02782524843792273,0.07073361591511851,-0.06699925153552186,0.1020634931958439,0.09067660704562995,0.20485681702233693,0.2526167375530089,0.06493699398625176
0.019996202074274633,0.009923098265264208,0.2134692037293111,0.026867150244236443,-0.013065493074012377,0.07146666414787575,0.07686028041142004,0.11665437567974962,0.05191691740694127,0.18342523566343202
-0.07885824816225455,-0.03301967753432422,0.07029973015876317,-0.03401341814647407,0.07893638067076682,-0.04030034282603216,0.1988916705963127,-0.0008882820268343097,0.09754570966933343,0.07939108165258028
0.07262236235309083,0.0024554387046550573,0.07364436978353596,0.10703659689608179,0.08076971583284735,0.10725314555428676,0.15387028239486894,0.016257099934352988,0.10549821291601902,0.14060662415362218
-0.16520543943902874,-0.04795752346809451,0.31434372656330656,-0.0004963879900447624,0.04536248723040494,-0.015399807246160885,0.08804275543905307,0.11126752537323456,-0.09435489617969645,0.14355440569979105
0.1072170346702383,0.13077364521839374,0.17798566002506344,-5.367929715581563e-05,0.2049490569614844,-0.10852015339357546,0.15011743335199174,0.10696971489721004,-0.02786934594884489,-0.11561206287493261
0.044555322176425285,-0.05705876287675052,0.12076639547516421,0.0708403867091846,0.12617538694017424,-0.014878875523302248,0.033009419935317544,0.11442758158216142,0.06838183355151017,-0.10277564740426015
-0.08751929185934239,-0.025705592395762963,0.17183175641914333,-0.10398987565929549,-0.028195371566167415,-0.02321703660696197,0.08066751889419058,0.15952300502983488,-0.026672810772110585,0.019897866123070818
-0.001990388770639763,0.1291079975067076,-0.017976267799369658,-0.04582873353707932,-0.07241779526739557,0.21615344536052783,0.1145898031480505,0.32684839947535654,0.12319025833288914,0.10467163883400543
0.08211828623155965,-0.02479222039882288,-0.017739766608244008,0.02269801131501686,-0.019198867852379134,0.17844881704040716,0.2062230148972584,0.10787796979299887,0.029163357590909874,-0.1976373750533016
-0.09230656451276775,0.02028956954918226,0.0407366130423808,-0.030819053714910446,0.038034520433326204,0.005441902196302086,-0.08087670944119671,0.17885343559221165,-0.03222368942732069,-0.05846809349057601
-0.021518892386608923,-0.03554506052367943,0.1615504536220621,-0.031105844523595792,-0.011606691404961865,0.0055936053428266245,-0.26044931992255527,0.08022410264987051,-0.03779774072163358,0.05611241095094048
-0.1066213064280428,-0.13281674567054222,-0.06427795550611314,0.0728465093186417,-0.19056436933567705,-0.02830444031065801,-0.2170955212437173,0.06797415383722885,-0.14805097129080658,-0.06981464283170995
0.1403512849715094,-0.05497705320133173,-0.02329906754363065,-0.05833228924024758,-0.08039542056873945,0.018791077702550125,-0.06285508988025638,-0.15045688348669595,0.11884784620124803,-0.02036360370437331
-0.023987267785494558,0.041171197499245214,-0.04304492068379761,-0.008619117762614304,-0.13345029327615926,0.01681346783304824,-0.06486552976123605,-0.2195136611234554,0.07458591081408897,0.04518353375003456
-0.019187642148558875,-0.1280363061081854,-0.25179737703412536,-0.052172255625801085,-0.07895247473774573,-0.042830805195926774,-0.19177173154209715,0.20285471413992529,-0.01802262619444914,0.07672980639310445
0.10022442164776443,-0.12422064622043072,-0.16120388759731732,-0.0456524843958319,-0.062085061464319524,-0.1343226609932669,0.09020598718217522,0.007756029524700842,0.07325384569006158,0.10426736835819397
0.06988856354896805,-0.07220014416090653,-0.23926907542333395,0.0835757052515341,-0.013723241802243321,0.05519831126182928,0.12414709912282107,-0.049180936819031976,-0.03009586263990822,-0.21708531945376913
0.07674631597203597,0.04574541742137363,0.03662540784059862,0.06123002552096779,-0.1134194763614534,-0.03967345228153324,-0.08003705977287875,0.11491016083029074,-0.039967335064194934,-0.02969785146185052
0.22216604378599825,-0.031590528176872766,-0.0485639371769209,0.027780225885334,-0.04843014770003583,-0.09680127068811974,0.12417459141151518,-0.02165920113946905,-0.04823001773639112,0.10214276291238988
-0.10322465144004225,-0.12070843745511023,-0.035616781760661145,0.08887544982035775,-0.00689559677072301,-0.051372985055080825,0.07318064379088432,0.03431714713133068,0.246797654163188,0.03148311458900951
0.08131310290025702,-0.24347449599215704,0.06851123948306423,-0.09249620602851288,0.044618216750618216,-0.06475027168429615,-0.04749089663699059,0.0789981696862259,0.14444713357109493,0.02536213210182476
0.040216850101357365,-0.1592806902376549,-0.012060638156702538,-0.06871410998359494,0.20259836639815612,0.25237313844668624,-0.0437496545649019,-0.02798846606079813,-0.08893437449963194,-0.11502837619767906
-0.030804792037237173,0.050343355353591586,-0.1781631317461831,0.08253665499505385,0.1312438749362824,0.016046782315753627,0.01131054988606426,-0.010702821080092753,-0.00900447049548413,0.027064870393765633
-0.038764929343521555,-0.1664529666969507,-0.20650069066851445,0.08197119674186648,-0.02694588421997647,0.027987934112277096,0.05345338816965804,-0.07579313230789654,-0.005282928259461472,0.10542091111250745
0.06768468551485589,-0.07642216110648362,-0.0904810950513323,0.11588165282246012,-0.010771140939950755,0.29416029594444015,0.20102124291299883,0.04126658627935099,-0.08275864216050904,-0.003438072286018015
0.03437684485519348,-0.05979471898394322,-0.03012472561072517,0.0950696453365581,0.2400858371188747,0.09165058700458861,-0.04723579899617661,-0.018384603142697922,-0.0503638320673495,0.21076704747716246
0.05077756925316312,0.07811809605600384,0.02309982943243493,0.018583396303093094,-0.09207785519703349,0.10772566593981373,0.15222152111469495,0.1419156403459088,-0.04865627555204518,0.014675288212976687
-0.04692156077185433,-0.01635248583875279,-0.014219147167759474,-0.0918760558556687,-0.20994603889865662,0.1357797851602939,0.13853807854602623,0.18611008679246968,-0.07072081262232535,-0.07612287038875769
0.04671397315405984,0.16348703869446352,0.07706486276392953,0.1505133232385027,0.11147818183863453,0.011124482848288847,-0.047548205397867596,0.020067274592598258,-0.0669246416118816,0.019074623514673802
0.16618445999939305,0.015171347991733777,0.04256998472161454,0.029343987101868304,-0.15259253976841147,0.0692588668632537,-0.038138024205137386,0.015017212622209668,-0.0024740142114237623,-0.13477232410436235
0.009684966914922735,0.04294507483446884,0.146718470124647,-0.15310949487946116,0.02898942686092959,-0.04461934248965121,-0.18603162550600047,0.0914126703921431,0.13751064943688693,-0.08090573821711218
0.00856641563390529,0.025002817046323005,-0.05220612990070382,-0.07087717436118862,-0.014108702044592924,0.007887272803381182,-0.09146453381650915,0.08248885781836465,0.21797941997283526,0.12508766990784978
0.03157045895996783,-0.20509700675117098,-0.0567716539206226,-0.19539083342403668,0.005135128286951748,0.06777676039661001,0.004500040856588165,-0.06770652577951117,0.1731761856382047,-0.010490710884284674
0.19829489373966933,-0.04560707064818543,-0.1470601595144331,-0.039851238404996846,0.03066210104690009,0.11682452804805245,-0.005805653017150535,0.07454429289345313,-0.0760859570349409,-0.18104607483248092
0.01096917093457906,-0.0793473485551098,0.03439806353889158,0.10507639901563935,0.06293034325315541,0.049364837514639465,-0.14820491902130906,-0.0676748238168031,0.16734738823370665,-0.009936492910685275
0.17534372300066062,-0.15897090158901211,-0.14988238559219424,0.01962988986338268,-0.027146367920497398,0.03385014335800496,0.006378808790187776,-0.016001827289920417,0.01762276921301378,-0.08076806159423877
0.09435557580486778,0.059028618207090135,-0.18574891881516453,0.26106849225929274,-0.06611940606279076,0.11916430275298229,0.01200860355987144,0.1267942151761462,-0.03721811146754126,0.033864877778130555
0.09173729519958104,-0.06817798796647587,-0.036184137532644864,0.07400494701163726,-0.008315902465324699,-0.10366961705048569,-0.11223857605041632,-0.05708292568426983,0.05080771867632736,0.06178438042662203
0.06842533282262268,-0.2237540972176877,-0.05719673879145812,-0.03229069929282803,-0.0654880993626055,-0.03619455872411438,-0.04874297028425384,0.16873085696686496,0.15869957682358182,0.016001800579336943
-0.12881189338459337,-0.1273902522552774,0.03779981644747399,0.18027483255631765,0.10078194371482399,-0.05583193894533641,0.14834389485048452,-0.0012183682139411955,0.08810868169412446,-0.04982046482091026
0.03427065097385276,-0.15453323227860616,-0.06339006724280519,0.11681242835127267,-0.15112361697915228,-0.13318327603968308,0.12435630049180045,-0.060514186517008774,-0.008689157934870802,0.0675471004243936
0.07717175786136717,-0.10362782782811594,0.0795995534157866,0.05623995253272278,0.032034882417496094,0.05336889446481567,0.1493261629207026,-0.006270843387670623,-0.022750580445570674,0.020907828089134068
0.10102897204966324,0.03112278897324368,0.026794959221121004,0.09814006251505443,-0.019693195315056915,0.023220609455466997,0.10911747039028397,-0.2157913714621067,-0.043437244577893504,0.047501135887902855
0.14354964618804156,0.027927796194665476,0.1298837865052901,0.07419197754817639,-0.09368872366097872,-0.1645999523035181,0.0290885306694281,0.05351224545313668,-0.026040535817132865,0.14837527641487852
-0.05181497633363643,-0.2997410927930884,0.1468811451924299,0.07685722670920214,-0.023071531669964663,0.1501874594324893,0.013337945963813436,-0.003759452195471436,0.1746627927824836,0.13545088146366452
0.1354980138699425,-0.053459043117999636,0.011954438864455873,0.16833550474352282,-0.17352767343591066,0.06329155632567413,-0.01768682711811198,-0.030229152265585427,-0.24295950247444503,0.17051484255112462
0.2632832870137424,-0.11689025542551296,-0.08988724042240984,0.1434669558168684,-0.15057415421624806,-0.1681258301103779,-0.08258068407376726,0.13044262627955236,-0.162782557718862,0.029087506604449524
0.041063299540060834,-0.049759091749447155,0.045996111524915416,-0.07129710464873437,-0.16998817852472947,-0.010156756647799577,-0.09385211453390024,0.026626458464678367,-0.0989660250969164,0.1446292655448736
0.08196702368719169,0.013304147139179351,-0.17135582848178776,0.1551762635596796,-0.05610516232690928,-0.16020921940206187,0.029193734203979513,0.09389950978485091,0.023860304596085825,0.138530703606602
0.1560664900366145,-0.2419314490593042,-0.05332707684422937,0.07767235728328338,0.05659837896376724,-0.17396997016670976,0.06419050243839602,0.04706619506277708,0.13338087350885075,0.027993180966770885
0.18724776234737248,-0.23236443365221318,0.01213439045105073,0.03575388025745932,-0.18847640802643387,-0.028188307268590854,-0.0212961623613142,0.06795197361356609,-0.08285385227042594,-0.00871474365549657
0.02901301849286804,-0.01897054367767624,0.13413620708094998,0.10142606228657157,-0.024324361750693337,-0.10863918483919051,-0.09633043587138784,0.1695375723953128,0.047543958548540585,0.053626150941353604
0.11491292854090868,-0.0967035885296121,-0.2936241144778603,-0.0465236081918242,-0.08275870963821982,0.08932901178728539,-0.10886497759486106,-0.08610838714292818,0.01206997748981045,0.00010804443953680437
0.2600618351747987,-0.15932447485296986,-0.05647660168891072,0.07346878611823464,-0.025717193985575388,-0.016511992205590003,0.03550994549356239,-0.14048440049857744,0.036238741583817506,-0.21000907250777706
-0.1774951510718275,0.06515827619607273,0.2142793672760082,-0.07711261179065036,-0.05921850367544812,0.17564373923934293,-0.1691688388121933,-0.031803521627582584,-0.09110361978738044,0.08199083799218779
-0.028289329206447555,-0.12037681400479638,0.03842001371707589,0.0021123551652932823,0.0017849901622423309,-0.30702749848462685,-0.08408852164752623,-0.005575888047871867,-0.024848240590760365,-0.04718264470891321
0.21272934720448586,0.016131436019858874,-0.10617516040521148,0.031463096819962455,-0.06954538619673548,0.02877061099428367,-0.13136718630434038,0.06215274163089429,0.03502809254552181,-0.11245871490336602
-0.02861458724563585,0.03141011110690453,-0.19656465799278597,0.13425073522722394,-0.038613577785992656,0.00318070050226886,-0.2535525901720041,-0.0621492871064417,-0.018360486709411646,-0.16944160436352307
-0.09727792549496728,0.18022524047935334,-0.016407577698994355,-0.20435011632241348,-0.29445951659753,-0.09052944155068467,-0.02339480307612969,-0.07684290483273734,0.059833984085764624,0.010042448805343343
0.05174738066170867,-0.12485334304181116,-0.1363152395471397,-0.02428232866248222,-0.021614381703743114,-0.09508930550336649,-0.047903849600256905,-0.026586013122108145,0.07801509861364209,0.027233253192450887
-0.1781740878038393,0.15466793383929509,0.0649150216055202,-0.13319923193841032,-0.10429493328921718,-0.1397336843224385,-0.02526658655189086,-0.18921756931688516,-0.017533848896654172,-0.014367566060078094
0.0027793532988237835,-0.15277581268867207,0.04192187035601237,-0.07887737075609133,0.14499668261752136,-0.2545477654990917,0.054850903020102926,-0.26248343151918807,0.03509072553538565,0.1115088598900836
0.06682454977294999,-0.03549019280074284,0.006591634850823529,-0.05644224287625525,-0.0860658541841541,-0.14892026078073684,-0.03916167044034548,-0.028929590938123417,0.09227964464150515,0.2269803709838612
-0.073327096539701,0.25947228369969844,0.024335828778550454,-0.005122666479072738,0.1271013924649398,0.010041655631715565,0.20774071962483637,-0.1739949779201705,0.021048254978212638,0.08103040068808401
-0.10625160391396801,-0.19563447489696026,0.16322742514778393,-0.15086872742247356,0.10888407560756458,0.06711569359554617,0.09648565069806014,-0.18372314804760626,0.09237404458728271,0.03068378123505767
-0.10389133578011034,0.04735100461844927,-0.0658359693476799,0.02997090702579039,-0.0828453107306313,0.0495968995729548,-0.04733559063683038,-0.09963440522537048,0.017145430750693996,0.056057154330406506
-0.08687881645236567,0.10212299865093882,0.17527600351686748,-0.04484240012737941,0.16223343348157376,-0.11506020499551108,0.05273064549239897,-0.22610322928344728,-0.06387132568760576,0.08023407340890067
-0.14633892989814068,0.10871136552260785,-0.007630994781496057,0.02604106107486557,-0.05314301939341087,0.1595419435119646,-0.10046784295710427,-0.032697677641264015,-0.05643807171440579,0.2587855885727367
-0.024673669303675424,0.05876541390352753,-0.1571464629808979,-0.08675159326136694,-0.03803077449169564,-0.060785857889907924,0.17114816243076275,-0.2755986892268071,0.08715499791007048,0.02978824270551343
-0.23512234037124308,0.12498643143674962,0.06516939327933897,-0.09066795209541252,0.1141090987262768,0.010538758265554712,0.031523581466814596,0.12859103700136704,0.04165334233406265,0.0662041616837149
0.03940424525154772,0.07542534932246114,0.0030099381520514584,-0.0021444893555502276,0.02297519449152877,0.11172847911738756,0.046453142540029566,-0.20460087615510497,-0.09197736725332793,0.1736185605336478
-0.0005450966486262414,-0.10497339265023475,0.03464526061063043,0.1620290730762115,-0.06767759719484716,-0.06752658568734354,-0.048984026996164956,-0.0552698299765493,-0.24265258076540983,0.04995567565661181
-0.06730963345107635,-0.10520061566556199,0.08663686677458102,-0.08036501333654558,-0.01337667870249557,0.0632785385529984,0.14238853459526732,0.05807999525020931,-0.11813944236006362,-0.11576554020645598
-0.06931776743227258,0.026382005239934253,0.0241662045219131,-0.020115646103746776,0.116873347063711,0.08212742587859458,0.02803716581052202,0.07870805200002942,-0.16571362836685863,0.00213368561365505
-0.1353179014585708,-0.09310269691774876,0.001312048076217244,0.0672425659798788,0.06560680565589577,0.09295954702989345,-0.0053100171734451525,-0.17580504873446082,-0.15943400817352765,0.2214038087649472
0.07094467650871147,-0.053693849905528286,0.06605785694320666,0.0807866417254252,-0.12468781527172298,-0.03258303994875195,0.008878333755829006,0.006004930269550684,0.025969576819645082,-0.052675493456403995
-0.0788133557905513,-0.03948206386668379,-0.06656371085426137,-0.07150571180120588,-0.16895300757820705,-0.06747035038550778,0.19980449945234077,0.05023265268328467,-0.021206356454147382,-0.020512113620557354
-0.07526764046246727,-0.07382921960192491,0.21231954335052206,-0.06532425525130167,-0.18195137927406035,0.18589460090641993,0.11376061155770259,-0.0028415642747952573,0.09751459494490526,0.07150688473384872
-0.13168772654400107,-0.05448191468225339,0.13616011317031948,-0.025558264057600116,0.14267750953694747,0.11414609834444428,0.024366497739295105,0.13043515177222292,-0.18505806558422674,0.04504123142910686
-0.09350994831648485,-0.005245385403840717,0.10233774184855421,-0.07194650697835728,0.019896570808651315,0.07745084833473272,0.03962755371222515,0.029439676099655664,-0.11341189941625981,-0.16688903543247588
0.04553183350579761,0.0852451286075033,-0.0024716575740177313,-0.02222874937500154,-0.05170235139215401,0.018939875514190484,0.022956030871819695,0.07649567496982267,0.015493727265539464,-0.04497309120325107
-0.04028274228220662,0.02110673267145777,0.02720224561852564,0.01861969896241897,-0.05632424970877692,-0.0967588592732864,0.21449550169710158,0.08894097716840457,-0.1811234311500856,0.054221591202237886
-0.019073993545566284,-0.02830381568251288,0.06434900962394262,0.0012459451561626506,-0.04348237543754625,-0.04546757803241555,-0.007079123914186495,0.04040748300271072,-0.29744226878093943,-0.07449512585781927
0.005932335585631584,0.023275870699435885,0.11900229270076593,-0.10374544096797592,-0.09050998748355646,-0.01252678754765188,-0.04484674473566841,-0.06271506990452298,-0.04903062349673284,-0.008154374088907738
-0.10290523856912771,-0.09943223489151759,-0.11446139190527745,-0.11103075619274956,0.13845164154246417,0.003250595950356011,0.08336924824249713,0.048142159855033645,0.06575252146840846,-0.09808891464079873
-0.047488051419256425,-0.21001651441866573,0.22823576596758177,0.11979009060046555,0.017029157207198813,0.04188810556560994,0.09293288852318791,-0.21922688569801627,0.05089180722438595,-0.03944507599390413
-0.07066901242072421,-0.08560387017314788,0.07758761507738113,-0.18220470352154863,0.097995067294867,-0.10798139089390901,-0.13179597668528537,0.02340407874491514,-0.16476510570577174,-0.022957277199801295
-0.14826554564272454,0.029307001009099682,-0.03277439904659719,-0.011278712126057723,0.06865327455622662,0.0874395971308767,0.08995290762864734,-0.2122568303192276,-0.05275830787732212,-0.04096423404619242
-0.11563646652830932,-0.014070625509349104,0.05431581817612004,-0.011939963504097883,0.07611063422815846,0.06781347655220869,-0.03290617556658112,-0.08035186861388117,0.08685457636308293,-0.1181226720908436
-0.16921249107938494,0.04586308149916616,-0.05911095412365,0.18546102708788748,-0.13839167892633145,0.0047665868101514864,0.15065722574999285,-0.05832243103164329,-0.1803511093788837,-0.028919921821782556
-0.0907296638239884,-0.07256008715065736,0.00024425401846207145,0.07861269777594297,0.04828859399898852,-0.0885359463769418,-0.16648856173697693,0.01773957071307654,-0.12528981530603733,0.008680666193148076
0.00552787921372945,-0.0851143070970807,0.013395632155104586,-0.1465034456894965,0.14237608417535236,0.1038324125498434,-0.0244026854105247,0.009275827607749108,-0.25855906824758723,0.03913908298372908
-0.011852175820571756,-0.04947448997689052,-0.147452626158029,0.09610717188018762,-0.13776196717717393,0.12921085467398344,0.03637753883722386,-0.08784057320430802,-0.10566557952108052,-0.1261110359303431
0.1113524841010197,-0.027560258683597894,0.07887337111541588,0.08826638844812344,0.17919918594067843,-0.0031735944012523214,0.041120778275182394,0.07152214031207127,-0.20948042651998544,0.10477081200317968
-0.0020560951502325148,0.05188266111887828,0.089635881178696,0.13838385376267193,-0.00526046292621055,-0.03578857860857639,0.16489062490618156,-0.01983199291701432,-0.048008856245992576,-0.17073660567143306
-0.042762419951142605,-0.10664504839014625,0.12166994887899693,-0.08180290559507898,0.2403679379609595,0.0008518743857450269,0.03435181046216022,-0.06250598072006994,-0.30335018558168,0.026931818054574754
0.026037051837523608,-0.14717540114118433,0.10692813789275094,0.02226876195978811,0.01928892693776496,-0.11677770686744451,-0.07291132164888067,0.0185774518729857,-0.327008988330081,0.05393892587768284
-0.07030363795668325,0.0479096393570383,0.10205038198998001,-0.1304234907390217,-0.15914557747682115,0.019750488316070642,0.011109764978331466,0.06892580804585985,-0.22187195146906258,-0.0049522479520152755
0.05247855974081659,-0.008121728059076488,-0.007506709859357766,-0.07994811518315897,0.14910813107315438,0.2007764565941489,0.09367503508643801,-0.0682535585698161,-0.21729533909804444,0.04330145854327029
0.10972087395097796,0.0757017718406025,-0.10893699849120189,0.09169745506432625,-0.03468316892431011,-0.0013154973574122236,-0.009240130885371798,0.0032316681771184016,-0.0068476036048396305,-0.04437300862525213
0.04282900794029132,0.0032310959614893888,0.13076173926712167,0.055037002411724226,-0.06765764806746334,-0.08249806329180691,-0.009662527240644418,0.1355076275015872,0.06128902713937241,0.1260713613527885
0.08685557062648239,-0.06999113376915468,0.015231066147758968,-0.17236486299959644,0.09641720043362492,0.12706122083571658,-0.0428525938414924,0.004066739671248362,0.10270852834651595,-0.01722963580402106
0.07693078991949026,-0.025530094181770123,0.12727309041757104,-0.008341077472928827,0.09537336029796169,0.10498069499676925,-0.06176153970722438,-0.028256539924039384,0.031521324458395845,0.07962382090331521
-0.04301414016700986,0.18551288008629205,0.002252106265920862,0.04963754867308122,0.12599915024135108,-0.04305957450754953,0.092565852689589,0.17737344972146074,0.07993043545434418,-0.10139436977599467
0.018037735842119075,0.09011395839523562,-0.014891788827067477,-0.17361485800969673,0.1155445161436914,0.07871489180338606,0.10178798723098659,0.040826347297505124,0.08607678868204396,-0.15901919524589445
0.07079551775925783,-0.027945012977616784,-0.18555304202070605,0.03501441273976473,-0.03141689845302689,0.14062142433860145,0.171929829463855,-0.028822922133851694,-0.009125279044690085,0.004961365687250061
-0.032657068026239834,0.05530775287462731,0.02901704136282167,0.030650814172254487,0.15220580052870764,0.11621587565496268,0.07263817415311283,-0.0929757909201815,0.11735989080389023,0.07118751103966531
0.008141451683195935,0.026755925192235193,0.21931936027943838,-0.06974974597760257,0.04790153051126392,-0.025701685084514973,0.11074320174410039,-0.03666453107025147,0.2114868788176494,0.05100116876659204
-0.13550861728583477,0.08292272117077339,0.08922340622067049,0.14884155099771668,0.20295267061664563,0.06353152106760575,0.05513437212328033,0.12771255501587717,-0.0029306144414425334,0.09174113987195902
-0.06360445615544776,0.13861893471271625,0.04544949671823523,0.08872459363960523,0.23669076964749824,0.08292387811130636,0.2927664661718023,0.13979114875793136,0.030061194497392144,-0.115365085125797
0.044935723250134715,-0.060629647149958624,0.12417866571223357,0.18134705351617506,0.20291754516730304,0.06354753322721872,-0.003783253883896609,-0.10814554567282875,-0.026920411444757986,-0.006143990253382178
-0.07307372093580916,0.15878330939421217,0.17395849872469835,0.19551488959459026,0.04147648346025454,0.14645024797471395,0.034198144133766546,0.11376202822674598,0.052097809215149615,0.117750784840632
-0.026350751793861166,0.10300153191859798,0.19971648396560154,0.029084531799746592,0.1372408861347617,-0.007205293807139357,0.034647528799805434,0.08963041905221111,0.0750652185510686,-0.006171733902516796
0.17030971723082086,0.10184374658015766,0.0816143729202007,-0.1128436027525292,-0.05090848107153038,0.16367084602839238,0.031899384576780085,-0.03349874466892052,0.009082288323818685,0.05438598476662573
0.09598165155466798,0.04779040248851835,0.2508053027283279,-0.14166350073053552,0.009163284450754736,-0.0584097120745007,-0.09487465928581595,0.05543693152740246,-0.04791086862012026,0.136132560843455
-0.045350656516684656,0.10009237593483764,0.12670318806268685,-0.19006210819071948,0.20841604950884907,0.13356232776509064,0.06558622125820833,0.11303875410953648,0.07606898894909356,-0.02888447446849809
0.05833931168326482,0.05569458823770152,0.06311467399644113,0.176549260376353,0.008483478309782433,0.02729781224947656,-0.058739871709739364,-0.06948051553582621,0.16683472610000744,-0.033434127609587486
0.0630388555855442,0.10150573744566149,0.08001210680682476,-0.012272652842102029,-0.10273800476453657,0.13711140398929808,0.11190014885924514,-0.034234633444069476,-0.044655007952477094,0.012923229181691892
0.014706495453992488,0.1029372104682518,0.16451346436123188,0.19533768415722857,-0.11447002525209712,0.022013307867755422,-0.14591115310901254,0.047391781303801554,-0.15479415473040994,-0.2165334862232759
-0.01700450244676594,0.14224145891297202,0.1977581979863502,0.05018047891550703,-0.009312896776325939,0.13727752239849414,-0.12049831951457411,0.02085883590468602,0.06611651907734356,-0.03438609697748882
-0.043427510616750105,0.08110233333306645,0.04211034979118386,0.04197815355094432,0.12900207715821016,-0.03553159792134657,-0.10847593294439081,-0.07510170623215975,0.023274519890733942,-0.10520173948215149
0.039532901593527014,0.19261302658634236,0.08247475188534978,0.08383051070823644,0.010686186518739794,-0.0008372950234590282,-0.0872921655832539,0.06116066898411797,0.12348768003969561,0.05488340778237915
-0.10333320751707922,0.010831558450286216,0.03344019164216615,-0.11151534540244351,0.07342529042674806,0.020663401798479183,-0.050583251386148005,-0.10007396236346619,0.055349969672829374,-0.04163873193588733
0.08376971165314528,-0.009981782203659695,-0.009333893871419858,0.13795390977216535,-0.08609361821747574,0.03557283806104279,-0.009847390310827837,-0.053388224074690516,-0.08678115716962868,0.09237445940531194
-0.2062118521532868,0.16377754759957222,-0.004722128958173682,0.09828808297527575,0.030383868848331073,0.02694587963086201,-0.12733646709014756,0.03789629002100146,-0.023620203622433448,0.08005474591730027
0.06193995656255294,0.05728039630843228,-0.11982219553581526,0.05318633422274251,-0.04089343103217899,0.24464757327691283,0.19610858104426643,-0.03145299685305381,-0.050745721995144,0.2886839082158302
-0.013791056607646499,-0.04935130419152929,-0.051040123334348236,0.031871802509168407,-0.3141918885274386,0.03671929398301088,0.0571894377456356,0.08950222872184907,0.013338513329130212,-0.0036328862753762653
-0.03808709768248848,-0.06862885528172362,0.004446821089981467,0.16869784729124548,-0.000459569177347581,-0.03066305765588559,0.18253710671943685,0.08182660108635652,-0.1096991342404225,-0.02638107953670167
0.045101046717535155,-0.11316648679975001,0.12902364863717156,0.1707534640146099,0.06569044738669375,0.0018950487138946238,0.03336796594976511,0.11068682079443606,-0.028257385533706533,0.15649072054986354
0.05906274840324117,-0.09898402796638955,-0.008833363033238797,0.15200593021130412,-0.04506749781561041,0.07947117068004739,-0.07414254075934149,0.11064808864435945,-0.11983668169339702,0.16669110847335988
0.11260401919724795,0.024133284389339586,-0.03351461531687604,0.13586881968315137,-0.13914802710614194,0.09387617260295109,0.014346257148692816,-0.024140472769211913,-0.1323556732069477,-0.07000651139493592
-0.025781060889017285,-0.14620343631402455,-0.16070969705446084,0.150778303048143,-0.04575872461035983,0.14714521780720885,-0.013933496505908525,0.16747494492605722,-0.05911203045978369,0.15040194462192336
-0.09268551412583008,-0.09698927290617698,0.19019354412687628,0.13325633952378804,-0.030481026350129933,-0.10811261912472941,-0.0206720745899248,0.22249547096854494,-0.08010157489572031,-0.07692694801627466
0.03589149209538544,-0.07618659875013409,-0.025580445569427616,0.011414327736090732,-0.040259890755094355,0.04449610557578045,-0.010478173051862138,0.061845937005540766,0.157535236836458,0.011521207231153137
-0.0393096031676505,-0.058105658060014505,0.199088985318269,0.004595132470288758,-0.04906798268519443,0.09632126843804255,-0.182156389898424,0.21930769898860633,-0.0944233348472675,-0.03204860362677992
-0.010453497022115128,0.14338551652418607,-0.08560037384190695,-0.003955372002801197,-0.10808594304821395,-0.038727975085539816,-0.06669045496605616,0.07274980126038516,0.05367815152589647,-0.03782505322055667
