T0,T1,T2,T3,T4,T5,T6,T7,T8,T9
-0.10999480743881213,0.02005723301821946,0.11886957102100343,-0.010924836238969466,-0.07021353050967387,-0.25608329590284473,-0.05756844273719933,0.14189723081147199,0.11509264960676245,0.056193873850583005
0.1564892945641146,0.18878277589253722,0.09959835737018147,-0.14749987175339488,0.10867389862577775,-0.054259777679549606,0.040888711844308104,0.07901693262166357,-0.08540006861698406,-0.15617367136763993
-0.0060458014114876946,0.09828432521549349,0.07184155749080064,0.07563606296599916,0.12102335761214157,0.18827004402734115,0.1172027401588841,-0.1004579252277074,0.09186125103426564,0.09252215496687569
0.08225739687115079,0.12843775147310676,0.003697932013557434,-0.17400862540779904,0.2012108803000249,-0.037202295586728024,0.09457622577867147,0.1895865213751358,0.162233511626794,0.03344286770022366
-0.0721198500917358,0.13370909308429957,0.11557992750414012,-0.02018061604006411,0.19747348024157763,0.070828440036131,0.03735113827190069,0.08987131379423546,0.09352517397782745,-0.09739891450038494
-0.012316132207047102,-0.05472165845081175,0.04612677031501152,0.007272750310323012,0.099561269074979,0.04083635290316007,0.04540698909812445,0.19430570454189067,0.17793312238215414,0.013282479957840224
0.07049605447250741,0.17964509912724452,0.11803455928236997,0.2625586748663646,-0.03678565334658519,-0.05669587084597696,0.06335720237863918,0.1270291756616534,0.0886041545055081,0.13687976646686334
-0.047366373089304845,-0.09055376072014995,0.08721436996318722,0.10859096946655185,-0.018997047504471128,0.09185634068837613,-0.0032760125306611904,0.0998335701922051,0.06675642536707699,0.11270848388501807
0.1767868524169102,0.09044965593149146,0.053082327235517285,0.13357873698691697,-0.24006950077893596,-0.0805341023478238,-0.05843438451097952,0.0037285298819341034,-0.013285667459554278,-0.045895606492271715
0.20179832450238072,-0.008261986696940962,0.07116504952677913,-0.028860715526489444,-0.09408835462693808,0.009192331058417456,0.14460921120843323,-0.1490262161832911,0.05480042821375304,-0.02592061519424542
0.06367682350388039,0.010692285279884702,0.05118127661815186,-0.011696034000098159,0.10144527609972491,0.022894548291980413,-0.12062683262122942,-0.14757668111966155,0.041896901846300696,0.008827622086539644
-0.045620312491260834,0.029650301906768373,0.22689838875825702,-0.04796873803737191,0.017881809128582997,-0.09263127568673217,-0.06511069674632274,-0.18082430953595913,0.17823334016907194,0.0519903940463471
-0.10340892473890272,-0.010130677216922956,0.0947615220485789,0.007635777734067383,0.13882463436578155,0.07534940910948405,0.11210374615603974,0.03638790339978967,0.08034264700927252,0.043073008206212945
-0.06957983653989322,-0.03231724759727526,0.09392195272288496,-0.01961080542530219,-0.11240762762373349,0.03603037899138637,-0.17606752173869336,-0.029571769768456477,-0.05833559277599308,-0.1044922978265856
-0.07550654930073629,0.19725270601558714,0.016296805592406628,-0.030422778302710396,0.047916536507310106,-0.15373779602536947,-0.033118968235052476,0.029564227255875656,0.12302287799179933,0.12615782503539513
-0.09658331384697136,-0.017052240845117417,0.008745003928559566,0.09526282943441591,0.012573620187771244,0.06344751354662101,-0.023649201558576364,0.05346324478109549,0.1518969535268669,-0.12370990107686328
0.041933040050287425,0.054082123854863766,0.0684769537162511,-0.03650779310351636,-0.05178407756151,0.03439832921678487,0.016630038264280465,-0.0955834495721651,0.054044926141425365,-0.10577328226607771
-0.10421370193536475,0.022113239715147052,0.12646056302485878,0.09818411730609064,0.04519138292409712,-0.0342461903646869,-0.19214473725036052,0.02827586011465346,0.16334061891128418,0.009041358225425442
-0.018529651069145364,0.22389829646623238,0.05525118543308511,-0.04003275002851108,-0.15502255651650498,0.06833256322241947,-0.0469880993310057,0.14701175369048036,0.15638976547270156,-0.08181279100294511
0.1586791212095711,0.10657886055610304,0.06855394013222722,0.0965125117350376,-0.056302455559208445,-0.037017974948204385,0.041748927929110266,0.2794319664940646,0.16211845530320396,-0.02432007246060537
-0.03919184483526257,0.20616899483315687,0.16014488458677612,-0.08837750455433022,0.014128685199733683,0.029396761120061864,0.10036353004569525,0.21769480614438041,-0.016003030894495174,-0.04690534879838961
0.08028887901316839,0.276846546747863,0.1777752891136517,0.05356564590007981,-0.045195511834489395,-0.1677277173143944,-0.06260973428493424,0.1655297306718174,0.089480953435394,0.22252658488114502
0.012769669664917715,0.20636228346754643,0.2160400230031323,0.005889442236173846,0.020894251793815474,0.06122431973725622,0.1237867688702593,0.045188442340183876,0.08717173302497955,0.12981012731865868
0.07343440811676127,0.18880237237524264,0.07257068361161709,0.08630934127207637,0.07083740609774061,-0.06372748575647763,-0.020747945101239645,0.1089453773745709,0.18335236572103056,0.19612212155965905
-0.023345269645385566,0.19524984858266314,-0.02466096976283466,-0.03636201621056259,-0.1825823140861069,0.05641856237937065,-0.048153769504688526,0.033126367377765614,0.10143700286724813,0.13046515721931692
-0.1575058970143082,0.044550516536154605,0.13941442012025335,0.0679117591991965,0.053421341727019525,-0.04645371228395971,0.020376932424703897,0.24352319380895845,0.06066524209675824,0.16636699892474674
-0.04624056907408077,-0.06695842433747767,0.03841089628907928,0.03777577050113414,-0.1687667983205004,0.06503584849926342,0.028925865768912137,-0.02410425645285534,0.03003031627742947,0.055329942625828986
-0.07338022185338938,-0.015161762895455417,-0.041025518385349104,0.11715241632567294,-0.1029356789541911,0.02063671895944832,-0.146727178526637,0.11648832427648151,-0.05185288415336246,0.16557802549765965
0.09826004706593677,-0.014624669394499027,-0.048762870563882364,0.13676572257938435,-0.0771419781162133,0.06253050097945896,-0.011638735504564263,0.14306171704557868,0.024255743348954265,-0.026285830939255232
0.01345022427646109,-0.2068899393747657,-0.020369910850307843,0.08578726151240848,0.06168264895308351,-0.022377773226841452,-0.04214094270969466,-0.10372406953292712,-0.019904010849182807,0.12427287118855547
0.02467079494182551,-0.06959305528225154,-0.13140372615319004,0.2141498790392719,-0.07703323965010603,-0.200387149809867,-0.04506862947667217,-0.08478899196058537,0.006432076664187242,0.01688645029852535
-0.005902234700677617,-0.0948105489351527,-0.1335773044296314,0.06333004755121044,-0.098682817496328,-0.22318011994759615,0.048026952397215356,-0.021881184340328513,-0.10270381008986759,0.16445164448741884
-0.06929761784059563,-0.054442353116175304,-0.1915532637831423,-0.07886372973037326,-0.0891842731657974,-0.18861194830877692,0.1467703836088624,-0.03009973384126091,-0.11634761480536385,-0.1422765298008501
-0.20587557421550406,-0.004885213408640968,-0.04787923636221343,0.07930854272223031,0.06483115020349922,0.0023491965745012777,0.07654027174079162,-0.040154420696915605,-0.09659812433189455,0.05526955486469842
-0.22655105068373332,-0.0725635133360109,-0.18720365327771432,0.0038909806060447756,-0.01320031989918688,0.05803290058344751,0.015232310146983266,-0.07037743963426797,0.11603727132968207,-0.21813321936245827
-0.2190432736275869,-0.1954512844065662,-0.22217074911550416,-0.1580551462390949,0.024630120669504485,-0.08472599076639267,0.16109377938491948,0.06726463763766419,0.10148433897543231,0.02183826999056146
-0.17210904092736173,-0.07554202487772094,-0.10624878599553414,-0.08534493214296987,0.023270392502507273,-0.09099437055865903,-0.02156450110161518,0.04243416920240908,-0.009446601874229917,-0.1076028814418472
-0.22887227646445957,-0.26518579772340933,-0.10246078292188254,-0.20569082677838413,0.07074121415752752,0.09622786866526944,-0.04233033408239156,0.009823306469981086,-0.07444385570592027,-0.14090860428499738
-0.042131581361268516,-0.21024566790641294,-0.18262902717896737,-0.002895507669111008,0.13350852819406034,-0.043631216394121555,-0.23162352078850112,0.11008651130492389,-0.16335375390761922,-0.05808496588880553
0.22621080390909,-0.24290945625019728,-0.0959216112971821,-0.04982316091270953,-0.27029999677350486,-0.24707364065625737,-0.09138066829051991,-0.062033688180193586,-0.14234387816049748,-0.23070027541657429
-0.06099352935654421,-0.22665995107820652,0.009364984695323084,-0.23952204859545953,-0.07452852082809752,0.07595017121331787,-0.24658205938071415,-0.04501771990242893,-0.0349512038830833,-0.010582261124534809
-0.2889110220364214,-0.16006775670914022,-0.2092885023077461,-0.03162287822990925,-0.15217344068700417,-0.04650222126043302,-0.17427111067364456,-0.19655794618775577,-0.020678383230041647,0.01902257677417187
-0.06220992665944024,-0.14485994349879608,0.04489851294531799,-0.06458536660310718,-0.07335343885433653,-0.14067671354545655,-0.14985961316237406,-0.10788380343434727,-0.22448955585892633,-0.04481980982417243
-0.21590624261809438,-0.02290110502148769,-0.18261366634114715,0.034944570096170205,-0.14821514269218636,-0.17694236470703337,-0.11105528621150618,-0.26727782060650823,0.07454792128921992,-0.060468714308560934
-0.07495505544794663,-0.07347782453263313,-0.18148585811123957,-0.12353614062120344,-0.1178905803943346,-0.26180702845740367,-0.25629438050899045,-0.10053181280368312,-0.021532702049731012,-0.13492987281239582
-0.1352172929794456,-0.21551862588307075,0.10883675018870179,-0.0807801816460726,-0.08786889155081512,0.024543752416752718,-0.10264546814656052,-0.2679472912146217,-0.0655096300232593,-0.004700679263295107
-0.2855917882970812,-0.05406559337323395,-0.11735715418804336,0.03315964710563448,-0.07305064050253388,-0.16999802215426565,0.00039798388988561417,-0.08923696219343867,-0.20189627769798713,-0.09246080234255258
-0.06275513718109198,-0.07958183298661578,-0.0070416248997549336,-0.04983810057395383,-0.019702420920301167,-0.08116525541656122,0.050608142202740916,0.03529859348622141,-0.1005991056147418,-0.16403206376683035
-0.12338689016265708,0.06221768986748194,0.038669246687420084,-0.0965103330169292,-0.14590572780044214,-0.1305611548358997,0.11326977945286089,-0.1522166406931098,0.00418794307935344,-0.11376997158485459
-0.11974487145414055,-0.18715451389215676,-0.16475871814932663,-0.03522845285142266,0.040403023547085984,0.1982682292799175,-0.07995069247384352,-0.030790815895915966,0.03569491292164848,-0.07465597266425723
-0.09901208628161828,-0.14316451913438655,-0.12082150728416091,-0.15303326766101993,-0.14025247861231002,-0.1824937944329241,-0.025257874442448515,0.07947848373176108,0.10694621323953418,0.206850137035336
0.21548219774401123,0.16608560378609272,-0.0755084631358598,-0.07164194031520163,-0.07858397751342767,0.038562455189542336,0.06848135109868536,0.09174098920575655,0.008955237352617912,-0.016431234910834175
0.011252884528651107,0.011148873855590338,0.00713278981225049,-0.13255573174894458,0.16124214218016522,0.1315805552943999,0.1218047059480427,0.0647952734033816,-0.0634605586632857,-0.08737702078639209
0.0431517316042723,-0.01090837286940317,0.1687748946036929,0.013136965447939335,0.058823959503895316,-0.015697167647182184,-0.06735795165054907,-0.0033422497157713123,-0.11966815938298486,0.03870175169957924
0.06386215898975023,0.09006852421025147,0.181407481397539,0.001646346092772047,0.01653971591971106,0.08866720285680083,0.20007321172218856,0.15509513680980397,0.27032674669135004,0.023479182762588348
-0.03940793779326944,0.08940057332058841,0.10172067491429782,-0.11158945099100069,0.11194507435192265,-0.04895684173213994,0.043473586359784835,-0.014415819414367717,0.10610371355320988,-0.0033179197131010703
0.016309855960791417,0.15127754037542268,-0.03384739545094825,0.11485344711273654,-0.08958230840719372,0.031046419893168333,-0.02461480866536063,0.316668868528023,0.03061211980096186,0.09031583811101646
0.04803458920321339,-0.0324785798583175,0.2392765452100306,0.12361107266480625,0.002284956032248389,0.12496662604319268,0.03894393503911949,0.058928594728900316,0.17146281280119846,0.02863080709406833
0.2262101494016741,-0.06229587604094804,0.10158151300954607,-0.007549835225399981,0.08530827110424206,0.05449824042594838,-0.0347653511297087,0.013812153413609238,-0.039731554809241336,0.013769849180305882
-0.008007968238680496,-0.03611688996407025,0.0357465765015358,0.059139531245860855,-0.07283416719858801,0.048520549906919314,-0.10221818395314583,0.1834902519309326,-0.041190068427969316,0.06640024909254386
0.21166068465791538,0.10080682060379252,0.15837953766649693,0.05624386641565479,0.046810895579451825,0.1269762231973146,0.06029615300523383,0.08022714535485226,0.11547264996476644,0.020307742061864448
0.03648619768138779,-0.0565513941662357,0.036772238724845176,-0.0876871507827825,0.02375470052584004,-0.07868971559911137,0.05639537123154845,0.3176615128693388,-0.06980933841266851,-0.003549534345312952
-0.015597380100958805,0.08142810690581738,0.0040859054431443415,-0.06813249869889344,-0.11286553716583883,-0.05393882962679765,0.22161011298625724,0.12788218702663195,0.05883869215742547,0.08946499374428359
0.13134768284149428,0.14759888478221359,-0.04371756641784702,-0.013637906135801502,0.1590239582016182,0.09127851287894621,0.02156358883206756,0.020709572660357514,-0.0032055178310234703,0.231417652028231
0.06311740682799018,0.08511808711707199,0.07894499998404342,0.08848314270461285,0.04100234110335839,0.11409767393482613,0.18952559612738515,0.05961051612146285,0.0448015377415534,-0.04421832493043654
0.07770679170971412,-0.05494436880691194,0.0973338427444925,-0.10117905217105502,0.09628179478845508,0.0516101509833525,-0.03319407553013115,-0.025888739672342037,0.05044712527682147,0.17711136140914674
0.1066495611301802,0.23080791637123,-0.06390228374271628,0.07287207425584935,0.20805143606674945,-0.046471641032199154,0.04360524541881297,-0.013208433107992724,0.20220491567160415,-0.024958519175337715
0.002162242840553469,0.1543272204156112,0.22609661442611653,0.12817580216506264,0.05995134065119931,0.0017348865413253228,0.005374696035568574,0.024692813158149765,0.10315547874685412,0.05098566965394029
0.0666997636163813,0.10939761151869537,0.23032971387995974,0.06354316513900672,0.05505257429551263,-0.03840475823193769,0.09319948741235674,0.03270528273300032,0.019679580390888442,0.1630449463329404
0.07710482577740474,0.14734573133556883,0.06530278039490608,0.07512242787858917,0.11958131897083327,0.11493174603712894,-0.13955903573355877,0.11218976742638914,0.18984144951029885,0.16889948873890234
0.1193042833212574,0.09737818136408337,0.244541808530162,0.08103426205983898,-0.07734411744068592,0.045288323761713226,0.019669701102418807,0.09315290587169714,0.14401920485283712,-0.18096405963621312
0.02210645737640158,0.10861648199344318,0.17197944054449704,0.007681208454924968,0.08779998714694598,0.05001402261623597,-0.06898066154124521,-0.046687709384563986,0.007785130684264695,0.14207010468802772
0.02391709273710569,0.2147270052132612,0.04786387000660132,0.22333733306072523,-0.09312790472043636,-0.03973745624025758,0.10079155470376455,-0.06924857466668666,-0.013583391737679591,0.03861910549617688
-0.12351662433254149,-0.01974317588537773,0.11546383392320937,0.25600554007888965,-0.06974194370916799,-0.0618410906536414,-0.025209875978148763,0.2358303393139769,-0.09203834573853308,0.11684509573791063
-0.12798041618776515,0.06419871666639193,-0.06775052175550336,0.06526836875671882,0.15535937851713108,0.06100501738873339,0.0720930942684127,0.07806668885659748,0.1928565631933295,-0.008584815461055315
0.041558428818325124,-0.023851842086510908,0.07819247347128742,0.11000154426506384,0.0905195415749895,0.07838856838891575,0.06202978091185941,0.1855270760605916,0.07313272601557577,-0.03390642604616524
0.05202194910670154,0.21601949199924764,-0.05714886666854701,-0.10589093424072711,0.06764597635693362,-0.12265495386851825,0.06154190153306213,0.06503239383618406,-0.10213946448002831,-0.03282256049295974
-0.01750175215175985,-0.052273432907878975,-0.20345671262625276,-0.05218483391277615,0.07002874074177218,0.2649559104226943,0.10544078852987737,-0.18294263283996492,-0.1251779267802463,0.08702444487815172
0.005918573109571692,0.0702580764405151,-0.08828282352284669,-0.07000307518974727,0.1130302574547229,0.08908808857153151,-0.04106748308033294,0.03125363088276527,-0.08677261284917201,0.05074484452964541
0.012544359872274683,-0.03006936060826564,-0.03929432488134843,0.0062905511658679775,-0.20652617479993213,0.11658463569399818,-0.049128672278357606,0.15845991693356784,-0.12444471509499418,0.039120471933484016
0.1972661033196582,0.05466100520506348,0.10731318649249595,-0.03390258794102904,-0.002278965001424989,0.25236501944482503,-0.012133260384615424,-0.11025435799381963,0.026276944315060696,0.06721613131102126
0.15870277612834643,-0.05389558055205425,-0.13229841986457358,-0.04162226791416131,0.084198921330478,0.09494878589109541,-0.24160386578505527,-0.08720209077899754,0.21232896183879377,0.06257279034954104
0.10246949064905388,0.20354429288887071,0.030914899294473094,0.0876969018935338,-0.10288137746339807,-0.11657284948473201,-0.06900176787723364,0.1663924683162982,-0.03170177458707332,0.1060387478835613
-0.022154246256540153,-0.051859653567279215,0.06271711256750565,-0.055406476008272774,-0.12033378458053434,0.10907169129796694,-0.0524043480882745,-0.046329921639703356,-0.14024375063977648,-0.009076101518345717
0.011400816514451555,-0.028332839770696235,0.12033642780954726,0.11395784275011288,0.03649919584239092,-0.032087747975549745,-0.01864594263257185,0.12355352229143104,-0.04988851891437805,0.06958066814352362
0.1871958233421799,0.06401402448226949,-0.14587264145732276,-0.03868944710354501,-0.013816882693164044,-0.028270755042084317,-0.11070957601245948,0.13352770437398395,0.06370484460831777,0.07430097553301289
0.2173881958496323,0.1419472012029016,-0.09717632694540818,0.13935678704018686,0.020764181505240738,-0.16493795260336827,-0.05508387703526792,-0.13478572497557262,0.18229078637225876,-0.03985734241092201
0.14007407943325445,-0.02162442503480705,0.11986983125386062,0.02446758889804735,-0.10738995661317323,0.06304347883503858,-0.2315299826721186,0.1376990749567536,0.09154188984755476,0.2232738513724437
0.1770020842153498,0.1978968034687658,0.10017024922044061,0.12186515029809511,-0.07763550841742453,-0.1375001947096834,0.023463309279161123,-0.024327376778138742,0.003939345017546551,0.2956143326954693
0.07434652215408039,0.2206269969549957,0.1442486315945847,0.21910621779142958,-0.09677488052127578,0.11017212067039495,-0.05084598930657494,0.16947928902527545,-0.15900049842865505,0.05555359645751638
-0.07506371940621029,0.1726882176439645,0.05586773194959094,0.09381796112954545,0.07713282069284848,0.10559336289523569,-0.035750461645839324,0.031110538521516483,0.19482074597980645,0.13959585154637605
0.09927133194378238,-0.03995396811381911,0.14303983196048012,0.15149691019034212,0.07184696517774464,-0.07711502381829084,-0.020265680300783025,0.17094703887262258,0.09401757098860611,0.0004077139366972654
-0.05011039577340647,0.25341451761212563,0.2016840577881272,0.14369215719496667,0.20673960440135966,0.08066051049548172,0.10643256733422127,0.07403155234089276,-0.09173517146905445,0.08832090458783726
-0.07810092252002519,-0.08535958079115102,0.11396334566102849,-0.0908688030185483,-0.15267562669520918,-0.12279886857418848,0.058531461262122435,0.05526044794360564,-0.002857505163719451,-0.09295405571633002
0.07164835167529222,-0.06954469544527513,-0.08798174477904015,0.1099767873453264,-0.08659707578625321,-0.06598155625532545,0.11621212137318904,0.0976085922537591,-0.11346955053883774,0.0886162865916615
0.07765278650218474,-0.020700694347079336,0.22500361597458182,0.032095474541490865,0.1435657847273081,-0.08582593058145616,0.03986276465153587,0.16298879270973804,0.013333774236113817,0.16917852060500546
0.13920751703337494,0.2372820817541011,0.05547732328567982,0.029329908028790524,0.05551385257055957,-0.022546090554887425,-0.10491246174564929,-0.2303501535748649,-0.14217967624376507,0.16376983535998665
0.05188792177744281,-0.03393912442350152,-0.022173230677998153,-0.07994022592295728,0.01824694630545958,-0.07229882394824574,-0.14317332253107706,-0.04819295990069543,-0.042992894903540836,0.050237543972469434
0.09744703990036827,0.0009655365672194965,-0.056664404940939356,-0.0025232034694568153,0.12641795386399649,-0.00852163495956094,-0.03796469122979461,-0.11443367255794251,-0.01603996172993005,0.04937617984334315
-0.09459826510597322,0.13398454194756562,0.2158732146146734,0.19989366677677395,0.06865587563879905,0.05162879035727311,-0.030563641868222496,-0.01732243196398834,-0.06635620544194938,0.05975613590348578
-0.1836897309737249,0.1513323362702903,0.10312654445033638,0.0689939737983665,0.033799360126599245,0.09094957910518116,0.05577001276145241,-0.11881656728285972,-0.19417425116147474,0.02911844411426818
0.013277340206446081,-0.044734152041826805,0.16187668291683682,0.08397322612553132,-0.07311924829357569,-0.0825779602651846,0.3246864878263635,0.009190850974534258,-0.11210863441329125,0.06850578684364816
-0.07922982400844472,0.05619791056389621,0.038997373742005945,-0.018685242499330856,0.0022139156685980713,0.17669311209704722,-0.023206852752406998,-0.004942559236793764,-0.0698726243510224,-0.08226996860274632
-0.21997938949131876,-0.08616626195242341,-0.16905105885881877,-0.046798584041908314,0.009277479669306374,0.07143545138068493,0.06332934873557314,0.16423021608403326,-0.08381047953784204,-0.07789192151803702
-0.11930925315071181,-0.3172886580249445,-0.12053627767567962,0.08219177162360436,0.09262030622483858,-0.015595558996669687,-0.01309093427914166,0.1438066832157449,0.05656252668522218,0.012166254878025064
0.1575828947411159,-0.13710362116988534,-0.05730099835291636,-0.007005223529569653,0.0882951101020432,0.0115511900911354,0.08185002934465321,-0.09875267167352611,0.07016372959905981,-0.11865879336576476
0.04466513452592276,-0.03173468923769317,-0.23948953789189065,-0.04292353885608048,0.029706098263578486,0.14694743014196865,-0.07993123451212324,0.00500737477171536,-0.1683951284037269,0.02843894777034521
0.011591854219325477,0.19973198176761064,-0.13193665185997483,-0.08613293230713569,0.057915628357037174,0.04311143201283013,-0.06633302404578073,0.09015949379532885,0.11557300630469253,0.1116802117159586
0.08184618259411369,0.10270328256284868,-0.11518010336173239,-0.14863023735723793,0.17932036230663406,0.09149640735698929,0.03568433667626687,0.015137710528321646,0.08088577048613176,0.09514100934924485
0.12881749000570147,-0.13912409177485582,-0.04338194554736873,0.0005477820014024313,-0.05639613799404439,0.08127571493992586,0.22024707055022963,0.02046774467302377,-0.14856088586247035,0.07678987396204595
-0.04226471964637647,0.15605368127442107,-0.01975412025561918,0.035715472712702444,0.01341153662855745,0.11231745491094089,-0.06275885635563788,0.06366205536991812,0.17647590445716096,0.14300042735326834
-0.005847690289286868,0.14708474932455032,-0.06140394759767999,-0.05198862786325538,0.0871248963146907,0.11247485771526561,0.11684828634988251,0.04620265646691781,0.04134058345239577,0.12209135947020623
-0.0916190480815462,-0.09731945208442948,0.08896803637160064,0.14665154214362075,-0.010324778196563883,0.10500087519010362,0.11189053986089043,0.16567246954790354,0.23244351297699103,0.014884295102797325
0.021470386070976847,-0.05456788480475366,0.16110363696859636,-0.06005410410334844,0.02987271968444576,-0.0075819369953928906,0.17203178944651565,0.05538065467768198,0.16236831130876203,0.013382715429917078
-0.11113149170845685,-0.018097464858518944,-0.10515359335720187,0.2651927957134928,0.23543914401755972,0.21675540018206205,0.15923779761543339,-0.01605827726933961,0.20235723104703462,0.1659298565856886
0.071978784346999,-0.08107657563128254,0.09292915663949694,0.12746355925362202,0.23169441702460014,0.06846076063930757,0.005143201844012353,0.019327836590034723,-0.04399413381409836,0.09507323512907515
0.1441145462126365,0.02207987296557432,-0.09711495615640126,0.09502629455441766,-0.07215847194937564,0.19459220579414616,-0.050505850764549304,0.029042908811639546,0.03249766834590487,0.08581957050012795
0.04168923506182932,0.013419684088004107,-0.10027564044460541,-0.03514953433086265,-0.13813131948581303,0.006056053536371876,-0.18546548920641592,-0.0794618628895607,-0.07932849141744151,-0.052195125230545994
-0.03871506157933356,0.02981648055028117,0.1731036371931098,-0.09177354809427257,-0.03161556615554434,-0.060000271330562994,-0.20003648614825764,-0.07686214947087398,-0.03445083182239265,-0.026904542080896696
-0.008174205851875196,0.03777277872375821,-0.17144610021608087,0.17981809912662164,0.0038539651275754996,-0.11308160505185076,-0.4076552457462325,0.1466054621278193,-0.00820630898508222,-0.15420028758457113
0.022669825534474344,-0.061114043004033586,-0.13104670285796657,-0.04264227087067492,-0.10097074572562983,-0.025023678556968264,0.02483333690407953,-0.024969261507843316,-0.15832009402048333,0.05313425469587318
-0.05776096377509485,-0.01283946042183022,0.14352656715841805,-0.21351522161153594,-0.08032822696312959,-0.05176892525698523,-0.006185695636522173,-0.23040931905298756,-0.055231226927142205,-0.03115725023365373
-0.08955277336787865,-0.28014101286439147,-0.07689635029175278,-0.037978779668569704,0.11680583607737421,-0.07479882283848739,-0.12823625423958343,0.0005438308298477829,-0.10751554944698795,-0.0180028983407207
-0.08040492190876061,-0.1342746386018267,0.08116343614540647,-0.2103079854412368,-0.026908482952102172,0.08971513789482502,-0.1553355400301121,-0.01965996430932134,0.05670637730888667,0.031586999689335774
0.017050012040745653,0.06451818450575413,0.10522360351063122,-0.11709625050698416,0.03706673407084348,0.22950387790606352,-0.07716429710345027,-0.19128006085049618,-0.3075385274554847,-0.0015492894042296868
-0.06170887018108371,0.15805530444365215,-0.05191160416025791,-0.079795044031037,0.0025634632457697745,-0.092664407035699,0.015736054100379177,-0.1334846536989604,-0.07554870985913714,-0.26514032042178964
-0.10838615910095553,0.23146866165553817,0.14412699034218612,-0.046703564827356304,-0.027784572727204523,0.1197450418925807,-0.06336310149712163,-0.11947828564064383,-0.0007785686362763444,0.041403948646648384
-0.21443344989084562,0.032826539493018586,0.10442031576316405,-0.06846830635717067,0.027057955382049987,0.08245147003455303,-0.1061233713124005,0.08590789726094265,-0.004041444830681841,-0.09931459916599121
0.14087867242223925,-0.09331978904021598,0.18016430288465332,-0.2799164850549179,-0.05286082959565446,0.11517905003964526,0.03254879210372631,0.05706454313858321,0.14794282959165284,0.04411044414874392
0.10510927406414369,-0.15054770439878012,0.0825536636758068,0.060828810523880936,0.03536940623892208,0.17441350528718746,0.07473362896754693,-0.01232926147387553,0.04589489030974425,-0.18971207649429392
0.2733331080726118,0.02876142011408324,-0.08348378597804425,0.011513163001312755,0.00947293186614993,0.1573043547806884,-0.01213428078152256,0.13222706824182645,-0.07761408203646152,-0.03088478248862622
0.2033810198192876,0.20782248219269414,0.14018710284094502,-0.17525333776303478,-0.0859012057195761,0.04456059772069598,0.19275283837116625,0.09032587183081539,0.018234203886211643,-0.02302372513519637
0.1739727792431389,0.006534376111542756,0.11974124394977807,0.08059190770625702,0.12385499517162814,0.025603617289040828,0.04495473553801973,-0.24285439729045072,-0.022025697141339215,0.07946505060554623
0.044748582105239285,0.20417543027176446,-0.02231459018605192,0.10537156889134505,0.029687188078436726,0.12356132946780447,-0.000466625150731953,-0.020039224489055207,0.13650688144264891,0.046273887876664914
0.10754517462676416,0.05314970253252807,0.054203851246142326,-0.09312384807308965,0.01214220644043243,0.18491083578451273,0.09049138326045954,-0.07043671079299355,0.15229666214215376,-0.05255739230277487
-0.01235228870382335,0.15100507110784656,-0.09443773127612226,-0.024019222235415028,0.15269086432003848,0.1717461761914074,0.17211323733977707,0.0618320694137262,0.12995311280656335,-0.005942176125079428
0.1277752742403261,-0.05689395572994232,-0.19521596987055126,0.16587632431034527,-0.006728912427414677,0.04905076733142755,0.16022872932381865,-0.059525433776704564,0.04119831747425483,-0.07623333726212611
0.09586858636125586,0.2331819391992427,0.023389548238454454,0.06055577903567005,0.0621224084343163,0.308051153113176,0.12881344253282231,-0.10589298095844385,0.05153343626236734,-0.16013879815868917
0.04088540920642607,-0.051207029807549535,-0.17224967228920246,-0.26190714671839643,0.0657858362076236,-0.01607313670098917,0.07398165245561603,-0.09518137942243865,0.06269873922317404,-0.11406902717420217
0.266950496845325,0.040989921841404126,-0.09059195936467565,0.10541392547870557,0.12183630125394447,0.1687295684352902,-0.027586392275164906,-0.02039734606754192,0.15342170942476357,0.1647945963751989
-0.01357798333003897,0.21434276073943892,0.2164650657964274,0.10538831016985517,0.19943384920675206,0.1820291592458472,0.03609076266170339,0.0014199105601923959,0.19748809793074934,0.016827053127610132
0.13785564898166433,0.12868191289686737,-0.06875188629633067,-0.007243565502266597,-0.050568485715563105,0.10361678920634551,0.05715415837238583,0.18422471878103058,0.06579761050602444,0.028768747504870587
0.057492963760504834,0.03477688494632135,0.2976030116828737,0.01821194297467006,0.07742725967819494,0.14451011494898805,-0.12820114532101717,0.2263464121649014,0.1402354175235497,0.06617451792013866
-0.008761259900362153,0.0474851815117344,0.016340943634221797,0.0186335884790852,-0.01775582614339514,0.021392249122128226,0.07791015934314317,0.14907288268061364,0.05464128740997953,0.23680266128192903
0.04573867094456463,0.0505003951259063,-0.0442120058442506,0.09064830463187046,0.11015787546007035,0.1281890203718557,-0.01933902224086257,0.16262625376331788,0.05313381995969389,0.1752895129012878
0.03361806173441412,0.12256574320067551,0.06254541326160712,0.014492712499735064,0.09002914132185384,-0.19404790174717793,0.15361988042279498,0.22372601855724383,0.10973367519167601,0.2041632177599901
0.11989482887305788,0.014421846710579323,-0.049198468098295985,0.04513942808712131,-0.12956346753198633,0.15410222334177281,-0.040860817460328776,-0.08383898834246013,0.0508835692305977,0.17776746083444678
0.14327646577620023,-0.13573790891936535,0.08845909288663312,0.3725993564437696,-0.008221669477468795,-0.11602452722138559,0.09820427761192946,-0.030065009242192867,0.11229705054012115,0.23472532250737557
0.09252330185840572,0.16407054122768897,-0.05552753485115681,0.1366028812535554,0.1040444456165323,0.0286644141715064,-0.11782782868665048,0.061795543185100284,-0.11147420848751581,0.10283829017842903
-0.04393105027988274,0.010792217629835621,-0.01587984476523331,0.1484409626466179,0.08096390792247166,-0.07253295137449,0.05568816977258536,0.10390686492656359,-0.012570409157654883,0.11225203243801418
-0.031834286906586025,0.024210164396392047,0.06772619471857022,-0.06836602430074398,-0.028724266310943346,0.08504817834976547,0.00045767124937531184,0.1510378890402515,-0.00498245266886798,0.22221014048108784
-0.1579633767223148,0.180307886833522,-0.001809985906475263,0.05793586786801812,0.1748382960281407,0.053407235312139825,0.017712835762417653,0.09528426274922781,-0.04760982044748764,-0.06768737445246407
0.11014086263582833,-0.006895490228624039,0.02014904677387492,-0.04853495727568679,-0.10597093971064832,-0.04655180660135795,0.06504938406474,0.09277721148612297,0.09615147333736024,0.09956148376575172
0.11573440285567223,-0.0030111946704190345,-0.021098746982211203,-0.01712837856767008,0.010335289694976105,0.07126466339866744,0.13482405086663596,0.19013414877109158,-0.08901501637564269,0.017609473836564776
0.012938875436065714,-0.14363612608925194,0.15952831742333623,0.08998590742413187,0.12839935614716302,0.057806604556268126,0.03531217016035451,-0.049300067365296206,0.0352444725986186,-0.039832091787377163
0.06087060566560805,-0.04577474688711665,0.075222109550266,0.04836081716983698,0.23752720473458672,0.026877810409961178,-0.02345935424721545,0.021315512928241746,0.14237180119503168,0.07995421518739754
-0.14412707880958733,-0.15062157216944033,0.2518755794800631,-0.03594866614712449,0.024912285065800996,-0.02417264341699903,0.12124322235861315,0.10278681658143762,-0.06331234046304882,-0.10255839156196891
-0.1287571489613412,0.005917915995635089,-0.07227209480473715,0.07935059859271282,0.04883621471741697,0.023417981496240525,-0.016258471675806088,-0.011295211627564906,0.11448148854199462,-0.1154670200791852
0.0368472006980175,-0.058366686873903464,-0.15185921495067412,0.0719720830320921,0.02026407038667235,0.0052798295457568215,-0.03005391809756653,-0.14332400875417092,0.05714489638105105,-0.021652200249523596
-0.1365208221298365,-0.07373593871010523,-0.09599461534166745,0.2907712210186014,0.010568815907635235,0.07336676054860017,-0.04493574363296805,-0.12726623216708102,0.10666379149664557,0.0014356927792946034
-0.10268939855131873,0.04604495338017145,-0.11427698588922808,-0.09683840320139211,-0.16016964317004614,-0.013424824913623498,-0.04050562703531649,-0.14885622790076933,-0.049602872187189104,-0.0395233815876918
-0.025784090389101625,-0.08978312976485699,0.045794293022053026,0.13335114444801305,-0.04708102296397818,0.04168464163006498,-0.007535381534612331,-0.08201617709049341,0.04947164640807568,0.026979972957110604
-0.06436224160152892,-0.10871712229747903,-0.002458044542831543,0.121918882729531,-0.14360613570688524,0.06934252443379688,-0.08021601043110144,0.22979046370462597,-0.05101665566652308,-0.08139676357118078
0.03864675753490103,-0.05128335174832729,0.08008323034062348,0.02247264311553007,-0.09324167802166292,-0.13575184921938688,-0.05301249992588243,-0.0007454038293711884,0.025546404806588353,0.04895174959630604
0.09159443520342225,0.04102093228157801,-0.11614815163364109,0.23637757106859025,0.06128599860157048,-0.014169655302665757,0.05949427658339519,-0.021787360823716205,-0.15201725087002027,0.04786829627817673
0.1339376528102489,-0.1145699510275441,-0.09820342323324384,-0.05854201622327848,-0.09160624514278307,0.012104895041551773,0.21478624153937542,-0.005646995525958822,-0.12679449562053866,0.06196844637547265
0.039677304035562674,-0.10237137412491072,0.10243878380309224,-0.13136920915515657,-0.03531340326077353,-0.11536352796697942,-0.14046023603455327,-0.004465854167744289,-0.010209350133020954,0.11785595776323694
0.12133029347649214,0.030183242407292313,-0.14924870785537492,-0.03345119380504448,0.15186356777724028,-0.08420037938928937,0.1233712360024363,-0.2855708685719036,-0.085950490668742,-0.0718597524784219
-0.013403664039959533,0.07607962993976126,-0.13773749608683716,-0.24018077310412905,0.19281648544545155,-0.06964075206366549,0.15263774995348806,-0.21080688954909085,-0.025421278009259526,0.0049531162618953375
-0.14494445958578014,-0.0766661635631581,-0.011117463439535033,0.025284699918250636,0.2483777952861363,-0.0965059235103969,0.1676210064489202,-0.09380783567777076,-0.07493700043678853,-0.04717506164875437
-0.029858586633494208,0.10488526644138141,0.020230523816543278,-0.007548899928029103,0.11589153371476066,0.05016435095386945,0.04879103821045108,-0.15799578037619705,-0.07182452105766234,-0.20896517188200864
0.0057630270445853254,-0.12311545286460496,-0.10117972186005751,-0.1496293764353011,0.22095598651344894,0.1203166633305505,0.04412492490558765,0.07195425546320336,-0.028138312642306425,-0.1354539289462156
0.10060648609756558,0.16340620618270807,-0.06684027466205143,0.06372636678300328,0.0063385941093203335,0.21966630286623787,0.0412186491972057,-0.04624885830151025,-0.058428777809020255,-0.13879398131769477
-0.1674998900886117,-0.028982613478438182,0.06715986159808016,0.049239364490245546,0.0014214303051658522,0.09136629175825187,0.08809211402737113,0.16400832169693733,0.13948368136214812,-0.003539771912615057
-0.016834316715705178,0.019252834317104325,-0.06127388383518203,0.07390841146203922,0.10642631398480598,0.13707770081183301,-0.07186152802383053,-0.08251491516375671,0.21711684415863902,-0.013997223206715677
-0.07723519636803247,0.009682427166286284,0.025572487859783843,0.11439969285058779,-0.004972110629528161,0.08636157786823218,-0.017351925945930713,-0.00931632642080539,0.07062910804019387,-0.017206692932902428
0.09395531385966763,-0.011866012807755642,0.2636861967070165,0.045452171037562425,-0.13358909902988797,0.0852229128054689,0.07237249398870478,0.0396349286522399,0.000841996961273142,0.11528029881804505
-0.09049059737276585,0.04751952357560699,0.0077599897102153675,-0.0031983951353144607,-0.10175120616668587,-0.06328328995811162,0.06246095681096668,0.08793373670726559,-0.042852258122736755,-0.07318528180460089
-0.1449119753789415,0.09324979120828222,-0.007683719593613594,0.019910055045412604,0.02005878157557957,0.01784686611524127,0.058269613340526834,0.16430836676183427,-0.08721895377435976,-0.06850015963466444
0.033838050681575825,0.09393773771879596,0.06137969550002425,-0.11816241973112497,-0.038961780828605574,0.1738368990299442,-0.03718321342323774,-0.08711715905083146,-0.13988751753078682,0.0020911231311898665
0.1976327746032424,0.10930298528227117,-0.25584820733758185,-0.0546775032683357,0.08184771768236504,-0.1730661307515928,-0.06918182210226927,0.13439341713343791,0.11043564682843533,0.11561196174464702
0.13463933472115636,-0.13040512496160817,0.07578755279361471,-0.07250317595182662,0.08415297241218996,0.11295755047971627,0.076966542003835,0.023419535968863165,0.09339482798512654,0.014995279976773822
-0.12404791591423127,0.006564058582396115,0.013244243082709387,-0.010376174180959801,-0.0723185448326396,-0.1414790097464635,-0.0453226677906177,0.15746228207109836,0.04446436351258456,-0.02337428523767751
0.043549568341644716,-0.07998262443822862,-0.07121645402671468,0.08770471242677177,0.048257228114269204,-0.10639181744355905,0.11135435510096173,-0.0519320218422778,0.07889955325684886,0.06815250127571693
0.06387089538620176,0.034426260134523184,-0.014184511892732826,0.14552336971429353,0.12086050603276868,-0.0941456426339598,0.06959024252718263,0.007697504323237164,0.06471020735093964,-0.1614888895333816
-0.05400716172921853,0.16431599220849322,-0.010960916069146526,0.06037561283075457,0.08234154023933371,-0.044177837005988624,0.33324607894452657,0.12301836965025002,-0.04472654813620533,0.022890066989246324
0.014549573590063748,0.05567469517306971,0.08449668948304015,-0.013446401099813939,0.06378979273215533,-0.011698210538851207,0.2195097938739603,-0.13367367097973365,0.2390763159478131,0.06680489311003145
0.16957637331197462,0.1187458917887021,0.08581734189573453,0.0033396859985244803,0.21392892562186452,0.15114496475426212,0.13262164240684327,0.05997472143651526,0.08477846322144302,0.06874869884323825
0.050987599259212604,-0.03726011117927605,0.07771495822062248,0.07411404630814061,0.12667623514114867,-0.05218662945132502,0.09282914909022039,0.03351825699887016,0.28087156917758843,-0.06400318585096176
-0.06318806559077855,0.04618845544072101,0.21391716714559667,0.01744741442097522,0.06080173657865401,0.26021543553048365,-0.04139082334914132,0.12125029888239133,0.15430320757741586,0.10265352055548867
0.1319090040536115,0.04728933991898665,0.19731762684613502,0.15870275102391396,0.15045654183030355,-0.0014010915796040108,0.19192022465322978,0.09930812356363103,0.05581359565891579,0.08770335157544243
0.08358217191502595,-0.11686204593744362,0.060919938070493417,0.04499692538404011,-0.061038605785069894,0.20066025324368636,0.041939283699514524,0.059910641849494725,0.10713011693585237,-0.025251827154055523
0.0743832682021037,0.14808525455373503,-0.10493552217942595,0.033121214261218425,0.1354306124637104,-0.06352965165485466,-0.001498712547147292,-0.15646088548617992,0.11576281131782029,0.1277183507645965
-0.07861234512975399,-0.05386574110929202,0.0575437672346332,0.1284911594654688,0.13209938686418668,0.0968222564072534,0.049451756251961396,0.14603275082726405,0.07388579564379641,-0.014671152439728094
-0.04540746183888163,-0.05710684749489742,0.05348638785127298,-0.05437299077387464,-0.17295713845731264,0.010819950695520674,0.11861921919638235,1.0077838978342357e-05,-0.05978059441928239,-0.12667399130116866
0.1419909768224337,0.047030487894859044,-0.1342466533673422,-0.033299937143140876,-0.023409308329231302,0.041661324436017375,-0.09626691535649315,-0.08480136545658822,0.14185812953403742,0.01816060019527376
-0.0239292959092157,0.03251063382962467,-0.13615573549657853,-0.0029668650766884446,-0.015044827400877543,-0.056149084818856165,0.14742223716028263,0.12186669342319667,-0.012306494057339128,-0.046548035942929465
0.034747558401383744,-0.022477131422408342,0.11622840422170366,0.03550377874641195,-0.008008870707183237,0.16380419281213676,-0.08805015010600889,0.08811816827048523,0.12376325453190963,0.03375952025120899
-0.06239868059743898,0.029620966016449347,0.027998096665002407,0.09074911698663377,-0.004120118698241221,-0.1385022892951983,-0.006258970578444774,0.15397482237819787,0.07268092051197321,0.2234373962032524
-0.010554109020584415,-0.021712905742210187,-0.06557877778093174,0.1812775685741836,-0.010138307376541329,-0.24990481007888002,0.04218959208438259,0.09080554516143843,0.005670462015329208,0.031966549960478985
0.06448635816105606,-0.09749004769085948,-0.0043021305776559365,-0.029981627351027745,-0.14239703332833015,0.07555174466693486,-0.058116403360374325,0.06976401025959905,0.08222328148181199,-0.044198824609535656
-0.010562679524902783,-0.16615004242399428,0.11394606644546727,0.020451488851777604,-0.05888032886576237,-0.05505402103019377,0.01009073769956675,0.005666621612032524,0.10587518169332946,0.17437102793958642
-0.07395100152387588,-0.18308855891054893,-0.1156002016160528,0.13420234324757707,-0.008735653141631751,-0.05134821516336957,-0.02078080780743342,-0.08763602047775214,0.04733495115876508,0.030463022508244966
-0.07669188586533032,-0.15036439629018267,0.09743525845234666,0.10193390451463757,0.13438626894449768,0.04903625017932317,-0.27083751830764274,-0.1000603470499191,-0.07555838512410076,0.005101676182238261
-0.21769229320722078,-0.028363504965620578,-0.17216359153599797,0.052498025351786576,-0.07219106803738672,0.0798547554161746,-0.11385022445233214,0.1128331406390338,-0.15322194951695847,-0.015093058850725271
-0.07199048050960029,-0.12873599561139482,-0.17415330474462865,-0.24793261796787675,-0.19089311252766578,-0.11105083072618682,-0.13943459507786576,-0.10506552862618189,0.004576015675368389,0.13036700620723848
-0.06632269368752168,-0.04206241857239217,-0.22128373259992037,0.11779302997567577,-0.14453137700693366,-0.019672889724907314,0.1742603766420498,0.055259111832222145,-0.04622524071522662,0.021272212686404474
-0.10864527936961543,-0.1085865949600474,-0.00667242108726758,0.08284559563306927,-0.07005208928304615,0.024721027837447937,0.09865327654300826,-0.07377810748341943,-0.030256132723080927,0.03162475105562123
-0.16688609905091834,-0.02244383633139957,-0.12276337899628723,-0.09364613997394239,-0.06704549680059116,0.047179994038099984,-0.04689851474138873,-0.06889047115472101,0.1127937855143624,-0.08340236518800137
0.12281082669009459,0.030083262641291283,-0.14578581986624847,-0.058913696278527126,0.08818077382730995,0.1491129796978817,-0.20522015823623405,0.09477890678131515,-0.11344837443653709,-0.0033588049051587673
0.041241858277683285,-0.18220217639053946,0.0637113612652663,-0.03040666558415437,0.027120612076678076,0.06750245127908744,-0.06248350463574892,-0.043947544277982815,-0.13560278122986258,-0.09653621814196348
-0.042847161273714594,-0.01568883300846363,0.013015855869321663,-0.14117490933185212,0.13288804106649038,0.1005891524529384,0.039076744071871373,-0.034943763107193916,-0.2498969068683873,-0.08587358461485738
0.03510141896460609,-0.008688513791263239,-0.07991834378891992,-0.10759209246138168,0.041332981882565185,0.15246816829099358,-0.012298121065637931,-0.025695707632901146,-0.16298057709417413,-0.04888667139991811
0.008657700378315238,0.12298059142959296,-0.07316643343686391,-0.07855112329626786,-0.12128255903453625,-0.13619512647164578,0.00215656333499022,0.16805900837385074,-0.0890648410942811,-0.07817504168484483
0.09521887821837174,0.08482311347654842,-0.06430562157411977,-0.16613047605947573,0.026317695284665266,-0.022736674041837414,0.10724769959896069,-0.13323838949344524,-0.06302771511848257,-0.17928828166959362
0.036439227879668586,0.009718492702817801,0.0869569060920536,-0.1641025245229943,0.02747435791277305,-0.1754469768548702,0.08219281418918693,0.07686615920770908,0.16462328446835198,0.004212186604326228
-0.09671108153936335,0.17742360297332985,-0.048421106110429435,-0.034993867908479276,0.04174510298541895,-0.00028753218641811885,0.06383412982861501,-0.1506706407361719,-0.024579580517180802,-0.0780029795718751
-0.08152920236394584,0.008818427080760704,0.09703313533946797,-0.09810380775337416,0.04402528248371108,0.06058174112166108,0.11257183054801626,-0.05134954850980262,-0.06982746757089747,-0.18353574173209086
-0.06048381634454107,-0.061050844725943,0.012468831022149327,-0.17239197636199166,0.10758367100640623,-0.0047010244090198786,0.22520210739100352,-0.1418751298610717,-0.07578336920395726,-0.14486587854369487
-0.030883964428988483,0.03848294659393342,-0.03837824420780489,-0.1262216557813841,0.05584268312113758,-0.031435228375839834,-0.022768487988752792,-0.02535298216808942,-0.03264338658948342,0.03196539931984446
0.089260858074799,0.14449719306678885,0.025581510002779775,-0.11387146696160078,0.1753504530024428,-0.06539766032617454,0.07304474844289525,-0.16042316270540694,-0.01943964412454545,0.11057620360612698
-0.07905283755448161,0.019268035959897498,-0.039687603945842254,-0.027577971116377453,-0.05559223708470995,0.012812087493147162,0.07558764656005781,-0.04262169539918924,-0.08771183911535203,-0.08912004634749562
-0.08157184066535625,0.22925227933176776,0.184726563514108,-0.015389659916830844,0.007714058477341426,0.034490163374176756,0.05827706005300293,0.01791519880394412,0.03960179627191774,0.12207544984160633
0.07983771088379286,0.19133552183454838,0.12582664416396278,-0.029770595734961824,0.10142177395428065,-0.010570100175262213,-0.12422364050707585,0.14910611259538706,0.21280208234495232,-0.007624724108440043
0.07516906647363832,0.06179264572293613,-0.01613892415663147,-0.1253821152330614,-0.03515788513944352,0.030123403688713572,0.048137175233258916,0.15668685056270218,-0.06597223246656797,0.12486620448549551
-0.006452755532703525,0.058824470590978416,0.02610225234031468,0.05469507537302769,-0.041396220843528495,0.17609530104065993,0.2557640122446271,0.08982223641175371,-0.15377071205846943,0.10048978301855524
-0.057697497632541145,-0.08917085459161471,0.006564442819338878,0.01881700528257927,0.14905978894597788,0.04410405751750436,0.02740670605619498,0.074783951151006,0.13431630986631554,0.20390576997329501
0.00028255692237640767,-0.16532464761036295,0.039958285510206276,0.016276167039526782,0.014893096296130053,0.009109402128062792,-0.0619584502737361,0.11500331095419612,-0.03020534311690239,0.16975051506031208
0.06170881807322284,-0.0747541669878039,0.12931309980976852,0.12014892652034861,0.03652650325077646,-0.09572542599677758,0.22168807802180931,0.13538343574452935,-0.13352803542399097,0.10812467718905304
0.21478258686351084,0.11465389326032123,0.007251368529146776,0.02156850570628266,0.20592683717875399,-0.008539041724751992,0.11698943221250424,-0.14233478373564573,-0.03906540312023349,0.08114635590155528
-0.03902017799500699,-0.039812207979549014,0.22769860587141005,-0.04004204891918413,0.051576221768953975,0.10640419748893927,-0.004789398691930555,-0.08652775677022764,-0.12346342886542946,0.05738030607629485
-0.063558850876015,0.09201913635610359,0.17771839314689702,0.20459137317498322,0.156915063403553,-0.08034522351270366,0.05947462338421464,-0.004796736708051076,0.07201052271403535,0.11615932713569241
0.03864802971310567,0.09155462914670867,-0.10650187485149447,0.11376230781119089,0.019300516626057453,-0.04300827235241121,0.300627259834946,-0.09362336561451613,-0.01266224721285611,0.06332936911507739
0.0038990410120928985,0.1359767786847672,-0.002613331177347099,0.03160064600182376,0.03583766740610225,0.13659682222561417,0.2413242678461227,-0.08407023975001436,-0.04270362515567409,-0.02174250543586078
-0.08479386106376158,-0.02821708765654489,-0.1389959932367198,-0.04411547296972842,0.15103793720641573,-0.013647060296080232,0.07275433880990576,0.12897021349699467,0.12723928408657992,0.10518959546697311
-0.05385296470440778,0.008938647854756298,0.1919963675464308,-0.0906236028357537,0.16070760014977412,0.1908043575150838,0.008128284611565187,0.04536527399713303,0.014754662944000504,0.0417368052475877
0.035965058064788655,-0.02747059162666191,0.0049791541149369475,-0.07625558194048765,-0.03691659746690698,0.21545259949818582,-0.04357942691568083,0.07740640569820055,0.08711481062392083,0.06673082208687253
0.19826311942652736,0.07000624472372959,-0.05428010874609407,-0.03510645007676724,0.16595766161385295,-0.09153569689634808,0.05480847577967536,0.13119015041083898,0.2338683089215973,0.10906992731388596
-0.08309982381087065,-0.004956184683686082,0.02473014587135173,0.05953988556363183,-0.028256503982813597,-0.036332722985180047,0.08853760829918413,0.13000769854417887,-0.2426797860690904,-0.054029027669306534
0.03121112239854674,0.09039103287695525,-0.016811328238337284,0.08573633217080037,0.19064486332056307,-0.10180645673862293,0.11781248261417768,0.14919325251989413,0.03618600792846109,0.09342279005310945
0.040844046582978334,0.12280928278751094,-0.03710049594301377,0.19195781348364577,0.11131939140383912,0.015823059494895573,-0.019876445599981432,0.22658419713381625,-0.021705879744511533,0.15918978542345513
0.13262691950637603,0.1946280226633825,-0.029760291660128085,-0.11788138195704945,-0.18295057159859057,0.0692726337580112,0.14700013905200515,0.012759016022724737,0.022889259187107616,0.19181223865546745
0.046113147056091104,0.04356485253333248,0.14004522643659653,0.15823970023616468,0.08189110068338042,0.3163488123374491,0.06555554391342211,0.031190160591688665,0.05396484631268578,-0.08319287770426426
0.20412259432321558,0.0730665567352942,0.00041417945450342164,0.10726822578608439,0.0849587223055327,0.4017893093215742,0.04688646835393803,0.13582239693952233,0.046587009320547705,0.08667880986131887
0.13577827931083325,-0.04472454231505345,0.08345968513543765,0.06359918203636043,0.007502345791067039,0.3032911678027768,0.028701581768954546,0.23975441801709768,0.01744403400199912,0.16363702721336226
0.343446077677,-0.07301191262494308,0.14096075587172474,0.06523650038160837,0.20776289049386565,0.06201578701317764,-0.02170056405048615,0.13872130175311506,-0.04990061713112363,0.1324662143291511
0.06473015254633216,0.16004979520128676,-0.03089594707026823,0.10430009881257082,0.07834512613373347,0.17558091896345385,-0.05342407881495221,0.04287968957833489,0.19726221391727466,0.1014603668557171
0.12732217769143633,0.12290282223488419,0.00035922000926144615,0.20142182063571884,-0.021735327720345296,0.073535923893001,0.0058078832878993465,0.0690989702743035,0.18106715803725504,0.13671344659148127
0.05175726279850712,0.2210031294598393,0.09865850287761668,-0.03302581004997063,0.15924156654815105,-0.04672165419490651,0.014814364854648779,-0.061246229682650616,-0.051764457687566504,0.11425297662470536
0.05988483728195018,0.17197474850437577,0.04887872065109802,0.207410317053202,0.0706155615005973,0.03949581875742793,0.09860795626613586,0.14115877459270026,-0.0008076473019926894,0.042642379496881114
-0.002899767000855445,0.04148531159978779,0.032707167870655314,0.1087246410939289,0.05837807801105184,0.09114178842179342,0.06987653253969242,0.05542660458341521,0.003193846857815999,0.011826081665548549
0.12607407183937058,0.1508113757349293,0.08620528025612242,-0.04668805803231464,-0.08099493460629084,0.17833069835231669,0.03751537553795316,0.1757876301733922,0.19884691992760736,-0.26201931045492427
0.10374667504707745,-0.08132776891360921,0.01794061921810105,0.09648836050472909,0.22106011756048144,0.1734007604433513,0.009402111519963882,0.13775301554663535,0.1730374075852762,0.09325847151108005
0.0149157422625079,0.06385751546914463,-0.08463299087341311,0.02805260108108132,0.1908313075208422,0.2430709326709919,0.12891161319905325,0.2501542952333308,-0.03312661642677939,0.07413996506139053
0.13573490288047857,-0.10851048369960553,-0.020266577068929155,0.06326601356300487,-0.10968185325644353,-0.07657776541853947,0.12017818930140281,0.08829054138179514,0.08213801094851816,0.008217564868039526
0.19073225380912173,0.138951475037288,0.190361563515462,0.00853830597738621,0.19800388064819985,-0.08059136572544517,-0.008559897298858837,0.04794549625165216,0.015108845618682754,0.17259285120484566
0.13896288185509884,0.21318714667681013,0.0687497843678836,0.26963883706493014,0.002792963380025215,0.08524018661136476,-0.0675710184452491,0.10421929833362371,-0.001781594557313755,0.16428698642761436
0.12767854347517704,-0.047023808712607404,0.015976992099776224,-0.024819551167241397,-0.017191271526417952,0.010279545247008321,-0.21860668607152028,-0.11770461557795327,-0.03827553373126606,0.28008208933371814
0.08282313109932232,-0.10537894843728154,0.22769690809624968,0.005523284505740453,0.007435438097033016,-0.04603083040111061,-0.08542024473046309,-0.011465945593859397,-0.12300220267069249,0.22102361737382709
-0.0315442027345139,0.10856972368729871,0.18364067672531403,0.0971254073323217,-0.08605610230983468,-0.24950826036302962,-0.06321894287538565,0.08561166341873407,0.025075916000542195,-0.1807916657584076
-0.0815825632957432,-0.0848660402125365,0.13258688887092357,-0.11246131558107876,-0.05514432644808913,0.07595711793137233,0.1389524306221514,0.07778219170677629,-0.0910489118354238,-0.029621167616383226
-0.11807503056915115,0.10634592324118854,0.06124940051689096,-0.024130082573787123,-0.03334743467379932,-0.09569047350262064,-0.039590681529589666,-0.08404130543344857,-0.08263117943505083,0.2341455336348293
-0.13316597478347017,-0.03675724863284956,0.1251339362143099,-0.09035776947782331,-0.12573449029638245,-0.05981094253316657,-0.02615213032967106,-0.18347672112402336,0.13147140972502394,0.037012671203698166
-0.09101047499555173,0.20546397123772678,0.05121826309639575,-0.0070649298348156135,-0.23611969968294708,-0.03679071584034732,-0.002615438227332541,-0.04175049159689252,0.2150614974084264,0.05037973543734451
0.017200240508508657,0.33756262252381286,-0.13028756329414748,0.07260372443966051,-0.06385989135374857,0.006047581260270431,-0.08389129038494356,0.1317347664690381,0.15261387137890137,0.006179626162509541
-0.20079361135470702,0.015349077064677634,0.10669341137712407,0.04373813527748022,-0.17974641858494989,0.14357713054188842,-0.04386059566818677,0.08988498335499537,-0.059231825716977216,-0.09027500656555859
-0.12864829914181986,0.08408268424052631,0.04743978517836825,-0.22398714553293245,-0.09592861023579108,-0.09997306074345075,-0.044069382574050936,0.08994831698626492,0.026039903317477964,0.008860768403427626
0.019870782799375673,-0.20852371572480155,-0.03953215319774238,-0.03606527390794415,-0.10683744298871975,0.1078141367083586,0.09803568945015183,0.11307545050511236,-0.010033508243026325,0.10475821545978474
0.11662821770987426,-0.06025676972412887,-0.1379764585342377,-0.13860167271642623,0.06398298938990075,-0.24783685751035353,0.03370038247167093,0.03493063326401112,0.011755553303981026,-0.13471497184913522
-0.02451053089651634,-0.15428295935156225,0.039622872292590726,0.06339817438371777,-0.08466959369484864,-0.15148040560176795,0.0365110466970536,-0.08130822865096102,-0.10155950476603753,-0.04164266679023608
-0.13007363572138442,0.09550284969103974,0.07528200943063061,-0.10913670020601124,0.09705359897754118,-0.06577641863876452,0.034156892919491255,0.033844704540599124,0.11245293138119677,0.03197973328543245
-0.3255735112840449,0.09905858051071839,-0.04908560583770696,-0.1129390932401667,0.11789507770916272,-0.01529406271095684,0.02849670518883665,-0.13532608684965206,0.025274920627210266,0.13455372940307458
-0.037514968214218375,0.1447479197860438,-0.12234728694133357,-0.028272134505648784,-0.008139356210966994,-0.09866892097168893,0.10472524827553303,-0.1043958491121587,0.07205834409421409,0.15969031292080613
-0.09097376681212553,0.11283365014694043,-0.0033623680020021807,-0.007403153393116594,-0.06963143047223094,-0.1823474235129761,0.07345795744177994,-0.2117731287110378,0.08889041457243828,0.07460437912705031
-0.08340805119596165,0.05626479646339162,-0.06090057260559438,0.0621896309683245,0.06670886893179291,-0.09641073626719299,0.030634077154930512,-0.059388081258823444,0.20071379650969504,-0.1946662755337305
-0.1343118406858687,-0.05614387946015593,0.15439000251568832,-0.14341692285496466,0.09132878799786198,0.03246062578397804,0.040613002817474965,-0.02323817137947151,0.12638365591120862,-0.026482218154930917
-0.07680864263216919,0.02070177059153798,-0.03491980112377132,0.014322024445490605,0.18576905321247422,0.04412441698706186,-0.018633293615491625,-0.10329719822136482,-0.02589057458573736,-0.1997136653218251
0.05152805491291028,-0.14488684933166462,-0.10306592172477369,-0.04164790877197701,0.0203513294904685,0.1270585638531151,-0.01935683954911261,-0.0640215987718302,0.14191086059131833,-0.06914910080507267
0.023509260920218704,-0.1731532217507302,-0.029245552106258236,0.0462162140869586,0.21141930951285068,0.05582760858016359,-0.04132867282876462,0.1360071944536018,-0.09630664748702829,-0.09253811593220335
0.05841569464622733,-0.10121071235273349,-0.16957454884456963,0.06366439591937693,-0.19701300218326936,-0.13295383865155966,0.10708947988059189,-0.11725989028410977,-0.06597551841802962,-0.039815762693883656
-0.0109124327304157,-0.13638400893671943,-0.19926495369074715,0.012284614915499162,-0.06482809906537558,-0.048499882177486506,0.11257406772268046,-0.13663370742708617,0.0018452997999568593,-0.04469652248616836
0.014973728405928324,-0.09139624553261096,-0.2916138272336003,0.1173534908609595,0.13133722525107383,0.17332137048736002,-0.09465799151070732,-0.02713326117762488,-0.03733778461322897,0.053843481493708184
0.06949710847619098,-0.2948140348764142,-0.040338705816094486,0.13640880487770762,-0.03195760142359967,0.036165315170080835,0.006275247067186594,-0.032472105675598995,-0.0024492961149286813,-0.11434960041823952
-0.03738182854966964,-0.27058588828931696,-0.1744849074604632,0.19282634709557633,-0.029243599548274487,-0.04451206144287481,0.07581425584712936,-0.06496560869010651,-0.050880875446541504,0.1921927935975271
-0.17453415028811706,0.09453990549461887,-0.07872586524141056,0.077936711381392,0.04455007649904022,-0.23271010078363014,-0.10434993200427645,-0.01929968147328162,0.06487017836971239,-0.0005874226239921936
-0.01610300913270131,-0.221061834742879,-0.052669109103233316,-0.007163957803575476,0.11583157608406536,-0.22803295565038345,0.10814053214625557,-0.04882790476122756,-0.12544654309458253,-0.10980161801811154
-0.07181060695447683,0.02483584964430874,-0.20854063967997566,0.029238124552689138,0.00026203545504968704,-0.17233967873716605,0.12405626314955462,0.07811429506673793,0.09845424125579114,-0.007640352641659184
-0.23209252995840926,-0.06849076386324736,-0.03663062300959947,-0.04787761997034728,-0.10867657766220386,-0.05271237433638498,-0.08947713216768569,-0.17980014102919004,0.04243155009324185,0.17106003278583493
0.01651649285762355,-0.32080944259639443,-0.10642309250196887,0.024347215488442656,-0.1043904405475425,-0.06290272127776707,-0.16411733788577537,0.04766091995701638,0.019422523157055564,-0.01539130425520593
-0.07828357774273091,-0.23481645320457548,-0.05810626683188187,0.10645165943374796,-0.010969927737002977,-0.023286742432378105,-0.30362727744350776,0.009709969606861213,-0.05823922187934828,-0.005858058593601886
-0.2700480256592319,-0.09316220354028118,-0.21276975542526627,-0.1458594219199575,-0.02392467702165961,-0.20813593344614503,0.027078980808210112,-0.17383677702999467,-0.22083530629137904,-0.04510577056752722
-0.20230892648021268,-0.1547946487946339,-0.15854066460857597,-0.14687717904548175,-0.09428269079889168,-0.06185131671426938,-0.08117633574829045,-0.11920292147352868,-0.27404192779044456,0.021690468018756855
-0.14578339914614843,-0.2966555170571812,-0.16086568903704412,0.06670439062864664,-0.024049383214451617,-0.19950056008586198,-0.07855978720928807,-0.2375037255489661,-0.04453142554960822,-0.10696451823290798
-0.08458565857820571,-0.1348800291150592,-0.05432154887119443,-0.051497726643385026,-0.07934288212921946,-0.19189947418625647,-0.1337360524834762,-0.19026608209700696,-0.2278973700240292,-0.018448195028342815
-0.1701257285471266,-0.2614829212236256,0.0030062856605442,0.01359621898003914,-0.07467443047376893,-0.1167895645063426,-0.024612210035110257,-0.2022106145098305,-0.13514968677109396,-0.2624537238200649
-0.1598891830383252,-0.17162808443394115,-0.3037035777425946,0.056187173030339516,0.05934767417376055,-0.14701035972634632,0.0416952221520249,-0.23930087427342395,-0.11156006786158315,-0.0323479553500341
-0.10006949203888357,-0.05063735035031244,-0.12410950946112669,-0.08730987237644358,-0.11618733610862163,-0.0457961532226249,-0.06713675615072345,-0.008393284101203852,-0.07882415349061199,-0.03840437896372817
-0.05676098936576566,-0.26156748355731796,-0.24451795013138117,0.03826761186326247,-0.09235429434981865,-0.08063572177052518,-0.10758693392007385,-0.1264941450986071,-0.12036994906028492,-0.3083888742159645
-0.026691521459576595,0.05570463401805659,-0.12070949139731195,0.058777925957766444,-0.03387032301029404,-0.31605051132712414,0.03915117750507868,-0.30010410346362826,0.10140369632314297,0.07143409353816943
-0.2484558271367414,-0.028746321141531098,-0.06738005527849669,-0.17028633240976893,0.04842367986335251,-0.02794493689231057,-0.030634674428919713,-0.08092522476752242,-0.13056269119415742,-0.05458538965506188
0.014398956469638319,-0.1529631552886761,-0.1192318134912253,-0.17168359157037041,0.0833598407595156,-0.25647362472190277,0.09678707787525771,-0.06703893468060995,0.0198124823314169,-0.15263184059790524
-0.27220606170527795,-0.013112827054214113,0.07905883770175556,-0.16557332797518298,0.11661497418107254,-0.11922700411361456,-0.24241647056668927,-0.3161056482871194,-0.1039226334486289,-0.06400143394018153
-0.09444329253456399,-0.12668788684996213,-0.058251475409024644,-0.20062637541181616,-0.02896117336604781,-0.1600466815931406,-0.12953328732618136,-0.17862866926872065,-0.09896961496882489,-0.21727231248748557
-0.16963280690076066,-0.0933466104289602,-0.1223473683892262,-0.15740688278799397,0.16345829985276034,-0.06889941691643155,0.08306367749847747,-0.09337764820143074,-0.0497768480029321,-0.09338381374536783
-0.12651502565857833,-0.15382982079505178,-0.1547125104795053,-0.1294118588262056,-0.0757419842144936,-0.11240156693960132,0.14279720614557442,-0.13947833076147786,-0.07647632435862908,-0.21172958323796656
-0.36670675883394876,0.004998158076792991,-0.2581394386716583,-0.06283894605140111,0.09676390152499213,-0.1475847955298466,-0.10915174406789098,-0.2545979429797435,0.09714719133498753,-0.24631932126324146
-0.21485275562876444,-0.15744163756777318,-0.30052227240844126,-0.11203518855060443,0.08066749556659866,-0.24498953825774322,0.039456852907353346,-0.09039390069046319,-0.030305984929797174,-0.1635341230228132
-0.2489858044665817,-0.16090117549896316,-0.2256069181342344,-0.08535587832052426,0.026827546937985246,0.019734123749739776,0.053815915773521864,-0.1767631435253496,-0.11805630452727438,-0.33769043915580577
-0.360049287052008,-0.10931278568682995,-0.03281850393300961,-0.24012941625817147,-0.15736199950062618,-0.14230261379236867,0.08490081695436312,-0.039607646696059484,0.016611450059376247,-0.2616273699239124
-0.16406886743423135,-0.23280450253422216,-0.04198408564050635,-0.1757618450475223,-0.013379485276807442,-0.08817746333209431,-0.13032169242530683,-0.2753614451389215,-0.07193824329659027,0.002193235466251664
-0.15217906455250801,-0.10673855123020118,-0.2246585318227735,-0.20081458899298127,-0.15031528186821724,-0.11916528923087205,-0.02283696021048883,-0.03335359938379989,-0.06933017889505366,-0.07732776037289307
-0.22522909033426514,-0.2662808636171333,-0.0798677723629526,-0.27363786763261627,-0.047060531575182245,-0.1108522764259117,-0.12395017539327567,-0.041094260628519216,-0.11587970276722809,-0.12338937934647742
-0.13251071359051214,-0.17942189584656337,-0.2678375466105771,-0.20312960727695023,-0.041949806791182626,-0.30311662583079346,-0.15913133879476363,-0.15465786899272047,-0.21276262429230985,-0.18108752562821342
-0.16184476543940435,-0.17959976137245542,-0.19898019855923052,-0.23165812038041494,-0.3336411111660735,-0.008943053966022657,0.10848849598294001,-0.1548525490896245,-0.06437699376380843,-0.04213888232506337
-0.35352115821654817,-0.35616628671981015,-0.30508131921231185,-0.17041787535836553,-0.058123135419840675,-0.33626927494609016,-0.12218150020609095,-0.1825453985300931,-0.13279570239210298,-0.18266354909761917
-0.31944970369414316,-0.17472770392813786,-0.24311950723440942,-0.031739097613101036,-0.16933115977833102,-0.05585325079126996,-0.04924660037794382,-0.16829912509149916,-0.14236186373050133,-0.1017410930900342
-0.15897432255531446,-0.17641051323269177,-0.24230889827524096,-0.2358182335119878,-0.1504009911928823,-0.14185716015514083,-0.08795357170451287,-0.08653387331216796,-0.04982587448017366,-0.26316872601216196
-0.23811754221441267,-0.24007345379015305,-0.3497962412238105,-0.22706452405210642,-0.015427018523719693,-0.22760700810255796,-0.31663547269426284,-0.11664748345976174,-0.07276504939478051,-0.21732445643689854
-0.06282657600658478,-0.13026241588455706,-0.21584836907343008,-0.15714874769126766,-0.1096453919678978,-0.15866052234240116,-0.14967398055722675,-0.15710157613210562,-0.2005286542913418,-0.17225900092939117
-0.039657485545991675,-0.22995401949646843,-0.27807386036713666,-0.14089195120008635,-0.17259663803452027,-0.14777492906058073,-0.136142461116842,-0.1479046718102123,-0.16450630181963366,-0.13290216021467358
-0.16654060109065513,-0.22164175641561287,-0.05015010326375888,-0.08922108349467778,-0.23134222233121665,-0.11389290986651629,-0.061148648825768676,-0.2866813483878615,0.10995040730833361,-0.09125144184133245
-0.1543683000547978,-0.16534578523327656,-0.05621382265276387,0.01680931925634599,-0.11726001814573708,-0.24853672504570767,0.05401707774650982,-0.1169314730318462,-0.2276151260704023,0.0035699912699801994
-0.17398869453796378,-0.0697793280699982,-0.14698879235630313,-0.07583610125483004,0.060263881144602766,-0.08267314814233137,-0.11658482565945574,-0.18018603136286857,-0.08374738685203285,-0.23295353281691017
-0.11159500732965863,-0.19500979096052795,-0.10352267865486872,-0.01143711977246209,-0.08619923257141436,-0.22801457000076447,-0.16894156426712803,-0.005749628416846064,-0.1300078573865136,-0.017586722512657915
-0.2329331644458682,-0.20074574341954227,-0.20208163459372752,0.08069124261432306,0.07421999728928866,-0.18412951799143235,-0.16047531721363353,-0.0261731622061315,-0.05683726572430034,-0.15183728589497023
-0.14635502726534602,-0.06911986997598739,-0.2761152686310865,-0.20500106990082595,-0.09151288873830128,-0.2126045185381138,-0.15162051620085643,-0.041440692869235005,-0.14407234388901113,-0.056350205505721424
-0.20522468531719013,-0.1361464522882034,-0.1082857848898638,-0.14761598966749673,-0.17524277265985236,-0.2308954067687504,-0.0802658489605831,-0.2929545388870213,0.16641277635593885,0.020684617620898793
-0.08731059914785197,-0.041879485463882996,-0.13197881845175072,-0.0009260255929829514,-0.2290155456097459,-0.08005289605837891,-0.08271562506295799,-0.021986739796192756,-0.044979084427755556,-0.2974435729093916
-0.09275216023019957,-0.02553971664109185,-0.0998034404919115,-0.027783133744124645,-0.07033150399400576,-0.29134819036364,-0.0873182101866999,-0.05439941216177915,0.008268135883053994,-0.1704928131162799
-0.29469837677316024,-0.36302972400034283,-0.27096771176119405,-0.023245761354887682,-0.11284853477797707,-0.22395222499998663,0.016709701011670214,-0.09703159856804239,0.06362969109239339,0.008155556944436898
-0.2582782029844989,-0.15202921826659785,-0.06992301292876382,0.020548987591652204,-0.17726898110851746,-0.04327991480863498,-0.19866736500724358,-0.2668387298196497,-0.08172215209069263,-0.13524566549387576
-0.2153801852085238,-0.05923207608543596,0.05971280290979161,-0.0919770186110557,-0.12134314404562865,0.0013457673183016605,-0.34177142710808894,-0.02106210939659936,-0.11638926600132113,-0.1542179503124777
-0.13778434114057397,-0.16931196932705792,-0.22214716808475551,0.037999814506165894,-0.12628362217911565,-0.13266146053288075,-0.181678239936092,0.010580332581160562,-0.12216882114076912,-0.03897615109885505
-0.07661957675661445,-0.06259058463728698,-0.10973533902656464,-0.05640974787392394,-0.09653672912952597,-0.09580442359550326,-0.34651734613056595,-0.11167398706477288,-0.23739204350765158,-0.2253153601568102
-0.03161116618238857,0.0111376751847366,-0.07774884598641443,-0.12176910131201879,-0.1892390029940457,-0.14371932268730186,-0.048596439781251125,-0.3751018237773509,-0.30826506213975086,-0.1807332712359867
-0.19665435332811107,-0.11511634973319836,-0.20990109810553265,-0.3318479180640411,-0.25137537126318005,-0.20043796718922408,-0.17766641585473603,-0.13701046299939987,-0.19876984122329208,-0.16907975962030136
-0.0700993992289416,-0.1498313899668084,-0.1645502459812622,-0.22420607626079406,-0.14064833821458844,-0.0724314715716067,0.051784359365492805,0.004039147165918591,-0.16414911253628975,-0.06291661147746802
-0.07916692292875077,0.12216066214619764,0.025914930831403893,-0.15961236441731236,0.027773888171540445,-0.055343259486879175,-0.01348745928087386,-0.04463394190824113,-0.1616523303848045,0.026441868730879586
-0.06756470900784367,-0.10701849721237648,0.0873535211250828,-0.1349406389362878,0.002075219785169058,-0.02439115648726508,-0.25349439445739774,-0.011288392099117084,-0.11020101083983345,-0.06723755951404292
-0.06450570518273549,0.15758732130276637,-0.11812717890285335,-0.17547604694940758,-0.015639403831095314,0.037957066468683076,-0.010057521072253446,-0.017221931635305627,-0.08060581620296596,-0.23261472195771243
0.017804199417474298,-0.06810625233425079,0.025651043832704862,-0.02886769577483593,-0.021202158619179724,0.1172397405184452,-0.09766429962630425,-0.008730338612716632,-0.030149148755159238,-0.00545525397611845
-0.06499351781274927,-0.15013514865641764,-0.0467119733778009,0.004740277820520833,-0.10278623055823069,-0.0005727061355270749,-0.09999125744268761,0.1020560339685654,-0.33991402699729484,-0.15574101905544777
-0.0890409658808369,-0.04709825477526116,-0.1630654061532113,-0.17660868748854086,-0.01692775240861373,0.046906808410503764,-0.007777521549734191,0.11868084132875363,0.013771291276566164,-0.1210380357732257
0.07237831949681216,-0.03960833734441928,-0.3135817005065992,-0.24780761155781744,0.12236502088309605,-0.11611795478081603,-0.14615912807644962,-0.08535369177580604,-0.022699649503313733,0.04638774258572126
-0.15540736000521876,0.08561472216944098,-0.17041117451867024,0.15728020618911692,-0.0970566394798927,-0.18400279246536416,-0.2494991502437442,0.12289286196682422,-0.11715966504635653,-0.06236838816879445
0.06839169542969403,-0.08388029682650361,-0.16163627545139791,-0.07241033393264043,-0.03876413818351896,-0.06394057910190283,-0.0427795938547982,-0.046983198010870475,-0.10244293780202915,-0.04133598162599618
0.06315063060005671,-0.14385700917184113,-0.00016205197969733354,-0.007138926440139623,-0.14932464042173052,-0.19920479335023417,-0.010542862149443818,-0.1175416206797324,-0.17816029712880005,0.20429961242539396
0.12643749692914147,-0.054235332915363005,-0.1001648348132815,0.012238555494257446,-0.1407282109792674,-0.20271368477732776,-0.25107187946926535,-0.06356520246454364,0.1618103941085483,-0.013848941398858967
0.0032374028955763287,-0.14274815520459275,0.05122377817063499,-0.009872703467461271,-0.011749412933805402,-0.07868439784587514,-0.28814348122202016,-0.09471806467757751,-0.17669714274332082,0.1301371840192361
-0.02034005812119554,0.16131411542003504,0.10651654442732107,0.1309569185388664,-0.06374899840427405,-0.21325838209502682,0.017134275508831828,-0.09676359311851108,-0.14262890643368475,0.057532741267750626
-0.06599920318333198,-0.018356520690807863,-0.21068867410169362,-0.08483332449863426,0.06022291818325505,-0.014062326119156643,-0.16844945473463985,-0.05859437713858691,-0.13113600275945342,0.0286982215834858
-0.05043652531125591,-0.024254212580340495,0.07424330372714906,-0.021462595448414723,0.03949703059842712,-0.1539829997206888,0.06397303476040994,0.06251238409860467,-0.19268554577680333,0.03714696255476717
-0.11257173792264524,0.002060222684891441,-0.0846762707346034,-0.17171248197204564,0.14513914854228158,0.11703857142414364,-0.04297839782284342,-0.05778595804973021,-0.07026178411026726,0.09235585445755722
0.06518902184493164,-0.008034334732691967,0.01417228276112821,-0.0024135853526615625,0.11129317501496327,-0.0928829708585575,-0.10089301497237141,-0.18383628959170803,-0.17669336381103876,-0.02849018939028061
0.12064466858946689,-0.1630831919171431,0.12030442374608123,0.09323522924315522,0.06389438855039418,-0.06739650458416326,0.14630702988856806,0.03205085220006641,-0.1215093895386091,-0.04509377831166778
-0.0647566622309824,0.0394767852536667,0.09220100639705302,0.0340556348819383,0.20994998737633452,-0.24666431166510508,0.17713017197189262,-0.09970549532404932,-0.19981111403574497,-0.029931246156632403
-0.021756119065570005,-0.005071236170768045,0.037548856412582106,-0.022633119697891127,0.09565585832328417,-0.20222351502747982,-0.0901854963094871,0.0005865362007788644,-0.013442796713208745,-0.04567407204838546
-0.10336173486050765,0.12008114841600803,-0.12837453051086137,-0.009435179944813563,0.040458733194130694,-0.038362317667888245,-0.014690988451484553,-0.16940986838648464,0.07544996225698103,0.09927501692681835
-0.23009418765599654,-0.007888600325839098,0.06992335928576497,0.02373067448742312,0.1139272062225142,0.04509219103077698,0.007673900798031354,0.04517341856606262,0.05055681424766248,-0.18017523778082042
-0.15934318006808898,0.011192656089387996,-0.15579013921039037,-0.0035458085845026634,-0.036278923555772405,-0.002968447816845951,0.07972050149226145,0.036600024238313975,0.14207794566109916,-0.007983806845466436
-0.20917138703312804,-0.04804109192990455,-0.034565052549149516,-0.06034851244256568,-0.17188838276432525,-0.06862805655940726,-0.028674680959957604,-0.2636390857662065,-0.09752680491616576,0.07617012470210457
-0.013058262172991261,-0.12061043629044865,-0.06095292414985887,0.003013824025010844,-0.12022620518860148,-0.10430734820387552,0.0856014397618079,-0.021300240457897156,0.12595139367430253,-0.30214646906621234
-0.1656424390000325,-0.005251071925437625,0.062127316255398995,0.02788381495732596,-0.18832308243945362,0.15261616160053948,0.0854671197959854,0.07967511652155271,0.07042272775904379,-0.16802308821340006
-0.06119651531977603,0.02722020727116016,-0.10610537600551055,0.029400167368084672,0.028293765721130598,-0.09945096588308995,-0.07910040900673579,0.01918007368478282,0.16499400669964484,0.13012774996990248
0.017589744155601227,0.1162128083870762,-0.21494646961451586,-0.020725302067766137,-0.08950572075864491,-0.022845007114596198,-0.07848343960424092,-0.11376356063720115,-0.04813677730734362,-0.06610658042599071
-0.013782117493029988,-0.10824566542908697,0.06806861354443726,0.009964905975438051,-0.06253826192574599,0.05810360529490946,-0.04401388747803629,-0.0009225929364762818,0.05314790351190892,0.02258395151148143
-0.0752940177196279,0.07810400541642698,0.09133416141840021,-0.06325107609997316,-0.035831790363670936,-0.07367878016554795,0.18230349548500904,-0.08424311400263663,-0.0305820122272469,0.13660719625423154
-0.0777344352075224,-0.03164023905361046,0.10778580332362322,0.04297897407507241,0.19310318834959575,-0.15574036668702962,-0.02559228787175375,-0.035996060038406774,-0.1278450023408872,-0.03665510156680572
-0.0011316679360152057,-0.09551667993932972,0.16428068777034677,-0.08320702999947438,-0.018900424961260206,-0.01796003733528501,0.12627696041860992,-0.09062174786909183,-0.012513071891728966,0.043640347535511353
0.05526989463731509,0.16234729470809725,-0.1695427547137724,-0.057888239767479005,-0.0313954331754707,0.0021796002986761345,0.005964518626070926,0.08911946125566944,-0.046571622639189,0.002970686172815939
0.041524809366764566,-0.05147937003527415,-0.1237282903190347,-0.022785651412574638,0.004733527729006287,0.06425839692413286,0.06161320076806013,-0.22068877233957704,0.07298584243271375,0.14993806108988084
-0.07720181061336055,-0.09692059828182611,0.09584439839892817,-0.040443804585127974,-0.07328369105616539,0.14465825020513656,-0.02903557436439,-0.07121033942234724,-0.03361346089111181,0.07341082929638329
-0.08905205776564457,-0.12479385815536981,-0.13858487276796946,-0.14077144844491285,-0.0005657717100432521,0.010951489127209571,-0.00047345337226571,-0.019184744093340443,-0.0016173967951529956,-0.1573978335528649
0.08029894436397823,-0.12876904272172185,-0.1448064928429279,-0.03201271208516908,0.07540356620624257,-0.07762925388290812,-0.07929659626538355,-0.08203003759350731,-0.14497172175951206,0.02548704113620749
-0.1462259570567354,0.05792225229480559,-0.18430198906694728,-0.0953064404828704,-0.00950409703525742,-0.1312609582653812,0.0014126516893500918,0.24495444044899883,-0.0017910279275385188,-0.1385400514557391
-0.046575473800107334,-0.07555336631602266,-0.0769026580506908,-0.19175121388993596,-0.021507870863355472,-0.11021340958935334,0.08354499326690915,0.16049384082095713,0.004847545654623288,-0.09677013173959048
-0.053077819788214284,0.07764053547905378,-0.15279188855517256,-0.11571060985619128,-0.0217898699736482,-0.04754508104031008,-0.20655271418108503,0.10723943419793154,-0.11514168937922124,-0.16608383612658326
0.07772613087601607,-0.1848491943482706,0.013314642799717717,-0.12529158147322703,-0.060942039501661494,0.03193541531037258,-0.09088924731092517,0.08878646358039433,0.05521399569985104,-0.07665716901850146
0.08511886416099561,-0.08561473481431754,0.014799745659674964,-0.11835832567503901,0.0883659889915293,-0.11846525889654791,-0.013461748516444036,0.009034026843324636,-0.12593917118837109,-0.1301448767210209
-0.1863494151004066,0.07686949161675927,0.06863399039301021,-0.09064714492068779,-0.08018308367383989,-0.2644691421614038,-0.04734227950167482,-0.11713494237599183,0.06508377972364318,0.1566986867808802
0.027839939886977375,0.03875703263859608,0.04459860875421574,0.06725199710989117,0.05203428032825061,0.01984117769752719,0.03488272748324134,-0.14981369657888613,0.01084636747263898,0.008059335030270452
0.040473772262198074,0.02616375530838331,-0.016988074710074456,0.03982787673211409,-0.07306506234481289,-0.10191962546089808,-0.0036402253807627212,-0.012167547200919795,-0.02983985959756425,0.03204194464016124
0.04126096285135572,0.018763754985194742,-0.14012248692379972,0.002425453591555521,-0.08033858909315308,0.008971954316062892,0.057426681526286605,-0.008129491198190147,-0.036383178962248935,-0.052997584862054026
0.11127415591164658,0.010383864395111105,-0.1325608664269712,-0.0018364949547621506,0.01096084897165817,0.015595220358859034,0.08126513587564466,-0.05394030825751238,0.11899716182467855,-0.008470565497454254
-0.12735348129630417,0.06225898129922837,0.09462421707265231,-0.01047975782724379,0.03645902203581056,-0.0576067785575625,-0.007366252223152379,0.09376323188215707,0.06711378719688726,-0.03352491150681809
0.0784964558951675,0.20334803413955063,0.10599013418009708,0.15739513964648708,-0.058629062359513096,0.16112387050141103,-0.10607514962301787,-0.05888271985551101,0.025455035482021503,0.04456391974823207
0.015665240162919265,0.29028714321316595,0.156556166179213,-0.018047254966030865,-0.198345549860108,0.21387399406614244,0.02448279295338643,-0.011284153125311384,0.0882438499536655,0.03393942277090142
0.31782825558180827,0.12950747200872287,0.0689482622210397,-0.06813744763941737,-0.16668586857010856,0.07627932434538368,-0.012835026643968479,0.1760562395602473,0.1315974968251084,0.002498198165352244
-0.02093424846327173,0.14705669183707992,0.18229424387415077,0.06659804582047694,-0.10842499247428813,-0.011049014634028853,0.1287049480269413,-0.04840399861070993,0.09006182972547194,0.0056257228967960884
0.07213505936573333,0.20203734608866275,0.1506465548910348,0.19411095592633681,0.1677605948607265,0.07549134498084678,-0.08560882009659548,0.1339872601585374,0.20346297989441064,0.11694629580613036
0.1138671503559933,0.21388696762893789,0.11476243224957897,0.12421224520531503,-0.1825258993974155,0.04759069240732833,0.21951455505434078,0.041114606560846916,0.04316751570472383,0.04242448088642519
0.10567823009513219,0.27767013556179515,0.17567636119921143,0.10326450762497479,-0.060006244491429446,0.07282920288715336,0.08091173387433867,0.06822965215391172,0.12100723062886698,0.1806065658080766
0.07842588642703226,0.316166790035286,0.2672437767871342,0.1470996562668633,0.08548131363716718,0.13886049092058061,0.031229034199628962,0.01866810299490293,-0.016487895563403937,0.08426010012394228
0.02062390111287521,0.15738055739944448,0.26832324901762283,0.07402552036650857,0.003538321704193541,0.13782982934187074,0.4016592513780636,0.20405041219006437,0.108369118671408,0.16512872507820572
0.00908280290572272,0.05658755460543041,0.08832450793383748,0.1824359773151361,0.03319987075170773,0.07342169002255003,0.373794884334655,-0.09246604126025965,0.1648004971348973,0.11166967487459795
-0.08907812060667522,0.1945215724039634,0.10880634983389231,0.21809266123233456,0.1858544435758347,0.24510669477392766,0.48001707053534204,0.04605344092288752,0.2986263058824531,-0.09325245145292294
0.14922679376385126,0.10345355128119724,0.12586151676206545,0.25071770306098023,0.1949537706342989,0.2941362072748947,0.1304872147911345,0.16863532608844958,0.20091911292622364,-0.050862243831851825
0.02883051296710243,-0.02255973071782394,0.008049222218615287,0.23579349240084152,0.19860478443543117,0.09942634126723932,0.15012628393785926,0.13508585384461227,0.14770026028343686,0.0074240992285313015
0.18995004814171354,-0.07073364576293112,0.023551824265873357,0.3042751616585926,0.1946836483253987,0.17326086361484055,0.1592628084298011,0.22833718200472086,0.2631370570028887,-0.005034571246697463
0.180741357454849,0.2673274017301177,0.008546801997007858,0.1338989981789415,0.26196203403404444,-0.027460751333118955,0.3048015369936266,0.08605434734425269,0.0583139017559665,-0.013485142601348837
0.21134585763882896,0.024396137358946107,0.09114333155183292,0.17841039971327433,0.2809845649669064,0.08624829277094602,0.2070559661606058,0.18887237414561758,0.08652856463508377,0.013148070988710112
0.15442034018224238,0.24124463775574642,0.16197556827110393,-0.05678179298428773,0.3617117014813481,-0.03564592036625683,-0.011218660559871058,0.34273364716950255,0.13086964237676108,0.07230029486070169
0.08618720677482566,0.09031682622721014,0.102118950959148,0.04585878451244739,0.22461825535689617,0.23337670624219786,0.12230352547228805,-0.007433964060774678,0.24839414649292674,0.09184185448735238
0.13084374575482344,0.20675486313231042,0.15213898397202955,0.196127503168898,0.1394615699410329,0.1827433022886241,0.2100545313222384,0.30750634651238334,0.23349558692056938,0.0007391940387314472
0.10806956764278991,0.04650272122287959,0.13657796212777587,0.18583378937345418,0.09129398483473289,0.0599776106453498,0.20778103530523484,0.13740741589006197,0.2641496163401012,0.1876782906698422
0.2147564744140087,-0.019215953832124114,0.32962607202966104,0.05320028949490922,0.33474484557772777,0.19541525451940575,0.252944291060462,0.22413863398058137,0.012641308104084259,0.18295933102416634
0.24682170768662048,0.22073239408343817,0.05329578931429743,0.08732934021930308,0.28229504040145337,0.10320036935459624,0.1227186653720857,-0.023008396786471985,0.14116291277879875,0.24959809242929376
0.13429327979151817,0.14997834482303038,-0.008449883207519104,0.3299631364795859,0.10124275465063122,-0.047528366038624745,0.16251234629426362,0.2337347549881151,0.18010906452725117,0.19887570150510347
0.17121636669243961,0.022394344322004087,0.0985055271477233,0.10506763835721433,0.21598532970494208,0.11990291818923837,0.34585051080238893,-0.07962941165443994,0.27304393441504393,0.1832342561949486
-0.1588365292290821,0.03319926371470712,0.09950240425238943,0.04779640970180049,0.14331110064233105,0.18130901193615567,0.004220630829534167,0.042184717576627354,0.007880894660505122,0.1968696251882882
0.12309849981834775,0.142456774191506,-0.01291843608209018,0.1288637623726996,0.13843048155222687,-0.06052372105131515,0.18921335082359783,-0.10557008607120813,0.13465594100765196,0.2197630113888437
0.11588098142428727,-0.058983102707346635,-0.03557562241747575,0.20952995535069477,0.04001161092786597,0.06556468954586091,0.016710282130623783,-0.14598764495535918,0.14524252224205073,0.13761033475096038
0.004615893289808829,-0.026443594853843844,0.13902935043091166,0.050599114778842005,0.05215477408299456,-0.08288374655732966,0.05446181790360036,0.1258564834151795,0.0390438920638716,-0.0883044379446413
0.04463343269684058,0.06882079193513253,-0.05686436718791189,0.12550032372838602,0.07889352636322003,0.07660397422021642,0.10270308322790425,0.00047003410286770506,0.08763450529565336,0.2660683392122214
-0.2684401231163639,0.019042024828313183,0.04214218334266878,0.11253262408129688,0.21378173682206952,-0.006661745845464678,-0.037623639057882324,0.08740898470806024,0.20950896537021446,0.04250427301052873
-0.07575502881973184,0.03825771041046738,0.045278531939678276,-0.03165696878482353,0.01980403281893857,-0.024715054129852667,0.04957419903509135,-0.03300327523174203,0.09555913361256976,0.011773457528866898
-0.07427168485377336,-0.14025963084082285,0.021842813557993706,0.31148207894706187,-0.04924879990016738,0.1660103565607136,0.02215687782864645,-0.020510367915766423,0.08595986347301476,-0.021746503848015127
0.045774585009058,-0.15394366922769998,-0.14218876632874253,0.1787051801256085,-0.13977831175773214,-0.12319772820576114,-0.03879304410477605,0.1160810425980081,0.13406855735659137,0.04976551028691659
-0.04175152764535331,0.011928524832932913,-0.12390898437572506,0.0671304804613933,-0.08091199556262821,0.006509249983940993,-0.05713221892127657,0.046204254981650254,-0.09099290949799714,-0.04007713729283315
0.11204986540840738,0.01850525128469517,-0.06714458103697613,0.2543809366324812,-0.022834037279341687,0.003949678913786024,-0.13002450057705706,-0.03449078438312687,0.044307048375664945,-0.14269881199602924
-0.005493895304416008,0.12054763833777885,-0.1387848062713457,-0.04839624564674721,-0.1656386356717956,0.023328287916768373,0.03289423923623905,-0.12797461897868043,0.04437123549337316,0.04456590741327041
0.2351675115814243,-0.0565982907873031,0.14723839079396533,0.03253048478003731,-0.1870976327277595,0.04890303368175257,-0.07724255680303928,0.0748114918231569,-0.11281237967763488,-0.05576020136958165
0.06327931735468872,0.019419722026811807,-0.0007824768566367657,-0.2782336430150783,0.05076220131909519,0.10362157982746079,-0.10113373111459059,0.11597551076593224,-0.004843902382725715,0.03535054963168256
0.21854507828861203,0.0016497098437417562,-0.189464044445369,0.05798459246741881,0.062090687896001175,0.10345155586595195,-0.07093165168351517,0.1595448737656748,0.07597755067497403,-0.1156713994075152
0.16447959823174263,-0.24917605328161557,0.029036828050402093,0.0011899367664670452,-0.025473413686477688,0.09253383680025129,0.06181769169055494,0.023158582502022303,-0.06723546597760188,0.11913363733224033
0.009908498379377878,-0.014358570499805368,-0.13796076369412677,-0.021667042937933804,0.21614180550300505,0.09921624463187612,-0.026179753648781473,-0.04681216147045578,-0.07179646640037979,0.10901242936362016
0.25636136572012935,-0.11766756967585135,0.12900596557899857,-0.19034444141925425,0.07241087809771184,-0.11179256801939522,-0.03139563767061202,-0.10895934785164002,-0.09179276462340744,0.09767117479285534
0.08765087865121649,0.028300021270241164,0.06841499164230247,0.07909131920827987,-0.05006800078216418,0.03341802636618191,-0.01511867942097975,0.012489883358061712,-0.1264631992820528,0.065074810210475
0.16464110057668235,0.06553925245964747,-0.126531627404478,-0.10405176113456076,0.2495781834324487,0.0723550785606609,0.029466520941071467,0.04902899669318757,-0.07702469242120483,0.06968016870278851
-0.03176409741035089,0.07035976078373098,0.07042277905892899,-0.19516726799993134,-0.030373014286997874,-0.17750763040135217,-0.10126869402455854,-0.061759056647851175,-0.04089350767682734,0.02803092410263547
-0.2620959882821514,0.07397181813371577,0.017966912990016043,-0.01576042635245635,0.09844059869971845,0.06406590794734654,0.0745785175156771,-0.038646343205335436,-0.043240594806234836,0.20164892283876698
-0.025233192898921775,0.016081788695110056,0.04817711867415482,-0.05970253671248533,0.1303208522656995,-0.10228705189290346,0.08754007683635147,-0.04007348750561117,0.00617362537652008,-0.19848822917082015
-0.16597558623620262,0.07693839669429405,0.00935063153816849,-0.1304703083968745,0.13261765981895882,0.2392481504778904,0.04508853662614182,0.07345438375137271,0.13517061666392363,0.16312464002936095
0.021765736457935603,-0.08634229237784208,-0.0728177823703976,0.14720019661571648,-0.12126565625548344,-0.0071471457014670794,0.058950227651634136,-0.12211465081661475,-0.08034737946492458,-0.012654971731510235
0.12073721602663622,-0.06619833100851133,-0.0036689882869520123,0.1355986235115342,-0.05632889592391406,-0.0877721724486632,0.11209119630992256,-0.2104925220248401,0.060141340839557196,-0.2710739808474115
0.23618877665058785,-0.03640363750064203,-0.007956930863805412,-0.06704469662653503,0.1593495249813514,-0.016752276378130954,-0.0888472311748958,0.031625329020305466,-0.04655598511091071,-0.08549905779791342
-0.01149481138695635,0.031097669469202633,0.08763211438586913,0.11770356858625952,0.02532063248431531,0.004720775516952748,0.164808705563564,-0.10332573243810919,0.14264834808828994,-0.20797104907614405
-0.030394156320194883,0.21516977804936804,-0.02720339092721971,-0.24554880754612793,0.0789305145126829,-0.06531703792797487,-0.08012012456951975,0.07633514723261905,0.009098979179435952,-0.08618366671825026
-0.18879620763988034,-0.07990379331720326,0.14633303686680052,-0.08560596369000381,-0.11429246216269362,-0.03754404165856625,0.07526912542703369,0.08602406935483566,-0.01793412807068682,-0.08939792000767319
-0.0828772815644967,-0.06329328002233753,-0.10429656912117356,0.18068944651401492,-0.11151825691757773,-0.03206117654734529,0.18368118988432536,0.05073428812061222,0.09975752476887528,0.04077492603457429
-0.05444415955079673,0.11346293015016878,0.12496425557651836,-0.03282508826590905,-0.10620376602436589,-0.1868969322321366,0.02902883420225392,0.13559305330347424,0.04249066986855295,0.06684781135506229
0.06897339312162462,-0.14210748139802457,-0.016497431465099757,0.060746297026485555,0.07735459754910406,-0.02918461484064805,0.10187265234889886,0.1603735828092493,0.12938522434356392,0.05408797226182456
-0.04661968154167988,-0.12606389166538629,-0.18350878342542862,0.07199390506602513,0.179352342269021,0.02579866852869787,0.08239354331867668,-0.025018355361814543,-0.10368575794477017,0.07247781593124411
0.05437823087096895,-0.022513142623771243,-0.004509112768913828,0.1662634243504597,0.03655409171320304,0.059046178671020376,-0.010346698137943627,-0.031707093498921236,-0.08030003477373039,0.10376126418128505
-0.1973687082693646,-0.04385815091767557,0.0769421322385957,0.09787652583683622,-0.17625112593491357,-0.15905452748382173,-0.10982188659907638,-0.079297322528563,-0.05622695913350992,0.13324950679021966
-0.03809839516101988,0.036564511202401055,-0.08761201819618708,-0.0828222596558491,-0.23632087423674808,-0.007435998656986648,-0.006929546655189986,-0.04211555298149383,-0.08437477694427026,0.05854822604908858
0.01122439805016743,0.006266785682894099,0.035037312444679,0.01686333202769323,-0.09376654112721615,-0.05898260495171585,0.10121551135205212,0.07550309505181957,-0.031369668736018715,-0.16230228601221697
-0.21292998876752123,0.08347368153137658,-0.0264636177710517,-0.017236061158227414,-0.1138658321497761,-0.07476195178945864,-0.01550382685375555,-0.015696280802283254,-0.0005815475743156072,-0.034469410848897694
-0.027043227964504014,0.047737526293680874,-0.02388903524328135,-0.08130016243879451,0.03397961158249435,-0.0009925917293807495,-0.019830681836653895,0.04140900555892099,0.16249885991090463,-0.061139526632790944
0.03820307268647552,0.08707015114764412,0.07775145058542723,-0.09492999971259344,0.029065769432581497,0.15549300866824678,-0.17252470994210373,-0.12160316391177037,0.0023549784155720184,-0.04644661669913981
-0.14575536150070356,-0.13436167161019033,-0.03762127737639075,0.1751831085831706,0.04458651772289907,0.12090977008068636,0.008949438550352426,-0.09246618494492659,0.04354546007927981,-0.1528060189744345
0.1261524675787553,0.0936225817596528,-0.10537074933664911,0.029039017914869698,-0.19944788130180952,0.04296902909283283,0.1369265438498467,-0.05330001653381598,-0.06593989680870532,-0.11951261382513359
-0.027409541278864243,0.17436423468951265,-0.06550706832994838,-0.046084926189191175,-0.03118702202867997,0.0034343150341519524,-0.04571409826541817,0.1657302216757016,-0.03951378384111079,-0.1444505008405531
0.006057439770021624,0.05294065976858032,-0.05112128117320106,0.0016060949635003444,0.0407179132991518,0.010920850129848239,-0.0011526437226974974,0.07251871944441766,0.13535779174403456,-0.12388543097024225
-0.004875643631214219,0.046719755082496595,0.04323097949552515,0.049722461342040086,-0.03772860624918721,0.03076784596814983,0.05086936622008477,0.0824514222691892,-0.04056442861182376,-0.08318005513238375
-0.02172315398109502,0.032204847514083534,0.091085965110932,-0.09405521333832889,-0.07512447155162454,0.08960783230315723,0.05984722110889144,-0.01035795697879631,0.02322599338391683,0.14477185559653288
0.0632669611811279,-0.002448479968713141,0.012500474990939061,-0.006637432800216933,-0.06356353891638364,0.047571231855240585,0.04124280675069751,-0.09112873961141099,0.03197337377224144,0.18711887799910737
-0.1572430560208447,0.016818683755726524,0.17636761977439097,0.03458032330464252,0.14605430434298394,0.11063950216237747,0.006456534563009074,0.17518331258806727,0.031131126478277694,-0.08371472875024871
-0.054850064017459135,-0.15571588648071094,0.08070855182666836,0.08521250626229943,-0.11170648317699991,0.057750127128795035,0.16834183542607162,0.0346390582885889,0.15413471600688447,0.18538349066176468
0.056202295092008345,0.12999800344759074,-0.14162517313813527,0.14652467898144778,0.13875029303316072,-0.11236879888825838,0.0037187106458281506,-0.009346187384435677,0.06816205108322211,0.03533995296034044
-0.017410791289084078,-0.01122147199244223,0.0615053857447406,0.11045601019105736,-0.21344190993125406,-0.009052261800658122,0.20902427846059193,0.06866693096404042,0.11550537029405389,-0.07234123430709583
0.014153661519598112,0.10301282857736754,-0.09837549164408016,-0.01502078651120034,0.08243310125294459,0.10157087866686677,-0.04430817207016737,-0.023492651954038046,0.0748722918378795,0.005029644733348788
-0.09422780790584293,-0.09218233650593095,0.050280842837639554,0.14903721326695088,0.12313495441340098,0.23685592953862347,-0.08757883296476368,0.021103497227715845,0.16772004580767771,0.04129362604964318
-0.12103933488411815,0.02543766616128966,0.006934072168693036,0.16047301779971634,-0.026288314367664947,-0.10138874696737467,-0.008105511129385734,0.12560474511238692,0.022247607214671818,-0.0075776933454930855
0.064356280074207,0.0014100605501544128,0.16463571561781973,-0.026127433863253453,-0.14563488772601976,0.22368574685631948,-0.0760285206209787,0.13717971043816507,0.12437633577690257,-0.0008975120182025563
0.08825007494768891,-0.03431218581301383,-0.00579482400423094,-0.16663601761141333,-0.07776292746280067,0.11205761596094986,0.14349290821535188,0.24671983471386394,0.19417206492232147,0.02663791144257869
-0.03211748640315723,-0.004537218185992661,0.037132804912466594,-0.04438723213100175,0.11571035446282997,0.14028176436586884,0.09946479928896369,0.026186026512113235,0.1658604572523204,-0.09576769454259072
0.0758962871636069,-0.11652942151082006,0.1032209072505808,-0.13407301044848355,0.01514803847110359,-0.12463500413023552,0.034181718461202264,0.06225907808679375,0.06864638277551748,0.20449797995028862
0.11888945577798445,-0.14719556386899788,0.04287658097883037,-0.013458388515636879,0.046895104410720256,-0.13737409291622193,-0.06226292593688838,0.19843545666269916,-0.02801876375770719,0.09390290137186719
0.05615006574691016,0.13556152691477447,0.11579579895515565,-0.016067089061429417,-0.08831803897272775,-0.04249631604686756,0.041170423152916365,0.09165677408724218,-0.15816331344174495,0.16438160103380642
-0.012631998269074213,0.019629115816568538,-0.14957320707485883,-0.15290947248897896,0.06937074891391753,-0.01747716949648969,-0.07796959914608967,-0.061834867178540955,-0.04705656990313671,0.09849471651198079
-0.02611128807123461,0.12136409083213127,-0.0371594151674114,0.061442180184988926,0.1544162118674066,0.05580452885721379,0.020867806119131922,0.15583663538975337,-0.06734114661489289,0.06893977933647087
-0.09473749715167476,0.01871010542576696,-0.0877776721921611,-0.002795016102367458,-0.10310042958720184,0.07096858658798719,0.19868389810759907,0.23984896264287217,0.18069391212209918,0.19264371547651
0.07367618710588444,0.015605235577131282,0.008423323270858492,0.08202148971015533,-0.22216837061724903,0.007909927938784284,-0.07931414910658244,0.048348572500688275,0.12083632708902944,-0.18302526685252546
0.10930327380175717,0.24069047210140299,0.056939784603841026,0.14223300137936246,0.049607935611260943,0.04720508106587474,0.0287280204524462,0.10446744749357348,0.050385563828201155,0.04875295227129958
0.20997141587559853,0.054216130078117535,0.14497270630589437,0.2192353671735663,0.05113653049880277,-0.00346372564994496,-0.0025671289684485194,0.14868601648829727,-0.03932590481404899,-0.07657347200593695
0.21684271815863446,0.17027039044361297,0.269318840999645,0.1341871233605494,0.031799064353518904,0.1646257859953742,-0.12721607595656204,0.05456070567757493,0.12136751629271,0.2840157422391
0.12404640681043344,0.19763034430213738,0.167887263307596,-0.10189080442943582,0.012893140272651496,0.07912367828275617,0.07971341134011736,2.0753532028294774e-05,-0.06131326358565296,0.1001734655935638
0.0652210438695856,0.20968567965225327,0.1745741038760202,0.11240603334239888,-0.03484146145883638,0.02327721225387546,-0.10711766878724958,0.02367053777089627,0.1426729680971064,0.021809133818796622
-0.12705688603842466,0.08653859622054808,0.2464855816102774,0.08499301482854121,0.13463213974254357,0.07216348698575392,0.13674775592970362,0.11738464218870115,0.03614138172287708,0.07974557999031685
0.0033614975919341247,0.02217524234233842,0.36410384139033947,0.11058272839757227,-0.027221135303200757,0.29439693846008635,0.14635744706384562,0.09898766910679292,0.2853032750783673,0.11612620827713316
0.0038613707324706356,0.10226667898299592,0.20025866663946856,0.3829468978470312,-0.16150356941799915,0.03960729982926407,0.05346919648877836,0.1666470874798538,0.17595231331997727,-0.15324999306593215
0.0626209167672587,0.14331767021849678,0.17727495981593627,0.18808461046777383,-0.061543927115917225,0.02338829934277495,0.08587265914264874,0.04374479524617468,0.12025047294452795,0.11723241170437283
0.08385437306578462,0.08054566284653529,0.22999944699610947,0.15211512766706514,0.3327146337777949,-0.10149755234448818,0.0653424894909439,0.011290327487478824,0.04221422607207938,0.11098365215487821
-0.06743384804938386,0.11570204376492342,0.2682383463142282,-0.07114966553841606,0.15297603911946536,0.17439530295189917,0.042199738322220084,0.008268511928883192,0.09180745867319573,0.04656958936956851
0.1687355856973988,0.086144948310345,0.26858160190332797,0.035825758726635196,0.13776211699762614,0.16727939300410222,0.1336003548967597,0.06662216075611492,-0.008349067090142978,-0.07477761515748006
-0.0475721004462187,0.20628954282369066,0.3356234869382668,-0.10241692478806234,0.06755992037348013,0.0786719402129554,0.05075256751454296,0.0037626222553295216,0.16376663404100644,0.01405409692951886
-0.0002402576970490719,0.056360950633558685,-0.0068071068960305625,0.18442077409364033,0.09997378717060922,0.21792320826921885,0.12720466518354587,0.08015374394442319,0.0800784957495546,0.0024904569603716956
-0.07018210944880426,0.07391005605139764,0.2282199185965935,0.19957612264183533,0.005009846668227985,0.3494087409809201,0.11424795334678223,-0.12729881889192474,0.12998950922574654,0.14485360769926633
0.1714455953566431,0.10137996369822808,0.04174126853185706,0.017294272925358567,0.04007972465261778,0.09535101559771929,0.25897629599572036,0.13425015989111838,0.2222563967321084,0.0731838639389927
0.2134303226381984,0.030015336009032816,0.0974054258576815,0.11897993503978493,0.17470954378447842,0.06905053808755511,0.22292049826384958,0.06647102831926968,0.1730521293018522,0.14762234286158787
0.168017454075779,0.11198998355278202,-0.009947202504346678,0.10900165197360637,0.08806688144289793,0.055091143496557596,0.15407659736642143,0.16658541469908872,0.03188605964983071,0.12059933811885448
-0.016771873072907437,0.187156717126986,0.0602610916713818,0.3285499076742373,0.29148688464765604,0.06585278410595878,0.10395144608888894,0.2747165927487833,0.05979963963074657,0.1075618574320716
0.1926727670061714,0.05843106930990986,0.13908090054160144,0.18169312809866367,0.04798539977026149,0.09754590772492604,0.031634688820173465,0.2488468625888111,0.16996063354061963,0.25417080387993507
0.13531602812959692,0.10586267020207896,-0.03611749574814181,0.2451155984298573,0.3567286862849519,0.15613841620417052,0.21910712928173337,-0.027439304587030616,-0.04138708949157033,0.21754454794982825
0.13589957572840647,0.11438690250606931,-0.046472624636454324,0.018360493555977825,0.08435360604055296,0.013479184478597611,0.09769810667308568,0.31004423772387213,-0.053210339778688026,0.06308513968677137
0.23237228933599785,0.03280392327830249,0.23422064394591696,0.07387759254654139,0.22898406414840383,0.050133963675761194,0.15144511156421014,0.16641839651469992,0.29893489288198183,0.07981970485188329
0.01789773759006122,-0.06828618366100597,0.08045457475810693,0.2686050349950696,0.287997832486488,0.16264233200639672,0.21394276003937285,0.03764888209175106,0.02520593718275929,0.006361841001835761
0.17998014017885447,-0.032636683718627726,-0.07214178098661876,0.09290788586273002,0.16057160569279083,0.19641128770838878,0.09240299495562412,0.07905647463397966,-0.06292582611608183,0.0049772884133809925
0.20361056347723416,-0.15128882813617892,-0.1165350461436293,0.206395444674858,0.10316456205643967,0.038178738160457366,0.16500859332860313,0.22850897833635353,0.10031911387298344,0.030266372255931637
