T0,T1,T2,T3,T4,T5,T6,T7,T8,T9
-0.10757321425707635,-0.001149977446524529,-0.18513156993077046,-0.1190805808575548,-0.1841060881608188,0.24457720097230942,-0.07785284842132534,0.052849959671107935,0.06513455914950156,0.1691562314836009
-0.001567672995102784,-0.10456451802824872,-0.027910246389482352,-0.12552384885346463,-0.13639253408268467,0.015532180318792922,-0.1633761676235862,0.002753563175997141,-0.0620563211364621,-0.1682236813343884
-0.08653491439617764,-0.09622240116188581,-0.030054567913201866,-0.04309517848588787,0.05998313809213117,0.09934889234292596,-0.08957393708099991,-0.03331575734845033,-0.01899486731566993,-0.0506128951297158
-0.01523189265178855,0.07659608165592001,-0.20332075441975067,-0.14154790617789512,-0.03427155604201901,-0.05793880563849847,0.04047232897719147,0.1841142860508597,-0.060003134725325084,0.05004711074707704
0.10353764273796755,-0.2194366018637215,0.03538872078817429,-0.17834364506428135,-0.009998941980771229,-0.07929683865459056,-0.0103458766734702,0.10523542817864473,-0.07704517471162713,-0.06833153045534793
-0.1550809715466156,-0.04407733984496637,-0.12132114547055017,0.1201031214739435,0.050012778587142225,-0.0680299950758412,-0.026437253344332258,0.049741961618849,-0.15554694686063592,0.03463480336097668
-0.06375406631481505,0.0009448526319557823,-0.27987756115157253,0.12154046388605975,-0.0481812968402446,-0.04300227254366317,-0.11265268864651373,-0.050505866676640636,-0.14286351096058317,-0.014333043668345457
0.023288261934730693,-0.04377425778394037,-0.10450253992054465,0.053802710483799844,-0.08274367327403187,-0.14111067511167352,-0.1532139622731856,0.12536078975511641,0.07118750990308216,-0.07340259508635227
0.11815099052385354,0.15904109211427514,0.0365100083065107,0.09901505201649395,-0.15071389536134627,0.08911981037740267,-0.12020090887719029,-0.10063140972698079,-0.03569955133104615,-0.08858593911484922
0.06854526553667727,0.02557635939291804,-0.10865699886532368,0.06411608800238616,-0.12690264197241535,-0.0936464492161771,-0.06915859226818541,0.185656662747188,-0.007603602844967687,0.005149060734166572
0.06828647884806419,-0.12731786179020593,0.028281971098049044,0.09791612988680637,-0.04583844770646674,-0.10418908320570902,-0.19263089182890875,0.04338086337687422,-0.12453195132843783,-0.13973759300558902
0.16357657184076738,-0.08564819858473138,-0.0910380717645004,-0.011992050515894963,0.07968766861430077,0.031332266690280546,-0.018752877345088056,-0.002040867172886155,-0.08003641017388351,-0.08577785114221903
0.07223095489537157,-0.06662996305841512,-0.12081902007655436,0.01536778012619494,0.07881651989597362,-0.09633934138153549,-0.05511601573753136,0.09176973070044775,-0.053654130912271225,-0.0790834891750968
-0.013678140057351827,0.05840097821226549,0.04871855836673798,0.06181012919568142,-0.025993372835021844,0.0292225473908115,0.09207889425741461,-0.07299999270055932,0.030856938973391715,-0.11224670904653081
0.006743521220983928,0.07647742157299572,-0.16754168282512164,0.09643607571601284,-0.1570167964166782,-0.05018925478084011,0.05661910565467362,-0.17685514588073972,0.06570798688534439,-0.06989896930905515
-0.07292653653174791,0.03385178276220366,-0.038516182846856026,-0.0773368116611215,0.01856383167565729,0.2269273396302136,-0.07241096229642206,-0.20785531059134923,0.0057563538214893545,0.13163917152912175
0.04974834077952464,0.057209904884089266,-0.08058536864487038,-0.10677940719509225,-0.10500408627705601,0.19001722381558978,0.020672650126417606,-9.299299611819495e-05,0.03680311921144577,-0.035198880831417395
0.08653611248826604,0.037754419723522205,0.0925122923569842,0.12674094826526283,-0.07174015413476717,0.1374600160017221,0.058365625058319465,-0.19317696231213227,-0.09324318356355069,-0.05152415570036652
-0.2928982892289805,0.03293362513211224,-0.2279115958453022,0.10803597752943493,-0.015310727371671636,-0.06270616935356398,0.026747845292976056,0.0318444709328597,-0.02080873314234758,0.11571365527566864
0.12185210566075132,0.020083899562481924,0.19605030929783593,0.07299289433703512,-0.0993392921305119,0.05530852741295922,0.30686362158570335,-0.02422730791043648,-0.07536000691099021,0.0837794316127787
0.031263003055770774,0.16770819344292306,0.09220767399625919,0.0976148752774386,0.018707068128338153,-0.1176327677363433,0.00786689684470148,0.07024673488891083,0.0818592242389011,0.0671480103373841
0.08641203490254817,0.11583311455504046,0.03455963499327422,-0.02251590578470227,0.0012615212505858418,-0.09674014237067864,-0.00763887472762767,0.026710829660098634,-0.12952557481984062,0.10873922118318854
0.1306036545992189,0.1036749792803725,0.0510540741496053,-0.09504794783336237,0.047301485246082506,0.054352072942404406,0.010391808915995435,-0.03908444736772351,0.0021483217190030462,0.14155226061845047
-0.17523890276058682,0.1109950232243124,0.0965886457762826,0.02450515126064267,-0.08540087515777614,-0.01368713292603784,-0.08682172530757823,-0.015321563186163628,0.16231036521663098,0.10002443213875754
-0.08985691350512011,0.11229616661514519,0.02353024893905477,-0.23068815848532417,-0.05420105484781232,-0.1996104372726378,0.10575595172369734,0.0192659505745064,-0.09139349633584158,0.135521773160424
-0.03913976655580017,-0.11207004298137231,-0.022690245520111535,-0.07918541535556128,0.12637413932661834,0.11391473318667157,-0.09983872985393259,-0.25837424095952766,-0.10010539833183471,0.22273754083347624
-0.09219759742607449,0.058122249431339784,-0.12321054848375017,0.032517658716238906,-0.14238694630985138,-0.17200019825410864,-0.026472559135078434,-0.017498216436632314,-0.03960911558157565,0.1752564860518544
0.030894267064968697,-0.1082073871613396,-0.15611717889964388,-0.04286185554906802,0.0878601523616161,0.10584183989110384,0.0605337811961422,-0.07816155270742232,0.03717914440833053,0.21824003756951132
-0.009103453527500124,0.1635846429076289,0.037172309861359394,-0.08226573881578579,-0.20410137730430178,0.07683088357655679,0.06556965152558969,-0.0002364716544174146,0.14399276788031062,-0.13835272223776324
-0.1619459790211514,0.022925043674314825,-0.0813072574119584,-0.05823799304877502,-0.11292543163926423,-0.029446202647865814,0.09847064092481927,0.0730949610017928,0.11686901504933235,0.007894237200887728
0.037787764583660045,0.04455281547636543,-0.030670864135648644,0.11970350352428423,0.02829977246325635,-0.052848566083062744,0.014114962294770961,0.00488814917269487,-0.2009822928432942,0.076618859970152
0.08933915668809458,0.16233002802156415,-0.03332399614303573,0.051222970427640555,0.056212491036895254,-0.15281349490288695,0.0012192598283377876,-0.1772990146255216,0.11894213291617274,0.07081778064449848
0.07962475049646538,-0.06013996133752111,0.12594378900209247,-0.2316573600627615,-0.18204348645041019,0.06069083906887218,-0.10830316284750208,-0.045546197778983076,-0.052114962454932724,0.03218415036013152
-0.03889806161672158,-0.14587529357203222,0.08774838423547726,0.05315121233981958,-0.1757006731814677,0.038787680240823685,-0.09691665949436731,0.10021829751401581,-0.16897206396574704,-0.03267957910549743
-0.018816365862500115,-0.002103315516818846,-0.05282414897374145,0.027540686682309024,0.023113013768542075,-0.00014454727779004452,0.07983737203516234,-0.012342696328139051,-0.09725123515805123,-0.2065887534843483
0.02141702624014738,-0.03538622906234909,-0.06417125623529506,-0.0637393085528257,-0.06143949633181763,0.013065594641536666,-0.07124628980217469,-0.0060847397387693986,0.011041559832769075,-0.09331977184442543
0.02532360549295265,-0.0037498185852172794,-0.014291964913518265,-0.14953135956180558,-0.027655322226659285,-0.06967366233673805,-0.22498477288550395,-0.08322066968469466,-0.12666951711778984,-0.14542163441748576
0.04071012742372174,-0.05972829739301516,-0.17089109443973666,-0.321884730599986,-0.07117295378880611,-0.04149792425289481,-0.009143726126607039,0.0841427588149556,0.12969195816199636,-0.03218168687131025
-0.10090312715584043,0.009327550263898636,-0.05260065254487106,-0.0763938719028056,0.0158524495360015,0.1014509962012417,-0.006361067238513242,0.16170763491544826,-0.06716138587249408,0.11353476433777936
-0.2064008302153444,-0.07332421971946168,-0.10301264453950168,-0.022405590803122197,-0.03373166957665623,-0.041458139920465036,0.019947500874123718,0.09955411694023053,0.020892524821648745,-0.005122445507994074
-0.12865738708366145,-0.15302073362579846,-0.03117583527142016,0.058312761571606,-0.18758343396057597,0.006632352227777059,-0.15552031662935933,-0.03350453835369732,0.07407274232142302,-0.03871696875647821
0.012940888358797809,0.0330037397623591,-0.05799946789559926,0.13347305324796094,-0.018521570602109905,-0.1601740039968482,-0.20361534490143088,-0.08037127413270613,-0.19013505358985516,-0.08406234477717517
0.04649063962530638,-0.0408513195503266,-0.16373145430742414,-0.03950746589611731,-0.027171799851152326,-0.04337318777587497,-0.033104512939906364,-0.09605741171431219,-0.05323187929843538,-0.25493618433806686
0.19320359863745384,-0.19030195880810016,0.0778304082788412,0.00846115297805651,0.06406065644468178,-0.1281844064304395,-0.09175077925025711,-0.15925713716274004,0.07108968994716006,-0.14393755843487796
-0.0009977033389067386,-0.18178532234174166,-0.14274840312915546,-0.1535507521255638,0.10216348983100226,-0.07494156011896966,-0.050921596298102355,0.04445894744921014,-0.2099868448100566,-0.17998456963488876
-0.02772070213069507,-0.16024583576526336,-0.005091422904545798,-0.020050244586360254,-0.21310691691042552,-0.04303090950650825,0.08824382424627782,-0.07732106297690457,0.019264305728567653,-0.1300642317490472
-0.06293950117409546,-0.032554103983777304,-0.060264401957950395,-0.01896547562239496,-0.001686255964042545,-0.03468777864174716,-0.13083676711692224,-0.13403457632740493,-0.1567010741818184,-0.05168297358404685
-0.10480699871569307,-0.17567005971688,-0.19126343170786483,0.045297839105004206,-0.10299200759989272,0.07348569109762185,0.0084502813149347,-0.133845386212809,-0.05535118986269083,0.09715702447403413
0.05095323643035369,-0.05806289276616205,0.02100075412120392,0.015363098007339301,0.060134745761780045,0.06426960717801579,-0.35569210923495187,-0.04114439808075364,0.15250315131580364,-0.07283853425920439
0.02515888539481956,-0.17440894316206276,-0.05460042114920533,-0.048269164737908266,-0.11698974725880204,-0.07116421710621255,0.15437284459593512,-0.05739503104323339,-0.1181948975636722,-0.1009286199184586
-0.029967264460453974,-0.08423507433464485,-0.12029910516340778,-0.20229079562596397,-0.050656510447172315,0.08697545642268278,-0.08950086149384812,-0.03300680020794521,0.07730991700676425,0.02232146280177437
-0.14182891682620208,0.010107579715173842,-0.02941904312460364,-0.02304640208784943,0.03941444127605695,-0.050482656337289315,0.01329250220625823,0.3403132314924115,0.0773825653521697,0.00818946683347098
-0.06109847345209339,-0.12025528321393616,0.08884758527530673,0.031031650710444926,-0.010342722880356389,0.011566192028544364,-0.20116529279880205,-0.07234950927038779,-0.13761720967928517,0.02613390994561804
-0.07594633897190053,-0.0891934621888206,-0.05925411429816017,-0.049234590572322406,0.00068009597258872,-0.07697071575958668,-0.04382957475637767,0.017192801311158037,-0.21040831451667918,-0.1235397286450139
0.08481255574634118,-0.1778650444158001,0.1187388979826818,-0.03298886411484524,-0.2787273271968862,-0.06800501124753738,0.16560737961978395,-0.13489662227683943,0.209383451299938,0.06900041996266151
0.08160345249719736,0.02301903847184726,0.06708026719510174,-0.023761115248160287,-0.03618218431847743,-0.05805838716128196,0.03105478600224343,-0.06794663264365497,-0.26164188174238384,-0.05323996313205503
-0.11449147342397237,-0.1306980019394195,0.01602801708051549,0.05721061462004781,-0.18741234767344261,-0.028259116393323295,-0.04144954869190273,-0.05694545901638208,-0.09883476516587213,-0.10773303493193648
0.11278025481298055,-0.09032955500015101,-0.16651164971744925,0.007441903102783164,-0.11274858812817548,0.12102171449090607,-0.23031102830032882,-0.1377237275435246,0.03703064324532191,-0.041631534259851374
-0.06533397225024819,-0.26318293396391174,-0.26853243942994776,-0.10028346297539786,-0.0899593139787061,0.009882973217809059,-0.23265917932084274,-0.11335535807565178,-0.03833430495713027,-0.1991000503747521
-0.03154780299509887,-0.1571724450213353,-0.13790679016662152,-0.14156596458430598,-0.08290132132386809,0.043915269680609104,-0.05544177422213628,-0.19432727903259714,-0.07110400973425522,-0.1500075347963859
0.059690593368067986,-0.08115728316591889,-0.18503106310900053,-0.22427979737890047,-0.09572119019685998,-0.03368370757228214,-0.21059512072187853,-0.021544903907944772,0.02405392031580053,-0.19194166612645247
-0.20632768389685385,-0.014413174477445861,-0.10935777028223956,-0.11703426868501146,0.039550952006812926,0.005331672181966771,-0.10920572586734456,-0.1860035400309023,-0.2223556563655562,-0.2185191601116806
-0.10542966750497762,-0.05804814636032789,-0.2151299833378401,-0.21375724703458687,-0.0503788698816412,-0.13086585096064363,0.010950831743909192,-0.11603505727022488,-0.09588052511116167,-0.013093901636439587
-0.2354279369193376,-0.232158634493213,0.18529751950361842,-0.13967544822569428,-0.034401103714982506,-0.01824562713524725,-0.0928031079232875,0.010502369822641022,-0.15772411068683967,-0.07705860388032978
-0.3260199593458398,-0.08713274949574054,-0.17669231342108005,-0.12306619852852678,-0.16247869652538732,0.02912022828504582,0.0005611953894829047,-0.02665279297553753,-0.0855409001929446,-0.0887294339258499
-0.032825933111378186,-0.09744721348683673,-0.04454090055102537,-0.08335068847381777,-0.18464334638880406,0.05148494769963165,-0.12034428955155861,-0.026396524493449255,-0.040117015993403435,0.10248111429081468
-0.09698277308376524,-0.06833642591161708,-0.05544861314487762,-0.19598605273113112,-0.08113722633226784,0.13982454916314385,-0.13499759703063036,-0.017606819043227785,-0.03543534818872373,-0.048024976967281655
-0.17098767658793262,-0.033591784503209515,-0.11586165641766309,-0.09078170681309544,-0.21031965808588046,-0.036703189583313485,-0.04557906098384507,-0.12503953975262863,-0.0817417076610884,-0.08485341812461261
-0.22839383269066793,-0.175547045424854,-0.006080257479069109,-0.13077374502217576,-0.14248771987591913,0.06209897228257002,0.0019192669890454317,-0.07244134423975411,-0.10658080734614117,-0.1461946774924111
-0.1587774063073203,-0.10016435171825654,-0.14775409498875772,-0.20294886911132148,-0.1700811009601903,-0.09130845277987132,-0.014882201828228733,0.12020135594940756,0.04262772218463454,-0.10753871005831844
0.0028324846841468465,-0.03405739743321032,-0.1526543321565168,-0.18177482654190996,-0.23393716602915224,-0.15466339643665583,-0.2998224444736085,-0.03261876113103345,-0.14538419791931442,-0.13070874170413277
-0.08746205725694182,-0.02892284050423727,-0.06086426361329367,-0.07943199990271888,-0.14608345165735792,-0.13510303091968284,-0.13786874507852223,-0.05712912427722186,-0.17448310060251018,-0.11494375509699747
-0.1427577801997682,-0.19128492102447348,0.08024704538914953,-0.1339156682061577,-0.0017378629490001907,-0.02246839910918244,-0.05289555512888573,-0.022901043009084965,-0.09466085249796516,-0.11546765502809858
-0.16501476355272432,-0.18033963694936178,0.05718243958055523,-0.06624363251820911,-0.12425416588562739,-0.0910118326076988,-0.07228988600632949,-0.11142164031439165,-0.080111713399315,0.023389431089944956
-0.07710997159793809,-0.0770827943696671,0.07370665030208151,-0.3057579094487177,-0.21744917626892132,-0.07416535831954083,-0.055816904794482154,-0.07731101762929565,-0.06996683928928195,-0.0708517691939419
-0.25951369310980327,-0.1398198718517401,0.17843522993156388,-0.12427167896046915,-0.040983795599062206,-0.18693422596089992,-0.1776844472032561,0.05516102310624933,-0.10699596034305527,-0.0052458227506224225
0.0300067471564687,-0.13187838489111553,-0.024124310984828118,-0.13105879024869435,0.1153345191500158,-0.0690426196281041,-0.33469246653882656,-0.13340529750942637,-0.06068568417773402,-0.048309663859221225
-0.048337008968637706,0.01212304177032758,-0.24410700579150868,0.03858820528549371,-0.010547796946934952,-0.19335246830893058,0.06676889499031774,-0.2394410560305662,0.046326330307471186,-0.058569442977272394
0.059103547729237316,-0.016589700838251627,0.04128632923465471,-0.02121898005714539,-0.12993296297369838,-0.06353450159196616,-0.04805397642134916,-0.010001735490273264,-0.120111652839937,-0.035867278165061516
-0.07779611786071988,0.028858915614207413,0.05507608543674736,0.06459665444985159,-0.1100550822732573,-0.1248623870486489,-0.04528196290787882,-0.043608147010050446,-0.11802168498421226,-0.23367519309379492
0.05434061212702006,0.01982819284560728,0.0588998582846734,-0.018171240686272388,0.039144350564162024,0.06603368495297612,-0.0006282882123935622,-0.10215930638085652,0.07025711436992349,-0.1696349212957982
0.03116994449021529,-0.14065862375795002,0.07529227176648415,0.060523365913228606,0.07671775836850432,-0.04083063210858096,-0.14711440682052915,0.15986870942362058,0.0965015468190941,-0.07544619757152726
-0.18951238261664782,0.07011753482705914,0.020278263457065585,-0.08951073465698156,-0.021636226035297863,-0.11826307699968079,-0.0899012576860066,0.18529188778006844,-0.02282846234034474,0.022647727207513943
-0.022254196076857427,0.013994912086446477,0.06413898928815492,0.12059704862600419,0.0633522706166334,-0.1084462765244229,0.04822673727347499,0.02754168763403164,0.15427487529357073,-0.19327628870960703
-0.0018075060643336707,-0.13212871183869446,-0.07100459367209072,0.08917244401833305,0.06227932396064227,-0.059987925230233434,0.07778725438615854,-0.04415954291499641,-0.031741060284087616,-0.3467511927405306
-0.11821944220194108,0.03918586441810147,0.006389012047253851,-0.11833438415001658,0.13521984322244548,-0.07136610896897687,0.08820411629553823,0.16293684355516483,0.03414210490354172,-0.199047141275691
-0.11456702673102062,0.05731285167458895,0.005300308030542886,0.07793033207739075,0.12692108806070346,-0.06813948191027436,0.0044412505176719685,0.07713968110989132,0.15083638943514438,-0.2342048914212863
-0.052423735268418904,0.07988089619375138,0.12200311782105033,0.10416261214928431,-0.07134314907174108,0.04487184841814046,-0.06084834055655439,0.045152131267065916,0.07580844762113176,0.08489485237194096
-0.06045372413810031,0.01079191634244863,0.14452932968416515,0.2708773176936921,0.09951738713660177,-0.018431497928907106,0.032041731371522574,-0.01131220315479678,0.05183278236254556,-0.07903753850615251
-0.10075223594605054,0.15633301462979438,0.16842299639582417,0.19210969138303838,-0.11898695321830244,-0.05772543793300114,0.22154090668861484,-0.06985168392058749,0.05477485845396419,-0.08069363373490501
0.08685767806219222,-0.04425441883776898,0.07606209180761252,0.09141112990091765,0.0673643485023208,-0.07541142330657888,0.08720139328750984,0.0323512548129471,0.20591636519315903,0.08312735708587897
0.06290051446158874,0.008469996806749577,0.02431547980338962,0.000355196135416902,-0.07881551972957684,0.09823769153575958,-0.016057517900154278,0.12877886113521406,0.18787348993166267,-0.05750318440262271
0.052543613470159414,0.15194045790840105,0.12162578049530426,0.08527685994660247,-0.013011017973951579,-0.08213734821311601,-0.18191306438426558,-0.11842544164988564,-0.03153004162894918,0.07073798628391492
0.056880765014245493,0.09447071393607864,-0.08184959537382493,0.1551462496337363,0.15285087578256787,-0.030118737138646316,-0.20839151751924323,-0.02584375915971709,0.08903200144367966,-0.14897320410659243
0.07248339970619534,0.07903962246805353,-0.05732205857694552,0.1426539083142972,-0.06622320852942155,0.012407572698950705,-0.016435019645510127,0.14656947757203131,0.06871320125324874,-0.09084345325689133
0.01076880604736202,0.22507309574914042,-0.015139752122740912,0.14310300563267195,-0.014441538396269521,-0.05757558913134518,-0.05788392214442708,0.0022682586678464444,0.08524144771242191,0.010958172887090233
-0.05125519393130774,0.04760184124212656,0.010333425404151452,0.0653597846179448,0.06966728342718595,-0.020212485900913613,0.026947165948594743,0.08990694979670379,0.02893421518280842,-0.0468402493643886
-0.04868717730445603,-0.13264064861068503,0.018162672277201444,0.04901033631986462,0.11987495608923832,0.048013207643895,-0.14093108633098472,0.08238164293188541,-0.1797716687412364,0.10881898656316581
0.13454613033323853,0.04660361536512424,-0.06628365004735104,0.06743751619272126,-0.03061217950257049,-0.1482601376209189,0.18540603722124654,0.11037117599792307,-0.06922357867043256,0.17273325430736639
-0.15691203965827025,-0.04997768167762896,0.16388861662570545,0.14462306853370305,-0.07002003804819022,0.13358158783974738,0.16927690280902546,0.09378632204707227,0.09624310520926883,0.04488243754193169
0.10541024190749802,-0.061203012630609475,0.013336187256863113,-0.08054943745908247,0.028756996515645023,-0.09861428598407077,0.0953111098606643,0.030254081775240527,0.013876234137628177,0.1143901157103384
-0.08987969338227078,-0.09946435023484196,0.21085374914202598,0.09620608803066695,0.06084305271171012,-0.006421882724005894,-0.013159360891543334,0.12615735932786606,0.23938765601165496,0.09973660384111285
-0.1332498544942749,-0.08717444028139922,-0.09999899387118234,-0.04865407432365278,-0.1180349209412022,0.09173435685507995,-0.023986873953046547,-0.0004963409230779973,0.11163872635410862,-0.061768377880073624
-0.10049361386539381,-0.0546424202941883,0.16442306667823509,0.06609286412345158,0.16504081341441146,-0.07852158865632375,-0.2561124334985183,-0.05976437801070311,-0.023757370823135518,-0.002389893565187976
-0.04309573847739655,0.058461624159106745,-0.15345486854227963,0.12416489931073184,-0.04078177296497993,0.06916201020098417,0.041411096278471414,-0.03281130781420227,-0.11510079103374887,-0.0740441384900473
0.045860006917241375,-0.12795766164009104,-0.04716959793846524,0.08450625503431392,-0.06579835704674161,-0.024855879706853476,-0.015806621272709674,-0.046749312738192494,0.19635609391114128,0.07019881792819505
-0.15285580702833715,0.04849804213395677,0.04336694797968675,-0.024385995075708468,-0.05963793453323679,0.06535709367932234,-0.21174884444279302,-0.14025461549868712,0.0988136579084041,0.07921183396422331
0.17830224244789647,-0.05510627312890475,-0.03339536238460762,0.23414142090062615,-0.02119169271203866,-0.1393854785447101,-0.16347854106753884,-0.00637694872491076,0.016643198671786093,0.13306531981036568
0.18081404135254278,0.018330464780619542,-0.03436508926743568,0.10316384037316784,0.11493192202608724,0.010670949643980479,0.040095538868898994,0.03506091202402381,0.11850288103589265,0.00464041316229304
0.0599403463995157,0.17832812554049693,0.0838680985164389,-0.14227135126019375,-0.038569467707362456,0.2967720203645092,-0.10923567068417793,0.0023237041081798464,0.1517768685543353,-0.058992684769664544
0.03986798601247493,0.0006888594598777054,-0.0002470260329760681,0.14737565723653928,0.08423418363032363,0.04038623102677737,0.117343270297311,0.1467538113235775,0.14930671412986468,0.038507351557453155
-0.05825749142336638,0.09827294050928297,0.22837121099197039,-0.0020937637252801816,0.1349317675685887,0.03525887279328568,0.03785175050929766,0.05006174183250334,0.13773054470473964,0.08062223688070458
0.06921528393714413,0.07562028701159129,0.1685212189604362,0.1721604401711897,0.13771078381306176,-0.13446915538099563,0.08835569579741943,0.15241670042111682,0.08803858695272448,-0.01818471248082358
0.05353880719913539,0.18928940456752308,0.07030175960832004,0.17745438326465415,0.14390210610351511,0.1471155829115813,0.22041373137208603,0.010444821593926644,0.1585290229878051,0.09102961423179604
0.19743838408326286,-0.03484817940332094,0.0007730142045576927,0.15520459162655992,-0.010541554411496512,0.08370370133078056,0.15177026307174227,0.24575976534358857,0.13389186156090793,0.13486283590471368
0.03407234370982097,0.12719071920468597,0.13220650270328285,0.12042476048305556,0.06013676794856587,0.14480736563337096,-0.012456241126132722,0.06070980962527658,0.22864500064627402,-0.024198333116360354
0.14825106960930134,0.049654086832414776,0.04257043111090584,-0.0886165677054131,0.05693103380175668,0.05009870862085378,0.13885642023786615,-0.045057416181571566,0.15757153653959963,0.15856400189572167
0.07949410798241231,-0.05879975382307978,-0.045999079918870846,0.07058028828555137,-0.11081929344132493,0.2267739793501108,-0.055142775245835954,-0.03040827318349218,0.2074519701075283,0.10595325497957082
-0.024587511295645625,-0.021587496535967532,0.04653894794694388,0.1294193484377021,-0.11452240064957234,0.04520563924243625,-0.1015655178041314,0.043444549943615955,-0.0591733862682193,0.09760981102302954
0.25751842440951567,-0.04304452510809136,-0.2471936382002933,-0.0135624276338379,-0.07569058503048481,-0.0861194543385631,0.08354888015657169,0.11733555185916979,0.10532857633592912,0.10730841326152576
0.10848066737680308,-0.0008640322315107418,-0.05213100760452893,-0.11456475918597453,0.11993596854255639,-0.18485911475781036,-0.0496977989545194,0.05381456683296948,-0.04076058080771892,-0.03703319305964747
0.1127985289863514,0.01433298835927989,-0.046733026620263636,0.0036103202567091923,0.03425487473014801,0.055312945146308315,-0.20447317830241857,0.12577904263599687,-0.07498957073921476,0.22003855350995316
-0.04275812533781105,0.0844795198818585,-0.17283103249349013,-0.09748061657781826,0.02208802376805037,0.03414526040819119,-0.04024336743836057,0.0969379448779691,0.03635501475228482,0.006702591060462507
-0.056372120204258365,-0.06886228902178634,-0.22309037939053242,-0.043008147172669806,0.018605921651691393,0.03827113131881342,0.1201161245582127,-0.09068406141544523,-0.02153909953412239,0.0314814789071516
0.02183962959892282,-0.0035805543725794323,0.010967795295806174,-0.09059336896043066,-0.08802796142811747,0.1557181117939555,-0.2014620798643824,0.14488001566086245,-0.12179605292981634,0.30055714494456126
-0.055425667573526495,-0.0006660958375649031,-0.15792911325637385,-0.10955274507410576,-0.1570354685560143,-0.05017667723753072,-0.13737870523210105,0.17031773661974375,-0.010116337654629048,-0.04605293071111555
0.05551593330656138,0.02939812204768326,-0.0030820245340080626,0.1258613769093858,-0.02479351820945918,-0.1282666655819119,0.05480466406593011,0.19464141071608487,-0.021124559634613654,0.1641175872949318
0.08025820451891688,-0.1404472859345301,0.06583014356620107,0.05058742749929507,-0.07590925485560085,-0.03895231209570087,0.04777473250194568,-0.04678109583220479,0.1009460398408297,0.04799863155637313
-0.04707890952032412,-0.044466071864431356,-0.1431250790435325,0.02504919383486398,0.1586214524668292,-0.11458336614296566,0.03661135060677362,-0.018120268780786913,-0.05333805720801407,-0.13208443982805196
0.05610886811403522,-0.15649347176526274,-0.16343366934756443,-0.04554505285249442,0.045807958503943355,-0.09252222851858954,-0.027220827405253868,0.030904128114280977,0.08923019635371321,-0.05734226477459302
-0.0017900015413301513,-0.03715207589202523,-0.10797235975344854,-0.05180375730927918,0.05831105244498476,0.018057897030893187,-0.161979368511243,-0.03835622249948482,0.02514449778827058,-0.05974640747058958
-0.047654916604327746,-0.10358875667623156,-0.16040750687824912,-0.0867179754026385,0.17496355415238646,-0.10354654590025472,-0.12165529924918682,0.03973595157181448,0.02447737076179357,-0.09744978782817648
-0.15385596960600448,-0.0728379834396819,-0.16167158796398562,0.08710836298746875,0.18278549184755036,-0.04058482365230532,0.029433410728352295,-0.028821740533508236,0.07261501359211138,-0.12018941304171146
-0.13646299779662402,0.05927539528850337,0.004597309959228121,0.03584559887001537,0.056531605135819216,0.046460576054518435,-0.14417729686026465,-0.02602761878164989,0.05568905262601489,-0.048125520651533936
-0.03538753344358132,0.02903251480909327,0.1357694738335452,0.03752715031903617,0.04824763845556479,0.08995130125171802,0.08327185680201474,0.1111678028199106,-0.05486584635038184,-0.24623448081141586
0.043745507652670684,-0.03530988263188739,0.11080204532545919,-0.002933024125879303,0.061288107359372436,-0.035248809402755564,0.0721576902559412,0.06465751547197662,0.0384007683584371,0.05485560403462733
-0.1265704132319353,0.1529567808311863,0.026380989243485982,-0.005156729560252447,-0.1026941486176049,0.11914338415038656,0.1986089179042283,-0.005758677920973725,-0.06872916182815848,0.17764041245622472
0.11152418646244805,0.0994051252732072,0.025918498997619478,-0.04941392746729837,-0.07616170244947579,-0.11585520758649256,0.08060058991178737,0.07905340437594939,0.13930981879914314,-0.035542011538160875
0.034985577758805224,0.0159241417031937,0.07771496464302152,0.18786850787325596,-0.06794656951567414,0.15700476747507053,-0.016972946884375076,-0.06872016853425199,0.15020769122928254,0.11897357688322605
-0.08578294788514197,-0.044535814750587294,-0.0689093471276663,0.14189441753072696,-0.08244686281690719,-0.06337311911819465,0.06590068319328189,-0.05442541544513814,-0.021462787954512424,0.14514252863992422
0.08898512624199419,0.069062298328007,0.010857614490398373,0.0744304607496265,0.03517215928968495,0.056817064373039995,-0.011691458680022984,-0.04861708501894664,0.0791172191499372,0.12647901385489674
0.171408859282846,-0.033294669623467596,-0.2610424708954621,0.20058232502707846,-0.08315485100003997,0.07532849575614485,-0.21859025370846072,0.03623824218998826,0.0007992564941168012,0.03232879057059562
0.11548509428674386,-0.025170942796013156,-0.12337547107923719,-0.05731794429923929,-0.08711084286208687,0.07730577036749814,0.08308076033478627,-0.16516610941233462,-0.038627615013748416,0.10122006588602542
0.31679511328415083,0.04288465273271927,-0.05992244942199561,-0.05429943095437542,-0.0005246745541027595,0.25162490480121946,0.09526428836386225,0.06767060741845309,-0.020013672683918002,-0.005804559298845061
0.11244738647333496,-0.04763740679572387,-0.11872159289466502,0.03602333612303082,0.026977738584298395,0.1349093924348317,0.07046129614571672,0.16299920812559984,0.012752268467896798,0.0018320012499230673
0.1455774815841065,-0.2381263974069928,0.11553804635971396,0.042690934469033215,0.060886050543629874,0.029261578525281787,0.21235366046809723,0.0507344037354397,0.20466372102122454,0.07313362608835011
0.06756772865071622,0.016037039643647166,0.21743575960802897,0.05890406527633578,0.012002298893592625,-0.006867004729808113,0.010406419710910386,0.03275474562712406,0.08123954929204165,0.1715882099827058
0.1685866039191937,0.13098429916871593,0.06481234262212973,0.018447625477911456,-0.047355006351105136,-0.01191963749830667,0.056602173413458925,0.04305126965280562,0.01573926868783855,0.12134498392057383
-0.15325884348353203,0.05653583802566968,0.16124215421660953,0.0519810467641732,0.09720879666370207,-0.019659754411214814,0.013198174651215063,0.14827715952471637,0.10295249020661701,0.014690897728403894
-0.034058003383197345,-0.01788293337897534,0.19429486767991114,0.2885619730716541,0.10064881283800174,-0.03365624769911451,0.135442787178637,-0.1078110219676498,-0.04458456579584195,0.26144352695335915
0.03693322776735258,0.19926621668880962,0.06811845984305491,-0.07286112883368125,0.06867085036528825,-0.050627703296134134,-0.14395202009132357,0.013260568365157242,-0.032507928194639935,-0.03640519900121847
0.08589559623217849,-0.07205738446735335,-0.12133114781315289,0.07569713946786845,0.14572946406786047,0.13972445796333824,0.19459960446668015,-0.21296809235327044,-0.267045201730701,-0.0392172860852427
0.07511529721529311,0.1639448675452209,0.18311775688414456,-0.004260769312513589,0.05811922819960215,-0.11823193830748036,-0.0004396571545243477,0.13766250152206735,-0.007596156875973939,-0.005773048628887771
0.11997065048892266,-0.015098814857975866,-0.02168350553984233,0.026272338631038943,0.016070490857571694,0.24543658307869112,-0.0955387687904394,0.19949497905670419,-0.054710298152036374,-0.016554078745250757
0.06723097045930453,-0.14317125509703965,0.04904864636163042,0.015734113704304584,-0.015982272494276525,0.174791619722871,0.04408146618460683,0.09885487465171122,-0.01381434194355234,-0.24280519563842237
0.024206432577244433,0.059119443572513,-0.05256153226815983,-0.04990235710323695,-0.04479120712095214,0.11677585000298822,-0.05178217032333428,0.10499017553946159,0.04720942196238519,-0.005938779346413403
-0.020650460001154038,0.0602715007879263,0.055951068257229716,0.0853723161164425,-0.023192194530893835,0.14583975642199531,0.06366146739398339,0.0341604960556448,0.027331146712897346,-0.13004477960578728
-0.009145607875883671,0.03150501114521036,0.203785755780455,0.1200487226777815,-0.020605913332163356,0.08573953517463534,-0.06024226367746381,0.35854598496717793,-0.019891280312323647,-0.20456350424848838
0.06399614386181807,0.07195822305792618,0.12002586812838176,-0.024552558445686837,0.13471342536633304,-0.007383396690590897,-0.043001334058258865,0.18390004186266884,0.06855126564102795,0.010220429986007726
0.06465925675469364,0.1431342804024326,0.09882762820981408,0.004603350649835816,0.0037510209443676924,0.003790769671113737,0.07514032359827912,-0.003444914184159334,0.055290411527423006,0.0072375414398696165
0.09118075277492357,0.08767229891733576,0.18343491604997686,0.054312309661507546,-0.05975522996874995,0.13718760254485862,0.21202731778332934,0.014500113622457976,-0.09849431099190856,0.057517726508097396
0.008737612056143235,0.1604078565724634,-0.016086051686418454,0.07103367692628199,0.03340569779887445,0.12409124459281926,0.2677386854210837,0.02115648280532815,-0.04505876579215784,0.03555622255246752
-0.03024282767158793,0.0757473255331195,0.16555900177397098,-0.08307797085339816,-0.12062745367348822,0.1362886563117664,-0.0753061086163638,0.04246367928361337,0.021812030725802498,0.22849175206639477
-0.004031736670254832,0.08397998533720119,-0.04236775920908625,0.0074284908605272,0.14850625127676798,0.10595058447836439,-0.05280039631239369,0.07480100087774288,0.06906538987768793,0.02562231479163614
0.06075413114614148,-0.0007436469468910314,0.019291500295718356,-0.02451935854670489,-0.004149457175580299,0.1999268460003506,0.1478266585296182,0.05525654627010577,-0.018964474134472935,0.0549376610798836
0.18455023252923838,-0.022954671742107934,0.25762779034466077,-0.17284795914085005,0.12231856019242239,0.0920505600208536,0.027449764612504732,0.12782615190085767,0.04231523682495224,-0.10126840753806504
0.026979321158237132,-0.056439971878806755,-0.14282075928926644,-0.0758415889026124,0.07343581177948888,0.08551608295523336,0.20807757774161934,0.16443132777865296,0.20467132149505343,0.11925782973503338
0.05566014642785581,0.10624182349947184,0.000668574387311327,0.14298855486462952,0.021532548085328437,0.1338840119404872,0.14699021598507697,0.11005467442768334,0.11486792284986704,0.1480544115344569
-0.13329055064167591,0.003961054759899926,0.235117757154245,0.20869689168468925,0.14853888304558732,0.006129602569857867,0.015664807937911834,-0.021269880324548934,0.1246132849959379,0.1275264822659987
0.3296471223117337,0.042245532724027944,0.06119769463408448,0.16087235689195836,0.020033729429358473,0.023000806438206622,0.03905249241715171,0.04736623964679233,-0.12993557706125458,0.3640034314319971
0.029277703447548667,0.01844308367410169,0.0975502706150013,-0.006586834706657205,0.1289498291410887,0.05189798142588492,-0.18050617258066703,0.02973120693084366,-0.04227699236807096,0.0981121887346594
0.29894461788756455,0.011532640383996387,-0.07166673891360656,0.08985753377432766,-0.08551369616953042,0.053148391678997736,0.10119074207406313,0.13663605975464632,-0.010616506738631178,-0.09642394757497191
0.07045609450286378,-0.2423631883323281,0.09648011610330978,-0.004869931383271724,0.12725480316316562,-0.05193414292657983,0.19840661344064972,0.12901056421554602,0.03953209579969166,0.11131268908286326
0.1544488421245256,-0.12310487885672285,-0.06114596734614636,-0.1007787673510087,0.03419452269177092,0.17044428914790305,0.03320644213253844,0.10827335855260306,-0.13086071533085625,0.15386682864218412
0.14882462222836618,0.005283278542263473,-0.038046945456040954,0.13937685317235549,0.1700677927297629,0.025257736846234793,0.04663027179223757,0.14816684547392628,-0.056782458687977606,0.029961657625429926
0.0762985540210366,-0.19413824929598023,-0.19847798101060404,-0.08107079416327045,0.05763762709321008,-0.11317051199841575,0.14715608888581885,0.04241181407018596,0.1305755561679788,0.08012213931025784
0.04312802290774778,0.11075856649591205,-0.19885715875362622,0.024349796201263464,-0.03434101895998209,-0.0535389206938348,-0.02568453508394287,-0.030304878771227117,0.2380449543306149,-0.04292339939453637
-0.0524982426435487,0.08804854581312888,-0.15172495612222978,0.05917701235099386,0.11173326995337447,0.10363532963776545,0.2680575703668834,0.08852418948618647,0.08676098654436798,-0.09148485155510863
-0.00385807760151373,0.005857624549530316,-0.2623489610528295,-0.009386761457938118,0.22709685576834682,-0.05202707646836944,-0.01621198399213078,0.04010458446489358,0.05567849305979223,0.24020169287232082
0.12669082741614235,0.07642208404806333,0.07570671692499438,0.2044664325197366,0.18845140513887637,0.10579959663896762,0.1372816559636632,0.10086425373271664,-0.01436589352034591,0.056850746726476664
0.08993137973124515,0.07020064218887456,0.10158249835731378,0.040587054339911464,0.07189152597668941,0.05996941037613729,0.09545501159641911,0.04507352601870091,0.019795446597819052,0.11598615393481915
-0.002681355365875396,0.1396404295041936,0.06690961514914767,-0.06912089635971,0.05459409910060736,-0.010294139909490463,-0.10296120192840087,-0.0020661201194760587,-0.14779637135590273,0.07031611863860969
0.17875347118903603,0.07754353228142519,0.03785731517382318,0.10582807998660766,0.0758358053578792,-0.14060443170345716,0.08305354141115126,-0.1317042673250911,-0.034023331786650006,0.058637658551023125
-0.0618708446175735,0.1464289284885481,0.22029127834933537,-0.03002002136176303,0.04763593864722461,-0.12191549198775442,5.997660997201365e-05,0.008659571975673453,-0.17179988038587246,-0.20214645753546442
0.025726792135106306,0.17638519945977138,-0.022860570225187976,-0.0480396590197397,0.052950346852778454,-0.06831475121177571,-0.15669903247355116,-0.1714853182597296,-0.01961357989061505,0.1333051261150026
-0.07319093402740427,0.15010200451963357,0.12754544001161783,-0.13539753476351496,0.03490119733262381,0.030599654795264553,-0.13815932234211675,0.007607529410002714,-0.04889768723240212,-0.023523389788874735
-0.11955208579872224,0.015051271275760596,0.07199919775532193,-0.3358201058227352,0.026149280793355788,-0.10436363354308408,-0.006306194319638296,-0.0936993351318299,0.036888823132843224,-0.12908297259095913
0.03781053196737438,0.093288995889424,0.035765937460468515,-0.10345776798201378,0.23228030948782308,0.012056845833402469,0.07106675746981456,-0.18147854448835252,0.0638792016139124,-0.08388297131383958
-0.14235304539734622,0.06367955517267541,-0.2387514519863956,-0.12970286689184607,0.19024290081489745,-0.10803770822505236,-0.17043987645257508,0.025335431083130185,-0.21570658760892467,-0.09117443636309218
-0.26061498112129017,0.11075800773972089,-0.09635265480653754,0.014545465855065082,-0.14387812201004108,-0.03610947186506759,0.17921496696069608,0.04224156805519891,0.047380521709696075,-0.020867464434304296
-0.13140517649808292,-0.20618598658694381,-0.0704943945178711,-0.09772964107193147,-0.08383858177437578,-0.08870190032988473,0.09644639892326573,0.13016196043142725,-0.033953646382163166,0.0043318037840132835
-0.009356284765808062,-0.18657398682522341,0.09545229883332146,0.056055680729507215,-0.07139841183698016,-0.17659119124371253,0.04517704274092079,0.03775737423543496,-0.05412758913078434,0.04914281094998338
-0.11230809988455012,0.18379706099778417,0.1324230342706319,0.16108069234772177,-0.12589214415742533,-0.159695920615704,0.1848114738840977,0.04189777572560839,0.04748947411972147,0.1893540905844869
0.13233374778911416,-0.005128936511061527,0.030330225231374575,-0.1479620714408633,-0.1230380913421178,0.03342082687438014,0.04358604292649716,0.012099324754565079,-0.06412059069878248,0.15563054580160338
0.14796010586331756,0.11447735007584685,-0.04549538502463343,0.04713707507511797,-0.09188440205175748,-0.014974767136683807,0.10857316240763931,0.0017392488331279266,0.12935620428602776,-0.01699083374867061
0.06264047733534392,0.11730222825662699,0.17650878799408978,-0.10524828183279147,0.06228674489293502,0.03857965009270484,0.09512129675961355,-0.06909810204669417,0.18485582488180177,0.2418116381443579
0.16881491963787107,-0.029052952825184775,0.12640059070409757,-0.15427211921731965,0.058241717918153066,0.05930654736531013,0.012452187265234047,-0.007666914308690766,0.027478811794286788,0.18273160047672532
0.24343200520054065,-0.0002875068402220654,0.11896016932648625,-0.07367965477377654,0.19218814123415096,0.05235741915088778,0.1251711442917994,0.07258987429877505,0.20304092030719506,0.12477847856616306
-0.12964953090635634,0.10862612375130967,0.05071830632870961,-0.05909340241495422,0.36188209567464813,-0.02316842144542322,0.2662879540256444,0.12020800073832691,0.005458644079724687,0.049226087526741895
0.15070054045886383,0.09935693237119793,0.2534125328643301,0.09344463795710409,-0.05737228200260286,0.36276357227839795,0.13202742292862787,0.18138155753488067,-0.06893091729671644,0.23458397698565261
0.12394780719442472,-0.025569785419914726,0.04246709068864504,0.09568061581644274,0.012624384993404611,0.017705709119386168,0.05698965169609162,0.15405652944770168,-0.03391919746376891,0.1265373879127725
0.03583405319160176,-0.1308980125819017,0.051558575354869546,-0.013058007194073656,-0.05661369593961998,0.24611190027301566,0.1201778141458171,0.00847981873943747,0.079100809966169,0.10010539358452204
0.16066169006255843,0.038794445341648706,0.011147972027897024,-0.08000705844532864,0.11282775713867951,0.15498520610414152,-0.1342559110773494,-0.11230683037642716,0.2535333532157135,0.13779808485936818
0.10803777270449941,0.11871494657684488,-0.06782153822340548,-0.08314158366219443,0.3609470196316492,0.2101288233475869,0.1794497172479554,0.10293402474171279,0.11028731520161703,0.03430700124364417
-0.01778214943401979,-0.06646542752331963,0.01727663131211037,0.013596826408454438,0.10680199681811163,0.1235205783775303,-0.16637395781449077,0.12139574865423684,-0.055561814929390864,0.32487266818196237
0.2083212459451138,0.09476890024012617,0.07859139989040036,0.15512102128288044,0.2867824422288566,-0.12522118027493126,0.009285670276296246,0.2196605738616427,-0.011471986359678783,-0.0762700376911698
0.08035757945655647,0.31460767869525597,-0.11473993785527102,0.13179205312899797,0.10967432380272055,0.04695220430873483,-0.1831626363675802,-0.009541365457423373,-0.021156398512848704,-0.034017832059369355
0.19699085973992023,0.011300403285548544,0.024046523961056165,-0.004516916333116877,0.19062016309933755,-0.01904027152936159,-0.2046113197045914,0.16081122492174843,0.1353703819813562,0.26132891285856086
0.0668216862202617,0.11890158135353618,0.14670630116192546,0.00017267775606573388,0.29078939550155625,0.05259176444823175,0.17178829903022563,-0.10622883275454645,-0.016254453371868875,0.1517160097248009
-0.07897030136393135,0.12750874669145426,-0.10247935424139373,-0.0725936808608793,0.1966257228166574,-0.06275064436194405,0.1341123943088559,0.05235361220555006,-0.13702140407411756,-0.06919095183865709
0.06940276989524621,0.237622634350267,-0.06960733400028593,-0.024408061940911933,0.11817471255181095,-0.1134067640941832,0.164348575179654,0.0683071889567948,0.12897229711340322,-0.07160253626868635
-0.026357423874205636,0.051332037470252306,-0.06081628119587061,0.008013965915436532,0.1461433716912663,-0.004538671500959074,0.011790335858375828,-0.09562400124095474,0.08477884214792233,0.10475889338674226
-0.1420874241186924,-0.00666246627158891,-0.027080089396371784,0.006572600927989491,0.1801377480110906,0.08297256957959276,0.04646108223150072,0.021457268500061584,0.04694397404865131,0.2090622007168235
-0.1559359389345952,0.272168309924367,0.07971624094601269,0.02976650700985385,-0.047148348138135135,-0.02591390735935091,-0.039394636011469156,-0.03793948124829881,-0.11844682591185628,0.04227931064357794
0.06920978025014335,0.11531621247338265,0.0827711315162951,0.019239050254662944,0.09405310996539056,0.0509107801158544,-0.05227478609317266,0.05328330483960149,-0.12174554834500033,0.1445504980857283
0.14911015618323892,-0.07674436507271085,0.040883354031861774,0.05137329345693575,-0.18636383130658532,0.12808873606316812,0.14393876385114832,0.025560205389113196,0.13614798237058873,0.17607263693893496
0.1920060895751995,-0.0473113148836206,0.08418191089913546,-0.049982919406493735,-0.035392017811502675,-0.1075507444227834,-0.03258452862556187,0.07169257818469432,0.11018074976676821,-0.01062424736133677
0.12710318601084736,-0.0853766734008308,0.010590570247594227,0.08098685084992895,-0.025970534119736217,-0.09393560589629388,0.11973115335465077,0.054953760350440355,0.0074136533230883365,-0.21790942256175955
0.049944938289584906,0.06899498138326864,0.14677661045727217,0.22551347716664752,0.19842092244611537,0.04373441190581756,-0.02100415581747515,0.01023284638113664,0.11481638956825138,-0.07600871505323774
0.05086521410724237,-0.08857583383914264,0.00674085224825724,0.15096281368505604,0.04303574599687136,0.037370603372763496,0.21573880515112287,-0.048447240284611656,0.13530160463089974,-0.0384906193986428
0.03957666963447687,0.12993825452242574,0.12874444594539258,-0.02713390415019125,0.11367378563157127,0.030647471036826978,-0.028880334880466235,0.018644474728397618,0.08583387421013855,-0.0951904499157844
0.1073157197590656,0.20435544682073126,0.009310934112385004,0.1602366886426666,0.07989520431761857,0.06426756810232748,0.057892122677683164,-0.037239843976343834,0.044053299233579445,-0.15004296460733593
-0.029615041993453786,0.12681176981009434,0.07732534422214091,0.10089442718928703,0.2043498782280458,0.050789415642159136,0.027356288752669627,0.2847805947813483,0.09530887300861607,0.09548385022276348
-0.10611927662957907,0.019852601064961076,0.11155825841406666,0.06504806467283916,-0.010534475509633892,-0.042575255466858045,0.21143847753160888,0.08190584250734242,-0.0682038799642971,0.04823096092276219
0.007054089152193702,0.052848888041828725,-0.1920789557696717,-0.0015980086045837422,-0.07599704000929661,0.10308020619333008,0.1943192929872412,-0.061352750284514423,-0.018814465427905797,0.14696990251440756
0.05217944757491837,0.20013822429529482,0.171491454227376,-0.036245465960271575,-0.00279239522670743,0.016736678021188188,0.11976270551677229,0.30307037488656624,0.17838981108559487,0.1794008453862232
0.009765346195408742,-0.031021958612051592,0.050788815097037206,-0.042945425156944654,0.10600361968857011,0.1109644800669726,0.05860495833308879,-0.08552216420377645,0.06002387547569206,0.03298273201037946
0.03714255924180506,0.07543189001177963,0.07779336237370404,0.05307554124873556,-0.00754457710534219,-0.025719241349207,0.06903276238146741,0.10772204960964199,0.10544796446966134,0.07004265616334521
0.2554375357547441,0.2248427078216365,-0.09003978214779913,-0.05072435570787978,0.13271379132780647,0.18117612607952127,-0.02032252319670782,-0.11114040778332371,0.023732897425932285,0.05208952146457176
0.1298900335776007,0.019374776629321737,0.061849642784268216,0.02901628152947441,0.21200365085383396,0.07816056922012779,0.016060941778137564,0.0009441859224380705,0.22856694041407055,0.1706940110996375
-0.06443381486020422,0.1905489587594334,0.08793111897919312,-0.14181521649010387,0.06290067236100354,0.07615871693381633,0.01870511494472169,0.2557953051213335,0.00299745833603747,0.06530769271422457
0.10966305627321657,0.3449694806534354,0.00017982869173237964,0.02517137233192236,0.19566783236901036,0.011261268077185957,0.02400019850401336,0.13748264839027122,-0.0449672210072103,0.23727849334742404
-0.1618975606711715,0.22452926993214828,0.11763105392285209,-0.05710261365774041,0.08004532453059585,-0.13734995913222253,0.08388943857646834,0.08481976911556155,0.01397220625233374,0.09710890242289837
0.07276175468972887,0.11726413127475445,-0.07232916564590994,0.14463334240215253,0.03498245461685344,0.057558578513458795,0.24021722770512732,0.020448446093445344,0.0960294489455866,0.13040028278242466
0.10719039744910736,0.12483313612848235,0.08208542262510883,0.08042750796179586,0.018273035644419306,-0.10673573784874782,0.22516639434529181,0.045524570842912365,0.016706375549055602,0.18618073117520373
0.062244247848024195,-0.007210483865194933,0.08646767253944883,-0.07025407123765742,0.13081341163633525,-0.11942991328684593,0.14508956940276613,-0.0977742016539132,0.12267263364551506,0.22929729444186442
-0.003210189853850881,0.13041789533329046,0.11812263748758076,-0.12677342168698708,0.0018924148130563256,0.16371572728266715,-0.07260114541648165,-0.1103092978784066,0.16525717054865108,0.12852001816819314
-0.03934283703144735,0.06345696977677696,0.29694474514707314,0.01652066161109275,-0.04772995173226953,-0.005484772377333455,0.11739624287748096,0.00024589047221206407,0.08695822849200772,0.07069223903485644
0.06787282588232946,-0.10228377510373142,0.06191825764793883,0.08940921104391884,0.12007993445550019,-0.09471009847351526,-0.053475448197224516,0.11665873750669316,0.3668485412736518,-0.010443794668642786
-0.04221418076141031,0.11407592519798192,0.2065369302879032,0.008579065552067888,0.04557067603921015,-0.05149219503576591,-0.014370796536747187,0.1104222940207671,0.011155325000524213,-0.11521406637090546
0.08826842064206583,-0.03410330194431725,-0.05025847210865106,0.0761590445363278,0.14982551836444136,-0.08699427064595718,-0.0561021663493967,0.02106769008705753,-0.043644893388300604,0.08941289056997453
-0.03731991894149795,0.10465209872054881,0.09067029161740159,0.04544659782154541,0.17398986033582914,-0.047483278297922496,0.1250643251765609,-0.058820166685205524,0.05801709406085974,0.18113122783311658
-0.007058415921666311,0.27986462700512094,0.04020486118668438,0.07377398573144711,0.07805762108998257,0.014145061194107444,0.0525186676157685,0.11863023127200595,-0.1058994497907744,0.09259453524366268
0.13585077599015133,-0.020260896821087115,0.03719083574895587,-0.04807699068644606,0.10030577562848297,0.13193246396811278,-0.03746165759893265,-0.07912806563128917,0.20261736746915138,0.031785670411737986
0.04315801570142364,0.11380371959360022,0.14638899435856262,0.011009208251822878,-0.059114765258077635,0.1261153313185043,0.023018754226319806,0.0744775075129624,0.12136051643275868,-0.0002573352904897963
0.016451604699659592,0.11372965071580912,0.08430537364204249,0.043348652340251134,0.14228611200129276,0.039116066236955724,-0.27757904137148043,0.21303001541315886,-0.18663813054761044,0.20689160462135442
0.07072698578620049,0.012144906598031725,-0.06848699461346076,0.15246861966968406,0.03954683906896118,-0.10533573752772275,-0.04466779473352804,0.004603528291826156,-0.15623030531205703,-0.06407777504896936
0.08523399349523664,0.12113015169514753,-0.21407906081370723,0.06065027863884297,0.09851180008768473,0.03841971698001419,-0.07061220410620436,0.0703122435635089,-0.1864460181901342,0.09699117577168372
0.05810269774433811,0.09022920376295514,-0.005266151883697501,0.14993848912635926,0.07368882399961424,0.03652986738673436,-0.2233523444008446,0.08419829625607009,-0.10929944950809886,0.20565625471810423
0.10372512973393432,-0.02023240690290692,0.045770046411903645,0.08031003317952363,0.010244332210945685,-0.06425305769338376,0.0048773014875874085,-0.20190732591007504,-0.10371663980879527,0.12441244529064936
0.08437381322987351,-0.045518851881100476,-0.08412168908803314,-0.10649177466924756,-0.12335659589680624,0.09807823010852859,-0.03583661206973329,0.09292659602615634,0.02821229035859224,0.05742550654034348
0.1164815218980714,-0.11714617962412287,-0.1041003999189134,-0.05305774328895539,0.1103723824738977,-0.1357140054284134,0.013353422060977838,-0.05276136512794333,-0.09626375191816625,0.073957809860325
0.07662540467746312,0.1075085780873053,0.10971253714341281,-0.14842958606429285,0.13041386503463048,-0.0735405284593597,0.014089224430115094,-0.05363605648196079,0.06619948602501888,-0.018724099823807336
0.05859724398428043,-0.0010509305074402082,-0.10616249065630358,0.07878821327420751,0.0215510380915055,-0.012731720780859518,-0.023531496038532666,-0.10780227055872936,-0.08135889652150187,0.06427327277006972
0.105138836621415,0.09422916103334611,0.025727022872587844,-0.03248532662218627,-0.029438502061770296,-0.02897520299833332,-0.18336704638031295,-0.10445594921734264,0.01548072565613397,-0.09166803586838065
-0.09390079023862075,0.002009266155232052,-0.13341229819938202,0.0686438834568838,0.03261305423435215,-0.08372411546124316,-0.09320533301399925,-0.10937570662114966,0.022090647275707594,0.015332281704537949
-0.11859447667324469,-0.04822017511714805,-0.04550341030295741,-0.022988088388026805,0.018853726423124124,-0.011747954050627646,-0.03914461730406706,-0.12603764476178492,0.05426619168334573,0.04396523131046231
-0.03923499586466572,-0.10691639573060983,-0.17175839069518012,0.21421049194442546,-0.048914905011636256,-0.11182517049255192,-0.00012914929410112047,0.05025217810275902,-0.017620149297157536,-0.17452086523905666
-0.027778071173622784,-0.04562364355933922,-0.06202749942260905,0.17416286036526885,-0.04033309735942114,0.01899341506419562,-0.13979008480293706,-0.12105777134526863,0.03708402797483557,-0.14894678655003651
0.0363219052497204,0.08826891391812686,-0.2535181340380566,-0.020943781080808882,-0.08603455369191529,0.07535109020709216,-0.050944810463622175,-0.09665523336996967,-0.034240184935189495,-0.11612193098354201
-0.13221310048763146,-0.05170820642610553,-0.3600665094673387,-0.006373270624418229,0.020634481306021184,0.016473360328350686,0.11494802572180426,-0.12255808268419993,0.032231264598210824,-0.08810275590718408
-0.013557496843173682,0.06338486143397318,-0.028387612820951258,-0.08898515284104297,0.13395877916147517,0.0747707397980473,-0.00020546104985067273,-0.06435676695080986,-0.044150002977267205,-0.05546213833053473
-0.004727012960730227,0.2111885710767346,0.05261340322416537,-0.12878981756795854,-0.14284137004105157,-0.0043616793175839455,-0.19867626192282106,-0.033074072685756586,0.03551329415327678,0.008057586690743218
-0.2142241748332608,0.12181257581586082,0.010919301525787347,-0.04217246540810998,-0.0590122588921613,0.06601953851127794,-0.013095148479450175,-0.2542487059493643,-0.08371395799915898,-0.01045146753104674
-0.011229453128101335,0.008196846742643425,-0.04597685527501667,-0.05186738515519103,-0.24974794131716688,-0.016091400326045703,0.09109326887114465,-0.1510865297103527,-0.057957180310075164,-0.04902116183136428
0.0896217519763468,0.22795521747828223,0.08026084920280903,0.0021349082988926793,-0.18191328984239793,0.12424345005793577,-0.07614404226379681,-0.1625134249109712,-0.02496224896662175,-0.11754110457985348
-0.027781821417770955,-0.07601142114820876,0.022165995309734145,-0.10327452057831174,-0.09640413583421596,0.05158499206828925,0.023234443711978983,-0.08152443599391235,-0.13545031685532513,-0.04668784532964616
-0.12053312238119704,-0.14563692451694513,0.2639434698615227,-0.050494366692597575,-0.15769429753448372,0.007047375498064071,0.02454957607848933,-0.1714189005921945,-0.07820317253750858,-0.08385214205391997
-0.1032735696024126,-0.1461656665818459,0.03162664926576633,-0.07495572509280528,-0.04776916045989235,0.023194585450965737,0.06174489111923981,-0.10680245897515755,-0.27205811055095624,-0.05800408359874658
-0.07400621834542706,-0.029569109645916317,-0.26560229665272483,-0.12124519426750963,-0.18503093783560626,0.13335736980852658,-0.21937777802980246,0.056006699299513865,-0.042439406692484256,-0.028424059469668337
-0.12325639511079847,-0.18289990119237137,-0.08288883981832317,-0.20622090732447657,-0.23383333104945137,-0.0750409428495411,-0.09754257192528705,-0.052378706624328954,0.03455961418331277,-0.21023393333673618
-0.41984261268903716,-0.07158284788595559,-0.07819322190981658,-0.31744047208545223,-0.17046872324790374,-0.10236414432397617,-0.19064656169024644,-0.09576651606357627,-0.18881378553771022,-0.08093955410890347
-0.01100454062596426,0.10415200970518575,0.05120827036167247,-0.18912386228443917,-0.025140897265475387,-0.24189503756250647,-0.17554897098507455,-0.06705499142207132,-0.18828882712058898,-0.13331541305676628
-0.21488129437125175,-0.04583536938478985,-0.03689483949500511,-0.04460988866728835,-0.2318121573499426,-0.17344740507637005,-0.03163355699222356,-0.17547676269614787,-0.0828525820100335,-0.17889010285421464
-0.1760167260478981,-0.13401559138731348,0.07466097395277062,-0.01421886321167981,0.11489337185644652,-0.33308993240361634,-0.13625740351781257,-0.09587200042582097,-0.13950786248389868,-0.11171227557767124
-0.014301496302967134,-0.09440279755202063,-0.26071284085352625,-0.19950681748270405,-0.024324485509782945,-0.07681252559144687,-0.017335247132413682,-0.06983471076829785,-0.10213065815594645,-0.25951726642752304
-0.0971616618390345,-0.20432051698317982,-0.004273700934985761,-0.1932254390179154,-0.1643617858938049,-0.11087806054063208,-0.1386464932940912,-0.030791462986745385,-0.10331665630932879,-0.028185876609543956
-0.15763319491436623,0.018057909293932375,-0.12545109538697707,-0.26861199110689005,-0.08916248089868357,-0.18201173850694147,0.002419861446911406,0.13888439073419317,-0.25281064572058176,-0.20137641336793205
-0.15045560337629543,0.07838674368273671,-0.005013765775322823,-0.1375647745818546,-0.15062061949281033,-0.07062398686908479,0.03132272488552723,-0.15918078644936168,-0.015617666868384547,-0.08637130489422537
-0.07777929881616613,0.04125457258754217,-0.14982863029303356,0.07108664505723128,-0.19169622483564677,0.02843745501071257,-0.26020149810085946,0.009965860317991349,-0.11951012454310198,-0.06382393551141845
-0.051568175938622604,-0.12464451814584049,-0.008136905165453533,-0.12776593668221228,-0.20345291591814652,-0.08130240470474318,-0.09091713164331999,0.05637275717831794,-0.027793478535539137,0.06799166190851909
-0.07446592017789766,-0.07641742203253603,-0.01761444313399755,-0.01672670815577975,-0.15830104745594797,0.1635656994153128,-0.11415106732046404,-0.04993389397179694,0.031976258738877966,-0.016302883759716606
0.05069627175368093,-0.21765464681919866,0.07146242314054169,-0.006864868176575268,-0.052920577111949335,0.09757872361899902,-0.2600677250828397,-0.026485689035612305,-0.05189250425796059,-0.011979735294546823
0.0599156847254734,-0.014385026719258495,-0.08029777957971566,0.05895229487239431,-0.017709557099879362,-0.012978878034557727,-0.24865620701530236,-0.048308067663816956,-0.0028500093916838665,-0.09506676621427665
-0.053927686187289395,-0.16009414722316137,-0.055144921212365125,-0.062472418666646115,-0.2655667736305882,-0.07940771784746617,-0.31832987456847656,0.05731901096594605,-0.1712492357459516,-0.17868910870863086
-0.12439609685930822,-0.0622679505170363,-0.3109742139647469,0.02468727298612665,-0.0018317478684085134,-0.04571722289293319,-0.31881715685555134,-0.23133810930634124,-0.006621925842121512,-0.26194914129942937
-0.030182772896314915,-0.05498079594685502,-0.16486986298727635,-0.040090291191636554,0.028915476378058254,0.08532295540827387,-0.2520300698951047,0.038714209724162424,-0.31741008802089254,-0.143756157499634
-0.028685384008304615,-0.056651221520020965,-0.13414170880963175,-0.27706866006214936,-0.1528308776295977,-0.1969396406304909,-0.07204018465154689,0.033440236968188305,-0.08599015219503704,0.07267002977517681
-0.12641697086629594,-0.11232512063093028,-0.2365648210987943,0.06073030432406981,-0.041516971259371066,0.054391261483087455,-0.11128003827129115,0.011417573652577125,-0.147058358507668,-0.06763190095403059
-0.1012998790784045,-0.08761060701192236,-0.1252649837678322,-0.05250439266236872,-0.37279097901443503,-0.10783420423773937,-0.04887839024383966,-0.008563617766083852,-0.33467878470583773,-0.17515082013445965
-0.0155196905926124,-0.18271671116815902,-0.2482441411190902,-0.16808364202202264,-0.08388809342717093,-0.05592463164470611,-0.055608854374656916,-0.19627792413317913,-0.10755418879219872,-0.04388850665044797
-0.052888960100173354,-0.3249390245475114,-0.022752952178031124,-0.24406681558503368,-0.18680717188222964,0.08204258931909394,-0.07412485403657684,-0.0764426916234114,-0.016918114117710603,-0.04153892005918919
0.0468856885324673,-0.27314961852302405,-0.18843678236630354,-0.2055895574707855,-0.1823866677864566,0.03808670999988478,0.01648368066583908,-0.1439996107649017,-0.014769573302356134,-0.08101815347967259
-0.028585341494167887,-0.16926474747468168,-0.053451308576049975,-0.04329161212749093,-0.05499650933130984,-0.01207216154449713,-0.14919786503215038,-0.07289119506299027,-0.12611213995871795,-0.209614603594888
0.15292285046577755,0.011228390826716533,-0.05997182431214766,-0.18015136043368501,-0.031422480295467584,0.12124946936746708,-0.2607912134440905,0.06510942358370744,0.10297578356914225,-0.14919776504973936
-0.016454459650068816,0.14413191378708992,-0.12669490300106453,-0.11677572241954903,0.06759606089563998,-0.1081687779206847,-0.20393997575036463,0.01462123297374246,0.0036908851665960335,-0.2719899696712129
-0.1754450465887572,0.045674303852464855,-0.027994106429974255,-0.0902100393717929,0.03799616748997286,0.09065151439505012,0.07760465547662349,-0.07576052275501091,-0.2596278497580915,-0.15788021979466743
-0.11973654153860852,0.09968991856952747,0.03401774336145156,-0.011256706298356157,0.20139595406521688,0.11495574617871564,0.07154652259107722,0.21327774060109725,0.01792052947133843,-0.07521234155502668
-0.11246437565891255,-0.007515785687388692,0.05178492008652002,0.052346456158075864,0.025422312857553198,0.0007452591103943723,-0.08152617196004924,-0.0851135876505974,0.19945562129594835,0.07251182211966184
-0.229433735487879,-0.05948860419385249,0.11662327131889806,-0.07046938031717107,0.03780386630675254,-0.091276620985199,0.0322787238842256,0.001629430092216208,-0.07130867963055086,-0.12616949013823786
0.006029366179445203,0.0963457314308272,-0.12195011602321554,-0.1646474271433663,-0.09666972077050061,-0.10548675916322606,-0.006984460054232089,0.07700173195017032,-0.15400765650119064,0.020416377590827064
-0.048806345124801,-0.08558669077867255,-0.2594098494842741,-0.05648793467727737,-0.07032907337173083,-0.14660402167603154,-0.07484454050140917,0.011203158070450553,-0.13758718471694736,0.06383965322402392
-0.06253795789838035,-0.09023006930015234,-0.2240195937539699,-0.2507244879284001,-0.07737954145117805,-0.1943247763396438,0.18532734026155748,-0.080905679063704,-0.0413652903528087,-0.1273880220819044
-0.11701530816086336,0.04141850618202714,-0.08069372361266722,0.051745486891833184,0.013138150289613335,0.015369413580996534,0.03150874329414504,-0.16661024287960624,-0.1304911364423843,0.1117199286288297
-0.15393396750589888,-0.03398132423313213,-0.12399606850343711,-0.04994753514746613,-0.15713871614085723,0.0932990143194197,-0.020173120003843102,0.004620437480965925,-0.003932428290167496,0.09831107312603268
-0.07141082523880861,-0.04538520795535468,-0.08704051599139309,-0.025027597759046977,-0.26687827893145166,-0.07842721714347044,-0.2859746703599617,0.05846084185840191,-0.04891461176997336,0.12146519400709996
-0.09093250916917556,-0.04105974118586293,-0.1277800886165257,-0.06665052552398056,-0.13316714411930525,-0.03392641494451527,-0.05847354251452817,-0.0065464406105382525,-0.07322760240800644,0.05572528143068488
-0.0170599003624042,-0.20109059017293449,0.07198902927605398,-0.014625577706905587,-0.10691325855570342,-0.03128560054591321,-0.025681643781259783,-0.216515883474511,-0.21424959531993745,0.0973834999241478
-0.09173174651542736,-0.11218871276597595,-0.1346777751901813,-0.19145694267194435,-0.12152496470771984,-0.07686670526740537,-0.0766674215496411,-0.05781290046083397,0.07695611985441778,0.05151943897205674
-0.1682083038361159,-0.061238762554635444,-0.05479988517041594,-0.18044014020113802,-0.02720861731081889,0.07665814077498787,0.044465842024509275,0.02656859231442757,-0.1889703822284654,0.12826732277583217
-0.028948145808435417,-0.13966023331546568,-0.04128329093631417,-0.10648261297246966,0.1002281931216484,0.10166204247262314,-0.1444803228036086,0.18569550904626156,-0.10704119309614268,0.07651248925880498
-0.031430791919319606,-0.06630171482626837,-0.005920366978266506,0.046404754172362145,-0.1417396909985224,-0.05432253137693262,0.03795112847135573,0.0018938126232946814,0.0003701891410679281,-0.1517172016083506
0.012952122505924812,-0.08278813938738533,-0.17030005978539522,0.0017779139790156245,-0.23003002857042798,-0.06275865678764653,-0.08512817358089744,0.11568849628566746,-0.034160838352495296,0.05112087397514435
-0.0072748213285099075,-0.031048787583550348,-0.15597703507803684,-0.03624719977833121,-0.21123956714810949,0.10789977407259199,-0.020769148119117037,0.030381759528364152,-0.017720982243344924,-0.0022739841127842678
0.1349619825768475,0.024236358221794166,-0.07147660175641682,0.04046346107998831,-0.13504515778055504,-0.007092852907968683,-0.12318626885872401,0.014920018334479465,0.06962211711412922,-0.06205256005019584
-0.05032882754610872,0.020412226228750302,-0.11356291620570153,0.10496481666605365,0.07551824772910361,-0.0037023149085115997,-0.04695241896305572,-0.026947484313990872,0.07109508550224317,-0.06690837882476636
0.11645001541297308,-0.007246082961988568,-0.20562449448945536,0.15024973574518038,-0.04634300944356718,-0.07971383438988167,-0.014219668261149808,-0.02369607871279642,0.006071446832366314,-0.07164345645657971
-0.0698133412487709,-0.303476210978398,-0.014542464263964418,-0.04033689549028139,-0.0765237892921555,-0.028583884836467705,-0.1403051857449403,-0.021502340284000627,-0.015403007619110055,0.039421870247393215
-0.057091315807105886,-0.0491363475366028,-0.19697769065403611,0.12246355558373188,0.050984879386912936,-0.14325384130099283,-0.024989450925968933,-0.02383393200006632,-0.12187752072522623,0.054906148888377034
-0.016603205050352884,0.08523585635257885,-0.22766986231588876,0.043785030832003344,-0.189506768533115,-0.0058405247326826434,0.016568209786336434,-0.052826332394352055,0.05985144508515529,-0.22979920933645964
-0.03996858505887121,-0.009309800380420279,0.013624911309878307,-0.003853527762383324,0.007621542376970408,-0.0027684805267616658,-0.0886829357451544,-0.1854425658396684,0.03311221971665003,-0.031906939741505644
0.13706678467970665,-0.1445160781160379,-0.04432538105601803,0.09587559453670086,-0.1327332223288521,0.037027699414536486,-0.09424346441516002,0.017217114684391417,0.046052566560035355,0.13246540424194625
-0.056286434337501495,0.00010467527366769466,-0.13121602841293525,0.02025592413917342,-0.031338253853660555,-0.18634692785578305,-0.17024447913824067,-0.06880968771085935,-0.02751846355173095,0.031865713579296955
-0.0985099736121006,0.1181589895213416,-0.14097562909821082,-0.02254742097773653,0.08020167668001113,-0.21365208531339377,0.022982478661549677,-0.025035758101106437,0.017135370904006783,0.13889722054867026
0.11318369939669244,-0.10776407109837052,0.07929132349314683,-0.006054316155833406,0.03710685630334666,-0.11767201318123595,-0.0939610360973597,-0.042328457570134405,-0.17415261379550223,0.062288948655394985
0.015816006633871893,-0.07515266795375325,-0.1770201954942273,0.14833177037705655,0.06801106157496609,-0.1493306988257959,-0.006569776246423315,0.048678326718762745,-0.07002171786352682,0.014002189381204047
-0.11941796942278463,0.10961780167688089,-0.19583153878358722,0.016225767215292522,0.0048306959595106145,-0.04700805615559921,-0.11250942606638753,0.05004764644546883,0.011869193577231058,0.16495693566395622
0.07533933953139904,-0.04091387545330099,-0.14858700721384277,0.10708764165904266,-0.05560725863350467,-0.024328919406921917,0.06666502688703177,0.029803195242414485,-0.09598320801730367,-0.17639480014869846
0.11869347078659022,-0.03373363328112842,-0.12631666079080392,0.060434776916756715,0.01857000216861362,0.09279616393057763,0.014609267736293063,-0.06856910058970697,0.11915030597542328,-0.18745185487072832
-0.03263364070575531,0.11931007249761616,-0.02840972468140477,-0.006027011239689073,-0.012507311889363111,0.17253398158412048,-0.061767011596232685,-0.1058022694025346,-0.01048147725705648,0.024231586248256803
0.15435818809291102,0.07072745868186986,-0.028275137104639882,0.019182086805307565,-0.01715640065575312,0.04464167995334167,0.06497555974699665,0.18901586590157066,-0.08509764600024255,-0.06925728098666784
0.162623572068838,0.21813582697529213,0.01281642785272833,0.20619723550077645,-0.2569578537438506,0.03246883855106794,0.1080364603122932,0.013356438447168554,0.04456292890354573,0.06883012051586977
-0.01671354694006054,-0.0012457575100516321,-0.011188284055352507,0.012527639282200402,-0.0030133181609460756,0.12270583031407456,0.05380521721682367,-0.051469371045641005,-0.05445538377612834,0.14681963890400423
0.15452543057624735,0.1824347451971408,0.05105398606376437,0.08929930062419,-0.07281843512357794,-0.12294327568191614,0.25865933184679973,0.08003989592615429,0.10533121227105054,0.1279569829596911
-0.11510546247858533,0.008054151191305084,0.04282686036032657,0.07754280527515839,0.16725340816629075,0.02182601065144251,0.03642055322400378,-0.04874163446542211,0.1420448212477879,0.09386026510826254
0.07378132216800368,-0.040044490081210554,0.06908450145693744,0.10158107885897996,0.07667784783900786,-0.025546822107241574,-0.02522989154864022,0.0049359348280407596,0.059639560230619254,0.026919555691734723
-0.013099677678130486,-0.034276922746505636,0.08331809595791867,0.018885049854710047,0.12574595885211035,-0.11029596207130105,0.2969224659223033,0.04161211814111514,-0.03959391500778689,-0.014179523820405951
0.12165954337624514,-0.11019405955518739,0.06269555328169052,-0.1641868809213086,-0.06991006081841257,0.09856074185250391,0.06498363425412604,0.004944600424025194,0.18994169177570577,0.11727759368331656
-0.060739066625690494,-0.09999242100334185,-0.24642646966861192,-0.04909471349153971,-0.041120896222899564,0.043574755174359214,-0.007233157120503965,0.13374937602730574,0.24268791462133552,0.072635526295794
0.10568350317079638,-0.1229560131054839,0.11610682776994397,-0.10912273149277138,-0.09008904351764903,0.006443635360263586,0.07504343345204914,-0.021898662060671613,-0.07619218411391634,-0.2172596502044503
-0.0985011352804687,0.030857350809541356,0.21283766423043574,0.13978272773413003,-0.09124987046151985,0.06411113498445124,0.037422775289510365,0.019318308427906272,-0.20891556096969946,-0.011334478761617691
-0.06549774920331553,-0.09489077000475662,0.054763213049236106,-0.1347292499078583,0.08543703635352698,0.08112810510219283,-0.03069194415265498,0.04257796369085015,0.08180648320331013,0.02484566049182614
-0.11194995327996218,0.15732707870696822,-0.03348648923596044,0.06777943882037488,0.04502162606234194,-0.07927219476591194,-0.07883396809800725,-0.06741124323306426,-0.053731883295450714,-0.025640108731837436
0.0006456868826005199,-0.11888386330084663,-0.021213864157475656,-0.05804948194054847,-0.021628385242414394,-0.11331225237025158,0.08762054803063976,-0.03630248241117906,-0.030528126660142187,0.04338381234643658
-0.16308752084292874,-0.033654479820581826,0.08250748498014474,-0.15547461477650498,-0.08865363848934016,0.0414992365236571,0.1542306357577405,-0.09376416229087206,0.06487957548189875,0.10842961663176856
0.03544406504492109,0.09414829830244427,0.08285005902804198,-0.08354072011477756,0.09021011772570618,-0.08080792140366726,-0.0061393690885883,-0.14604227597727473,-0.07606679589652802,0.18926431823701254
-0.07560221507162303,0.02323028151809479,-0.017838969295413266,-0.028386742760263158,-0.007498399931848709,0.05545407142808808,0.008817985207828302,0.04582512766807023,0.0080616579409425,0.07271684630001059
0.21421906046120281,0.11566797318261055,0.0955186808051051,0.0077159327279734125,0.12341317050128084,-0.14893581912626666,0.08316758464922676,0.0174717877732365,0.010060456731099746,0.1624600948347145
0.024503676174307716,-0.032900073002997084,0.05109020294477765,-0.04722512123092541,0.0685753219441831,-0.0035067644597093443,0.0892564858481407,-0.08790684354002724,0.09615350466074306,0.02170224332664246
-0.041347144033872366,0.11257152354869002,0.009992052302708193,0.015010948251930228,0.09729373840178757,0.010658005099662061,-0.09236901454736766,0.043468883718896185,0.06283732401810124,-0.014195716481984269
0.08217136719333729,-0.04602666601384074,0.01854680945530611,-0.004549820260317999,-0.037878926123070755,0.002080563591509016,0.1681937452928391,-0.011506016522202928,-0.24741072938321504,0.17519466475293086
-0.06217166467307045,0.13608512528091488,-0.11796225468416183,-0.06518727276149153,0.15005248958087372,0.13912715025271924,-0.06386846081284532,0.06210099578437706,-0.1838613336506085,0.08789988521557848
0.07650471012467294,-0.09605822687383725,-0.09520707319086631,-0.038056265274717366,0.0839570358664159,-0.0031016406866015873,0.10497822082431177,-0.00457367779287475,-0.07743216972951479,0.011014269315201289
-0.01874303814987997,-0.21500726161206166,-0.015367753684207383,0.07071903450654948,-0.17083575618019975,0.069373594682835,0.05967320164580736,0.015045551657427405,-0.035480001418782554,0.05747018511236417
0.0606477169439846,-0.0121993692421281,-0.05478673220811419,-0.02607081537066416,-0.2485988388038614,-0.09445799953057522,0.04580731883001707,0.002042488239432011,0.10756854129296431,-0.07311621604157506
0.017601055029979627,-0.06281386447179968,-0.031074552761982045,0.15147066516425373,0.16209800097956273,0.016964261204905018,0.03786595201550051,0.08231777747619656,0.10442460220967083,-0.05659566540410411
0.07281409139867345,-0.16390826838189937,0.030289370185597367,0.06052356994993787,0.13847626680033537,-0.07938055963762058,-0.017622225317854394,-0.09071315221055612,0.06544830074207804,0.00944173195775927
-0.046761932086382144,-0.02767778793668679,0.07597941689277513,0.17992645262334822,0.20838309223272555,0.0700061838648254,-0.06891471514604597,0.23368938787288795,0.10930530705928052,-0.01617361697768529
-0.02888545796236673,-0.09006180037295317,0.030620679470350357,-0.03672645404814788,0.26229433367311106,0.07653134856602849,0.08904829781209592,-0.042799120272669466,0.11384352614476798,0.010987939325178886
0.1643251760462599,0.19146096885182418,-0.008925743166288424,-0.02812508144411937,-0.08106491233873363,0.06942814170564665,0.022523805306316917,0.08278613854039993,0.14437511680884368,0.011614929484023546
0.1591152101142891,0.1420568009415699,-0.14134386493301598,0.21219899220234958,-0.05832562176937625,0.21110918779606833,0.03993348277483309,0.033224765753470095,0.050546520225737655,-0.0728316861792927
0.1310801633291703,0.09228628185183993,0.07093543140781487,-0.009846118298963598,-0.08627789801562064,0.12149971772232168,0.025997861216864968,0.13923440924966624,0.12367661920912128,-0.0014524039957261523
-0.000997662918414348,0.17734295903264358,0.08266954906883797,0.18839642084291647,0.056553378119935015,0.05997750311136174,0.08437249851367914,-0.15270650929444884,-0.034884063549375566,0.04184276189376168
0.19189304101383078,-0.020512069357287388,0.08051169875382225,-0.08192216630544254,0.0038626396832647097,0.13935671914257178,0.1565199388992521,0.07579636783784255,0.15040593150161186,0.046405755344462486
0.01737388108887246,-0.05156791597413758,0.0653707974106422,0.08543118715932532,-0.20873606769630718,0.07427332330886974,0.26582557770381104,0.03963141919361121,0.12662129885311826,0.04008855284366243
0.0379212657768212,-0.12881523801874448,0.23162351192554903,-0.04498166434602659,0.1115036992508811,0.013021782700266535,0.08303317309947153,0.040115498545722945,0.1453121526236187,0.08132883062535491
0.14298844690270682,-0.03248035570525756,0.17910874273345984,-0.0014797161179454371,0.0372277921097915,0.2239792383070669,-0.04689984032341191,0.01334327495343286,0.2320906756738224,-0.0638565274808348
0.018208361162309266,0.008695662328459058,-0.06359992635290551,0.14061107761121128,0.035100028348232296,0.09160160572541494,0.10429404471434926,-0.06762061516672369,-0.058135091134499356,0.0999981007165281
0.036955796351874216,-0.16989364339251273,0.14630207356173353,-0.08194160148711532,0.08398358073724527,0.02447495148016595,-0.04484739790241565,0.11137794162128206,0.13220575641710386,-0.14521369505627388
-0.01769119870994327,0.145414298857895,-0.19440870505327829,-0.22587692317450753,0.12667036747390348,-0.03886121897530936,-0.10243485170245524,0.09551103928013197,0.14972398033313747,-0.07911379653307882
-0.09184075054916288,-0.06599418135853322,0.07668469241827716,-0.013726725714756714,-0.023092684761605392,0.20714733194159288,-0.08714395207157938,0.10959059756988565,0.07774246999579223,-0.061050356109110665
-0.1380315805869537,-0.07796138866793553,0.15254609601583358,0.13625652038756772,-0.29003465553708646,0.0911383259159136,0.18299195179706448,0.0358794638561217,-0.2519508319559852,-0.07147342697688445
-0.09131621442124307,-0.027548116734720945,-0.15711329281952452,0.011971009477218747,-0.003559739940935676,0.00563187336445319,0.06155821857579567,0.18046215259321843,0.1108758297874928,0.0947017536516959
-0.007132567223017375,-0.0721572277046791,-0.08132136264375531,0.007180950160200254,0.0313667311415783,-0.019827985867243582,-0.0485503371549692,0.2053031665269744,-0.027700922969434317,0.0054093210495865865
-0.03563409076962954,0.057481742272472804,-0.011891439289571714,0.03341218143526575,-0.020401847716671445,0.028301364152059055,-0.1005348830177638,-0.05843383810895013,-0.04166986538675431,-0.002230419966011899
-0.1162584030492361,0.0653371001156716,-0.06969039132450527,-0.06049069554658698,-0.058161649005937455,-0.18945711425279152,0.03481555231134412,0.2229905389169703,-0.00801964856880243,-0.059862544611335534
-0.03834201855004191,0.12362392638590153,0.030735056990882578,-0.09782660461906167,-0.027993190230513266,-0.05756140348105465,-0.13492520301955752,0.09491388123436167,0.06938876368958605,-0.011690379167418403
-0.061184285601137436,-0.07252486999110952,0.15996865934355753,-0.2642213713217045,-0.09371855676179773,0.019510589862336232,-0.07880256698407863,0.08276103728218134,-0.027364903119554734,0.08648636043911223
-0.05497461866102675,0.09826184635120722,0.22962524148584498,0.10850270839327883,-0.2034946242956184,-0.16405323377983255,0.047022627675372033,0.07895948554214313,0.1753942596914997,0.015853803583641624
0.013644742727178576,0.03945328452839382,0.06439317301849007,-0.12331858925714542,0.05410842108957646,-0.2412992824077375,-0.0013036549391989422,-0.15859102526421978,-0.10979977593574122,-0.10543897704641769
-0.008842791611400357,0.0029427121456401893,0.03228068027278008,0.034159672867941526,-0.10499533789717652,-0.16014479237267226,-0.01000091796049047,-0.05182840269149027,-0.058170647002785146,0.12894651809887225
-0.08190253036809662,0.036337377700177434,0.11694832477182693,0.13623270632848303,-0.03156897689105929,-0.10290683088553909,-0.0698603392440419,-0.005371288831791554,0.23283947412199205,-0.02338511362022678
-0.08582081912014676,-0.17232733553318713,-0.14329672545018576,0.11388754883868912,0.06740247705000246,0.022786666169640965,0.2170537724802178,-0.11374567824502382,-0.025741734338439543,-0.11481243646276126
-0.03945958468444149,0.023109163230177542,0.04134311744775155,-0.1842054217983715,0.0859893558353087,-0.045203948606682295,0.09508841293431446,0.045561818306452354,-0.047604865899605504,0.07512001797737934
-0.09548222634295386,-0.11506066380397986,0.011869732268937658,0.12185910842802639,-0.0916389796615665,0.110584174797933,-0.031144729821735107,0.04934186086529797,0.16352490223593344,-0.03578619399885828
-0.18317111319260565,0.04013323749336038,0.044316853983869656,0.008242266140145942,0.033076382046871994,0.13551666531711704,0.08256149439128016,0.05714264141203901,0.00455814637530335,0.13508230131623036
-0.0665424383024637,0.07386581164726347,-0.04117327526759711,-0.11762419435139776,0.05851334203385105,-0.01558259492283447,0.10913050585745705,0.14427569323600503,-0.04561023548107866,0.0004160444643935661
-0.1662820675939591,0.018767624944106786,0.05126383034874981,0.09413968796053075,0.05501515616662803,0.18253755324670756,-0.07489181297449657,0.1655172545895299,-0.12104555811925807,-0.06296167859961185
-0.16201902508031427,0.07524252120546074,0.11649561774815595,0.05284735587203786,-0.11254545896181851,0.14582220472954915,0.13556835655305866,0.13904827930752353,0.11012214611554645,0.06578571934524413
-0.16004616120034776,0.08132853143463102,0.16147057163104356,0.08223967349340008,0.08522123859719066,-0.10064216593759023,0.02535485443884313,0.12571401758224413,-0.12035429874786577,0.15917731299932925
-0.11496915384273061,0.2017708169748108,0.20790656643560002,-0.149379572388728,-0.14469723310600419,-0.013059169246928154,0.084430267094408,-0.014803853832371844,0.13095214349040157,-0.029085548156902417
-0.13862172764945643,0.014967207962346622,0.1390624032322873,0.010933417253375759,-0.03889595852973942,0.11439755025895311,-0.10753442846605271,0.06598262081922476,0.1762494277824037,0.1346077056639192
-0.11149418301274722,-0.056312490152797066,0.17613249031289147,0.201575098780661,-0.013045444679984326,-0.08124727641745187,0.017577592452848335,0.0063496150229472685,0.050488203996482024,0.15062400356556668
-0.030579342731015098,0.003162285422328527,-0.14250739305062934,-0.03677025864113097,0.0034746960089749833,0.11646047066038842,-0.09217244433525146,-0.04585189768810916,0.019569569442015662,-0.024137926093925108
0.0969917341770542,-0.06891453077760322,0.1362302973695364,0.01826610417955176,-0.1043540098058402,-0.15369906493951424,-0.11846514806346028,-0.019083909703266604,0.3741881855174665,0.004919412238716596
-0.1079454748000509,-0.06208150127468387,0.026824195920525516,-0.054992531487227644,0.0800413801213856,-0.017783529886484722,-0.025484651407994514,-0.0038373838480685422,0.1443643640620756,-0.19309068322399567
0.07340216166952696,0.20205440023840232,-0.15084046396895406,-0.010093688636442208,0.032952465092729366,-0.04377372292796247,-0.10074949215263304,0.021884577181886723,0.16623641002780198,0.0019071327790761566
0.03548600248816998,0.06412446126211113,0.04755171721637989,0.09504118636706999,0.057998788410878285,-0.05626033310576615,-0.26229581215265796,0.055916004963213826,0.04768916772983016,-0.031660015080710605
0.034261751534408524,0.14642362420557414,-0.030506776076576488,0.03560609213216789,-0.0030992224384345443,-0.03956533172544671,-0.023213613437304645,0.05151225412105323,-0.15402183916252768,-0.1435857480189717
-0.016369895386811183,-0.02875141082242308,0.01863382849383744,0.19314951157845503,0.08550906750226608,-0.044496359386088334,0.18541512571158336,0.09278965628428261,0.10256159101803797,0.07685474687717977
0.046934545368115255,-0.04889577348360721,-0.00239448663556918,0.022301003110824096,-0.12226916363728431,-0.014358187132575997,-0.08441631016103482,0.14358458647010722,-0.036344855570489304,-0.06340117407196012
0.07476328985690876,-0.0753552847383954,0.01979123727315564,0.05737021564549259,-0.07471644279929401,0.07285687212395824,0.014179885701415387,-0.1003443676646526,-0.061239959386383984,-0.0741164680269377
0.09431596391323915,-0.05752319598299298,0.03479656199629394,0.08378296239915393,0.07538867846452044,-0.0441473806413802,-0.0835001197733655,0.018523504884756112,0.010171748089558653,-0.04693686010901839
-0.014602671823301508,0.04497830470570066,-0.15130583030553307,0.1356083655594531,0.09514414759465488,-0.021939533116892132,-0.01858276561772704,-0.003237530887231813,-0.10617202538344117,0.06598506568462276
0.11112432596948706,0.026375592018315262,-0.048590856497943105,-0.001510103212750474,-0.18590939231278092,-0.08875542314809295,-0.1341191208904713,0.037987011883086064,0.1286468876094061,0.01823659781592519
0.16464100942101012,-0.035619683926232604,0.13079855053636855,0.006701301142417633,-0.13932474080044505,0.02303063400686846,-0.023124270224882806,-0.04141721073210792,-0.07104685381933962,-0.041076591998758405
0.14131753682233505,0.027974152837605612,-0.14186833435816826,-0.07777842806824689,-0.13095540813458242,0.0709613865018711,-0.1034295837689886,0.11862412218009878,0.07886561912574383,-0.029186488809983112
0.09947108042352251,-0.18574067602389563,-0.0912425400770381,0.2596612377806291,-0.11265568182536315,-0.015508999835785391,-0.1019788792939022,0.19071578207999001,0.06103930173871414,0.09436025188425254
0.0009663358052676013,-0.0859158198800921,-0.10057076310850394,-0.09210275498197772,0.04593002769723759,-0.04535368867759912,-0.16173676812101515,0.02001668946888939,0.04324957134383077,-0.15225446821332925
0.02477965312226589,-0.020643298208369708,-0.05610987047740183,0.10603149743056167,0.025219685975912648,-0.022490199246365132,-0.15446283048034853,-0.008859517295049229,-0.024607347842249105,-0.0838211212316992
0.04026865990086151,-0.09377700636247244,-0.11642256885627808,0.05141727722656771,-0.10928854351445386,0.11010162818349535,-0.126726098023972,0.16948279527544766,-0.18701455563786162,-0.003420290163321363
-0.05700690490697322,-0.09341666629164348,-0.07677744668034217,-0.06030058339290455,-0.04635991072687307,0.020646790087871417,-0.0461412991575839,-0.16875835530671254,-0.09499585691496146,-0.16958225350864994
0.006777352750543423,-0.05749687346366439,-0.08500003666009047,-0.03778786987913656,-0.10383011139405973,-0.15602581773340618,-0.1102106483349201,-0.11694198121552436,-0.0410373551517397,-0.10926060477205275
-0.0168244665695907,-0.1261485412514305,-0.0602814119110079,-0.13233222511833048,-0.03351908323018682,0.05053301170813109,-0.07998498686410122,0.06590434659221935,-0.2623330482516752,-0.037837176875072584
-0.06607142222414417,-0.06310878068844059,0.026607839431296354,0.050380782792400186,-0.11167078775940185,0.15563195123592366,-0.05633290956354456,0.1880095693434187,-0.2767459387191582,-0.10605882366524158
-0.05964072721244838,-0.02962442359864778,-0.11503090487428366,0.06336994191880879,-0.008008686191673262,0.059646991551705636,0.0009453754726158892,-0.2002302491199994,0.06171156091261,0.1057277937213581
-0.02334988942697345,-0.15842399491154363,-0.02003616311298623,-0.20410096087860985,-0.022584977034975064,0.04770232207560954,-0.021024669796310045,0.12451000258781664,-0.05257441198526065,0.039097192732704546
-0.01659064750652691,-0.16063088073296233,-0.015144483146103411,-0.10992836172108894,0.049708348730719866,0.1045922059335833,-0.057900390444070686,0.014658533621479657,-0.114323542993896,-0.1485574911945725
-0.07185677998396917,-0.05336452165903044,-0.12675545271176797,-0.03155475941899231,-0.08144957903083697,0.038088381247600986,0.07149563478684726,0.07392615680618034,-0.01114934974977385,-0.18588356829786293
-0.11727233594052858,-0.15474504565747205,0.0010068970451603612,0.03852725454058457,-0.04127457571109072,-0.07051430278944561,0.054543042511235235,0.22628806407641788,-0.16496106643495065,0.023448488941421347
-0.06670493012231404,-0.17786461098603173,-0.14793218403848118,0.05251992487785187,-0.11153894412967941,-0.041223557452768816,0.005533940168542487,0.1340207143880075,-0.11155421968401948,0.011442798576660265
-0.14691439325289407,-0.19091329645384247,-0.06852224196187948,0.11155856717346523,0.07520280549175681,-0.03301711349498193,-0.025712834236131472,0.07287569567320473,0.11138709308737338,-0.15139005977219172
-0.21007726855970316,-0.31438015702685185,-0.0477129646047188,0.132492563919259,-0.052538934368467585,-0.15004289734419535,-0.13186389377451527,-0.16654587655462974,0.05547360664155411,-0.07589281837379312
-0.05575708213279859,-0.004754267509653812,-0.01508333894540656,-0.10850311829753417,-0.0819790493569244,-0.11726960061922816,-0.06856256470178264,-0.07834783401809034,-0.047257270755808,-0.24657422233817944
-0.19260583402150366,-0.09404650250346483,-0.2581222501626328,-0.10166222067374968,0.0923746847534059,-0.05320675691742232,-0.050706253568889734,0.124670854188831,0.13492493539431008,-0.038996375940134304
0.07522088765077456,0.11846096057488975,-0.040885441313196144,0.04254309065038399,-0.042528135929337185,-0.022712016051332787,0.03167265240938871,-0.28961921895484877,0.022009329876546406,-0.11228556465790285
-0.0011056866841496066,0.1470745708081995,-0.10488295463814123,-0.08223348523024782,0.013628791174801888,0.00039555567484421406,-0.1256762082192784,0.04705459266487465,0.11450740658510845,0.1735471833021403
0.10119011167185306,0.03992276792410787,0.08419178896817159,-0.04580744657077812,0.19975627820185277,-0.11147227452497768,-0.009953390387515061,0.08900486937501946,0.1299749524398574,0.11733442109051469
0.09996269115487047,0.28390301679434865,-0.037870986705449354,0.06339686846754257,-0.08488587066540733,-0.1322962149038692,0.048602124878092554,0.036641297266786554,-0.033470865556074925,0.14354027407699432
0.024561263813559595,0.1850083385246726,0.0028669259853335675,-0.030237743835239396,0.15721189049930223,-0.06628055550946775,-0.049001491470444636,-0.06411571354367965,0.10078552513682523,0.26262098283306207
0.12333335385366011,-0.09693668105491923,0.035052423152384715,-0.09089931066451942,-0.00603234825352747,-0.002386179605966163,0.046078400017262225,-0.1023098061271874,0.09886539000312669,0.22953382170047343
0.1341132086528239,0.09451331569614045,-0.00013731534216940983,-0.07231168790228522,-0.06769181318791823,0.13183187309551858,0.07031959513277992,0.026587741539515507,-0.06768765368345976,-0.030702038882154933
-0.08309426325673056,-0.016184645715605746,0.1033213096936926,-0.25682184144699044,0.07836211293569054,-0.13957934480400291,0.22209185375865015,0.07334155618432404,-0.05882397253953616,0.16711480439692022
0.09043035113487964,0.08201312050713475,0.14330085499775505,-0.029816927795688584,0.011444594316318767,0.039786449650360316,-0.051925079854981265,-0.08663440081707383,0.0736644978867368,-0.04917147313392649
-0.10258384147771499,0.03558365468294655,0.05953599581453975,0.16542362242839082,-0.007416245078187337,-0.0470771646241702,0.20766725109102263,0.08558279263472976,-0.08903428051685763,0.03473090541370048
-0.12417695432523945,-0.020305447841346927,-0.028538815978565224,-0.05631600367180077,0.032847744949012596,0.02631314026298209,0.0020544874365814453,0.06354530385805764,-0.0546671314285849,-0.018414641646268243
0.06517956232092631,0.048221615629265135,-0.0017646830550937936,-0.12714490029839384,-0.06295337155521562,0.03447107210534281,0.029884943905496234,0.10071843062500435,0.13497607945809853,-0.014741588047514562
-0.07498965829212545,0.059912300760682824,0.045148503850455095,-0.10739204148117451,-0.03527708041795421,0.15867506298965506,0.11800937576910465,0.03964333305461483,-0.10341131218551564,-0.06035062961876979
-0.1476450787806617,-0.029434692862477907,0.08844486159799742,-0.13457686673981104,-0.19159289810378752,-0.11332138341891798,0.14633897502025528,0.1601100896225927,-0.015610268721230088,0.001093666329600047
0.059071209460310144,-0.269774381971762,0.1796623955348683,-0.09886691848132143,-0.022406386540206956,0.029768537642798257,0.1563871189559698,-0.04848103446331525,0.04494966942432186,0.06898357797264668
-0.22580688440566488,-0.0991089528751043,-0.02426787388879681,-0.10027552415816877,0.04900002560660077,-0.09811163159785327,-0.06729075945911835,0.3668735649809835,-0.1956120321873904,-0.037939827145084606
-0.13829264953859136,-0.17381901356991852,-0.21952134958594494,-0.05843880017575913,-0.09191729085897692,0.12477406615117453,0.021353615623552737,-0.07756935544544045,-0.024622992235080122,0.016968461630614533
0.06125249835022668,0.03821758756939944,-0.023011281169091888,-0.09187079491944007,-0.025904980296989694,0.07957558560738551,0.0658839096784159,-0.026634097235309212,-0.06358919693175408,-0.013341525825673172
0.2087229904554368,-0.2550273909730412,0.018159723709413537,-0.02302482291268363,-0.09905953690572944,-0.04068832946759429,0.05031842043513114,0.11619822079547072,-0.10870614634147832,-0.015200017271555797
0.001151876117728848,-0.2668701339206856,-0.04846681428239008,-0.12939335962979504,-0.15730379722437957,0.03482012533660739,0.02275765072265691,-0.08615470156512478,-0.034947063266236374,-0.049117878218896
0.08629477471070399,-0.14145309322397961,-0.12196138231824527,-0.05010051706691693,-0.03248469793390631,0.08430359833378079,0.007762024086131018,-0.025561126686310994,0.0227872584626702,0.11173888454816999
-0.0856723919631016,-0.08828737509234798,-0.021595199880938207,-0.20489876807529905,-0.02447592696069454,0.057479216141651045,-0.17192943403962369,-0.07643689827007055,-0.08137162586865594,-0.04676202252835204
0.17103421776329306,-0.010015729650450847,-0.19103654358482022,-0.14845740990231723,0.09129503018068032,0.0807844136697308,-0.058417065804929724,-0.13376268828477889,-0.007560759639938297,-0.17816407204617596
-0.09332427929145251,-0.08851179078298732,-0.08613604699043631,0.019928900512887607,-0.06268441444653866,0.029104165604355706,0.038075396817424174,0.1414736695468163,0.03487406835583559,0.09741714091132793
-0.32822752741454275,-0.2368702145748114,-0.020788283873752658,-0.10309779213198927,-0.06603026435883658,0.042954173047981895,-0.06489492103734126,0.14478315129472613,-0.21904479394181622,0.034592695985132586
-0.041579658744993364,0.01853537996037327,0.005028937580821111,0.06925731575236614,-0.23550487565686207,-0.1973097009907048,-0.1148384018603202,-0.03804665813390626,-0.007613562077160865,0.08095514452732874
-0.011993060782140887,-0.1492780953559719,-0.07341722771388043,-0.038744609658769746,-0.17858289050582382,-0.1330604476913379,-0.16769630704276073,0.14871867522155052,-0.21281875280443993,-0.1407808546517178
-0.12609692775678438,-0.15134581159829638,-0.1409155236491874,-0.08572383635272442,-0.10800979817758818,-0.2505798214368534,-0.1871728504690624,-0.12092786044119394,0.04204279472344573,-0.19475020992981956
-0.022910626284285668,0.02110614931239123,-0.04003339470363186,-0.030216012358977747,-0.09015914890157928,-0.16712774088596566,0.04067711688438558,-0.10120486700576936,-0.12771883531099748,-0.09181475575020502
0.05740509169632607,-0.10065653782937135,-0.25371532267873753,-0.1397493975345751,0.032195487831668645,-0.00844048505397442,-0.15423002901671062,-0.09781142082290631,-0.2267412337640248,-0.0956436478335656
-0.20744423643189172,-0.2239724028659189,0.027858214127763667,-0.22564794008637173,-0.1285849043502594,-0.0827924253767226,0.05577461354088528,0.031148929484040577,-0.21367889004185436,-0.06417392251974112
-0.03154676094506328,0.0007775827656088391,0.03916187336495241,-0.035379011015425926,-0.23649991043477978,-0.0673097681217169,-0.1162476730658898,-0.16757505083556842,-3.329101653437583e-05,0.06597479137701946
-0.16570066708830028,-0.2909229037550592,-0.0409810054468981,-0.11529972042866231,-0.05611935124791837,-0.1624516483798232,0.01398462160670666,-0.10887217661700077,-0.19358445107601346,-0.2065277496389791
0.050575183723747794,-0.14706271397856777,-0.12622056843838644,-0.02407672253308754,-0.052508136275944514,0.03773474698224828,-0.09255272865520837,-0.1262511016745883,-0.18742798321344972,-0.010879268408376525
0.010048033045096993,-0.042479494660495415,0.01761277108184975,-0.05982777483965069,-0.02447096838588244,-0.01790717913433841,-0.08733249355144965,-0.2172189605557382,-0.2803896843335257,-0.08492186693021864
-0.1116090285263311,0.03390000076579497,-0.00830876199866308,-0.1267876423641643,-0.08438791805780142,-0.1776885798826964,-0.04417422508351027,0.027954007523019006,-0.08789897889510856,-0.284203799477541
-0.03623086882009971,-0.0718489343274773,0.0429797188157357,-0.26542295658614856,-0.03640533068957188,-0.09661814951766631,-0.005026959411787643,-0.19078029918265657,-0.14809906933743638,0.08699531604580651
-0.12563613921033864,-0.13307715553854083,0.17841196021699152,-0.07651764351249915,-0.30094209308786063,-0.10889107933126577,-0.04406056472770031,-0.05194754630105555,-0.21772883319488595,-0.03830623767054223
-0.03237168712910915,-0.0956621516483947,-0.1119289916681484,0.048104872955032546,0.03945780436445133,-0.018613139142082735,0.003143264008455937,-0.1833910253045918,-0.21024617150128264,0.23739260077398783
-0.02252906418741334,-0.17721277669696925,0.00792681853375233,-0.1557673285055835,-0.10720532307172882,-0.029628698229062563,-0.02338341541863921,-0.06164196834044736,-0.1722943036000595,-0.13282044931878675
0.10117066377553534,-0.07176446250658533,0.003611585270448796,0.003796079532284752,-0.1827313898768303,-0.027578493110724266,0.05272088478427281,-0.10030025468000237,0.0139915851355331,0.04773350993326016
0.27567565435428826,-0.13783727720617653,-0.14090852562212097,-0.04604677237784747,-0.008498482402639257,-0.09073377677631617,-0.05803851457241716,0.021849248586420067,-0.1075096777653855,-0.09029571550574056
0.0323749794585045,-0.01990856213717586,0.02378482889822668,-0.15281428763879978,-0.07106632926642258,0.0013823393449733934,0.1417581318582119,-0.016791504288919103,-0.050299437316953605,-0.1363380853672243
0.09076888484340828,-0.13015676276010435,0.0824947298377563,-0.033965142398461344,0.19641794127733814,0.035208601540624926,-0.07922402319605644,-0.1934019190383826,0.13234131809518374,0.017795396735981465
0.03347917399170332,-0.02767707107123374,0.05734965716647668,0.07802701808776039,0.05483366015700186,0.01659062433331334,-0.07240336060008615,-0.06162209931214692,-0.0059744563259671,0.0832122465592367
-0.04941893896205438,0.09212157497275412,-0.018762329650406674,-0.13704149773445845,-0.011725066342818079,-0.11706394760642365,0.14222291614757576,-0.05165772906929336,0.01124152417622512,-0.003427015207211441
0.05620016511544171,0.1276798979185233,0.13178217533430664,-0.05334084001930439,0.04641564372677767,-0.11933118492850403,0.16733910686994824,-0.03889159568093791,-0.1592742102501717,0.14735997400341164
0.11310884333798747,0.09433178921549712,0.06061284509436731,0.01857346574397116,-0.0030135358832267777,-0.10567696049855405,0.0628923070466576,0.04672539362666484,0.10207961213404984,0.011972316187952178
0.09502457016499564,0.17512713561840534,0.1778838340467757,-0.0023719612335101267,0.00575421416168743,-0.01338031431400028,0.1006880649221469,-0.07397750975182352,0.036283828061444603,0.09944839686110896
0.0639906476423259,-0.055419726984778164,0.16039185697173472,-0.007322051762210402,0.14723984982976715,0.08010458108067695,0.08728375585697912,0.16553018465260005,0.11403564190378344,0.07441619280820287
0.030970553839457127,0.07683141411295258,0.050458701841375984,0.05391561515395297,-0.2722380429929594,0.026555534974835683,-0.06987812247801296,-0.036057203105853475,-0.006609171044794249,0.1408926646745555
0.23760389871795254,0.1344601146846579,0.04461424585507598,-0.08315818537458002,0.011503334413535068,0.006158479730117433,-0.1726755319208992,0.157230727624895,0.1524919703339302,0.023550214771443242
0.14609770070518202,0.04274766789519215,0.015250216792673507,0.15665367221196352,0.002454639920642737,-0.06491808002168184,-0.04963240013179818,0.12015375324659591,0.20082911794417432,0.19036478253956013
0.22744081197182345,-0.008240104926353131,0.0006087405552899772,0.12142339752709516,0.011517779355097423,0.01328497370922041,0.12019222179233215,0.006135320229409236,0.08655557935715091,-0.02195860524732802
0.034016999500579334,0.06118702266990778,0.24373243193250085,0.03279793073028464,-0.0714306975194738,0.08121788192291951,0.05183320087324152,0.03718507190104897,-0.12037367826168117,-0.05951995584374241
0.2245539231732574,0.026857668547154896,0.04693639857157479,-0.1544323821075685,0.03535119085974334,0.03160298797913699,-0.1308780660356133,0.008823118117545554,0.13882035737337706,-0.06531617188532744
-0.11217359905959756,-0.04147059153503147,-0.002148183868094254,-0.12952228171204805,0.058907560690820676,0.10870923833161092,0.08167465129600185,0.16406711173967964,0.01072191169785334,-0.1513733993972305
0.009881245466654143,-0.07254796489371623,0.08629427869263907,-0.030618905463218476,0.0673029025393235,0.16595135927451715,0.016082447299646134,-0.06296556955025971,0.03455167780386211,-0.08296533039552195
-0.04598123569195797,-0.013117218233341988,0.08361325667167946,0.041318113417618846,0.2046484828875331,0.08232593289940732,0.07152251769179155,-0.1315387426600605,0.035789243082451114,0.03750245901596029
-0.029952331548795483,0.06767631047818631,-0.07185582639866259,-0.020776148113322915,-0.09072563282034812,0.0012544580632844402,-0.05593507502492147,-0.07729925622958862,0.024358874242388407,0.07204746296315297
-0.04601909492846708,-0.06525269382700072,-0.1189152011550224,0.20668946949789857,-0.05509901998479254,-0.1344149978133564,-0.06953315865158949,-0.03392229852064135,0.11021855300136368,0.19176110316817957
0.13351495744593822,-0.039966351107409356,-0.16317065601894315,0.14565888267312466,-0.056159272344536805,-0.13857237030302794,0.09162482219344868,0.04510773170544127,0.11973821378255552,-0.04697713701579219
0.11408240655632244,0.022687940620572264,-0.12249154059519526,0.009131449718282468,0.024997789016684223,-0.07388591771229736,0.013967399381270514,-0.11168294787832145,-0.051177552891754574,-0.08537265448868109
0.08141779498672522,-0.0734384642688563,-0.16783030768503548,-0.11147621948181746,-0.09171155733808493,0.06222761125176602,-0.06798484227425312,0.08897735944602182,0.09271676770388676,-0.15775973266074264
0.21473852465821297,-0.1033784538385077,0.007113313266787359,0.10192994107582594,0.1804162165028226,-0.012204096526234401,-0.12069529055659338,-0.16005170743325248,0.004135601829217246,-0.16063831448395238
0.10480717278310148,-0.15982290265878324,-0.1732276104460297,-0.05277216715177147,0.10543314388811492,0.2546351956453861,0.03316974982034576,-0.047502090362431575,0.017647271375303017,-0.2537001737025547
-0.004882801827515191,0.03232664417449732,0.01865886073027459,0.12344433141573374,0.022340744849592337,0.04425357364545146,0.13488659157888272,0.11919998672195674,-0.1337600006843482,-0.09107222696289546
-0.002953264109660114,0.21439758714307,-0.19888811211905813,0.04993020245555813,0.12476202623905246,0.0703217145884472,0.10366303304100317,-0.06174995149160312,-0.03082978616262635,0.10582686516062942
-0.2008356582702123,-0.15618153835155837,-0.020211068246361766,-0.04802442942172219,0.06580516673449359,0.18869907443820116,-0.09023936112464372,0.03129115379837332,0.014450921285475447,0.01733742646647387
-0.0691775093759128,0.04725374000045279,0.18445934760001353,-0.1889649150267057,0.18069763460058058,0.3318621126122677,-0.035947011563455616,0.02293062483248233,-0.21120500303616177,0.0876026309589517
-0.07292579949074038,-0.16402455218870854,0.07206210348809441,-0.04348142793167032,-0.22179641667158098,0.08720174409201356,0.2902541808311355,0.1631549428889797,-0.0885689487436811,0.09844919690119931
-0.12285812604984471,-0.0002770122391488536,-0.1260824033137754,-0.07831626700730579,0.050473494090582355,0.0356067346311254,-0.11329613167502893,0.0289555775970022,-0.2283401769905859,0.06243233467781037
-0.04342817252637826,-0.02150532657535005,0.030420457133109577,-0.09032853076673798,0.028383011562920196,0.03264927634448108,0.043385362342111225,0.02870146423123087,0.015669627536982866,0.14331998704393148
0.1674467436543719,-0.0513592411227653,-0.03953294502183784,-0.2149170386162921,-0.1237568714170112,0.28443124906935624,0.09425123703826971,0.005102387140884141,-0.010777968971511533,0.1140008207906203
0.04517723650141527,-0.02868555225102685,-0.13331433732931244,-0.03239205001993557,-0.17119203086994297,0.07019691780620706,-0.14916569370598132,0.04524324532139213,-0.10167944002630146,-0.036244175459347265
-0.018232726074606263,0.10663620472967948,0.037105801076665404,-0.0003171063752374359,-0.0924467816104467,-0.0054461185221845315,0.0778932475349784,-0.07559593934407963,-0.02390299375515237,0.0733268102503476
-0.09882778240457343,0.031092509736237228,-0.05564394447529371,-0.09321580752002225,0.010102405571975413,0.18479840614450874,-0.034946015073364124,0.04528753603523029,-0.04404292471316021,0.11187747230783093
0.09031712593087182,0.09070644915357644,-0.004257062827886118,0.059550323689653156,-0.0545729089100258,-0.08912665441308026,0.014339328133810562,-0.043526612880944185,-0.08683827201569777,-0.04316610288353474
-0.014953514577077035,0.0072707520989947535,0.13265652277370402,-0.16262624057424507,-0.0134526151227819,0.11467899830620276,-0.02009533447489346,-0.07600222047593538,0.1300122172942286,0.184803425873925
0.19035577611929116,-0.014545948598273215,0.06229901923452644,-0.1440464297835821,0.07209219995960893,-0.10008070749352017,-0.09420487446913157,-0.08943327256440614,0.05574646658871587,0.09937313674658385
0.04158793429057281,-0.11132269108614737,-0.01311699844288219,-0.06609884711817635,-0.02693786233826842,-0.14026568792394184,-0.003905405402026785,0.12045550112664871,-0.08041849647994964,0.015858351493283695
0.1577082669302186,-0.030507093434548313,-0.1731707657851705,-0.09693775490340789,-0.046061108203539286,0.10268241398582373,-0.146274507615798,-0.025652003621235,-0.10165480561033692,0.12564758502882067
0.07942769696922336,-0.016422893045368498,-0.23189288473418657,0.30292012631640514,0.11931992627330149,0.05615064653973555,-0.11512969008186852,-0.019174908821816886,-0.1735892065735196,-0.06888345925478744
0.056413919462482406,0.047374141153735644,-0.166514507821066,-0.015979261443223078,0.03574181173611823,-0.09864630931201741,-0.10607178572163427,-0.050244590178927254,-0.07331357822916698,-0.11030694674474567
0.0553748087032183,-0.08948994762942408,-0.056700408773431014,0.07318200677776975,-0.03685892877557237,0.07259741794630065,-0.207195902515648,-0.009521108741014115,-0.008798797999811536,-0.06715268124008104
0.09288709566217683,0.04050609566949584,-0.10967256233285866,-0.1461123903284517,0.06574187756908406,0.21835802682115307,-0.138666294561322,-0.09271481604251944,0.04752989163980365,-0.09065830883716113
-0.017842161901482172,-0.10455244123841327,-0.3280681834500364,-0.30617675485299506,-0.052768557993042184,-0.10451586697356231,-0.1584767780182387,-0.06571963961836408,0.051739398942166115,0.027417221133230682
-0.1944407290771265,-0.08269730647576215,-0.11448459439977711,-0.0611798167334784,0.10637454467809618,0.061274059646549334,-0.20920777986946512,0.01884695637473439,-0.11845630016931157,0.087434331773757
-0.24901146892455264,0.060734654469395404,-0.14071976181862997,-0.14685912640421192,-0.0733095436971989,-0.16315829581714386,0.02443386440420752,-0.02196065272714975,-0.18039160045531,-0.020231668253942937
-0.1593471668046241,-0.10904511612077313,-0.15206256425035167,-0.16251947812330153,-0.27981010576196724,-0.2375843704188458,-0.276402429440194,-0.08796195993196206,-0.2673630819359806,-0.025012149591902108
-0.1743891504546566,-0.19760871195403645,-0.15613844488842837,-0.22915567440089546,-0.10049690748133583,-0.17648406463931926,0.0019305600869353734,-0.18695222375806453,-0.1383279673380618,-0.0788890821616198
-0.10290727525083108,-0.04345436515716855,-0.06329421947820779,-0.01830339281791657,-0.11852987893876823,-0.2462062266206313,-0.20703459734774554,-0.22178144376128528,-0.1490565136334227,-0.052125419259735455
-0.11276574550978938,0.04145177596756028,-0.144947624785688,-0.10615184594258542,0.031105868853126717,-0.056250840342052064,-0.14641039539783593,-0.3468424997399338,-0.16628760869513343,-0.1649528948679036
-0.054083596093589495,-0.22276277828451896,-0.03325350775617695,-0.23355353047750643,-0.03422221304644445,-0.10558314161576177,-0.08494685397036641,-0.24464429627301942,-0.1865814321066787,-0.16802888502661906
-0.12299691722231175,-0.10045541854868094,-0.14162420611146445,-0.22255484543300028,-0.07916380154420055,0.0510189845013892,-0.07182992333559318,-0.1990043503758009,-0.05432282917977739,-0.07210743319050664
-0.06882861637414232,-0.1080420239122061,-0.1782525013114156,-0.003965719798104034,-0.08520433239201557,0.05015258657844261,-0.15307007303649817,0.04571958836711018,-0.14836442645800282,-0.12172292619678758
-0.07238059514870467,-0.11722637251685906,-0.08803164090756622,0.04519594612353693,-0.1274480045014262,-0.16534142929926393,-0.09184039806592173,-0.03605229931683715,-0.121275558123114,0.02181351343921145
0.04897819889498558,-0.24660041653173514,-0.030518602259112446,-0.2800434216679367,0.06085287821763663,-0.2127226592445472,0.07172724214374016,-0.09838098387960154,0.05608071416266129,-0.03255745039244273
-0.1361216161131273,-0.07809847318085769,-0.07429215197470218,-0.03794291814788053,-0.06889133449321441,-0.11323895220607613,-0.12423577597663579,0.012848886047233748,-0.060361971841028074,-0.15666936504797768
-0.2497384509989061,-0.1805763589656445,0.04821046368811098,-0.1263437166667759,-0.2382480941250205,0.0167990757692109,0.09846164854501567,-0.05899169834633906,0.04821672561564182,-0.3206455272233733
-0.190471184535733,0.03149337973653567,0.02089876489626654,-0.05853103376206007,-0.05751716006732586,-0.05847496030334078,-0.09555377915090763,-0.17399083346009542,0.0006433428328923435,-0.1264324277934968
-0.06665501619811491,-0.2266485023054602,-0.20000824856077024,0.021840600866989038,-0.13612739460034676,0.014971044301587438,-0.10533558495643425,-0.009067653919978436,0.006535877307482944,-0.05507112446542303
-0.18239276399386772,-0.13819832342083227,0.05317011408130959,-0.14715722896140643,0.013623417714431804,-0.019673964220014425,-0.12775335631750287,-0.03827841652328665,0.012169709638402113,-0.22409593884479923
-0.15022411173315475,-0.1419349693187876,-0.05545419522986786,-0.013319411742610976,-0.050622756658125524,0.022270795081549,-0.1653778977395841,0.08631434316002427,0.00590309048342566,-0.26295698252543354
-0.23631112753597966,-0.023047996306621618,-0.2546653462517007,-0.11244866935161253,0.030649724423570064,0.05841944196164915,-0.22009359379221805,0.03935129918375243,0.019506170440490328,-0.06470768869701399
-0.23600128590809538,0.20567061356065175,-0.10471122909517198,0.08267214155005419,-0.055828958948670994,-0.1793880450104282,-0.11378559614425365,0.012640823857982538,0.017278131757594767,-0.18667610163849424
-0.1367470952040848,-0.031458635808269506,0.025984246267914693,0.11018916434284441,-0.06708692323111437,-0.05399574926017851,-0.007978611582417694,0.09086854508704108,-0.027672896255633194,-0.11479261898894473
-0.2636550413131381,0.1570600565581246,-0.15798884084033676,-0.10987098486633218,-0.03302246674165511,-0.11993151079675211,0.02085832437470856,0.01813370008629775,-0.030122318503023108,0.0666573576024977
-0.09347894851088706,-0.08540516911200315,0.09591644708402895,0.05498852429685434,-0.2015922423236112,-0.10788900623022712,0.14608027460805653,0.008261958753835189,0.16386062045213198,-0.01811273639353289
-0.04840734801465769,-0.04485487214357166,0.10056072270630373,0.07930976808518608,-0.039179987944635675,-0.02456936533694476,0.004597836958098605,-0.041581041397945745,-0.11695951893985093,0.03187636688985941
-0.04973304373714846,0.005111183666375155,-0.03306227888440122,-0.002796661787099845,-0.011692511302348385,-0.0753470294604838,-0.09409482470480596,-0.04386077215745491,-0.0337118326981264,0.09936757739872067
0.01773629203358424,-0.08523670712586913,-0.0037630817929088286,0.045892353316497915,-0.031581997883251944,-0.08858683184198479,-0.0519587266302409,-0.12020357827964755,0.13000948950557292,0.005552555635203927
-0.04859538733689776,-0.22620601829091871,0.001216416460806495,0.0610117469904065,0.13279199290224752,-0.07115251635272073,0.09903677911827022,0.04780948110797621,0.03712782282815649,-0.024471109250661253
0.13849562308619232,-0.037332805455595634,0.07273567407304962,-0.040137249025723104,0.006013548531979902,-0.04693843941284684,-0.09025198975033626,-0.07128578882806273,-0.09932877644082541,0.03138413643312597
0.09780624591915207,0.07827077901700666,0.015926892895378117,-0.0925699638986936,0.11787592712061858,-0.04817142663571421,0.013445390199877349,0.07807778357123749,0.2348078360978444,-0.10202787720783435
-0.07703227522165493,-0.07926276369983332,-0.11420778092055628,-0.0494803237681478,0.014095638761131644,0.10170164516553616,0.10041791619883514,0.057845533042906946,0.11694819178651629,0.011874383028352073
-0.015783506841672037,0.2125320455150532,-0.08332557737676528,-0.07301724589320244,-0.11896987336558357,0.05057652864033841,-0.001450362616743429,0.05286222208479502,0.036569851554830314,-0.20993150717214146
-0.11715438027877997,0.0998684421611127,0.2739896855186588,-0.0688002903622061,-0.01454774148225333,0.24435009758112286,0.006676657436765477,0.11011054861150038,0.02354923724310641,0.010060546464296383
0.06858543912746866,-0.036268521600047635,0.15305038191153933,-0.046624169075133004,0.04822997370961622,0.05705107541788855,0.009865148539864846,0.10387572201087104,-0.11827255829527289,-0.13184509027394353
-0.07007914321780503,0.01027260866234097,0.1436535541860406,0.02541682855813638,-0.07823103500352777,-0.09057216876365232,-0.1223543892457798,-0.08247242480101216,0.15130635794207867,-0.14514684813279985
-0.16739036535404697,0.033999059575167974,0.18364378411795543,-0.16113452062617795,0.01938800559154555,0.103441654331172,0.018285377756550064,-0.1861200991707558,0.054993238383574124,-0.05058586926889884
0.01711809135041288,-0.1152786162044209,0.06272882899532309,-0.025285375674318298,-0.06307786956236922,0.07730637752103117,-0.036611808096565446,0.06409698962946866,-0.023677529661409485,0.04258186938107594
0.007971630613814722,-0.015153223903963925,0.08622185936386013,-0.029237709994015395,0.12418870141336569,-0.12124609330793976,-0.24422217517895578,0.0030126874346064376,-0.03061328597217672,-0.13447131524477146
-0.0701235501764115,-0.0016437193542000272,-0.11665069643113704,-0.20091228965808336,-0.056769954361036344,0.053097779361827045,-0.02897604516613952,-0.0933821780576942,0.09027167564391751,0.013861656345724518
-0.09005522058837848,0.09472593109831051,6.47511447288418e-05,0.0866400264429677,0.0009291019076813967,0.007487741524666566,-0.22357499663582772,-0.012135970410926653,-0.08762947546234545,-0.030394316915610002
-0.08627946222018057,-0.21300269559002374,0.10467530862894497,0.0877816138569107,-0.10596081503100567,0.00017030127352048174,-0.016392244222837145,0.048092393671180886,0.042928460597173965,-0.10039391227384567
-0.044960936728256455,-0.09359252406369255,-0.23958041616945303,0.06361139294529906,-0.10854015454187518,-0.14270378905206316,-0.03525580522250216,-0.14258479765944293,0.0030772518306508463,-0.09319168087522756
-0.12649307629408474,-0.11750669416008022,0.028472298360983556,0.05780293879395287,-0.3092741591269063,-0.19178978675066827,-0.05823770062641003,0.11961112560957736,0.10891511281319514,-0.07030318846133023
0.1494568050659233,-0.023512126992858123,-0.14738487978921166,0.0830829519608534,-0.12054939833358655,-0.10786729256419711,-0.1347757823158987,-0.14035935231052823,-0.05469154056306023,-0.036007936340724356
-0.009093078230859315,0.011619431051269086,-0.17249029726339762,-0.14001499168567333,-0.149252786629418,0.05049530806510373,-0.2251945640981791,-0.22779820731888173,0.010769143589514883,-0.0024218112762098842
0.21114204217346644,-0.1102782916978744,-0.07500980811277824,0.07175748975859195,0.00760322635213876,-0.04891053515263957,-0.1950771376556572,-0.1528469785914697,0.09256163822311518,0.049489055846030125
-0.0076811176753194405,-0.009547056700000018,-0.09976833906938737,0.08325571378913663,-0.09630001404185284,0.07978284230712111,-0.13869433412685664,0.10421781218839143,-0.03117413722687185,-0.05083715836026819
-0.0004990625995606526,-0.02601069658051684,-0.09160551801175024,-0.09185564498022607,0.04487395200066416,0.06101255649774938,-0.16666057057232309,-0.05312662028807842,-0.02635447748284353,-0.015149914272791061
-0.004646019235889743,-0.07000780295564923,0.007677918244797563,-0.005844332909297211,0.011197431724534175,-0.22206622237810536,-0.08057313053717055,-0.08841454551919434,0.0126440848675436,-0.22793954974533184
0.05870929560019548,-0.20588795839062493,-0.1281521931321481,-0.21852976658878603,0.055571961978959555,-0.04777509412470674,-0.0872858939796802,0.09603554894328378,-0.12929068845808536,0.0794795305393414
0.05753650758320815,-0.10216286148762052,-0.09162186384120857,-0.04162928152171615,-0.07200312537756196,0.043625967177483384,-0.046416906018777945,-0.01259365457333447,-0.07779338264854443,0.06120520908118518
0.007507856666515659,-0.0014177307742452086,-0.1249688563155413,0.0174644774761335,-0.1372536932588674,-0.1694538200958367,-0.06288153095071512,0.036958057625416145,-0.16996005845019443,-0.003879067112862747
0.11555642319194416,-0.031161455891499518,0.05939626651267636,0.14822431760616744,0.033958229628756005,-0.0898330148196764,0.005569912086415288,0.020939614871852533,-0.06518686360479939,0.10205629737259614
0.16195416577227095,-0.07922312145043844,0.028014472314806534,0.06904519637604294,-0.07921138407652886,0.05735714471901659,-0.10460075602561315,-0.1620479574535706,-0.17724248509403973,0.18954849442863295
0.18027188780720674,-0.29640294610258233,-0.19766244512712408,-0.05285725871858855,0.07955622603607675,0.10988580551817108,-0.07281768773190861,-0.07133302372132284,-0.06527567794534685,0.0396968561825278
0.05317106331107412,0.053221406124701165,0.0712385112565118,-0.1725976808744188,0.047377192128222834,-0.0042798403960026335,-0.03257297743698481,-0.03144863129362241,0.013437025031292904,-0.07264793940571776
-0.0750405876122778,-0.023647479612030613,-0.09671111735798574,-0.020056646107188922,0.11474707868214323,0.12084626608848123,-0.2557758251645804,0.1005567356276188,-0.02298430955353014,-0.013812459573547445
-0.17595702379518444,-0.10378877664016668,-0.004919561687270382,0.07076151140059839,0.026562925147573236,0.0826140048385981,-0.0772460089312505,0.010264464533387224,0.07904077745455126,-0.030730742484394807
-0.18932543502190632,-0.05279408027135214,0.09721313552755495,-0.2387304346156126,0.006404541816120286,-0.14941066302224734,0.21916016987920495,0.07210436713279804,-0.03997790557389857,-0.01818494434353691
-0.10030338624975035,-0.05865103810188711,-0.06625847325586869,0.027572188946826455,-0.11145248249893885,-0.2598412643548144,0.00580277523911165,-0.007456335660389196,-0.08478800877586942,0.156963732503821
-0.17840831910672492,0.01514218932458105,-0.012466123203595372,-0.061345199991991575,-0.24081288314554267,-0.14001566186982203,-0.05963653596504449,0.10506764769697825,0.07317247672541081,0.08712347681582218
-0.062011765188253666,-0.2068846809608897,0.08737945959076586,-0.08178448467027272,-0.17780063042774985,-0.056707898303880386,-0.06042209360601242,-0.07708875518676814,0.00038087794483942713,0.07316327653809068
0.13549810623051653,-0.04902348065621648,0.010556989218826827,-0.09431020056053194,0.04569478058104626,-0.08471526309944662,-0.2473820348078149,0.06326566712174106,0.11670292090753483,-0.1024357556789521
-0.04390119183470573,-0.02433027472780688,-0.10010552330515156,-0.17607211186510222,0.10879370569764882,-0.04040315736493719,-0.23110175675270972,-0.20758754436715326,-0.03459359154351887,0.003995604657637188
-0.2237556805269444,0.028628272718928684,0.002908360657455089,0.17391021148004013,0.15316498322844713,-0.1531115737745148,-0.13419371453716036,0.05574494039283061,-0.11464485386400114,0.054425016699125486
0.05692462730135427,0.09900625768464316,0.02325743412427124,-0.1512834188646969,0.001466546890402225,-0.030882307726857225,-0.11556941770471345,0.026196411272936485,-0.29196701759674426,-0.15240606624677708
-0.06807973114525168,-0.18518658437005558,-0.18818953223385196,0.14587148880670714,-0.04903302930611219,-0.08117311085907773,-0.13938582531293736,-0.011806277390852849,-0.21857438656978642,-0.23417093954280563
-0.0895753801026433,0.18239046315062904,-0.051047145434786875,0.059981896310259644,-0.02825303776583777,-0.15800807927691757,0.1032632630463,-0.03672598409113799,-0.05801923667933746,-0.14889238662980514
-0.08493921775596133,-0.10231710263116725,0.03694255471779874,-0.052818619173782395,-0.14924727790475836,-0.1759971387175219,-0.0736660457637067,-0.06685928923449946,-0.13404353919514966,-0.026591145426254327
-0.18217855907289734,-0.17701937799809636,-0.1146572443329401,-0.09977039817044506,-0.19151544973121828,0.06430121917325482,0.04494012362443413,-0.050700842786488884,0.01651410250637505,-0.23224516665764475
-0.08336836810779222,0.058439274334045915,0.022684472888456476,-0.044192712003181235,-0.13624388978005456,0.14235934652677174,0.043408298779615176,-0.09981749520341948,0.1631031810080238,-0.2268295643033895
-0.0272597057124615,-0.06572671723086862,0.03486857147639116,0.08479135322474379,-0.00951440834953235,-0.047792754720500416,-0.29773602824696677,-0.011965517192569247,0.0003873129788805208,-0.04903394460425854
-0.18800754779955392,-0.05411414401200211,0.1012858892787944,0.0887417365947553,0.06469987420311323,-0.19279599817623871,-0.002118875283417601,0.11254771232098754,-0.0878046604631037,0.04683903018335375
0.017384338664075107,0.07403729485846441,-0.15463070708718574,0.027418195213767736,-0.05262370941986047,0.10785752813179447,-0.11112913211590607,-0.08909043420460547,-0.026343593721341922,0.01970388505192261
0.06296725683368468,0.15615711681446634,-0.08839105867950121,-0.08252368864463767,0.04124939451839426,-0.03318928920610323,0.024478396542895395,0.006331692883654498,0.062351776470933255,-0.10161094382090116
-0.06767922969327449,-0.008331203084281372,-0.04739035259888369,-0.08555398861936159,-0.11822410656351272,0.11197328202531032,0.056001392598214905,0.07320139961862795,0.07824584577448083,0.0444147923462812
0.08446429162728297,-0.15402594189703667,0.1707366662669058,-0.05581026880829037,0.02160135937203073,0.01697339839726539,0.1587283946992866,0.023987227094974937,-0.08273674337742826,0.01788442559555622
-0.1341138179858118,0.09226590291459531,0.0644418780330224,-0.06356582684142772,0.011493303388138133,-0.027715847159215712,0.08603380015706084,0.0168988578147037,0.034832960379036326,-0.06414204365411255
0.011744514460073137,-0.19043075285603686,0.014722312481304164,0.18692845607946157,-0.0700634045652748,-0.11945596082315571,-0.050661405189678356,-0.013797924606806013,-0.13720021984219105,0.20693850211537243
0.004572044398352446,-0.14504702884700635,-0.20590176656849013,0.11229039380505743,0.05762333852463865,0.06040998768449072,0.043055826649395806,-0.1144294665082849,0.10190717438800895,-0.09433895538050652
0.008290177885777959,0.003315364894609228,-0.010571844908407641,0.12050983858501968,-0.057406499851428296,0.04019009812642972,-0.011700522740192584,-0.0306559128652884,0.3272328935009614,0.06244934145007866
0.10044953729535466,-0.19449922979296114,-0.04224838347785863,0.1197676396255339,-0.01656187641070979,-0.053373173756442814,-0.1297965180987334,0.012291427794042957,0.09011791379715985,0.1211738566300819
0.07658411030234508,0.036768765041107376,-0.01652975258037514,0.09327085504875872,0.09974588732469747,0.004456716996325599,0.040085569018501646,0.15820089697848075,0.16729861316303074,0.10707354164909988
-0.11574811242556438,-0.136727253374189,0.04052686677817002,-0.043228313019137626,0.08376455880807954,-0.04084042223341114,0.08607997630765472,-0.04298395672493066,0.00902697694520184,-0.09651888326077161
-0.09360687772116076,0.1128336931063383,-0.023195750699673,0.12295625555935252,0.15601679018427933,-0.028968423750890974,0.05547815627605415,0.08850180569447139,0.08000397453358438,0.037251798835027196
-0.09930548877493467,0.014143728767402441,-0.06656145596547643,0.20772328754024363,0.1740337163466854,0.08267982269249534,0.23098242009087436,0.004247272246478501,0.19993699421503675,0.011983598843168245
-0.03041567029792251,0.05752662251968012,-0.03738338379848574,-0.0010956150164327383,-0.014614313045351088,-0.20182776773072816,0.025226593033062863,-0.14060948137406631,0.15195256078471336,0.21574572792039398
0.11492053530756233,0.0165264348474482,-0.17361289783561096,-0.0005896786219140582,-0.10889564253445617,-0.07949807267831992,0.16432830005649302,0.1409126366123434,0.15091645482183919,-0.04415559767166387
0.1431530142000156,0.06970498839917633,-0.0999273583982243,0.138953791906171,0.02252359391102433,0.0686217476180186,0.11301156171420766,-0.15357491363400838,0.06837602624768668,0.045009611403455
0.12500120008871446,0.025260973168222307,0.1084764081211918,0.11523245774325769,-0.10536076066364508,0.2455140932070849,-0.2039610965658885,0.05817618847307206,0.025994979198479637,0.15086359806600896
0.09591154800379222,-0.021583193379650846,0.09676906743475112,-0.04973745191044472,0.07883702425315886,0.11450744632837652,-0.11310990285711643,-0.0971808432934131,0.08760913485036717,-0.0034895022682969318
-0.021362407322274235,-0.14086241005545558,-0.04392207677990751,0.08838945275321017,0.048571931340462386,0.14816707243150665,-0.08967040485186775,0.06794887795915788,-0.06460365894210893,-0.05791449168162019
0.1621767164782742,0.022255535263983897,-0.09111797894252241,0.07939910921546908,0.011079791225988518,0.21473882671625447,0.0011112966547020542,-0.08183594216942419,-0.04618413090266678,-0.006126267469775376
0.039157523595685854,-0.2051809664174456,-0.0516074267796581,0.10394805314382041,0.03379767098316447,-0.060445734345067614,-0.1767267778548835,0.08663802958759431,0.15148112268056269,-0.1348319292515599
-0.09865969984515274,-0.09722994149506768,-0.0005216809961537117,-0.022815512610520547,-0.13672193390569193,-0.08775163418678328,-0.10772235011939695,0.2495150576672901,0.14409704881916585,-0.05662980726846996
-0.05546950069947963,-0.05672219371467543,-0.24140223593992835,0.018108736836932843,-0.11380848431824307,-0.0726368643764692,-0.09593003688075431,0.06120634800549437,0.2371613134982682,-0.036011785137953216
0.0976217504956631,-0.24728090822278986,-0.12184460796552365,0.02151502579691185,0.04441660356355652,-0.06731325028789112,-0.14044966259215536,-0.008464757916115789,0.12580608789782122,-0.0437600999079094
0.12587862502449382,0.05744184336013754,-0.24114948291410845,0.0693937738987443,-0.025117779620267382,0.03507608301705185,-0.19387859400398544,-0.009407044801914807,0.1534585298052165,0.043153404101659076
-0.06968253580680002,-0.003214476156865407,-0.1833294660332199,0.06911755971840944,0.04981436815830456,-0.11701826257302766,-0.16806354811623292,-0.03973036178221361,0.0436760200279206,-0.3201116174396856
0.21012023717466516,-0.1190575882886854,-0.05687573359354485,0.07370973698828573,-0.011544654426339687,-0.02047481537460668,0.22569815177867603,-0.002893233741899856,0.10356841768189337,-0.07229244113505787
0.10402714359970654,0.11866259322211256,0.046836991788147986,0.036652814705969206,-0.00685146572093253,0.13943880209577378,0.10750210242602208,0.08760566149190181,-0.05034147988911136,0.05548459459651836
0.06547054510999532,-0.015050243270834722,-0.15785560044052416,-0.012079776052552671,0.1209278292981803,-0.05866240531964867,0.025012045119211623,0.12809552195635374,0.03343887347706814,-0.0565522589228239
-0.07671914626669585,-0.0873306974036888,0.14580273007151706,0.03107800480388443,-0.07595907631471369,0.023470713547295317,-0.27712234692575655,0.04503383429500901,-0.025447930667379187,-0.0986606536314362
0.22003991717859042,-0.06238858108101443,0.10371088218867303,-0.0676067848608844,0.05641172713506454,0.011699437327320874,0.09238457331218713,0.20280256140506273,0.08183442987965317,-0.06551702625267089
-0.01134331614815386,0.16001971160169176,-0.0792620401294199,0.07401449744830943,0.04733350840862913,0.08323540661024081,-0.016550221214399134,-0.005147209999572078,0.020919388652884063,-0.19022236925932676
-0.0935673607304825,0.09309353990925276,-0.1190308607191963,-0.09624693940843403,0.13437086502417128,0.010994914772566654,0.0003207326663664037,-0.10799552807923692,-0.12105234992130003,-0.1320500202144304
-0.07942430192412636,0.22340500645512743,0.17640909986509,-0.01168096269744096,-0.004259368289015519,-0.1088414577624357,-0.03813226585013656,0.06561144836175412,0.039379869196114706,0.13430192838520086
-0.05088218469158844,-0.11867250786242481,-0.08198062003251222,0.09997045170648974,0.3126106664687554,0.0003109699215789359,0.022961357741783622,-0.022293952232823086,0.03671370691705296,-0.13415630600919298
-0.13521235994774813,-0.12524099881233225,-0.018437407834659296,-0.047113935635608326,0.21792202239073497,0.09548473007275567,-0.02634429686579108,0.003941053453544133,-0.04507960404509901,0.12049653299742041
0.05108573605538454,0.08843731219174099,-0.15776986102599047,0.006131757730857133,0.038578113490555274,-0.12388991055396192,0.002136167258868449,0.17543409558155937,-0.027949291112951545,0.05064973943432533
-0.015602556935755246,0.12890554686470113,0.011176899285218027,-0.008691778813638584,0.11284610177184695,-0.07102634768780033,-0.06214256967032629,0.0979662495078047,0.03324442445222758,0.0034754148038083476
-0.17072440314577272,0.05240468027488483,0.07202130661459757,-0.1416245505012137,0.09206435433826225,-0.021146736251863123,-0.069893628905353,0.10691336639482434,0.0608684989453645,0.010743249156411797
-0.10871581393937797,0.06425804097673057,-0.0183907238083211,0.10423154533533335,-0.0731667950560107,-0.02550896826757534,0.06581583024138446,0.09989024380538777,-0.044587316864802475,-0.02113374607498743
-0.14807898185705293,0.13255831230367984,-0.0081849384932445,-0.056659833903245804,-0.04551213182625628,-0.29167859958033604,-0.007993656552233091,0.05299893436342008,0.03867741966252972,0.09396376306827237
-0.12433434300689777,0.016882333174550446,0.13360953518869031,0.06483384130386455,0.020051892336895458,-0.12934991355984188,0.14257166807701246,0.15020520857041425,0.010776494246293039,-0.012063286908867848
-0.07564404524646108,-0.12074412791693069,-0.08952145973106604,0.30930907240747446,-0.0453249159423147,-0.05055179373351925,0.024128021550998947,0.019005636314075352,0.023546198181676196,0.05570590750601765
0.029388943039038377,0.016111683983585874,0.04256692343560499,0.07804487991271332,-0.13685057308512522,-0.19930379516802166,-0.25580228788841364,-0.21005705243819767,-0.03612699036297168,-0.024400135081815356
0.0004498822137349867,-0.047731650026044764,-0.1285851823177498,0.23586047285253753,0.01665023277429828,-0.21895341380135974,0.07603923147215828,-0.05001547808718461,0.022901687946662745,0.1084131449880725
0.0526192742139595,-0.08916274427290648,-0.0739804918121314,0.21983566561915655,0.03844094275722233,0.044321080957383505,0.03519706672161606,-0.12278357169628983,0.08593353656690306,-0.008159732141841283
-0.006106855460782379,0.127559262780673,0.005935544444995798,-0.16045832983821556,0.018399127068167036,-0.03501424680347323,0.002088158432016582,-0.08277838439934351,0.10954046425669015,-0.20530741966216845
0.09226671000327022,-0.00649418262942008,-0.1124427908234454,-0.14912964892658692,-0.044456724734440255,0.040430071381051896,0.04189433935134282,-0.07958068329040632,0.02720641467502232,-0.05178883872394767
-0.049208923934544235,0.05265697911078803,0.16412504012481718,-0.15292082783378558,-0.07414190189093674,0.02939201213068967,-0.154909356412762,0.14738853371928437,-0.057219869661178833,-0.06168430739042494
0.12498334530909241,-0.12171763209511914,0.0370574312530796,-0.05772703374338066,0.1388551084473361,-0.006425568277616282,-0.07024198856826441,0.06334980968481745,0.047375240875407204,-0.04422051620776857
-0.1241114083778689,0.058102535228767724,-0.1870463399514194,-0.13211462457026107,0.11960630234526316,0.08997216442756414,-0.1947177761438233,0.10826797418466752,0.19284918460422773,-0.10773138273587665
-0.06423632186752648,-0.005031453655903878,-0.0725636747344373,-0.16657290868841962,0.013449467258284636,0.014737403064430638,-0.20473556341935567,-0.006924327640876075,0.007230374865838947,0.08596886888703696
0.08172260917047307,-0.1417625425815455,-0.18781607252729024,-0.016308622083774763,0.12148701950505747,-0.10858539673100036,-0.0010052720139887387,-0.04123066282169975,-0.0786749715372134,-0.22087789523747137
-0.18066393534697628,0.14565334165863658,-0.08990684933125839,-0.055925907457441394,0.1533136019850056,0.00324637523811714,0.14469881265042966,0.1572384144191385,-0.14212064287162532,-0.25572379187450134
-0.17391302684547083,0.05132615574955701,0.1968130419513736,0.0745040025608389,0.010707478341084353,-0.04163396245331706,0.009881566452757819,0.16948463672835917,0.002876915805058035,-0.00758559378979784
-0.1866206527372163,-0.08203110623260286,-0.12144031737762934,-0.03697550727066311,0.043588901628741794,-0.0675175640284946,0.010845675814518209,0.07742283983711709,0.1418138582271558,0.018342149779051763
-0.09299258724045972,0.002290533552021152,-0.17368437202438416,0.24006176283964842,-0.07099939016454576,-0.1463802552944186,0.12369691134220281,-0.016827679049577396,0.009165100828622035,-0.07667602813057142
-0.053359065092314924,-0.1016079071202919,0.04781645100909429,-0.005712185104581338,-0.1204354633756959,-0.1856632791465836,0.08739313588346108,0.042242725164958174,0.1500425560514042,0.07596238531373443
0.009621972808435561,0.07303532154543224,-0.1194217719696273,0.07453443687335061,-0.09854924079366373,0.13129248476263528,0.04050327121109002,-0.05173773648154309,0.030478075288752023,-0.16555275316485868
0.11238857860381238,-0.15234829746331782,0.04548235676225501,0.14905101263901338,0.035542427431021414,0.11016168965935653,0.24200135218137847,-0.13963099905414678,0.14800332921378956,0.09231712449158966
-0.08688312104761656,0.09139239740146995,0.23174914734263394,0.14139173083881335,0.001925765295872052,0.04136261784220166,0.031087851955077073,0.10667558712949077,0.1978562820661569,0.004943691912867412
-0.005550552618441763,0.10990870679533898,-0.01630697547840846,0.028499903598512566,0.09408426657803456,0.07703968772380881,-0.05786377317670767,-0.09073395518358095,0.10145887292574562,0.038567505306094256
0.08713960024348222,0.053653680450631513,0.003388657361571297,0.07594161057556217,0.13961387769282063,0.19739483370543376,-0.04894867168466003,0.0618381566221832,-0.02732104985687736,0.00506054470150516
-0.22239764636846132,0.26759116585871845,0.23174891140393536,0.12233561706981988,-0.13908597814410906,0.00921240637589419,0.06053730786082828,0.027553715355936315,0.02364473357948627,0.06909634016808089
-0.03290272811229905,-0.007539547112304201,0.09854099120421705,0.018715718143413412,-0.016893633731830296,-0.06322890897304664,0.12195783437153504,0.046066963918798026,-0.031192958399055365,0.09241797665165183
-0.024158059422443798,0.10725068128596221,-0.13376838331113522,-0.009912700776188638,-0.0783141853416891,0.0021011188423535037,0.09888188507157214,0.00840180948913401,-0.04848202562414177,0.007901248652655901
-0.05841262885782246,-0.05564475321357585,0.29661721077169256,0.11615710670155549,-0.015579993949360424,-0.06630543137604414,0.05282253618720998,0.029661883335739134,0.1500737405984587,0.07660333223857557
0.04692967718364291,0.022075161023296715,-0.027579236411689058,0.14780977228575576,0.09673598888906036,0.018701502133775458,0.14589015267705438,-0.20882414302367053,0.1120169045983802,0.20366100970615666
0.16008640477737587,0.05812486039996548,-0.07063578887463623,-0.0838737413135017,0.042102417172522194,0.06354435235610827,0.24052179371866644,-0.22432467298680026,0.04716948350931098,0.10336819573493346
0.016976454750517157,0.027249542852099386,0.0098477983157194,0.06856240457635772,0.10744078682569672,0.13864528287975306,0.13879073840724726,0.009910700743144069,0.021844448564361282,-0.09303820215138128
0.2762885485408493,0.02171157476570676,-0.04325464877862325,0.05835976414073239,0.13044495409735873,0.05812214710187779,0.12044659129245136,-0.12228575826844428,0.07271977032609471,0.2721609163223515
0.007188717365938388,0.058450488426914145,0.11471717193571107,0.01168766197857643,0.07820732555076086,0.011054148571903774,0.07300590761034753,0.13241947768528248,0.14141781768178624,0.1818077276733861
0.07349165243596095,-0.029853024794946406,0.1971745202396939,0.1381473325700352,0.293654393976226,0.028662401660919795,0.06365828323594078,0.1024951591707392,-0.0868990824458585,0.18424562808421502
0.14138703418131357,0.14708880305354444,0.0756352265803494,-0.020203653897623165,0.17547523438388646,0.16922101588840177,0.21722809897658119,0.0896494019871104,0.08857968525152414,0.1305679109785649
-0.0681462690724727,0.15704693359204874,0.17579796126800254,0.1496009379290299,0.1631212640428808,0.02292087606905082,0.06392737956103352,0.014613574187583883,0.15392510100216822,0.06742938650235274
0.12499534687494958,0.23442517542058036,0.24255356659307054,-0.011474180640479198,0.14013234618076156,0.05758422722291147,0.2572800386874059,0.17657853925382924,0.18864043519893525,-0.06909251774320047
0.04636160015665256,0.19310270393400802,0.1803782131241773,0.07108074780711486,0.1106109096619077,0.13261915804073296,0.11389959584268394,0.1598685483880424,0.21529084531965287,0.11089056728448676
0.05756570090227249,0.1860779415139629,-0.01335055663678178,0.08072643494572829,0.0685200160625121,0.14359300483189763,0.3558712213083175,0.1346433795776057,0.14799752855276058,-0.11863794800846542
0.13284331644627262,0.19070613025506952,0.20956270498488633,0.17064171438388726,0.017475006662222445,0.344087938212729,0.11658277161686888,0.22580062121096744,-0.02668274559046993,0.13650144070180995
0.07297885908469257,-0.024716748643824893,0.22625226627359635,-0.06627293930927752,0.14963680953390998,0.45776297067816524,0.11285700804223363,0.1531136587648173,-0.07813949259850461,0.08338880344649419
0.16539944259480513,-0.0001266768791799433,0.08436684052149387,-0.023651223080795133,0.1139697562505689,0.10070641979513788,0.07985866191875444,0.37569993087949183,-0.0034016831129824177,0.06971292908646515
-0.06003974390696365,-0.051127498715439326,-0.17205585915358906,0.10569576773225475,0.15545718626116173,0.14418045044954905,0.11692332838645664,0.06033024508788998,0.018298931944635048,0.05849031438618352
0.01497645984301639,-0.20143358496419123,0.07510780294409303,0.05221951898340444,0.2876308740201457,0.05562000982766921,0.06089197410157925,-0.1276638893342902,-0.011951776048499837,0.03766118461358274
0.16729909689451844,-0.0105901594538815,0.04517504053751374,-0.061284736519132174,-0.023857888870818758,0.32448118004922893,-0.1138884110237897,0.060902211697613624,0.08937110653955475,-0.03701398041273708
0.01959026061796067,0.06981351600261747,0.028487803192772967,-0.08583703473894011,0.13016824712915204,-0.0033845861285237144,0.21816879267953,-0.06649508912002594,0.11334284564025812,0.07606846888596237
-0.10381911489479745,0.04516329824573675,0.03842857066444165,0.01621399188406305,0.18053241630172157,0.14023609885047633,0.016966699303568127,-0.04389238811191268,-0.07254139899826048,0.04400116581964485
-0.11209050984859044,0.011117900393878319,0.08852095029757324,-0.030381010819715053,0.04447109067512643,0.07289540120520836,-0.05323120426483517,0.04476772520925086,-0.21840059682193494,-0.024149649565528168
-0.09566215400062941,-0.14303612108367883,0.06384644096978659,0.10702371070682133,-0.04981384732028608,0.027868288905726,0.1481831699409098,0.011848660652942704,0.05945938797623208,0.028351712072857187
-0.14819488370749848,0.016735957739516198,0.05003807621666744,-0.08740499866607654,0.1574831280219639,0.055274092916269266,0.09437774035128119,-0.06308533047822,0.11455295574734492,-0.006318502177813564
0.012858670077809123,-0.040804566958510965,0.14375898199105552,0.020016749172477682,-0.12889318441263412,-0.13053693894491553,0.0909872243252921,0.08715400366193962,0.15483067808082684,0.1423587519170654
-0.28418812843963287,0.05020923852914421,-0.001478787806193517,0.042423452011703125,-0.055537850389508335,0.020624246403408403,0.04712758698710136,0.043512900519769665,0.07460697124749774,0.047872294201282035
-0.10804963385800254,-0.17136597894156827,-0.04123936698321437,0.25557021958938003,0.012214156675140858,-0.003808561019187088,0.024143106956366282,0.13523727923998002,0.05328707625386185,0.009491535658310984
-0.1253071096213022,0.09494729561950999,0.1825655504863672,0.14243097347448286,-0.0661997300346788,-0.1209720809532552,0.14386225844594525,0.007171278631031843,-0.028195481580160997,-0.08024017636634043
-0.14726795224785014,0.06392793874504277,0.1508793216997827,0.009076937696315443,-0.11189298463427859,0.045424464368253446,-0.04126115004858841,-0.036581294230538845,-0.17269062668110677,0.01286362606772505
-0.06008073368363728,-0.07258338849570642,0.16693787162269336,0.021876137712452885,-0.24099599133123933,0.08910698859725016,0.04319300413440492,0.036036214790821794,0.036951932554835316,0.055495613362157324
-0.14051280458891327,-0.09807893336441464,-0.018227259846297486,0.06827798501227549,-0.07872553727064424,0.03650175112201354,-0.07643567963502121,0.08127628907984684,0.11360236738233603,0.24367124714792068
0.05406428293295665,0.061639959900338964,0.02462280594931577,0.08319727933669274,0.06325790731180925,0.035838629514694346,0.18277994640887724,0.036402383374790404,0.1425798416041592,-0.08739624599989106
-0.05522218849914912,0.015159302990799223,-0.07940166889753006,0.05990187732003387,-0.13744965825031324,-0.19771266230132517,-0.1815264387588641,0.022663447963293587,0.11614416751674715,-0.00829286581477258
-0.033576520627355146,0.035893170051223264,-0.054908483331465925,0.10545538217519038,0.041702655672640435,-0.021692450422133892,0.08946243592823819,-0.1401206307558002,0.008433749704188837,0.13801380350336
0.1092347972117719,-0.08841453427458135,0.07955192763596462,0.008556792009068524,0.06114398580042643,0.06424578871146384,-0.04678438319529204,-0.22014748954727373,0.019615847356867708,0.14852910063948227
0.07426726483088318,0.16924942481006183,-0.22689956317475207,-0.013156093340276157,-0.011079056733401395,0.05360511638637858,0.054707546483753325,0.05774408124611992,-0.10020569209135693,-0.048844721542863054
0.061200104887304985,0.18099127994497724,0.18653627332535022,0.06024936211196459,0.2079056095368315,0.09089640237131932,0.03847694255555271,-0.022255073172444604,-0.06027182175649768,0.19032348699754711
0.056119717273069754,0.036606928297708036,0.028617421861885914,0.19967160477785,-0.03728037412538852,0.05424710777055267,0.1757590335878787,0.1015697672104869,-0.03119493636541669,0.026842538546259467
-0.052106476701856246,0.17013325770188045,-0.132665031698738,-0.011413005629777307,0.1500630222407675,0.1933198812818086,0.07112106484912203,0.033311748179822576,0.06186838595846152,0.29631758161360755
0.11241474811073196,-0.0473608218996238,0.030305058475880553,-0.030715518403933523,0.13800321284250108,0.00041382646462718997,0.1601932621317216,0.0022787043413490388,-0.13919711905281035,0.17832340498140492
0.28897054772952924,0.03199685974213324,0.1283612606721135,-0.02295166666863636,0.19718740274299276,0.026243477865874144,-0.05596849663082845,0.03537062585886332,0.0754505984741187,0.10787285089020283
0.05988949662418988,0.1234634249072696,-0.032374081911012195,-0.06022684853417073,-0.08483487665783956,0.09045304651036859,0.1257605408418338,0.1700304550990512,0.12816793040329696,0.125865808657429
-0.0248196048439928,-0.022261156066684044,0.1745200829395442,-0.017454753200852116,0.05105476903615959,0.1234856107616096,0.21835148934722493,0.16684837683084366,-0.16829577722572972,0.1977557207043325
-0.08665604394882463,0.027077778814866872,-0.02814208104408754,-0.08052953710601757,0.07459541226167271,0.07502998466892918,0.04586796608109525,0.1171481585655079,-0.03489153329476685,0.10139953705274761
-0.17079758282462426,0.057186442922143615,-0.00909255480426402,0.012779184798895494,0.023107671033313966,0.03622807014285816,0.07360154316984484,0.03583405705076857,0.15412647826876008,0.05897373523723063
-0.035264226072336764,0.038560475153809115,0.028216987007349148,-0.01815261046426452,-0.016751958374359954,-0.02975310384954296,0.0094350286182932,0.10989077941353068,-0.09418207172168672,0.0924255591700761
-0.06654820357491985,0.07449610780178965,-0.03720610728985173,-0.11096617700607181,0.08846628608911264,0.04128759161456212,0.09677048246174647,-0.02139226803534207,0.08566142434072217,-0.11448578787983799
0.0695103893982826,0.0414384115291076,-0.0316035215423936,-0.08744780945997918,-0.027667598287292247,-0.14250680664951898,-0.036538031470002424,0.043788938325805715,0.12658696316776685,0.20962788355481904
-0.014089309150458576,-0.03816627722811801,-0.07716695557766763,0.09868324049135839,0.08590797991872826,0.12814856284136888,-0.09933274458739466,0.16727304393005676,-0.07677065359175048,0.14157912020914165
0.07865537998798643,-0.18950367657568307,-0.008165107727963184,0.11746295559341932,-0.02261186261626718,0.05526489017019665,0.07567066170169116,0.1722987768758582,0.07751550111242225,-0.22468571885690536
0.10105054851925047,0.01814408955490366,-0.014345317296891289,0.06966623058182408,0.01020831439559627,0.2775234679213634,0.025889966131678446,0.2043227619184083,0.04270855684309775,0.04425213603682448
0.16088670568339253,-0.048268196421248355,0.02050678764256339,0.06132648386358951,0.10950316679168631,-0.07382244317516638,-0.05671033030277916,0.014487897035110095,0.14637670216774307,-0.011191576175944339
0.008641778314863222,0.1565378436495421,0.1321098840270935,0.0852467102666106,0.13329946389965547,0.1473185443011371,-0.03790953265459667,0.2265467676432443,-0.008598998921696771,-0.014413698139742356
0.14728040010168142,0.09278168179719191,-0.12208147809810818,0.13781031667953753,-0.02988835890604244,-0.042827341346326014,0.09152577864216105,0.1268360101000213,-0.013772058796669338,0.17609722685580745
0.11985230602491909,0.15365686262571782,-0.07292983676783753,0.019506146341162073,0.11451290821011395,0.1622992418347214,-0.08102340139306183,0.21227501869923454,0.19336284549829436,-0.0008464255203107923
-0.03873335932811661,0.01679038875690044,-0.011352053153901615,0.12440024808765071,0.04357756833097014,0.19760896530563257,0.05134996765196442,0.1986995918661705,0.058842821007662104,0.026218827005338858
-0.03175394015771628,0.07711276522176216,-0.05957004440890423,0.13011364512202356,0.0759763016869456,-0.03459159676088209,0.1625825688284202,0.2733177149948982,0.16480318050175635,0.20426308590182807
0.09695390636526793,0.0668480813492487,0.03402917489939774,0.07256530273241203,0.026256917782983023,-0.06813493528671044,-0.05671448135818337,-0.11909596151501319,0.13140062566640823,-0.03319612641203394
0.023241606840026297,0.17900908625547288,0.0710396435599839,0.03087060203054813,-0.055029529318539744,0.08910200337413442,-0.06548650511663245,0.16629967043944657,0.04150437829018862,-0.06717270259700092
-0.17872528955506145,0.15190352732281492,-0.01495035543571719,0.18917339992690202,0.0637249349376302,-0.07483730277239603,0.00038827875089607333,-0.21571641577727915,0.15617487101995947,0.12336147647306478
0.0512423067281446,0.20746113107407393,-0.03458588337436832,-0.10652082344593244,0.04731099757920988,0.10779594643556398,0.18771382493693495,-0.04091247674475991,0.023782395656141913,0.05934258490376913
0.03846438835730119,0.21963070510390312,0.1173707354382787,0.19491340317341355,0.016546098823497224,-0.12660148818445133,-0.0898055307211773,-0.08454205717788169,0.028676996167950393,-0.06099346616627305
0.050670124740457054,0.10738365577748718,0.17717728467835056,-0.2210246903020993,0.026218911453831595,0.051031567674659814,0.15248734787244833,0.003324276053564907,0.08489204828823842,-0.0008510082881728886
0.15310655135441506,0.0390926034696821,0.11438446848371875,-0.27545741179717853,0.03377390409027212,-0.07911919408296329,-0.004763187853274606,-0.10404452799677505,0.23009156980943543,0.16815569389592525
-0.03515516559593265,-0.021330049362014755,0.029865371487445364,-0.023997189625028177,0.1827546802100899,0.033583240276065546,0.04914111183582131,0.07102513630773402,0.054293567930418986,0.14292391890480455
-0.15777913690767928,0.0411101905035912,0.2846331527442767,0.21170056635129225,0.2092157585947317,0.18502829017468256,0.07169816770637423,0.10079681679674882,0.14892306001538178,0.13144334200452823
0.09473273721792008,0.09561898866872458,0.010674486430491709,0.10493955221589571,0.15557231615264136,0.15992863333566268,0.12140276787307613,0.09313174774942841,0.10400817253732303,0.028838331503692867
0.06497642178937395,0.07174025726872835,0.013259720955888073,0.07109617755342593,-0.0021514267247415703,-0.05466554813314775,0.10820371026283891,0.08973977633221515,-0.0657754062879593,-0.08512933813353485
0.1062893641026641,0.2970082038483319,-0.10564190363696577,0.1060531902023002,0.1301357032301343,0.111812850562202,0.17152402310232134,0.03895023620946054,0.06698904721370562,0.10762573509372642
0.12433524336129671,0.07732296663528321,-0.041247978721644304,0.21960904817540416,-0.06610184037209756,0.15273316920423613,0.18351279728792486,0.19863777350795936,0.2879630668713502,0.11840210268968426
0.09781582468557097,0.06929598137727712,0.24961400660930005,0.17360195179694715,0.1409279788251525,-0.004985182028838672,0.04294553025662634,-0.0725439763573021,-0.00010269939861833055,0.010194987939975322
0.050662962042886756,0.11947567870473669,0.00866411228548851,0.07807370195208461,-0.03129912975877264,0.0725818631067645,0.03402940188434084,-0.015292209088297634,0.08261221185084874,0.1312222137288408
0.09327962630958651,0.08328623865309033,-0.038527978732828885,0.07003128214093027,0.13289697593861005,0.009211123032764668,0.0135531354797108,-0.12210569544196016,0.14871101664179207,0.08495748081303339
0.06273022273854992,0.15857752958422608,0.19678978620410692,0.051683195217328184,0.009132010476042993,-0.23001259273717042,0.02368422330235105,0.22165893396289796,-0.02958956276205235,0.19576658303318162
0.0357511111315675,0.168511727830731,-0.10311584223946253,-0.05512225870067791,-0.060457480355976805,0.17254373360984843,0.2743190071338374,-0.20922768516129836,0.007765734915453577,0.09693320144804446
0.07893225330246674,0.14521042404482204,0.045707604905672536,0.025799238065400895,-0.019111140941047752,-0.09399461572966077,0.20300080544655674,0.05168948288295528,-0.1834636668338334,0.16732381742288077
0.0536309426485367,0.002628745087494163,0.07063852474970964,-0.0803669774838527,0.025582690487315193,0.06521582603792422,-0.00138449134101859,-0.1949401859117406,0.17948909241898428,0.11137265679660618
0.04805659888074097,-0.04548247795429967,0.04588232713668319,-0.009678879844183225,-0.025908105845660674,0.11786840563857888,0.15613873307927784,-0.0925739353279916,0.04107061324959294,0.04817454901726735
-0.06494154128286132,0.01330087047438732,0.19541862822751221,0.006446635771140373,0.12773493259606322,0.014578327102854921,0.0897470779039374,-0.05381404786213657,-0.09106063701069032,0.12450951034414609
-0.004975988209714222,0.11701244371066244,0.2282567933806781,-0.24604852180117195,-0.1602927459924802,0.2257911500958289,0.008683871134425751,0.04422357867790275,0.09370714693086837,0.12037457423480709
-0.11247376172069429,-0.10882502180430431,0.273892012254179,0.08522932867236424,0.008760704352473744,0.11715308849828442,0.0790889111166485,-0.029072145726225875,-0.23899372973579594,-0.034296273536678176
-0.11839682636912115,0.028111319000833204,0.11677304563646218,0.03721781708864884,0.024958733560256165,0.24334688520280226,-0.13776714747911006,0.07522993063304093,-0.06974091302670149,0.1128163955798213
0.1217143771460708,-0.09728797616608845,0.11290652214882578,0.1919261036697112,-0.22164350385939796,-0.06803411398102292,0.052813620841659525,0.05170772702838648,0.06501284666217581,-0.011625918234918622
-0.07462611405937933,-0.06954510956472776,0.12810687127159182,0.10433298859566226,-0.19778341475889974,-0.017997322236930943,0.007769531199538521,0.03357150797022606,0.11898576676264727,0.08200142695557755
0.092846714787707,-0.06169476015739721,-0.07798607006265618,0.10560871485134107,-0.06176043209876679,0.005729853829550891,-0.1055895663691086,-0.061079489701577755,0.05063774877015974,-0.05702261973706556
-0.11320291740322008,-0.06830885178187683,0.10814666588474686,0.050806691734635444,-0.02058333705213955,0.0117559747416796,0.07219558087163445,-0.017685935407081646,0.09802643263657018,0.0628212947706169
0.014858335773058062,0.04268316986564739,-0.1629387162422401,-0.06334931621632796,-0.06045883004183023,-0.20045454565942905,0.11643237694069536,0.02886869748974759,0.04123250432470992,0.018518277610260987
0.11541506194745452,0.14138624498269672,0.12860716902218752,-0.03401199186948089,0.06785989362382253,-0.005557683426923754,0.040416271229250955,0.17756789545944648,0.04412923713340672,0.09612789947702696
0.09320107440457946,-0.01219133903049811,0.10524293391953365,0.09978610172031308,0.058956826520181235,0.12533860356308782,-0.03025510737000537,-0.015603341056297772,-0.00844877535264646,0.20462674992427934
-0.019936860536579865,0.04371749425848565,-0.08949555298926815,-0.12022544094258433,-0.09440663614097147,0.07882445698883417,-0.1244137875453863,0.20085912604066042,0.06406807606486255,0.010305260113357417
0.12365366348085356,0.12860430199854544,0.07258018543609406,0.029870679206944133,0.08913675042179439,0.07300849227658253,-0.10896913720476986,0.04051769254724988,-0.041858167539737284,0.20750874612991707
0.025285461979363107,-0.051009761390478005,0.1061461445598528,0.023768910612900276,0.1353139279227756,-0.02613133550465291,-0.06867593693254209,-0.1261871009673537,-0.03850108140334502,0.09310079144262767
-0.05960845734961033,0.06047166574378008,-0.12513125382724072,-0.12646521203152375,0.02693964944054207,-0.05403585412895274,0.05493633817842522,0.0715294207733149,-0.0752093950649968,0.1213077954345435
-0.0771700900181214,0.15122680660976784,0.09978366837307914,-0.02193078498214926,0.034732600740035785,-0.22035132745568634,0.050338865349111535,0.07629266251071742,-0.028469026128169896,0.16679442694440222
-0.18637044416560838,-0.020177278515666412,-0.2458601096653486,0.059052268478405646,-0.1726844484323536,0.008994579325093142,-0.06506096974383721,-0.004578318876138579,0.06056586446174338,0.2235552592683427
0.05681058998212481,-0.12198292543967647,-0.12835889455551777,-0.026404235428295543,0.03659695910112534,0.10885124166762898,0.08226882839154433,-0.04671844337397063,0.05396939994888733,0.09139512813710565
0.10597869743139958,-0.18262065497196633,-0.009892068004690635,-0.07896872763200663,0.0791709453977914,-0.14634759809142667,-0.0016387562775953873,0.09949349058894404,0.10135106219671705,0.08333520004704172
0.1997612123125581,-0.030132225997241337,-0.23509795241937234,0.16678436889711037,-0.012350329973684836,0.06344349709491563,-0.09810928439600376,-0.027708435674042242,0.14309734329025434,-0.017391248596453072
0.022680721420599056,-0.20637036314978296,-0.13808921456208012,-0.21045009589872943,0.06805827677846207,-0.032265035701750266,-0.1550804655951009,-0.0931043505934349,0.012732370529117933,0.03986498026338971
-0.0017848722169630515,-0.06073370243557595,-0.26866354398296877,-0.08038806107140248,0.05202035276296447,-0.12095011213117783,0.08183651564365174,0.023205353459257283,-0.12144393827029451,-0.12810233136664728
-0.05678567011049137,-0.086732200151087,-0.191690565266448,-0.02605863317184827,-0.008889611769911272,0.02910474671684212,-0.10735727306559321,-0.10196518242897391,-0.17071898322768903,-0.10476515861121605
-0.023046412817376905,0.0015081002290962195,-0.03048569407903419,-0.08136879950928064,0.05589539164763551,-0.07066019749895924,-0.05574951726060424,0.07040060906206685,-0.12481392023037957,-0.19779055340606996
-0.05394561972345328,-0.016760669493125095,-0.045332423320287724,0.0499133955469429,-0.16023043642236293,-0.038635323767636384,-0.010397002472919291,0.04929168060359007,-0.18933505248504356,-0.11366642235845201
-0.21091401053864794,-0.23015825550854824,-0.09489389136886205,-0.05046139667434489,-0.22178933475639792,-0.11018736871731388,-0.13059651262932503,0.13779503148679562,0.18441137363165513,-0.06913550636649303
-0.026906927996911592,-0.20012379756675908,-0.044547722744894366,-0.038977047738769484,0.04067424128050817,0.0050298077457618245,-0.004593019179684549,-0.08769517797455435,-0.03415968981230893,-0.11330152038708188
-0.00528758905382698,-0.03046302563766945,-0.1955887825987152,-0.0274542597824081,-0.15519445213781985,-0.04167116033027929,0.16687701520365894,-0.22693123489745318,-0.028249701975316607,0.08388259422856545
-0.020191947488012302,-0.0038031327631825457,0.04408481387139389,-0.11701934314303243,-0.09219920361707401,-0.0634073896580306,-0.07689395044663822,0.0942692444053823,0.06376038464417548,-0.14626350815849382
-0.06504549143302069,0.0715328418316892,-0.06625812687818096,-0.09607415708072906,0.042679622636912336,-0.10348640822020619,-0.1088994252360391,0.09065050371094138,0.0469141633272631,-0.0563880049919244
-0.23642103433335526,0.028768678836431076,0.016048393357638108,-0.004742345265191742,-0.07248115616527387,-0.03859354380534148,-0.06774971423020311,0.016756774441357043,-0.18106492498040308,-0.1508508248352136
-0.07868030856905334,0.051689022174735526,0.014181350892777004,0.16063194170340508,-0.11854412337150022,-0.08228728811490019,-0.008578787475690162,-0.017769750114764206,-0.021216331440790742,-0.014687451201399672
-0.06460251878179207,0.15594021154294943,0.17328818657456324,0.11444101089427552,0.05956451744354664,0.20132125183613322,0.03114376070445947,0.0329650284020782,-0.12604902577748928,0.007726497741940085
-0.07316733727095426,-0.15170512728131022,0.061450727329031556,-0.01654186549456317,-0.06939288635857344,0.07551150965270081,-0.24117236656794835,-0.12310975520903543,0.13411232776080548,0.0922632686248596
0.01944374820752289,0.05908127652468393,0.271086024080793,-0.025059347140094744,0.07097304458459328,-0.11991676977443994,-0.12693299968544697,0.19219587084017994,0.11659495713776216,-0.15906214938007643
-0.0328440202491621,0.01838914599085198,-0.12510772411869384,0.0015763300688422799,-0.1311439927691474,-0.08609932572931418,-0.06163971536193223,0.03541340187186928,0.057400350976389604,-0.20744169368177603
-0.03268511255635953,-0.036806017101234156,-0.10568102061078385,0.21669650791581457,0.1220756094562666,-0.1341595109119701,0.13487577633132178,0.06238641820775835,-0.025324340103939726,0.005270718603486893
-0.03296681430905926,-0.01696591581449817,-0.06212765354749314,0.20208751564605443,0.02570912380603807,0.1037191115955529,0.057565736340820406,-0.05238772916736965,-0.10391781512934778,-0.06131475043254607
-0.041180674410774165,0.11805798322791793,-0.1604352089251105,0.09312127422129599,-0.04800065859350096,0.026017860641623723,-0.11896796984287253,-0.1931047276191355,0.13204997510187755,-0.054322742717471006
-0.08161521685831671,-0.14104457596954836,-0.05589628323609212,0.11361162570953567,-0.119398291235876,0.00966785646567926,0.06715045299698781,-0.10510253002401186,0.13924351481627015,-0.07171997339201823
-0.11731269012403325,0.06563768707513677,0.16833784064677831,-0.020631088977302224,-0.03167165395479762,0.1085571133171915,0.13941115461678227,-0.05330456534987739,0.1752396044171907,-0.1674746329938893
-0.0004191223639876049,0.12965382801837944,-0.05657681431090145,0.04221414240395466,0.08473451467722809,-0.0658312711999775,0.1252884033866036,0.05412577934767308,0.09695316966561844,0.17883462699059702
-0.016078291168207897,0.22001262948444728,-0.014493803539901137,0.10217710567089519,0.02820249579830037,0.16650266728893315,0.2542838747462403,0.06988272662106354,0.01881623172034083,-0.059968628682282143
0.034862945222132874,0.07427754307955939,0.10839873602462713,0.23072514658734863,0.14341351092738935,0.300003455509636,0.2457319411468742,-0.22589736968626334,0.012988676694971751,0.006213588002323939
0.09521938596309715,0.0183052851539134,-0.03744860644415249,-0.021029818728914892,0.05109336536861277,0.15126489027195983,0.12978455732615823,0.16041455861731996,0.17531853743712622,0.19183664135618292
0.043189707239608285,-0.07896475382770338,0.028723468831756513,-0.04917338904463493,0.06087406307665984,0.22009020415990296,0.0848871303521494,0.11846382015598783,-0.06928665372926944,0.261488262328887
0.27045444347803377,0.05855103989761126,0.2376045836799138,-0.058530297483144644,0.11864456176335145,0.1948391972221088,0.03270106764097316,0.10032449823353962,0.1068474063902898,0.0948644719969062
0.032140650498406115,-0.056800511303775794,0.13434944282244335,-0.006398010209006398,-0.07955937372796777,0.2172742199305549,0.05000431060319467,0.2264118042296088,0.04310658251990369,0.09065707591962938
0.0742587587204529,0.01651595172828805,-0.019846764021622165,0.15689708405888272,0.04232932194846761,0.13521238022281876,-0.038247984859733755,0.21761915368657708,-0.02166080309207913,0.07754498006335024
0.022026246517926076,0.0036448058617421716,0.12009103933032393,0.122760114671951,0.04865914707069795,0.009443011889913921,-0.07542510903714589,0.27691944016948056,0.06837922460611803,-0.026276247071352475
0.018152400723672087,0.048918881637962,-0.09099373033145229,0.05757144010402888,0.040280863366188996,0.12136832931628777,-0.05494906770482354,0.13696502271655184,-0.03706669644969077,0.12166566369668366
-0.04126917833517942,0.0036916665014243774,0.12208882233044704,-0.0352954756721886,0.08982797100946242,0.28366547858068025,-0.06184181378096838,0.030451606256091113,-0.017213706084071634,-0.0399782530538917
0.08782860243058646,0.010360207650461216,-0.17414299466862979,0.10285829879386621,0.16722232587238275,-0.08618179356617328,-0.11382361156556538,0.06305308203072205,0.017226479170701917,0.05526010234969339
-0.020503816757479094,0.15489277573358304,0.07263870019121323,-0.006899768735357893,0.14260462487225384,-0.07900464600811949,-0.014129339118711413,0.18228196546423814,0.17928953439985118,-0.01833608714621074
0.07387931090685684,0.08225130698755953,-0.09846057516662968,0.14170594006093892,0.029459373523527285,0.004536439800631675,0.029989349257055414,0.0977608903247662,-0.14168438634053052,-0.0407076968601298
0.14371140196401225,0.18800634611503128,0.028605953540847367,0.07946089514191612,-0.01882975167148665,-0.11843150851827372,0.10981280093906474,0.0474488153835665,0.05829441726574991,0.061838836184171866
0.039056592587502076,-0.014135755184322779,0.13615194748134962,0.14035966991730492,-0.08788391858973071,-0.09513217034745197,-0.05879697855220252,0.0544923243683558,0.0665906888699208,0.1152997148744437
0.021896086030304643,0.06074914040324582,-0.01093429503287089,0.10804076989391598,-0.055881295284695195,-0.03136949174647637,-0.022598275113548873,-0.033303590662201524,-0.041652022653108384,0.013111987545119934
0.10284924899528321,0.05111985267748696,-0.026656098380250987,-0.02992748941209089,0.057001966478782015,-0.03483518553480268,0.1022024060241854,-0.029882767798614006,0.21942120968496723,0.2781918453029596
0.13498489827901516,-0.018367778879524576,0.03863217435495501,0.13817419459038074,-0.029000360202327866,0.06009620182298371,-0.14119552823647202,0.024420465488483693,-0.019023018409278843,0.14362668612563545
0.15552952937813141,-0.09177899077764133,0.079347972929291,0.10986578615877927,0.02618655060481405,0.10088289100168907,-0.0610822659912151,0.07108587305117482,-0.05257326475455447,-0.014460161671747782
-0.031445747747630426,-0.08030994575622392,-0.058347305369029864,0.09141731176075515,0.017297102157718694,-0.13621849740048542,-0.08215667073937345,-0.060944991217227094,0.1632705808841224,0.06816264888320818
0.22964203297358682,0.024649583291078754,-0.10607824005212659,0.159939221362138,0.050193033881973936,-0.012464212530348573,0.06973214134020234,0.02589899853296759,0.0053553358495785856,-0.026587529664984587
-0.014090206436027167,0.10232914456787949,-0.12551087406406694,0.053916999649420594,0.03111023466863559,0.18741812606293712,0.09379160278838465,-0.12003620409477797,0.05253898921304485,-0.016603974895371784
-0.08687439613139775,0.0609642845326355,0.01995897799359446,-0.05419598304194792,-0.05931532364450723,-0.03230597943195164,0.057128543466379675,-0.004904645891372144,0.08290572293152879,0.07631756495408137
0.09349843030088059,0.168375614507394,0.15489343423512358,-0.15058122082553083,0.06307939591006834,0.08065691034344,0.0940178446420144,-0.12151067394812387,0.08562468678306057,0.006650960575937871
-0.0435995853032497,0.08125408566213715,-0.07184679484750525,0.024193766266193777,-0.003855912370682585,0.19644306088011076,-0.1757250234415682,-0.06736563822198238,0.018639839007603687,0.008761545800860596
-0.001569134304823798,0.03799034814716866,0.11808716477364503,-0.07542901121273202,0.09362245362345653,-0.022310490623158125,0.09099776703398449,-0.05342133935809704,-0.014900040483584164,0.055965727273673396
0.013362901030217745,0.057751837942241056,-0.006441601653236179,-0.21331476757102782,-0.10804925527156028,0.048426656612289856,-0.036010352346547383,-0.067099675528046,-0.14704503124641652,0.2528951752507953
0.1741534449129048,0.0825528548614565,-0.005951344493494859,0.044829062004051415,0.04497147778524228,0.03652025629702419,-0.03634059849203772,-0.10975531249450456,-0.07587483912487072,0.02624524557929475
0.042500963750017294,0.1158596654005717,0.0032478704049127664,-0.10682997208400043,-0.09050073979271886,0.0354872122023477,0.06474821807620318,0.051984456155465555,-0.02807567564360235,-0.02079853572267166
0.06815430046626267,-0.1932380954185287,0.08249993011702905,0.11079792662302329,0.004601612538394518,0.07906280604740107,-0.06432979443715263,-0.0129862860012643,-0.022634933421252387,0.19737774435297534
0.01941054318982568,0.019725892816074623,0.1467012649054294,-0.058172423526763536,-0.07018938670721672,0.17150027632721798,-0.016035620817570668,0.03018782162194416,0.13441028947267117,0.0375856934948801
-0.041650805454726936,6.571696318919719e-05,0.1315897625529167,0.04413488895119176,0.07750227208297308,0.18684755205600861,-0.004105259047625161,0.11853927283653971,0.08959731131088054,0.13670172459852076
0.13734864619994852,0.09688841312569732,-0.02391525476232638,0.08248442264250855,-0.03273060237616043,0.18023275888754137,-0.1435743980940585,0.07443964005813566,-0.2517130414879176,0.006588420181899361
0.09502409048560309,0.04117134948523263,0.14639343524738485,0.07328940448860419,-0.12752451949060647,-0.12484632948180968,0.02894937047227491,0.04563689752141031,0.009318129729435905,0.01748137223612002
0.21236578141537443,-0.07151823381414418,0.10026809645026503,-0.04039419393973774,0.10365020096999379,0.0046940934319988185,0.05875194557458207,-0.006116705114110624,-0.10367832282693047,0.06563534585622303
-0.012470107009841302,-0.19669995026542483,-0.01166962480857471,-0.04525135690386911,-0.023711077466337556,0.04576395464354511,0.008350193667036156,0.07162306380137735,-0.12883814063409357,-0.09931027580202768
0.0636159905657428,-0.1834086168568121,-0.1031207412256144,0.07097979710636489,-0.06987997365355608,-0.13525029125904678,-0.11471343959999147,0.06028721473298391,-0.0851867779090835,0.004158960963942273
0.09895720081204426,-0.29349708973740574,-0.2086197972787628,-0.01688370170867897,0.10851311349126141,0.0650871657832012,0.035344380304021074,0.03312051922895844,-0.07493399828397129,-0.1721707750222305
-0.17764003155461677,0.11428472564850788,-0.07023480516197608,0.0465348375301594,-0.016417349768526227,-0.014909978810055546,-0.11636203306922817,-0.016777571306121897,-0.09606805450490909,-0.07785342982700266
-0.143357228343274,-0.05511650442453019,0.05457904930393774,-0.18668891182090827,-0.03943847269680364,-0.037607994442751154,-0.03456491202297016,-0.005740507027611273,-0.06583945445023888,-0.006781507526925634
-0.014015648471957458,-0.06872284060240055,-0.19714341598906737,-0.14839091662418952,-0.10352219272050102,0.04392456952621436,-0.012737811676684693,-0.049269139455904325,-0.04098838391349613,-0.15179865947651805
-0.06233555213328153,-0.05401395421853482,0.1068315043752276,-0.0483459324052572,-0.13000235061369506,-0.12238975803503932,-0.1720867474854427,-0.13262000369559143,-0.12357184749677512,0.047289080301967726
-0.13491188129711235,-0.05997303815139895,0.044702387481608784,0.019859831502459957,-0.1186736701819667,0.03294030788130843,0.026720356796456,0.1850767825348008,-0.10071718670197637,-0.1958644527379708
0.0226272166818174,-0.07170145766761338,0.14382671205744924,0.14676993874023697,-0.19663009379161875,0.12696028317194263,0.011845430293407538,0.007290339758344644,0.0854414358676319,-0.10351385310764559
-0.12021744495940498,-0.17415538009413706,-0.09914288488123302,-0.11684663745861631,-0.07930642829144244,0.1976277593701716,-0.09198380163829073,-0.10175292915858677,-0.08512466713097942,-0.08647442621340033
-0.20059614699122028,-0.03398140080797532,-0.08254380943274511,-0.08529900357061981,-0.05362386396524514,-0.03265914828181349,0.16476563051759663,-0.06109333840842848,-0.06388393751311383,-0.06183275503174634
-0.0517011650395252,-0.11943323991831123,0.05009668472195904,-0.050117679313095326,-0.10830538508827672,-0.15642652313114677,0.08755397708491297,0.05797479922333999,-0.07968388502754474,-0.05693004271001336
-0.0693201199169953,-0.03195128943213428,0.07433252817855068,-0.02522834903248912,-0.1999749376926783,0.16356619846774403,-0.016617923129765077,-0.06020136767371811,0.03165910550775823,-0.14175855385506891
0.020767252929107888,-0.06612999251802336,0.14639433964925255,-0.019484974071664142,-0.04347022009042031,0.08013773636066358,-0.0022306814387763017,0.007083801130809572,-0.02592249687141267,0.09976003042067909
-0.006814044046681147,0.008361356843554213,-0.13376697861869064,0.02247979885286287,-0.08566757114077547,-0.12139433941818502,0.11923863421212183,0.1372279239508577,0.09323582298282677,0.10124208813153188
0.08152605688863765,-0.004492238552702817,-0.13973351403910975,0.14776437118792515,-0.17792219261965617,0.015536173842656424,-0.04511178937461416,0.017408601330394388,0.08097448231703824,-0.10046783109066112
-0.0624157537794677,-0.18340922482558836,0.044514196129825274,0.01894264493395444,-0.0028779044521300965,0.0333976621994688,-0.113428971451045,-0.030588943955243114,0.11077836678869823,-0.0016661390580744867
0.10636389451395101,-0.06533767866040814,-0.07754474113105497,0.0796884478412831,-0.01831644454486704,0.07667080643997806,0.03566188632687699,-0.015044243118874864,0.06240083165958186,-0.04631756587149327
-0.08222155883962011,0.05938680810691728,-0.1494911418364173,0.00379044972274907,0.05012506285362461,0.1628874813180668,-0.10094120435206279,0.18476474462554068,0.14240347020717734,-0.04985962168312951
0.09943323331427197,0.024924294852154694,0.0726465178923287,-0.09294633505234044,0.09042132412080106,0.1602489124752594,-0.2156791670490098,0.09052981088658771,-0.27111305380079764,-0.023959902404234703
-0.020282292646242185,0.060238551327092535,-0.002907821460376693,-0.0291105519343172,-0.000892465004606411,-0.009365651053037712,-0.11470858526599062,0.139747564453264,0.008567961034045612,-0.10254112556690848
-0.030419915056796292,-0.022938335197948235,-0.017086550904285826,0.058505122328229006,-0.06855077240457746,-0.10094091145315737,0.008212112180260817,0.05698537032318244,-0.14663745971612607,-0.11661222643090348
-0.06706097232632185,0.0471919226234063,0.16241469890942561,0.01896658836146301,-0.14356478691467162,-0.01824498976975786,-0.16476272140165,-0.007154356625352229,-0.002233421980335479,-0.08908652324531333
-0.050434181447082206,-0.09605868317376484,0.05721133183251734,0.10204108055573498,-0.15359674308759444,-0.030526511120914295,0.03864694185880556,-0.10911066850832885,0.022511194931074813,-0.04915595997919798
-0.05410870008172724,0.049163997514633254,0.12654447601794494,0.009048371427719904,-0.2070988528763207,0.048033659677560625,-0.002062819111134588,-0.10935405791638053,-0.07449274034458553,-0.042906183167932495
-0.16828635942284775,-0.06011835992768089,0.03685252504235235,0.05790568124746225,0.13162309500320096,0.003981627139232391,-0.16758894386731268,0.036362123413063385,-0.010164097927720883,-0.18862350797680077
-0.12107781358564075,-0.12302760132289364,-0.040024145299232664,-0.08024434584571274,0.06268836766050609,0.16509779497359467,-0.07468886123817083,0.11622205420097723,0.04043763629602065,0.012893905222357657
-0.11974797453089507,0.0360981505787563,-0.10358855191607624,-0.10998918810917431,-0.06309506033571685,0.04519056954518803,-0.1460683707812222,-0.043112042304392244,0.08130738788057254,0.020965480754662473
-0.04255211533329695,0.03005060769573102,0.04184478320261552,0.04466868352873122,0.040015668283149626,0.017998758297881085,0.010072926068299681,0.06438727964218198,-0.0014068006845120301,-0.18629519204720663
-0.005210964113518665,-0.0558731252584245,0.08361501868269589,-0.04324034841928583,-0.07683024507775796,-0.05173058431729945,0.049313928960531904,0.13467160224295655,0.10560298410122336,-0.27922194083231383
-0.10246823108454348,-0.1994316186576725,-0.10559175905943463,0.1647204282926394,0.006773266430325718,-0.03981804410458858,-0.03294234068952107,-0.021869223062620333,-0.008897386881387468,-0.117182373573578
-0.0179571745140316,0.0433703825053849,-0.07063040275842897,0.06191114131143967,-0.20657584340939317,-0.1203084329924957,0.13470492214129406,-0.02315120041866102,0.13437500442229008,-0.29341705994512074
-0.01778368924177727,0.04085838590026114,-0.06251471157412933,0.18923718716530566,-0.01349116786330283,-0.05025493034145366,0.15288106974658427,-0.11415166580545728,0.2348623479624944,-0.2818600036850766
-0.07219135878230644,0.018196383800311817,0.08679985688928443,0.08287134785419753,0.0900219928278623,-0.020273155378533282,-0.037254431339260576,-0.11108752307627581,-0.0996685466555278,-0.013255386577561035
-0.279462491076186,-0.09983545404138514,-0.035926553904324976,0.055027581758733575,-0.06625909611250565,0.06654031401455981,-0.27456962358826714,-0.0037610162750956466,0.2076297267215262,0.0128616202374735
-0.02878580595506797,-0.022380459503036552,-0.005762021166777591,0.11108702006654059,-0.06707239453034736,-0.029619399916080563,0.00654069617735115,-0.017061911486219068,-0.07384343152186182,-0.005043608049072404
0.1317893500167024,0.05852361397439381,-0.11026836631645393,-0.16298531187283546,-0.07387687962050785,-0.067966586586914,-0.18415739222957833,0.0594934988817064,0.16694770819764435,-0.01758737056261637
-0.07223305529105752,-0.09124106285078878,-0.06818486970450191,-0.05433528285317786,0.10297128823534092,-0.07704131831110321,0.0876776836760659,0.1343126867999788,0.05284372777744797,-0.16634493640266423
0.04771932167645005,-0.0797762709523489,0.0009059503400811325,-0.1994371319861899,0.014445574927652518,0.01603340627921377,0.16701514271947582,-0.04400266785188947,0.02734546798185583,0.048072503207803444
-0.11511390824032137,-0.049731240837438004,0.13988288041826738,0.05661749182772281,-0.08564988386647965,-0.04218820325446205,0.059094320814764165,0.0049187411665881685,0.15528201498800948,0.010121171899740225
-0.11001714102589212,0.11418369430335001,0.027163551231341045,-0.05877188729711165,-0.003095399843185336,0.03694267230700372,0.05024764370750563,0.20598325019266175,0.06352581655592207,-0.13127139339005653
0.16615480551014322,-0.0690869449599562,0.10308798523855289,0.0864437655830651,0.013570843724607918,-0.13178761956731902,0.08598015749826571,-0.12453019197359644,0.08090010529566737,0.14403862521776817
-0.0025035211455752505,-0.12042605004086551,0.03870252148891712,0.10639197075274014,0.14249178957004935,0.14245711192559923,0.03111847304551546,-0.035867958357558204,0.0952737308795597,-0.023495437061022743
-0.07664139159713768,0.04695358069549383,-0.0024981859004752187,0.08058866728404579,-0.1434080136575358,0.0781683571562887,0.15854396258808512,0.06621957261195957,0.03456781100262756,-0.055572939326058335
0.15680320307550766,0.12651897039074003,-0.09084396770976659,0.023264547966255628,-0.04402417745106818,-0.005320375401153994,0.14107982060682098,0.01662807026171744,-0.04792062513865361,0.0348041051247672
0.05531518270794531,-0.116384445894895,0.038214872387476735,-0.09656892972258672,0.08206477669973188,0.15822472681784572,0.056156296248117965,-0.006930325190574845,0.029757034347703354,0.21694306221497742
0.07291721412652262,0.051756446705746,0.033483031292231465,0.11668585470090964,-0.18839696378945256,-0.011130595981816066,-0.06204108144033964,0.06937851823793882,0.06395355933112781,-0.06576880745034486
-0.13830777473953193,0.06523325555780146,0.008428330370426356,0.006438100956435109,-0.017569343418495278,0.026120440292982106,-0.011874409962782249,-0.12666685661845328,0.07706400238598729,0.0020472073628575727
-0.017276041954859246,-0.055303758351450745,0.002042929772336547,0.10766675333770272,-0.09109218459578214,0.1429391142151042,0.01736987871249089,-0.11392349558300414,0.00851226340824346,-0.007594102498669694
0.014615218855649714,-0.02246874806602249,-0.07136413738388085,-0.005045858825925623,0.12820286962634386,0.15825862062616725,-0.016617065887988003,-0.12333836660821319,0.1250045594441467,-0.09000553115520073
-0.028710563686506513,0.024849723239986708,-0.17491614879061548,-0.1347592599605949,0.29485278398624704,-0.11293779584485544,0.14728165480509173,0.11328432904244995,0.12732424153443442,0.009650444172299875
-0.11649503370078566,0.04667046584731985,0.01115774449703745,0.14176626528595584,-0.07069685623832711,-0.08127502721231335,0.07189781348503152,0.2410162482116311,-0.11071909450810186,0.015668152681190414
-0.05240618411801855,-0.042790783800631234,0.11703435260089048,-0.08011112854025516,0.021569944231721337,0.0593245162010692,0.022760861544447432,0.007135417547187571,0.04519050531695036,0.07914615341320855
0.12753768266459814,0.16850370149561303,0.13347361476053923,0.14254022411593076,-0.008035517701771078,0.022019206999645245,0.07179017662210936,-0.07170377297504679,-0.1874689649379627,0.3261787635492359
0.01903391123616495,-0.19078848098944812,0.018017878450368126,-0.18121487736470393,-0.17446288546548008,-0.1292280805776228,0.027871153351811357,-0.09914955009627782,-0.09830998291239763,0.1856016067110174
0.12055869169855743,-0.11615778113544484,0.05258424106655768,0.014271090867522221,0.06281735741075303,-0.09517316471694409,0.06068496671474445,-0.19581775510642807,-0.09326609021511566,0.05858651916289853
0.2321794604051019,-0.09241613900956677,0.12024879671371219,-0.28261027464667393,-0.08890764580450922,0.03583364831495571,0.06600352022066124,0.010469781409910436,0.034633925975114846,0.0963418231823345
0.011894364971412904,0.0569545595002498,0.1095267266948128,-0.11356571913275652,-0.11549226710563058,-0.05332625111887765,0.06579315303396187,0.01853640899888015,0.010789296604794017,0.030653418925926792
0.0027947314090595206,-0.13563937973377133,-0.02818949528931816,-0.18526341772337163,-0.15586504139303614,0.06183013538203313,-0.024236418183618436,-0.05330975679829005,-0.19501680175520358,0.10442583956304143
0.10729351434278964,0.04258286219916023,-0.07955625591678851,-0.09423606066169823,-0.12718550475264884,0.016451728764879176,0.056043998923958394,-0.04717319984554291,-0.04542445560266768,0.031425835004257774
0.10797968861920063,-0.11255086730373491,0.04736512740526227,-0.09528343651160576,0.0015404793625886856,-0.05400502885355225,-0.054368052444550466,-0.05056309132393363,-0.11449490757137898,-0.055969879310625886
0.06070041436895798,-0.16704943820119564,0.1784314020518626,-0.14153237473191743,-0.1485169308295406,0.16030996665499483,0.03302770773636221,0.17157778477609664,0.0490790035009742,0.12388610431446183
-0.11710975572927111,-0.21550446570301698,-0.00825451124225879,0.013487739615200528,0.13668316199889394,0.17142843486677783,-0.034801124752876146,0.11878466427561946,0.007272213950274262,-0.18055085440870727
0.02487607523416758,0.04047123657098835,-0.05766065733759626,-0.13034474736332552,0.12272559109036577,0.08583300429342576,-0.05627045412703608,0.06719948035126574,-0.10096162768729573,0.1105140555339246
0.0010677044117351903,-0.14764352290755106,-0.016366773450191614,-0.23130399529209097,0.1966299653785034,-0.06617734487572602,-0.014462456125352761,0.0999514276054577,-0.0829858187031938,-0.012893326480752886
-0.026734600273754707,-0.004785506130335525,-0.12412559982709334,0.015941320090978883,0.0528629673140756,-0.11125933153788567,-0.049219844179981036,0.07018061402871592,0.0157793727527671,-0.18592777606673924
0.13120884931802126,0.0013082707683586652,0.05019768134674275,-0.03230729652519454,0.0879615609345902,-0.10469261400855112,-0.05076479975493191,0.26043009995530436,0.019572625005616726,-0.11939395806244119
-0.14158665088691316,0.07670372632371156,-0.13265291120731848,-0.07815814157249126,-0.0031066782100879764,-0.15797007850315603,-0.028520365206067006,0.04578047833144914,-0.11030169526833254,0.08129646440767246
0.14709979582181093,-0.0785166501401398,-0.07166584146876409,0.068302725012978,-0.17037358093669325,-0.15034966849855383,0.03415350123073129,-0.09044884230631457,-0.2091239771686072,0.11788673645210626
-0.15065727622997974,0.03315301348126609,-0.10465564234963168,0.036976407733154984,0.0123272862754077,-0.02202467923720032,-0.04612758526216561,0.06941135546789119,-0.02616150308737073,-0.20653591344408653
-0.12390829925239348,-0.03141958535532357,-0.08801668179018378,0.09559307907930435,0.039095385135141214,0.12412324596345303,-0.17090708943711938,-0.05435330648362623,0.012137348522561667,0.03738987288692011
0.008117418794357355,-0.010160163167599233,-0.12577997532672075,0.014500695272572308,-0.24994388222090308,-0.10419525675900652,0.08543413172735846,-0.06344101188140425,0.026677686032151357,-0.10928686518498365
-0.07112854369044165,-0.14148085200537633,-0.15261438154888846,-0.014052643030375088,-0.06229817656443889,-0.04108683443953126,0.07418816167060352,0.05714069571684109,-0.24477482716636054,-0.12822256954485145
0.018106311064872593,0.055468207918009965,-0.14820101425176546,0.044036590628285355,0.0375338714671315,-0.05777931674967232,-0.05550168759649649,-0.01555634932319911,-0.11480554894922437,-0.09580141842219637
0.04445294165576642,-0.03205016175429546,0.12125033004014849,-0.1043504584347764,-0.07063113223691685,-0.043859848262685915,-0.026976028803291835,0.019774564297305716,-0.06158634757258679,-0.17311703553306867
-0.15420132328123123,-0.04310762567830469,-0.06513198716935663,-0.16253511749407673,-0.18712913774346274,-0.12073128727497351,-0.10082880903772883,-0.1928452374536661,-0.0018481132278553442,0.015575178848088268
-0.07472648559540282,0.012312801306145482,-0.08213930742331288,-0.08742565238301674,-0.19051000515568034,0.011962643447814385,0.0027933809399736456,-0.21867302713616268,-0.026654293585001702,-0.0954750957947582
-0.057592312665560225,-0.29662550910420266,0.08028948797097106,-0.06801302196820093,-0.11569836413483722,0.010777946894456637,0.00876162796235097,0.04041751660178074,0.04332677125397923,0.0204007970377844
-0.1993001637205003,-0.03519775795931189,0.07248073221666888,-0.24284895138645313,-0.031510938796170194,-0.20352507926384317,-0.037781313692382,-0.07892242797995039,-0.12839398379148204,0.011931343741077585
-0.0996180428356537,0.1582205190562948,0.19457558922945295,-0.011409688334521606,0.08606640493666891,-0.0662879587690406,-0.07277678169983,-0.14789380414144804,-0.05926935501465635,-0.09789897371762835
-0.0748011787827847,-0.18160361533351876,0.01824514595757997,-0.114938996729331,0.01989980323327465,-0.018458525449151046,0.22515511809491018,-0.00621595821290763,-0.17286541404280673,-0.08183710699111701
-0.054035781603838554,0.01695697869389537,-0.05619547642839884,-0.12525981278700432,0.03189669778840626,-0.15641895633888578,-0.05769248898538558,0.14457360840437317,-0.06985350116948602,-0.07413872823868885
-0.11298581244790243,0.14763238671292098,0.09516965059449828,0.0461221833619016,-0.09543555529146411,0.06437913905460237,0.0251197557295535,-0.17603217246577302,-0.0990164750776964,-0.0028694491648510716
0.054110984555856736,-0.042293485525449266,-0.008864722260470394,-0.04050538881586509,-0.187197999429445,-0.01477962518194704,0.13002482813274116,-0.1624144201415767,-0.18446731784550666,-0.06626413099376398
-0.04723385693364031,-0.06344699780257199,0.08008691955020839,-0.015079676147482568,-0.06926016575406592,-0.19351082698318106,-0.0069835033677452165,-0.1665886270329141,-0.1020898300658734,0.08278243303244619
-0.031237440153114505,-0.032853918427929237,0.11570058219652665,-0.05616071080267263,-0.11344445928323112,0.04908876972272174,-0.008502599734191388,0.004119505224118858,0.17327018523467824,-0.0907920464843433
-0.17894399713766793,-0.09558865935836883,0.0010485751248575613,-0.0013895664186141868,-0.010045486683067012,-0.11213030926867062,-0.07442662738117456,-0.056375365078834824,0.012803164883221758,-0.043207388248773265
-0.1308792384414933,0.1302603588060491,0.03184978316620584,0.10074934473725596,0.04994345625124298,-0.08988603021994382,0.1365859649795355,0.007708160513083762,0.08432158752295364,-0.046087088617435525
-0.10731764594688842,0.08797370627719907,-0.04186567388279393,-0.09412276533844838,0.03252606832683409,-0.007412006285798321,-0.16956184382842543,-0.13971301052834656,0.15326650773719763,-0.0034287466357754547
-0.19347731404912738,0.00011512780302945502,-0.0696271664857561,0.10627911551480583,-0.06730991525140996,-0.167886912196012,-0.07997395779289283,0.14448115030456624,-0.08115373403787224,-0.11146979630477426
-0.09440273130944123,0.1168272892313178,0.056430080154418485,-0.042918141319605724,-0.07668185924556106,-0.20180746266249594,-0.002944527098056454,-0.02958541709351331,0.07496778528566822,0.023017441166336357
-0.14090867776008875,-0.09225863802339268,-0.1819625592832878,-0.0020118193997107053,-0.03610167953947446,-0.23113712124584035,0.17596616834167733,-0.07445329997039256,-0.012526876792810136,-0.011016268040377654
-0.3781963757824782,-0.05271653402081998,-0.1462344332581869,-0.050455509381973254,-0.1235965582919812,-0.2858459114324885,0.09635769081783066,-0.06621858331948652,-0.15170869325639055,0.011187766744102446
0.021341345043971963,-0.14786569177065859,-0.060133283840384764,0.04673758969859651,0.07654380049067058,-0.050713230852699506,-0.007285765615143115,-0.11764170991469267,0.031880497400578175,-0.04261537532440576
0.06567479193527037,0.0012586000597880342,0.006068064710330362,-0.2947806484648381,0.1256508251165633,-0.20850301521993359,0.05889649006277123,0.023597746209649134,-0.08008996166437632,-0.14974315673710092
-0.03849301940068452,-0.007206793396734176,-0.13544723084476093,-0.0376858109301605,-0.051794541485161875,-0.08704153473611277,-0.030255339942589637,-0.05866022613695628,0.10147463305388317,0.0794417432457388
-0.025798989052908845,-0.04367903208151334,-0.21598137750488955,-0.07173520634114502,0.05891168919970316,-0.10544162056075133,-0.04505943094090403,0.08984509752049205,-0.09564644814338868,-0.029133401636095055
-0.05368909869907587,-0.010205919920557001,0.16710304837177495,-0.023851074678946548,-0.15123134210010122,0.0963645933671611,-0.1688359237951237,-0.005283363502135166,-0.11245837624774568,-0.12108154291919448
-0.2653397910785491,-0.14725359113000422,-0.1375278342826523,-0.017492887990103803,-0.0584024507456312,-0.06653665649756053,0.00418838331670069,-0.00692767921289918,-0.2264218202329314,0.046802833571630106
-0.06251267982268141,-0.09780606798923525,-0.1704337308842912,-0.26420195745313557,-0.0697701498135683,-0.19419640047661504,0.04672560010460041,0.00966452539097728,-0.016448800873753777,-0.02145319627367287
-0.2231546721219359,-0.26619885873673066,-0.0378349640620973,0.02879307528515658,-0.19179715890395954,0.01450465225066691,-0.18076205971836018,-0.1625741624922155,0.12190140844251485,-0.1999778745957171
-0.19445389292366227,-0.16706117562582015,-0.038909357097097905,-0.22290427854267947,-0.014728485140595035,-0.14024533082122975,0.013002917309248005,-0.02136014039105852,0.0678781662612769,-0.048923635166863
-0.2599611281745462,-0.08317119682050311,0.15084175036134598,-0.21051534509172484,0.013554770321332357,-0.16304328948107122,-0.08919933479712941,-0.1494416999775298,0.031456560275294615,-0.2344923084502939
-0.14709346918641875,-0.18717341215832384,-0.11421977782598176,0.03797997157908732,0.10563813578674926,-0.03494404005799254,-0.17163035693135026,-0.03799912528242877,-0.017024918898599892,-0.09183257262189098
0.12861739972350594,-0.06399102137689246,-0.014132748089448276,0.16263041149573204,0.004589434826577261,-0.1109573008227125,0.016600338146780913,-0.1485017905629024,-0.16689338141962107,-0.3289605291677423
-0.14232654451435267,-0.03847902600693625,-0.00683741187340884,-0.2266235301695165,-0.09964415056977692,0.08552291940893664,0.07929521296677138,-0.0512445469428066,-0.04026607413107708,-0.12331921177180916
0.0643262470359547,-0.1388711418391776,-0.0424678231009191,-0.06039619057108152,-0.16441644110835968,-0.06464503565679566,0.12490859080403388,0.03957076262832074,0.02086303942888676,-0.264087487989905
-0.0331015520625994,0.11376754988347437,-0.02752910098327406,-0.19265724211677224,0.05363076724485424,0.12006255794161236,-0.019446615015644216,0.09429220959192994,0.11960754482841257,-0.08201213707302642
0.05242900096671324,-0.10362977255099451,-0.17731485900266547,0.03871316013628457,-0.13338809155965115,0.030080626508218987,-0.016322518767285805,0.13142115086559647,0.029544068681646336,0.015099643065605545
0.07370777701564799,-0.0688211386963927,-0.0642390986759166,0.060530483340404735,0.00681890032410953,0.023776615893324797,0.02247368599409285,0.12073792748084188,-0.12940432305925192,-0.04887034291181138
-0.19546855841017527,-0.20051798907223511,-0.150561210805642,0.09114375053087381,-0.06984764299272152,0.025440105041039145,-0.039826644522237095,0.3020430351639287,0.17311180571969664,-0.03648669109677638
0.1159895199914972,0.11265163301631587,-0.1282330110288145,0.09832513424811823,-0.07184591620021574,0.2039236121124295,-0.12011951029465116,0.12800114622851028,-0.014317068406984386,-0.09328546948063111
0.061339600556480856,0.07826036836443229,-0.32424293177576413,0.08816204836105072,0.08559614603217391,0.07843526501864943,-0.02240529326659701,0.0731722466544526,0.1858517946985504,-0.12515313705123704
-0.11471798571331367,-0.19113448000865518,-0.04264234494791625,0.10991808543141299,0.09862660090554415,0.20525872858970984,-0.0069004503013653275,0.06072656202536123,0.12358519785500802,0.0292400591641409
0.057858270825286134,0.08201407210477892,0.06415832079755296,0.06723265841816983,0.15228121291667263,0.1963019341948766,0.05711833544362829,0.20880860313886793,0.13689068033713722,0.12429247376110254
-0.11314844341532321,0.06162556112577042,0.06436431318318896,0.036731613082711584,0.1475739386687887,0.1209956132755305,0.1699298375050434,0.12344157994918846,0.09056692300965896,0.027519357226254634
0.04195604026411441,0.154469773551582,0.10335102781143608,0.09814565926101203,-0.013219062244632943,-0.05229206882627217,0.069363550511527,0.25739753784875374,-0.01964271093843309,0.16816995878134003
0.1664112376467982,-0.11910327474716725,-0.06606880590101566,0.05937201562516672,0.07630101804365666,0.05220427797775472,0.04343128622008541,0.11594151043522785,0.12502417807604518,-0.01223565505432092
0.0709627568089064,-0.07881562670565487,0.14925245357770395,0.2031954761666674,0.03822820218018476,0.12785109373702572,-0.1291817458384591,0.010232449545259453,-0.003161603961577719,0.023525077191094687
-0.03922218446480022,-0.07529445819649228,0.07123734853549056,0.08379026384268595,-0.043919397738529035,0.06457377989679693,-0.03699989943560199,0.1905525245951164,-0.003104129620824757,0.16469601607305157
0.04189318858621772,0.05309019706927336,-0.14601494759690561,0.005596597517908378,0.02348234148847552,-0.09641425327648062,-0.07069696612863091,0.1855624990173731,0.09552736944519954,-0.08991863456910654
0.08100638923490315,0.04051667911199297,0.006307384341068055,0.0706976035067586,-0.07169033975606176,-0.005750875774085535,-0.16879809403531293,0.17475180159467213,0.10701627922837131,0.050535534072951555
0.11852957346554262,-0.10116217071405781,0.10039171915560482,-0.04776614148375355,-0.0625493526929024,0.03417159336573562,0.038176280691415945,0.01769258596985324,-0.014932965973210546,-0.014406283258172376
0.041545853917125064,-0.07343170726295697,0.011977362360277237,-0.01803883784425995,-0.038637835831175034,0.07747144258616809,-0.0008977091561697542,0.020046947821609012,0.003967966734816683,0.1573480538299455
0.0071452377189534025,-0.05990856051414812,0.017221596494718078,0.15682557734897318,0.057855635158940114,0.0035893812330322385,-0.07358463629119644,0.11355185688689484,-0.03779051094559572,-0.011116164436649683
-0.01662805233571303,-0.012727962513221808,-0.06381490820427148,-0.020116863155378507,-0.05951759052790926,-0.029733629889408746,-0.06900304009569522,0.01702276249321506,-0.11044486440544192,-0.2704242728217388
0.05080968127826418,0.14190424511620084,-0.02654191633349423,0.08856479851838113,0.18543127887144323,0.1094985673162677,-0.23687113535652327,0.07519322850345334,0.0067859459465653485,0.03344298833486206
0.16529020360676988,0.020069891042818214,-0.13053047923006167,0.16290941050566196,0.0739885842353182,-0.03935449890520405,-0.19316696407158512,-0.07643730962348723,0.007360498905463128,-0.13553507064640757
0.07600477729266475,0.039219446833044666,0.0611165444232319,-0.09044498405952868,0.06755567600923461,-0.07622617781782781,-0.07781248289665733,0.05695715699269226,-0.11634150046461576,-0.07535340108717516
-0.03691212959852376,0.07446726117203623,-0.064584171979167,0.10032280496162563,0.1546979704400353,0.09337007546220885,-0.18220093581223845,0.26868632159320127,0.11468668270133446,0.04552011012943975
0.1451728536047465,0.032381351702218085,-0.05656727427085473,-0.019535180242413422,0.07201845315482253,-0.10582772421257847,-0.1359209228202051,0.11937617357525743,-0.24692065043493439,-0.046539652019866394
2.720159807154468e-05,0.189355964286877,-0.17972772685885685,-0.021959865094679946,-0.12365760903004257,-0.010180132206148603,0.014375257548598771,0.027327257331280302,-0.07025731490766014,0.13056960896385833
0.1789542796612713,0.0865091408311354,-0.23495390196197055,-0.10639202680691281,-0.09466383924323615,-0.029439176911092223,0.09796346248998533,0.006845348457287577,-0.08275499369790562,0.0006607672134860496
0.018487762986493825,-0.057431953562055174,-0.0785284411966186,0.004571867026164821,0.008946362613958835,-0.14737013267533125,0.06701024183685102,0.09457380649388929,-0.10044507644059653,0.2026991970852467
0.14988638037976768,-0.02334703031228346,-0.008191819708878941,-0.066628531534565,-0.1485455918393646,-0.11860140990176823,0.09814011212383722,0.0661812983429863,0.13806119190335014,0.0004901470886672088
0.00700980508853169,-0.0347296626379372,-0.04136701293002185,-0.029799369261157192,-0.045317638679742214,0.17156657621427224,0.10306425656893785,0.03164752957723415,-0.14514624698186934,-0.023894735162037266
0.01163768760808094,0.11520982087550932,-0.1317028361025645,-0.04877246041850683,0.007411102664869046,0.117494478900491,-0.043141165555667625,-0.05460303442717276,-0.06897622201483734,-0.1433680781260152
0.1298839612371339,-0.23834885058318125,0.1935459636632916,0.0888610385092988,0.04465317347848663,0.02805218571191563,0.18091195318083855,0.139500505463435,0.05715166945283463,0.0114690881574005
-0.12706551016420672,0.053498549180022816,0.07248571842476143,0.22828952415205356,0.13355617321293564,0.03314497476715644,0.1941619480072673,-0.05625968849616916,-0.06853078633433615,-0.046988378873855104
0.03435724634378799,0.04738161266973001,0.06607173001143771,0.013586067547323269,0.0711789277520523,0.14817863843361806,-0.06939100413957944,0.21407564304962948,0.06460521966199259,0.05807546624188119
-0.01832073229833902,-0.029251542489593236,0.18292916429655895,0.031038423606639935,0.1972074071354878,0.026611223750425052,0.16526487393927747,0.043195518388942,-0.01102279404589876,0.038270828338658226
0.05004827737320851,-0.05576976077970463,0.11478621132663258,0.0220927306600077,0.1863253318732782,0.08845451602040451,0.2180035917551289,-0.022885490239252196,-0.07889700147473722,0.23023067979315073
0.05787501061450852,0.013148572743119365,0.20361134076686843,-0.016158935641419896,0.046992605691245096,0.05283743364020208,0.12046298132827511,-0.11141868246714123,-0.15960675215832368,0.21380429293996367
0.29230294838037774,-0.07093258387421403,0.2209977445005619,-0.11063392302899991,0.31016297285224215,0.07572713935888394,0.2087836466369583,0.07358884094255623,0.002254140502780031,0.018813234315209967
0.11067423254168623,0.08243939837909878,0.032138074204657086,0.18771142903920957,-0.2138161455702986,0.33058769970474666,-0.04741948543578886,-0.12109015259533996,-0.1324263096212904,0.13510195095146046
-0.032858887940096185,-0.09267173575720591,0.03501157953432496,0.12578937192251927,-0.02257984600223776,0.08210454243700185,0.03209716478418364,0.141334987665508,-0.06543479909142963,0.09404598428726813
0.041101377630871884,0.34072921050702654,-0.029128242277293548,-0.021116163430077956,0.018516253785748414,0.2280745715035185,0.03492130717165734,0.023422572956416282,-0.02766580955147424,0.05980470485738151
0.14131227532942497,-0.0331419755877866,0.012339062534345694,-0.10121394937078888,0.13434054736242418,0.09233907107050439,-0.13148605451432394,-0.048808500530410276,0.09031459504347014,-0.01194162194335728
-0.0015622125997094838,-0.049558139703607125,0.0622103957689927,-0.08108561045163484,0.13706227351270833,-0.01974455443170542,0.0855056249110695,0.09662729380589241,0.17734104365371325,-0.07162193223827737
0.06715144154596941,0.012760153595212154,-0.09079790307454991,-0.03836031727433799,0.0189366206252488,0.0544175209817359,0.3305966759092183,0.286759722754938,0.15882524486401237,-0.05980078612752292
0.12171302687934059,0.009487378718180228,0.031736628050485174,-0.06996022496497886,0.2569673656464462,0.0908620368324918,0.12643402305390672,0.1593490182863697,0.03186308263229734,-0.09487039520594515
0.07478014773468593,0.12456112572735603,0.20607378088662973,0.025099323911958633,-0.023562008179384086,0.00990359792441979,0.3105572026077227,0.17556584924161078,0.17552470190949349,0.01686628114354634
-0.10635503590774935,0.14815021961616648,0.0298122823047966,-0.042569393996237714,-0.04029158464869727,0.24050466313848587,-0.0018350425886292793,0.1404327859590772,0.1370185191605812,0.06531371156017496
-0.05811165614735833,0.11263199441425838,0.23554414523912265,-0.029083722476602153,0.0455735810182034,0.14818128476398756,0.3205751012117194,0.17510537511432706,0.11098518190043623,0.04108781214176619
0.0073973349354653035,0.010085874305551273,0.026214217731835826,-0.05610083546153263,0.11456626799344677,-0.0382864271914765,0.3223417077360431,0.11714608087532118,0.25197619810649385,0.16597697785329324
-0.17921719776295597,0.07362415290281946,0.21790233677375473,0.061843088284932846,0.13191457706517884,0.16625915515395515,0.16073567437722677,-0.0504505368543092,-0.10080963460769032,0.10175300778189017
0.0770870240320493,0.1346603102814102,0.10152004108340126,-0.026964950164999876,0.0026583584871993637,0.001216044168961164,-0.025697930536591307,-0.04963499279073362,0.17224248429752492,0.07517991005983064
-0.0037263914069366535,0.246625677545376,0.21298786604614495,-0.11400250238446832,0.03748571581648709,0.03403432487287487,0.1598851224913435,0.052792622860380486,0.12630664007486903,0.25097708860342366
0.006745249519425879,-0.001904260497778698,0.13846814791189815,-0.07339327307479762,0.2471939438903666,0.14362214068874143,0.1671164760905347,0.17857404371437174,0.09152028205003947,0.17314021357651738
0.07168899476601415,0.18639394756474253,0.09479386410193061,0.11516618079117491,0.12623403380131623,0.2278473454088729,0.16610351984547167,0.12339969154175341,0.015174730303402072,-0.00234715372695532
-0.016538911996270354,0.11214261947769459,0.17714275434711382,0.07264282786254535,0.18378322649491685,0.1740751534231348,0.1517430844045948,0.14575999610670703,0.17335447770660398,0.08590735296194724
0.19425415790754513,0.03351891557264161,0.017605696891626277,0.09047548898733106,-0.06437112527324021,0.1212705810341739,0.09287896188067078,-0.03466333286835585,0.09641472680236297,0.11737219108017155
0.147945410341848,0.018999809580774837,0.06904230734211686,0.0032860218044462597,0.08188905133770569,0.18408249789258102,0.0590261972288079,-0.07723136973910824,0.13029441660983437,0.19320752613743702
-0.04293776491804886,0.27010671294929806,0.08571492523219607,0.23421042944830178,0.029484954107851846,-0.04433750633987793,0.18446890510688205,0.04151210840529539,0.07665000445556112,0.041548955801814835
0.10286579058286527,0.11859054800859534,-0.13573971888193576,-0.008165719707307062,0.11351057989201571,0.03382556016030931,0.11961908723771836,0.07575673082755299,0.11989991238706887,-0.07364832126926328
0.006015632096918598,0.021788559053522435,0.10704346992942114,0.07513630650679576,-0.02035921527971736,0.02893957010876371,0.05443772828070582,-0.07171691108934852,0.15334330626562723,-0.032327904249428
0.11073940705260019,0.060198265290407976,0.07645382372290505,-0.15256570324274052,0.002579800117033265,0.020187681371764462,-0.08255534811438085,-0.16805880889910174,0.06403731371400238,0.18190926267808877
0.09583316656104311,0.07374927736270578,-0.05503294807662256,0.17118756877813004,0.011568337221711654,0.2365501308914661,0.20894572702875017,-0.10360977737076733,0.108584115623598,-0.049113111656276916
0.17838756379520582,0.03516414684668567,0.07848849611069295,0.04006571581674854,-0.11326932539262574,0.1454846177633989,-0.09878980002110202,-0.007135444326719385,-0.097254039134199,0.0022759405317783546
0.010388585308439814,-0.08830867005276524,0.20417795669077504,-0.004344037930222521,-0.06818234538837573,-0.03804276222817518,0.10688070446946416,0.008322189029311304,0.0342493831532427,-0.04702048816254874
0.012012800874912296,-0.11608790792270171,-0.030461524231601977,-0.18117096077241074,-0.0034269250896315946,0.02982143569092134,0.0051282219262761865,-0.09092341417467809,0.07728291565970884,0.08202827696629969
0.03309221858773122,0.027117824236114703,-0.10801127273430648,-0.0839619813260738,-0.06379875519383303,0.16697210853304054,-0.16226645395526043,-0.0006172363599528177,0.12999394547481263,-0.07197785407909266
0.01009759465838488,-0.051760310063672973,-0.21013072144648212,0.03135991722949483,-0.006580008699559707,0.03170566290939961,0.15750228172401845,-0.12007663129353432,-0.0634100965235664,0.06506053099289208
-0.07495366297120663,-0.11259757295185531,-0.07560699637128451,0.1802079476297048,0.045306868403774646,0.18656362073032276,0.11377868533245916,0.12975202505522937,-0.058728299371817554,-0.03399948660857746
0.07694555263411454,0.07395026640864666,0.25274861431829854,-0.04958001894371764,0.05564328064079607,0.14442618940695767,-0.14208399392533677,0.09554313756914695,0.0851629240701843,0.10682888291395158
0.02370932031648868,-0.13893989607122764,0.03302957641937151,0.1453053498677851,-0.015728510738336234,0.21932082662665559,0.04383153492203111,0.10605401948273543,-0.14557505739407206,0.01333554959210794
-0.20765938247726556,-0.015964030467620852,-0.05908372005965346,0.020543446896758275,-0.052417596264060506,-0.08183307212472937,0.016417956190219497,-0.02539707784379333,0.10621253771824697,-0.09163254143953425
-0.23736469737931848,-0.040693723687370835,0.00833502244620611,-0.019704259019049847,-0.0670350552259578,-0.026640997343716253,-0.051341549883554397,0.16820265400860723,0.1267716168370399,0.11059773460787653
-0.12374569963512873,0.012935335048779209,-0.1309914024531501,0.13907724090486617,-0.05978876802885707,0.023346130365257803,0.07537971507116151,0.07791777809615986,0.04276424953642855,0.006451540524461924
0.11267117660829343,0.037688562083170764,0.021620426705115523,-0.14971465191861766,-0.14610209266358992,-0.03830810513363636,-0.011430465513164246,0.20327958648918676,-0.1394711011955762,0.12422387882321345
0.08747118474151899,-0.19448881100628038,0.02901666691975944,0.1381625981156716,-0.07050577222878168,-0.11812064460184254,0.01835053195022259,0.17482654946213555,0.06568342772736054,-0.09289799767432104
0.05756783333548755,0.042519912304976704,-0.0033652841966090776,-0.030674104617409853,-0.05504580639333505,0.04508806512002013,0.11102490944796559,0.17338374715852703,0.059053913526885035,0.05876124338972315
-0.010176584622532577,-0.049205310755183106,-0.193940283182377,0.06653708026412009,-0.028233191301884397,-0.058972006633936785,0.011619308234857156,-0.04098955172487487,-0.09051541064303749,0.03947433742900616
0.020158437205148802,-0.041110460584156974,-0.13403569115713584,0.09879769259997837,-0.07348880278783307,-0.010029722469609613,-0.03862532361692454,-0.038217322471697866,0.035329142920557305,-0.09572659817601238
0.07637338112408945,0.21672455512026595,-0.0797651498694179,-0.08710843822399982,0.061511831924013535,0.07884837419558521,-0.1199624386113809,0.06886140536022325,0.020622599501869406,-0.07890574685166009
-0.034805921734167675,-0.0462174542274727,0.04116856013158575,-0.024519761583328675,0.04458677459087779,0.06055522119345163,0.08256045164627686,0.15648803254772042,0.006753505690646882,-0.0072528827910820475
0.11624835689287065,0.013059431508238562,0.11822973849841747,0.12798141946428088,0.019066085322003715,0.05610673758361527,0.01630457411396142,-0.09915300650267923,0.012969896667217559,-0.1146794557895213
0.1482853187194543,0.06792479584227185,0.08385710355771882,0.10579513334679856,-0.037594401214017366,-0.16594665528000677,-0.008689533460918483,0.08586061016133044,0.002868082102699134,-0.040709325015993045
0.13781273293717677,0.022618429038664453,-0.20181231236949124,-0.04720108293932862,-0.02335662562645021,0.0923047803325287,0.17441675817044094,-0.004306324045911487,0.03769987504966501,-0.16207346500907518
-0.032207856507651816,-0.06615326347494715,-0.03627157136244288,-0.0928272181100104,0.020905205039800045,0.12195196328397573,0.013399510736439638,-0.060367707286356515,-0.14532844937088515,0.053609909196908376
-0.006371080591431558,0.042307374679991246,-0.016016604234827397,-0.01021998630291472,0.0285347006609715,-0.04246469056832791,-0.12190108020680815,0.06492439866108535,0.1638136766162656,0.040012455344793495
-0.017856777138402613,0.01302779890589022,-0.023820952249788353,0.04368695168731939,-0.07966152529855534,0.03671530917110917,0.20819436684564538,0.06239551537162892,0.027666108415913163,0.04450381031451916
0.03152675920978824,-0.17617662524585864,-0.004245990781639242,0.15023805924727415,-0.039664560295456563,-0.0019420195661265967,-0.07829434402093535,0.0317642850007467,-0.14223831164417225,0.23036751544588968
-0.09077753908700335,0.07469133162671669,-0.07124842315099214,-0.03696260017778094,-0.06179025263600628,0.013703524044298202,-0.04427849457357034,0.28633278917395133,0.3087671005827244,-0.1765161887033465
0.14314702138551874,-0.0676927102724076,-0.022866062408641762,0.040390800074140885,-0.04162653043666663,0.07473310573524838,0.16103464653018185,0.008325034643845961,-0.12432244453220836,0.01449808175746329
-0.05860769903821684,0.06818138755592024,-0.10449055908026281,0.18368943870703458,-0.05970112006818396,0.13587949147670697,-0.03109965386054596,0.12810699068068773,0.011954259966323771,0.1371028179388099
0.032610467847558104,0.03145908035047082,-0.022097403850851956,0.13474133897305013,0.11823821881479225,0.013729051016366404,-0.09985937428266205,-0.13593502507798028,0.05789808220186371,0.08012307761111745
