T0,T1,T2,T3,T4,T5,T6,T7,T8,T9
-0.12388483066384222,-0.09392918636476377,-0.03719301132330688,0.0782466150312442,0.017893695089193917,-0.0021884320077511163,-0.09743890253108109,-0.09504211687336672,0.05175895690590099,-0.1801004701482197
-0.17252671141470344,0.029494169011982443,-0.12150051352835815,-0.07263784628344552,-0.07864511252650876,-0.12246995850813124,0.046639793159085806,-0.25165316910440827,-0.06200477140930696,-0.14273622616698353
-0.20819065718544572,-0.2546034047911363,0.08218458917856718,-0.059452595384631816,-0.021553023297962305,-0.0276988304104083,0.005576235198299848,-0.20363985151071962,0.02735042195328878,-0.10650676041225893
0.04290187535661366,-0.029088172572963977,0.05267439900441756,-0.18225852872329362,-0.027591844729182607,-0.051466690885009866,-0.04556831894217144,0.07216185653441587,0.05724906497285975,0.03423798189895993
0.013308369765476488,0.056463186549968764,-0.12452030875952416,-0.06808288756901844,-0.0759580257460646,-0.010750948432684523,0.02406064565743341,0.020049795386052366,0.13563513967454116,-0.04928881654844336
0.14368552830557735,-0.030892299100812096,-0.14526894900315418,-0.12482097288630098,-0.16449521597574987,0.06027900789111321,-0.05062388573535349,0.0745774296676414,0.012749910662845322,0.0315543854079424
0.0646625725401377,0.04520804027767725,-7.544009849822994e-05,-0.10138712805757426,-0.05963347003317197,0.07909818352767364,-0.10678235182195843,-0.07032094905010616,0.010182172612741718,-0.06527161524996838
0.09771139182644578,0.1361415835391067,-0.07025939379398749,-0.09091960909815479,-0.048603745402738915,0.013748328611963519,0.0938037451777406,0.05280731343092312,0.08112344693531187,-0.09722310716960816
0.05316455555738367,-0.0373037347557999,0.025035158822084926,0.014370174294069168,-0.24159440138433697,0.010516989103190478,-0.0821803265106803,-0.0592604263048788,0.06508654509769285,0.007381492842544536
0.004873229808646122,0.0931513338365891,-0.06669429915540465,0.0025395621299137278,0.005833726140632156,0.12875885438474824,0.09859926693262697,-0.0457965319304303,-0.10426099870444942,0.04573705750927094
-0.013531098247773349,-0.10903404780020742,0.0026611348731195974,0.08177048496661087,-0.0914396190085639,-0.09400684218358045,0.11024727299412543,0.12487744914766465,0.13834128030644122,0.014366256547449162
-0.05563368000808317,-0.07516054265340699,-0.03630984378315229,0.084609599625757,0.08491679650806364,0.11294374046361225,0.07313495820804142,0.053312847670907486,0.06714331331954546,-0.13399848723270855
-0.08950636388266464,-0.0473753900400634,-0.10624927740393547,-0.12736675146339424,-0.00497417928727127,0.05357751316246887,0.02451914888145918,0.14616831349923734,-0.02436680236025968,-0.016672144068889262
0.04964035934741526,-0.07127526001041767,0.027156576232968854,0.00252911212401322,0.07843798871743035,0.1650793999839858,0.043655204492703596,0.1331237780154168,-0.003992758684966109,0.09983401328435973
-0.13208297808798314,0.056698872545482275,0.07119576435188645,0.09907650337736579,0.179575603113679,0.10823282145359633,0.09248577962903148,-0.023268494703882175,0.007092920589422507,-0.034472183588008944
0.07762910788048831,0.0567782667401668,0.22666107539317504,0.020670712565375976,-0.09601479026669808,0.2669106117594331,-0.12892038347041812,0.3359998164663848,-0.06475069766086844,0.14653968383892407
-0.03520241299654221,0.02793234641588563,0.19625569824257172,0.2877205787055423,0.2192905531362597,0.1807875720032816,-0.06756209092361956,0.3051484151729941,-0.015858515827228747,0.19034226514962377
0.10430052907714905,0.13798544852912675,0.11797945479015848,0.0009006714030269092,0.15917056274830607,0.04393158234613767,0.07385805399239594,0.1481928931268779,-0.018183347897350037,0.05706677168391114
-0.06476624429519852,0.14580096545875387,0.037161313524261316,0.06469822779897266,0.03199248714560653,0.11864448944072502,0.009274473318172372,0.23359149016896721,-0.03555630359816226,0.046631877135593164
0.03695819341227394,0.0881686110396904,0.27241371955219584,0.09027075568737872,0.004209532797467483,0.023786091118630934,-0.12292799946769464,0.20224179889456828,0.17384927192986624,0.12381321881951211
-0.11019269715853186,0.18906516010343677,0.21438414757309338,0.006332612183268346,-0.11740372116396953,0.1992362404707579,0.053061387561236274,0.16037197890851082,0.09857091582387215,0.03569487508113832
0.034096190374677274,0.1214707165413907,0.06202144872146463,0.14975810366930617,-0.08837240225046508,0.012560094489493606,0.1506021688871684,0.05935792137886959,-0.024974991267703688,0.1432687030656465
0.006502201958849492,0.11287765130280208,0.3508088641421568,0.02399316235787749,0.01795048768587805,0.07601091499348782,0.29167955307395826,0.12195122840890066,0.017723936022375316,0.09889656784754626
0.07261299439939513,0.14144319834759034,0.24615761962026794,0.10579871803962486,-0.07408821484530359,0.07161045804125689,0.04989786298500482,-0.14600142913527797,-0.04471553026584579,0.013132145244956865
-0.016470321198368214,0.01229718483224881,0.14506391443670946,0.04829253991320416,0.1466587660529371,0.25238620256003824,0.07538198093988685,0.004917679965030024,0.010130870868527236,0.018876118708811968
0.08428203006292191,0.09398690834668985,0.3993212864815657,0.17426754455901586,0.09144627397153197,0.03586201835989107,0.047803270530272605,0.06588354570656915,-0.06249909467821168,0.060849325444002865
-0.09733516187529949,0.1441231572057175,0.038585677630145525,-0.0829161383970804,0.00230814220094587,0.23167121914659622,-0.020859086595377427,-0.039500793491462224,0.024017273986919316,-0.0018410512310460675
0.12597672345100663,-0.01233239333150836,-0.13289969288020026,0.11461637973128111,0.12754642905093744,-0.05011750494593198,-0.07056011468679566,0.10714795103526847,0.004592917962644093,0.08041153766007564
0.2593828143001337,-0.02483950624855922,-0.01271153090647947,-0.0845306100286765,-0.09101156036184065,0.05115771450260896,-0.03209460275829498,0.15685049626125502,0.019512981612043154,-0.005224364122503683
-0.05213156091530048,0.132219191522604,-0.07763907811786135,0.014817998775768587,0.08396441440881866,0.046149625240329416,0.022334049839799232,0.19899063853033339,0.08076553781882528,-0.06686574364065426
0.03558035558849937,0.04908898589984129,-0.04493372277074267,0.08620312426081443,0.09077772378681402,0.007042116454091262,-0.019576494699121386,0.05961648213523155,-0.11196684396275784,-0.08007210029608491
0.08143984394785128,0.31495686722516636,0.12019326271132813,-0.10105693516638609,0.05628289600866589,0.0926195328522008,-0.0734927568624554,0.04324068589499301,0.08831491154799112,0.03587331040024263
0.03212851773065163,0.028100116641219225,0.019689412732392976,0.11376409725151712,-0.19753670516938449,0.17284150336923476,-0.08956299994535495,0.08952809611402321,0.0018630448902400634,0.12803013870389449
0.20020823115977326,0.15967189329598896,0.07611348131757226,0.19995277341595408,-0.06341100735692776,0.10185595660269142,-0.03127843743247889,0.07901830637848475,0.01160482966081211,0.019402314874494543
0.06601617528532625,-0.014244854954906266,0.09325216129811521,0.1284486378583286,-0.02801207141371015,0.1721290502992256,-0.043215439073278836,0.07180781972861731,0.16762820080891383,0.1110321558393676
0.06155905108080775,-0.008030038816048647,-0.14860489189895995,-0.007582348679774531,0.1068332729525591,0.24095599706500903,-0.11183703692894817,-0.018808752297375123,0.1708412029774471,0.006155703215682262
0.08067542337187467,-0.10889021788035386,0.14508244333970266,-0.05392242882066767,-0.05964842062614177,0.10214540272076697,0.08821862876808306,-0.012451570896681696,-0.00223057969900807,0.053661729827587
0.10958236405004233,-0.1958668345099865,-0.027400357163652217,-0.09495423691061039,0.18007543176649948,-0.005556562027188697,-0.005526711133325018,0.14280819094726274,0.10350553917674613,0.0805097774743323
0.011308240962951063,0.21624676863360298,0.11991835940461479,-0.016669982702374207,0.18178434823461564,0.08814576052525562,-0.0897791531543096,0.06664103200738385,0.08861738546212092,-0.15232076978606415
0.13086939098866152,0.11433392078406979,0.026475372116750488,0.09047078603877327,0.05637548943510535,-0.05362160364185554,-0.05429254312542199,-0.14627671869055078,0.17047947801479185,0.07119149945885364
0.20619497296910996,0.08303354824099476,0.1158521682130847,0.11133898098743984,0.11081075156255267,-0.16752158925020652,0.017994962872614432,0.2083848238435962,0.19113999660894349,-0.13044611820011262
0.05410137480651879,0.04582802531813363,0.19028814089764357,0.13822027923579075,-0.17472208605609169,-0.03384803885685655,0.10612944344009323,0.06938205149702306,-0.16212230171085446,0.02210979888055372
0.010935242654068707,0.025376221032093516,0.15720171525215768,0.08321393191334185,-0.017443527843958983,0.16571028695817716,0.09591968394250087,0.049182815342832226,0.03657777715658813,-0.08848112970321294
0.08272359585842336,0.0937125976067022,0.12903631002881544,0.03182875910049327,0.06415352079363026,0.053897704461237775,-0.11311075795063705,0.0676946220802428,0.020065535679159443,0.05726221352371041
0.09181972064469118,-0.10843044197579643,0.07100043254841486,0.012840692942340456,-0.06754965607316969,0.07183466937287657,-0.025042262166698456,0.09328622849490703,0.06189906509331229,-0.012121489211864575
0.05770930868942697,0.06466975760980478,0.13813001145106796,0.20611421056612161,0.03290192258196283,0.11374395300424042,0.057248662072545003,0.16699194642672102,0.06623554565258222,-0.011828401358612399
0.0039927293209004525,-0.044015653040826976,0.07070967630396871,0.06070297855000541,0.09127985406922566,-0.01127968911309793,-0.18077327623080006,0.033893316295231624,0.11207878787593101,0.14750177452106952
0.03705812683884145,-0.11699494110023484,0.056528797226882456,0.07996599254763259,0.06751982515997673,0.14265909479856248,0.08939286812967774,0.1285251813682453,0.15511131648047333,0.23795215265551606
0.047563257486410535,0.14163633052799773,0.15749184387423232,0.11278269340086775,0.11041244931619952,0.0577322693349423,0.013541436414218247,0.08809377014113148,0.10674925339415123,-0.01182282030472978
-0.10890572254203314,-0.020433492192079038,-0.0033705630600113987,0.04104042157173882,0.16635814191521445,0.0851167018593887,-0.09544000122957794,0.0987309166783702,0.024458339548263902,-0.0788438392093398
-0.024219624774686484,0.10467541206746847,-0.07272517655176615,0.035503747406901306,0.07884350541012503,0.052526970690087785,0.08722127045634022,0.042045207682318696,0.03001358807971992,-0.07116372534449363
0.006402143394506447,0.08234274554026075,0.018893650663287086,0.0244849814454821,0.07537317034904359,0.13435532137738718,-0.0367929230258839,0.01643487805229886,0.20532487120839227,0.028390489549749508
-0.11773586131662417,0.193585445955627,0.01792700952807557,-0.04558520995760006,-0.0645225637751183,0.004478035126253048,0.004914009972564928,-0.1032655325313915,0.15458761820484607,0.11169902523719225
-0.0611095225556494,0.09356318575765919,0.12885268779049516,0.04180077797941842,-0.024443046036595986,0.14555345101161005,0.1357263178141036,0.04013433262249552,-0.05245785702001251,0.24434769801284695
-0.09129108424118351,0.12596940506840384,0.09721364407007708,0.003072274199815265,0.1480985098330633,-0.09411175587048977,0.11528483933508862,0.0468141588238453,-0.20443329614828984,0.056384952459009624
0.12477621579164339,0.035361499337770566,0.26746000873481535,-0.23094583257699136,-0.08319834229982347,0.1285887302246014,-0.028962546824967073,0.18667164061910801,0.07564210592662994,-0.046791080170094666
-0.09306735326259849,-0.10191443436203888,0.04865047298678465,0.03373871928731643,-0.01443200681480293,-0.04458890611504336,-0.030565215588665207,-0.09861144219099566,-0.07025305753907474,0.11445700934771727
-0.02722591722787257,-0.08882074352787417,0.05123883705612211,0.003097791236031508,0.07779999179579619,0.13822683162907903,-0.07537626489154414,-0.00016558175773268274,0.09165837945783037,0.031248583542705696
0.02193193852209039,-0.03663991830429385,0.03955976883654712,-0.18009447323098093,0.02560462472177994,0.20628422262207158,0.040283344133209636,0.030736980890425574,-0.01034680672691532,0.1190048895558804
0.030796430676914125,-0.10418129335122117,0.049563300447508785,-0.11052726555602183,0.104580057653944,0.014837263728950539,-0.17577977500876454,0.03456516855537922,0.08379084452372523,0.054980722027247415
-0.11728917455400274,0.11788602990200196,0.20022585009060537,-0.07070627740763062,0.15230606533047195,0.05422743170699254,0.005822691986105341,-0.0906152221320613,-0.037865840860588466,-0.03202744218224775
0.09572399135193971,0.11817071792099126,-0.048734307853230685,-0.12205608841881292,0.11340485676938894,0.11080497499456446,0.025874413029663652,0.07714994702767927,-0.26093360966584234,0.021910133419714276
-0.015905343217433643,0.010105824256225186,0.11099318345693762,-0.03298435585053891,0.06529173914146293,0.0857319295080724,0.05283414884393894,-0.16832945148463385,-0.0047774300727072075,-0.10676127352500264
-0.08883147278420964,0.15611548960137356,0.022051533362357642,-0.2447860670412551,0.1830548629001076,-0.049740503086573,-0.03507968557910573,-0.13480700604085497,0.07904125611924781,-0.13085803442956484
-0.09157241902196382,-0.04353703100341732,0.08420274042681136,-0.12829195210331606,0.12363381477858763,0.006449588297092952,0.12226578902365574,-0.06872939693004512,0.04249182805982933,0.026384800439330773
-0.0342320982874013,-0.08142237851454916,0.060930798259177334,-0.19616773784166017,0.16312048493932116,-0.013518653481246156,0.14341279884732633,0.03748750229079843,-0.08661511930781604,0.026600135315555405
-0.05639634574764111,0.029645179926424556,0.029200186962936726,-0.11481469782222053,0.055992193896023126,0.03628133745968404,0.1131723531316228,-0.012477425307915565,-0.007228269895096038,-0.1685161397231823
0.04835263794207133,-0.1295145555768787,-0.02056755482153453,-0.03324924710597839,0.10848249220005571,-0.07258527672122318,0.2766029086284242,-0.07779826260653395,-0.012508521671750466,0.05383016441287524
0.051144393764510146,0.16679187889944594,0.009165594083548327,-0.13915916982747487,-0.034289202100914615,-0.10024728394542601,0.2041751546918557,0.060212045056947036,-0.08819895227663553,-0.14271918569441122
-0.10985500535578205,-0.04121171382226059,0.18624217728121023,-0.02027725173455348,0.05009294837403059,-0.0700543864565793,0.07073428733748821,0.08669455637492003,-0.041444139033276706,0.009422172453250423
0.11772360053304241,-0.05405966028407634,0.06480963557791564,0.09377722964538848,0.12020706842996283,-0.04031065745500984,-0.1439101761188935,-0.18509734597789318,-0.06478942956735716,-0.037424706650680185
0.05577080634642718,0.09720346481814555,0.27195424835663895,0.19189810982751485,-0.066613220126859,0.001232910762519146,0.035652230093434586,0.02882723420930003,0.10426614442490478,0.1711787207214503
-0.03569007179813577,-0.0745470805751559,-0.019723135955911367,-0.021103412980578346,0.1437187012316871,0.06226470699259785,0.014991237766423898,-0.22406147217343259,-0.011077360452093676,-0.19852722141916296
-0.04738237862021012,-0.20007618786244694,-0.009726913792723425,-0.0808496098344634,-0.006308351051037121,0.15671464577079694,-0.08421772154175935,-0.07110550042820707,-0.03335179996435241,0.019272977277273173
0.10087920829271987,-0.1220848571999032,0.09643799128688502,0.002952790527101158,-0.004524662248952396,0.22461534744185882,-0.08093505476616306,0.11541639270193253,0.22718204693416671,0.09417782480349371
-0.04454279627010341,-0.05805313920847514,-0.20678371148952718,-0.05319157557920106,0.05773643660384888,-0.29790253088535273,-0.10733596325584753,0.20961786730991905,0.05918369214442491,-0.025033647220844217
-0.12146390868376672,-0.03882732904834872,-0.01715650868415183,-0.1652969253203518,-0.07951749810239768,0.02386314033716331,-0.15454439624998026,0.28337668950607164,0.21172434172057658,0.05780610200661187
0.02835836039841954,-0.011387649167567834,0.039235299811510846,0.08926701231907365,-0.03094032866328191,-0.03827076713045867,-0.04977063957113738,0.17852528530613498,-0.01974777794558527,0.12964609350059683
-0.21193778940621866,0.17322322200202786,0.030743364928640812,-0.05225833732460733,-0.042491228780793526,0.20438462134814164,0.0024699051583262945,0.0940575243880035,-0.08421361591659986,0.07620495730803993
0.08976563742712981,0.07561599753933125,-0.183284401916065,0.07443840197456993,-0.08476986696730643,0.0800391320084578,0.13493502089904155,0.11941153276546473,-0.11515117001565295,0.0660449618111294
0.11030629154545168,0.0760426554617448,-0.013303333162091051,0.10983174014119233,0.20903848287742866,0.047303673465036375,-0.0970042175585815,0.026414040221570675,-0.05581612212874146,-0.017951534760667544
-0.09771624038082731,0.1807246749309009,0.052434194175875345,0.12238086273223622,0.006681341642312114,0.20895768351500704,0.02793193945220046,-0.2051707491868663,-0.01693208584639391,0.15127586973953255
0.00861502361680393,-0.06535496498033125,-0.22962936500293585,-0.04518399133487126,0.06563481363729386,0.056734663208532383,-0.00781274588652377,-0.007260603077002124,-0.0742440615943234,-0.08157102764261323
0.12116235026744235,0.06487134605413286,-0.058868242606667565,-0.15704571303366469,0.06765579029348585,-0.0993040080871086,0.15218586086808444,-0.20366025580221092,-0.049077751717269844,0.08466500364095225
0.35335590544359036,-0.17179743564140262,0.05129690871756387,-0.12620930190895846,0.02535528031243899,-0.06153076179398195,0.1671299497605081,-0.02119708773212688,-0.05564273113260708,0.036422571985822806
-0.027280266848514166,0.04147954156805543,-0.05170274287524444,-0.1760460178091161,-0.0205347594953623,-0.026072309090321547,0.006497930965124904,-0.19136772323940718,-0.08587840185951086,0.04396425752880949
-0.12195275892341333,-0.18729197523096075,-0.01601780689466597,-0.10949130385735638,-0.03790425856273413,0.0229704517458397,0.03176027918638195,-0.15277673060614524,-0.04675502230806632,-0.005756357146981979
-0.06404173644766922,-0.047575431434005375,-0.0910005007933882,-0.1821817842178949,-0.06978025076580165,-0.06862916240733964,-0.06252434558619914,-0.18807592160048317,0.10746281596850385,0.10454541603895849
0.02241114335119187,-0.06636839252327115,0.046316110591244984,-0.10877721098647194,0.11153331702014964,-0.09746643495576046,-0.1193985364066965,-0.12165843051985262,-0.02045385022468642,0.20151980159335584
-0.04130825252380088,-0.17359431235352152,-0.1688272927552578,-0.18908883882436647,0.09232806249543071,-0.14147529710732287,-0.0008277321205265101,-0.031011493926653224,-0.0007799572680751102,0.06915461959049611
-0.05633176260563492,0.013817884531540384,0.10489752956457946,0.051768761640235125,0.03949119576233597,-0.11792411855747004,-0.09136741219863366,0.10581261560578607,-0.04375914429716404,0.061316338777196784
0.12418926221300311,-0.0013821790044391334,-0.05466871868421892,0.20460691432798056,-0.10580996559422291,-0.04827250138758346,0.1883818445104834,-0.162627316147882,0.09063274095128873,0.10030216407286051
0.051072992005902665,-0.058217495850414136,-0.055605005228033834,0.07954271004872729,-0.13555814147317696,-0.0908843407374386,-0.06688403218615127,0.15439565780577372,-0.05810150649978383,-0.07508809451049213
-0.053393325250360696,0.03193204290491958,-0.14338984794088436,0.0048390484043163845,-0.09801214445538968,-0.08048001459467291,-0.09510471388453222,-0.005175420994512833,-0.021913979635464015,-0.0412227017949467
0.045340370092828236,0.12497123975900215,-0.14548596642561407,0.08639354155531578,-0.19046021654582063,-0.12847105104647802,0.13933760233378545,-0.10482086569099605,-0.052061876732218564,0.027676313469186344
0.013605567254847094,-0.0790083579777498,-0.18585192904057204,0.1262874556112684,0.21288758695474636,-0.09048896984105521,-0.10001199404836944,0.027125345780697398,0.09970231341393496,8.920758643794768e-05
0.0076382255373848434,0.0485068106414845,-0.12936034644767014,0.02467942044327026,-0.01974592384730908,-0.021998451918199102,0.13911382300067768,-0.002796771289378233,-0.033557716697923255,0.10024214905786137
0.034262065430836514,0.049624206928204496,0.06060154537971939,0.0899991667282562,0.009750379531792018,-0.045190588597574945,0.114184041740927,0.0017146692418660084,-0.1455779076879107,-0.01486444685231761
-0.0672050741663638,0.023826808814846303,-0.05495217885284168,0.06344894797162312,0.007171471157866078,-0.05397742791061365,-0.03559336509565823,-0.03934107961301819,-0.14909771125098528,0.015687546677212276
-0.00930430026244082,-0.06897669046009663,0.023502182342576377,0.019337108065218038,-0.12153006960697123,-0.0911369596295164,0.023879120466827265,0.018190157435248863,0.09978883002652064,-0.18046625263339294
0.02017357571081029,0.08667020750922402,-0.04794951920771949,0.054514618479279166,-0.0818811507164888,0.07332628542440539,-0.11568332863058754,-0.08341272388410732,-0.10412611538078946,-0.18885000403086694
-0.11649365613718564,-0.13643583378200455,0.0901824005010334,0.031124879374077305,0.13193859740702063,0.06210287928667313,0.03435308768265077,-0.08263308278147914,-0.15430566007839147,0.08343834228099233
-0.06614049367670329,-0.026643454079365844,0.10438881927487038,0.09771523951126357,0.04147461011303834,0.05107996074222056,-0.05443365586745078,0.10998352635144698,0.15320484553339286,0.07631046565664824
0.031175172222449546,-0.14520161782892113,-0.08445651589422945,-0.07555080994451327,0.1383140518455721,0.12507746549580126,0.08507219584865902,-0.038321420127346253,-0.04935420421250343,0.10834882644470417
-0.06870436650104596,-0.025826666816711873,-7.675824564270552e-05,0.05060576625477185,0.001983181120167987,-0.11000942931530698,-0.05692711812295292,0.03319756502959173,-0.02825466495435635,0.034063655838782535
0.07949551074389076,-0.040833182910057775,0.12147387303564178,0.13457321581601311,0.06849396742042227,0.1186252220209664,0.04987347976142112,-0.09706491217956856,-0.03068401072162628,0.06288100007907385
0.0627986904154313,-0.05049906647671172,-0.013614926726800747,-0.13095346494865273,0.09022530560703546,-0.05562389210793749,-0.026678101191332973,0.06804032921635057,-0.08190756447099516,-0.04757554711823317
-0.16895496302839194,-0.0017110852195389263,0.04871919296755611,-0.017904571041369464,-0.02686093192442766,0.18152365367579917,-0.09438751514283335,0.09070553494093528,-0.18201757213688388,-0.0021114121275996166
-0.10419440629204393,0.03899490570567473,0.10421295019925497,0.07974889124512498,0.015960962930705,-0.09954671891084058,-0.07862178824035593,-0.06884243783930682,-0.060032984557541295,-0.11571267676424855
-0.15714899954176031,-0.13587832848310286,0.023201445570108656,-0.11071030790796846,0.09100399106813917,-0.03787446230341299,-0.13735172802358858,-0.09909049363937183,-0.1955096449630187,-0.02822173762923195
-0.0021551933776422644,-0.06332424241247193,0.07713050938155822,-0.16111334275642442,-0.07881938065721511,0.11512886000360638,-0.19975361115971002,0.13459228851920974,-0.12025744164315749,-0.08570665395540103
-0.11495610093405817,-0.04362668861093099,0.023033859119801534,0.02852931210802581,-0.04986740235408288,-0.056401485617651806,-0.04487853842221874,-0.1324377165687848,-0.13859640343326746,0.04944412244331624
-0.06891815174120691,0.07313618617890147,-0.08116798427973788,0.041504242634385916,0.062499761912356,0.005302980413576831,-0.1400158693562098,0.01395210482035418,-0.12748465581169482,-0.11938294448570697
-0.09171088564557703,0.25594956110865624,-0.06391996004557764,0.26152972250849016,-0.23247462492580573,0.17830088349984186,-0.1946178710694768,-0.1839740671072732,-0.17026306825951748,-0.004703821307908196
-0.225025342880659,0.08031624709759935,-0.108034216371646,0.15961588597572055,0.02566217955233159,-0.1099496964110199,-0.15153330451136554,-0.06584005475760024,-0.07325974058718861,-0.11961973613939915
-0.19910720759081638,0.045172614627411116,-0.16312552015591833,0.07914229254270452,0.08809622012795075,0.0035961608877704554,-0.041642698976421616,-0.10625275373113138,-0.11336037714385623,-0.11114784554607748
0.050945224009391804,0.013992384536366892,-0.12605129909138993,0.1309001530446161,0.01181818306226217,-0.040361776413842546,0.14554686105111503,0.0784885072187392,-0.10202093395425466,-0.14151991464653485
0.05908526105738501,-0.007408172351513812,-0.24008457571165137,0.1324821860426946,0.03785602675131855,-0.053540247035921876,-0.07790907255945725,-0.17134344854740918,-0.22420528779518878,-0.03217953042423816
-0.14750438846982428,-0.06858092189111661,0.06952941712760619,0.061204535138839715,-0.04093228284633698,-0.08602316923252178,0.005795517547959185,-0.16232549330869867,-0.032417977495840467,-0.07543308340964854
-0.1636986850813194,-0.10135583249594621,-0.002190588608817219,-0.10030955992271084,0.061694518075637306,-0.13275580381084723,0.012270836040589629,-0.2028907059402083,-0.04617396085136784,-0.12349928228945167
-0.10183959955234591,-0.14982724927132635,-0.20906936545124283,-0.09848028701697463,0.09055460060274254,-0.12224808166991025,-0.1534053425666046,-0.021404150971191346,-0.18486291162750523,-0.163265216215352
-0.13461185346007412,-0.0869694236838952,-0.03563157899759671,-0.20596461639354036,0.1405879618618654,-0.022539843984593355,-0.13162126253628384,-0.13296291391626125,-0.07049742897150406,-0.08760983817139179
-0.12680630670297907,-0.18385463987707162,-0.15331950038287848,-0.11181127269475885,-0.1923509394431915,-0.1726204363554511,0.009584713900482891,-0.08908133252867333,-0.15169857369635276,-0.10671743322534964
-0.10869064243666869,-0.03826504958124779,-0.25301940284777913,-0.2473496767550278,0.06167076033224898,-0.20168352280870966,-0.2677614779461123,-0.367477007973893,0.010921153515148913,-0.005232821000898211
-0.17397545724109026,-0.03864068103683917,-0.04340363646846203,-0.1977828670530816,-0.044653952935977466,-0.04968459941340328,-0.09454255982158596,-0.2036288043438459,-0.04792822840622863,0.06566951668465701
-0.09074291129572114,-0.15525815874739965,-0.17130999347830234,-0.04820726550952942,-0.05694467556750761,-0.09490093096137475,-0.103699358560435,-0.0935936655096887,0.11431816521668713,-0.16302338836925212
0.005262206764082095,0.04418973723133683,0.12587654717612712,-0.06416523716585328,-0.22233811497439204,-0.08549354911110182,-0.10282563506830422,-0.1054110230001909,-0.00938320389084547,-0.1684841983862166
-0.06944866158508954,-0.20592301286900952,0.027003002441130304,-0.0909566639043171,-0.1587981322339021,-0.3060748593702077,0.27521542939320265,0.04917514650764973,0.03555910484125638,-0.213677454152528
-0.03252346451840036,-0.11896899824699811,-0.21719143681815717,0.047864799846474224,-0.2432265389992257,-0.1018127737304962,-0.11489114992169225,-0.08374883601643307,-0.1383397172303025,-0.09528894704856396
-0.15453557469286872,-0.16519405559210013,-0.029921777490303822,-0.04869505850184187,0.02008414285767665,-0.09456037158028797,-0.059264601235746873,-0.06393427989185954,-0.14722827512075096,-0.13300674341054378
-0.13435745929624793,-0.12649181640294932,0.12194542261734165,-0.2191123621385474,-0.10892826107147244,-0.061359053365503374,0.017422163742015356,-0.2698642556293609,-0.29918560046864706,-0.17867924780953853
-0.10762564482956007,-0.16476308461792588,-0.26634861779736263,-0.07599090886379639,-0.01623648950405443,-0.053089096669224844,-0.12045192434160557,-0.08519850441504642,-0.02000549308622969,-0.10015069568357339
0.0627068113428074,-0.0961567024335251,-0.01287471808674684,-0.0426521846179429,-0.2311376087238213,0.005118979310467481,-0.13554136476009027,-0.1457223876840743,0.09086695805837826,-0.06907810336139543
0.13166047682107543,-0.18732308356471244,-0.05456978061506021,-0.050055177784248145,-0.13252772343897357,-0.14515314206698265,-0.0565167842730501,-0.05079143002451126,-0.01871332536951216,-0.0052597927156414065
-0.09351283105022803,0.07798542789000322,0.03617006493161706,-0.09766290233462407,-0.10173174123590292,-0.12477922693414849,-0.2159491185630089,-0.12425568448743818,0.025905518498220002,-0.0691284775223375
-0.04495389354852557,0.02792950935483801,-0.05858488646598968,-0.013973300372836596,-0.18479963363582733,0.036745359308631306,-0.010372156035898687,0.07915969981422077,-0.0877764675595716,0.2246332400047999
-0.030768514512249517,-0.20858123507126855,0.037723641349195765,-0.09161327725717508,0.04389776708960028,-0.1143074889615486,-0.014609055816880177,0.05127674620847951,-0.02513426218191841,0.20148849820668607
0.09942461845285824,-0.21830842485384047,-0.027720529302321686,-0.04112026993787993,-0.029899555710381342,0.01698249944050708,-0.2065804025020961,-0.015447720131064645,-0.07306939827869104,0.024891636849820164
-0.046384530794917694,-0.12021386012280103,-0.04588793054013491,-0.04798822963361827,-0.047857444243455186,0.09581697407273873,-0.1848733096344356,-0.04290671761212832,-0.049128543671604755,-0.012214713111693476
-0.06907133582474766,-0.14123608963886103,-0.08477666799197031,-0.0450868301903556,0.14463470537785023,0.2501274751727041,-0.08813924574975443,-0.11030183962359748,0.02303711477490849,0.3226991515224433
-0.07879329908850641,-0.03384339416401029,-0.10473153118327583,-0.26419114606799604,0.22839239956093005,0.12872728768351577,0.02778134910286792,-0.13642482227731412,0.08428615668997792,0.063449921269047
-0.17613243820690383,0.006090764675691775,-0.0400197659511894,-0.21334570445271783,0.12917463387618064,-0.07068729685409683,-0.1577003286848119,-0.03992953011404693,0.11457274434450879,0.0726350876836476
0.19740881571891333,-0.06088078497940598,-0.17947087083031316,-0.17504371190629223,0.09335642158740626,-0.04449195485761005,-0.07282997633325378,0.030278670166527744,-0.045158310062322696,0.08152317339515605
0.1826482521123868,0.13589382397813513,-0.15022984793970104,-0.11973538334779202,-0.10484884329523414,-0.10592310113409437,0.0634815506693089,-0.013416591868106936,0.2602552751548615,0.0037011557427103145
-0.11836246188569077,0.08498266790683931,0.12531750837635675,0.1474727289822229,0.005348137699217693,-0.21413553695948825,-0.10744284751186692,-0.09662611832295723,0.10515848077081874,-0.12120050503360388
0.04839545314599154,0.02251147136442815,-0.06080254995327501,0.2971329361667701,0.05737412237290457,0.003233477742855914,-0.08802654912856861,-0.011304589485512514,0.07892839534763921,-0.03056301962355268
-0.10046881617893967,0.06739576087101108,0.03678779853432743,0.1445045430807586,0.0288187380095557,-0.0878919748979859,-0.1717455709212039,0.30708607695478246,-0.020362457160484446,-0.1378157918665157
-0.04030478458807808,0.0803258572778981,-0.09925294026975447,0.1957857940830925,-0.056150919641495114,0.02888041785182847,0.07918478823355815,0.17266248190692102,-0.12876190906192567,0.15484223638287364
-0.15509190072686077,0.1862524486527548,-0.25278031914739796,0.16743165892847633,-0.08610045969830307,-0.07858989472985876,0.06246521747143625,0.01663365513935022,0.12463937797453019,0.006040334700364294
0.04022319347096091,0.07114265896109102,-0.12665191397579387,0.03288987370923402,-0.07117394294211711,0.0914297216364272,0.0353620773703724,0.07486366396282979,-0.0036393081643661326,-0.03345405354782484
-0.13393226767092106,0.19775380116156102,0.0009147529625104477,0.1697176852293511,-0.006274581529151604,-0.05757460663427992,0.05397330981012947,0.08220784401287184,-0.04323926694258727,0.029017233443957978
-0.06510319609989487,0.14290629294126816,-0.08740279033841017,0.1291518373254217,-0.1304940787621693,-0.05440209623121714,0.30944012815464944,-0.06505198886529408,0.04166076466937078,0.1323115665935796
-0.05587846439539449,-0.087612340636114,0.03131974119928871,0.12536613140219602,-0.022977509511742232,-0.01179291494565721,0.130850462970683,0.10712241462045446,-0.06514869619204049,0.07039928574954252
0.08522883222551136,0.0044780215234160765,-0.010618805514015894,0.023578261255266186,0.022577336244616518,0.022855021207085203,0.020135033773035257,-0.0022470651738664433,-0.07349973393232082,-0.11292417777671024
0.13813333340378925,-0.20793357022976083,0.11888579008596975,-0.027922004945006594,0.2531942683890659,-0.09523116234785112,0.15523278284896375,0.08450520126104402,-0.01693256865901464,0.06669529433054365
-0.058303765881535345,0.016250840945302263,-0.10696661939177131,0.07787922917875766,0.0746846020696083,-0.060321550852005405,-0.07297387852939169,0.0962642131955358,0.02496968087915995,0.032509972341012175
-0.014236357954080792,0.01091246945321158,-0.10939781644107578,-0.09159233365820998,0.07727797256631562,-0.06834628707946236,0.1149156700060811,-0.11479061511174606,0.018933913315254118,0.08086602855090624
-0.029642900174891053,0.05539927392844635,-0.11884981051887486,0.014107966103097913,0.018896611337907234,-0.028234157843265446,0.06518102416115189,0.17675380736953786,-0.07384530089986649,0.08402263577799718
-0.05031072474590016,0.11993851882129322,0.03309384455021832,0.0429766379198679,0.041481381562174124,-0.09438078151471863,-0.183538226240126,0.06082544404392856,-0.014210861932650299,0.05393171977468063
0.10867616730552171,0.020540403330357504,0.03502334027019783,-0.06809802254020775,0.0014774958333911951,0.07294030176158064,0.043399640273614766,0.12310148398321176,-0.08577103384863542,-0.04581823293402143
-0.09126537666622198,0.08945150127939208,0.13658675553602406,-0.00342200740172377,0.0990194543217614,-0.009928559282863608,0.06156956543318522,-0.12403385296768457,-0.0032054918093959283,0.05027781602672418
0.061079234524858236,0.03066320980181493,-0.03949968359686179,-0.0992991657882529,-0.10911328119052757,-0.02552951610235996,-0.024347615586881654,0.036490650817891386,-0.13673307603219195,-0.10560086384112444
-0.1537002649517369,0.04426524255816774,0.2844147915695679,0.09469207924476251,-0.0032276560623688945,0.002836262280797402,0.07658965549085392,0.08723822565627598,-0.04081566083264948,0.0012103683808154832
-0.06355238236200529,0.01690217251706018,0.16976118456750636,0.10524499714548831,-0.06514633254460879,0.024751311282267104,-0.10132342596773977,0.005048433854618825,-0.11377011276107665,0.29018898280235167
-0.1454665094341259,-0.015654658867049764,-0.02035759806187021,-0.009461520065361412,-0.12791540297506102,0.1681950731327205,0.1112245211821083,-0.08967545727167543,-0.10697259329046896,0.13008729563765775
0.03810763834191824,-0.032798316164437694,0.05612115209793892,-0.1088016534280519,0.12352941406037328,-0.033616472974341935,0.1334873497150037,0.005288707795648013,-0.0381829322166346,0.026197360313857124
-0.14791077412750542,-0.16888988450450879,-0.10055995456739669,0.07381014961948715,-0.10411652245432926,0.13885042111880674,0.056841693122659166,-0.11841416648055833,-0.1317802636020215,-0.073273983711798
0.00042896437278831107,-0.16839426483097616,0.19040424096478534,-0.19963923929877922,0.008574647087945766,-0.05187299446059169,-0.17826065626788565,-0.014532489118421857,-0.08229243353095435,-0.1254387196281934
0.0015798510810481545,0.032937159931108476,-0.05414023302624152,-0.19917827066339633,-0.04155055473077107,0.00650625351464591,0.19372829551425125,-0.20861113444540957,0.031010127813969876,-0.019984286441438823
0.06196107018180272,-0.17184813304408172,-0.030844151902034763,-0.13933623371480836,0.05404891936080235,-0.011274606121331333,-0.06487724522138383,0.12386937899012856,0.01640005860930458,0.07544011813758264
-0.05202083212030834,-0.14089999776169712,-0.02386479043433418,0.018759635710965755,0.045335790208683946,-0.0682925419375371,0.05939672903476449,0.0684415204286668,-0.004194438518498889,-0.15537881553153488
0.007541064288293189,-0.1785926431995503,0.05450222180155431,-0.05089091942365791,-0.059384403942410305,-0.03949922656277932,-0.15792995782378733,-0.049873256590013286,-0.08019060153634398,-0.007870176280182628
0.09231462215218955,0.1699093294666176,-0.00402619611114912,-0.07408464363436709,-0.026110247456638667,0.016339020590524965,-0.30163193492442547,0.026719212366066718,0.16802627101602235,0.1719447777947903
0.1021951955648205,-0.1218851089356227,-0.10803976007335206,0.02104633057924829,0.05083905986076918,-0.043050674978028794,0.024833062119898636,0.03432922243795121,-0.021125450021550328,-0.04873531226000005
-0.07947378305326366,0.0271690433463591,-0.05049879757707047,0.04638715384179509,0.06965911850967133,-0.1846326991986576,0.07029323144009347,0.06593477684278318,0.09280606027945942,0.024924291891440416
0.02405785254644363,0.06449500125489552,-0.20262353145269577,-0.042847253570579495,0.012834376084553985,0.06965881628671497,-0.03635548569852982,0.02490905835781484,0.18088697751259708,0.06615658697687442
-0.05705325242247451,0.025005686708920553,0.11038741510496389,0.03470595796534617,0.04367186957519908,0.0256579811893011,-0.02055541286480986,0.07876031979552306,-0.06449013636399167,0.008068019073511594
0.0622450200185368,0.24957617449601327,0.05687713540173994,0.2308027116967312,-0.12786406217558866,-0.10965478383068021,-0.0590505664904379,-0.030490146418337177,0.016126538861026527,0.01615620618503541
-0.004592853670034754,0.17696022879255702,-0.18478418190685325,0.011830080492163879,0.0433955543925796,0.018361303727301305,0.12490089190394602,0.008806618055842612,-0.17118365332560828,-0.048104040837223805
-0.054065520206744114,0.1549755716997536,0.03377579142559789,0.3084804945955377,-0.04148489262935109,-0.06922298477189479,-0.09906856232921264,0.07760736216965819,-0.19794564581400598,-0.12132197701912352
-0.1337958412395444,0.0493186717456147,0.10729818832587547,0.2003076665478163,0.05777358144577468,-0.06613325126297717,0.041014011247653706,0.04550138370569186,-0.25941324633745716,-0.1478748264002666
-0.10466065124053167,0.031603644272660734,-0.08020630009370457,0.0676128613652805,-0.09917964935368173,-0.08772607874038525,0.09986325516978958,-0.029167574573818307,0.019180746864179157,-0.22855743020056057
-0.09672555337716048,-0.0010378373748650659,0.10807577514549374,0.03560543226879375,0.06645745209600532,0.039268950915836175,0.1774918521679026,0.014742167396347206,-0.2452178613321924,-0.13811215730219334
-0.3353488473572861,-0.00955476027036614,0.104750408347974,0.14458977367393752,0.05126657275101185,0.08268919776262817,-0.06590440790871217,0.08006799751863028,-0.09876369414424416,-0.04238684081528368
-0.28963569378976983,-0.026344022197367756,0.041514717139773644,0.06548570970429948,-0.058916628418430095,0.09381757701708536,-0.09985410336581237,-0.15946926240800255,-0.11679576793267227,-0.08842748733302114
-0.06324049645274321,-0.17026960963180954,-0.018271811382802084,-0.13427631000223234,0.07048092968067145,0.09227327809951584,-0.06516185300808977,0.10921072101318369,-0.12908265286767306,-0.20832823840010975
-0.021940480520463143,-0.06613039858090779,-0.2780346723224362,-0.009138854299954601,-0.26233378404112706,0.0038888173481258434,-0.2767656024777107,0.03231855396050763,-0.16045927397560528,0.031734583167101114
0.08386111936812511,-0.027684292927972406,-0.20810172253003223,-0.013150402375051697,-0.04050928334613711,0.07616125635001572,0.03499627797443086,-0.044425751771548366,-0.10207577900683344,0.00877116914689026
-0.08922937201615855,-0.016797660146078905,-0.3889222034605768,-0.03307908837191745,-0.08279511602746858,0.2411104452321178,0.04771005014398075,0.08006946709836774,7.770414753251187e-05,-0.11099921545475595
-0.06615370718600831,-0.11244369128799589,-0.08046358419198446,0.08379199036797488,0.1318775130151719,-0.07900478882014553,-0.08202964075961086,0.00745018156902737,-0.15796333720925904,-0.07247177469761541
-0.2267751990426324,-0.08594132297733752,-0.1646042063138874,0.016219625059057163,-0.0750337759028937,-0.0696009163303237,-0.01883027130475738,0.07743529264867267,-0.26440773589284067,0.1535206752421916
-0.22490091410165758,0.03299678275513063,-0.04018707223490242,0.024458580597165807,-0.11898707403258799,0.1000517414895303,-0.06591475408377638,-0.19547404234636465,-0.052899087211468104,-0.023230928603992715
-0.017789047138465963,0.005411758190489668,0.01007378982721352,0.09754936193491903,0.029658844379291505,-0.17437938331740802,-0.014638552265966373,-0.006588967528039044,0.07168335661102737,0.09816485445770648
-0.08334054473396793,-0.13672404089634438,-0.20232683153667713,0.01828988795768847,0.023284310862548077,-0.030721918352637056,-0.011701827465541874,-0.06418752833501001,0.023416514885646694,0.1974774523520822
-0.12372651236277209,0.007315547028054273,0.08316021808934952,0.10967423067382989,-0.08252033142304696,-0.044347113369070636,-0.06936624255801072,-0.1471008120804728,-0.01979059780970821,0.018919001531212138
0.056600519479551206,-0.12299991536364988,0.01673718721004099,0.033055820270375486,0.0006833072512651382,0.05005227092570831,0.0100786460723961,0.09526547579463066,-0.028658962565545065,-0.11079082483250093
0.07610106972479555,-0.09492615928546068,-0.05144430284754878,-0.013567597721825666,0.10067951159577956,-0.10701521460176688,-0.10774478782388652,-0.11388996657615463,-0.09341184568374541,0.039889133541797975
-0.045725266857680434,-0.18597510947706075,-0.13560015007952023,0.1937888695947043,0.023120833315698426,-0.046594351327247624,0.09075642664891373,0.04489083086517168,0.08330048259748529,0.07837464324916621
0.029214889488516468,-0.2053060344734518,-0.12830087802015844,-0.1150108199819989,-0.08278283278092571,-0.09591988785431768,-0.024650591637702026,0.05689667493007659,-0.053089575874455855,-0.012764465407691656
-0.0497014577423006,0.03139997573319807,-0.026223301261817773,0.018065583290390166,0.1484696354999426,0.04395058506309356,-0.06149039874510803,0.07944934204853984,-0.22926547273670395,0.14457963218298908
-0.09406085585028987,-0.09938064854267475,-0.10346951414925307,-0.03165869543522757,-0.026494575917077545,0.00029111695374304386,-0.0264082736675334,0.0718745417818633,-0.003523929017925089,0.07684281451010419
0.07006714987956947,-0.12056506877907791,-0.18657710619972642,0.2681900933901929,0.0048784582663342225,-0.016724013963017405,-0.09759232385406072,0.0021264314015194564,-0.030395716434893347,0.14511951451056443
0.12675237956745472,0.05820275299187676,-0.2604336103740492,0.13327183202933032,-0.020248756225170472,-0.03126634017225051,-0.16820237492754592,0.07214425003624478,-0.03457084972230027,0.147014055096744
-0.12333712238945502,-0.017930188446217483,-0.13657044824933973,-0.02823700782011404,-0.14626574132484074,0.14266477999697327,-0.06362747443072811,-0.17197830181792242,-0.07407690744747071,0.08140843925348351
0.002494163384703836,0.0010717503915614601,0.025622563640964574,-0.04832709370593309,-0.03198026515522764,-0.12889729681415701,0.022097572037616545,0.12629979687480763,0.13837134253986072,0.12787568503465147
-0.0022200359992755603,-0.011511700777953023,-0.13462576135689758,0.19599745546478417,-0.06848399333784089,0.19217352989021186,0.10815242332453136,-0.009005699906174766,-0.0435485985397341,0.09391100669372514
0.16306681148168398,0.0688562229208752,-0.19160116845036604,0.0282427832186556,-0.015994598895112982,0.047834813406026015,-0.030579154945909025,-0.08550977072231339,0.038565332352400575,-0.018156505182347113
0.04109819324482282,-0.027673943981942957,0.09018086340564585,-0.07169521833362417,0.14589261445588503,-0.006032851968794037,0.15356583997311413,-0.08399521788550457,0.05459006810025824,-0.06682787730550721
-0.038779896433154847,-0.15305581350439004,-0.043483491260346854,-0.07454825197740751,0.10506071841598161,0.03907321623183226,-0.043675637325708234,-0.047021059910575785,0.0962079391923821,0.03632067973849305
0.153556966665706,-0.08884041380848648,0.0021690517609139863,-0.07845287966111827,-0.15788879652050875,-0.1042748752240533,0.09780033261138102,-0.06974806589320455,0.016753832396267744,0.0659201051304883
0.024536134355949903,-0.1379895173838121,0.1205644049542708,-0.03368554340707385,0.0018757776654129803,0.04428172719538316,-0.029519543449758323,-0.06073415896084408,0.2801556758483959,0.019794773874531157
-0.10278328829771713,0.043738504944592624,0.007570032479916576,0.02739655254673079,-0.020290680400682177,0.25212810269193914,-0.029725861670643533,0.16166738295984256,-0.11690860743092504,-0.09217075114766513
-0.06555412026147969,0.021833008438929484,-0.087517492640012,-0.04182428095396461,0.10561019391426729,-0.020917475793897786,-0.11896788776218366,0.10005943689837021,-0.041418778584289925,-0.003206095613708028
-0.11923646735879458,-0.08510792388743273,-0.11078766416536916,-0.044969596025929204,-0.12674665226505788,0.10305426779180787,-0.13647188835452956,0.2092154199648581,0.11810629081257493,0.026460492258849857
-0.07544650176711627,0.025700756674439426,-0.038956523518765884,0.03575635062043968,0.06491831830772277,-0.011221526101591314,-0.16588207087078666,-0.05422591100394414,-0.12386831896272024,0.003960887711897818
0.08243687748489534,0.014106759157359884,-0.1893403584357456,0.05320075510572778,0.06837140811291341,-0.045019024652396954,-0.06957294475789023,-0.027414817629002493,-0.1001123483225661,0.061722875180733064
-0.022465718957343308,0.07211708746050947,0.013273974972497757,0.1455941918711206,0.03967630577901034,0.08119932009496686,-0.08421764457391623,0.08006267327975851,0.1076302780134337,0.04251203112506731
-0.030241580599664416,-0.02444754046689164,0.1154166224670719,-0.03412728510099865,0.16801978891086347,-0.09450351468785552,-0.22824993683603922,0.17167077421288182,0.05966037767516943,0.0634422736938854
0.021003015886823767,-0.13497676627639216,0.031411220049292206,0.05793718700291024,0.028240722682727017,-0.07258716579198812,-0.11216212957028741,0.007898302494182318,-0.006599527350026092,0.023774605307187714
-0.10284808668125744,0.1142952516980696,0.1895009218213363,-0.02061686597984834,0.032252021947335424,-0.06069766739936904,-0.04401065191128142,0.04552613117147702,-0.0010238896850559079,0.09054293135670266
-0.10797484272345673,0.03699537946954248,0.0767958847372979,-0.009041696759451094,-0.021686952668769223,0.05166782202436476,0.01478642748797216,0.06798572283366092,0.008833440350213351,0.13361800262939877
-0.09580121496043785,0.27045682582570035,0.05117132381331492,-0.02051017514569014,0.00022557176298618198,0.03438141537992796,0.017345629865554504,-0.01867042468148246,-0.20205989092430165,-0.1453398501002763
-0.024317279975832645,-0.08255650028701095,0.055358143537884145,0.018204253557653715,-0.1602385703701951,-0.2089338465106163,0.08705859231037708,-0.15628834876587325,-0.11193736836233133,0.024654885547712165
-0.025515067874689955,-0.15519690494774344,-0.07084808905104918,0.15971642403959868,-0.1254126223663395,-0.10609390734318985,-0.12239313394295259,0.06592334754010323,-0.26160256327100784,0.04652916890409222
-0.19524606441914447,-0.05576216042902969,-0.021118016493268964,-0.017539097998119587,0.08702874331786625,0.13800311907146928,0.05798161042964628,-0.0969836770188008,-0.06790797458469772,-0.18866652262552108
-0.018514101528130378,0.01965920093969789,0.1105180330097123,-0.03182063090275844,-0.06889348867279939,-0.011645498872339548,-0.3268993456873228,-0.04571600109726498,-0.050990038861265394,-0.08383981504181079
-0.03793331052836574,-0.07433581059912445,-0.06672790848925765,0.005862713591223336,0.20222520163021693,-0.03942630297115722,0.1530089615985397,0.015110998986111922,0.001456161596609884,-0.19855817974640072
-0.003963620628427977,-0.045908684694218424,0.048174739008107675,0.12903002444746656,0.14259527579669393,-0.20477040699146223,0.1219221448205315,-0.06661063670786035,-0.11670664177762581,-0.014526219955326991
-0.31741959293578326,-0.02500544658516722,-0.05618401246594717,0.14112047801891336,-0.015817080726431374,-0.0032469938214501164,0.012923281419997712,-0.018882453964299058,0.03859301782161158,-0.1331961783535197
0.050390220612590686,-0.09424116370312834,0.09729604493083176,-0.06451111989679406,0.11901237936200196,-0.0972299234051465,-0.0011577751042236304,0.10174881375418088,0.0596236199056402,-0.05145520474124095
-0.05035185985492589,0.04253534209608473,0.04421136633369576,-0.14529591823812057,-0.08201373888601954,0.1491375111357229,-0.23310460872224326,-0.03175540073554343,0.1167644511132273,-0.017720059552049285
-0.07638702561553079,-0.1816041978203825,-0.2237605887834553,0.08683261271124014,-0.12548932099229204,0.16339694521233433,-0.001265116155286611,0.16683289151504488,-0.15607443647470498,-0.05832839740106529
-0.028756294062526853,0.059252860193135325,-0.03755733272811183,-0.2463985531964778,-0.1570122340975805,0.10561554040281601,-0.21183764235700786,0.03519146727698463,-0.20051469886011516,0.01660874803357404
0.06753598331298866,-0.018980356045263977,-0.0800592259046129,0.010435475524754809,0.012070836450522591,-0.11167754677962917,-0.02825028899320558,-0.16219479945275264,-0.024909223366749916,0.04233439724332497
-0.055885044462195325,-0.06900087216756409,-0.17396090755662663,-0.08279538193354241,-0.01864293083127175,-0.027233355477018238,-0.0027109702434681554,-0.06150357026392301,0.04533801449305608,-0.15240158507695298
-0.007356627139234972,0.08104682311423557,-0.1489701238096539,-0.059234686744261675,-0.06932866125318513,-0.0525471861119006,0.09044435517840832,-0.08487425492425593,0.15727591113569325,0.0025447330587938938
-0.08147382184644443,0.059246352687910626,0.04961956706749439,-0.04249741696638136,-0.06957628235743024,-0.13387833372221283,0.10012656421647151,0.029776686044455054,0.21171217892785274,0.1330126432292326
-0.3669431310276163,0.06585197912399232,0.08261967712780863,-0.20897274818941353,-0.03510617300399105,-0.24496505401972118,-0.047097641960689274,0.0954045239435151,0.024236408984231024,0.014108957310723761
0.016513793713665917,-0.07581220419994526,0.09607100448283479,0.18603748505923257,-0.1311079254219097,0.03429249446968956,0.11586991468264592,-0.1364116457972913,0.011480015634623718,-0.06869483352260478
-0.02958818321626238,0.09427402881504546,-0.023899902275599974,0.027742879122822896,0.08243059932561483,-0.0011642303293097692,0.04564185472089547,0.07602102038950981,-0.06878026407482996,0.12015754901234094
-0.05170317887350547,0.1472887293892985,0.22018958149086895,-0.08661541700699252,-0.07955537942809536,-0.040609681778447815,0.10427965455970425,0.012078900358377106,-0.15858744209926057,-0.06534489963930236
-0.01796216343434305,0.07423864543635589,0.17501937567525258,0.14379590457995833,-0.07685576666982062,0.0029085399537916723,-0.08638009668928542,0.11091563149521172,-0.05758868631139277,0.042226976790234176
-0.026092564894184347,0.024485019950677103,-0.02896248731828329,0.01831718595130319,0.11248351854738502,-0.018210067099854274,0.03073674440026592,-0.12300889101620018,-0.005071087424732265,0.0038131529120655587
-0.05327167833582701,-0.05026165126407329,0.006318639012345202,0.05646933260847413,0.23332304156300113,-0.10049854342662033,0.13344388298727616,-0.1827538323020274,0.06739919960595576,-0.15757012322551345
0.08799004591251937,-0.1113622853960377,-0.04155346037475412,9.935980695824527e-05,0.04185871158264531,0.16786826469548083,0.052659092143734654,0.07765043926344598,-0.1483982144001097,-0.017070744833656774
-0.060478312378811266,-0.0873998086940379,-0.006016015543953726,0.008371114059612932,-0.030414885149936143,-0.05284496198666565,0.06173950825865756,0.02478074196295822,0.12595886060696296,-0.11988559428236589
0.2866650880264575,-0.07326089156403616,0.16401970678422104,-0.11893672302989797,-0.07818142518158636,-0.007785982843020001,0.14771869614547206,0.013907445944253033,-0.017466297169477674,-0.08509377887319633
-0.14144576224868738,-0.10295166407601616,-0.04317354257330473,-0.015138362754911974,0.021821754232053747,-0.02924765675494765,0.011110956687612982,-0.004851798687531134,-0.07376189303232106,-0.03425362184668823
0.23818357378605637,0.04860878353923597,-0.009805891227477985,-0.13247184475948642,0.07973285388932383,0.015464627771356557,-0.07537854221980911,0.10308304332976577,0.15193944576671906,-0.04849624967152682
0.21948044044629786,-0.09812221323114584,-0.047428172329757795,-0.11990579466870649,0.2107458774364358,0.11050912032812314,-0.12794263765918146,-0.04512541997049352,0.011149986449258104,-0.06854487260383187
0.1925280803588577,0.05259881209765198,-0.052720590371309994,-0.02534110123631997,0.15577199339154946,-0.04195918051652318,-0.015103456108576161,-0.007454222170257596,-0.09509360524267838,-0.04095870840651014
0.029121434085400202,0.07762022074816916,-0.030915849620616696,-0.003768226087665961,0.1409161679889896,0.015982676334281718,0.06233736176686555,-0.10207723084558135,0.23158344599484004,-0.04268456554822189
0.10887686479637282,0.12210855090555206,0.10127044473979749,-0.1175111017190926,0.02304849196757139,-0.09199904367016509,0.13604876308579683,-0.07971905973414421,0.20942538311774628,-0.16920866817218683
0.04024145286924713,-0.032099072059609324,-0.0012087671826886692,-0.01621595438646312,0.09322534734313964,-0.0397630314542055,0.10447012034507182,-0.009389351295351516,0.05328390211597362,0.1509741577040483
0.1674521280500887,0.004581865953672173,0.11077007806622446,0.016966923822130775,-0.07470544759986773,0.059709502117538046,-0.05374511713760681,-0.05881281763323393,0.08038956120224611,-0.06934972089969366
-0.007219684304021798,0.14199485365217232,0.08231463813262357,0.046317745163268705,0.0286080321090039,-0.1351284093293872,0.06320575905777823,0.0487487475671417,0.029311832136777564,0.33058662930902993
0.09508014251934993,0.14818173488430395,0.11822580349077878,-0.06311618330064062,-0.011714720134359272,0.17125035987381582,0.19418577624077213,-0.08269124007961379,0.05243997890746813,0.15223750921894574
-0.036767846637696014,-0.09663657352988465,0.09933828294477215,0.18017945756497786,0.014772886567204935,-0.019819635010462584,0.045249485115466254,-0.019557679876406154,0.14092457987235438,0.09777210521600288
-0.035008410937935046,-0.1013528425845722,0.15987673711475192,0.21419809307615412,0.16619584642481708,-0.06589569039783946,-0.10051338235523803,-0.14793225286966386,0.3061060929666287,0.05440760463818298
0.2808105444813084,-0.014649960291177658,0.24590713555938093,0.0569890450931671,0.07492656480918056,0.02494317875508126,0.22274950209694777,0.04712802428285058,0.13213517717093715,0.10172378620400142
0.12297117452974202,0.06515976050113456,0.30957096039280485,0.13909775374386907,-0.057426015941331725,0.2193501635846205,-0.05766148276096821,-0.005965106782826614,0.030545044640268068,0.2608135820385453
0.08613700026123594,0.044322383128141046,0.13651543060142202,-0.00577394470384433,-0.04699249401019219,0.017671352157027594,0.04538674788078611,0.11096592978300338,0.09285232942363993,0.05999505992864517
0.07445075415968591,-0.1626991093601035,0.038071789718236576,-0.007843951358755992,0.10203013335548519,0.09887020944339475,0.0199938366221891,0.3207477079606643,0.14576393200492743,0.10744827658763728
0.21079572489510262,0.25788621675725343,0.07856471652590737,0.013792006243956594,-0.10051320497061511,0.27622863625813443,-0.02942044678805847,0.24403242194252392,-0.042870982490575554,0.07250766317234165
0.11983132668480426,0.02402921073317503,0.09874777447581949,0.17390710863909886,0.0425747889201807,0.3631259474124333,0.025686438242241563,0.08719198216917967,0.0351076646411205,0.14241226126430945
0.0871759707987354,0.12167743497991357,0.11830014133761124,0.11630536186070403,0.19502002611523453,0.10176821298897479,0.03912043207729742,0.16052226633385197,-0.014805619316972288,0.16838547876332965
0.12920832348766506,0.1366561399442867,-0.010993817690750304,0.2918975784732545,0.23827003999032026,0.12481899877034074,0.04707961969452604,0.13986215601618104,0.24020986869058478,-0.006679974045108256
-0.08349985493924664,0.08370733095303715,-0.058864980333474516,0.20197810392857996,0.13570771655652575,-0.08271689058865671,0.08039901610498033,0.14277723130682335,0.017733486985977723,-0.07656982802073353
-0.0980249318298215,0.21434464964258565,0.1547477533191843,0.04037536252247978,0.0017334558275093337,0.029389888212370964,0.028841380066734007,0.023038508875199343,0.12701610213392694,0.1930827936524504
0.04900167584554557,0.08436915137607646,0.07851480936078171,0.20143191943213634,0.03822195321528285,0.01072347098205255,0.14632302674130881,0.16931746535232406,0.18392061552724448,0.11762376117459332
-0.00884234752630483,0.1058395210063859,0.13784105136505934,0.05540276668929657,0.11008228520132801,-0.05150395372878026,0.04552790708448071,-0.06179609029999147,-0.0221861430990394,-0.0032615355627531525
0.03526676218589898,-0.007185089609346149,0.08383668470388055,0.07139201601685799,-0.029503784564123656,0.059528137874330575,0.0001980167157549506,-0.07502103687634261,0.1473211968316977,0.05705887077917254
0.24410409960966112,0.24879429611958437,0.03408597259724848,0.13561059992910812,0.015129653026145343,0.10526202284926542,0.05079580634872653,-0.06255342894760599,0.204986152460865,0.08396678299408321
0.031204020296861194,0.059885386275116116,0.05625405442738664,0.02627321230050389,-0.05686983793670639,0.3068033784761308,0.0867787551533834,-0.14787386185056772,0.09439609039406419,0.09250250375613465
0.015629860408422097,-0.2000838976244443,0.0631519220992392,0.10937216832709164,0.10085645867129568,-0.05588334281594313,0.12934416568452098,0.03798744291582524,0.03361242279209978,0.07229742107533173
0.0742312079919165,0.11700805162683543,-0.037274691055429854,0.1959142525076288,0.01016444860151118,0.2173306012570933,-0.16848722667006316,0.09655761109497238,0.04660383056655204,0.04757945603651612
-0.003432033919780225,-0.08320967096356296,-0.00034073507426480784,-0.09610970998327023,0.09669781052885905,-0.023621870131381742,0.09604147148152771,-0.04749047470634711,-0.0050807685907023475,0.15144567305336581
0.02274108184414176,0.1010526656150763,0.11931289989511581,0.06087222754304133,0.04261857503754219,0.12040210527823018,-0.05272084987007453,-0.034435038536283304,0.12365112761339393,-0.10507360359189447
-0.041062531295763136,0.10362714908288523,0.012720213118238947,0.11790694217992287,-0.07765810347255905,-0.06127522842989262,-0.02911923446962092,0.055545110859874236,0.02859352145630848,0.0807747620970551
0.007926862984877646,0.04995075748833681,0.1671279028528192,0.06442721097144265,0.06121905469970952,0.02151730329077344,0.1024400046914741,-0.16556669748068312,0.04380310929957573,-0.03720752018328239
0.07524619433493115,0.17600422751760794,0.013549503271085582,0.003369717928110069,-0.05270051592853178,-0.05406934104742434,-0.13601778249739782,0.12440796269097174,0.11916152905147895,0.0010025854356693065
0.07184224980311406,0.04207315117986104,0.1254638266160155,-0.0046966612874809535,-0.046228518714709836,0.06147224546509529,0.13505651873452817,-0.16695975443637745,0.03668337794210508,-0.06075003668568691
0.20717615096063022,-0.0704451153901458,-0.0029571396369176203,-0.0807081942356667,0.06988074774498138,-0.13265376218655422,0.32006544247274055,0.0951282311173066,-0.039409826564386484,-0.25635243125873075
0.12249078878972501,0.1103186048470409,0.06912510485319845,0.06341363715125606,-0.15921297363750458,0.09241745145645829,0.07352979091456203,0.008023192086963652,-0.06065042200404922,0.12495004599544202
-0.13930527627055,-0.18552456384902866,0.13143082293975222,-0.008520772792072822,-0.0349669898105037,0.006835851789937945,0.048938129532858164,0.012610512377000865,-0.017981985096711457,0.07112280591675588
-0.012730789521441596,-0.29743015286191415,0.0919097912839005,-0.05321463465439134,-0.1948391657462161,-0.2595880231409717,-0.14058994958864762,0.090454892043684,-0.05238694760684771,-0.28894952175811484
-0.042663275124583636,-0.14649319877975778,3.6359799343976124e-06,-0.046160230742273725,-0.10845811935762939,0.024882713203570227,0.162570289798165,-0.22532010144922127,-0.024974242418220848,-0.028744850618044427
-0.1433101384351208,-0.08201051976013472,-0.08258657234143425,-0.034269307091690474,-0.21571541585956844,0.0782098800498028,0.13100673672730123,-0.1962878144220021,-0.19868919289478157,-0.07241407384406282
-0.09671727575220052,-0.078537697858162,0.044396160833884785,-0.10855022266430202,-0.17248251073819465,0.044766228219669336,-0.24103145855016964,-0.08549137669688658,-0.26512865817573195,-0.07635543201557286
-0.05698007496233508,-0.26723276953655484,0.20202913725562482,-0.06770847792275578,0.12469017850621347,-0.054873380201068606,-0.13353075970323486,-0.09247391720484159,-0.12575869652218813,0.02168689015694822
-0.12863098188708993,-0.0795347159303875,-0.1511513079341535,-0.07713183109171315,-0.20808817222011394,-0.14345195075348946,-0.2261284115475491,-0.08236455197812761,-0.04758364224588624,-0.2335610390881624
-0.10850879193662141,-0.11416098807585102,-0.06826892437333829,-0.03144337780173039,-0.06596280321654918,0.05855822339265046,-0.2984412547191422,0.04155215838987748,-0.02966012055141229,0.07014894009473101
-0.0946029685779366,-0.20321378209733382,-0.17683103851984439,-0.1332234276043056,-0.0013387141022866075,-0.05478323220119864,-0.13664763085824208,-0.06539545870394094,-0.07078658249485337,-0.14298297827946505
0.057252152520557334,0.0437692962845279,-0.27433721693361357,0.07487039295860082,0.034972675969595426,0.0037979230873668862,-0.0931193141520482,0.054353082611128686,0.07591467780929284,-0.059268026750525296
-0.0333797891094501,-0.06767546826205367,-0.037338816838744904,-0.23148427741504748,-0.11155785345122404,-0.028910841834457097,-0.16027583662164618,0.0830743240766137,0.05413355828631857,-0.02132282215295531
0.04578032442622362,-0.25171289234550986,-0.04248820691127413,-0.14012235901671866,-0.12835874175251005,-0.10270362179211878,-0.16653698172885345,0.08835423272178124,0.19232771086592182,-0.06568951202171772
0.2057231616649246,-0.05568615428161257,-0.14269660721899713,0.10245110379093483,-0.03630601192922987,-0.12516189955127865,-0.005551891924773587,-0.012009452779227908,0.05568626084137884,0.04510505173657172
0.03096134965745576,-0.014973636138106303,-0.22250544282422152,-0.002313700454837697,-0.08074183910385731,-0.05918999973298078,0.07662799001448617,0.022418693413182395,0.10324367624497098,-0.05060833450299165
0.010115739431070088,-0.0019277006773450178,0.0613579966557389,-0.035700448193691045,-0.04392784040706568,-0.06262344555691068,0.023564447661217885,0.01526297948260646,0.14989312569079438,-0.13619650467406463
-0.09645530494296212,-0.01797059410723042,-0.07444166928609675,0.010474233877884433,-0.11291736299131874,-0.10935242578527557,-0.1820407981255281,0.175169919880196,-0.04038068485983262,0.03706205116554661
-0.08952325964487602,0.10240341475380031,-0.010697829892613376,0.03280955871083355,-0.13316210154372393,-0.19041585627845908,-0.05034584211191545,0.014487507973823864,-0.01539787267776551,-0.041771554576240946
-0.11642658293392115,0.0869960370173946,-0.029373215445532477,-0.10468953810065118,0.09106613577922962,-0.07471643931350522,0.026558521998217413,-0.008031071990463006,0.09922872108053196,-0.2039140196851181
-0.01914187513867112,-0.0748025881347042,0.006049708821359551,-0.019206392468651416,-0.06489956276164574,-0.1191833906666371,-0.1013971942561149,-0.06565399281296705,-0.07516827831449822,-0.09574852655541789
-0.18050628547875258,0.1032424422466784,-0.11937794353729908,0.12296481871863965,-0.0484685532708317,-0.060456140147051016,-0.059727125958769015,-0.11692420887883045,0.04531548997139152,0.05918501425910902
-0.02363955556993572,-0.10038855632659467,-0.039426045455300804,0.02369996356330993,-0.17636448500793886,0.11171308184599776,-0.08341600890738435,0.07543649435023518,-0.1891684001370443,-0.056528927033924765
0.16465048892817838,-0.2649170463081328,-0.0850049960475279,-0.08110739981563876,-0.1107970262517298,-0.056494578470876806,0.14351913680181316,0.017589589292044384,-0.04105666743475402,-0.04697111630018471
0.12855174633405686,-0.12376852186230292,-0.0930424859616073,-0.04969025914237827,0.02936106694565028,0.08301235496665121,-0.12185619449725818,0.07923162763141503,-0.12144400517645002,-0.12078117270937778
-0.18891660799266283,-0.11122692582827853,0.08663601665692973,-0.06989042282203874,0.039511723785072464,0.07062366331420743,-0.038651412377733466,-0.09998267663947295,-0.08123802175322242,0.000720747743368895
-0.11663976010905497,-0.23156745856603853,-0.2621381569294448,0.13614805145015255,-0.027199282967198656,-0.052167823955566905,-0.03130333778233397,-0.05968167483413701,-0.022279993749292196,0.08722886940031685
0.08933918986270586,-0.2084908619337422,-0.14814821887020113,-0.08869414176592078,0.11985126792111533,0.06034645612954813,0.0007324097137778735,-0.035603017143519905,0.0785909456215877,0.09978651098819592
-0.1863493466566391,-0.032061209437120625,-0.07300338653279434,-0.036978627200451905,0.12103357478144092,-0.0357756279245606,-0.1753131416794831,0.047270146275441044,-0.23102336091986683,-0.016899854750430477
-0.07004360772743731,-0.06433593508954936,-0.29383855107695667,0.09123203691302151,-0.08995475349285995,0.025536798045508444,-0.1416307423720976,-0.1944256869083067,-0.04710667890585789,-0.19142593285710224
-0.09450338345845832,-0.055568003355947485,-0.2600278434302971,0.1050532710083946,0.016723714924573727,-0.0646565423785053,-0.09023605533196136,-0.06745135064874333,-0.14205487680459003,0.16189647219380465
-0.02690567065691824,-0.00619771676303393,-0.06650662325692125,0.15742371794002938,0.023967098298105293,0.09276900488750214,-0.0987749890771672,-0.14998882011305123,-0.15703747122553163,-0.06967806860655809
0.05678548307886662,-0.04033805533744264,-0.15074547213128772,-0.0424702817762352,-0.15000466224985518,-0.2152684884190704,-0.24395962620554223,0.01761437019720788,-0.12626008215043186,-0.08925597185621924
-0.0274003679887016,-0.06913460896209861,-0.12043607737383397,0.0364303013386441,0.16816812065635706,0.03863693371465396,0.024956568312546404,-0.17133967819944892,-0.20259465997376191,-0.00014071453050779753
-0.15324773474606443,-0.005410495331217818,-0.09346452546899904,0.012149170206149015,-0.10137894877444453,0.18418399490355233,0.059277834360071,-0.020811846704057668,-0.1257618783235271,-0.005052103759829951
-0.03834055144934104,0.0757272722872334,-0.22525006251565396,0.07230025688616633,-0.22338249148495012,-0.09627698340576663,-0.015726568710841937,-0.19307010741557964,-0.18747052229899525,-0.11752774077957952
-0.10042929347836603,-0.030044627504238253,-0.17439443287298856,-0.03646424030190231,-0.2838682840378869,0.07413910191351802,-0.04519711624845627,-0.08632932617175187,-0.10874628646880713,0.021302882913643774
-0.028660143168919072,-0.21508286326738937,-0.15763208470180576,-0.18729726144490874,0.004987937299722696,-0.1577973473400874,-0.06037295667133402,-0.053653963683632774,-0.20323945643855557,-0.07659474764838803
-0.007173821436646133,-0.04033793993809276,-0.09466294660580431,-0.14672106896517595,0.010706799938035874,-0.10422785777318909,-0.010925312372670776,0.00562481794060643,-0.2692606413146158,-0.11143545085211094
-0.09985739172136583,-0.08533272739170757,-0.2313797682289762,-0.07597087563106605,-0.24442758311708185,-0.06844220178764898,-0.0896155442772061,-0.08170050462242445,-0.19648581622197203,-0.005597926275499432
-0.07719596507377699,0.04276347179308802,-0.04341615128766353,-0.10005627894556102,-0.0013876801921831605,-0.11901359156392499,-0.047091573504069145,-0.031233034329349194,-0.06167584959052628,-0.16297110730303616
-0.19303177878685795,-0.217667427853439,0.08021661017964035,-0.045835823567021476,-0.11123929182189563,-0.028649863633689057,-0.006159174192409911,-0.11806861472949269,-0.24673181292435414,-0.06459312913089116
-0.019817434532877,0.027880810299527534,-0.10931646908768629,-0.1097971347661631,0.03798109552544844,0.01309411886895645,-0.1571152823475382,-0.07595636556728497,-0.14329139605496483,-0.24351514584531223
-0.01280375428695811,0.08191240926095612,-0.24197050188338204,-0.033425595729580385,-0.037350034118978234,-0.020539771156930644,-0.07595040192352827,-0.10015417796464876,-0.18753307300749145,-0.2282533429484078
-0.27150268081439183,-0.0719987607175914,-0.08819473151311395,-0.050430875780707214,0.03747823377635441,0.07826740399229752,0.07473786863178242,0.10791150431753185,-0.022344074276612183,-0.12296795071727258
0.08481020462987268,-0.060775907504220864,-0.18310539369684714,-0.002086817376091829,-0.2342252246140374,-0.006659387255058533,-0.10448033227419455,0.1891953961565023,-0.024366908266154445,-0.14586850345321628
-0.05788401669845683,0.031334671358127356,0.09033730905163063,0.06304282806282033,-0.06576478741587405,-0.2242513345079629,-0.068807052164366,0.018711837823119963,-0.23350218979044096,-0.031612349441138506
-0.1042857161734192,0.052502104898693294,-0.0822587468337091,0.07169969003529056,-0.056808540126247746,0.00552829165200191,-0.14552143421682084,-0.08775593787626637,-0.35948228335142,-0.21369061976161707
-0.0940101607340415,-0.17149741768190968,-0.20700265599287862,-0.04040285474976958,-0.21411230170057294,0.06143312395141598,-0.23492874880781267,0.07340132772826212,-0.2842857450823435,0.08185045451057216
-0.18906413828440052,-0.23132613805441324,-0.10554041291185712,-0.04307020503654431,-0.1195932984803807,-0.14599206188556213,-0.2474577866771793,0.04607867696113391,-0.3236084912357037,-0.20552677903235117
0.00988092503428653,-0.16072754995072686,-0.3317167806213095,0.061823572538855565,-0.1630700723865558,0.22324530886761929,-0.09424239592560339,-0.09236543286222637,-0.13538882668306876,-0.09506669765288564
0.07399649153968035,-0.04252685345674928,-0.23066648067742393,0.23955687537108905,-0.1722018384432628,-0.01329827733548384,-0.3823099993179325,-0.03557722107590088,-0.2651064366999012,-0.08374689522527842
-0.06276584469911475,-0.10141351467056216,-0.14872326466094068,0.09768706184330839,-0.0039007324138079363,-0.20867927580695597,-0.23258841463862717,-0.1609855530319665,-0.130508414452062,-0.003735156849058799
-0.005631726190372249,-0.021678292426224724,-0.11930430244900288,-0.11104887334046248,-0.21553851900678128,-0.07178337045939553,-0.05296039813632458,0.07314152856367903,0.011441304901836966,-0.11550234362666083
0.004914270443491339,-0.03436159203044688,-0.14280420099746088,0.08896706257512738,0.021190685701175105,-0.10086551577894812,-0.20574908245271575,-0.014893331338713386,0.047482600884595036,-0.09209449558485172
-0.043730356740564365,-0.10679191462767723,0.004959381858992085,0.012696723884249389,-0.08190765890579213,0.005983061037410586,0.14728580358283566,-0.04339031490339811,-0.09122575785659481,-0.1330784139407457
-0.20574235133079913,-0.10658740362296873,-0.07081410208675187,0.07046049551605674,-0.13572951667915661,0.02254623606342568,-0.07779849843333639,-0.0602265188025668,-0.2742981139653596,-0.26363637734701106
-0.0033651605741849416,0.00035112306505138274,-0.12284980816569721,-0.0015741813193690044,-0.09757188767965977,-0.039652717622640186,-0.07974520756698432,-0.07735665416030685,-0.014994724896976397,-0.11736256506804253
-0.04950352840537028,-0.09841623712350342,-0.05532164359151587,-0.018545614457038354,-0.07389839041071157,-0.190291953926851,0.0524298886542533,0.06586391233162164,-0.06925876547200603,-0.10631653753683158
-0.0782702816343917,0.0660755453737833,-0.29126399274067755,-0.10306647346537694,-0.13824501453103166,-0.06565010098245842,0.01821951557977325,-0.2956899411644792,-0.011379268155634906,-0.019693334183269046
-0.10592134559865672,-0.1794671154867053,0.20857094800292247,0.11914650539937843,-0.029203358261940218,0.025763832825849806,-0.0968659613889663,-0.05046442964658096,-0.002056322293517307,-0.010952203886121677
-0.1127210805512458,-0.07100788944683119,-0.06997450173331793,0.08945595913538526,-0.04470803201179165,-0.15310159035109405,0.0997195644349766,-0.15882809463018022,0.022904105211632136,-0.08675179426511637
-0.20193669309546594,-0.17349839068520878,0.07048072819095229,-0.029866782756315127,-0.09423995909059737,-0.10819652201945407,-0.03371516861698526,0.04723713665422716,-0.07520494902023186,0.06143553182110055
-0.04005393507841297,-0.1479912068714353,-0.018421412854608243,0.06959553593008448,0.030276360123430074,-0.2729273850588902,-0.043683569577444986,0.07809470264810905,-0.07850534473008819,-0.08903842373180754
0.029596328989031168,-0.06716631584974582,0.003242054886389855,0.10179541142835344,-0.11947891844561428,-0.118114524576902,-0.08011102254715238,0.00011002101333328074,-0.041948034386790456,-0.11185476254428559
-0.030291576164459197,-0.12410322772412177,-0.022906145789624494,-0.1671948947877039,-0.12216632007404046,-0.09204892503522748,0.0545684990462018,-0.030854913596701204,-0.029261522142674034,-0.03406775408667737
-0.1339824283271826,-0.06590504987725769,-0.05181913740120317,0.08820981346551426,-0.15892052543587737,-0.12525660776368625,0.08109384339039172,-0.10332139136285334,-1.352617529488953e-06,-0.18063875637576265
-0.09054846861257003,0.09698897709457946,0.10075407367023258,-0.04435611450646628,0.01775330852683034,-0.016075089931220927,-0.16408143688091636,-0.173157115829499,0.008688508643143064,-0.02614287880011639
-0.12818039033161427,-0.1779175993846936,-0.029471449979937156,0.0776534943749436,-0.25043853702644736,-0.2544470702215884,-0.05581855912645607,-0.05899878581755001,0.024895739761268756,-0.009283319283450948
-0.12025191743172275,-0.12274508242162911,0.10115223866408378,0.008343794080327899,-0.11005242695348547,0.07450898462501204,-0.0191920984342738,-0.030489184461504323,-0.07303585343289717,0.05974991508890655
0.09825824297374652,0.04975247425406999,-0.3074978183831076,0.051642561395448816,-0.020635495975935877,0.08522096850599684,-0.18714642326561107,-0.06432384105440818,-0.06647814406571524,0.04854609235072885
0.09412761035931752,-0.0764474678544218,-0.0016853130150493445,-0.08242550655784976,0.15254383398985705,-0.12097560791363503,0.10147371392863741,-0.1345475710669948,-0.02456429634062615,-0.031190601491344547
0.1853620899422765,-0.041474607230536135,-0.0592078229997404,-0.033207447943484736,0.04705156261774019,0.12542145029317764,-0.06604556299498347,0.15775088448757338,-0.02086303086393558,0.059367228975893215
-0.01219697902954052,-0.05535127377286535,-0.050353177523820396,0.24926570201373546,-0.11435122221258928,0.05034726915519677,0.1435019053165581,-0.009067633210507523,0.05563765523623526,-0.04795257834818016
0.23090310180092347,-0.03727959739800254,0.17520502949572095,-0.07059609368573504,0.0676417396167366,-0.04480478956911455,0.19816792541707987,0.1898870007987993,-0.15813664283372592,-0.11712377617959076
0.1063236574085436,0.05210136682382786,0.04156406338418776,0.1313889246090883,-0.19482347794811017,0.002835965419223721,0.03219086849761156,0.04838541216781751,-0.04091468721589944,-0.04075306910418837
0.2303471916587033,0.08399201913833707,-0.05034554260825891,0.07091500455191228,-0.14495888306781382,0.014548002494401864,0.18132405966415976,-0.1677492452219551,-0.11195188744346159,-0.16068115000095848
-0.003504178587968986,-0.08094867855703038,-0.059286370552135204,0.017249960438915628,0.036511439661973344,-0.0007139372980046223,0.01802681065637151,0.03369579702515794,-0.05064015509783436,0.06656548440503099
0.14302397517863114,-0.021148767468579653,-0.14263359014563454,0.027367690832111498,0.046994713960220605,-0.08024025171670683,-0.1319738569993047,0.11916443744111768,-0.24834897399069214,0.010495466084633823
0.31458610836378526,-0.1513699390794879,-0.06530696480725219,-0.01576763272143894,-0.04093720861023918,-0.12223414478085552,-0.06378192651825498,-0.060367973104283504,0.11369393326909456,-0.05894907795867345
0.23882969110960012,-0.08170145071822822,0.16756540876113193,0.08467280328048726,-0.02657343463725443,-0.05413050271267904,-0.15626362599681343,-0.17932688231326877,-0.043141109265846425,-0.04009575312057678
-0.033255547320006164,0.2583510067448904,0.07166345460253555,0.02664427364877788,-0.043753826270018295,-0.020834962560979768,-0.16604686740634556,-0.20480162685152498,0.2029329824213368,0.08674508890558699
0.2072978781338185,-0.12073038413208093,-0.1812486947341672,0.009971329643058913,-0.12359978192031079,0.10720746512669423,0.022607076878629367,0.1840863500445598,-0.005041017585239352,0.1841832860363312
-0.2199905910992443,-0.038060007972304154,0.11374906518664721,-0.04387790903632488,0.06778692223532214,-0.14275332585522382,-0.004703919629632182,0.16246670112806344,-0.17117640003006562,-0.0958850215206891
-0.011037309107956974,-0.10943307231961939,-0.1948953705101345,0.07123571913192908,0.0840684810431742,0.11379508851839806,0.07730098490552753,0.1515913131402858,-0.034646110959664994,-0.10035410468971974
-0.08067461365758274,-0.10179831651368279,-0.17538192838652938,-0.013919826562955678,0.03190442997078961,0.12881541954641887,-0.04810848475299909,0.07083129351205755,-0.0010637330972179046,0.047762975696909155
0.0644478591352788,-0.0395664134581937,0.0061655731594798535,-0.0010761113606951554,0.08723884539484929,-0.10904797202378635,-0.015211356709644769,-0.009536928216416794,0.06809209311204718,0.01623823362948772
-0.003954927524108212,0.13506846676541187,0.05020312495626971,-0.008411943459318042,0.044314866090538446,0.09775509452721418,0.06292870594028083,0.2013750560701349,0.14282600690450045,0.016247411263894156
0.08334339881769755,0.13558753905806648,-0.03322733163719621,0.007712362907343156,-0.01926640244387861,0.09405093770371413,-0.25023728070244866,-0.001941815274832344,-0.11235047729303517,-0.0003119048153134643
0.2488251086716534,-0.018171172779676663,0.13584624768171308,0.02585881069118694,-0.03006706957116862,0.05267849685924979,0.1523212385633866,-0.0757179408422744,0.07896130059103225,0.048395151246824905
0.23288533945506193,-0.1798119064649175,0.15602078934998337,-0.14328176214364483,0.0182375802370994,-0.00010866278637281651,-0.2698762361181193,-0.04187029576661004,0.008278815675081895,0.08896947132450117
0.1520834494152727,0.014061786994969516,-0.16464577758285184,-0.027616738549235798,0.05808075802270479,-0.003895041175476316,-0.13830743437501344,0.04981389150393606,0.032647534441646586,-0.026746761757541496
0.16491838675252313,-0.07321793972214441,0.14749542799777407,0.06402333246226351,-0.015691227876000125,0.02947908513267803,0.21016561050214003,-0.10524895073673954,0.22338643231997132,-0.11839407031794147
-0.21189042605719022,0.11238852374544457,0.11093135218790948,-0.04565015576579786,-0.12797017245841263,0.11044826853017864,-0.05283379063326883,-0.05604183811244508,-0.04125176461955937,-0.026954135230667885
-0.03944252448185974,0.09763313218260157,0.03556380293678006,-0.054598316645056426,0.07448156660984073,0.009570760520743026,0.06104480110428734,-0.08946234620948604,0.06520028377502876,0.010856555657522618
-0.05431581741500778,-0.11596088346600346,-0.04370387029910876,-0.1084169724450846,-0.1468064599238178,0.09942913725986058,0.12634285586366578,0.02252335628525274,-0.1271741398213651,0.055536918884668995
-0.10073326115836555,0.006946633384570255,-0.16138371408165697,-0.1841054237003798,-0.0443808711870116,-0.027677874586474027,0.028575421604564395,-0.016250780288163593,-0.06872307529104128,0.26340789853299496
0.1236387100974878,-0.12556036291543474,-0.036320116245027095,0.14086014023878796,-0.05527216131176445,-0.06433472550918135,0.09334394558708582,-0.01149137082843184,-0.047566009745374865,-0.010070501050841476
-0.07573876348587362,0.03850393221383606,0.044959707139920535,0.05215362226950347,-0.005166863198383314,-0.26749531847928504,0.08621533235144775,-0.013611044115428288,-0.1671676601749445,-0.2042298402921609
-0.2664387313351258,0.15200462853591246,-0.033509287031935224,-0.07586924540157011,-0.02274892142158988,0.08510412113187255,0.09058360315328332,-0.04094689991075367,-0.20315041357887922,0.06877158755107088
0.09570713446280443,0.05155480242092723,-0.11501599942055052,0.10362393438900688,-0.03894915897949188,-0.06271359875928492,-0.11774561656373395,-0.06111785725585825,0.017604607269504843,-0.2170382226521955
-0.15249620166909958,0.21375979801316103,0.046563352273475495,0.05374342377298097,-0.01837476464214126,-0.01898396526505246,0.1183709493199994,-0.0524418760963902,-0.16565178793176613,-0.1930448682632952
0.20877567235743577,-0.028189648414294166,-0.043690759752369975,0.15648453482800984,-0.192637966260777,0.1430782396795976,0.1081231899961644,0.0018810321523287585,-0.13585786143766718,-0.031447216667947954
0.0874285523708602,0.026892892502944535,0.021210929929917174,0.005600631567698043,-0.16061656006777456,0.05000842541428094,-0.007537296517375117,-0.07904207250057654,-0.057608738314423105,-0.06636133455514119
-0.04287534631362823,-0.11313876672650655,-0.0780151155831409,-0.06139813251542848,0.0606271097336719,-0.002227047483741023,-0.02027850499284221,-0.0299633888903807,-0.05346848622319073,-0.060844496038108896
-0.02085034030824852,-0.010200599668446768,-0.09418549181096607,-0.0032295119532386556,0.01328536530637173,0.015708056557735835,-0.0015798593530853486,0.18221617326945533,-0.06715141275664904,-0.06900751470626933
0.08077392195330027,0.1412692841777255,-0.005520575786413445,-0.075278166200231,-0.10898931077734772,-0.02756805182364828,-0.08627361531690099,0.05208627270868395,-0.17409093817290472,-0.07056671343452484
-0.09589849370964867,-0.11398641244340313,0.09926189916293338,0.1604367175956259,0.009959279890840635,-0.03180727679139131,-0.05118921192391347,-0.021204644169577118,0.015070530657740475,0.08806898364091774
-0.26655008613568043,-0.12259287023654777,0.001572935518658225,-0.08480625742784081,0.11477977754929873,-0.0007528540095853332,-0.0712904496300304,-0.017434892236775124,-0.18262244351065351,-0.002861964962120156
-0.07194175263341313,-0.016999884990913497,-0.11438736549657,-0.18273023289834314,0.029574843354767445,-0.05652479846737122,0.022734498370712522,-0.06720594062226562,0.07732334256500678,0.010524784421789217
-0.09815364623593155,0.08747294209960352,-0.031741857896280465,0.05000535092166042,0.18044502851766384,-0.03716216868460128,-0.06031384653196367,-0.15499599835564248,0.1402694652478687,-0.0954505627851083
-0.009609192288537655,0.10994204991289322,-0.091488298047183,0.024298443407091537,0.05125132142853145,0.09957668421602954,0.06289916951745086,-0.006189736975269866,-0.1461163674003868,-0.09177668963476324
0.10033335095764989,-0.09102711696436377,-0.14353701250390866,-0.12334497429697779,0.06359752878143361,-0.03589765903265717,0.04054942072201863,0.004683578659115029,0.22842139199991457,-0.13261284905749657
0.09881831893431485,0.14296387165853655,-0.1456104409301185,-0.012541922116987694,0.12077549704387608,-0.022720758590447872,0.06375925850589263,0.03427328078922137,0.11569956748389348,0.04179683599634407
0.11004587635665908,0.09995618464150006,-0.1292962913984663,-0.03085265234009201,-0.047358511292626165,0.04307363180189386,0.04627802108859104,0.03227750032544452,-0.06945019961163365,0.10779102204642932
0.10764292221874365,0.03840201971646663,-0.07057157669530266,0.02742639885483527,-0.05138049869309159,-0.11779387416163727,0.12470566166713373,0.06617640107339645,0.04402776768545574,0.051639509768756434
0.05237003129444631,0.1538427085769024,-0.04907134649191325,0.10814789317626834,0.013527022801678576,-0.0734890417529488,0.11436658464311704,-0.05317337643309719,0.08661621115468432,0.02110184192176315
-0.058835430776981675,0.0933481544879672,-0.03637373689791182,0.058116335938791015,0.008800513976584596,0.023760481767846946,0.17407586716428708,0.11653625402106403,0.07688776570767367,-0.027426316255156548
0.09422895787287598,-0.03908516766621966,0.07925137779855651,0.1244067333447341,-0.17339416122348988,-0.04478143711259662,0.06302692801443374,0.06914550291269256,-0.08910449630609632,0.11630255195347658
0.08805848927216181,-0.008407556083826973,0.10312964415875711,0.08933224427675501,-0.13258436949628533,0.05187227443039966,0.07571872050347972,0.09414505150787131,-0.05325275112014,0.01463266518065669
-0.10251915494042133,-0.033762868536558285,0.2234614887445357,0.0857305693400795,0.002765641093397272,0.17751747579515226,-0.04868775076448019,-0.05238707922119756,-0.16416643978980439,-0.04177049804258996
-0.030990350968041144,-0.14994186212699442,-0.0022558005357670094,0.1163852019789208,-0.023685720678027697,0.11595737232257877,-0.06903832836756582,0.04474461256855543,-0.14941710178424406,0.122410541480273
-0.05211417726943747,-0.053128032107442075,-0.0033325533180007796,0.05360463365183031,-0.09799842646955956,0.013546285291638316,-0.03177427694639416,-0.15846223117345756,0.044063596371768494,0.02415564060340484
-0.1308426617085371,-0.21270076829801854,0.14472327693602643,0.0530008743960277,0.06124824347194498,-0.050845528378995475,-0.3142990935237987,-0.10175951360199773,0.007801647636239514,-0.11720355753691662
0.053840580822524894,-0.06476514143604332,0.0008826829954521401,0.11893959148972236,0.06198628983199526,-0.07717570256543796,0.04735816601960517,-0.07661232978821003,-0.06348357608563636,0.09380374066245997
0.04465241852227407,-0.008551788890240136,-0.047041245321830655,-0.17713924559665795,0.007987079182935015,-0.08075174590225234,-0.13883302469625308,-0.01516946205362315,0.05442856626172258,0.10217984462733146
-0.023188139753609917,-0.02991177819358158,0.025249815762736095,-0.24484684759555775,-0.06796403376606319,-0.04687625417989,-0.08079399064950146,-0.019487304649675907,-0.004927335564181578,0.07640447887733372
-0.05141214934626825,-0.06975628966133872,0.08405312298784964,-0.20698576431780963,-0.21577080325610745,0.009674008431234254,0.02564879325475177,0.023903507257858968,0.10565670464647829,0.11769338972023946
0.07169374566675837,-0.25454003869702546,-0.08619162562268978,-0.05793567964748918,-0.05109080019983152,0.006168813072720214,0.06687538142124881,0.08715257226132761,-0.20136174035612556,0.11118274482585513
-0.18586989760404762,-0.051744296963444195,-0.17716795832909507,-0.013051370357053019,-0.05956826370031847,-0.08326070291181523,0.10611242784343275,0.12035611791802785,-0.30550158869850236,0.03617802813109483
-0.056062069530971724,-0.025631213084525036,0.048781649186371345,-0.13906726114817322,-0.04471921208998575,0.17294483558851126,0.07992889593482377,-0.07932688024850551,-0.01808372264631715,-0.05918555780877733
-0.1558841179833415,-0.15502488558687716,-0.10526219214496114,0.0050063839516960446,-0.02540961240839855,-0.07647574409463122,0.0007442181114646756,0.26570076509371493,-0.09001420040979308,-0.12224623124681522
-0.10769903497375705,-0.17027721272910473,-0.08563177687782039,0.09464352418125871,-0.05523134911847416,0.08146450786802525,-0.08881053170274839,0.055420805552852316,-0.10942950345988245,0.05477952914619287
-0.04733094775645446,-0.17524601397789158,-0.15104101696392008,-0.03310116113596656,-0.08808415109831749,0.05595059614170064,0.043834747112255684,-0.11097491328711166,-0.08223056285462316,-0.053007380185096195
-0.05503639902939966,0.00042372467375874356,-0.12086947965155037,-0.10937244039551622,-0.055330133399663736,0.13690882840172922,-0.0635887871165895,0.05265968739954225,-0.08400299314970092,0.006915006319706166
-0.0888104907608042,0.16693151179698462,0.06291379233149008,-0.012899470866687832,-0.0465156784755472,0.048746030681906194,0.008014748420655249,0.08836156255200078,-0.05322896953656598,-0.1434446578453938
-0.06695981674732485,-0.18231217224969032,0.03118096917248564,0.03430584886049608,0.12223666979875726,0.010367276470826903,-0.2095277803639692,-0.04824451718462729,-0.13212633191924938,0.14100505267506094
0.016238312859850598,0.16826539324181314,-0.015762685673762183,0.13490901879142178,-0.0477232373032275,0.06023427775103357,-0.11735951864905603,0.1523529591183901,-0.01679370682208986,0.20302826931419587
-0.028430559928727478,-0.0368901839894643,-0.10009811255127825,-0.02353760528993086,0.15708327049658105,0.3092820700374074,0.06114482018835686,0.16455718646366785,0.05755927170077821,0.09431366811238844
-0.10816250840872048,0.08342739031329907,-0.1564636698379093,0.08436184718043022,-0.043404870177811444,-0.1358944239889113,-0.16339383899393695,0.020532430397558442,-0.02709108566169816,0.14762696691718025
0.057728236392044,0.2029209841600524,0.06966613920886347,0.019978363146809237,0.08432703962828376,0.043974888695852664,-0.03194913273821148,0.15522129360236075,-0.23673502312275008,0.1272705080392057
-0.026914671077478004,-0.13989292398950842,-0.10170097680774481,0.09409240439324901,0.20835287656694396,-0.11068811449892615,-0.05499472318484326,-0.16474251643255503,0.03201755650657104,0.01618250780090048
-0.08909384046611458,-0.01910771798134122,-0.13410903921782158,-0.04873617449391672,-0.022580042858722706,-0.21698522622706418,-0.016162425906744174,-0.006760683960792137,0.07922873995614174,0.005642933620510458
0.16317916874430724,0.20105158464603712,-0.05933723980997517,-0.11715366507692883,0.12637150621056042,0.13878441219767143,-0.10320365978929673,0.07574141228780737,-0.08359531037969967,-0.09430783002914737
-0.032119174885217594,-0.1944115752836154,-0.03795591400564967,-0.019440902638178242,-0.2721131667623718,0.016433959504843887,-0.0006433577737257543,-0.12899160585666444,-0.05748823017598808,-0.11656793906967586
-0.16886814135567163,0.12348053822824091,0.057440121641425854,-0.11348198268883707,0.09604822523785049,-0.14069878728393223,-0.004125080746504896,-0.07086794257413835,0.015179814591092147,-0.06000048509341271
0.0388942457985175,0.06918603806348561,0.012512738447854103,-0.22753118201135014,0.028876409129804527,0.07384075537849759,0.018324343802591455,0.0031826406721291965,0.0015737590385339617,0.0817424688415525
0.04476831306360558,-0.0916647781867759,0.05910733681071023,0.09156606846150539,-0.0036950428197739527,0.07845561655067856,-0.10943460334789201,-0.009893707324202517,-0.05266823689368004,-0.07095885377168835
0.049754024087055204,-0.008205260242625204,-0.028184885597674774,-0.034460005546167086,0.0379604556926136,0.031891181242625535,0.0911144888901636,0.013377449059601738,-0.006509268965960946,0.004044676434956082
0.006129343905831173,-0.07189364828026856,-0.08051200487184401,-0.016321708550653964,-0.00882676313629447,-0.025058530404742548,-0.0969761355357262,0.046748224213729726,-1.3785966437428882e-06,-0.18733937793567013
-0.04891256975258333,0.1102489661207477,-0.1745081641135437,-0.1745950241282513,-0.14151266367258597,0.02597263496537372,0.09592127874665002,0.07759585300589872,0.009228088943957543,-0.06005496263178351
-0.07218138308777734,0.154336889990787,0.16087414557657714,-0.020337424299969827,-0.15756555175320341,-0.2048572396460775,0.000693672375746128,0.05477022164299608,-0.12328963976897767,-0.22236634959204724
-0.25010407539561264,0.00909525494641081,-0.10786118629783518,-0.10473264161811724,-0.18150356007146745,0.08918463807281066,0.025746890912102326,-0.06355457491128039,0.07123407653347472,-0.0795427518633443
-0.02482577733979131,-0.16130267782072705,0.16714564703528603,0.04167599352155328,-0.1824276491939054,-0.1399165673121564,-0.0944076322981304,0.02021484690636944,0.1086738586865282,-0.1103673682774991
-0.2848845130599807,-0.1407953418481754,-0.06561084020652647,-0.0422785774403711,-0.194999188002411,0.10317511278272468,-0.0867719181344978,0.014656545269796817,-0.16900589277824307,-0.02428198213579852
-0.02527001676694392,-0.16361040956427067,-0.03192312631900488,-0.07614784825925267,-0.08722534071535855,-0.13532782681055977,0.08399334726669594,-0.10435869060955623,-0.26311414629332086,-0.1583655256121139
-0.07385977550771099,-0.17326080443359504,-0.038616373704773735,-0.031717584263507875,-0.14110612107506523,0.04183425587711305,-0.16279957489986047,-0.032871359049425425,-0.1456527233342793,-0.09806229566821698
-0.04564778910283482,-0.19955376990776286,-0.018956019579327257,-0.1057273581248571,-0.35503205881498,-0.07494698049479856,-0.16949652006217247,-0.10324976240307746,-0.1638868658167299,0.07298002036351764
-0.13779893805738858,-0.09481314019120252,-0.06528364369368225,0.032411101044155566,-0.13253134466092345,-0.29608515034861027,-0.09237563596331055,0.0065030973476636195,-0.13339440751190038,-0.15866022096856036
-0.16694130893923348,-0.03491538349397018,0.027720498228297336,-0.13266727941061013,-0.08051254217001164,-0.11051006739663002,-0.2410327285902249,-0.020670787655408918,-0.18423883408128705,-0.10193137070391295
-0.301054327529744,0.0395331252582401,-0.11925550771156561,-0.026334380784111613,-0.13762750218943143,-0.06155734886855741,-0.08038787997550183,-0.003250917589239413,-0.26226242174274805,0.009760912655510545
-0.2474430014484558,-0.030296175950351695,-0.14698765031723518,-0.07659831012265979,-0.12586060164860619,-0.07832653005171053,-0.4561078756258655,0.020526859862379482,-0.2218531556846422,-0.20958766290006994
-0.27218058090770675,0.005931418118814542,-0.18381302550528536,-0.06820327977935867,-0.17265922132936629,-0.007843415253431345,-0.15541682355981212,0.01656033322831453,-0.3327684900227212,-0.06572335185052972
-0.12702767283185,-0.0025942192737613834,-0.18115349006434497,-0.08799918761361641,-0.12102954211821498,0.17743236331156165,-0.15966561519352634,0.07633342413002105,-0.0889339443993547,-0.036154185461202026
-0.23193949748774592,-0.032670384546192574,-0.17376851560132975,0.11506274862013548,-0.2317378899572875,-0.2139065727312193,0.00999540960607459,0.0007538133902605867,-0.20793184258286454,-0.035414103597681136
-0.17532882601844052,0.13150966066634215,-0.04372089260885548,-0.006614401162553227,-0.13376470451485545,-0.05275380037949048,-0.25168911681918626,-0.02081593781155941,0.0718086931324714,-0.19616644834622093
-0.15125274362461566,-0.12891425427023157,-0.10487378794225646,0.025362991758113226,-0.08438324310152617,-0.030570336129795747,0.07564711907287643,0.07756898090940008,-0.2071026980239113,-0.075168130151022
-0.25280168505906486,-0.07037520130332436,0.004861018369174505,0.17166705935279508,-0.10887857146454079,-0.06035489738435627,-0.06839501095483219,-0.05161440459894539,-0.04853344086775148,-0.060900025564976784
0.02255250457820103,0.04912672611287272,-0.15325988782162345,-0.048318575511743206,-0.12077423844298682,0.12049439190285563,0.01425583963871789,-0.047578235168335425,-0.008424908933535577,0.05534477150478789
-0.15009022758092533,-0.2642330284964926,-0.23552075684913462,0.029562563866419176,0.02768953821842607,0.12642814533042,-0.09122822398213905,0.10203034431148542,-0.3074271294232077,0.15342878925995404
-0.09182934118035799,-0.091548796543798,-0.08755210266822389,0.04617270066682393,-0.09373785302807128,-0.08027018535630534,-0.4164210340425689,0.005547311556682446,-0.11533869312720452,-0.06301888913309417
-0.028627019664030997,-0.002048510220649294,-0.22047508785756545,-0.21350849951602502,0.10962851168528723,-0.007200617965063966,-0.16035113818818106,-0.05614668024848941,-0.1092775660426791,0.00430826563658232
-0.058384214093691295,0.15962550683210194,-0.3090820663053363,0.0192310902675413,-0.036826282257148665,-0.09693722040984501,-0.21697472069915535,0.020273693651149435,-0.03228889071114047,-0.061985340384953236
-0.059244765209998974,0.11294185264352223,-0.022436149379731207,0.10664936796482442,-0.07474051700632497,-0.16821667330034318,-0.21783639591286108,-0.10370069701364984,0.035275460735750636,-0.26352424256886886
-0.20901294773085563,-0.02735682027526602,-0.1894840330727431,0.010064154581747723,-0.06319109288978203,-0.08174578343663835,-0.16426821942356754,-0.28205449610832056,0.06844321229799309,-0.0557730271961933
0.06864678022537607,0.020787061037289493,0.00622769951884497,0.12436936373183582,-0.2276713684204856,-0.18445810324055412,-0.020296407346805465,-0.03451531351196957,0.16527589913560184,-0.1820499946429458
-0.072265742946129,-0.05420203346863437,-0.07544473049238334,-0.060064284125917966,-0.18316820485310054,-0.16711922542818242,0.016296244862871366,0.032958178030598397,0.19608109470224183,-0.16506031137580146
-0.06148073704475389,-0.1494569152014567,0.0407084883964309,-0.0958077113481379,-0.13596610094159214,-0.2643885034821757,0.05685827622444808,0.1919893889546223,-0.09112882210433176,-0.0002710807145011179
-0.0274977911337416,0.038695195795184927,-0.027772264307062818,0.20069901551244468,-0.2736842695447907,0.05965348611099923,0.08608048798526989,0.12096135028162192,-0.15003971716662334,-0.06529437570341386
-0.1275840481366091,-0.1186155007369751,0.1939269580885023,0.049355227028940324,-0.07724119240981228,0.12691364664636418,-0.07055393420282485,0.14350918401184307,-0.1626004464873786,-0.027286393846700993
-0.1304645436210567,-0.24006193474659007,-0.20608872792039393,0.02239839513690666,0.013589641308630704,0.035342646385603776,-0.04431955071963299,-0.0660399753434833,-0.16937010701874375,0.030503989950074015
0.07244165418188227,-0.1564044958807326,-0.09680469626437455,0.004164609484948395,-0.11538539191051554,0.041923493672035614,-0.09818645344076077,0.1523796964506122,0.0011223945533794938,0.24153445257266715
0.255782521165977,0.01900344024751719,-0.04741642116401833,-0.1733299249691605,-0.0706047200702377,0.07279174644517675,-0.17084135155926028,0.04952484736116501,-0.186593190875611,0.07534394712860396
-0.05203788639817917,-0.08867984090902456,-0.03082142412203262,-0.16149334694711315,-0.1239883994418083,0.11261800152230914,-0.12397894991862422,0.07044329070434,-0.029713193001218278,0.000364169592419852
-0.22213322378629705,-0.015208005752756198,-0.001481901728774715,0.11018819434357602,0.0002283310867759701,0.15073859630777176,-0.327454404935958,0.12647070206808766,0.012664302560270586,-0.06723695920594222
0.04816376961739259,-0.09753263047309749,0.02164136302516799,0.04444824922249021,-0.017437812643526854,0.07037977990640097,-0.15192851415066674,0.050357872911599245,0.035952427528454386,-0.005243293037634924
-0.14086936163441577,-0.2147539587743632,0.17141295708643584,-0.08713656330612364,-0.17132337099958336,-0.005504345966387533,-0.051556966094564505,0.0865580632204413,0.11749310715679465,0.05384703914067744
0.045606834575917354,-0.14950791661517446,0.09870416815493743,0.07773323872199026,0.13830664256363617,-0.060204227757729406,-0.11573180460487084,0.20409248389675133,-0.0009506276953603204,0.033107615281639614
-0.09141955820770153,0.02001006908076315,0.03760655221702791,-0.02915426101874583,-0.06795172034241334,0.08774654559322732,0.05945744107582851,0.1420247839814643,0.012165363143894912,0.15063653973217506
0.04374844448087125,-0.0256640789143127,-0.036117564451404044,0.03672317416084882,-0.08947786904431534,0.05898982504444679,0.09885638025239327,0.0060469968419653575,-0.2037808346375758,0.06088889384345428
-0.0025198845867533716,-0.026097548588774062,-0.1997186174002243,0.23765778675362656,-0.1290056983222587,0.14315408564115029,-0.08397506299256977,0.021410864450501884,0.014949452261184562,-0.042894122890332675
-0.04604708886575937,0.07256647440924961,-0.03802568650336027,0.01720103174804266,-0.02056591181540137,0.16856119934607228,-0.17087883781791624,-0.07426574205401945,-0.048542566423766226,0.001671293493717689
-0.03475446602909449,-0.00780875192107619,-0.06016579304258174,0.017639282362444955,0.010581881560474666,-0.042413445271915255,0.1820540517350525,-0.15854786798977902,-0.0698445989908735,-0.07086948858762784
0.05282531583642334,-0.0429195946824534,-0.025217400208780286,0.13535719869775004,0.05590882421933645,-0.08700135510776442,-0.023988018611392388,0.08051098198450322,-0.009664754824455946,-0.11997823016999579
0.0983878358824221,-0.030139987125054363,0.10216953516517692,-0.03750312757016494,-0.06738534205373145,-0.036210381723776316,-0.06505225671782124,-0.138395523007852,-0.04678621019454732,0.05493207875982821
0.017976872919137125,-0.016212097798630795,-0.012083105587041601,-0.15625057816027454,-0.02779333841985311,-0.23872789594006025,-0.15374805774988815,0.06692266068215917,-0.0960332532660268,0.04215344926210561
-0.06775686282756341,-0.032061476828306706,0.000761853226349106,0.07746808217179636,0.11106308668055773,-0.05421183266906912,-0.07788815210455859,0.042273246948626816,0.06379964761808857,-0.20480066554392423
-0.06950332992325675,-0.1763735371027926,0.10865135064406514,-0.052298736792152245,-0.1871374058929367,-0.1692202679585628,-0.08657698405490175,-0.0442982821255443,0.12292738757387822,-0.1222742055393308
-0.03901609627181674,-0.1751158705846047,-0.026434341394523844,-0.09360970653346662,-0.10106438939006218,-0.09973618548124337,0.011605962916567895,0.014440379036051432,-0.051295120890545824,-0.04149893298699871
0.12102626686580903,-0.20172766930036057,-0.155890044573995,-0.062096760887815995,-0.19548774494376076,0.17778317052829154,-0.06400139036099271,0.03578754745933377,-0.05597582579398347,-0.05932667236936363
0.0024749258831881383,-0.024345238853921758,-0.12210023411930918,-0.26351562970261905,-0.026315573063348738,0.10100494650488671,-0.17223134234666418,0.2008903420508021,-0.24066323374679643,-0.12127663185091765
-0.13860098212579905,0.014226544037703785,-0.115742302091343,-0.16518847533458375,-0.04355401402309468,0.15252971766408094,-0.07090020204168711,0.04582716606225254,0.019769194114477272,-0.04572413346879535
-0.06957526400001751,-0.05144422452314237,-0.005077598438985656,-0.02508828004218046,-0.08980979301897868,0.044109718755133594,-0.036517664093536434,0.026304304614305454,-0.04864123655518819,0.15948683535449093
-0.006435465969423336,0.05278939580319157,-0.012752945944736124,0.029135765031476423,-0.10929662050558851,0.05166749666911752,0.0007639975021240877,-0.0008971813250871971,-0.25039642697694614,0.1505299049786916
-0.06811483644568507,-0.05599914315797117,-0.0023634667869335685,0.21190428581651036,-0.016029022863321054,-0.048271909049864475,0.10927412075693438,0.222122464808725,-0.017116423889154325,0.04099772077668572
-0.07682990182675639,0.11242776448570663,-0.05276911326872053,0.1495939681097561,0.06812748551846157,0.11112591117143927,-0.002515662690132321,0.003525838193801232,-0.011632409900328988,0.1223210041214926
0.02012275692066745,-0.04760613661710446,0.06184888801357451,0.18593130927463508,0.037475227665561314,0.14383405290876747,0.02230253267900485,0.0761614490645174,-0.06292128199900192,0.06297716357926089
-0.024040357724898428,0.17091861351560372,-0.04603626975566389,0.03136470761999756,0.06917191982026888,0.059752822470771155,0.14867253087863994,0.03760018913753206,0.0831309948744664,0.14673323490534082
-0.011274095345904268,0.09724606924496977,0.006557586577462043,0.07503633988152247,0.06250852736175871,0.051598550095006517,0.08215353504813158,0.12397465061077667,0.05608937176935076,0.05118155093279805
0.22177162104153142,0.0019186765564290706,0.15083502091024165,0.15843145598029554,-0.10306549748703621,0.18061737099737188,-0.00042225599704156375,0.05117908404015256,0.15401174961179748,0.30913071262898556
0.2191263120294712,0.09247768600085701,0.08977058053928902,0.1574521806136307,0.018980539042579805,0.092412477570406,0.19673302631714745,0.07530894078956432,-0.017869578948274026,0.008543950370222805
0.17159046300409508,-0.023181320854296777,0.010638163199463535,0.09248548646004526,0.17358994758816804,0.2102337834838347,0.17973200583198445,0.012893248686696474,0.02834138520628835,0.1382193490265441
0.29938319985244316,-0.1641898556239734,0.03620248690469995,0.029478717624844157,0.04133259766365985,0.01590661520754287,0.013655196968022573,0.08183110649301276,-0.006589507186007343,0.05639012732969682
0.28269481340466585,-0.06625739534481748,-0.03574905396894017,0.08431802176213042,-0.05811329462112412,0.04090281698378288,0.14027482223437665,0.19192148902275083,0.00725548462529596,0.018325029622914497
0.004964080674947094,0.00823385504653793,0.02867624053883413,0.07764812979701888,0.020665172097971675,0.12181596056511794,0.1331085525653365,0.16251461691667143,-0.03292338277490525,-0.05179046706413972
0.048590861325784315,-0.023672396048805583,0.03391201050976259,-0.03351701646491956,0.006643270247364016,0.009035657039521763,-0.03401295829721375,0.06288260264370812,0.09208212737529375,0.15976904204984083
0.026454848432300004,0.00701412047719753,0.1096634277820699,-0.07884444638900344,0.1922652342378485,-0.02371436339778949,0.03970293081561768,-0.08634698635188306,0.07652993357253578,-0.15509771819841578
-0.11103102300520294,0.06038694792348327,-0.0293013723507655,-0.029532883306694065,0.010448968349624728,0.11082703007669964,0.028341284695937333,0.15243794391762366,-0.09492053266440628,0.09191441928230897
0.010390544709476628,0.09503405869796762,0.0038972157246190305,-0.037405688906076054,0.04655830624749393,-0.07827416455259395,-0.0395759800770319,0.014488252726411185,0.10911064267453979,0.08889422585229059
-0.034131180034707026,0.04281607641859565,0.03573242068870333,0.03770333269516095,-0.16048236258006873,0.017991485811261605,-0.2057846252284592,0.0732942928651323,-0.04873660463776832,0.07749750516745227
0.17562396756657186,0.05483756979299226,0.12669641299460954,0.07783629521222821,0.0716686680145492,0.12470111726880015,0.025030257216475872,-0.053054006557798586,-0.1221744099296646,-0.10761386833960918
0.16395783063690422,-0.010409350283116105,0.08772688410333127,0.1916615830756218,-0.15575711958457958,0.07608298974043534,-0.09806057655688606,-0.02301247626120876,0.06123587125986103,-0.034772025559495795
-0.06613325696924181,-0.13006694100916782,0.09491452945271402,0.05979605260596845,0.037536824469894425,-0.1137503944492167,0.08176557762437167,-0.03126904993469086,-0.0035785350036330044,-0.07270683477908202
0.14104882016048043,-0.07072954425927083,0.1271555431156934,-0.04482000872346045,-0.05383921282168843,-0.2555153436728722,0.11451223063943997,0.03481712435956179,-0.027498188714838355,0.14302562883838607
0.1796016170604624,-0.02153865235308001,0.03747328097199578,0.045976201285465215,-0.15380264902874066,0.17183371760967112,0.11151728830008052,-0.05125809167039595,-0.18435099767678353,-0.10874934457708149
0.08845399451919089,-0.04657492237936524,0.05422391843539835,-0.05425215819154072,-0.10060509970415889,0.04522912070361809,-0.07553928533818938,-0.13850780431905135,0.020704047465787155,0.25036575169908376
0.10076467842526,-0.03970894118929448,0.008163271776030757,0.0057473568421694335,-0.032803447312572565,-0.0037168389860167605,-0.032747876075083,-0.1789745373635319,0.08521985553387841,0.1404765141981178
0.14322523725154498,-0.16601010840659086,0.019094068632416483,-0.04181109326337253,0.1237640030528206,0.02999299025947484,-0.03209705309340088,-0.14872180494031872,0.07521391824556528,0.20705847125316323
-0.03398386418040941,-0.038977557682224086,0.02251123858086955,-0.15877053777502248,0.042271617483537235,-0.23058389101273433,0.06415025955462544,-0.08172495800151826,-0.11160296961024982,0.21894416175399678
-0.11954179248459845,-0.24411980096723968,-0.12232622698330106,-0.15164498412615596,0.0394158062964485,-0.18928491279046214,0.002103540729413038,-0.026437651108851948,0.21084017117778056,0.06939349161536551
-0.09309140747804595,-0.026319857571116878,-0.0920614681049963,-0.022183190413004997,-0.017800783226114145,0.045384979523720226,-0.08888243067290616,-0.15316541133354514,-0.041951306466638805,0.03879545650468473
0.10629720166620735,0.09348094975612625,-0.04238763132294341,-0.09927988819738795,0.017210889511104863,-0.16809978903443623,0.08191674277165194,-0.005491777854415215,-0.03378837259710864,-0.03491984256466242
0.06431917117209027,0.14710086398198002,-0.04862880059504504,-0.12405240586256314,0.05812401418045182,0.08408938406296187,-0.3189521448332649,0.008989787967764305,0.19255054164644236,0.028528283615006325
0.08604766303661318,-0.014796156017492772,0.028465047763901394,0.012352334980973496,0.0800872560723212,-0.12360111721290117,0.1627099240368391,-0.006613198650069599,0.09990015668004829,0.07161578579273292
-0.10755584313848204,0.3271287434943227,0.0698526777649172,0.1436814634004768,-0.12690891929555279,0.08308757661512321,0.13035633939616315,0.14088455018113777,0.018433513025458287,-0.1499512542398429
0.07042978737783524,0.22573422915636804,0.07309412553912273,-0.050898518299808446,0.11835373257732362,0.02012158644616993,0.15889979618837485,-0.010717064423892274,0.15741748640867828,0.10701616221654844
-0.012705843409332791,0.04062801326634234,0.06919213089553336,-0.027282590200899487,-0.10519524071038809,0.041305561459217585,0.28148347315949723,0.09975761665280099,0.1357410940667206,0.23846094535199036
0.05870648774162656,0.024904216903569233,-0.0010959319618020213,0.06029872546302344,-0.043811267063762704,0.29632182037913435,-0.09197580657583293,0.10089720725518184,-0.020760888094469843,0.09811954090549257
0.011033762624630045,-0.03673739788140702,0.23979345312553765,-0.05546595608077935,0.14983406743721533,0.13784763364901925,0.15764830301858793,-0.011859146938127174,-0.11976392455776688,0.04585772357700442
0.10876923573435188,0.11660878597220932,0.13089387893377485,0.12090983039650031,0.3343261239529256,0.10753787329594687,0.03289276391814923,0.14624438508952656,-0.10603434988273774,-0.044337855923354486
0.12194295228586922,0.11055690280737662,0.17601217861225898,0.13826598803389656,0.1662998357349197,0.03640675937988379,-0.0982552840969175,0.18883012220897705,-0.1414364861578158,0.0017048842213597398
0.012583021053891669,0.1008995344399168,0.14368599688667757,0.06110861803651758,0.004594844246979604,0.07513332932569391,-0.06811972579289619,-0.055814531575257904,-0.01093779627453869,0.026059276625298788
-0.07497113422755139,-0.004541675552053301,0.04902507274632021,0.016793344208955147,-0.038639128370040035,0.061113404129498915,2.576426226468323e-05,0.07739912221523718,0.12704139997634006,-0.0016194073299950528
0.05795934026536099,-0.04466626459442208,0.15682684295385646,0.03387003298531492,0.0816439482250484,0.027374106703941463,0.06939611324090388,-0.03895326209743358,-0.013192595210854308,0.02333313934721764
-0.060097858429460346,-0.15094887177862887,-0.17100709888761592,-0.1527758294858209,0.13196951301421736,0.012935720849756346,-0.06746146228640917,0.10118065579528313,0.006280495491135274,0.024607052102386485
-0.004354970477141326,0.08967165211917673,-0.05233722459014347,-0.15666069796528598,0.052083257911919804,-0.061384267207147056,0.0007355804765131098,0.2867076027075756,0.20020210327473248,-0.012982794012761721
0.02952451373561993,0.05882699763022429,0.06385494871990788,0.20793734845636655,0.1977398827234987,-0.07561792419269513,-0.09757759838769006,0.08510011413247129,-0.1949422509962625,0.15802426827685379
-0.016433673885208812,0.13109040665968025,-0.011089545712858407,-0.07428616127671644,-0.04930987135527468,0.09513893868758191,0.046386496038532496,0.14063936538214664,0.170133538379527,0.027923854651013456
-0.02941252115776921,0.305070033506598,-0.02863651601707901,0.12088970305678058,0.16390220013765242,0.19885360932037033,0.035127370805226134,-0.001103329122816299,0.013316464681601442,0.032239073105787976
-0.10581487606080064,0.1300304432295335,0.03411371274750874,-0.04778064448516442,-0.028738181131707313,-0.03812909819559308,0.12405730682002411,0.01819626296695393,-0.0646631008704791,-0.0592383697640981
0.13390507354397957,0.05905488200588976,0.011685947332132282,-0.10050007618059104,0.09890087565131497,-0.03413350468458256,-0.045508218316624716,0.04704160077297823,0.0031436164828584708,-0.12497077965159353
0.01348591615111551,0.03819022964648576,0.07526978886671051,-0.11705848888782475,0.009731208229311488,-0.04998095380165589,-0.014653680977663099,-0.15118861339523798,0.06071361408781922,0.03622371850969853
0.02271666167404726,-0.11812222445348693,-0.16822219024873225,0.09914996215197316,0.00542380995417233,-0.10032402906816416,0.04857129970388839,-0.14693115491294798,0.13099685606013456,-0.1440916514427925
0.05802580490901796,-0.00036711044574616256,-0.11554171572615668,0.03218404612359909,-0.09043900177267947,-0.09696808194067191,-0.05780521302238084,0.04482989491030202,0.0902998362479848,-0.1116537093710965
-0.14358494091499652,-0.11799364868859621,0.14169794611797196,-0.023981410113215893,0.10140755207759569,-0.2430969779159166,0.04447225318574738,-0.010828445591289423,0.20351790874647582,-0.0722157055847564
-0.022716437027485784,0.02913614059071501,0.05473691534274086,-0.2922692457788409,-0.1943027946995083,-0.035880044659786704,-0.026282450370758652,0.0980232232246,0.18283126068432892,-0.046788282877793824
0.14821817019482905,-0.05448935748833624,0.08151613230518079,0.06798232229389736,-0.1893081407319565,0.0020583198128481146,0.10561743263221589,0.1238500122039809,-0.025820474708076094,0.1389965125919448
0.10726250455100432,-0.12451253131684996,-0.1104729116830516,-0.15693916454082915,-0.20100918489341307,0.07711537163887874,0.09527235375219156,0.053932382914732846,0.047330504051965074,0.2044872694383108
0.1406758868319909,0.04729220076328231,-0.1275286982312631,-0.021893993756743547,0.06625617702185739,-0.07916373226296111,-0.013536612172287271,0.08685530618759027,0.09255176418567798,-0.02838650658071651
0.08603390527329893,0.06443288791639612,0.024254126646469677,0.06909479912485009,0.03150925346087476,-0.09964021602445877,-0.131068058222291,0.1360904859655448,-0.10968789287222856,0.1818052466042629
0.049239128263102644,-0.13363226549592444,0.018211510577920195,-0.015706670837101273,0.17705903422368693,-0.005946223740168368,0.015256283501631563,0.06638694055474013,-0.10483956520088225,0.13534381365773848
-0.054382820992979405,0.0708542980061968,-0.048731401250662,0.0819484484640263,-0.048750312656172134,-0.08380012268087163,0.04635091014519731,-0.1731268541551107,-0.03485452270624976,0.29909211372673333
-0.07286197041937115,-0.07159533014265221,-0.03521453450726071,-0.05388188547889322,0.03830708151237429,-0.03019349793049484,0.07593642580719265,0.1300943418982625,0.026469386167013956,-0.11857252383212852
0.04678352550039676,0.012872849500225434,0.1781884367045287,0.12944873842569898,-0.08485318657181645,-0.1403112745778653,0.06859454162873502,-0.06299444313035861,-0.026076361169598525,-0.0995414552853309
-0.14386026572637012,0.0785681285446379,0.1431460361510197,-0.015951499463701273,0.12267915410229108,0.02206016289818643,-0.012500578251268109,-0.06300313966280903,-0.1843427604522407,-0.18805553033968567
-0.11818569391768402,0.17383253881753052,-0.05662293381074068,-0.039752699078542716,-0.00682568352639383,-0.01862933005779988,-0.013414351980413065,0.08600714374548381,-0.02010524097446904,-0.10676294860415439
-0.0635963447984079,0.1141584755553044,0.05203892551501371,0.002658878342924772,0.05878583780092589,-0.10745926679090576,-0.1132007320211114,-0.03368076225058496,0.009155552911348994,-0.08457863415171178
0.14191681991693983,-0.015298493271806268,-0.04598964603535907,0.0034459267556019267,-0.03069607798240424,-0.06886922749619787,-0.07704854469741967,-0.03949573954583072,-0.059453625418948206,0.05542624312044599
0.04743337316961227,0.08220502684679983,-0.11653188761825256,0.07566134215216755,0.04953303825329604,-0.11333902577615597,0.030518495564508974,-0.050441527486932564,0.02207638235290731,-0.14657474037552418
-0.10844828372903395,-0.060218070770973506,0.010479206071549053,-0.18051541926472817,0.13555250959933424,0.03049098260591105,-0.09822836319651587,-0.05228452691957054,0.18286651448669147,-0.06939556705657474
0.09465101986495002,-0.01516479106439619,-0.023768815612965385,-0.15623701867852524,0.018294565742928506,-0.03235627202722864,0.03372168469541652,-0.09172309072233369,0.17034173318080986,-0.1343319130044786
-0.10439578613612414,-0.15060488815489903,0.18570437871399864,0.08311062147995651,-0.042014025708070474,-0.08948184254709449,0.06173146848443831,-0.06146310162864847,0.18947329706818378,0.04340007254024409
0.19158319196894735,-0.13353343517459532,0.16437574075349978,-0.04103935631444851,-0.06676269648983564,0.07690060085454538,0.00047856774493448134,0.15477664786191553,0.2028906469245061,-0.1791300081460115
0.15132687597195996,-0.1365174168915215,0.07783885978843585,0.08080347282638978,-0.09974981731186892,0.13387045934514552,0.11166018413373538,-0.03840968999253089,0.04179576684978406,-0.049636116767797944
0.0926170698264893,0.0103704767161754,0.15077414179422227,0.07126903879188318,0.14346279738056916,-0.008612416182821936,0.06839811227738729,-0.06616707926846387,-0.022705770354242857,-0.049004987885969055
0.20405133174561088,0.2359948036627756,0.07821201915022867,-0.011600338713538761,-0.2219424767666573,0.03662756746484819,0.043487227747202144,-0.13744081514075104,0.046078688149130194,-0.021757126537528426
0.23940831533513093,-0.10750321697296214,-0.006444173824985307,0.0503544003604136,0.03636699924515854,-0.042026481834667714,0.12789655986848358,0.0972768417509883,0.08976458408679086,0.08829030796504646
-0.08760323813464228,0.080286098687393,-0.02699085502503551,-0.01805417054464315,0.07842209586666422,-0.04245670717592039,0.13285073859621638,0.06931409402082164,0.03545507642302437,-0.011560849650841495
-0.12458287483925685,0.007007857203377369,0.08252707188831768,0.09735570129075197,0.001358360268551283,0.08004623880493673,-0.06381362171042215,0.026177813090583986,-0.05158180983158735,0.06100248144006173
0.07862411738907943,-0.10973522488354544,0.07235746031220044,0.06252816538731426,0.2111623198016803,-0.1872192422371381,-0.08121855550848134,0.1836438302972594,-0.031291720189429204,0.05466918193280283
-0.03848049708837217,0.048836709637900086,0.048072988037947136,-0.17083135368859204,0.1599054254968516,-0.006883355690085281,0.07691920954688407,-0.08108021651644298,0.014472449543994332,-0.09710751600064854
0.14250938035027516,0.17652143154795572,-0.10219668125270243,0.00978686476699587,-0.053827675685144835,-0.07898209635355563,-0.04607771417828066,-0.022610526858221906,-0.05188613434689856,-0.06421106405886051
0.10495366040099355,-0.05349047742759358,0.02151907401348588,0.09887211384262354,0.18049146006197614,0.03575946183777601,0.0045902783483211945,0.03404285345160518,0.05442092512862656,-0.04938460950074496
-0.044528967015239534,0.10632190590089083,-0.15968967165076037,-0.001876579037281694,0.06276965281488914,0.08259121050658026,-0.10226735245686397,0.13643577438593416,0.01665417358348039,0.13005161175357752
0.09715342833639015,-0.04675846730043838,0.011301024796857968,0.06617584096584164,0.0323076076022627,-0.047175820963993725,-0.17716820974913675,0.13058739608512013,0.01737511368632486,-0.001225360647755836
0.091060039283348,0.14870110003835596,0.15102063640718683,-0.0350341348341796,-0.023153417029130027,-0.025466365585044233,-0.08235488330670963,0.09487375331718398,0.024814544757928773,-0.011878301927901978
0.07503277997105047,0.12927955454894816,-0.0966545171152342,0.03814392323236293,-0.06143577757878764,0.022438950899005296,0.2167421127125451,-0.12543330596792554,0.09382899032665687,0.16663978839420077
0.21559381076773415,-0.04286889416941851,0.010880473285127194,-0.06904061474275773,-0.23096944355664492,0.01436392290583718,0.18499420717743847,0.09428770237938337,0.09108758627869165,-0.044949844195018546
0.03444840437056164,-0.05716775133686952,0.049755578877535137,-0.05193978240955665,-0.08954563385175256,0.06881981819631397,-0.09948573120144638,0.040272252313528885,-0.007659982253295665,0.10859722132062563
0.06774908891203366,-0.03561004325563957,0.06937890975604122,0.09817149221677626,-0.033101609580873215,-0.033206957671456545,-0.07954529362116806,0.11001325782693329,0.16949274777275572,-0.01856315880115013
0.12108912200031677,-0.024066555431905775,-0.19448265354934824,-0.019396779289391312,-0.054724547897635686,-0.01913481499389629,0.013832290043262812,-0.0312595567059467,0.07615110848187745,0.093229280784625
0.2050176566900015,-0.13783926445721642,0.17125365420889227,0.10624464354644512,-0.04659278759598324,0.12306598413225293,-0.15238691595476864,-0.02642339284925123,0.047836701647737484,0.05930868475193851
0.13988442993441064,-0.13165395862324386,-0.00872238850917497,0.11108882002578377,-0.04164886484939473,-0.2257955845744618,0.04275186236068944,-0.05116307348832441,0.07987308266853463,0.23755280429598574
0.19453067161771093,0.0026064239154578103,-0.034536487904743195,0.0030422141480035553,0.05231310151274237,0.02738645453189679,-0.05365910716766447,-0.011828750551012795,0.1621005921072063,0.0410034633479108
0.20114758927302018,0.09331444133118774,-0.06445440284698126,-0.09767543397744656,-0.0035788681768521707,-0.009073652808354045,-0.19739699801314486,0.12678964320275962,0.023082213672726386,0.0605223824420292
0.08625274187942299,0.0864260777109512,0.049948070953578415,0.08692985412978824,-0.008029637628386876,-0.12415779289407872,0.0477029564882972,-0.0018483377964120945,0.12558268005255732,0.08836756453965221
0.032399364036475885,0.009774645950800492,-0.04164019502356763,-0.003034218768975947,-0.018751970908528218,0.04648104833353157,-0.10095698795570957,0.09821327251357195,0.007632025453328847,0.25477470886129366
-0.012083004265438,0.024483099548466662,-0.11225694576712077,-0.055644469404451724,0.13528110569944962,-0.16799222992041118,0.09240015378627325,0.07634081720812279,0.135118682183084,0.15048910572821425
-0.2502979706501854,-0.04473730325153544,-0.1128391872622336,-0.13825944583814714,0.11227041138784408,0.057930238351588496,-0.088740534876259,0.0014936958438128943,0.11707882519236384,0.022780463782805047
0.05818519979139911,-0.2551010568190568,0.1700922696792824,-0.03681168504616584,0.2030213127078842,-0.19891248683134638,0.06460779037438519,-0.047452921823343805,-0.09003733423425517,0.14599210942199436
0.07486981863681808,0.0008923156156935494,-0.06892471098312186,-0.2262765381628344,0.16524833481213907,-0.12367304556756206,-0.03732642644197862,0.25477596512013123,-0.09418485179606892,0.014428228992675343
0.08871382799593526,0.03746012669509592,0.11439315222228677,0.08013086902156413,0.23549647135216645,0.13322835554089568,-0.007011993317353096,-0.0031465950381137676,0.1560228536744264,-0.04721252501882122
-0.05700496982634283,-0.13829756246404035,-0.16562264526093828,0.008328411453842246,0.07765702851457999,0.1955199455582562,-0.0829589754031905,0.07244527896954567,0.20495347684734416,-0.155169000094862
0.05688543244781404,-0.004754605462301123,0.1460695540621999,-0.10620382091373948,-0.07497863416830078,0.061995372846252714,-0.09094480027626864,0.1514026230935062,0.03881482008128161,-0.051512440729624034
0.07807393538480759,0.1775033119944033,-0.026312925558835125,0.09166365946909004,-0.041462048074895855,0.0440894454058203,-0.03450879657889224,0.13183935248560325,0.03721342216308763,0.10788019261285078
0.0976022470658954,0.08688047348157979,0.04645558008110685,0.0072223623911770694,0.0012276562401945124,0.042250502030257014,0.035180533411637384,0.20441492783760523,-0.13818599759029285,0.12386995446997831
0.02172720099773527,0.2390250366771539,0.06360331522120177,0.1786870221656403,-0.06328199324412513,-0.06088284964400609,0.053236873829063586,0.004966890116907215,-0.07274239934536007,0.15150411419032986
0.036971720906036495,-0.11901281243219791,0.0592110323255541,0.2046320348278178,0.11292932840852143,0.016639063755658955,-0.06912578390420299,-0.04080104529887777,-0.026138607334010452,0.02748030923346858
0.10802035551180231,-0.030548139151416603,-0.011244214759451442,0.06287617981600123,-0.041099903043331325,-0.048262637419543966,-0.08379443124519792,-0.016730125896144893,0.08980124920209683,-0.07632161031991869
-0.13209318936615227,0.040876434628647144,-0.11609461665728601,0.07104446385731189,0.09104756958380796,-0.0375675303168883,0.005879139471505718,0.04406400737675039,0.29667624239372015,0.013541827178149673
-0.00938167372900734,-0.01415774230130423,-0.158344659069273,-0.0033177033279612224,-0.09270574843192081,-0.11316141966122373,-0.06122132750396188,0.04503484064732943,-0.09837184167855094,-0.13711520175475342
0.17632206236832618,-0.12417362807155204,-0.06091783461724796,0.021245477144953305,0.12859971593630312,-0.043060228633947165,0.039569180158002454,0.04250582431831244,-0.15877347872635844,0.037112619423169624
-0.06065687026186813,0.06467675146714524,0.04524600782938856,0.06370830481722904,0.16458380612968118,0.02189653962757794,0.08293806378434532,-0.03945099743880663,-0.030663451984503647,-0.024395758004704872
-0.10085366044134647,0.09487029812897163,-0.1949544375144029,0.04835936421875933,0.09721704817285877,0.09673640942166442,-0.07356082813537346,-0.20240803576635807,-0.04778098258718465,0.02030358772091309
-0.06478243414580118,0.012427687595457865,-0.17581211259324234,0.06109239540398356,0.12172586143494524,-0.23526946357088618,-0.10882742264699528,-0.0866474899566271,-0.09790631941184041,0.007200657796194176
0.03780183696578162,0.05332035702248948,0.05461253369448513,0.011139017121599143,0.041151351812323315,0.10994584922144401,-0.017290056100371133,-0.08234145738470927,-0.008738120452499777,0.0012974669181229706
-0.23825356019336102,0.1340519029898123,-0.028690300864567427,-0.06447848619780366,-0.20005479524127964,-0.09989080180508234,-0.028975435617982714,0.17336796954525274,-0.05414079500418033,0.08078634464341684
0.02887460545440397,0.046903886906148384,0.01356148630606123,0.15125943090942906,-0.2552515933525796,0.11600345711280673,0.004461065282784412,0.014530998609286423,0.015322717274863812,-0.020682069953070384
0.1622590602967659,0.05237274804346876,-0.09363412597081205,-0.030126963435770662,-0.07023893042432398,0.08766534992187884,-0.07776735981834286,0.0810372923594717,-0.23735156293984822,0.03251039828392423
0.012393320363101396,-0.17378916037326528,-0.11021502072231246,0.023343887711241865,0.016771892807408185,-0.11568814124416138,-0.05500032262943361,-0.1418667436062281,-0.020281585544164843,-0.035681622578183074
-0.04050799592077915,-0.010868951930296494,-0.03957160415147834,0.06669204163339373,-0.0375940513700434,-0.11889652218237602,-0.139028954857874,-0.030492666710368033,0.03653804890859974,-0.04430450824321208
-0.10390199055852994,-0.06990220663378034,-0.06855851596096221,-0.034633094598935196,-0.07060615997927808,-0.01994538509009236,-0.10810228884520018,-0.06177799024473481,-0.10520459348428014,-0.11750578817819823
-0.10799628984703713,-0.15902132179395653,-0.10174298079203607,-0.06329959732288211,-0.12832148617463066,0.08132333691557961,-0.14274886402237255,-0.20060390541712203,-0.03979045500457294,-0.1691813991634108
-0.1444685465433037,-0.2236630029700176,-0.1473150841412289,-0.226464287351195,0.05188241672144806,-0.005614766667224484,0.021005416960910947,-0.07919906119049247,-0.2685869656893365,-0.1087799956663223
-0.0215983254893483,-0.11497030502864747,-0.10108667099880107,-0.21797318424385909,-0.033337900724215025,-0.055175346582476144,-0.05299337675349303,0.008873891846210347,0.03946679940983894,-0.15334082777414615
0.005650537309253217,-0.04407690514677131,-0.293897643697009,0.01618522366781991,0.09244109379682217,-0.14990283723102305,-0.21407425790766027,-0.2398543173945341,0.02652348796265125,0.0223190062732819
-0.16389843214213323,-0.15886847054655878,-0.12495663744324036,-0.25351541703564084,0.06619206559052027,-0.11647694144712818,-0.21992711875639587,-0.14479892837024871,-0.13518015960591487,-0.09259233994142703
0.09647576080516367,-0.020915065112563476,-0.05914693566420619,-0.2856519106874069,0.024743921241346598,-0.1685576640230097,0.07425320297164702,-0.20176659939846636,0.10541746959343697,-0.10261830754422038
-0.0027911970065324157,-0.21926059102878118,-0.11411436537070858,-0.01168775617956376,-0.12219728288376772,-0.21585832699349072,-0.16221480253449228,0.05142848575521229,-0.1172389177522136,-0.08802000632362847
-0.13667336174108435,-0.05512649046882109,-0.05750653381467585,-0.14786681349749975,-0.17987001778407952,-0.1332692409695672,0.06660848310193498,-0.18138511775278637,0.020000110485234514,0.010979836546745697
0.019698498572553236,-0.03749532340160808,-0.26787248744436754,-0.09857387659231596,0.15347558629966132,-0.1314153340312349,-0.01194939038473447,-0.1052361872825992,0.05378411966638598,0.05445665838581233
-0.107500363612613,-0.0813187477604156,-0.027171124446152994,0.1756655659725801,-0.14773498942444113,-0.2146723323660003,0.07943165396219223,-0.027986382786857486,-0.04824656106070762,0.11040097433441456
-0.035988592133686145,0.003558689231613052,-0.15954974524404444,-0.19993142167134798,-0.08252263730169217,0.0056649148661430115,-0.02615092490421483,-0.028122180922687944,0.17951557222375153,-0.04802861990061606
0.09469601788708562,0.03776293781903304,0.10942842523029478,-0.032568432944976765,0.0038708362365776836,-0.17715831474208568,-0.21745401305220247,-0.03671831356178454,-0.035460605621541894,-0.08438501114022162
-0.13141274538213701,0.18327455142023152,-0.1402939358317841,0.10762457767272245,-0.21860729172900642,0.08307946877763206,0.08626474343041883,-0.12909618521185698,0.03818105276173939,-0.04724250836016164
0.018904063612924918,0.10594212993570247,0.15733723403537747,-0.24950382579821695,-0.13279768349289894,0.028380485771675304,0.0937518677108547,0.06459634044237184,0.02181383225649998,-0.12346770353389488
0.07351213948854679,-0.12993230957225418,0.1378719981598749,-0.08838807125304596,-0.039469000469509685,0.010759097906157703,-0.15970466123336718,0.07974060695720549,0.05655181602830528,-0.07308259605209938
0.04136656847863983,-0.002426586583548128,0.06053455907158666,0.021262366792646273,-0.12102340602614642,0.0490487572891222,0.012327702519227067,0.024286610334900354,-0.025002883135989196,-0.05591977248499163
0.16598111597875742,0.05942652323376578,-0.044059587166086794,0.07831622577872405,-0.08042451012200774,0.1940685870707552,0.25077611948006756,-0.18957984502779526,0.13977848655549446,0.03703067091871258
0.039477653735094875,0.14247097098260836,0.02415591573675677,0.013653838195312204,0.03480772214104785,0.03740128149394623,0.08459390564283725,0.08631454280330686,0.16094193548797936,0.021386547669537903
0.20106997382203418,0.08124604751748055,0.05981924200841142,0.09328584876160606,-0.24900375304306174,-0.03362753739245263,0.13489860792741523,0.1538126764747429,0.1818133638799562,0.20737009612821833
0.028267308563529686,-0.026450687708802337,0.19162583380280304,0.11180992545722857,-0.015310912473271113,-0.09945661225862765,0.19923640179392188,-0.15429152480288433,0.049570669256942104,0.05791648205557078
-0.0836486311756001,0.024821870458086263,0.17940599031942467,0.17054935725170028,-0.08799971611619035,0.025901509413643838,0.07345831195783112,0.17302893301523026,0.07214937478602176,0.03757604129895438
0.19879426195358846,-0.008766791559528494,-0.16971519406284527,0.13417935847289963,0.07065752168971685,-0.09622327943483881,0.10772309689142143,0.017731853741203087,0.07055824655714266,-0.01540304239044777
0.15672321728534624,-0.1631664999261905,0.16938828884439,-0.08896010113278695,-0.10513684216839014,0.16603087346898235,0.0409588398732278,0.06275419489832634,-0.06801948276328185,-0.2206505540260772
0.10863592239386795,-0.06843971994893135,0.007470730765913633,-0.044313890804362537,0.037230537210307064,0.07134397082276944,-0.049079222210702156,0.22421074242636135,-0.030388568625637425,0.15969256251815256
-0.02764696956380687,-0.17272946670658296,-0.05887880774941008,0.3017422513482615,0.02775137149165259,-0.14169402585233515,-0.040244967609230645,0.05887931388116323,0.07901185289106163,-0.08090819156790205
0.09228866417954557,-0.1335867207208607,-0.03588220205495003,0.05326637096252604,-0.08547776413307076,0.024935502602602404,-0.05107435623562914,-0.017715638703501388,0.05085230567338064,-0.10528903956401181
0.0894570951795878,-0.04696427352703182,0.17122891962298428,0.16091806300328787,0.017573954746381265,0.04284745235511918,-0.10660208872065877,0.12764787850839182,-0.09540157989515619,-0.07597826346298854
0.11392282299354838,0.06752921948613,-0.02937942792356993,0.038003554834266574,-0.1276395790405564,0.03601261170615183,-0.013448132300398014,-0.16389598282693052,0.014618346684369411,-0.10069743265421395
0.12050462623846847,-0.07470822102948044,0.06350650401602943,0.11569809740906548,0.07291540165151433,0.034440573235182584,-0.1208421142083803,0.025739737088994432,0.14211198286400692,-0.0513037456763529
0.12698599793705664,0.0768024330101122,-0.012248813234879204,0.2599764295955971,0.053994649920640944,-0.0956627108893975,0.016235579341351024,-0.023803085421809783,0.003036469644179189,-0.003366280116298163
-0.13318082295666245,-0.0034418467080174313,-0.06249735874254221,0.20972352595962782,-0.17445762488676358,-0.17718497514111958,-0.08202377688426889,0.06940924915654534,0.012287031529499462,0.048356147382069774
0.08607005326111872,-0.029722781345859005,0.003998017977397624,0.18860274688480677,0.059348352610994415,0.1048219825133811,0.1456659120565303,-0.028395223403519257,-0.04647206387911247,0.11397087213597659
0.1629037476762683,0.05379657792268802,-0.010317186895202772,0.1454397076875649,-0.021641616603100565,0.09680302640261167,-0.24961826472951665,-0.1405892329819295,0.17948255691592743,0.06058620964452748
-0.04850566123459803,0.06822926397102257,0.08499701088790583,-0.01339727512629596,-0.0692895797805608,-0.0505081846841462,-0.10279833852497583,-0.12531555584182044,-0.04387395325074735,0.19122903821496845
-0.16286471832291072,0.1420533082629608,0.04896914820061809,0.07532992372179623,-0.038136390942181964,-0.03759530820902496,-0.18067709386199385,0.14997412419467135,-0.036524573491079834,0.06837960038819546
-0.013108701001883924,-0.03775603504063038,-0.030107143968635428,-0.05242306241171653,-0.0455557959887871,0.13242304200252775,-0.05816665233322217,0.22119139444613237,0.05908886119654698,0.04260591275005926
-0.20963143729095363,-0.00928550204426714,-0.11714215558290489,-0.05927445052491122,-0.14198819223686301,-0.013839514367094699,0.1389383623289225,0.03350998059893897,-0.09442857661685491,-0.09033878119704503
-0.023310423250114513,0.15347757921149144,-0.017983359947275603,0.3168291749753255,0.014661787732174617,-0.012343868399943808,-0.060625050589457025,0.22155902582735856,-0.12427904908680826,0.03735688312894417
-0.07407227277955042,-0.21867249539143035,-0.1221549299020099,0.03521234392119369,-0.22051842651741368,-0.03726128657752558,0.022949357998596206,-0.11294168705190578,0.07867192483080518,0.05318162485133443
-0.05144392553859658,0.051995506562457196,0.002195237662766046,-0.13527392201272972,-0.07365178822844765,-0.09507253996663763,-0.11620234673317802,-0.007913613677833761,-0.2672887260272805,-0.037373280136759286
-0.11519100785020486,0.04544526162024928,-0.0306222511206934,0.13625882990389043,-0.02080382881622109,-0.019934873926919547,-0.21893942206016337,0.03611524491531805,0.013143357311832277,0.05891107899562615
-0.08887715979733335,-0.07430875747970266,0.02081663070896278,0.06712859662329779,-0.05918636557980605,0.14730662107314807,-0.05443242087230282,0.1463646039489379,-0.09555366953491728,-0.0450396722615626
-0.15618277167634848,-0.09775087818668209,-0.14117947709086162,0.09529156863956238,0.028480063760188884,-0.01387117773463625,0.09557765718201766,-0.07447089562288489,-0.32078091822356414,-0.08699335457899228
-0.051929579152265,0.09420619674661815,-0.2095021558249336,0.19356392110747464,0.19526189903168054,-0.05503986394617514,-0.0875415000938064,-0.01617549629720046,0.12011916213905383,-0.03802229327612969
-0.06587562997679149,0.1636379669385039,0.012592182102623722,-0.003112669661436883,-0.1311759065704291,-0.11663617894851246,-0.2368785546816335,0.05941772170408828,-0.16169473249209948,-0.01929833149816725
0.05632099609263652,0.13766970658699634,-0.15319445940447735,0.1201005312674039,-0.013331000090076012,0.04563027570740058,-0.1431427735900719,-0.003002578022601829,-0.029993201575126787,-0.07467633554751937
-0.10680267332061938,0.06738036348589399,-0.17240549759197143,0.06696182368675054,-0.04202681756780031,-0.026093762296117276,0.0396535158368289,0.025725055297158538,0.08304118206653462,-0.004389191511387447
0.11126699125417315,0.08916819983329197,-0.05262864526710036,0.1370504241595135,0.07768445628362569,-0.04377167296949915,-0.22691857787891023,-0.06629385951825215,-0.22560546260814074,-0.07701911224030414
-0.00045186062511299793,0.04813338410314685,-0.0571225290199374,0.143632234160354,0.017320314288465023,-0.06265922210377631,-0.028351795949676028,-0.10620247996366651,-0.11052506902428405,0.10063229679374544
-0.11541340694383319,0.20139113862523927,-0.08133409821761649,-0.014911604990165923,0.03735153956622142,0.003959383653734251,-0.009652504773598383,-0.30690628878541587,-0.09346358519254062,-0.04237307559399297
0.05206153281974222,-0.18473509139077138,-0.12680426875816037,-0.0021264975323160677,0.05059754077797628,-0.09335276581581774,-0.1432176245032185,-0.0008544897476731872,-0.13034647857938336,-0.06891873378299739
0.013181464166762594,-0.15961115492785796,-0.07015391765189677,-0.01953132309817387,0.06551829566781738,-0.11821536593499418,-0.19525668924542988,-0.18822422052914872,0.0878607347094443,-0.18563092352651647
-0.07471433777534031,-0.10454030231525169,-0.26122460778642725,-0.23454409789379377,-0.05377539896397013,-0.07945192301736269,0.08901658547982638,0.039131558202457714,0.013414935252057461,-0.1858474294312415
-0.14263218414233114,0.061670186827431694,-0.17134750401362409,0.054908734454163,-0.051204404052237015,-0.13014573977085359,0.007638312100636396,-0.003944580760915299,-0.001033631817387717,0.008181793132078286
-0.14018202533859242,-0.015019313493834022,-0.10901084169329911,-0.020621725239010645,-0.14977776537872234,-0.1026128259951071,0.062230614672902,-0.11550260983181021,-0.04490176750168613,0.15656863422884398
-0.15357983959585697,-0.04197431365049194,0.005881893421917625,-0.05773978117122627,-0.0729178599018342,0.11403893609877082,-0.08025253642612307,0.05747125753528082,-0.1255151771404664,0.00183059388291186
0.03482133327373747,-0.09470083591679876,-0.007739976503486366,0.12372557808347055,-0.06351430108741535,-0.014919068405766876,-0.14688519325118918,-0.10633714421864705,-0.19790188862385744,0.040277426579483085
0.0073980573162800295,-0.056778669984387076,-0.016418217503106063,-0.03323109914437776,0.03680643140911345,-0.016139984543873512,-0.023977567343145746,-0.00707948033731684,-0.001777349579552251,-0.04777097956233967
-0.2422604975336781,-0.1691508184834502,-0.10924807767958851,-0.16548912550309194,0.15909536294581425,-0.06832476765862369,-0.06456349450869289,-0.08213833158411507,0.027204533915563288,0.1343217925651462
0.09006279409607061,-0.09097537349705054,0.045171369512000806,-0.0023328182660390523,-0.09724231057369856,0.06998092084618461,-0.11533355561060206,-0.33254499346224764,-0.0577986348839568,-0.019316903613403998
-0.10827266926795634,-0.18408453648077377,-0.018817940304783006,-0.022400025613768387,0.19142167572826982,0.059573603222656174,0.03378651114010468,-0.11141820072182924,0.11177068267557543,-0.06585724680971503
0.17722277638200906,-0.2434047301278579,-0.10159902355157358,-0.048267993936849524,0.08469421036739502,-0.0207543216456788,-0.15117211746662224,-0.02183552564518175,0.061937808241488895,-0.005625057530237218
0.010030853843837777,-0.06644835108378369,0.088230369889203,-0.07747619952590734,0.0016874179914603236,0.14625927672527894,-0.19021273632550095,-0.0838395488378527,0.15191492790118627,0.030284279659175073
-0.062471048864224415,-0.22425035892112233,0.23230641033859878,-0.037472946601182444,0.03806768935637535,0.10108987923266408,-0.006286182402184516,0.1858837899489839,0.011603945674176983,0.04207166206803816
-0.1312705213661879,-0.07143821411740689,0.06605228772239824,-0.03008456548932128,0.16084752131274815,0.1534249882889983,0.05271848981447197,0.04935274787760317,-0.0667184459285335,-0.15049576114715235
0.1452489805844969,-0.04005616952175399,-0.05460008061691212,-0.01786322011182186,-0.0211909341846922,0.21623397726351562,-0.02805146414557396,0.09784510357824659,-0.11955740221819883,0.01890653983321046
0.13957031852107948,-0.13646034603978585,-0.03991419283723703,0.07130108823643891,-0.15181079878133516,-0.05895323027114846,-0.06562163905477256,-0.021559749014225457,0.09643383598828481,-0.03743445963687469
-0.027696357623585258,-0.07676892875689575,0.022555695875460233,0.1811796745704437,0.06818060848559565,-0.08279671031867959,-0.13119295658810914,-0.08350715066042855,0.001843333208622163,0.02648959989902376
0.10652440670077079,-0.21254562609577826,0.06107953701215764,0.042442159164824335,-0.18022411897902613,0.157216584716239,0.035942004015247,-0.06502522416273153,-0.14626085116348028,-0.10364695424833655
0.11986126522213991,-0.19856485499943688,-0.09279623104294603,-0.22617418951220067,-0.018570905953801644,-0.10017284369935822,-0.14109570290974988,-0.06029764537168152,0.06248877611988661,-0.10600141355382008
-0.04436765819493168,-0.2136421681116294,-0.019599919386244388,-0.05305436225603534,0.06553555749237577,0.11007385910009784,-0.0067734432994733945,-0.060961614780912214,0.10017254353627947,-0.058101267882538346
0.12774884179940893,-0.04327704132157622,0.045126822372549766,-0.01198505087364185,-0.055093456747402444,0.04078731206455137,-0.016318461065148983,-0.10307007799772042,-0.007009409684659728,0.10728065968049796
-0.016325057226855316,-0.273551828638666,-0.01679046805148407,-0.22147005663008973,0.02557393030456743,0.19900735248117205,0.1155579753846105,0.13460408207691482,0.13520025838565503,-0.15923443569810605
0.15846574298494856,0.01267142069773649,-0.31696565032049767,0.13372754184097674,0.2304506771601353,0.09488065049682867,0.03105138733193783,0.1116896079134607,0.11493624112531332,0.09653052461437858
0.003743853112339074,0.024324550166278814,0.14656966901301902,0.003949999544293283,0.08081552748380322,-0.037502968123894656,-0.0029755665116457716,0.11475899596550122,0.06512569726356651,-0.06107524898021893
0.0021014809997614153,0.026245205244868293,0.06516917979110304,0.2206344871133553,-0.16874217037192552,0.20539349708953053,-0.06897677269431238,0.17833093585843293,0.10929024615308155,0.04081474058427144
-0.014377976911873203,0.16737834944102165,0.07090663006190051,0.015960626146124243,-0.20636525249142054,0.1618123776106859,-0.12249334666906647,-0.025848297475281307,0.08197269827706996,0.09631367085703152
-0.05882539231354255,-0.09215537650446864,0.08829368292325315,-0.1795852632112156,0.0850192696330141,0.05815032408997302,0.16671769638277778,0.15329265601981626,0.12138385331998766,0.08767311042782922
-0.044604186616639105,0.21383207572519014,0.2833749851021429,-0.00210931118020969,0.18665426076542585,0.1149108247496616,0.07343792205584274,0.003680331541815657,-0.1212025825032647,0.11096688954077875
-0.11399449378804757,-0.04824810410545399,0.23872631900409322,0.011017625674095739,0.08175139731995312,-0.035268433344671724,-0.09875827668086129,0.011352442025330027,-0.008992263866693162,0.18941057636391648
0.04736226107005241,0.19430054483162307,-0.10925500173665953,0.11807837691030362,-0.06365280188079442,0.1336461248446666,0.14538037170425036,0.07952466934254387,0.03772934538248637,-0.0052509621227624995
0.03561394128926644,0.18081614988406308,0.19228940622230425,0.10421470440467172,0.14482423354491672,0.06589223973896854,0.05636267917796978,-0.036833927484450815,-0.06621026340641992,-0.06048966394320822
-0.0907095082017044,0.2745893533490313,0.20019229868496238,0.048997334954880976,0.10864365511132973,0.05091495836023484,-0.05210833418556976,0.1600247349544353,-0.03323945499785716,-0.007892183978388922
-0.08757666736144694,0.0648147507682299,-0.023838783146600595,-0.025693189761921836,0.07470866129745846,0.18141431409238865,-0.051895472260900743,-0.08976912471768386,0.0637952329586565,0.09260378681030047
-0.16984142317211687,0.0997736210490181,-0.0232404162614848,-0.08176810697070909,-0.016564108896177918,0.05630799556100655,0.10575757499074348,-0.020197775483404967,-0.004805106901147304,0.04847517402266034
0.14486126101332922,0.11329242479087431,0.0020845109066521712,0.040781311150985225,0.13504578770512735,0.028551286559396823,0.14431102624508713,0.2854817693932393,-0.2157018411292769,-0.04530896673677298
-0.12204877924823444,0.08355846074725094,0.10438178013439653,-0.0289199092870814,0.04438139242218154,0.08211404387189827,-0.16941002313485656,0.1872812494842082,-0.07625018039040606,0.12814460796958682
-0.09701753604510675,0.1343930523667231,-0.12773888848536633,0.17737486327267785,-0.02508167934123664,0.1366692479498218,0.0990147415693515,-0.031084927819693173,-0.14491644088457292,0.18032874488375983
0.18505902230970608,0.07374581833334548,-0.05721732151127977,0.248384475673521,0.025295316903433507,0.1456817134572456,-0.2065788897986507,-0.06237613403670467,0.02567378549139826,-0.022536945045055136
-0.01946818122737464,0.119929950652265,0.07242287993717483,-0.017501133186839032,-0.14632761056775145,0.18190431947503966,-0.01270356938385855,0.023396677349177865,-0.12908917588704172,0.1347214484230907
0.034198594081402064,0.07240996031024519,-0.13864634970257417,0.09640886398190533,-0.00500428079395894,-0.02832181131945169,0.04235237502060468,0.04026772905863389,-0.16721916935794207,0.0046297973049569535
0.09446874963440344,-0.12478775408486811,0.12323034390959595,0.146802794854741,-0.07345875279159617,-0.0032219341457322866,-0.19841622478185944,0.07251283281949608,0.00021472804045050836,0.019121300431444395
0.037036742441274875,-0.06363193391262256,0.06489700513638218,0.04487466588887382,0.038390695280180166,0.09221723430486929,0.11080585309590665,-0.04455385612320507,-0.0007338000147914525,-0.1873648100581527
0.07607218010207369,0.00029287532667348487,-0.10643228607885685,0.08252056456509554,0.05463924709704118,0.03875249313998273,-0.13416326487358943,-0.008646858287607926,-0.09393764138018776,0.053774574634841525
0.0012995435593163955,-0.028287101750769643,0.0009121392935214946,-0.16022362072468382,-0.09119263812853286,-0.016661892558155603,-0.018479492206960914,0.09046116994543284,-0.09230770174819566,0.06049470780013293
0.006977325150969431,0.0171320598033782,-0.10386217784233606,-0.12354941950686742,-0.08549388443650847,-0.055450007563190976,-0.1124833533054798,0.10279392898090227,-0.014460226647839173,-0.15110358174830957
0.3431328138405514,0.17750615760464172,-0.21871318394424027,-0.125942328850206,0.05402736996521535,0.11898321290397745,-0.1444049531232954,0.02980150686402398,0.022656191419983616,0.0398883299625563
0.0014573233520051923,0.07428411213268939,-0.06627320232420607,0.09397822557290417,-0.028661376019030967,-0.04346157021828899,-0.031659090698031696,0.03671668001861805,0.09517051539390817,0.04733799237651578
0.05996146516926645,0.27671926590642204,0.16493628624390178,0.012325896750493497,0.0310099342909875,0.04462356206242317,-0.0561338971721605,-0.040909476924454125,-0.11765831040352456,-0.07794427173282228
-0.11351620189954306,0.03470582993333628,0.01026757629547484,-0.16154307080080127,0.07052390396180885,-0.11739308528966616,-0.11831684850606956,0.03840658235989653,-0.044218393657199144,-0.1094669717026606
0.23056897320868852,0.03536724229051829,0.07400198844773405,-0.018157807977896748,0.04100840198079182,0.06311608688950182,-0.010878260477765833,-0.034048219891545085,-0.08406965910702618,0.21154520944636318
0.019377454220266196,-0.015817578432225816,-0.051243836078491804,-0.06983816518473776,0.0006779887878259269,0.12177502393892731,-0.015267476703434302,-0.08103237926433361,0.1147391300923179,-0.09461625902773782
0.04909043068655368,-0.10477338855537131,-0.06086126478791616,0.1530731187930812,-0.06804483669807516,0.0050548407983781705,-0.11543009087110813,-0.0024821157516856586,0.0067427407998607615,-0.16149317731534646
0.23949043710468035,-0.1263194883432959,-0.08064071425173011,0.14709259563376023,0.09817651527110326,-0.04018917430393057,0.13551755656601175,-0.07048902160774374,0.09836824576805639,0.1538737752047866
-0.05327724186837485,-0.0634582447699742,0.26710085326464594,0.05125724189439256,-0.07094991654082528,-0.20617696766929022,-0.030665123728962927,0.03842147582810482,0.09274504484628347,0.00010469369907298645
0.03143921991835094,0.03695600527681179,0.16682655828016354,0.11115398851630899,-0.10889136774375496,0.07814543866902905,0.18828078203718554,0.01663210566481818,0.2364778918463083,0.14227464506652898
-0.1336021956786238,-0.15218569513404123,0.07575248973382694,-0.10879362903974006,-0.1291025388998609,0.01625290761168222,0.0062606656438911265,0.06436615187157022,-0.047856785234500585,0.05504466828484647
-0.01234274068103048,-0.020774116225647062,0.17422673007540104,-0.011189118667942092,-0.018397129759505852,0.09834182028338931,0.022403415967336218,0.06405330306582696,-0.08692008809143723,-0.13763103663942206
0.03138364326823736,-0.1972606978576151,0.031519222894293555,0.07133405566339261,0.03973810686344115,0.1521234308564544,0.19659898545155555,-0.08873570719457538,0.2265976427684065,-0.18885865936055896
0.18240716550795605,-0.20326399780340726,0.04140659615244642,-0.0894568083434503,-0.014424804935402378,0.13800519169596995,-0.12364916390497128,0.08014803616294736,-0.12519537806297681,-0.003956868780974477
0.03724379993221558,-0.07599553461827821,-0.09596659493932148,-0.14238334073371828,0.09540282860698406,0.050794621961885236,0.0221308777733071,-0.02256383497145823,-0.06579418959420577,-0.11825537452898416
-0.028380497966172306,-0.0037864385792886965,-0.05200890156926172,-0.1993755005678803,0.0431989979469341,0.10772842674786852,-0.06111479001218116,0.07562934430258118,0.13684461881757545,-0.027814611881478504
0.0018901377993307267,0.03670740708492969,-0.11159145262063003,-0.16273316606103838,0.1964721687341927,0.05505038717587299,-0.043089925617580474,0.06278499551392235,0.19004504562133184,-0.14074570715859375
0.10113405311248722,-0.038341014934674414,0.06869554024688229,-0.09938756799675971,0.07162657092911554,0.08940833797896525,0.13254482676870807,0.07435907350532206,0.18191551906578318,-0.04023475067574094
0.08823691965580188,0.07207567550679567,0.20211494731645477,-0.013699135636474836,0.051618207916929844,0.18281555165485053,0.04141333408459157,0.09514435466186566,-0.02554118905306016,-0.0818060701296641
0.10690108711127032,0.07793446047756011,-0.05228926640421154,0.04321786819558891,-0.006947558592294803,0.09196663390291736,0.08221056112772644,0.12565287617154836,0.11908940419030334,0.1742451072730074
0.18494444848302966,0.09525285343037983,0.1019879729654552,-0.06720608917542206,-0.038179764075261524,0.068786077584926,-0.09548568527560809,0.1538864706178559,0.08035316921932928,-0.020547712560364084
-0.0011450004930432661,-0.15057906729769135,0.08600583349847679,-0.09018755744165466,0.05378188615047946,0.23279944475380981,-0.07219349740145814,-0.04347255502278992,0.08832910980966983,-0.010547059157550817
0.25601266983548066,0.022548170024351243,-0.12730069122535967,0.10071022049457072,0.09004247932240379,0.17791967472230436,0.01879731654959785,0.07063435582205348,0.08562936040290965,0.0721795778896419
0.13360315288170468,-0.14501678000633736,0.07183106132620562,0.0797414906871404,0.17650712336289937,0.039235641214343316,-0.14383715149611484,-0.07111608217488419,0.07116715069393897,0.020917107474212514
0.04595522819673755,-0.21415018845983855,-0.08050750992150699,-0.05985436583849208,0.07261520991860322,-0.18465485368521847,-0.10304749690392816,0.016950286714248114,0.13690064372319385,0.051141560182646345
0.1987315521201476,0.08856146734740691,0.045445581030102156,0.1361540217704215,0.270317783775667,-0.07215137700860595,0.20692186535818538,-0.04393013897976361,-0.01497281740203335,-0.27376543802908065
0.0276705256096836,0.21471730692472277,0.12230757834884096,-0.12833569799808472,-0.023142483124114283,-0.07772254507473933,-0.17874276298501027,0.12140259613123167,0.16105073444818513,-0.1807868282926437
0.24535515379048095,0.15066997757840667,0.05556487885471747,0.08598938445868604,-0.019448800651314376,0.021522862119504785,0.04892314241857841,-0.10096724787161009,0.22642097075545284,-0.05124313141125675
0.15142537519046512,-0.09165925885712403,0.07261446658535776,0.040548789854101,0.0279479901618203,-0.03935798714888886,0.16632875559881868,0.0010466134552426995,0.06893464901386415,-0.06900374242000289
-0.04728169353417909,0.10917408505268289,0.2815968737218035,0.11594370426721787,0.08153195021707883,-0.12129971443526869,0.04324580943247131,0.10867625057331427,0.15239727654475466,-0.0003793462218769734
-0.10083616303398148,-0.13843761298543578,0.10156256871769186,0.01570808131528171,0.147038174214341,0.08971125961808812,0.06601616955086734,0.12743355669101514,0.13681165124296832,0.11123545286234916
-0.011485431193708526,0.0373247119338493,0.07845741509823906,-0.02688594564343214,-0.07333337549715362,0.06829202709533934,-0.003514808948048287,0.10867189819564352,-0.04791861365898068,-0.01653538297733613
0.03520705081303529,0.0398324986541812,0.13961358465981819,0.009289863531658456,0.0018253171392720348,0.16515352833553115,-0.11835183020246189,0.11288138403858812,0.04358424961263037,0.018177800387530967
-0.059344655473433275,0.1302399735285448,0.06624346248379805,0.06230824867418411,-0.05627457636597443,0.24932844017146705,-0.02870126828178669,-0.08552951653135332,0.014718081348045172,-0.022125002771500778
0.13539010091234724,-0.025904081112000404,-0.27422833484484893,0.0274250776908236,0.026829743010213118,0.19272768427771575,0.0512409248936535,0.02193298902999443,-0.004971008379153192,-0.20668319518121525
0.16496216818255569,-0.1135898646169625,7.840428590951028e-05,0.01924493956479586,0.010612081110995934,-0.00207575382405175,0.054160684092827156,-0.002020963402843634,0.022663774281052675,0.0453048254882406
0.23375912916414998,0.03051948476765807,0.046201753745634955,0.1803569757018462,-0.08691620844112483,0.0007761849757617519,0.0748649068674522,0.009051087983555722,0.1724149724308744,0.19833445697244337
0.03052424355381645,-0.10725879430853306,-0.16821825198922166,-0.029618108408866323,-0.03159769925329797,-0.08849722697342445,0.22653336274299843,0.03542172689772013,0.09907371275868943,0.03249829416532251
0.13876528330540402,-0.08826307680990586,0.00859043984120654,0.1311191462093511,0.06221464857680447,-0.03886695307428936,-0.005806091193878898,0.2161349382206003,0.13522079045372837,-0.09129596119103277
0.1986078559592936,-0.023676315665617915,0.00074022681352158,-0.0791318586218695,0.014446029439913407,0.07554076893788383,0.10531921996332158,0.065956000065537,-0.004219055270495667,0.011646042281410206
-0.18073572679798586,-0.07467092881102276,0.11785160585949594,0.017143276493685553,0.011162115410648734,0.16158444681636824,-0.11349224217389473,0.004826081404065999,0.033818808322132826,0.12432858901986517
-0.07150755841068437,-0.061095031916185136,0.13741413490587806,0.12244909448261782,0.17583631302462957,0.08294788792468553,-0.1268482643199344,0.27756653364133826,0.06367122826677585,0.042167392668568934
0.013902272836043145,-0.06902525853862237,-0.12357850506721813,-0.12313640744419106,-0.067238311484828,-0.11125850437518406,-0.09687915322617226,0.1643060400434749,-0.04452442761701975,0.02951540120266082
-0.06691894173254805,-0.027336429614675854,0.1626188575112838,0.019979925649037777,0.0680936153786105,-0.03327274182178497,0.1851558387151275,0.08494317920432644,-0.03188676993598139,0.06544834868650248
-0.0722257107389169,0.13147808925217724,0.0005212298146285085,0.07862269307313852,0.16114956077669185,0.09765903505683665,-0.11240618726460791,-0.06560857185521186,-0.04044992649916343,0.07948490612320042
-0.0427460855596108,-0.028191672432634395,0.022359461391821423,0.20312817338589423,-0.033542695160932834,0.054813002908592284,0.06557231206226695,0.0406771526737202,0.05218433676783377,-0.01778131521133367
0.11310309428214295,0.13962562323021957,-0.12699964573220696,-0.03458321714619049,0.08689260328024154,-0.12170485734876901,-0.04864286777573504,0.10202267094148694,-0.11095969451845014,-0.16031378005939026
0.06817755769354586,0.08949020592261209,0.13240945164645399,-0.05634334734002039,0.05565799948842226,0.047033091458811856,0.19789366730841554,-0.05055524211381204,-0.11713445271949258,-0.08405146888967674
0.1744724272661595,0.13278568554102788,-0.011541878367978039,0.1314640867150006,0.024859528205773505,-0.033475891750439114,-0.038142837150374635,0.13077140791792344,0.11171556579362071,-0.13280005290190872
0.04839303753494921,0.0704136638099227,0.06213404695913449,-0.013725248122338704,0.05617144561416618,0.09232983103321135,0.08093662356983433,0.0388421406647432,0.0935803830397347,-0.24487371416028958
0.19399171702848872,0.06968904567276302,0.04633458619960529,0.002852317731607122,0.08750745912414683,-0.03510973200600356,-0.11078898919682764,-0.072960593438743,-0.1298700291989417,0.019108741632737312
0.11252123049466627,0.11161278766503249,0.2663715411904658,-0.0073165174524805685,-0.06760711512422038,0.14086310329497576,0.12337750954748125,0.0008570627079375788,-0.11489112914042507,-0.2092795786188834
0.02809870548108687,0.15944788806282334,0.0837538323281583,-0.04582754306299518,-0.06516397362241394,0.1400255487233933,-0.11124022167910538,0.07531697769514265,0.07977968473358507,-0.08019564808988636
0.1857027186241673,0.007210321442613139,0.0386177616364615,-0.08517436412472125,-0.031041696712637006,-0.005417034820118322,-0.1680019784213444,-0.17503342862796914,-0.1628867277955972,-0.026579983259702546
0.0043739288195738316,-0.1433348016503418,0.03949311637031533,-0.27522869753944823,-0.16799347572304102,0.1413918526888171,0.019832664007012238,-0.07613633096365059,0.02303673974463922,0.0867240175695172
0.15121151910790653,0.025337289175424153,-0.08797638285952254,0.1069823161107998,0.05490335930999115,-0.08953072120132788,-0.21658303388135663,0.03252821109025371,-0.06344869860293126,0.05745065761044163
-0.08915916228111044,0.026175019655158532,-0.08136995604452044,-0.11520024584652308,0.14977802777844154,-0.03625574657102924,-0.12498128773070788,-0.07151652783470795,0.0402769470333582,-0.24131832374787765
-0.06045321087149619,-0.0681515857777598,-0.14246023276604688,-0.13910444976913744,0.02199058844920888,-0.02379179219686804,-0.1453616304831512,-0.062300815169408524,-0.21583606226309943,0.06323806940165397
0.1837920963114139,-0.08804179459918794,-0.1842142565300447,0.1264723876187304,0.02084571730966933,0.010666512584658082,-0.08632792793263423,0.043090319788084794,0.06584369329415381,-0.0961054207011518
-0.17979379374204035,0.11670830492411668,-0.03187879484219813,-0.07878697096147455,-0.11122227045180019,0.028405940405806324,-0.007221005644965479,0.21636283184294708,0.048180498805252776,-0.00848358185798545
-0.0904567624530438,-0.0042733623871743075,-0.14035993170593586,0.12140117528832939,-0.024856941329249004,-0.009364662631347026,-0.004987774754908851,-0.022727536443545325,0.010100779692864891,-0.010343133092239089
0.0536815312678016,-0.011064460311851338,-0.16366067843556206,0.26394977833998573,0.03450939003132235,-0.055035417039773875,0.06541523532473514,0.08762174102106299,-0.19370990495460177,0.05177436104101945
-0.20731200408908712,0.17345105451828857,0.031113912499317303,0.017494070370225205,-0.07391915739654888,-0.08987982114369407,-0.011143999893269783,-0.06310289176050174,-0.10234582225231957,-0.027558776834157424
0.0619410368651591,0.028853913873971716,0.0038233227696296765,-0.014812102829302502,-0.06970673313218526,-0.12468302128025949,0.009140482230558772,-0.0036554346488420833,-0.02790015230737141,-0.09769152790030766
-0.14206332279952644,0.13070750911503182,0.05266426712639114,-0.017938267854855888,-0.10896833685191093,0.07720951651176247,-0.1790855859923042,-0.17447188709893935,-0.1339446443641697,-0.08739007209549982
-0.3149934811163163,-0.12351697727580092,0.007668335038543854,0.141605925647438,0.19033185375935474,0.04646203923170737,-0.04476843197967589,-0.06808818135933825,-0.05012479121371949,-0.036140339155114234
0.031703316089212286,0.025898864931514373,0.144543474408877,0.0584399522320558,-0.00042709454564172217,0.29612550794844933,0.010571195109679937,0.17460579031043705,-0.14331450590069228,-0.05975097056762203
-0.08798542980318834,0.03883490703225568,0.0078877832987796,-0.07582559489480842,-0.11656706473120475,0.005700199920670203,-0.20866844877718324,0.19538827006324425,-0.13909829617310177,-0.15109641405141574
-0.05686460871251543,-0.001348264631035663,-0.09136516078671407,0.060946055299150356,0.15831139255563872,0.12900191798163826,-0.152621738296416,-0.11413162314405877,0.12810269932180685,-0.12916486904935107
0.1486379198321653,0.06983989378875455,-0.08885890543375725,0.17327284327454368,0.17908214899748146,-0.041824642831236145,-0.07019788899214251,-0.05960443528056273,-0.10185512759682104,-0.048556652653926884
-0.06896995917361179,-0.08626035843800435,0.040176322057644154,0.032257637353454875,0.0006172422206553499,-0.2450450201420769,0.21214333676050195,-0.007505986846950853,-0.10637066103561647,0.05229998401686178
-0.07417264008135482,-0.1207080920944829,-0.06181203121778514,-0.11332417564710892,-0.21185807389489308,-0.11706137255256081,0.003308658425488272,-0.023624667868058058,0.07972396793393408,0.0459207210051064
0.08714809028845236,-0.056429628045104194,-0.10627195660423545,-0.028496412023577326,-0.15272880834313773,-0.08184219467350849,0.050535589903565735,-0.11969278484161527,-0.1315224868485782,-0.05667123129081689
0.028280393054474467,-0.11213154664567927,0.04096334385031368,-0.09237226977665478,-0.04199173486559933,0.05310843843636916,-0.09405190652586562,-0.17074721512688817,-0.03558709420295293,-0.02013468915112098
0.0442907252341149,-0.01854878118912001,0.015424634304367833,-0.08366195888765364,-0.16522659477045662,0.040946847264913856,-0.16622952174921937,-0.10785926311794496,0.05997328679415855,-0.002556422054608834
-0.1288992959787182,-0.024743348551696492,-0.1954963142751569,0.010691783189568385,0.06804719856155705,-0.0767545888269679,-0.009857791057459896,-0.282169660181412,0.09677980371804028,0.2629815560468673
-0.23445329084432817,-0.18788754819395367,-0.11305868314721311,-0.029602702142222437,0.01986203576983546,-0.009201482180435538,-0.0185417449987623,-0.03381497928846923,0.08564645292985124,0.006633824513124314
-0.16158448238008233,-0.01230542868906398,-0.011871859696030282,-0.25495729106264564,0.1161835173476651,-0.14541556648965692,-0.016971945199598607,-0.047865103095895895,0.04507694456704788,0.11643372806140305
-0.0015168934700398595,-0.03750464337471155,0.034030242957859974,-0.11591960169126311,0.061643415514869994,0.09100198742422155,0.09060380714031789,0.0035123297275553786,-0.04123162031371139,0.03497790495613317
-0.053071105857764415,0.0456770844651905,-0.009746164735825001,-0.0045326140213791805,0.05948712587748975,0.17545238103374128,-0.04429739621796016,-0.2329408769055692,0.01958790897202404,-0.06370317623725
0.0316752575050807,-0.023225801239955626,0.020171260370171112,0.1255919640840007,-0.21271895699764906,-0.14702335562224372,-0.0047456485062350225,-0.06956581941671182,0.09770786673354388,-0.01426176599490634
0.0008735788414136608,-0.06776371551854216,-0.06729904479166363,-0.0674533644466033,-0.050844135225454626,0.03567622206440678,-0.08322466174368988,-0.08870394360115778,0.02300490651361134,0.10160277336280671
-0.09951746837467797,0.01365060287509795,-0.10996853650455353,-0.12405597964246909,-0.05888119082468747,-0.16131720297418198,0.11189440218427744,-0.021959471315617624,-0.06657822217352015,0.20881211349021703
-0.052325929152846146,-0.14895972724360734,0.08581809201205363,0.020194078770138894,-0.17997121479017938,-0.11308843732001668,0.03832223561502829,-0.1497119253942495,0.05292905632932364,0.03539975432304521
-0.021219391630891548,-0.23231267143480644,-0.16591856492970183,0.06420930541121839,0.004929694471618583,0.0005543369551234828,-0.04011452395143428,0.1839773143372168,-0.18696762989562876,-0.07516140083604425
-0.12059397638503794,-0.020743862470953604,-0.07909820557530564,0.014095611660567178,-0.0209825057734642,0.10636211679549158,-0.05940507296777597,-0.061247062896054624,-0.09160562452499665,-0.1707108336612191
-0.07316780306727674,0.06123091188696942,-0.01036264487857546,-0.08745845673286846,-0.031554325491743605,0.004667096227365643,-0.17436257153950918,-0.24004044118534726,-0.08696276249061734,0.07332382359379666
-0.1900816218813457,-0.05263605330404983,0.04600001717710575,0.0708444891764001,-0.024086415386155254,0.006974857441273685,-0.2654541388164823,-0.12402735745597845,0.13680196183094,-0.01846768092633238
0.04793107941087034,-0.09619122572796986,-0.16898159251315903,-0.0480607796515361,0.04066410363209677,0.1712021515663521,-0.07923081204617208,0.019073086749974995,0.02111569566457714,-0.04191899354510289
0.1534572881694031,-0.05588611992153719,0.038549758741429546,-0.009232876378007529,-0.05394064209057933,-0.03343526663270885,-0.0859261007460464,0.0506197881707072,0.012343247694746224,0.013825975825578304
-0.12554787211231577,0.07329951911295317,-0.0821386819633261,0.04598117677048508,-0.15564356066486265,0.0903836345320756,-0.06640494755412946,0.00017521587498780036,0.04353320290795831,0.11612722358059974
-0.02045322374068758,-0.18508986620283963,-0.0412136796020897,-0.1718423610088191,0.053488424016685354,0.10002373656792171,-0.0740958206379442,-0.0322252928255199,-0.29209555965272627,-0.01947655706263849
0.021533678054276636,-0.03836737141317877,0.036278842867841055,-0.00393573295305304,-0.1769347567593457,-0.08159291384344483,0.009757912574984082,-0.08050129375491843,-0.024283948940255744,0.06675995692644213
0.06194179845438865,-0.07466071529689819,-0.16011255932711518,-0.03449641612264221,0.22591649599888453,-0.0685456040365274,-0.03251592763046407,-0.13279683462628533,0.009591410657089627,-0.07844229070404887
0.025008617493139998,0.05542050707956288,-0.14748169510411074,-0.08462644613704562,0.013925256591031436,-0.05216410979699668,0.19692613253278887,-0.04412318424335789,-0.2785624648735647,-0.23543261000238033
-0.06948259080422235,0.042709727425061905,0.015591585323453117,0.022611190281234574,0.06696708469780986,0.14178275487446543,-0.12203788359322229,-0.026112426769494712,0.10117101177424384,0.06985382910813927
0.17915115106992255,-0.0232092895221712,0.02420887508879077,0.07659162696474281,0.05533566451102338,-0.045996651953601836,-0.13332225654269395,0.12674660382663663,-0.019735693766519586,-0.05519620157149461
0.07787245692555547,-0.19372106548668136,-0.1947062921340602,-0.03311134028108959,0.10850767979295116,0.06730913110401537,0.08071016374470721,0.04399474942721052,0.03753222898243638,-0.0427676657229565
0.04178359469037883,0.07288034638329328,-0.010427353377243914,0.04001038394847648,0.16922477735161778,-0.14505650815314203,-0.06839843994747002,-0.12435909740148035,0.10357797313426195,0.1526937456771612
0.07183236892093493,0.20726063101382006,-0.034668508499808716,-0.15247200350172146,0.18184996285991412,0.08416928555073809,0.04678855595661687,0.02684772109312308,0.021914097072968236,-0.036466424246926796
0.16599190927883684,-0.027182977648764248,0.008445931779530883,-0.058153098699935436,-0.056110901606308855,-0.05678830241294214,0.08442116752123578,0.09027161635075379,-0.09423999651690823,-0.07472796129588802
0.08346289671376486,0.05502591107484201,-0.19814573688913717,-0.013300065890977148,-0.03389615904511925,0.03694119429905038,0.1781413057149378,-0.1760192318922609,0.012832755421449113,0.0396435431549698
0.026903866089384554,-0.007679885995135579,-0.1291546337269294,-0.04921299669430629,0.11197799365594355,0.0491271413678527,0.10890079457275088,-0.07881109295321115,0.11338507751577054,-0.005677939729306055
0.15501128764897634,0.026933575029664814,-0.04561396119250557,-0.004499088178068364,-0.06564582978840788,0.02703580881102892,-0.04057045168304245,0.06619259008308641,0.17557140809635935,-0.043913956790113194
0.12336128992596904,-0.01511074541771083,0.0478294954855943,-0.09300345762585782,-0.0023927143265513977,-0.17093324433055948,0.2898822676080615,0.09738691224175061,-0.040760572522279714,0.21203321427141053
0.09756110687011278,0.047287346074335976,0.07038285245538567,0.25455409857394806,-0.03194606869733995,-0.1259372664330168,0.07976919345410993,0.03142549032713792,-0.043923963103215564,-0.1321736429394902
0.0015618063835260952,-0.1737766945293474,-0.018408979809406742,-0.0510727958195481,-0.004156704248524497,0.022262672822399802,-0.14009730554833977,0.05403532048967838,-0.021541786120782808,-0.012949990207346974
-0.12337629251444154,0.05244353901511789,-0.033139337395100506,-0.08746891811731794,-0.19108513913390834,-0.04890239487260437,0.04435145808485239,0.0007390639801124164,-0.06730542085306704,-0.22127129479936458
-0.09808100318353047,0.06598047330323936,-0.02957076312557818,0.1386171377980462,-0.11887085476860931,-0.1001286833823549,0.02492334873248462,0.06543521543005155,-0.03816590691701113,-0.2326277052043305
-0.015193727205923754,0.0918360041417121,-0.058629672043464004,0.005825923617636004,-0.022954701737430472,0.06783124856542948,-0.028171223300100294,0.03289617520783321,-0.05324517933678308,-0.1331252865631277
-0.10921310868867187,-0.06054412702643919,-0.006904848827745943,0.14415789644847685,-0.13359714660576352,0.10121884380578715,-0.0012855924333236794,-0.23506837504246192,-0.15155553110895525,-0.004058528348831497
-0.0035564906125417697,0.046628497859840176,0.03487692888176041,0.0579949681851331,-0.03613224702310653,-0.07038460803689857,-0.1425927260647445,0.05012860567064774,-0.025405691642836806,0.045325256147284915
-0.10279302132057495,-0.02491009075261828,0.11875821327809269,0.06141240069146004,-0.08552624847892713,0.0895723258312906,0.023109681111478708,-0.16192894702938762,-0.04592119018211153,-0.06440152185714794
-0.04089345815947182,-0.0007744369730533635,0.12635948314377482,-0.08010765141481248,-0.016635666030928965,0.11538279600406925,0.008384228749725837,0.015292164467398922,0.005857165507781759,0.07705582024908998
0.06329853028219652,-0.08662850467037092,0.03542609376801574,-0.07612814329411963,0.021557721754627352,-0.04712813602649517,0.07292765621834427,0.125311187149194,-0.12739691596699387,0.09434566833973235
-0.057887751107325094,-0.0707758966468125,0.026675283369893922,0.0009096885272211058,0.08760109201160206,0.07465020726078864,-0.09518607851517001,-0.03454425013571736,0.08100985837710747,-0.04941556490761281
0.10176545750370539,-0.1360672845135633,-0.0629164076270666,-0.09649490278870068,0.04640344142822041,0.056080098910951726,-0.12225582138738603,-0.0029771691048242933,-0.00846037443040394,-0.12233049616900354
-0.012130578274612887,-0.11260413203339913,0.020626590922385515,-0.04532997781301247,0.13546652342395687,-0.02678738037157437,0.10813407215929072,0.1217514632800104,-0.154624255119751,-0.036004220613798155
0.1492604942825385,0.04782082951967554,-0.04648211022920473,-0.054267872225917266,0.10087974003941776,0.08867131140942747,-0.10780013286422407,0.06661721952837596,0.04431201483680719,0.10270558225705109
0.12512805053621956,0.10075447420808498,-0.02123429247987952,-0.1366564286155788,-0.10007091085519276,0.031225947713335492,-0.1447516797755386,-0.16346783759910008,0.03406974173825847,-0.17893147113540522
0.0276080221542962,0.005370470606552571,0.05927646748955583,0.03132719803262178,-0.07828823498627498,-0.051447569815070815,0.23591548749188754,-0.05671833529977485,0.24704352434932547,0.030748519939680394
0.049828814356884576,0.12861485658305571,0.015021232338434911,-0.16009961802240988,0.22235143086745005,0.0251564318311542,-0.023992576849131322,0.12103051116994745,0.13317254013517976,0.042116258776812944
0.10445328628804709,0.006561794632223179,0.12550800631313555,-0.04725764897119651,0.037581323335546125,0.03783027311793827,-0.11350437521197786,0.0023414358539320668,-0.06051538739492668,0.03138195301956427
0.03886105019961092,0.051531498947598176,-0.04312890663797151,-0.18643768278856535,0.009096812132619096,-0.23059363119889195,0.20633224795804045,0.05751329200722879,-0.018783113037997415,-0.005340624489573682
0.034008278250621415,0.05452488783217804,0.07529100955322876,0.15723405976824834,-0.057837243671814934,0.01313250852221137,0.07194128082913419,-0.10897300934942686,0.04243523589707795,-0.10287817547198654
0.10927609952160872,0.09037086925185948,-0.02296064787891168,0.1112721895391973,0.06334717132210957,-0.07546169286155198,-0.06873549423958647,0.03544315896109149,0.19599594548668953,0.13335552244971638
-0.050863948473524455,0.2413939630159281,0.13613494303094967,0.03618857767619007,-0.056502992609722774,0.013029849799225245,0.10813672895324755,0.13541264873833594,0.07822773607769407,-0.05790200273673807
0.06254756158972509,0.17181319447859025,0.1025303965633904,-0.005907556305263892,-0.1813712582359069,-0.013569953619234597,0.08002106814962646,-0.009389819540113961,-0.004881961623836632,-0.1219031470081158
0.08755923198223875,0.1443815497697657,0.27423315921434155,0.37921308681928606,-0.10148871337318721,-0.10382474647719644,0.06124430878921118,-0.05919945451636951,0.08362374976729872,0.031250121490471544
0.10683897806263164,-0.10677014527893705,-0.0046405367878413345,0.10505278457916456,-0.08231598984152182,-0.027205256980039005,0.11737262694053283,-0.2040774450944425,-0.0019842737481245926,-0.06181859184182504
0.10277273000077776,-0.16367411575809124,0.048660388624303774,0.004550103927001843,-0.12524837194064614,0.0071291435364608975,0.13247607671987577,-0.04101422884553736,-0.04618378123471639,0.05528201189536905
0.08939192576703345,-0.19478029002483188,0.1347783353960334,0.0067654122322086995,-0.04343015306260924,-0.02947489712473182,-0.04935337109109347,-0.03416193360394856,-0.047631236287293974,0.026001374571205004
-0.014965295443012675,-0.0650629088325682,0.04142975901532604,-0.19434596772501772,-0.10205160255781426,-0.15301049871888997,-0.183143010870213,0.05401769259218181,0.0983275303125333,-0.17825338720931003
0.06158504037331878,-0.1701837541833046,-0.06747816548695532,-0.05198716276900015,-0.004407290528872815,0.3000660897359953,-0.002747803266146376,-0.10188784512096066,0.005187107684166992,0.11929409538554492
-0.0499410598625119,-0.07378877702828404,-0.06355984687512604,-0.25006577575725497,0.10427172132407642,0.08691677097421702,-0.19877259498211558,0.04283950529354344,0.13710817611687534,0.014944977162189212
0.15357854027627632,-0.1424677010478924,-0.11744236531269572,-0.08739220771797854,-0.07038273867640506,-0.15110277799541083,-0.17114913722287484,-0.009826900304078096,0.07800434901541009,0.06061337317097763
0.08692959431598052,-0.07535640507319835,-0.17017744678062802,-0.013444953325949499,0.027612014278471066,-0.02603277483441792,0.06507341376072126,-0.044731251746530754,0.05998547992681687,0.07513546783539328
-0.002456584940739137,0.22866044545933006,-0.09639067360755904,-0.009310285787724387,0.03147326982765018,-0.009430325553408246,0.017193178368060995,-0.014298535898418722,0.03079130922091742,0.04946518772412266
-0.004557630661099082,0.0457560607208869,-0.1485734938253707,0.0031329242245121992,-0.09948663200059062,-0.12665091722680893,-0.04076259134389892,0.03899813531985455,0.07056545891317632,0.03820604315088294
-0.006845782210002399,0.12929506825217688,0.05857152504630051,0.10475489213772309,0.04341161695303532,0.055479944505584605,-0.06767957140461373,-0.07205718158064273,0.2132232965920123,0.025090110981059663
0.03364957702639962,-0.12895265652813767,-0.13510089706944153,-0.03683899437807907,0.03513749278767085,0.1875918375519077,0.09875414343360123,0.001867072620682704,-0.03129706482036704,0.0014746179203758286
0.04911854597963468,0.10344442509575758,0.07125397089432768,0.0608875999312585,0.054148929228780555,-0.0770486867373083,-0.12667576507271427,-0.02745076385274907,0.04948059792394388,0.052716931438830515
-0.10831561475522028,-0.04714249292506977,0.0446338167475418,0.08514880660010389,-0.06924808318691592,0.011262352524522021,-0.17586603244020116,0.16261702169261957,0.06931007975433533,0.03584897901902697
-0.05260711382502482,0.05939650139296325,0.09646554154382028,-0.027283273406159478,0.08200278532883108,0.024143662563893793,0.09001538013433204,0.08324871417836635,0.07125022239004054,0.015881798701813693
-0.12720557349903056,-0.04031743762380327,0.029834069574277554,0.057366529022138645,-0.09689264342712231,0.15359590341931062,-0.007689992879353267,-0.08552945066844385,-0.037193317560488506,-0.12169578595316569
-0.18482208767931305,0.038870736367138496,0.11874096545706032,-0.026361256791009875,0.12200230370863364,-0.08156811910318543,-0.09267658970318954,0.07109841301176952,-0.14761742611621625,0.2758127295463389
-0.11365336788126582,-0.08097530891447731,-0.002994420567952334,0.04440967032278039,0.0971672794860913,-0.0008835667412926615,-0.08961843007884107,0.004800724231808268,-0.16249811009475942,-0.13642306594559825
-0.03091230723348578,-0.021785361731724892,-0.12363254479221981,0.003877815872262753,-0.06743963453945458,0.1971402076792918,0.03414405775404872,-0.08277762014439041,0.004506097474347381,-0.09846626472018795
-0.285601789423501,0.08773456474726549,-0.021195187871728135,-0.08482595331854341,0.20571854929384709,0.03208239457188709,-0.11567370562024537,-0.07082553296569583,0.1896116303366968,0.1323263620920239
0.06613261010820551,0.000465910607920254,-0.05751757647908916,-0.17349505384021954,-0.007942987732352809,-0.025129186831632122,-0.16929415631929198,0.07265660801378339,-0.03241417721964693,-0.10830199513876179
0.07014608605671044,0.06926878771498274,-0.25274721248199494,-0.05245396792444439,-0.04095995806667456,0.08909119009350741,-0.10608586314569236,-0.05662372966849064,-0.17812049144368589,-0.11179794591159557
0.11841733541093226,0.02778075538966529,-0.043037608932996005,-0.11527117354463338,0.07108134942874741,-0.04010651778653494,-0.13598534971721818,-0.1060527903164508,0.006292153702233584,-0.052461900711678194
0.13006971381785384,0.02985902930818303,-0.09120755462314517,0.038858989822518585,0.08118165852899775,-0.16160108404879195,-0.1888946103050912,-0.1176019148065128,-0.05735299030932803,-0.04446229252506817
0.012818885101625517,-0.15580619282038158,-0.21480895640728043,-0.071186793762031,-0.060473752205882435,0.024875446100318402,-0.017814769059432106,0.0035582638366188496,-0.06194111731401192,-0.07266287329893731
-0.07134092521370325,-0.07471098658171552,0.023260719718812967,0.04935417925596132,0.24935130383335047,-0.2516190995242024,0.1194548241308657,-0.1946740994408152,-0.012694241085662833,-0.14873684655551705
0.07882558149733714,0.07275021802518948,0.08837919465053626,-0.1617597230811231,-0.12532056619524168,0.03510479250373402,-0.14626676202759525,0.039372187585790516,-0.012860368638525431,-0.053747804671220714
-0.14628170233185547,0.019687256663463056,0.05444213637146912,-0.02708231909263283,-0.06348409049544451,0.022041944062874713,0.0084720757854852,-0.11002870060926354,0.13665822623665513,0.06458718475668342
-0.07184331892676413,0.06383192320806144,-0.0976923458542968,-0.12597875507194264,-0.03578896638696162,0.12005862275012692,-0.05228199244397404,0.13779356163309084,-0.07042948911455192,0.10694459806835863
0.02813363646991301,-0.19294568596160133,0.1526700174524369,0.03322133339451164,-0.0012232236505679605,0.07241900918729355,-0.04596478150333459,0.013633540071261423,-0.02689274314687985,0.1301295252983104
-0.01183379984975977,-0.19592066281625226,-0.0774047659695563,-0.14764855537733262,-0.1517954863208588,0.0815093861719422,-0.0011743449534402754,0.16244669124981417,0.02724443757489868,0.002859198320909584
0.06641412564262963,-0.10998120046506901,-0.11646316644173703,0.07806915493296046,0.13033211310820964,-0.0029785727864944656,0.13752896241212395,-0.040146036821688276,-0.0673165847486347,0.023213810777090838
-0.01075219510089822,-0.09077900089450432,0.011751960038665313,-0.004491926444110714,-0.06535343419887982,0.2266876855137908,-0.10084083563325785,-0.09554965919895973,0.15815722161327472,0.04469864001663687
0.03403657017658289,0.033482253833438794,0.1063404416934137,-0.24707322390256892,0.0042178103351381835,-0.06871391993743067,0.015535302627990456,-0.04940062106092888,0.16744906184567063,0.05963561241464351
-0.014225981237286786,0.01938177271938085,0.042674225494720816,-0.11324436380282357,-0.20989739733561047,-0.07732040064042153,0.2552343883102421,0.1670471984412932,0.27865884477189407,-0.015612709086022372
0.16788471134762867,0.1270962773275152,-0.04108284070905291,-0.022920017134176525,0.1697156555387205,0.11026182293758122,-0.0684880146790175,0.01762474477748433,-0.04781842040296134,0.015771997757585275
0.13057556439025433,-0.0725896089900487,0.06890179898206904,-0.041126741455822645,-0.13204792586817596,0.08495185943046205,0.10419204507641222,0.047413470050896224,0.09142088844771268,-0.07927461217711256
0.14259284944873818,0.09907679457721388,0.0726542661716683,0.09893294499215236,0.026338295534434456,-0.025522294627479798,-0.04262155999283436,0.08175230744975222,-0.07145796230878428,0.04724317223588712
0.28071700789844356,-0.10641010735159794,-0.15070735178519368,0.1426614081775852,-0.0830782525147884,0.004059501392323764,0.21274966740808757,0.20637468945753892,0.001715316880261969,-0.03742633736325542
0.05569018247181,0.016012205966732942,0.06401896599785781,-0.12382586798525347,0.1154013298778446,0.0003707294554872245,0.12784651716329642,0.007860446848545616,0.018301817032216984,0.06826394483346844
0.05403723862145377,0.10228159100579924,0.05270923048391468,0.0153843347579188,0.055707789725187744,0.06427785876922223,-0.08294088489987153,0.19364426495970927,-0.04237012538735488,0.2477879059142417
-0.004610988987386197,0.03926498471006914,0.026918727661564477,0.23729614792855558,0.10367116857516137,0.050147759296780794,-0.02009345279234334,-0.01065191820265287,0.06819978186052987,0.10582105470932429
0.042950853668046074,0.10081103739731682,0.20684603268742538,0.014394518031035718,0.06481309549758864,0.17101714037329563,0.08776666322265742,0.04228769588835655,0.003048419504787618,-0.05027997602891607
0.13566538640305736,0.16719307998352856,0.21010526671286323,0.09020360997494756,0.13028532500173695,0.13979305693841584,0.2576108465046158,-0.0802161058418141,0.05857801986605041,0.21071364027774198
0.07695207795551579,0.08441034428333735,0.19951917002996775,-0.11364753223836727,0.05250003812428271,0.02122825878874822,0.028954269394679683,0.022994211788397268,0.1083932087390061,0.10202043685919919
0.07163277306585682,0.18237556787451936,0.16010191084241998,0.02524023275120644,0.12646383830880573,0.11229131343430959,0.1321342503239209,0.028004101426164926,0.016867497024163382,-0.04300492637562495
-0.018676837688035713,0.03266335747666279,0.08143720828125223,0.14703580446625703,0.0003799841970173884,0.09512080492718585,0.09034312297990897,-0.02530124484550539,0.13128178093233134,0.13116014944319343
0.08679101905867742,0.004420945218601355,0.3097546065262631,0.019522937306713138,0.21627227326094167,-0.07736677706725381,0.09901070603415461,-0.07266935623300036,0.21140811980730959,0.041764254828478696
0.22852447843639137,0.1284864574296376,0.14516146778863792,0.07536021185246401,0.05320460679533885,0.2082113450360398,-0.053931662795929564,-0.06789260972160963,0.09396989124774112,0.1708832768237153
0.10600749359531464,0.09099203893098194,0.13107536540787332,0.14816141863496798,0.019980314671480107,0.1603579190827019,-0.0422539691450331,-0.028437624235141637,0.21416473716712053,-0.08631193158639754
0.30602169927435474,0.13373551977661582,0.15447082024311679,-0.29045545808780876,0.08682350374088318,-0.04544235830712759,0.16286182973131025,0.13614349364592948,0.1461260391097538,-0.17166447841590943
0.09776921598275375,0.12974893349634625,-0.03803033251886037,0.1921485980804981,0.061118918404806974,0.0744640038372774,0.04652218069268863,0.29191572588045656,0.1240132482346457,-0.0149808339594312
0.0014539988961343314,0.17799625761803037,0.290304427016162,-0.023427402076473952,0.005396946605128364,0.18314763764517858,-0.050127917897628466,0.03635962528064096,-0.00032756839673950267,0.0663197369033093
0.10795617517065303,0.050755263530759716,-0.002644389537301284,0.11393714074264513,-0.0014635865377167073,0.09790318340556002,0.051202317750462745,0.12256143241992822,0.14586385703232305,-0.028152777304249414
-0.17326008921448977,0.05759881920956733,0.03914334409290404,0.13450776888827207,0.17406956102917417,0.30007560091222973,0.07434665742534645,0.04171939767043471,0.09686976544348397,-0.013873472110409624
0.019047545735021668,-0.06187618537639446,0.11744205810679294,0.12706287421229168,-0.027436551041117835,0.12675903305996064,-0.0756816742798541,0.04837122202622601,0.18046867522130558,0.15098992176127518
-0.0540456941890044,0.009436648053627303,0.19099568974057385,0.1539411115677075,0.013521855566158328,0.047072663198871115,0.0903363942739547,0.044419582117860706,0.045770821019925155,0.21778456680572014
0.05472167840838632,-0.07769357397022894,0.056722604547072494,0.021388634464395158,0.15887763255754617,0.06947270906840255,0.003914131865284991,0.23683157682747744,0.0012853766859619205,0.1264439024093058
0.26724570836796174,0.26678993472705653,0.004809411860120565,0.15338803399547615,-0.07191147481340672,0.09016356140358124,-0.05822054638903426,0.1156561622275152,0.011385516974380075,0.02908931089334918
0.23875708648199,0.14352658060259027,-0.007564999558483679,0.14103163289565862,0.015657185011600787,0.11084035020931031,0.003940924119523886,0.1270735675727321,0.06122833040211385,-0.018147362552934657
0.2717751949090964,-0.072504889163879,0.0855536792384315,0.2009886948419596,0.19687188027415561,0.042615679523205184,0.09304224863645003,-0.0498853119394891,0.0458550064281886,0.11526069354652552
0.26947052450713477,0.08200960566338873,0.06258855391915892,0.10274605640377125,-0.0164082963013839,-0.051298438739759575,0.09048659418564195,-0.18174287610326406,0.2668200630652729,-0.008342412515984075
-0.060641202870341554,0.1717699393287331,0.11389187712958075,-0.04165632883578967,0.018726081572252105,0.01670621313633924,-0.04460680209399652,0.13549796863592845,0.32631377376068527,-0.041380108960111246
0.08713772409925061,-0.08645579683057278,0.1295118100502275,-0.12565590420108771,-0.053899104356086726,0.0566738332884229,-0.06062620723267022,0.08395430456969245,0.09550386258159133,0.030388674395261314
0.3474174443669067,0.03136330835999676,0.01756935977994413,-0.06589240304881638,0.0917724075037833,0.10804372065083329,-0.07454812550167196,0.0538725982504063,0.14037688608322563,0.0794553391232884
-0.007741113724964679,-0.09402412606874623,0.08861177371649802,0.0010550213860730847,-0.059086037065132456,0.18777596651530226,-0.03137041942760009,0.22674752434807655,0.13772186472375883,0.2716525296538288
0.061939318982039894,-0.12543367613538778,-0.021823227708738194,-0.05462263764204486,0.12665666750427926,-0.09726979262688015,-0.0748325221874294,0.1794757883387577,0.06943312611142713,0.024319820252520497
0.18228643528815253,0.24534418291057025,0.2870492921877692,-0.17301182189944653,0.26848133854374556,0.0671035858108445,0.10157364936748002,-0.03280075474339461,-0.08816951014532995,0.2138050029171725
0.13712810979487247,0.07931281458368454,0.20356741320398442,-0.022028974202197717,0.2174719961561657,-0.013626856057355072,0.05229714322398988,0.11570587764383553,0.2707703923036151,0.09140461960282364
0.18595864437905943,0.26888072471369034,0.16007209097189418,0.0340726193045263,0.00735310430685901,0.07531646439667226,0.08653791187890338,0.19534926931250135,0.04773039032506396,-0.07554578184005534
-0.0628772371916435,0.3128079140686948,0.1856393837747054,0.2215695934268726,0.049930031700419895,0.11908470991233996,0.23974340403690628,0.3494716967245864,0.23245041698251312,-0.05936538223611976
0.15515690503761848,0.0870567310702398,0.23634963203890552,0.16195833399540352,0.012962107501841204,0.09467192609760101,0.28898637797077426,0.06182560445656947,0.34881196057270436,-0.029407465762635657
0.27324485947733457,0.22442142576019497,0.18216126574054894,0.2304740900854813,0.1517870485398865,0.10042573703148067,0.27644407467814963,0.18504913675284887,0.2648525636830418,0.07206557561067416
0.06785413571620486,0.1561908524372235,0.18781021543809368,0.22895758650864897,0.1656751364145999,0.17155344523768257,0.02651255074151143,0.18764068636697623,0.13487972756257932,0.042785539831919045
0.08111810694468383,0.252856544559416,0.13124520521184463,0.20855425498332583,0.019637059522993078,0.2708277995766547,0.08181585081379873,0.06032226805774492,0.2377246566929112,-0.11720979569564385
0.1089434588158216,0.24105512506113766,0.36777719992456115,0.35728400818910055,0.13780598330046584,0.2272199256507616,0.19866635730207866,0.04360768874965314,0.08077687485614307,0.021090540024738688
0.0742982883842261,0.21880451938803186,0.03624893970294704,0.2519480605864455,0.023491376225531324,0.19779863417079424,0.23837945367812902,0.10155062580537921,0.0504067179593887,0.2236955758792466
0.32879905073023175,0.1430838541600384,0.21173127500075195,0.15829024966768593,0.09107140561846144,0.1408983428082998,0.17691525725769958,0.14618295066736864,0.025874183225001228,0.03157748183333518
0.15613988095933515,0.1009953457309419,0.15313187875025458,0.318801284613462,0.17083419615508172,0.13164301514633062,0.08980273211490988,-0.12699358519976767,0.07657620905529088,-0.02254163263490737
0.20297501479390956,0.08338111831909413,0.16468198508151413,0.14454374025508435,-0.0320299064007159,0.06423124620883267,-0.049098483206351115,0.1167580772220236,-0.03590586695679851,0.11348045166312057
0.12328145895791273,0.009819800907282808,0.09099112754905286,0.2073323435931,0.07779766534057062,0.12480202475624001,-0.048868128203296265,-0.011140952941387762,0.3009663022447656,0.019140329356257875
0.30627789099020875,0.2880967293271684,0.2030145255643461,0.12037714707939409,-0.06011422974966041,0.17697835910678097,0.10362591519099393,0.06699756322071279,0.06305822906543862,0.0869857632560153
0.20063394330339707,0.1283894522240207,-0.13011747769867635,0.1149002432029407,0.10519097775201756,0.2190625189881325,0.0346169450281286,0.033222252380354075,0.30708460836613716,0.20571865720970034
0.1387145184299383,0.15190323972124908,0.3275450042867972,0.0013107947032299089,0.11622045980672546,-0.004153433470153206,0.02323870955361873,0.08355751784705386,0.07327733655953424,0.2798548700189717
0.1298893765603601,0.2649285551046313,0.03745648531442737,0.10121277509975961,0.11024142567991904,-0.13555221139368037,-0.006592532411462487,0.2399916207437959,0.2596570277212837,0.21939668930000716
0.10941834799898319,0.12730581049212614,0.14953084515253257,0.25160214331107034,0.1471833007013869,0.02994502830554272,0.19907089002117723,0.13796817004688644,0.23685358770702208,0.17789499215053822
0.21946358704191712,0.14707732763415354,0.12057722008359137,0.24420557086490657,-0.10246895587127985,0.19198402107208828,0.009975084656368954,0.21242184400067993,0.02369563017406774,0.2891781137689662
0.0033359746975519244,0.2573823915249362,0.19377737907575693,-0.05825150150880762,0.016935958434284623,0.054113022704146925,0.3423892372427032,0.05086230868690682,0.17702751848655915,0.18943731059510785
0.1356845106617053,0.2144725065807816,0.01886205352753878,0.3439058139353567,0.02203244932660406,0.07724125422694983,0.2514903537330859,0.14170728240068292,-0.0262346635852342,0.1756034393885379
0.1864064361308999,0.05900269305113142,0.1753252901412377,0.15986677998825322,0.26310436002063425,-0.03088338518379688,-0.09618274292541207,-0.046429013531464614,0.009490824976737477,0.1029555046671018
0.025763480372888836,0.09325369845617208,-0.031353651762458176,-0.018464941669512375,0.10016629591063722,0.07108897602857661,0.11332381972189054,-0.006780224630519881,0.10666843146225083,0.07248355804182642
0.05559036871989596,0.17040712937260089,-0.2285746551989763,0.1849968012566759,0.08275243997820837,0.072073417766427,0.08705010799333776,0.04644060069101333,0.08285379634110972,0.12191620561903074
0.16766856375543798,-0.07834382763158985,-0.09519033203593136,0.15206892574487624,0.15262031825825356,-0.0034746626767861843,0.06253658259041807,0.10208857388837124,-0.10897642102507753,0.04105275058762288
0.05036866264075153,0.04719196188811822,0.12538059731608556,0.10311032474310364,-0.06448241414911499,0.23960535179094855,0.08277282277257031,0.013440101581757288,0.05553082545663856,0.045901737263037756
0.1499328238340465,0.07237457261909822,0.03963163973913948,0.22382847981197707,0.06114059117583978,0.04848088879218207,0.10429571459660394,0.15269084975270564,0.005943614513128019,0.09394926764772543
0.07607158063162149,0.0778291535329198,0.09645513190271193,-0.03569686212657806,0.10408751445414058,0.2798759913502876,-0.05696972121122815,-0.07253224721103774,0.09181800930974213,0.19400214762421314
0.17034067874491815,0.023464756167127107,0.1897996126449548,-0.04161765785727733,0.1488782141849749,0.04503283182014772,0.026056858366474027,-0.1584855715161117,0.03432414868912789,0.07315509498680273
0.03809967976318635,0.12917798950135753,-0.04916125471670501,-0.04840033462560324,0.019699881803470307,0.05663351290837331,0.059688906043605244,0.004507361246345265,0.07617921237173579,0.059519769127567346
0.032809659824597194,-0.07978158481946188,0.05994548326976678,-0.027820530131844268,0.13263052886509552,0.06365789361813812,0.13852896843852075,-0.02082676343080052,0.08189454049589437,0.03147581575263527
-0.07707842313225483,0.0851906547857643,0.05526828608684933,0.024204952071761703,0.02730316032206683,-0.08755786651624356,-0.25407467967173236,-0.1504712538269254,0.0879059809930379,-0.07697343135551488
0.15419891910863234,0.16802431516597693,0.007134906383960405,0.15264562906016724,-0.0016291953340054031,-0.20178544829158837,-0.032231249478691285,0.1022651605483741,-0.07651966659447046,-0.020866995260304732
-0.17362901260877645,0.09381627489554387,-0.12259716869900136,-0.1293048966655863,0.01722062521377892,0.013571247111594756,-0.10135966019026994,-0.037872903887530535,0.1281237449803295,-0.030034324029657347
-0.11228689863953245,-0.07176286258632619,-0.038277802061514814,0.059380951615766675,0.011117677148135316,-0.05515479976292019,-0.01796798526958279,-0.03855607539505297,-0.0026856869203048406,0.0014536097146164578
-0.04308464874186254,-0.03412287121217107,-0.11545720743808018,-0.17018112079143743,0.01303042201183953,-0.002130457183202969,-0.17182168517989663,0.06871215231388482,0.07677597273177915,-0.0069136537134751284
-0.14028598486588298,-0.0759851392579395,-0.028711682417873103,0.11118337294279478,-0.029275455845435245,0.08414348057253834,-0.1917433398501021,0.03934379565142511,-0.14670373528252612,0.03695261165086468
-0.017619977038539944,-0.17872397685498023,-0.259277466426545,-0.0011685836332436701,-0.09214545206056807,-0.06682872778173925,-0.021571672562542936,-0.15812174201904391,0.00036798582493451776,-0.0772595258023104
-0.026393112104056198,-0.023728008419961474,-0.1295308876669679,-0.03888454671245013,-0.10052832921272366,-0.1621753150286972,0.08282434831114033,-0.06498519499660924,-0.10506105257335686,0.01048052293169605
-0.08287991500406026,-0.0005535592605437484,-0.1674913941132019,-0.12840761680392102,0.13736405135186847,-0.09033875058746654,-0.0699461202758292,0.04878993792270442,0.18106804419687678,-0.0380119474414211
-0.10401598908298808,0.015070899171206763,-0.15762005684043698,-0.20627905350762055,-0.004724971988359708,-0.06089988124368015,-0.051544646599485336,-0.08804439847050241,-0.08037593421843961,-0.15350491894174698
-0.25250628543284814,0.10865936302656723,0.00758748862809306,0.04838641251041399,-0.1717419324716342,0.11163095649180389,0.19204886384646203,-0.09745764900689756,-0.04153588995430518,-0.12521681566209195
0.1019394204861074,-0.02500683856015033,-0.15721797747044133,-0.11289033043594346,-0.03727298750687324,-0.17358152742172328,0.04608871061268329,-0.01625225050828328,-0.19794503754952414,-0.07436583237196434
-0.06638735079333118,-0.15017338902924968,0.058202291968287634,0.1529332084870604,0.1439957762043777,0.026908918298317624,-0.11842664635693564,-0.12970496790014868,-0.0631309314522764,-0.21953222806189157
-0.08506717749184568,0.04162258351862438,0.0331598013971867,-0.027241679860899492,-0.1293266715896421,-0.13120786982875227,-0.04719776377866193,-0.11535403818379031,0.0015934449170622728,0.10343441504145712
-0.06518137114885977,0.20284427604370037,0.13212800846257244,0.11280426489013073,-0.19635764702218422,-0.13337075966738648,-0.19978821587208276,-0.14095008501620482,-0.19245197290925561,-0.024713698916344645
-0.1061353260424239,0.16055540030318594,-0.03195097411622666,-0.23196811793948136,0.09196913923702804,-0.18388674045117293,-0.08292081856695509,-0.11417371023544755,-0.10055341302853646,-0.01649090831153533
-0.14779406042813725,-0.04388505069736766,-0.10743017869936047,0.07426440495489531,-0.17223830690933914,-0.04429019435849363,-0.1890026830655741,-0.02872528214160966,-0.07916013631760013,-0.12122319251535323
-0.14727090438004878,-0.18835169024755727,-0.14706742845820114,-0.07884243533514784,0.048140321736518416,-0.10083565931826674,-0.17477044952377319,-0.12442934679135202,-0.28811008424051626,0.09873197844954032
-0.059777099265129315,0.00522200187796068,-0.12821476169835047,-0.15387339057616095,0.13854127748923697,-0.1242534691360038,-0.2327905508570051,-0.13931310991592327,-0.03423268924271613,-0.09597948863623931
0.07013181511932262,0.05635039761434342,-0.14202140406335995,0.03675649685566797,-0.11857195232844592,-0.03112825822499772,-0.08376188036346408,-0.1328600057380237,-0.08958604837763351,-0.038484828306482435
-0.06866758256386515,-0.25437516049795184,-0.1576132925480939,0.04836454098710728,-0.051251398853809305,-0.1012463556108977,-0.13318822099832625,-0.234315981564843,-0.05843560573514288,-0.06145077900323557
0.06445954338961021,-0.08512637245618274,0.08273068886073873,-0.06880118319761398,-0.010185984447761358,-0.33292844437687663,0.08111049262958207,-0.10929720975089444,-0.08800333314442324,0.16058608188937198
0.06486841394516557,-0.1824495816802215,-0.19062349623025945,-0.048227229332511064,-0.12389572711665438,0.03809712982347274,-0.07026461050259943,-0.18134398329622697,-0.08547841116038143,-0.09560169854025401
-0.19281432694610184,-0.15809054842600623,-0.015852894921635344,-0.12224547437697483,-0.09912749691546355,-0.000239222378938711,0.05023558292346428,-0.032275230840347835,-0.12735131558259022,-0.11281749027989302
-0.1896032255154263,-0.24377070253012345,-0.16976311988472648,-0.11975088029248523,0.015200981290781734,-0.08304650398174401,-0.0509477673268367,-0.24889321726541996,-0.1116331037176218,-0.2557686310771314
-0.006388625012003837,-0.26849536409428687,-0.05607509928218449,0.026722868647936576,-0.04467458018044865,-0.2565439654125137,-0.14462664690943228,-0.029814638235812416,-0.08965147331346596,-0.061371213907386715
-0.143934257795368,0.0007716003165035845,-0.025446903790657532,-0.13202295862607083,-0.15730738214447593,-0.057647310005746806,-0.2107769232216143,-0.10534167602368087,-0.10706034988533544,-0.08868494012085676
-0.08488380206812199,-0.057648288257750174,-0.20433357676586245,-0.27076623964370655,-0.15773710211785624,-0.1973977082529018,-0.17603441286449423,0.0820314316709079,-0.09330904463004626,-0.006187773665195559
-0.05454997475011878,-0.21170022358099844,-0.08401795274483262,-0.04217546809525733,-0.02279033582444011,0.21211276336460536,0.027128097798409065,0.09461437150295954,-0.10550770159211773,0.07132249379402224
-0.14681566632297005,-0.21286325608261408,-0.3848790271497953,-0.08032576862692785,0.009796216976936632,0.11762040296847995,-0.2224794902650797,-0.1111830396865162,-0.22976981377543768,0.07859611291575548
0.035923299019698735,-0.12495606125588589,-0.13547499169907723,-0.07602017602387949,-0.0628044684462598,-0.04806829586317902,-0.17437938603597455,0.08701760255984375,-0.057321488075140176,0.16032446512634813
-0.03403137977678894,0.038647096581908555,-0.1020905979323571,-0.15496275535894555,0.19854134027586462,-0.024312437890636206,-0.07143337665406457,-0.02508414382231313,-0.08062025903391878,-0.05961106147529282
0.00896143304716749,-0.006835983088435027,-0.22239629271366537,-0.06676596276279446,-0.07264708164318345,-0.022636617594072116,-0.16824343429060443,-0.21202524080267185,-0.10089434503038425,-0.0659663252098096
0.08780035193234076,0.06429412153250944,-0.13342657570068808,0.01796394703384086,-0.21070962132430424,-0.09518733125670864,0.16878886884743446,-0.1318827976174127,-0.17702790667128354,-0.03594998736886396
-0.08626202112597259,-0.0542403762072671,-0.10278025804507726,-0.017024237424778297,0.028664771659179855,-0.0597164357466752,0.021591173858510032,-0.12887806537653262,-0.20621471995468107,-0.0639597076265297
-0.14574509302245778,-0.24403955519691664,-0.02947095155050658,-0.0331106666972056,0.14253189089663293,-0.20351337657866342,0.05174977507196109,-0.058613250009125435,0.04411073660948306,-0.021932292253857066
-0.23881534621619843,-0.06951966061222431,0.01795731919530493,-0.22642491758964667,0.08913605499356311,-0.1541284842054298,0.14719882875201076,0.11165860979698533,-0.05109475783662924,-0.1867508791602221
-0.3277516818647953,-0.11473907326584189,0.13813566676880631,-0.08484667402225478,-0.015063121662184414,-0.11048455946615439,0.013575532186177991,-0.16321175153529865,0.01522105963833198,-0.1273347823626775
0.017184317974301727,-0.0693500300029875,0.06019246498561068,-0.13973604697152398,-0.11249333756066315,-0.013330361981700733,-0.02584456378809669,0.0050069404044865845,0.05490840911375928,-0.011224325512507377
-0.20069139633036764,0.07467290425815881,0.07279675374684949,-0.07674518049758164,-0.04245928541586408,0.09115937422992444,-0.07058301175018664,0.003920689838840162,0.059872751409899276,-0.10019043893390951
-0.08502686288068642,-0.023883790175471833,0.019155294841492705,-0.014561719497675159,-0.10841553066277793,0.03243552248376057,-0.017177386713887466,-0.033704104697239196,-0.09452052356674312,-0.1124900194954331
0.2346253653399465,0.15900278174047097,-0.07228242361781644,0.20258021455458589,0.02276421773449578,0.11534431959110565,-0.1808132008083933,-0.07585720961287477,-0.11467692794864734,-0.014689313453686615
-0.04691174438514514,-0.02689395928629025,-0.01000451999107611,0.1538104178974195,-0.10367994915640924,-0.13596091375344155,-0.05486205544823849,-0.024659873533119606,0.025176452400812517,0.024424349756373295
-0.0325597358270172,-0.08585019579371751,-0.02480905738396741,0.06819695069526746,0.05877257577133345,-0.03999408529185351,-0.017776845216477377,-0.012736132230385604,-0.08161947569650488,-0.14905367206866563
0.15787537575328583,0.04663885119377423,-0.040138876744320096,-0.04565273129673176,0.01507417894591179,0.02016767422725064,-0.05591573792528043,-0.09027708989754427,0.012479327522584596,-0.14452698943518866
0.09580684469444158,-0.015340831452695929,0.16378963119249995,-0.07494120155802171,-0.08551841901588252,0.06136644475836824,0.15109786855082122,-0.11984747243350147,0.04531878730107447,0.020787164834210906
-0.13277357245981283,-0.1371770774073815,-0.03490911412218957,0.07218123347510647,0.08097075990117766,0.013069547245593303,0.005539960398797652,0.0032179946785290334,-0.045527374781153165,-0.18329354494170388
0.22894710496007342,0.01132905625030839,0.09915518228106623,-0.12400087742811947,-0.11479593317140868,0.04331337799612435,0.06432435107739852,0.1289926601494052,0.01516596378038877,0.01745476571421708
0.13227270895912518,0.10455154700527014,0.09815455824619088,-0.06958466330280973,-0.12569446642040616,0.0076141970986639135,0.05292021519809101,0.1976558752542433,-0.017600768293033066,0.1997476758059438
-0.008738979233226082,-0.032285812657160524,0.025386773686305913,-0.22482533208514552,-0.15141304107631906,-0.024126199662879266,-0.004135459000203491,0.01682794258783276,-0.23220251182105356,0.09204070675550223
0.07367492245311591,-0.11423987288483226,0.07076165188079514,-0.008190249214037113,-0.010120779535535812,-0.07440128882150134,-0.1028896716112771,-0.09126000281343008,-0.05046888475049826,0.1001839170556568
0.20792740446823468,-0.009320883614217878,0.0654746063890745,-0.06052363480837987,-0.007922243063639966,0.06133971882603033,-0.016949822265166434,0.03552448290611225,-0.02853609264457973,-0.09913579716519733
0.09120674779218021,0.1405742321368686,0.008728810494140794,0.029653495063608898,0.14781651759645803,-0.017724340223741995,-0.015288083759029104,-0.026406117720899316,-0.035289398932400864,-0.22271155814425264
0.13200311413479182,-0.11568974180294847,0.0997560564522228,0.008401317831096341,-0.03457537074445132,-0.00015650069890068338,0.1969474719529492,0.1746211049712685,-0.053081712408837245,-0.0802753334234483
-0.07048633272753158,0.08148145814813426,0.0025565426356363476,0.07361399539077407,-0.044126646373134445,-0.0816812083623804,-0.12682827961313117,0.018549028355953318,-0.03904673214481358,0.03833804398151468
-0.07645494684585652,0.0979004542730155,0.059791072876262424,-0.0021946736378885973,-0.037119907037005406,-0.00338510620926347,-0.16027696571646388,0.12186624078809727,0.022445013178095108,0.027293647375630392
0.027445600689658574,-0.03600068542879987,-0.037377343913280556,-0.04012045146531421,-0.1666893321970342,0.14885104433739493,0.06885453060118314,-0.05655126294403727,-0.1818568244857029,-0.05036993810231794
-0.0008268799735611787,-0.07323814238865442,0.047098800043990946,0.04586373065129055,-0.06915030816766765,0.10181850046940852,-0.054433543980618976,-0.1125257037647197,0.04567802780205127,0.14754689056535125
0.07726799838026131,-0.12337901075825138,-0.1610523688553724,-0.020829087332447427,0.03197562629864339,-0.06621689775490458,-0.023508351278533863,-0.11738673836596938,0.19720331511886902,0.0774611687965144
-0.0675994575899172,-0.08822349728568744,-0.027203967799111706,-0.05747904347256609,-0.15997897080468074,-0.039116493566387765,0.024481464432644318,0.09931343412776741,-0.10411672379844403,0.08831030848302067
-0.18713694105053302,-0.0677522194404422,-0.11067742664641493,-0.1236123392175869,-0.011329542862707022,0.06944904393297704,0.09792527126385697,-0.00021017333745975472,-0.07181837700003565,-0.015863371720983288
0.09378770769858807,-0.00471305975527031,-0.04431972497066862,-0.08040026912823879,0.06539263685604264,-0.02349230986489912,-0.17056673476761042,-0.01941736425697154,0.013637918276325212,-0.08516674134999604
-0.12218720560302385,0.1174139157351259,-0.05887538102556375,0.02187138912172966,-0.034562714960420765,-0.04926472932488634,0.06889122684546442,-0.11912485875214605,-0.12372925146911407,0.04766898451404314
-0.06543287976169816,0.05716339947461235,-0.183620874248038,-0.010367001897896966,0.09055294233867221,0.03419605120950428,-0.03843381890568039,-0.07278476113199273,-0.036381402922255265,-0.20423725008632837
0.05449770611309222,0.09045688664968918,-0.0517755060586271,-0.0707032052052135,0.06821069720174852,0.057426323863484854,-0.1331909052962697,-0.07188757454890682,0.03890319637786441,0.056320809653412
-0.028328808089563107,0.04959572754933919,-0.09184245355916448,0.14240525008414107,-0.15630946556433017,-0.20742027554112147,0.027284623490712784,-0.2024556037938922,-0.05325641733728579,-0.05445794999578048
0.010741734834974762,-0.06070870999604425,-0.01794407334141472,0.13238241123796965,0.07656337251919178,-0.02868672034610245,-0.014732767312732114,-0.002298035836196005,0.11230960790823753,-0.08172311099765381
-0.036317713538336016,-0.05329943056565689,0.2843274463701214,-0.008066274206143495,0.005422455266788535,-0.0982016821348707,0.0840517967317946,-0.12056761044373893,0.02733818928962963,0.0929020966753887
-0.0971545070372894,-0.07356201363513015,-0.004023190216816526,0.11100034396578354,-0.11444885855503142,-0.04920167924130029,-0.0016213257623529757,-0.056356217500097,-0.0006406997663589466,0.08618505173948586
0.013483396257277392,-0.08442450106462748,0.07256287161427041,-0.030779758376192685,-0.015267630216196648,-0.0006828353460266081,-0.13601081409535476,0.019039744663632965,0.05624498160461221,0.14472203204145279
-0.028222868213262177,0.07063860329172825,0.07382314819117203,-0.1008701743102811,-0.026364897081893456,0.15323589745773747,-0.13824495177139445,-0.16769101093104374,-0.03428807541946896,0.08240808108283629
0.08714777989585049,0.008247408890784534,0.07710276470706591,-0.15551985724479406,0.1800204959672433,0.09964484187376257,-0.0591625219064101,-0.20899456272100583,0.0807300190122255,0.060752313959252575
