T0,T1,T2,T3,T4,T5,T6,T7,T8,T9
0.14660012188352672,-0.06158315377966732,0.24439162293104655,-0.016111182423562714,0.05156239202873325,-0.026332383726279843,0.09529205616716221,0.19921388789338376,-0.10098619958340352,0.17296727878811585
0.04590904658573405,0.10846462816258648,0.06712798437736531,-0.14011903467842973,0.22170665607226026,0.030324715804983263,0.14858295343467737,0.052639692017606265,0.2614386431829843,0.1703052522783685
0.22248794387068122,-0.012161305606080405,-0.04192964511010286,-0.00946719689283404,0.04471537894079591,0.14320622106854325,0.08907043213970883,0.10592611975012645,0.17936369504249927,0.18315175680031714
0.02921183057603083,-0.04949805132034115,0.17035436615991073,0.09575642279719232,0.19993116506893538,0.054026560967390204,0.0016885966075481512,0.12236801634252766,0.12355817780405834,0.17592371517470837
-0.13092168866505569,-0.008644686292973353,0.14897351347052482,-0.08384229931305015,-0.01066936818477815,0.13207984262112488,0.015341933421640183,0.14118733163125757,0.22392449044019389,0.17450841379215504
0.09591945266984833,-0.04362966002065309,0.09327898661317637,0.09898578159222014,0.06219246980185768,0.23792828105222844,0.13078421958362418,0.1136589093668422,-0.05463886066459163,0.013862069267150043
0.0026296679182299387,0.001170707045597505,0.144977429151744,-0.08984849266279256,0.2836982090362356,0.19802432913023857,0.05549691010169575,0.06935104788880396,-0.17329867000782523,0.12767684580932392
0.11433261126966696,0.148027915152518,0.0828510292648206,0.026689510959204632,0.024655909293707645,0.0896624224878875,0.06995733192235352,0.08978027290726039,-0.0641969526324462,0.050960433939607634
0.1113502380271804,0.06795704972963103,0.0918588620596226,-0.11813806061470335,0.11185166060570328,0.08474113917905986,0.034996538525443856,0.26580531938781027,-0.1417806506984322,-0.05423187914825709
0.0029428038770233644,0.193834058957871,0.1532285442279673,-0.0836750606650624,0.020916165501481728,0.02420968545891762,0.013113599447718303,-0.06675043100933536,0.07618801500102781,0.030108163952303136
0.03901143660099721,0.21670354161940536,0.11118724022015557,0.010964294721791437,0.1548518266937677,0.08417791936682532,0.1494877955012973,-0.001149208153772327,-0.016025539140607253,-0.06644429925265788
0.024749966455894785,0.10298323428912397,-0.11285870141354411,-0.13432822938348152,0.0978443875053818,-0.05653712517693614,-0.1249061237920068,0.04641187407357058,0.005252083955314325,0.11185188517667571
-0.05239758764839339,0.14946993692341648,0.09718811851253087,-0.004306006808406726,0.07068533861344228,0.004947143968585366,0.028913773421276344,0.22076975360440967,0.23053754511729607,-0.04135911770658437
0.05436917557768291,0.10244592835417402,0.05243185869482846,0.1015742664147236,0.07237831031438034,0.11560153114700837,0.16151289181355352,-0.13479345195662829,0.25514999075933187,-0.044107692916008
-0.025974267280006832,0.06525456937339047,0.0326622293894258,-0.09166403199354099,0.23411425631241156,-0.012618161572784482,0.04551220980030261,0.13150576513891263,0.23778028695567996,0.01789403105584239
-0.1931817812613324,0.024315770956117172,0.11060529584365615,-0.07769559559162834,0.30094348821035566,-0.07494847284503786,-0.001400261991829764,-0.09003315823574902,-0.011753293303654738,-0.03127160811476268
-0.032010213810933205,-0.020689554929257448,-0.04083992589050681,0.0017436070839424826,0.10982240013378647,-0.05911902541682752,0.16927707045577184,0.058500188339346886,0.08663409600825009,-0.1185980569166704
0.12710722383268816,0.11997780965178927,0.05098226471590052,-0.007631257788833348,-0.021789496689703147,0.007058801695002937,-0.0200727190618898,0.1744692821137636,-0.057533772063405944,-0.06640905265503118
-0.10363718224018852,-0.11619333042724746,-0.10809505150619203,-0.017713034501306735,0.10381978869266122,0.062252866045368796,-0.027362860266855964,-0.0340564491949187,0.04010948024621648,-0.039388613593829565
-0.04661069803638172,0.023381674242545027,-0.03721475939242974,-0.07451179216181221,0.13184960115309613,-0.02980735899984334,0.13736236916291508,0.032273330129055706,0.08720562986229197,-0.0039582202564652415
-0.10255945734170097,-0.15534149542544123,0.03055749701097846,0.051874724876666764,-9.007698009302206e-05,0.06782914176277782,0.20315843664100935,-0.07750726478220116,-0.023094937990735143,-0.013739570757316405
0.018769910969335044,0.008445743106632094,0.16381044257501606,0.10971448691897301,0.061156871329723556,0.10969808405469209,0.0216148930366361,-0.0024511250991967153,-0.08894827530612621,0.003382900520897649
-0.10166247799587017,0.07490538596859947,-0.14888324909415285,-0.09509792653882566,-0.048480503521352546,0.040589030078025605,0.061038308417234885,0.14996165720613952,-0.05181053767346938,0.04015843239946308
-0.11072173454875416,-0.10052665769220256,0.016305723093128277,0.16643768415479565,-0.07249373430984736,-0.09298919492977983,0.049989534517986295,-0.08958957973882355,-0.09786844061892108,0.02083081772731752
-0.11607651729598219,-0.17553765382677194,-0.0639992756353816,0.1393377800418572,0.0700229235206534,-0.06498089032439577,0.04609964332158479,0.08016645728107372,-0.15026274467664855,-0.01212605301233332
0.06959018965537492,-0.16392220755250528,0.028728618156112082,0.03977158978333821,-0.07110774013354068,0.023236362214987455,-0.002663262950594972,-0.11448508967994254,-0.05817883739042563,-0.015450943740231635
-0.03579673289106148,-0.11927276149940653,0.06978573519812094,0.05351101367266631,0.14131492215734726,-0.10904180212684263,-0.007058080276778849,-0.2776326601579395,-0.03609315832600497,-0.20893980669189852
-0.11484063839284496,0.028843010171641443,0.11657276772324814,-0.009989940940405239,0.06249621531267717,0.0375323271750723,0.14385122050570578,-0.017727948782562224,-0.12691713221936063,-0.09720914517873683
-0.03001090137145171,-0.11822215781128255,-0.05440158445187678,-0.08738492986168428,-0.10415210269484307,-0.027038305189441402,-0.05002113188968427,-0.15705060855505448,-0.1558392870775194,-0.03664766012838962
0.011587226426977612,0.16431955511309299,0.08683241401372568,-0.015307679834528982,-0.07886968646486196,-0.1423147742645082,-0.0389557036919692,-0.13351823925174983,-0.09727368760730559,-0.04854500254130722
-0.08911384189033766,0.02431110567093636,-0.007658535198866504,-0.18006122619704898,0.12857219448369528,0.013267036723982294,-0.023845453807864347,-0.14867058460713334,-0.06378737042162226,-0.1137355894514319
0.0575423487427735,0.04278577216348966,0.035021088815808,0.021826516864917593,-0.27793751802531397,0.05319055756755484,0.07618072313986088,0.0575480468932989,0.06590263838150887,-0.141630697882202
0.1316579724366524,0.08808649732787797,-0.06826634356335994,-0.025393785908856874,0.008509768185220937,0.028044204635560087,-0.15867174100166198,-0.13652896050475366,-0.30142615315184856,-0.12172178313838743
-0.1806252602616191,-0.06134077336047131,-0.08580734112338465,0.14786556134953197,-0.016831267137521047,-0.05048481937858661,0.08198044064500962,0.14275368166893523,0.04950263629664699,0.005320084150274823
-0.0538229579457639,-0.04350257302359113,0.0448861480344246,-0.057711570230159256,0.06818206364262878,-0.13198450880970117,-0.005852284482209286,-0.047742939297201165,-0.05670476745261235,0.04499775161841766
0.13856161785537607,0.025355977668842275,0.18306103580419916,-0.010364921059112433,-0.03845868021747382,-0.023141573966837553,0.043113102161644865,-0.07503632779544137,0.11250451726317987,0.11877055207010062
0.02833755897807391,0.09104902289826271,-0.03924884572833487,0.01798186974320022,0.04067066752495749,0.04454798584210279,0.015003241499817821,0.05907134150030638,0.2185310903576285,0.012476842836208746
0.006314296714334287,-0.005226392221412239,-0.01690191020053051,-0.22435853294215605,0.06769166735018493,-0.06990015099075395,0.07231642140192053,-0.13278305235516444,0.04288326487070079,0.11215940487793052
0.055530023714948806,-0.02420204364875599,0.07105571856472781,0.10992176259972813,0.14124577136380956,-0.09868725807369663,0.08867373984119777,0.11833606313719965,0.10152758550502161,-0.11011761244634938
0.0018240146239033393,0.006429628343235242,0.09682251172404474,-0.16581738234466337,-0.15021774352368103,0.19106063706717472,0.019840800959480424,-0.05312973246582518,-0.11426717312836218,0.13304096312223102
-0.03425798461518856,0.04855318880363674,-0.0799753738585622,0.22364791645908305,-0.007221594701619448,0.19747477184730508,0.14238825875796102,0.0016181432883545374,0.014368027328434878,0.05191097284524382
0.09349733662996612,-0.04393230590186564,-0.007617594366772701,0.1022923198301042,0.02703079853220932,-0.08142242412429897,-0.013889368839840585,0.035815175268189746,0.026788045130868996,0.021097170718725897
0.08600190398382353,-0.1351115070740066,0.011337106481682221,-0.05382453787115827,-0.00659638312021965,0.01590337198766071,-0.05140153387613961,-0.06924389323517578,-0.06810118551285191,-0.010264519922365621
-0.2626830702357745,0.03490579532249488,-0.02336558617983902,0.1388237020525542,-0.16802956098359526,0.039890694774261104,-0.1325006611694315,-0.24204454117171242,-0.10511982692846078,0.05560323430660622
-0.1507626365692311,0.0507553788528918,-0.016694238781834046,0.023984005878746772,0.03239179034328901,0.056107431062494106,-0.2088293110790128,-0.1256895011519676,-0.056848547400616435,0.025967233560767397
-0.09205603871036556,-0.19006637456997683,-0.003615989230913913,0.04778741767172042,-0.14983491053252174,-0.10249594515956352,-0.06371536306291378,-0.15048605882439986,0.18137365631682592,-0.11970967659203958
-0.05559499146063911,-0.09155333413945603,-0.006106814019678497,-0.023688254466724974,-0.13301698477043467,-0.026487036342463122,-0.20781168263547842,-0.07102214864003073,0.13850952069015615,0.1306081588067417
-0.1236371536543064,-0.1632071448937004,-0.13548832826809906,0.037845480061414125,-0.12334114808031273,-0.14537656380610542,0.0550575972613947,-0.12265331671284369,-0.08259090058288901,0.03281693490741695
-0.14908772662105763,-0.1256064753111318,-0.11179430967221088,-0.21582622063153092,-0.15525000632887664,-0.11321297950267797,0.059538556866354966,0.035643400192523975,-0.1751050048230267,-0.10475610218172135
-0.034295054355704735,0.0038748341952060117,0.10348655644463495,0.008370702871073749,-0.038501240938892047,-0.16278835062025643,-0.1306945148593373,-0.16035019098711673,0.03013378858239811,0.0690099852768173
-0.03413960816456662,-0.09571001931706254,-0.19440297351270283,-0.01693990707494246,-0.04521194193586524,-0.06085237145313534,0.06956282639542646,-0.12099450494189011,-0.10599292265368238,0.20283638627221748
-0.13392405537464797,-0.24060648135549262,-0.008429641593863078,-0.03716546020501132,-0.21162040080796318,-0.15914238065922953,0.09009738334230799,0.10452293205138008,0.07698414257796876,0.0015096035170433578
-0.08659223672324864,-0.0405371636587365,0.008212061456063024,-0.049134216798449204,-0.04260455695815038,-0.09969849344331196,0.12293656371308798,-0.0631459666215321,0.015534721658478884,0.052456279750082865
0.03884319193113677,-0.13931054683667127,0.2329397082166608,-0.05420844631128727,0.09051932777920949,-0.21402377254781563,-0.062321416387458764,-0.26291955019331,0.06604996693177997,0.05330638107732333
0.03245349698100211,-0.14096789536104198,0.11379257511076672,-0.08191660456768715,-0.09218231576788921,0.015608586517820142,-0.10221802057230826,-0.027527325702940142,0.11618828062081557,-0.0006651673823234207
0.0159236544022208,0.14610403063164162,-0.11990487270552949,-0.03063841320232573,0.04129506383667585,0.044100489661709374,-0.07331496490014996,-0.07594030449849407,0.1322564674991956,0.012494194940168244
0.061977327393127675,0.02912579140464251,0.09004037034942511,0.04991654955217022,0.009583561061312598,0.15666664189838425,-0.12886796813045948,0.01277713180571357,0.13397072579398184,0.09167033229166581
0.023603956444639022,-0.056033983911932074,0.052589100335855885,0.06265700291413451,-0.1021034708545454,0.0014162067424232372,0.10655732263112902,0.1297005748975118,0.09298576824110616,-0.2110567291706073
0.026248287878214652,0.027476829764141918,0.10221406643157865,0.013061367103382484,0.03481868510287548,-0.19444709568616977,-0.03928955567156413,-0.00937587894186527,0.09939889921303757,-0.145379692496303
-0.1128714360665584,0.031252361649648,-0.10184728238357792,-0.018720069250033014,0.024818298959800023,0.011122189380487708,-0.013518969756035799,-0.19083347410852428,0.02006404080515388,-0.0867445228588694
0.04644374020838851,0.0828074023881928,0.021317315131084914,0.06095711157048633,0.11000903669872819,-0.0010564772018486351,-0.06710101944938901,-0.16505403257154883,-0.20475957511647375,-0.1659668656945773
-0.19150231257985095,0.1174775637842192,-0.1255788481352203,-0.009843104597402633,-0.1310783485837278,0.2971196223231828,-0.061056210437417276,-0.022896809696904087,-0.03788639098182651,-0.21697638714551834
0.053021768078192644,-0.14373861906840976,-0.07420336131459714,0.0125883106431286,-0.03469827917672248,-0.04095921557921396,-0.07424872630867763,0.06469295362481392,-0.18748243380123825,0.020491712476635213
0.039013864089075284,-0.0835017949854007,0.06772967812785559,0.04445516142074071,-0.08278001054071296,0.05629585124452728,0.0056149353351186565,-0.1153221736034082,-0.1074521458324863,-0.1259507311982182
-0.051782997293510984,-0.13794405556187952,0.014567278198992641,0.028019538429000998,-0.27682999376401357,-0.030913465964782994,-0.16695994398027886,0.06186529233039816,0.012247821689702856,-0.09682619234920134
0.20564518726775566,-0.027554065185330733,-0.22518900015358956,-0.10491211042759385,0.05490090046710541,-0.03233587018441922,-0.10522330437233544,0.008951240119712805,-0.2794604371149557,-0.05495162564351473
0.09654884324323973,-0.10740064778460369,-0.07784190908097097,0.07678767346906236,0.09284160744251152,-0.11466111359165314,-0.14649411846740298,-0.03887555909807958,-0.1414622953597577,-0.13035355302291562
-0.00021568755447395232,-0.11439529524506767,-0.04361117798770184,-0.07666368935245454,-0.06390331877563432,-0.06323031788602997,-0.12577299754497256,-0.016443067168652244,-0.19593969415362597,0.04407713896160266
0.05060879603529836,0.009676647943558568,-0.2738115375237402,-0.17148679566002514,-0.1383024427426392,0.1662434821901521,-0.24750096580782066,-0.05024791042456167,0.02758468005404846,-0.10645086419377933
0.08491099139512806,-0.14428911647946652,-0.07901050102609918,-0.0664915729665749,-0.11258926806827971,-0.004432586297994121,-0.10454899880888831,-0.19650814935775152,-0.29209289947547434,-0.22433449029007269
0.07462315934326948,-0.1634847191618567,-0.10081230761843722,-0.04744189344533255,-0.13935864898512648,-0.2414786938499836,-0.21496041953982242,-0.00918901673584275,0.08881295139666999,0.022959796482481837
0.03963805465634063,-0.1952533153876026,-0.22784421592038126,0.20493973902388782,-0.013390121140267677,0.03104752038915097,-0.013298664211502914,-0.046437226667882726,0.07482722696599864,-0.06826605164459615
0.048418354170374954,-0.026532572060002618,0.05707809857858091,0.1635229445826287,-0.024941589074298012,-0.07033283097958556,-0.10127042420929844,-0.15669367136963547,-0.1271965929013939,-0.12498111638611865
0.048424544866431746,-0.13358440821869186,0.05055432769304744,0.007871330384244502,0.08824870857630923,-0.1455395963412121,-0.07059735850754267,-0.04361506161738756,-0.12207642116775708,-0.10620096321064382
-0.2230965417638518,0.023244831190329038,0.1786976952307111,0.018815367721056367,-0.10933774278982193,0.04035633985146782,0.000716652685659569,0.054315503212498666,-0.01283418827135157,-0.188534805071747
-0.09437070431169994,-0.02562478341811033,0.17867466753472663,-0.03907186272762864,-0.03851266604733316,0.005513760974914281,-0.27716263105841454,-0.010783542703674612,0.07825749998426654,-0.02649530233330301
0.017218581748499606,0.09263287461723016,-0.0323961525838676,0.006110300716767256,-0.09821123473862461,-0.13241813853795617,0.04310561766249839,0.0027088264312859073,-0.14172693860101243,0.13390367441905338
-0.1236729850395164,0.11654376655268373,-0.16025279512598392,0.008819383817196165,-0.0028649721166191383,-0.1277741237445843,-0.21518172307091227,0.15634665566777456,-0.1283278088169789,-0.10238828624592108
0.04383141656326923,0.10240339901624787,-0.23841012582125298,-0.046563901465773466,-0.21469655294384007,-0.1178782169540303,0.090585442849807,0.0743081608511254,-0.14664918482650435,0.029573599339497825
0.043895535566456895,0.10716390680462914,-0.2553702764271181,-0.16155467081532626,-0.06277791985112477,-0.0914953710815988,-0.20709209403850623,-0.11385945733485428,0.14106340378843318,-0.04233114040203059
0.06041173573251359,-0.0932003454873809,0.057199500499767825,0.01902733405750294,-0.14948015664253084,-0.0706742059500096,-0.09690304723710672,0.04396676737378832,0.025676661354536785,-0.33540186983095155
0.08730403960189187,0.13164914811153217,-0.10130412269509884,-0.040488491149794,-0.08421748676715125,-0.12781834712343143,-0.08598614387688558,-0.10438956624232708,0.06514371688522322,-0.17554587419316037
-0.1342053853939386,-0.15801565787012828,0.07395239779542385,-0.07998105632346342,-0.010115575238482465,-0.033227819790237645,-0.21926618968728553,-0.19057525592705932,0.3274541646571959,-0.1650136611254904
-0.15291613128280737,-0.03001366476923993,-0.06475965991587453,-0.04323504409429252,-0.0055120128245816045,-0.09535262098380765,-0.17952669452323025,0.03467986271875101,0.046717526111013444,-0.20975820136393172
-0.08749374030640897,-0.09448621343711223,-0.09037519743497781,-0.10127029810249955,-0.08863094717752582,0.00016777966716251258,-0.22599207638440214,0.10131556694737229,0.08000993447733427,-0.24863029272030665
-0.08808482793717785,-0.023807843200851553,-0.04504245638983428,0.18645714834279162,-0.07660355055360812,-0.1205581632398082,-0.32667706728920326,-0.06827131705706271,0.03697773252621738,-0.15846765118701062
-0.281272807952956,-0.11703490355352181,-0.2255156455086866,-0.06556121500186567,-0.03337465742314656,-0.16262673913019066,0.0477321629226021,-0.07537016944032315,-0.0023793367936966806,0.020809968623450803
-0.1538939916748977,-0.08083489554460042,0.06460631322304022,-0.09529527211083877,-0.05635405983994474,-0.007025375567482908,-0.11407258016516689,-0.03932944408809182,-0.11338503304801584,-0.14369138642118318
0.0003344584707420245,0.00944626689662921,0.022812327539511207,0.15408647659200633,-0.013336715391441309,0.021912893374838663,-0.14209954608734082,-0.09599138862041103,0.011488129507316258,0.010544849665778705
-0.08526659931964646,0.14411159410679425,0.01983005489995253,-0.022716760755255666,-0.04301128961610682,-0.09474715242852141,-0.24017870168063254,-0.20844354273963078,-0.15739599722022207,-0.19188596701513227
-0.04671207320425721,0.024037459113673873,-0.0565425309692144,-0.012749073132059764,-0.2479847922472898,-0.12298337941090248,0.08552022441201135,0.022531175859885844,0.0969841579103919,-0.16043649172965846
0.02378043891235737,0.1301830959040575,0.11642871263655329,0.030212132592487426,-0.0008774130597149765,-0.18748697776174073,-0.07819559623159163,-0.20243094323193395,-0.13344555693656235,-0.18539364918750653
-0.1383417516864397,0.03188768213486638,0.10383880902699538,-0.08246937226448875,-0.029540909241116645,-0.10711108116821953,0.03818473518136219,-0.1733996131427637,-0.02671458009311254,-0.0900930598033916
-0.2576728358888433,0.05425031748594817,0.12930677732593202,0.003074176348474178,-0.11361030863096298,-0.07037251911733476,-0.022392154477109565,-0.20536867551924903,0.10787125239071198,-0.352904579616954
-0.0829841992942848,0.1788224158124517,0.09905117585158998,-0.10027306685150127,-0.20431431022767835,0.014865358583986299,-0.13332480334131758,-0.12728572804731358,0.09975199045628758,-0.1454862838754351
-0.20398393283989447,0.04177095553538409,0.06967063869655309,-0.05658192695515507,-0.11558141831494928,0.07201214343193313,-0.09476456372662057,-0.20408249773070433,0.10850663563025156,-0.17371321867345046
-0.15395070801849853,0.01435216313053661,0.032695881292384654,0.019434735404897346,0.07534883160958042,-0.17591358158326337,-0.11448929184739028,-0.15447915943143353,-0.15485106652168026,-0.012056349016687659
-0.0928155446045647,0.1009128918383084,-0.07067667703109021,0.04203283157488569,-0.16858945979223736,0.028483730174212338,-0.07311831647606143,-0.07215764743793951,-0.001164541910926114,0.024244126286693354
-0.1571639873722576,0.1795722974246521,-0.04932130334216939,-0.017161711300096118,0.0331207812046958,-0.13089311691621708,0.02931565992187954,-0.21154322622967514,-0.12870915762733015,-0.05605899487581105
-0.04617042952491311,-0.013885031881204499,-0.03251015105246804,-0.04263609761152692,-0.018945321700285577,-0.1431636340100009,-0.0530578700947678,-0.08359634985502487,0.0482019154745151,0.07031144573835899
-0.08464174052621531,0.011223136187046496,0.10870831970896469,0.06405223360222378,0.08937283683045183,-0.10588174674487986,-0.06337523027642414,0.11025899981759622,-0.02179851073426365,0.029048028625868676
-0.017303103266474114,0.00027289799196071954,-0.12675367066534513,-0.1811200937981625,0.256950045424926,-0.1883430325751161,0.10725194060077559,-0.002514434312667596,0.10321107346938749,-0.05396023277330555
0.03348513807351795,0.009298722941139374,0.028343187508859682,-0.10658354288422733,0.06306036648474597,-0.08244441526921466,0.17243847092349993,-0.13846425547889096,-0.08519381368170562,0.07319155371542913
0.06007253410826391,0.03738069571512993,0.26751160479063246,-0.11746581382853707,0.2919179477401316,-0.05428549180423527,-0.0006526165682061852,-0.03270108445570645,-0.07514369757650435,0.1328997499620223
0.17794765135687265,0.1570107972760615,0.11513895272753731,-0.18421953258999232,-0.05267606023270763,-0.01359927265430906,0.027092157400914488,0.0018948299830974374,0.1992432853596709,-0.05796236048644053
0.03192560134037819,0.05746720459757946,0.10501612562635507,0.05537941384260266,-0.07055834362406213,-0.10474599179852578,0.033120276158999734,0.08305528551600785,0.14658561771520906,0.04107678098538857
-0.017045833125554577,-0.016166140565038192,0.10995652927691636,0.019872231829263624,0.09456682309693465,0.09221562102434315,-0.08683711544565755,0.02149103543710382,0.050555388988762995,0.03285079661276669
0.058033877268321724,0.02416830443395548,0.08968033669263965,-0.15295057325064476,0.027483697814759532,-0.26343650563556675,-0.04910775481466593,-0.07846957303166109,0.029263250409983316,0.048784489701730056
0.08713954264156336,0.03869018649688448,0.1304416008164527,0.11755326389100726,-0.21334597553742812,-0.04197115547841377,0.030407280122776145,-0.02541398133365899,0.1049877420040857,-0.10515469228793155
0.13086527435614764,0.12229337953066835,0.05095039987893893,0.03303472111247479,-0.11070822738493147,0.13832423063718924,0.08471150090646476,0.047917809698711164,-0.04318420972276184,-0.11619424793451683
0.23443262938266526,0.09208300875090111,-0.013692966456398531,-0.1787002532984222,-0.23979964299893608,-0.08140633036980365,-0.08063395887070011,0.009194549661427824,0.10144255091660542,-0.08867857571535788
-0.13470110781271094,-0.041404581857189725,-0.029129291409101657,0.030219852526978105,0.09252904077592815,-0.18612081175140083,-0.07859375081662828,0.1940971844838471,0.007753365663597092,-0.09865838869469301
-0.06143590521125745,-0.02111201374901854,-0.06120703566599742,-0.13526983895205047,-0.04359179780736737,-0.20925106457103923,-0.15547844361923577,0.04659351205083669,-0.09639494631110265,-0.16353684330933851
0.04203271725272918,-0.15866375544664751,-0.24916721222651292,-0.20572333292400274,-0.020615173478904396,0.05097649260682077,-0.26146460394706356,-0.10314410473393848,0.1264699201045697,-0.10425826614833288
0.130316156109136,-0.17225771559149616,-0.09366000461924108,-0.08850829390583584,-0.06317888820361339,0.07860459684515497,-0.13750091511831913,-0.16217995422596815,0.2462849938855335,-0.01908679263870873
0.11498227348558682,-0.031893832719006934,-0.14114108434588188,-0.1092076773742477,0.06537444130991546,0.09497364542406807,0.05869667704716619,-0.060318889972863776,-0.09678965605907022,-0.11011063070731426
0.033958996241605595,-0.08865831534280272,-0.17699613683387486,0.13930190173779686,-0.034199564383405434,-0.11622610739523269,-0.11460421975604598,-0.14130426729260293,-0.05340301957535621,-0.16996734293882215
0.03824378729317454,-0.09540657119864984,-0.037779939345813765,0.04078886475741807,-0.017239387661460083,-0.09983383316988939,-0.09382498568166633,0.019438771636450053,-0.13419502994387117,-0.13623763062151117
0.14656320136424678,-0.14028014919230147,0.0959696785139808,0.22157312148333483,-0.025946525248196874,-0.11808085940198848,-0.22496649802815402,-0.08572691521183903,-0.05830295060894698,0.0290637522625741
-0.1186132484047143,-0.1443620500801158,-0.0009028904597544428,-0.27387084408062035,-0.004653677939086429,-0.06447483657304398,0.06534023801812586,0.037480574420494836,-0.09813186698656456,0.003412611528165948
0.15779837654196605,-0.13742540244082666,0.03810047596498011,0.046524942114450754,0.05453330929577021,-0.17559445891520534,-0.09876811563519193,-1.30572730683981e-06,-0.24009416450271587,0.11475258814093536
-0.02105139208106038,-0.043572853158049915,0.09766191489515322,0.016015251982338156,-0.028099284228907943,0.019571440543492247,-0.09045680151738432,-0.009021660872962816,-0.16505359035868428,0.056457901372592705
-0.1573473297248449,0.04354507744263796,-0.07355559102882264,-0.0610117591551729,-0.0638022191144143,0.11133204230864416,-0.013551820415977658,-0.09704002430317024,-0.15436234341300778,0.1332609343080518
0.2050255635788396,-0.06303922176889289,0.03804711940278889,-0.028534777326049213,-0.17972015876348557,-0.02367850237507945,-0.07662556304732059,0.0050185142741271185,-0.1062126660694353,-0.049803861096698786
0.04669484166184589,0.005958888522206961,-0.056006304493578414,-0.06718088324513662,-0.01489329239033417,-0.0036417013967369035,-0.15152648887532377,-0.12318424507810968,0.09428742955403138,0.06773738954474132
-0.04879063103134283,-0.08427925697740828,-0.024333725699581858,-0.18051741559215323,0.12080865902358237,0.09209877393315574,-0.040099113581650615,-0.17485655391934563,-0.0379411953549163,-0.14382090872204054
0.04562104725650128,-0.15039054914305255,-0.04048234100848912,-0.11537069828982921,0.038734772077231173,0.05736615310638365,-0.07236269024424166,0.07462401644976323,0.021587681034905333,-0.0020922113373911116
-0.07872473242571046,-0.10644637474403809,0.1009198594337872,0.01906323741446677,-0.2767858961701529,-0.10324278017033166,0.038259445034055456,-0.2121882944453557,0.0681349515806821,-0.0263204931319622
-0.0830525509866279,0.0020800336853493,-0.1754112722904262,0.014947094628682212,0.06069026891924091,0.03872526974788634,0.05716642893022744,0.008296754957765905,-0.10703379811855336,-0.1731124395065463
-0.13490044195741233,0.08877840326498063,-0.03164500006011356,-0.012207130885128854,-0.031756872461110176,0.10763501318360848,-0.05505775279104842,-0.08799199288259012,-0.06210067008068506,-0.04723705064890675
-0.022402882210974737,0.07666708918147534,-0.034433276068951045,-0.1826221792352582,0.10453608293676908,0.008861979083572995,0.04883052590351889,-0.15076081335004837,-0.04414098793612594,-0.01783301161054299
0.019859885784432138,-0.11065835207063432,-0.13752701055169278,0.09769851391149377,-0.0769384562894164,0.01861518605880471,0.12984897645727492,0.01100047137039914,-0.34438479499557534,0.10070784941894147
0.013684886208093432,0.0554536313706329,0.018791292014445106,-0.12192795424039334,-0.13584550175572216,0.1222557656346133,-0.04473306456412844,-0.027661926462439035,0.02049307403363361,-0.022753238049251934
-0.14181838270801625,-0.19524122792342286,-0.19964838888104047,-0.036152442266407236,-0.045336151226330494,0.04131695011040244,0.015949656913413907,0.1066484782042446,-0.04593731652227796,-0.1767640994495006
-0.049280876163059324,-0.0712046037462292,0.08847449184467471,0.064645930531054,0.05828967528155097,0.08496513653888363,-0.010335699078558193,-0.08220831607816527,-0.06434346688059144,0.15184367364735482
0.03196958260676761,-0.017385080033813248,0.08624460202706674,-0.1125190110768804,0.04150816877510531,0.04884714826890202,-0.2416843535175371,-0.09327356125674127,-0.034549798858618974,-0.23411310649330536
-0.07211329377721491,0.04215802061498751,-0.05501886184769088,0.015353136680001898,0.037715704519928034,0.06613279125230413,0.011698894022261451,-0.07198775222389629,0.013756941075331881,0.01986596936333694
0.11101013738852974,-0.13003188060850437,-0.046102917540161305,0.07425081267369987,0.0406274758256043,0.07290487528648584,-0.059195371731662796,0.016901625457809072,0.07469387387536032,-0.1165720865232058
-0.009804118557706944,0.08734509555811258,-0.0746238350327867,0.1114369298258224,0.10540650853657905,0.010788507035128351,-0.03362413918240616,0.09551942042761354,0.09170127722656835,-0.18157579530269324
-0.11851403028756594,-0.007188874698624498,-0.08277580630258102,-0.04603543344800126,0.17398597341163338,0.02936416127946119,-0.0037028765303805163,-0.06779474060451458,0.1415375787678356,0.03593602445512255
-0.24944829198378465,0.24615543429710438,-0.0008216996393363429,-0.08097000468567948,0.04594341958564037,0.05973734701362836,0.0018548532506765213,0.039998224220058,0.1772024781592144,0.02882546840237587
-0.21373220407089435,0.0626297780927613,-0.12098590106218117,0.16535687896420484,0.04265108819318209,-0.034159736656072956,-0.10000473856089435,-0.12996003125562752,0.019945076463456952,-0.04006325685577611
-0.22288321709204786,-0.14218439982260206,-0.05756057515049244,0.10450341640252127,-0.041981558848971645,0.008667951744664705,-0.07640588890611649,-0.04641768706641178,-0.012748764868449659,-0.1264755823491225
-0.10087664309707273,0.053266858927588694,-0.09748804969538112,0.019446617093982765,0.022504815960525056,-0.14147388207093112,0.06041897906735375,-0.07601103423884596,0.16838151724182782,0.13657005715739098
-0.17321143155061863,-0.02412653417959392,-0.05616005908750754,-0.052947887561935525,0.07533282979780484,-0.06555769481162835,-0.1677121762444997,-0.10284417999534141,0.020146359868352295,-0.08110378008176403
0.057335604600121354,-0.059327026191297524,0.08204937277792497,-0.17421490669505313,-0.09745805658054421,0.002971778871300002,-0.043276041344529774,-0.08099514675769805,-0.04059773106580594,-0.2757176569344971
-0.03864212226313095,-0.2634478453261632,-0.029194562299032188,-0.08349251245213417,-0.07543474406366121,0.020361007699109472,0.15217380259922986,0.06343654635152904,-0.02879319076189583,0.055674260441641074
-0.11826140462805501,-0.09907806935620236,0.07650495546023844,-0.029168711193512477,-0.10087232247749599,-0.10971283766967196,0.09921710308453788,0.008842424915453125,-0.06957502598536495,-0.04486983478683368
0.11529368354787325,0.01913708488342361,-0.11406752858881397,-0.00662644256536437,-0.006303389786034331,-0.11116127905032758,-0.0636112801016742,-0.1357744922784266,0.003726766122453734,-0.14276416669163136
0.173720925137216,-0.07621665582049683,-0.19184222573126752,0.02892231787898534,0.017020165911292295,-0.008201812026557266,-0.08096874334556799,-0.019781435072379585,-0.019792819571652923,-0.015205781518388717
0.18266931493035035,-0.05357278558225417,-0.016186071004171982,-0.10968081703801562,-0.16015944132096854,0.15617872050233106,0.010109504919814744,-0.06878600870739005,0.09711868482457979,-0.007573789592871923
-0.002048784596396328,-0.05475376098921134,0.002784254082260157,0.1263180231408642,0.08185544886264018,-0.2027684495497287,-0.05558811697578762,-0.043655877402544715,0.08759985865877687,0.018649257711107432
0.10936591169180808,-0.12245947129604483,-0.1557884138845742,0.09202242735182861,0.03413897299228458,-0.10818659858342725,-0.127606617728929,-0.11292570324582231,-0.019511215106776753,-0.02873577639630283
0.014227785675518686,-0.1429718691709192,-0.16536661533349697,0.018278854329702755,-0.15637999465631994,0.04130435713570496,0.027078154775179535,-0.13215763977272632,0.23402438842675963,-0.06355535889105189
-0.07420157270693103,0.008100315861644683,-0.054491140386218426,-0.07758474359496162,0.01975295721779983,-0.07298636746739118,-0.15273485607833093,0.15044926205834397,0.006497534961589509,0.11991079626017541
-0.07693494840972757,0.02805336558879548,-0.10367548922504684,0.11482556430980863,0.03959551926730635,-0.13335325410936139,0.08491050664116478,0.10060585108489553,-0.07249476573651997,-0.12949722017625853
-0.12800961284717044,-0.22448455623024643,0.029684158063820455,0.09563383717176718,0.24294964955851467,0.04960934500409615,0.06355745335640717,0.002769142209065562,-0.019155490980382828,0.009700784992559944
-0.00924100789701454,0.1320539336161468,0.02414448027003292,-0.04514936517608269,0.0927149923568476,0.10702896489239197,0.07280540353382103,0.16254324471641582,-0.08404802772323802,0.16117735364033609
-0.13665016322827073,0.057669160472552036,-0.006943779732337861,-0.08123996676353733,0.16444352124173967,-0.003433444192344502,0.18558631734055558,0.06736415432767909,0.13665634888503927,0.06870810230502206
0.08376195186976221,-0.04452737428740642,0.21373356952436406,-0.007680101745928727,0.24018738168810305,0.06960331789360738,0.0565199946495438,-0.10058687246150347,0.05785300892867648,0.10795004696722839
0.01936721272240798,-0.00044005792314946723,0.07509755162245774,-0.15259232870038186,-0.013036158925244803,-0.19560740719514752,-0.013040278742282738,-0.03548139856280191,0.04249349604349381,-0.00840012275880108
-0.015609738517105402,0.059634881427380104,0.0878915169995021,-0.02174464401685629,0.1318924519033912,0.046571195300980195,0.23718987727557866,-0.062486354608882355,-0.08181866879220387,0.10721081310222767
-0.06009465031436949,0.08617060158524638,-0.0133696774309661,0.1755002366990818,0.04275465061872265,0.0876682438494718,0.2404280374641889,0.06511510007668134,-0.05220970986594495,-0.1103739380090925
0.04604477096567339,0.044890887960780695,0.02772052280480468,-0.033318428373808114,0.21304490499868942,0.09809490106357284,-0.06801236471960856,-0.17940618630456096,-0.15990944584093955,-0.003004329520041482
0.028736384167422288,-0.043693889222540014,-0.025646021373974315,-0.06712013942087605,0.11003820149512496,0.15258306228538696,0.14257421903375772,-0.11015616253133474,-0.008245132142487979,0.22677493085306974
-0.0002971388617015215,-0.029873636281569513,-0.03101708060173381,0.14091964857161224,-0.014328295739221807,0.2009467517923989,-0.05733220711869201,0.052641318831897,0.07475699278668549,-0.022862471837007722
0.08355009132995539,-0.12671946338643322,-0.059640514137125344,0.15120023325847654,-0.00019055681334118058,0.23541099047632658,0.03420257612029673,-0.0009838778046482657,-0.20322644951358834,0.13228818265747225
0.051786675665094595,0.03263988138722623,0.11017050098692746,0.003059580833794054,0.09078744361584,0.13687333931114978,0.0422451705340747,0.12850742267223314,-0.10240949132223649,0.19778314023373275
-0.0642101687691298,0.03284295255271641,0.014466740907109605,0.13198288009072595,0.09282505123149509,0.13182756208806123,0.012028052686475312,0.1083713271468866,-0.028827521826557498,-0.03877634109362106
0.10133856429688681,-0.07928459947671138,-0.18146376201584774,0.19677711638847223,0.08509000020133316,0.06348338069698345,-0.10597249574917961,0.28305644613610803,-0.17910481064353187,0.1180357319397821
-0.00918762133319903,0.1513827165156751,0.11818570118701034,0.17806449566222796,0.13229909627959,0.08780081419461194,-0.030325945691282802,-0.02915508033800486,0.02300307357383866,-0.07483114567272417
0.10056130624380122,-0.09917578038242317,0.15956649669412293,0.00700041004071672,0.29726066688815644,0.06403177416668501,-0.0022441740161400943,0.02472267136797067,-0.12619600747092516,-0.01723242693810139
0.07866231729370032,0.1325816090881275,0.20410263866709072,0.08967378264225086,0.0442269814923979,-0.004717073896103222,0.1176056478834342,0.09063684780071969,-0.10954179783636492,-0.026860681306659154
-0.12540153724847164,-0.004940661638424021,0.04226749020710373,0.06510962066110651,0.11798051898917473,0.026557504974035924,0.07780555740487236,-0.16292841929372023,0.09574915657399194,0.004675053534514997
-0.10143659628277032,0.20127844740711723,0.15966179366172004,0.030314817762175948,0.03161782908656305,-0.03519843364890737,0.16245602192581393,-0.12064175677749352,-0.02720682355960758,0.03072194079946127
-0.19663014480961696,0.033052607998108816,0.0063091298131137535,0.06697445426002117,0.06657805538978061,-0.023090464385542287,0.10336146977853991,0.02565739837950158,-0.10204984361003261,-0.044167090250774685
-0.09908493010676964,0.2025679690531343,0.06423572792493451,-0.11291515416413857,-0.10700587192454383,-0.11085849974395989,0.14144981582097083,-0.0011373886012471385,-0.06534184288367534,0.07902411204507809
-0.049945347303308324,-0.07193526148494503,0.04678731191008579,0.03720397875112592,-0.19984178209207,0.019739862998276285,-0.016528243907153475,-0.16543046603556644,0.08577522699405585,-0.09614769190816816
-0.04392492775698738,-0.030016087208382725,0.16224320591468552,-0.16434301699202497,0.22188266283745778,-0.22347348644184445,-0.07816984920058878,0.07737180729078008,0.09914350106285573,0.026461232412252823
-0.1738097300170811,-0.0455721125378825,-0.015547471739697753,0.021642332236152084,0.023520227018925352,-0.1325654571673096,-0.017736615668912357,-0.02254448212630833,-0.02036149069767733,-0.0737253892974254
-0.14958515846069925,0.2105875469931594,-0.05006589441931618,-0.09964803522611562,-0.02831070998117693,-0.25086487411093594,0.15147972696042347,-0.18490773398817706,0.040785911095266046,0.07499768349454228
-0.0872067482374874,-0.013121322185678568,-0.07037413632878792,-0.023872383588526946,0.13498052285854048,-0.1482336929397204,-0.23197912885482042,-0.08031613409703832,0.09938984398074528,0.12601613934307984
-0.06435662329789651,0.06639387369559277,-0.13740799145293117,-0.11788734424260741,-0.02660918458898759,-0.06269094588684777,0.04424940631614164,-0.1955625243085236,0.015521950256494416,-0.06594344650372122
-0.04352423677968374,-0.22942925215554977,0.03419782889118721,0.06319459122982579,0.021182461814048828,-0.04284160918978752,-0.007614022521819707,-0.2147281615194483,0.1453464142662045,-0.13935175178737452
0.014541453913229252,-0.015248166322228569,-0.08154350741513477,-0.07126087468547698,0.08487112681744721,0.02667322627626673,-0.20149488554137815,0.07578195853455985,-0.14013656762236437,0.045590657260148805
-0.22366182814740376,-0.026634895605766217,-0.07447532604037826,-0.007898490738065856,-0.042274986556868586,-0.08416525358253812,-0.15325071332253765,-0.09089176666895364,-0.06702686429505271,-0.11203017503941048
-0.23782036101189058,-0.06257856517789696,-0.20240348098086594,-0.03060029697218742,-0.07039482560336552,0.18207032325177347,-0.15492773625073972,-0.13314650994298233,-0.1006446806163942,-0.08851830324669809
-0.16940685981679066,-0.009580930278846204,-0.1307317334968931,-0.017883569253535736,-0.19313082828358144,-0.055752583644552,-0.09469140811516533,-0.07424371258066613,-0.07775026332209045,-0.0752361991905558
-0.010925846261610056,0.025786041004451976,-0.10886243878304164,-0.053019486178774396,-0.06878025396246767,-0.12022978972275919,-0.1850875295793637,-0.03786066007364565,-0.10157431952951558,-0.10637441609021095
-0.10884920502224547,-0.07551984873011366,-0.14498171090288575,0.17053906509906666,-0.15144187749892876,-0.0671965061994982,0.018962982944207965,0.00896327812216477,-0.14223498670040569,-0.16578656877064846
-0.11012123034106175,0.03870761804923206,0.000222392946690117,-0.07310262578159589,0.0007191512919288989,0.13508740739122788,-0.045382301917813714,-0.09874374166839828,0.08425107365214098,0.047060902136748045
-0.08771622786633539,-0.005370605437916322,-0.21639620883485447,-0.08898827673594181,0.04672056838020206,-0.21770745960892093,0.06077060119564205,-0.1929554278094021,-0.017677348094713333,-0.1461122334237019
0.0337891577842447,-0.15756952444550615,0.04468284532708691,-0.05795644319960923,-0.06230328189388128,-0.03311974615411502,-0.09056363429860043,-0.16446768339509718,-0.13302576989608955,0.0819622786197481
-0.22963159811294576,-0.02944375454916198,-0.07987492552629223,0.0411565936504277,-0.06550790241040047,-0.1654149397989008,0.1319232034103687,-0.1298529140677645,-0.1531426749682596,-0.04460359402170949
-0.03784348087568377,0.12314419564731158,-0.13480895091601075,-0.022792728585067548,0.0032945995408544676,-0.1873407512557479,0.15413313198047973,-0.01813369963658626,0.12481327623597174,-0.0929478034194656
-0.011245824726569598,0.027681982610050435,-0.06736458781858899,0.05078297798943397,0.03523249919798185,0.06503648286737701,-0.2884009532867566,-0.21881267918646746,0.07064955348997778,-0.030903301246850673
-0.05999657371319635,0.046747926397515446,-0.16298761893050723,-0.1911351029450026,-0.1067752749605528,-0.11714727172305406,-0.0658702681273653,-0.17326605518468963,-0.16601903515641478,-0.00776077643272167
-0.2086889886838983,-0.03448834213812497,-0.13807805760963035,0.0014711154258052542,0.032182345085538924,-0.14489528130027882,-0.032626420841707485,-0.04952633454463224,0.09867559219675522,-0.061268907635646054
-0.19972508693102786,-0.06826961167635437,-0.1472585898141359,0.029910715982523144,-0.16146676650492053,-0.033341538200890024,-0.06261828828599038,-0.05830847348318687,-0.19326963876339565,0.13895278230743952
-0.07127948237638736,-0.29439705563534413,-0.1469331976621839,-0.11221328314113332,-0.1225770567860347,-0.06412587052869187,0.005228798264589302,-0.251826199830684,-0.0729692269678773,0.04183345511887271
-0.05826704020148027,0.20308448744170213,-0.14826425595309312,-0.15792690557340688,0.018905951394575106,0.046683231860496076,-0.05626611550217918,-0.14643306737963935,-0.21335315257865609,-0.0858402231898531
-0.011849211388650915,-0.3297756787438474,-0.2520876942826005,0.029526191259224135,-0.19476301435708954,-0.0413091147840593,0.002433773905331539,-0.059980777246517375,-0.16269573092127998,-0.14893757669015956
0.02095461842884548,-0.2891728840098391,0.11364315155973634,-0.10512832809167383,0.04338177326996279,-0.059766542401557446,-0.15453183361096037,-0.062240605499587084,-0.19061967959696025,-0.0716015632480212
0.05535643371369263,-0.130988984083463,-0.11808211581925798,-0.16852428977221406,-0.138422902959836,-0.08776434224306777,-0.18554498975879025,-0.02328923709064471,-0.0880748430922991,0.016713209699500492
-0.23965956716808168,-0.05193390402896661,0.06927732753385968,0.0331580291090773,-0.1614382542367316,-0.16852594305037993,-0.13993894303751683,0.014249283191879118,-0.21692234700932,-0.032946407748192685
-0.11350525824402384,0.12482172255216764,-0.2715363422407227,-0.059477647798124776,-0.11444042743356962,-0.021694337287144885,-0.07984834738251718,-0.030555851504052597,-0.17606730237861096,-0.17518713713167763
-0.16405863619253638,-0.07148405151502393,-0.27503415113863505,-0.008809434672793298,-0.3231549440095159,-0.15444242684381138,-0.15611493652292405,-0.14063188088216647,-0.09263878129559164,-0.03562562390032071
-0.07126956909912177,-0.12628461744512612,-0.020975132948363562,0.04349153984933225,-0.07912768172878186,-0.2676378624204836,-0.17821701619749603,-0.03950987351357514,-0.20899320407420702,-0.06997596374338513
0.03028949515204285,-0.003397162065924511,-0.04011493579284205,-0.09523387311323778,-0.15031376701975538,-0.21030271494242025,-0.05968707707002726,-0.1303812526311874,-0.04728145286459816,-0.054886835343992336
-0.14362427111229986,-0.05977744107985542,-0.10000410837076454,-0.10243931473260846,-0.16259030369504768,-0.07934455607411528,-0.05745418019898803,-0.09063814368636341,-0.21597241770725356,-0.2039100280591375
-0.37282100828942066,-0.015016416996622511,-0.1744596404347945,0.03269675588191823,-0.014270043985728453,-0.17535164238605647,0.030676397495976115,-0.037742386220224265,-0.21875510063454257,-0.1287424920345902
-0.0024090731432777346,-0.1158618613027822,-0.17843982387088336,-0.13915861161213308,-0.11104076905589112,-0.020936504036957126,-0.2266776521524168,-0.24244801069599375,-0.015787936499075908,-0.16933459541794357
-0.058949086228427,-0.1165119138618301,-0.09228151959232528,-0.16248714963886496,-0.04964901539815164,-0.03617755802954542,-0.13803325615316223,-0.076403107911407,-0.27739059900661994,0.056900568445200056
-0.2604218557982843,-0.11373925596874894,-0.160400011015007,-0.3158145425844639,-0.0841669391983157,-0.20832183872236865,-0.10044613009710951,-0.17892079437953753,-0.17548994319850098,0.0007704994876669424
0.0568377233658042,0.0020799571101441094,-0.05891515228920073,-0.14907065779035555,-0.05943450295602134,0.024906942298919404,0.05704737641676137,0.09736727878189513,-0.07708696027348602,0.027334088087295094
0.054171318888191114,0.03586665076104671,-0.15540697886424926,-0.24279216475962784,0.05254795689824343,-0.15577730999173406,-0.023279224856573057,-0.053291933962555355,-0.0978838043937108,-0.05954995148893897
0.030216452725655783,-0.024966846881762646,-0.03991173295394422,-0.2054336298445171,-0.17105798329060268,0.006684463083611217,0.03677461628239486,0.013086885861338028,-0.20812566541913646,-0.163914349461254
-0.028716347977781324,-0.16530381006369893,-0.23696193229778917,-0.046908066655798365,-0.2325217857415005,-0.1311355060388865,-0.03792416541444973,0.023516380560107984,0.013106521417316934,-0.03749478486704143
-0.11079336351383856,-0.1443187067467648,0.07442031215839148,-0.08345129060499148,-0.12920266155774707,0.003410433015316988,-0.12540593629650187,0.042549416750553376,-0.05368602994028974,0.009170072284118966
0.12765584379775927,-0.11816058706416802,-0.21991012903943,-0.028855462976796496,-0.11452135601005546,-0.18309616596710798,-0.013403767580608808,0.024614855888932547,-0.12843303377734056,0.00556836461780591
-0.07149866204032931,-0.16354851029974402,0.009584139003764564,-0.12714544549567786,0.007409884944225356,-0.046109875112689526,0.00997719344405433,-0.15152109395606378,-0.21869342799083316,0.13643585489723065
0.03827669213631056,-0.13120655101552975,0.05632388520258372,-0.14633854640658012,-0.13126664832471874,0.08602088348245328,-0.005811341414150276,-0.08136987860762762,0.056062278356013046,0.032740989263927184
0.09487934050951517,-0.018188324673143595,-0.0668051144542517,0.0671533478342625,-0.11799695411207121,-0.16931635239940981,-0.03920180938465844,-0.017701633359890324,-0.03798220857199667,-0.008872266091450306
0.06348716418375107,0.14813254240094453,0.17220568435975303,-0.04469048493191323,-0.06923815558435253,0.04945668798350621,-0.055547680320730805,-0.233968808341209,-0.13937277809158694,0.0632391449752523
0.0291268735775083,-0.06671543678657181,0.08987053808409386,0.08431155769022736,-0.20097080247512072,-0.12232351252469902,-0.014215703122622828,-0.0979871274092435,-0.10287543336880861,-0.0964850611088286
0.016502481665696393,0.1453912712948542,-0.20293838798105143,0.04608833850747521,-0.2560892215037623,-0.14422608470357423,-0.09186319988688801,0.053007920922730635,-0.24369132221647444,-0.08545510975266994
-0.11171066630470178,-0.0988088834068997,-0.004002950222845648,0.11451668546652077,-0.03713929636203295,-0.12345396773421996,-0.07550365552780483,-0.137078625836083,0.04439383128583992,0.1292133454001625
-0.10981055964584979,-0.16531866445472765,-0.014744309292343404,-0.019115347349406703,-0.15863666053902514,-0.220144251394552,-0.12958083082578314,0.13444145484230097,-0.17904039389624435,0.2483185149219189
0.08824286593477673,0.07488182199562768,0.045335853327176,0.12699413505268609,-0.21003436235891676,0.06369867734774727,-0.14244841729492358,0.15704482029336136,0.2260712970588568,-0.05037410594171079
0.024185788887303356,-0.13634515791894208,-0.09376412650116948,0.02311820267143474,-0.10865897740267716,-0.06431541113992738,0.026234971615999123,-0.15269744214409162,0.056710073360430976,-0.16360086333645507
-0.0012208181297938686,-0.13936429476496037,0.20691032978396348,-0.02729818351459875,-0.22663175242515918,-0.07202168158109447,-0.07817577010941694,-0.09350674168397122,-0.14009160260093034,0.06708769337469539
-0.046706696999998076,-0.07348743883368933,0.006307984521414258,-0.020101409087558704,-0.012033434342399292,-0.08086624312619653,0.01393628468836662,-0.053936006797487314,0.07126993701494588,-0.036135015717895645
0.19839668635636237,-0.047469141782161946,-0.09154989900905333,0.05276062373018116,-0.2553103424680004,0.08789588471830523,0.018089266547476723,-0.17750088448526632,0.02241936465016056,0.05956892112106199
0.03751752378098903,-0.05692819333717777,-0.04124636431576804,-0.019900150784476937,0.15067344471716543,-0.2906852000924399,-0.11870468905838943,-0.13122931521650572,-0.05680851264465671,0.013687220383845834
0.08663104074055075,0.032261877953830606,0.002659300792710293,0.17254288560327916,-0.1737667649807097,0.03776356257724734,0.12811131971989678,0.05156773095868113,-0.059985677832542626,-0.040483457787599805
0.20138539393343338,-0.008569263066439188,0.1078231852730955,-0.2215523831767302,-0.0388386876571175,-0.011208253417040761,-0.08041012084326392,0.015017594911866303,0.08034838840530387,0.07310462141309468
0.16487408574334886,0.13590382226478281,-0.12693509747649645,0.06470324271657463,0.06836419702186154,0.04396146662276076,-0.06653763639754745,0.13969032234084644,-0.277730520334752,-0.06640905153680624
-0.005063489673044354,0.11249060589127628,0.14205633901518405,0.029146232016593856,0.04910620503758785,-0.05376802848479496,-0.17030123178694778,-0.09395112429498792,-0.05235545838714699,0.12987129441775944
0.2913300196542659,0.0782425020652173,0.027143695988541584,0.09753410440657938,-0.2265772515101999,0.10880109036909127,-0.08600947180549089,0.1624780070296435,0.2010813757811326,-0.06322067372291193
0.0272677219410781,-0.02892439927125793,-0.04582986070302724,0.17107364996479585,-0.04255801195511197,0.060618022721657026,-0.0035447174985338836,-0.06564656082101027,0.09419117985563062,0.1182634850816456
0.22549707051624296,-0.001612837423767396,0.09331684301040176,-0.09751232399465308,0.03485041271579289,-0.023648685516618813,-0.05565891820681887,-0.04067638976566368,0.023405314370047475,0.029760905760475888
0.08001888840533906,-0.1787604594877947,-0.08605900416912128,0.04506074804095486,0.01794421403105592,0.058215631726043215,-0.0066772691610767106,-0.15517661445781233,0.30002035766117646,0.03330805012444362
0.01124888741714018,-0.04093963713553622,0.15125859757225613,0.1281654967732206,0.1608511074826248,-0.09175202624834047,-0.1580876499938867,0.06205133296430237,0.04682157943854137,0.1103508239893882
-0.10562199994802476,0.07815480246265763,-0.015140412980554518,-0.02516794887189404,0.05319011456965349,0.07982505550890667,-0.04693962058358096,0.14764735532422604,0.11151479650106985,0.03326115409099305
0.1731215117438393,0.021011839995694684,0.07863628304666591,0.12371276939944903,0.10081658747674313,0.14988330394899663,0.12357652352575893,-0.15516884396480432,0.0921860956493612,0.030685250810493142
0.1430604619014369,0.0317836530881442,0.15108483746761134,0.1327749216042599,0.11048849258481092,0.04404829766760526,0.09736145638248708,-0.05893901553541814,0.1325368842355356,0.08470100459960178
0.07386422207820252,0.30078102961518305,0.05484355552508913,0.04515025391581975,0.10688170321960216,0.1291721337256228,0.19013568119013424,-0.016997716685039396,0.20239904103769832,0.18297487495536802
-0.01940109934878967,0.11658762080854902,0.08347923348158644,-0.09629650034261605,0.045441105150109226,0.10955981422008385,0.03548933427116861,0.07667725693167568,0.026991579120830736,0.1703085849776403
-0.005401889891445966,0.2613881807134649,0.21463352936863245,0.004873160963697748,0.15645940005863423,0.13710936394124779,-0.0025342703901434505,0.2004380115428505,0.09789978948817758,0.0924052392385378
-0.016035403198204415,0.1399002227583892,0.11540242513790944,0.0955244969232168,-0.1193769889126575,0.15730830462515072,0.13464986793624972,0.12213380797033177,0.08082792539934011,0.17186621551602982
0.09268693746077536,0.0640208803248977,-0.05491454394764398,0.0278005970559852,0.10310510446570553,0.18010712274371526,0.10570836228461691,0.0829245697615226,0.23760044662765192,0.15601031102397117
0.11959106186424531,0.11617678878049048,0.08963860587035116,0.07152739424626763,-0.09035050584245817,0.12634351645915928,-0.025554221469432203,0.023504403144092675,0.06570216514704659,0.1218659620452329
0.252944934232325,0.08407836496816459,-0.03503814096747078,0.16938060427091686,0.033553772684755026,0.05544284313114692,-0.1183164523403965,0.2685574282137958,-0.018635732426346613,0.10156475819519342
0.16932689096346393,-0.1032502341757787,0.05098017433156411,0.19959430087808835,0.026133859879401013,0.06925445630695286,0.058361462582873315,0.0819684209895793,0.029757121556835006,0.00482545310801822
0.22564786595270586,-0.035141853696579815,0.06337356861392233,0.08264328288604408,0.07588004584925677,0.01417512401685158,0.16253665625553024,0.23806700166596825,0.07806824076617055,-0.08978237423137461
0.2879997641136903,-0.025470139576826464,0.029720225093283176,0.3188789657964087,0.09278657164971306,-0.04940411790784818,0.020634948637208318,0.08869611726211013,0.12062972107517542,0.2949084170810051
0.08472485770472993,0.014409876409617184,0.09172129294898224,0.043581592011435855,0.0046833040206333415,-0.011040948238691853,0.26278001516173166,0.07260207624636869,0.2680130770531084,0.08857773424650038
0.3439415171281917,0.07077778333306725,0.09285284595646119,0.23826309821504965,0.1808452070721016,0.021112321286732058,0.19652954743327442,0.03432761372809796,0.26097779192745574,0.11140952027269133
0.03908667680426535,-0.05952104790967775,0.1836500275162501,-0.06073220073373234,0.08756596357502652,0.028414708542585182,0.1720348885665572,0.10235807332349511,0.15389096184904708,0.16518539410160232
-0.06405092126774115,-0.11146258418620902,0.10082249859371506,0.027239769935553583,0.08026818118270164,-0.05387210492528627,-0.027192238974207056,-0.06247153390743919,0.09068293007244767,-0.09171791508522044
0.07098280483178987,-0.0786248572835225,0.09676620594921043,0.08456811625387642,0.1357176167464166,0.07324359194342996,0.21083125302289318,0.03508947767423425,0.0727042931075253,-0.023023029046189206
-0.04679251366334664,-0.21151860960425328,-0.032082263813505346,0.11609204343450566,0.18932411798492876,-0.0027187561400935784,0.030163966519486808,0.023852599918155228,-0.030663450333910026,-0.15880791166790126
0.12278471708474438,0.19009642899036458,-0.15498647539638005,-0.12949872669405,0.02224142484161773,0.16865373050525373,0.2671731145738363,-0.03314769574218323,-0.15478358995149905,-0.07697590249824829
-0.17937512110141515,-0.17370335205168225,-0.09762363107045427,-0.011370855075571264,0.06403916988719319,0.06043753212558796,0.11035953314970845,0.06636476928247471,-0.07754419056664393,0.07651290865151936
-0.018043361702277716,0.08107430360465925,0.047146372981411444,-0.07739445560284794,0.14597858067472647,0.16761551115550238,0.12845650100779257,-0.09886847629595769,0.05586277555835409,0.10370401685018683
0.025883093581861673,0.057520896351769005,0.01788167491977089,-0.16082404589738927,0.020902596132771956,0.07032451900908032,0.003365426511783051,0.02782379555710873,-0.10952756687559742,-0.027119969983961288
-0.018673885131665926,0.03718477873475837,0.202329914812235,-0.013542864407521005,-0.03656639651627561,0.13311137913440127,0.04221061366786723,0.019055322921132947,0.06637882962078578,0.045480421726849726
0.27939826563301023,0.017062941162467753,0.16799935463670915,0.14451444361191595,0.1624160750027736,0.11277716430634327,0.26143309074421694,-0.0907645336395893,-0.10549080035077879,-0.0845635752891398
0.1032971912852354,-0.027076096029344326,0.03102948607869574,0.21388072715003514,0.025133049569451373,-0.16335545799481233,-0.09670205631895294,0.04041354981205095,0.06747885146196876,-0.0880897618742576
0.06917538718217414,0.11893546267227144,0.02088061227179172,0.023285755448327297,-0.028449265235367456,-0.1585340935546091,0.12195064594916602,0.11081403544726723,-0.00988264279363072,-0.06779518774754445
0.11261297380920345,0.2080971027136544,0.02678922576795484,0.12572210236611261,-0.09432676456618129,-0.035499075581105745,0.045864472392412606,-0.03405202825737322,0.11281557285003124,0.09780237752667909
0.14502652341866418,-0.04886469288379123,0.19469364488889562,-0.17675889886823679,-0.05325853926236804,0.050455265499035576,-0.11381085536714934,0.14685078441755006,0.17971865932458986,-0.07305639217759358
-0.08637730776669879,0.14495595765281113,0.13233701986787094,-0.07061822703515017,0.13185613218711692,-0.25071302076365787,0.07963125109561328,0.02531815081487608,0.07051127859694484,0.17382206564185468
0.16816470006977935,-0.024401808457536783,0.16827279723734118,0.10826188422763316,0.17627652447217987,-0.08374678336557567,-0.007804304911400068,0.11174006023724851,0.13151751513776355,0.05391439538183557
0.28057381401321213,0.12095678715524597,0.212516453309289,-0.07106979759706586,-0.06498684369476548,0.06516119040058102,0.06222721833120698,0.12079251075059103,0.20145340450412563,-0.0681483380530121
0.13570261302050818,0.028555854310252357,0.26514628651612765,-0.022694348657797205,0.16999533796900124,-0.019323028862904115,0.18033489941229064,0.06988644940341329,0.05503269787878238,0.2685137780518809
0.18401185095638625,0.24680195998460883,0.09806335988995715,0.2772700638571684,0.14506434616076133,0.0907436303154735,0.012095867873639421,-0.023023993727534026,0.03748033622864082,-0.08179453482288843
0.2314412318006213,-0.07580804408108088,-0.020764606499450125,0.18914547326628045,0.02170517840074645,0.15419818989471382,0.005334798705704073,0.09527133708836008,0.0038278600114226013,0.15765875619113265
0.07531567700555516,0.07924972012774338,0.10059716048879627,0.10964989725706036,0.06410579258185359,0.20507509919927136,0.1860543906467388,0.3358848386553111,-0.028140019402010885,0.11431496001240894
0.18310342487334114,0.298134059526422,0.05621009523197634,0.07147917355419392,0.11283624284865283,0.2244048912553114,0.08931940406698345,0.1774836130392621,0.11759653581815534,0.06975140013873861
0.04855033360801492,-0.0032259380526295095,0.19214975833143239,0.19794697677038178,-0.07167823782172072,-0.10066614235774168,0.11090452429440291,0.15269553768933422,0.32940283695361533,0.19630009363848383
0.1697468493213674,0.037165431506957475,0.11294762455905626,0.3229689673094753,0.02542808535037505,0.05405072543559718,0.10689092151683065,0.23626480863171895,0.11196847930114769,-0.023741618975513565
0.004999819950796958,-0.04243265262908706,0.17005467269087893,0.05249495642089952,0.10201890188877999,0.14149445162375,0.03788281508338691,0.12230616856707074,0.16177426966267472,0.07501465142113758
0.048357975890771954,0.08346012123885047,0.12461093179449996,-0.04966025743466468,0.08533677132983503,0.051569124767487706,0.005077656913686744,0.20025449096552206,0.03739872946221342,0.16257207060733123
0.11973188636035954,0.09603573891426717,0.2302453435553774,0.128498171900369,-0.0469981430492563,0.052669546442657554,-0.09699765227821308,0.11715447838264172,0.11176779064390116,0.19506807335653342
0.06369728543266875,0.2897696007794957,0.11977021573565058,0.00218032336804741,0.09358600020880789,-0.06672689914926509,0.020681260033596032,0.1903357931777882,0.0064528260137430085,0.022425341915999788
0.07911192632621897,0.11442345756792213,0.005897553381632857,0.022399847592443685,-0.0872085884878903,0.09648210406309207,-0.0488424625638334,0.16841935559075139,0.015944557324568412,0.06286310269605018
-0.14537426146064397,0.11613195128184828,0.04427413227658549,0.0030560896192662196,-0.032969768773454255,0.1594533234321586,0.0880293829936451,-0.018658253602108932,0.12217429868668764,0.2685610804821582
-0.05968128094818366,0.04981564407084593,0.23147375334631962,0.11486464470405261,0.05726533013304376,0.03456802036914111,-0.01893803655019629,0.1447152513307703,0.07426441865775371,-0.11657923710785646
0.12709043650236904,0.060174595639910365,-0.08097709071002175,-0.11264533427332535,0.011095326919002734,0.18761864559535713,-0.016035832343671935,0.05209237825932789,0.09350735238257257,0.02537793503584808
-0.12933540540354907,0.08853876185367376,-0.04817612083918184,-0.009377354881471133,0.10726954719092024,-0.007054452152512554,-0.008796014553019569,-0.06490953650485241,-0.045833060979192555,0.020829923782175838
-0.02516322780071436,0.05121867926122675,-0.05873646028728924,-0.027402838335644837,0.08258271638791999,-0.11959366431062866,0.1419118904578667,-0.11659442188927986,-0.004608918320576333,-0.05925528930003431
0.10165563908969896,-0.0066314166112226534,-0.01599630872622954,-0.05860005278439255,0.10675411398712574,0.002592444414046706,-0.07151121129235022,-0.14991583027015812,0.06203807118466209,-0.021372916749809134
-0.12008989815713511,0.058771603411926984,0.06290690368566665,-0.19312718076096458,0.11926133581176279,-0.15121046245130976,-0.11560070959883244,0.1244256050794998,0.08171554495604672,0.19649661606059662
0.06681304089854675,0.05557854890664014,-0.19342540133734892,-0.14913636786363704,-0.02587058767296664,-0.06029750454084529,-0.09897426522379113,-0.01797658350784124,0.05766076371246394,-0.1266748630379567
0.15573638393064695,-0.0315324292956535,-0.08506193317583134,0.08525242791233117,0.12036695415990353,0.1729434580844728,0.027571627125066805,-0.0021918464569525738,0.04845136870577256,-0.05570934642816629
0.22094802262987207,-0.020161533486081504,0.11027787040948878,-0.05125685634354242,0.17220069745328828,0.0680842811859782,-0.029100157239492795,-0.0075010025426534704,-0.10000302834486802,0.11791626066115604
0.013433667600430271,-0.11328771605562146,-0.07733030170957958,0.0067868251025429704,0.029968096790802173,-0.07746495150520036,-0.011671929177045019,0.01390395744365458,-0.13708653853754296,-0.11791083252748502
0.15142792480049738,0.10568666415347551,0.25219661454859027,0.21790688379438816,0.1862862861345057,0.07913543931578551,0.17981059738347704,-0.11486590451185805,-0.12680814806194468,0.1346041103470737
-0.056370684627692305,0.08655060526297592,0.05549524029151136,0.10104716952281387,0.0452392205802759,0.026027678882292446,0.07989366065454248,0.14046770361314928,-0.04085031690130736,-0.013315167471956997
-0.11444539566324063,0.04489947128331833,0.1732530751288346,0.10882439703794256,0.03283337140675887,0.09622358675510849,-0.02431446844748964,-0.07814240429966807,-0.08048538071394176,0.0651363596056231
-0.12231880622448078,-0.03998843370268722,0.12600420611295976,0.18784618217852425,0.04584330122025408,0.10683611579581212,-0.10377581363862053,-0.12073731456221458,-0.12272505701423748,0.11861899514356247
0.04655438076757809,0.16399581724052636,0.06169373857775358,-0.030414314871834942,0.12087360992372784,0.04063415656903231,0.16746823715053805,0.012265384165667147,0.05058974818772499,-0.009889545719384649
0.10065670837819024,0.13784128544336152,0.19416151535949727,0.030230400827920865,0.17511753005750239,-0.01485238847336108,0.0517737134007199,-0.04432794482445023,0.09389777317150963,0.07477820070630825
-0.08643160225790869,0.0099659124549724,0.0282515854982386,0.20475821901551672,0.018758296694844186,0.10937593156397922,-0.04702839942208732,0.03870488040127142,-0.033871252973366524,0.07811766460977951
-0.06392233522961069,0.10271513623454223,0.24282842574542302,-0.20246426536211226,-0.10821966579515381,0.027911528006210256,0.1949967403345176,-0.018029300409112776,0.12709960475533988,0.07066340481638787
-0.20814148166478624,0.1914721210093671,0.11113512181295804,0.038373719953626,-0.05788973442840238,0.009481393329747088,-0.025103994248778093,-0.0754125886301214,0.19334967726200936,0.1620862521658658
0.05651482431757751,0.08270868013495179,0.027412947971327664,0.006538902509500847,0.039436015366293445,0.10067742757114109,-0.09498432249043372,-0.1564444846421293,-0.018131041930482993,-0.17255601106376559
-0.018481756514304414,0.025695241734970474,0.0008259461359996986,-0.14014246482003562,0.2035744017093503,0.06969125957939314,-0.07169866019969348,0.14414566002345633,-0.1797123351738734,0.028195192146083417
-0.030504177967813472,-0.06240937763606759,-0.04859722118277332,-0.053748305568521296,0.12539409418914046,0.1357739656646009,-0.02353788819187985,0.07285661825851858,0.11159229153457671,-0.028234721116631594
0.03368406214881547,-0.03561643494563146,0.06375420793490284,0.13399796621201043,0.12022877895807846,-0.0003978953942182645,-0.2049061156356844,-0.08046186648286598,0.014878647659214133,-0.033683788342125036
0.12386458007339711,0.05076773217891168,-0.03189865489844399,0.07264037899654932,-0.12966107958142553,0.1430141504007126,-0.09364861407521959,0.08271590947604866,0.1755650456029414,-0.05131203788020289
-0.1305341625054925,-0.020911853107492523,-0.1975985677543243,0.048135268520141695,-0.003991732056066797,0.1276424053604086,0.11714860504147291,0.041263895192755334,0.043540896240833814,0.10885258063478542
-0.23292377381367466,0.12988892060327933,0.0005932708877393628,0.08870777310581603,-0.20022010238552318,0.016889369233402653,0.1371853498269858,-0.0846908367918932,0.11069986853262001,0.057526450930274815
-0.3251859451700683,-0.08230518239084614,0.11139256823700264,-0.13554173118024096,0.14570522716448525,-0.04883856752651204,0.19888870190386707,-0.13462713753111416,0.0071579594951112074,-0.03142619719017575
-0.1923452146399426,0.23550392300413606,0.019635492023102986,-0.24263362328440125,0.22151283132123561,0.021172800615540784,0.058888073497763746,-0.04669166658634865,-0.2510300902265607,0.030454651417206966
-0.16181024932424584,-0.014719626337607698,0.28354082533577274,-0.10345423726475103,-0.030562294111207505,-0.0020343291435725025,0.2396351711792866,-0.04931480653399615,0.2280711542267107,-0.007907910462866607
-0.12314278156760497,0.0397860053153865,0.033794440082942134,-0.1351139824359913,0.10811081920523122,-0.17133755190516975,0.03177600751973605,0.0027057518219912313,-0.11275671786852381,0.10875358300997223
-0.1383290417998,0.15288437610310587,0.07363096145695197,-0.06493460482552195,-0.04534874382512016,0.12929970978282473,0.2058842878201435,-0.22925192380867263,0.13088230317263963,0.019968928075762647
-0.17748291054042162,0.21120861580791586,0.14262693308909138,-0.20166919807865186,0.27280798877465295,0.005475317449879144,0.13847989460822663,0.06201200538562507,-0.06588754068447938,0.08538927689758553
-0.07047936197846766,0.1701763358020884,0.09386953644280822,-0.015044969708828973,-0.004790456712326169,-0.022206827937385862,-0.0003383008439360735,-0.03834083156505581,0.1257652462179311,-0.005887370721049823
0.048798014186803025,0.10246546039769093,0.11708155902097792,-0.2974432740452352,-0.08481895629570851,-0.07591604889255898,-0.045852004546476685,-0.02574976799631362,-0.06202825737206309,-0.04344566593238086
-0.027461100468930282,0.15001946017862228,0.07732978931915682,0.04774681219008586,-0.027258313654881225,0.08530602795790306,0.03889255764496044,-0.025566078827164884,0.04229215064403523,0.0055263345208374295
0.011474111790050222,0.009333273449517218,0.0158950512517274,-0.08792866864747187,-0.04160741066129198,0.08145976121845987,-0.10383719458325857,0.05738380198666181,0.09375862209787353,-0.08489534154762865
-0.027353351365749845,-0.034470432279696234,-0.06839625190204422,-0.000706392851638326,-0.09476512726116132,0.022002632525866823,-0.12022125825773877,0.031537423347219457,0.12329313136051251,-0.013491168978542925
-0.013113907778493411,-0.01568161062494732,0.11719160090727618,0.023306551999969165,0.04976136348460456,0.1480796227769595,-0.1471783905137516,0.03890531908823811,0.017145802136542616,-0.05716611049288878
-0.007299580139414354,-0.04266030552039382,0.022249888690910477,-0.05490571223872804,0.04415320826822773,0.24087039873588542,0.04017856313817643,0.013094325647663392,0.022049976425949833,-0.000765095481642504
-0.048835631057260825,-0.11110668568297281,-0.10066428622147686,0.08063675823988073,0.04054406075544196,0.11013201534243254,0.01616744690565587,-0.03581133508874507,0.05673821198785812,-0.07566740295858138
-0.004600006392887837,0.08467747319164626,0.04836943765689383,0.08759373614022908,0.11134299435738473,0.03042869278955272,-0.053011205592196305,0.08354944784340554,-0.0690619125260631,0.1808292215270236
-0.01996217414730224,0.07226002683326307,-0.09083026774244973,-0.0025136093244185753,-0.0008994939203185587,0.08494877294116876,-0.00451203209326554,0.017385246650741648,-0.00603761551008553,-0.06954589498774784
0.08951622165536888,-0.061555385269588966,-0.1536410426795793,-0.1043285534295299,0.09088111643748334,0.09151769229922117,-0.23008418995082022,-0.02574141242840484,-0.02452002090203067,0.20116954274059284
0.025662950604968468,-0.007598127452405805,-0.12979013484461596,0.2214275914969853,0.10511342014118379,0.32019563029089493,0.047865324111402346,-0.055946713517119884,-0.061681557709625155,0.21082812954082458
0.05391398969610957,-0.029290428371576655,-0.005834411846686295,0.1412955124747272,0.04528220216792084,0.1016870606674018,0.023646873482320818,0.019237000988769855,-0.04965522098589603,0.031795681980474666
0.0523426895089797,-0.13308001463544097,-0.009582344698170217,0.06014398601623737,-0.1559614501135127,0.14693021365787093,0.009352887328153162,0.023000098970456892,0.12517079111752646,0.14340581011695733
0.008879481678605472,-0.16611015342792063,-0.09126596839155042,0.20984190110385906,0.0002886435852936329,0.23762559779057932,-0.11335110493382655,0.13803933620055786,-0.04018748183868249,0.007265534440950613
-0.06849420693215945,-0.039119714509931104,0.1024462237588628,0.12483858313125729,-0.04098495622628046,0.07174775715178153,0.13310154000800045,-0.08268104195012001,0.10300490454070271,0.09337300445728067
0.028339648677754556,0.007643523000584948,-0.12376854864481558,0.0083518709887129,-0.06554274078452617,-0.10426006099720009,-0.024247532933645868,0.12956275689937152,0.03827783846754909,-0.023947732873942
-0.14806870652622478,-0.1481511858104043,0.08632221394083646,-0.16753681802158268,0.11417284586571624,-0.01294353266008352,0.0540851870466615,0.08940063089150205,-0.08227950416612909,0.10270890575243082
0.08291004542987603,-0.14546136252301836,-0.08903384681641668,0.004111516848936684,-0.03503408876435621,0.22289636541411573,-0.0514169034685404,-0.24046174691864058,-0.002999263982753228,0.15688728926284723
-0.05426922019806252,0.01267802614566172,0.09205877297820045,0.08885150969426549,-0.0886689307308182,-0.04121125431737079,-0.03520741928098267,-0.07668527174814871,0.051908570261853755,0.02303937027910748
-0.0017642455339365124,0.08588268278047284,0.02991330951971822,-0.034382796749338695,0.021783777324733113,-0.00942791337486417,0.026470602185975012,-0.005806749550391304,-0.0122765004983378,0.10508748050332911
-0.05618508461526241,0.011162155285724791,-0.021158864327524,-0.0030791255094565623,-0.10220433060592717,0.06427157006644878,0.010691836229637345,0.07220196761190831,0.13523201511163827,0.018244098306821086
-0.2095194146749006,-0.018859952083864553,-0.006929851229384609,-0.093744595957345,-0.1054362287842172,0.01781393919679891,-0.08038787703472847,0.18432208092782362,0.0035738314809657737,0.0005151576843664268
-0.10465423455608558,0.0004450977821546416,0.10126627351169847,-0.08433584241190054,-0.0250836279888074,-0.1928361636502782,-0.09133390484330108,-0.20533133751869773,0.09905918531763971,-0.05108169287586277
-0.08462290314084743,-0.11101478846383023,0.050179166577188204,-0.027573710723448552,0.028782517993257352,-0.07882076436952286,-0.06452270345950116,0.01636666676626445,0.22132522574077193,-0.04896953654708033
-0.14174290478581705,-0.04283859581459344,0.06060428679273554,-0.1028881841425607,-0.1280725929983187,0.028813405691210686,-0.2580728992512393,-0.07784750171744878,-0.038865209551066565,-0.06541152097779108
0.016326154002201568,-0.1401094859037247,0.012858542037219867,-0.1296260598670521,-0.07341889518091754,-0.13182869568231054,-0.1321036971473946,-0.11439665399030664,0.11383670579907192,-0.15296325496758428
0.09786467319946435,0.0741556594498302,-0.14225137724115586,0.007962246445824925,-0.016536491171179144,-0.08618037206403736,-0.1579255460149581,-0.09594668407512338,0.08618958044708155,-0.09928096933317399
-0.12661462570023232,-0.0797744620215482,-0.19975208631342456,0.0343538984155684,-0.15463679615649517,-0.17516916611994066,-0.08740222021805935,-0.18588593411253912,-0.0019533855321301604,-0.11673505668416681
-0.0336932207552887,-0.13720044954161836,-0.17268463795455916,-0.11766265595029636,-0.09548008808682734,-0.1034770848404001,0.1032558030926983,0.06917428840689197,0.20616607343249152,-0.03061394913953179
-0.038465826746020865,-0.10661183181835328,0.06686842480973901,-0.04183592896655582,-0.13185947455053462,-0.09941598532819486,-0.11148383923986148,-0.12898271072751127,-0.05938893718651846,-0.07858455893745117
-0.12101705560136186,-0.14975134487634406,-0.08553117676059772,-0.1858895302114506,0.039038718722107,-0.11022851800350834,-0.015291289806210806,-0.06754327554294774,-0.037904931980700406,-0.06512824961536345
-0.04289103055002518,-0.14762538355823845,0.0032382129147547345,-0.20947571156627964,0.10484673944676917,-0.17279284677859952,0.018421661868917465,0.009602464605241015,-0.1975553048695098,0.01000442470963235
0.06521737957814659,0.015293850974892803,-0.23119327292011704,-0.11869451405888938,0.057312907278793214,-0.033086761264431275,-0.19715025769546335,-0.13468945700306637,0.06737567900225196,-0.04849854651990328
0.11479191697886515,0.16718528641999086,-0.15283502224814668,0.02047090907726122,0.04176230425926007,-0.031142333952967137,0.04699630776434623,-0.042287864071235186,0.04687846317199022,0.018006402509645136
0.05011829223572874,0.23755201239269072,-0.09046654621131428,-0.11176245027776713,-0.058031116233421415,0.027343277597692003,0.14014166348856366,-0.01370191823080742,0.17781241368213604,-0.05575215306701033
-0.01258512075340774,0.12190641331295443,-0.03326603639231249,-0.09030644133482896,0.04111117066057306,-0.1438434318307149,-0.08627135254651988,0.0459888296844774,-0.06203718180459561,-0.08781576502972725
0.10818132799952818,-0.054464340372039594,-0.07592823153909592,0.07599845873809108,-0.0694482133139497,0.10041800627654272,0.01841786677824647,0.037342432267803156,-0.008757867546130102,0.10136392761890722
-0.0460027233633703,0.17555694770854494,-0.050542468700676926,0.16616534335062308,-0.03293861744305245,-0.19593664648313472,-0.10624069815060039,0.060312780429174345,0.09367608167417796,-0.0601245348263867
0.02839508271146464,-0.07211313986256598,-0.11067733479983594,0.08785243776641444,0.13881797003061913,-0.044693371303918955,0.002507894241573924,-0.07689625684621337,-0.06925764302901284,0.01816785641424967
0.03465572810282886,0.1646858267231189,0.028274214743190463,0.036162143955557745,-0.09704780105525979,0.015102513854452975,0.03309136179146427,-0.04431048641071004,0.09929282857791957,-0.040154750506871
-0.047616627721804944,0.013543090152040093,-0.11810781040035019,-0.06929895917706218,0.15385285063801515,-0.04613268020648989,-0.05738521400750673,0.2055878839315769,-0.08926796543216914,0.0017994826619129982
-0.05392418380640456,0.08639314220343886,-0.09936817171003068,0.04783943410319771,0.08444480887336715,0.06728654350684701,0.024733947637779377,0.013510708681592059,-0.1388748855325249,0.0030512442330518437
-0.04326501226495047,-0.0853114256014757,-0.008858438225825641,0.03136793587903811,0.0860964820633365,-0.023874051868392282,-0.23902087227211113,0.1350035755517854,-0.07927329251816725,0.07604127017810741
-0.016724559205284966,-0.029133040331965315,0.02017757276235814,0.013535980992597877,0.20916867475529752,0.16900163250959538,0.10684385835262283,-0.018884159611965684,-0.14510681721920501,0.025014080118133643
-0.14823211419715962,0.028498182974824236,-0.09502257453945052,0.0397726433020952,0.12123602207568132,0.02549707359454547,0.058153615880561935,0.04611395585280954,0.03914577497674625,-0.03061958808841979
0.016133801241615207,0.0957764654662714,0.10633534842189117,-0.07759273855838085,-0.12053851261522386,0.14729078138795088,0.04580358182344061,-0.08238756139841125,-0.1180794810129803,-0.013067245376333489
-0.24195938048423543,0.028015363416576178,-0.18884555537064748,-0.02599625234817604,0.10743645178025396,-0.04327522176424985,0.11734615177083704,0.1385275692645875,-5.890132356158734e-06,-0.10413135708191262
0.03379342660621314,-0.0279634005583686,0.1835576295968484,-0.07166462283935589,-0.06364284710091042,-0.1319768885810147,0.13707504032857554,-0.12769534411608904,0.011275155891074556,0.24448059517426704
-0.01053286593765615,-0.043740178542266736,0.18358230388334262,-0.14026522387256715,-0.11889173486741467,0.02515684524446469,0.1369412010206446,0.09055557728762981,0.16103951560596527,-0.06223714472488958
-0.11572028608862737,-0.013987350879112447,-0.00940824832206355,0.04237074747795841,-0.0018369097717522362,0.054387092014503056,0.04130566803882909,0.2357004380439191,-0.03576442123426186,0.10869847346680028
0.012961383372360014,-0.009732803405047844,0.1933146301261342,0.006637153702196356,0.13678881643929605,0.04091806986455768,0.025793841737685192,0.05493887736687282,0.16053904806364377,-0.02991824411544155
0.05296317090821333,0.07644210333089985,0.18229367581095135,-0.05512239007749968,0.11486520315019641,0.059392083869437645,0.06001039864072962,-0.002458332866832391,0.03254536107971427,-0.11657065683606876
-0.12345078429467912,0.08588715080187377,-0.03161370626116969,0.003533046011716343,0.15021034007418715,-0.13480210125361017,0.03947581772072056,-0.15540796213980768,-0.10561526993757195,-0.08315374412047298
-0.1050550327381195,0.015629502397515663,0.04250332118444486,0.12432135371430368,0.05301208416796033,-0.05746589197912877,0.006619440976904624,0.02142660830229159,-0.037221896694809076,0.006173008843606338
-0.1703415297315244,0.09153502670379211,-0.08381656035163348,0.1655984242107948,0.09931198651498752,0.04400563955606011,-0.020552975764058977,-0.2123199028641637,-0.28133524636976004,-0.04099836583403771
0.05109745840629264,0.07838486545694986,-0.25955271439232913,-0.04155902956140317,-0.0010262002116550942,-0.0806243096572933,0.11917209549157279,-0.1113921608682878,-0.18908714705048707,-0.1315777794307752
-0.09050030200733197,0.0654689951313589,-0.002087134991595457,-0.044740346697743835,-0.03258273355077403,-0.013793614781627902,0.10979108234134852,0.0333195758421036,0.07339319150798343,-0.017469787215700326
-0.05428352967388153,-0.07015221468709978,0.14280233639826342,-0.008226720498034419,0.09266727380068435,0.08112011482882947,0.14261678992635818,-0.17184392233089796,0.005344187132969441,-0.09412341206793647
0.0387321438143786,0.008100947251993326,-0.003654381226366847,0.022455457823701737,-0.1185275020938163,-0.04161351771701169,0.002377295365344312,0.13317048638382822,-0.010482422064163291,-0.06566152451025481
0.01390493445796985,-0.009153669116924404,-0.08324845328354397,0.03777598121262309,-0.07925476705106332,-0.026439550580482408,-0.0017787853443563743,0.08404684541348206,0.009244767726784925,0.11900823342773112
0.049567628085626314,0.023038855303039077,-0.07755593778865025,-0.015975036438655457,-0.18003942206610932,0.016559366347420085,-0.07244068731849024,-0.03611700026633028,0.09415642814754269,-0.03230425158015372
0.23474710011145541,-0.10333736382980752,0.07315408506453243,-0.02945294894897957,-0.029135942425865716,-0.26146442881383297,-0.0026328606650946537,-0.007288355120537587,0.08571247159678781,-0.02064319357190498
-0.08963202321949632,-0.1748823626989614,0.18862147341752775,-0.08462868178808883,0.04062303283758025,-0.08644635178527396,-0.018948827793138882,0.13649340426274664,-0.056167943851162666,0.07315637986590917
0.06945941133055353,-0.011036352239509103,0.1382402664721415,0.00984216698369315,-0.04189559908957208,-0.13706584279322576,0.012044129949904003,0.06291417559627263,-0.09201423244738162,0.36141616604335036
0.0769823439037781,0.11693330346090562,0.009984519456506986,-0.29341336518068795,-0.04983070937132931,0.08889740828158134,-0.0815274327197541,0.04543526990662236,0.015386727213572003,0.23284306787521253
0.06104013585957274,-0.02257337514908861,0.0597725515262126,0.10621706727480819,-0.09478399653846704,0.028633634829433076,-0.029437039013208974,0.11884189388945601,0.05281426093576015,-0.07951267701102145
0.04884085491207914,-0.09397282323392962,0.046595453642119845,0.10808696261475027,-0.07533996743482586,0.15529195543089075,0.06590079127353486,0.1254448816608389,0.10249989493364633,-0.0683339974608256
0.13609576967863796,-0.09697271059149212,-0.15794873590042463,0.10960829611957576,-0.20645490474840894,0.08698566376752771,0.058193824087534374,0.2240223526621184,0.1073970298435448,0.07483129212138381
0.08999747977224944,-0.1500156242229313,0.073115548419245,0.23995254934939186,-0.11817765859867774,0.26417854647187033,0.12160701533326898,0.14565006638899974,0.1786879733246041,-0.025833649791706333
0.09329620567551436,-0.01730818342523384,0.036415976910810596,0.2162519371693128,-0.06646880227226615,-0.07546046176621389,-0.0404751018620622,0.1401685729405445,-0.06322980776486534,-0.010476904082853428
-0.0142941982776279,0.18331652930955536,0.049769463205337254,0.06935996754232254,0.028105221469364047,-0.10108959179087379,-0.04504081939168655,0.21063343982282473,-0.11276463667511455,0.016189450606278764
0.061444756533992353,0.09045108602321617,0.17592565323251547,0.21476305760676212,0.16052882874714966,0.05334184895427755,-0.046616508007299086,-0.16319645363247012,0.003313514391312826,0.12990845171940735
0.17686268260945526,0.057638343357098165,0.18721889873825176,0.23582012138656833,0.19239507507310316,0.10341564835887158,0.021413419097711203,-0.10918178196999134,0.02440294379068158,0.29030434144549144
0.04979119281207161,0.1957817810002438,0.09004602414969186,0.15348335181584438,-0.020221535971257282,-0.07566677495694416,0.21147291341811797,0.1982270491186948,0.18396772921177387,0.057844077228007676
0.0622171387547263,0.01201389445472989,0.25364259047114923,0.20971178673905078,0.10806804837736218,0.17093384649726778,0.0681532026709808,0.017950480968425813,0.17170437932865218,0.2671971912570572
0.10400753330590656,0.35145425211348946,0.07768349840683592,0.2921912397033798,0.2252096173606994,-0.028970879460954294,0.02844790527562492,0.15725463849645677,0.10152414504517387,0.35361446567746213
0.30553083956709304,0.22705550750624098,0.1838537563226432,0.008206118072102003,0.20447271389915322,0.07664417634323367,0.2689894672132478,0.3492716463028137,0.16486829771176212,0.15174736038275916
0.1608735701339128,0.06506792197913763,0.2917785968198641,0.16516507809028116,0.1965982772474124,0.08663882327337986,0.1412415999284862,0.16275890876466412,0.26495803005300184,0.11370078450591758
0.3623148301672912,0.3327114605572533,0.27714875297227703,-0.021774167653960175,0.14715386622141044,0.11542735068832279,0.22879261510288515,0.14512118135825228,0.30112118033084234,0.1029944952568667
0.2684345775779945,0.23026390112823936,0.20379099238707804,0.0803168651586883,0.20302862553249465,0.04045237393269249,0.15315964090400822,0.16313621991324806,0.0024629373508968933,0.17498976142742687
0.22969851727576285,0.1464055531095113,0.14018113692142725,0.024035633696874614,0.18541002416053307,0.13875225043372663,0.11763173583283573,-0.14398499845953555,0.226216231869273,0.24154073373607593
0.17922346358921976,0.2305242163218825,-0.1406006137437109,0.14903381285548267,0.19430005989413132,0.013351646191669786,0.1555379925903713,0.17279122213479292,0.3401568280509868,0.172128551381255
-0.043954884253011584,0.19937472023841202,-0.05288541460934448,0.28788111419632595,0.08810252534644189,0.11152515909749959,0.2747269253031801,-0.0882390264356039,0.2938127497760409,0.18598784736964766
0.10740353178758932,0.15825256448908706,0.2550992118694789,0.21114429930067402,0.08585442467701407,0.29131332103922714,0.3186822425390575,0.12796353001047134,0.16169129047582764,0.11391688143332473
0.15797793374904429,0.12454313274966514,0.07560800682737648,0.2656756608640607,0.05997995079293042,0.24501092337283625,0.1384750214239721,0.12762948496305096,0.13870183947379702,0.14728641096061035
0.18880589407882856,-0.027565354422536076,0.11039651736479761,0.18902708542616933,0.0574155477751786,0.22353962874269878,0.10461761644121083,0.07275955775371286,0.014153162232592054,0.21235561635713052
0.26190819301736795,0.26562712761509477,0.10895370690590434,0.09865036968188637,0.002433774004876238,0.12586578423817676,-0.06339420974718984,0.22432692623469458,0.10472443455652466,0.15334937879384633
0.06516800861182728,0.14878340020574013,-0.009002388704623304,0.24902121393540363,0.2802106422665903,0.16937951657616557,0.0042839544994384,0.16297964772270368,0.16538177177758515,0.11353969796191948
0.2445979534121845,0.07126439992132595,-0.06255441699118569,0.1372757360491989,0.091533718561107,0.21455596000429433,0.07443540244758445,0.11548102501334889,0.04648487607101487,-0.022145646107607178
0.32474809140957495,0.04749030500299703,-0.0981668768823239,0.06629187934135558,0.08461819996843942,0.0670098080816469,0.2286233616399919,0.006091329531052236,0.1286785247938447,0.10402938766900939
0.0744768088012254,0.025079305109411604,0.15886372024862214,0.35309178784270834,-0.019289212139361328,0.20090550110499428,0.08308673487329057,0.23584267130297382,0.22405343639937353,0.07371608859969198
0.10642152701398432,0.19299722218553314,0.10288018607127154,0.09751139708130156,0.15752014013649118,0.0060439613471804515,0.05430488437380792,0.3861242917475818,0.15346819333431694,0.06238342547822073
0.1982593829730065,0.32404247535197606,0.2595733321023963,0.26130152656183203,0.09287215204909693,0.242768217234641,0.11513524105049633,0.11371365177880077,0.15786585165124933,0.0325505382163105
0.23951816144825205,0.0411763562996318,0.07779850152670667,0.19858116535107886,0.21408571722403585,0.20733391825827582,-0.07374750449509745,0.10778178066776888,0.25740674444888434,0.21061418839858553
0.09517647375145852,0.04870971222549876,0.0281029527910968,0.07461472784167908,0.25930061056236337,0.28014680123746166,0.05620056790894419,0.060480715411669175,0.1560817151880379,0.08868866609108703
0.1563791138202875,0.27283462508884665,0.21828577835490487,0.13823524186652236,0.06983884065982895,0.1366692272625184,0.25328746135360103,0.2365316438859212,0.21999232350362763,0.15508960021560342
0.3418699447930196,0.1766831261947353,0.23694339619519084,0.16819226147018196,0.14148242705000805,0.2416567336961455,0.30741983289091734,0.3904067618818564,0.1874463204210496,0.02396668573425828
-0.042462052398706346,0.28500954361233877,-0.040953935266270225,0.4713184667422916,0.2340786356867671,0.21702620123052824,0.19658469946946894,0.24563885411001574,0.12130012757930704,0.18194521100882258
0.15847863055619277,0.1932466582518913,-0.002847912198715191,0.23054236025066394,0.39497819837660886,0.2219816623978002,0.07156018034260894,0.24071354032631626,0.12284665298486507,0.2636707036858854
0.4218537603283688,0.14929976932395445,0.17354542890617097,0.2626627179113537,0.16312372991700744,0.07307434094276226,0.18818544232627288,0.09132209965112356,0.20097017682732926,0.00667253462760406
0.13185867919610572,0.09836473403847187,0.10217354856450026,0.23427351266380275,0.2513504971347633,0.11795228574499979,0.30764527151962645,0.22387882464329295,0.39665729382237924,0.2620147074022453
0.09954352354388396,0.18006679978774767,0.2671698628897068,0.08102234942708861,0.3768875846564361,0.24852958977732342,0.1874758051997503,0.11700861542574482,0.25495092674985176,0.08188756106644657
0.22058707177574569,0.2477564317494143,0.15327170692000025,0.10790072792840955,0.2595742075673598,0.12455090905215566,0.25061934224156024,-0.08938694919926957,0.06268357083404974,0.13917495380065725
-0.023200800071838834,0.09275869685908497,0.13580253957630603,0.076949923857069,0.33629768138564115,0.25660376035268023,0.09884409766968108,0.11119950958410862,0.1211511855197968,0.0017401476476817945
0.11733419299568727,0.4487589764956387,0.04677264432380558,0.1425871421276102,0.1254391642610855,0.19971466876757993,0.3464343986158929,0.07189929530157749,0.009284904442979428,0.08025662051462833
0.1769212088492211,0.11051073962883913,0.0757826341488805,0.16976541774352946,0.05365654761079321,0.04197998211360096,0.3058097358088122,0.053434052866989906,0.1195757182689318,-0.022578080063170677
0.009415675481980648,0.1325997943086322,-0.0489870762065501,0.17581879606476764,0.1521158297009393,0.059101899781971355,0.06576904113822601,-0.019557051329725808,0.18868389420622927,-0.006133241544196366
-0.055476987531432626,0.0005977886432358692,0.2848783972058463,0.04948152351188039,0.12364703000822136,0.04497256054686917,0.1709926779460778,-0.19518249149559092,0.11602117979499998,0.1099116473356482
-0.08286349545861935,0.03308876572611254,0.042563377866143934,0.09076487300317485,0.2787000942923542,-0.004383953222188368,-0.03813222625157543,0.04927182369083448,0.03042357520893184,0.021794099560597205
-0.046681961059409485,-0.018366729159537493,0.08529822945755065,-0.06385580257614265,-0.054995816335335054,0.11508882909944873,0.21851136967770945,-0.048360364315647636,0.06889764273361396,0.08921328639474196
-0.098494932096821,0.16612690158173204,-0.029422321783790645,0.12728748654548966,0.06675651551237487,0.08902464020483293,0.21830361936969606,-0.00951027717443422,-0.2173336216331497,0.005506798190477419
-0.006740359219121247,0.10525730753641278,0.0849287585562004,-0.09987753379811279,0.04134222114090915,0.03884816895386029,-0.0772050209164119,-0.08915069976677867,0.0014290140040139933,0.013544838160634703
-0.21197171020329392,0.06838793079468727,0.13242273878273525,-0.014166116656336492,0.04867042840655226,-0.02207917331093215,0.0559535789019905,0.03750116277402516,-0.049390122250564404,-0.06762137477386122
0.01992645674672277,0.1047753443264399,0.21670636474649208,0.10231936475021819,0.06964897815376295,-0.046824591968898197,-0.012753703148625471,0.06516616309485604,-0.11583796388143588,-0.025152113267044623
0.003222862884568002,0.019138004426651742,0.047054465850716216,-0.11009201644813371,-0.10015734048898949,0.06502144091669507,-0.05090466277428968,0.08076230817999375,-0.08494178748662158,0.04773566115524873
-0.06856915571710577,0.09845734855308255,-0.08907291143108881,0.07073290425070868,-0.05314806409208506,-0.09430650796391098,-0.07042152921156404,-0.0393722880553309,-0.027306140579534753,0.1211077866568847
-0.036774930889769034,0.06968704478525925,-0.10208039230264639,-0.042166868038574015,0.13543194431371278,-0.06834405219821672,0.04501989223151009,-0.08743357194902275,0.0004804695992314022,0.013141017691895074
-0.12008861126930066,0.13185205577418188,-0.08408311602924837,0.18179932742573907,0.15093193838868388,-0.09154780176343306,-0.05607355368812511,0.15710807175702945,0.10552675087184873,0.0010945853609106869
0.08520473286370067,0.08910477974241256,0.04449456077548637,-0.06008912592556866,0.271040918291674,-0.12015808265346567,0.044483825206829634,-0.08698487082751818,-0.051718581536196434,-0.04254701894012264
-0.08511384455943778,0.12110456202950168,-0.05133568936527422,0.05254039171684732,0.025211455194418447,0.010243848785781657,-0.15955201949655118,-0.0418622427834915,-0.009260284791126838,0.15411880994074034
-0.06179672178699437,0.2211931723016496,-0.09977607414712183,0.006413045993785137,-0.0068430744300739255,-0.09650271101688578,0.020315510561198624,-0.054644192256650126,-0.03299143724714193,0.04733040337074096
-0.13714440340677692,0.23078545201662426,-0.11665047615425636,-0.04382085943314762,0.09581369138212802,0.12631859113612065,0.007869370313323507,-0.04111990049880959,0.14822365126163045,0.20403325760598248
-0.0939367811312348,0.25184821582946104,0.03651271821234217,0.006975008755237128,0.08980933865772132,0.1596383027499745,0.2517962697050271,-0.08329038612425624,-0.17617896383754855,-0.06408705557325718
0.03649442364243356,0.16401389506479114,0.04933367338782635,-0.015487780482771872,-0.0013319794715190778,0.027748506118917035,0.012357489543972526,0.1262923447440134,-0.08153148357509397,0.0642791866972302
-0.028187135730613083,0.06341586200033741,-0.1253614510824418,-0.06272021424627235,0.013057421756409584,0.13975018647467047,0.14211652227461272,0.1276309793143278,0.05088315407809367,0.046392281591806986
-0.0009149176806700771,-0.02986200343661756,0.05583050898300383,-0.013794150491999762,0.013366386170308601,0.009939532081196654,-0.018011419812107785,0.11116360603940795,-0.04125213452633909,0.07196342716049695
0.048526733255983064,0.08173079474233148,0.06521208211937385,0.09284688839908081,0.16301329122534775,0.10940978892878195,0.08700128879239433,-0.12543601291897324,0.051542136792142826,0.012461809593852588
-0.07517933700753436,-0.04199120871194745,-0.1266099199719006,0.09364147803817652,0.03244623581539077,0.03291962283800762,0.05819027680055099,0.12383624432839581,-0.07554942097215127,-0.24956165504544672
-0.028812113521557124,0.04785665064841513,0.1307555578254812,0.02215677860536836,-0.07393128622969627,-0.14154398057015594,0.1440513217017672,0.14570754460506946,-0.04021067774051375,0.06256102044202756
-0.027108874861318515,-0.052648918740254076,-0.12589844241625073,-0.16000703333299676,0.05777498320572007,-0.06349492075353882,0.12105054084882289,0.06307979821263993,0.1696851638597596,-0.0629036494352766
-0.10044938035302509,-0.20527467750576125,0.04897455790718869,0.03394099398651936,-0.11858225689628926,-0.07359303687560576,-0.014838942508815452,0.06017825299668411,0.1720828167396511,-0.11831694872524937
-0.03888803035970552,0.1607034386533258,-0.10725964751922634,-0.07533852204252181,0.08052040920237194,-0.0824715736836382,-0.21477183316754497,0.06496464353140426,-0.06549156152698697,0.009953559896993699
-0.10593575200045195,0.09505558225211122,-0.051753780574523615,-0.0827267881876282,0.009670103150672184,-0.016389617041607935,-0.07515977275409481,0.0366397221710346,0.024442411306820518,0.032780830966273655
-0.009886787410198866,-0.035605282504215956,-0.3291973413400634,-0.21179351799047824,-0.08291273418561979,0.02479350066389695,-0.056290547709596864,-0.03912315767682074,-0.23068518394658136,-0.1283063925062015
0.05097942675318963,0.059538575797427176,0.017609676696756033,-0.24492369896926208,-0.023867533176962517,-0.20145955261377774,-0.058758434382110626,-0.13406197646516677,-0.019350849778316206,-0.18396107912525728
-0.03313772919124987,-0.00017343411745545517,-0.18145020391591749,-0.05533765519048016,0.22901395047878093,-0.06279183963252133,-0.006032041660433002,0.022248019173618967,-0.012395070791526623,-0.08070972973592071
0.08154139047860266,-0.18235503233471345,-0.07038365364187854,-0.06497105364981663,-0.1331026331903184,-0.1064701670531236,-0.13049164314154618,-0.04819080958236047,0.1423490305801446,-0.31391795643615866
-0.07713298057804627,-0.1891228615834734,-0.0959421471388437,-0.012757567257744254,-0.08283238215249374,-0.2891698202435642,-0.08631018401632208,-0.09350401351427784,-0.049439449221467716,-0.276439661656556
-0.11122310191294967,-0.11409333081763921,0.032231923335285614,-0.05183283022368501,0.03409100096742221,-0.04899157461782033,-0.0677382255228281,-0.11493401699933242,0.037313248065199374,-0.0440124675900504
-0.07484486790492144,-0.2581191318553809,-0.07019768759098677,-0.05624207953140227,-0.006871319379936142,-0.042527524299129815,-0.1653947656835868,0.08429343031628488,-0.003081484643234933,-0.12389860829041988
-0.1358634499944537,-0.06339573508187511,-0.10857612994323937,0.0083527346653752,-0.04982885621802044,-0.05457988638442081,0.008097083989977785,-0.08505664109119017,-0.095398266776713,-0.09742181419483384
-0.018805020105212046,-0.04396755005391402,-0.029818589198200258,-0.24669511173401154,0.021431589135664945,0.057656964706819025,-0.15479061359592627,-0.06394651201122692,-0.03511970945625657,-0.14601736697504786
0.03202714096570512,-0.09276415501103391,-0.19290770304092203,-0.07690003216131187,-0.12180700353212784,-0.09424941053276897,-0.04742238255850434,-0.1595855939668997,-0.13122561702478294,-0.246642771943742
-0.05771383711436147,0.11677664288953184,-0.06316315155330296,0.057284926323451134,-0.040881679822527814,0.02814966206802147,-0.20998073070027573,-0.14116321266360052,0.06561960143310627,-0.018654384076728897
-0.034562529242216845,-0.035014245475298675,-0.03800319138266442,-0.15082442655808218,-0.034331366570919175,-0.011103985677795747,-0.26770267884172316,-0.11130795515270064,-0.05936508934830871,-0.08387567139766682
-0.04917526886849718,-0.04449616898373551,-0.010020076237170661,-0.05828569412860113,-0.3299790359271374,-0.20380819182447166,0.040397872209222974,-0.08458544085343624,-0.04165121577048535,-0.1752091839866618
-0.1685720053187891,0.17850454295392273,-0.171504934565352,-0.11853339596777535,-0.1492088690367899,-0.04852269013010336,0.024645681481933274,-0.025108542518362822,-0.0647929540570282,-0.22517043674501624
-0.10054702982347254,0.018317156991573325,-0.017050355373765674,-0.09655947439263653,-0.08317702692732132,-0.13268257326117652,-0.2233868811082591,0.11802622166330015,-0.07474002418841234,-0.09094282915484893
-0.014961005530195762,-0.045607647825014606,-0.021030150476324082,-0.08835770032185275,-0.3248637484605287,-0.18518827897509554,-0.2697556180077363,-0.22201424768812067,-0.08153647315771309,-0.035315565964762666
-0.10667534675205868,0.01569297758688141,0.08769131685606432,-0.12243336804678855,-0.1785578602855702,-0.1500210871510587,-0.3236679346166301,-0.041088752489949615,-0.04716631487690021,-0.22830377340517694
-0.05293036192636751,-0.14225275855030006,-0.16410371237906635,-0.18365278845215352,-0.03386080611023537,-0.12029290751055367,-0.17465661593353143,-0.06696822254597495,-0.18209606911062043,-0.11928581086282791
-0.22525442273191604,-0.1401311126674065,-0.17251280815303255,-0.12514229138110783,-0.02357190367719511,-0.19418179351471596,-0.2678618663135418,-0.13776881211213024,-0.10094329429533228,-0.0421091005070679
-0.17024045102302504,-0.07482113245074774,-0.1582750657947861,-0.08671781467479221,-0.03846638889934921,-0.10771504289231842,-0.28204628749029415,-0.02145402307283646,-0.20377909616524775,-0.0678983665660236
-0.05163611447098454,0.04828774237068441,-0.21269171333448778,-0.26781981400147525,-0.061274816472691035,-0.08854925874893,-0.21280472226305636,-0.18416582987076646,-0.11722538493275116,-0.10653314421286245
-0.17077110215904295,-0.1481731743193802,-0.17822641457610514,-0.09084148043230583,-0.20414183271245978,0.008384855568100008,-0.08592509463008337,0.09618423961681843,-0.29216732173228954,-0.07194971579407462
-0.10574100843259046,-0.0847821797167381,-0.15914650903562827,0.003956224637873568,-0.11821215839111279,-0.12264991196966502,-0.2910365400202924,-0.08035434087926967,-0.09740277649058122,0.12976508882053991
0.10155720681034672,-0.10622358504407037,-0.21855033729723022,-0.10115313601304503,-0.14108174198944615,-0.08230862024553175,-0.1969404211184193,-0.09147055257777562,-0.12430642616745521,0.016551185202750243
0.03801066838735044,-0.3401992633998364,-0.19104865460893466,-0.2114352622736609,-0.2070448154222257,-0.07973492497168125,-0.0047932722605742994,-0.05216536589231102,0.025234164105032972,-0.14039265684223295
-0.11695716891971339,-0.24170394437483367,-0.22158690576718043,-0.05308021665494773,-0.058843918706736754,-0.05964609705216159,-0.07355722329188535,-0.04705745681527204,0.012848676344735674,-0.18051682535923785
-0.04010581586391276,-0.3384469940357821,0.01705257957616016,-0.015907922627657264,-0.06954415320383366,-0.09273903429181869,-0.16564599281755576,-0.019188929753460343,-0.28128165419612305,-0.03175888259151458
-0.023664284761581937,-0.06355349633559573,0.014301401342449074,-0.00911841458402382,-0.010801725275544335,-0.2552273256876705,-0.041209153770699766,-0.04003201370925107,0.001964465587889458,-0.08944487428713885
-0.047412042668636405,-0.1323671018337415,-0.07126514545998512,-0.14521110696021114,-0.11208837338888135,-0.12303649016757198,-0.0209147826556357,0.020252131885593994,-0.005142337282820292,-0.19442317474588636
-0.047681304328820034,-0.12077503041056253,0.05805300707874876,-0.16451444890829794,-0.11312726625009407,-0.15183368194121077,-0.1137305782904907,0.028668200139516924,-0.14288840998939337,-0.14989469050690213
-0.0832426468270448,-0.010968603043027665,0.02911069505553754,-0.06257367938355753,-0.08568905648149397,-0.3163935212388461,-0.21564604365030543,-0.06876142852141846,0.06425746411610743,-0.030336099826679577
0.023211461355622846,-0.0834061590157258,-0.09419537635310045,-0.11962204653306047,-0.07782939134557702,-0.055799524181372004,-0.26185896242788176,-0.17118460498887036,-0.03269100662868854,-0.26906261600859716
-0.16991820352408515,-0.22084947564791843,0.014784475023643481,-0.07116922034546981,0.03480449849381975,-0.26279852382766283,-0.2819570488896082,-0.08690690557521315,-0.24722128982304375,-0.44316993341985006
-0.014295395720336862,-0.22777316926755842,-0.10017632782246286,0.023384652921883242,-0.019839299484189332,-0.09345620091593132,-0.013991701047734367,-0.04416118245772925,-0.19684034795710426,-0.30418832467032986
-0.3566612546908732,-0.1396606454345727,-0.10969338968043171,-0.12996660844343189,-0.24008173191899196,-0.21853830447878753,-0.19867530214386012,-0.13896778974448168,-0.08011754516409261,0.002124047329202877
-0.07186627364438644,-0.13747195810524832,-0.132544902534913,-0.028990417598235355,-0.12506323922411075,-0.16016467348422272,-0.25406565950704124,-0.11098820955404204,-0.08504341400284093,-0.12899638921752324
-0.16510599137103021,-0.11664947833142597,-0.15198506108436993,0.0540926055997106,0.04096391465720302,0.05672474940086697,-0.0650785766668987,-0.0649584427912362,0.04665737004576076,0.08492061848208343
-0.1627342687951355,-0.16837363713737571,-0.06256399216029176,-0.11977270205446688,-0.012143262010565384,-0.04446140870430265,-0.05872818450072971,-0.19045996233412762,-0.1996025097540144,-0.038656078010795764
-0.07994036047637143,-0.03330272088535127,-0.20835123905280253,-0.1055327308373128,-0.024641440034501944,-0.000777496961642539,-0.07057137901275354,-0.02830958835294431,0.013495218622145255,-0.11263777030340524
-0.056247889370971825,-0.07113244329476505,-0.15592834631350685,-0.08841174067966676,-0.054861995864653804,-0.1042652440024616,-0.16924385538939435,-0.08182498307839965,0.039232304300828275,0.08434912749410264
-0.019900195896861553,0.043544442251381515,-0.21798517107689425,-0.04805781963981688,-0.06846493027440087,-0.06585644997099895,-0.12648641763034918,-0.14456502276298622,-0.0446072186630055,0.11553716770087027
-0.12429424467967541,-0.13300204696670145,-0.021073051481672836,-0.10998643896251689,-0.21400600626952065,-0.1427065523297008,-0.09258094952980427,-0.05136083268989809,-0.026965476462974775,-0.21180542553606033
-0.20575575956019182,-0.10845224793285865,0.05935199588086132,-0.044847488045687264,-0.1616689054886718,0.03043451600339317,-0.19290835236420767,0.028390856246218482,-0.04415085293765385,-0.09268295219706911
-0.07049688255953634,-0.16367891224354503,-0.18594502574519786,-0.03991503082000624,-0.06121796665870463,-0.062399164286280784,-0.09945639545736483,-0.1765224061257095,-0.046238303212536774,-0.1331698713702297
-0.18766800220896723,0.0011089626739407832,-0.06015138431083325,0.05856227949895104,-0.05461667309649279,-0.177431524802121,-0.1655915968107724,-0.25349986688241166,-0.19397304800334447,-0.18376465315640902
-0.16809222595225307,-0.17833822972098312,0.0416429060963177,-0.06945706704700633,-0.1948456659341025,-0.07234299424357223,-0.16057347841495612,-0.02739913417797578,-0.1617948794955841,-0.08166077310916571
-0.0705884555099355,-0.23852393101834546,-0.013320659820395993,-0.1991314685895596,-0.060555011767261066,-0.33583458636342145,-0.0279190937379383,0.06743310652283306,-0.006147782875974561,-0.2092323868093588
-0.20970622156056024,-0.1070177913568437,-0.3254988957285261,-0.22229791399724375,-0.07367869397390361,-0.14340520077456112,0.0377562611743502,-0.14787364284509746,-0.17806434371917315,-0.201101679941722
-0.1590931284201975,-0.16053233880706527,-0.041966579334842644,-0.16018229249668017,-0.025977330964530615,-0.13196932345409262,-0.17640573450029035,-0.14886291994778367,-0.028301193245229478,-0.1894921799947806
-0.2687906772981715,-0.05385936322276261,0.008103349671363377,-0.06868639964058781,0.04271389259907009,-0.04494088820559475,-0.014597793251913058,-0.1541818990458236,-0.06399733577064531,-0.14418097701985624
-0.11006602346187666,-0.15203947723873418,0.013226349853805941,-0.10269086550789239,-0.06162034988154836,-0.02699496755103102,0.14897551133939602,-0.014236450349153884,-0.03959910314456533,-0.03958513497201606
-0.07563167080207037,-0.00372329191874389,-0.002839960992452456,-0.059648951965476926,0.054014954090170084,0.020479471399994495,-0.0855939263149806,-0.11437000817469253,0.024572268488957036,-0.0404025438330061
-0.28325514671482194,-0.07119215455495528,-0.11534420246857462,-0.08427428571065147,0.15874917676953207,-0.004446871636151557,0.028605410233721616,0.06140396765793199,-0.08094510766289283,-0.13682695645655557
-0.2517850461522085,0.04259853187327588,0.11543643610053947,0.06247448206568956,0.17269902043698743,0.017336670291048288,-0.002772073647631942,-0.011587859016344078,-0.13233746726578857,0.03005785254546648
-0.19130902512451275,0.10690775825944002,-0.20120849736547736,-0.06457342495690703,-0.10608074598678602,0.0619483304585894,-0.12455522125410601,-0.1604538093464695,-0.047342550200437296,0.0014478648837889206
-0.05736081842823665,-0.04788152637917437,0.042940409282550634,0.055529216838110365,-0.06052650851087782,-0.13812261643720342,-0.06559866954386097,-0.012255164663446491,-0.1944157723990484,0.17868168526645772
-0.04829143468566617,-0.14636521456051052,0.050965968397672735,-0.18664057008615859,0.12511745474353644,0.010746868015899955,0.010142358850245543,0.041595754152205566,0.20078786710475305,-0.08904530525046589
0.054477975117039786,-0.014345167950856977,0.10614997211307847,-0.0740196841639273,-0.21801507431046546,-0.13330181974925032,0.007049714780519318,0.005411379372613004,-0.10145554275419028,0.02176164476692271
0.19086310778779522,-0.1888979576620386,0.07243530683668536,-0.030503072156054595,-0.0043541691563286945,0.08156335155080366,-0.18118353620326186,-0.05246495969586862,0.11109093804623604,-0.2055813394153158
-0.08166769923985312,-0.061497980784285575,-0.007067082107219229,-0.007013876449658245,-0.03234702361545441,-0.02091096891989152,-0.10106037054500369,0.08312075446358316,0.11300887074098655,-0.1272988671968364
0.09077009142818371,-0.02071430838305397,0.04227861940203721,-0.03424220233210937,0.047762117672539774,-0.13438375069179348,-0.05647745077523886,-0.06003125105741497,0.10142714173070433,0.015551599928159673
0.03400448644956773,0.10623878609571133,0.0792878395243796,-0.056472291217481985,0.03953721107284562,0.07532171842345382,-0.061632355564237934,-0.16001268085490566,-0.14782087694917997,-0.1185609907578093
0.01581501273540021,-0.29967819104228743,-0.1406923725771958,-0.041401484644435604,-0.07842066429684828,0.007721032236096784,-0.16695117915636543,-0.04753894429386475,0.06761451807011781,0.06758365288423102
-0.017507822078464096,-0.05063072815796962,-0.0913619363184264,-0.17601157115028063,-0.08184909803758063,0.09376806966558296,-0.18362315444910374,0.013658335447912933,0.012024659327782636,0.008882666921589663
0.004433892040357372,0.18839602132900565,0.0019884854065091717,0.09421965951796199,0.18013230623665247,0.06843178509909245,0.13553330083732146,0.016165906529571325,-0.14315497747732894,-0.04874714527732523
0.15357081800759237,0.04402809380459992,-0.0521605096124907,0.16149761104294086,-0.08189079325921353,0.16883401325236957,0.07008544745919645,0.2456844354893395,-0.007680790231510755,-0.07821620859969408
0.03856252926335117,-0.09824898161591225,-0.10166915318540347,0.15594587200318355,-0.0053893864796006,-0.02939175937213057,0.012685608537204133,0.15654569543254981,-0.053471992517954314,0.07661520691945214
0.045296581223491394,-0.16108203063158097,0.08875652228526068,0.1268944099242167,0.010179020643617111,0.12311460191188157,-0.05115075113627167,0.17844077553545448,0.04171179607361074,0.1261853636524649
0.029795365600882917,0.004278451684203363,-0.03137671245386319,0.15395678001453278,0.019717976982055564,-0.028768162637185478,0.14838908418426813,0.264639813222071,0.09048210716745891,0.23495889336647496
0.12388960441795056,-0.08746382440490029,0.1328242457549913,0.1385088144714554,-0.007610399306862338,-0.02701271939972809,0.12260978422888617,0.11344067128806,-0.1717707531125881,0.24661985390473629
-0.11879566852359125,0.1381770023190234,0.18967759532714001,-0.048724828386872365,-0.21306618729631047,0.08000630658795357,0.09561870212848665,0.1235028074888611,0.02802133506395684,0.1520177617075114
0.045066180927986185,0.11067117086528831,-0.050330164496694085,0.013262642991611798,-0.10568005749967653,-0.03033337877902302,0.0525392723209373,-0.02872773078275872,-0.07324547454716347,0.013286035469611143
-0.03871580354079039,0.04550819528970868,0.08218993028695157,0.08128343329887136,0.17211770790991074,-0.08581382537355241,0.016331714782460316,0.16635606142293646,-0.07081904057492411,0.018493292137019217
0.022881446046336545,0.0774302501313485,-0.010144483723555746,0.001848805750985033,-0.13465420127586195,0.12650126508674975,0.0336912695933201,-0.07940389295241138,0.010684662948528236,0.18440441889166015
0.06213215332474447,0.16633705537381194,0.07674440055543866,-0.056065560618103714,-0.09170339965462099,0.006548248757968356,0.007055914372735405,0.14544742451623083,0.10917856966692988,0.07960868378544372
-0.010624733588656912,-0.05220872595086038,0.08241924797653438,-0.09722266596395883,-0.15626657006180555,-0.06722822268041255,0.1118222619446534,-0.05851113903746414,0.14924381011114393,0.17308436528570126
0.05008563647787485,0.14597652803755842,-0.04186821378329404,0.04422035105101795,-0.12918008341357604,0.04016367183083923,-0.04338921855413894,0.06889182687618291,-0.03793939406306954,0.07560844821083762
-0.04028701549208564,-0.028370026589919696,-0.16299584326961766,-0.015231398412940399,-0.07608774572916548,0.13845810091757935,-0.059812644602499195,0.03781554376595158,0.1830254285345278,0.24115481515652945
0.16598433518106193,-0.20055086749570106,0.08287726319721975,0.06116880837530958,-0.1356100200805364,-0.031144768315101545,0.04458245978881603,-0.08727319354487639,0.15303809488714248,0.19700976721745936
0.08032991232686501,0.008074219701844798,0.047265663186470894,-0.07136010928385811,0.00028473807027089293,-0.0008151999349118796,-0.01489440059969539,0.11508744597530388,0.09691738493959715,0.06495625710664618
0.165384516201452,-0.02844599547526844,0.20350260430156225,-0.055820410438481155,0.03913647919216012,-0.21035736198706045,0.017265026852052653,0.0531680756252529,-0.08890063193032662,-0.015845299931944973
0.02955856423862195,0.03821917968498902,0.008708523273201277,-0.04733102885410249,-0.14784298958876133,-0.04089610394185554,0.05994682579671385,0.07390318078826091,0.09165442049592036,0.1714474330425749
-0.010333071338583799,0.08344170232311837,0.11430782153599155,-0.07009374652503804,-0.00699420318648993,-0.26219883237949243,0.11805743982730962,-0.06165178724038001,-0.10632330150800468,-0.003859842482149949
-0.06584524067730199,0.02022477418776981,0.09667177478160846,0.12097442559815232,0.006220965051915909,-0.14016105228702105,0.026465915596386388,-0.10325291697125287,-0.04034868940815409,0.06850995259169815
0.0327099217770605,-0.01017139940211044,0.06162854972428981,0.01084369945230864,-0.09621264120938834,-0.23210835728144202,-0.10672151140424836,-0.1703228781018531,0.09828392564855563,0.03000155047691902
0.29153027745166993,0.06855625707070903,-0.06127965133634305,-0.05604625720800725,-0.06549852792901202,-0.1635427292523755,-0.003438286023020408,-0.1203015641731988,0.16637425708860276,0.06725296735788518
-0.052607598944677876,-0.08952596302663142,0.02216647931723474,-0.07544006442372987,0.050916657948785145,-0.12566286451288655,0.01670726879324947,-0.02169289851292882,0.02502774510172995,0.03221146954055858
-0.0020482049926476963,0.17253123476666615,0.017709963796725015,0.023436035433724467,-0.01760377746972281,-0.08719188939444222,-0.03670620853936375,-0.018466553080811285,0.22322245302553306,0.0778725563980886
0.03312975301352257,0.0983488369152853,-0.06433175230808352,0.19156784197432847,0.03727160785408874,0.2385875463780265,0.09909705482799827,-0.1536389767493905,-0.03960344287426086,0.045589572206070385
0.10306925350935989,0.07946886577642162,-0.04833560883411217,0.030861024397048728,-0.030489263598188203,-0.05950223171400551,0.01333831831814783,-0.012467727907862488,0.24681421627205496,0.06381829203745196
0.08623744260192706,-0.02446515039204569,-0.009581074692386091,-0.022620434350440775,0.1896033550630308,-0.04714584149318518,0.01658362410083281,-0.023918510206719864,0.011342154304691071,-0.01018180953304354
0.010241784584013158,0.029613379140784553,0.017933629404503208,0.03823432432058512,0.07603885035048535,-0.04388129737842021,0.05276286614640434,-0.07175063258697312,0.00746923638880459,-0.00902489835999723
0.06446880664351971,0.05949584015611805,-0.026640175479966156,0.06316031103367092,0.07666505395900435,0.09625683606332919,0.0779036842515424,0.105578107995194,-0.11166318451438866,-0.09890439751384235
0.07143873510859723,0.12611970984723567,-0.051749790564722196,0.06921850141888714,0.07265010064551884,0.037389574216933806,0.1517382677465614,-0.12519374514661571,-0.021714076186038246,-0.01431399646751946
0.11812113933461854,-0.10542394181713521,0.002197315500933439,0.1284886147087811,-0.04914501060439363,-0.2315549203549428,0.12200391367594639,0.1610580948509513,-0.0035150817958208916,0.08930840088935475
0.17484826924399968,0.24985070319572703,0.2488249559005994,-0.017260726505116855,0.017640599130894233,-0.0998688574957762,0.005452698755007798,0.12699832209050235,-0.14307979280436267,-0.003010517647913602
-0.10643037353152053,0.10162418363030618,0.12719345064369564,-0.04501049181912066,0.03002785377453749,-0.1414882400886906,0.014830200744265849,-0.09757775494348635,0.03822673787312364,0.0727840076701414
-0.14781010402492448,0.022948672181085157,0.3007970072796505,-0.2721078001887778,0.07257290946862485,0.32989547716478174,0.03814902901631544,0.1266456057028651,-0.05811203023749559,0.03372995059581206
0.017793150281968612,0.1459037612280039,-0.04406142373840764,-0.06127323027462968,-0.0017831107474958292,-0.02605989686500787,-0.09422984591125085,-0.2695512240888683,0.02789625432104776,0.06895458468719617
0.15296651389592633,0.033991666353417126,0.026139078087836904,-0.07624956894103734,0.05570726693908411,-0.04432986795852368,-0.0514655304333373,-0.04705157723552721,0.13908828652520888,0.008512828211473478
-0.06978218114254087,0.028071521341545433,-0.01845764874979524,-0.06706629453378042,0.019589400151735333,-0.10589200836980042,-0.14974760673258525,0.08359025435755585,-0.19803987511826676,-0.11119876959265895
-0.16547307919212312,0.017995255460888003,0.011719220624899294,-0.02731812749820463,-0.14080636188918,0.009264738748686911,-0.02226430957907782,-0.09236573327860192,-0.008652597568363098,-0.24031960176691974
0.007013892933458665,-0.1472453719298019,-0.10187935591410519,-0.060533036115589745,-0.09310455240776869,-0.06109929170710955,-0.04548178845261705,-0.08183624070074899,-0.0481711756251025,0.005954441564395216
-0.04066989795143649,0.0625643864757936,0.08167787356156944,-0.09849235619752322,-0.061949100340302383,0.005378105822293394,-0.26590820306848484,0.09584875752942373,-0.06396646218802249,-0.12127636496369472
-0.017190499725630602,0.04918257732531838,-0.0010396915981368063,-0.13634704500245282,0.031227175842574506,0.01842385972763609,-0.1467873371546609,0.11268155886307535,-0.0487839236049855,-0.12465463938031823
-0.025840281079333945,0.04542223836928844,-0.19604906823855228,-0.05188395143427711,-0.14694710219847318,-0.1696545254194311,-0.20808211265194154,0.18851536084481846,-0.20099582953818218,-0.22255324870042315
-0.09720899426281689,0.026252211434527897,-0.16031627165500079,-0.13293500887825555,-0.06027183601874184,-0.0734828420051304,-0.02092976470685015,-0.19159079434290052,-0.18538389235292915,-0.09911563299103207
-0.09091136599032183,0.00897882016107069,-0.03491121323180181,-0.2221063808162373,-0.05433316210539569,-0.1438521860440037,-0.1996582923924421,-0.0720107649653757,0.1258644454002353,-0.007581522874297253
-0.07748915663711681,-0.07566469994462349,0.06089398780334487,-0.042351737881400536,-0.1517305794310129,-0.28009497390833593,-0.025186291954947204,-0.1837206017359738,0.15156935424927526,-0.16783899828111426
-0.19350920394760326,-0.15729928891710757,-0.16811585868661005,-0.3022832348998637,0.1148149922048326,-0.0009646143442480909,-0.12258286093765336,-0.027902652323649163,-0.12093466528537228,-0.1471769938033839
0.01777794368577977,0.08901232471045697,-0.1614143179575902,-0.1556046000948351,0.04501083500855903,0.0026877032547794194,-0.3087057712603961,0.04048288758078021,-0.1069783157617647,-0.01494359851212304
0.09242770195398933,-0.04049220655888226,-0.10786745098057378,-0.12717505822236175,-0.07266232433028569,0.031581355422796706,-0.1918713177058915,-0.15119851280073754,-0.0966866041708872,-0.015630587688974518
0.08890883122944256,0.08663350362638467,-0.159179627209465,0.13620778613772608,0.08867033167765873,0.17549138625734467,0.03782793508348635,0.03395075432533505,-0.08262555983956349,-0.0027074611057540665
0.2276201408615327,-0.024160143723587497,-0.14049195956801835,0.12414689271846854,-0.16193194520111237,0.04264209897282292,0.005627128841784741,0.15676068872883475,0.03023852565544225,0.3707465244630923
0.017176476256830817,-0.06790551908547841,0.08787426472744832,-0.00726782252089507,-0.01675468445559007,0.16827988888068834,-0.14501089583402813,-0.05274136954456629,0.04128612383697845,0.12608827924406613
0.053403204760045016,-0.22753205481953861,0.049939315078132145,0.1069885800913016,-0.2411013627490973,0.11632830203714287,0.16090740796888217,0.18447090656740944,0.12004279652889606,0.04910403597310671
0.019297601658283287,-0.05264251587593352,-0.06310896708940499,0.17943696892230088,-0.10026632618552657,-0.02345583303580623,-0.1390739311374701,0.26354774450783897,0.15117952082150682,0.13171842156191596
0.10296751545061168,0.149862685503586,-0.10720977350306589,0.040905288931532495,-0.06173057546748566,0.04742346264285788,-0.08375746204241635,-0.002918527081222866,-0.12480548378179888,0.09622843193795375
0.11422493628988892,-0.01695886250481233,-0.04641574733067571,-0.08673757255395292,-0.00689808921903131,-0.021334435271477305,0.023070079233804656,0.02773604828517688,0.09255878890606062,-0.059390453540376004
0.1919153125249119,-0.053114328324497195,-0.03060314482153549,-0.1294330132658144,0.0029567764891266224,0.06400958100511721,-0.11422175970453172,0.13470397410676566,-0.11959664911016216,-0.2005968403283827
-0.08187529223558672,0.00976630962884802,-0.09522471053056232,0.012703759129568046,0.11626248232656927,-0.22060188272582917,0.06963351088474615,0.08369171791415517,-0.01615905388062873,-0.1102583328184514
-0.07679464479984625,0.0603866211991845,-0.21328611734241953,-0.09273942800067149,0.06812987655782465,-0.2197554732031291,-0.09868953145010308,0.03686250346344745,-0.07920355240343288,0.012608631737218413
0.07801992515719265,0.07371764466964781,-0.055657662144785694,-0.13860507538640152,-0.11542905981133539,-0.14074954851634602,-0.06273382846342279,0.09015849968299018,0.13657972674232557,0.06105336431470011
-0.05131411682800198,-0.0297783203286111,-0.11203402463213169,-0.0354929662913788,0.060949928822271834,0.0718534979046588,0.029974920117291498,-0.06413628164682192,0.13523521181308715,-0.05471554791307301
0.009432451473386876,0.15824717220273818,-0.08645228629091821,-0.10392288113886362,-0.021847919067738298,0.057443260976309224,-0.030355875649988893,-0.156867902350291,-0.08287736672638926,0.03352209671743718
-0.05089819953604047,0.08626378209982428,-0.07783642511294618,0.021840653541801185,0.188099549978143,0.13784092091260422,0.029722622300999355,-0.08016978286375413,0.1772458086370478,-0.1144703984529348
-0.05106508774779243,0.07787626781268356,-0.019038750123626057,-0.1464428875073143,0.05884161521249778,0.07989210164508359,0.009405810957462504,-0.11247867177357204,-0.1684042035355978,0.01806859918420889
0.04571018699318516,0.0965922283558692,-0.14285736756916387,0.016503781502329028,-0.08521820341241403,-0.041120611014345644,0.13080583878977362,0.11642799967636083,-0.06166306813330401,0.08865024753263807
-0.02059263141897731,0.14660742937922858,-0.06097708359047346,-0.17264213964256692,-0.0006591223677379077,0.007340529686577876,0.22159331806022337,-0.19502917072930706,0.24559846146520842,0.007864127472466823
-5.374800059307697e-05,0.1477062724377999,-0.01068109131576853,0.06502819200166705,0.10850670190197598,0.10947830300784726,0.12930950094772675,-0.009184453237310576,0.1288429940585915,0.14313875117821512
-0.043153226641155715,0.010090567968561339,0.05147061435369821,-0.030505982698116888,0.0682164882310991,-0.027016379269207753,-0.014414678238137857,-0.14264575195880408,0.19383960444114656,0.2169842159985546
0.1785512315640679,0.09672333289073998,0.1723694301012602,0.006501417988035465,0.24823990198057694,-0.0825718670609502,0.08107168163723348,-0.03881524624262106,0.07564441376266846,-0.009316495531823066
0.154116774718161,0.10410007095803245,0.12384329161643219,0.08378179699074584,0.03663339081745193,0.019877257152808886,-0.01691954677207648,0.025363007240828052,0.16279606660907497,0.2534440384413342
0.0540627566452555,0.08868633900854547,-0.015792736629697608,-0.012052662169280401,0.16330316167787398,0.06989664076170309,0.18464741321939324,0.1514265074918998,0.08140971288765747,0.04349641897176343
0.22656244085996446,0.08964457324950277,0.0272907330054424,-0.018878825778203018,0.03347236380525373,0.011647580027557891,0.04840081728698643,0.02811052783781166,-0.013553701173708493,0.06446953715629337
0.010058927527770808,-0.050727377946590116,0.2542117523160795,-0.11696847152938494,0.13281608482283935,0.15692486519064885,0.14000842051783433,0.07057738087096757,0.04347454497518991,-0.026034992625255562
0.08438845538857222,-0.00048170740246113175,-0.07023439082932498,-0.027153325247550826,0.030854092760690954,0.19047941196269913,0.029861045973088238,0.14434228397701854,0.055948383446577,0.23392090406854685
0.15308651314598187,0.03558383281066867,-0.20944160835860165,0.26386600826017326,0.10752995645893652,0.1265245218485666,0.07867282193294081,0.09633620899666033,0.3258671153792704,0.022990257296553282
-0.02845470181195725,0.09988119199843487,0.14439066249391624,0.08069106574856029,0.08427204120113825,0.07691182601483165,0.2991485348291075,0.01689189696338987,0.07096841124068846,0.14876161892248801
0.22345015213642094,-0.05900036604687192,-0.08065379223924578,0.08945879861299567,0.13502850666243538,0.09965901819102423,0.059077486029173315,0.2197204813279558,0.06556477977071423,0.13473480706024268
0.043939127750734726,-0.08326124017803158,0.13474791826403387,-0.019768473732131767,0.0383156949429153,0.15241425080123033,-0.0023210331717893745,0.14250996415005654,-0.040097994784766194,0.22054762594733884
0.03383781003203046,-0.17116633224989247,0.07742624935515474,0.10147856098675324,0.032978128266778234,0.24235613827925315,0.13172310656306915,-0.016907265819492645,0.0012560852095945783,0.1806053577403387
0.16511234836349703,0.17652539820452876,0.06395391738163111,0.21986279361588423,0.13018221903663268,0.003562466688951327,-0.02252950980984547,0.047302473844140144,0.09991937116108109,0.05253834263116977
0.09599279422506239,-0.02517387682354795,0.0713219830801968,0.14948993668089722,0.022721243759075874,0.129011207646759,0.10458646875982466,0.2260436600785438,0.16835662509750293,0.015673676748024556
-0.01705070368670819,0.21146932737864957,0.12789719655493173,0.044268085166565496,-0.08780651372721805,0.19279157380690382,0.15068208753692441,0.19094235596020212,0.14492853214111506,0.056268760216002675
0.14440824459602095,-0.04667650897493543,0.042051949135328094,-0.046458982510663493,0.12831146297464419,0.1161897289048254,0.03242692600348989,0.03554044265139454,0.07168368832990081,0.08307120736199938
0.048789443607354606,0.02542034893590815,-0.001625723299609333,0.0814798276379143,0.027438204232347024,0.1217341368116447,0.13473538641782007,-0.08589323844224328,-0.13665529423931097,0.16528850692960212
-0.1501829958161225,0.25708911367983206,0.04914641016244509,-0.014403358204693545,0.1363856816525483,0.2014331839797926,0.0720346774691659,0.053018951347904415,0.16461682657975346,0.005897579463283786
0.14565104694879047,0.05065517356293058,-0.014414829961112624,-0.02090978704520917,0.10127318522570498,0.038777539590554286,0.16404802062196466,0.1359932664890587,0.057220790913824454,-0.09652873472870517
0.08816041298167866,-0.018391000753722034,0.1571345176293832,-0.002054701201400798,0.08941492558728832,0.10988244036531988,0.0875130698482078,-0.048021585581675214,0.2056670678973471,0.1298177259636349
0.013723553812157965,-0.06122299613080688,-0.134602836252658,0.06691625660276175,-0.00981417308832433,0.07967454522831706,0.03981778709832618,0.09527818398358448,-0.01904581238997055,0.08701992598334295
0.06043034872558063,-0.24063613608498022,0.03175654360198518,0.03676311923837134,0.06579031634266196,0.04430958621654565,0.043879482963230035,-0.014608989737221592,0.03176226662610183,-0.014668044354254325
-0.051188499204340064,0.08288339241665349,-0.03294512813080171,-0.04754940035042456,0.11898970255840863,-0.06459923191201566,0.1962594133656111,0.11212188926105254,-0.2666304419525441,0.022214836965548424
0.01565992900233075,-0.015370832326768192,-0.09059074029949526,0.0052932196104240135,-0.16500268107706445,0.08143972550758653,0.16486338141681064,-0.04917744620965576,0.05317304817506909,0.08689006393351503
-0.04597508466321873,-0.04190025171317474,-0.003802682339236769,0.1393932320687994,0.014265157412124066,-0.07676072488939116,0.0529055104554394,0.07022339836880329,-0.022187764339628407,-0.012570299018120408
0.027975899993820354,-0.046975446939216195,-0.1473200647297528,-0.10843475156992043,0.03470945336644425,-0.08049722517590964,0.08845797412203198,-0.21962627332821047,-0.06719699866217693,0.07979572015830973
0.15130340519293436,0.09914214251872112,-0.10476693982335476,-0.021485596621531978,0.01962815968912706,0.03199622548370306,0.07459164438204655,-0.06632451890229353,0.008197212084878903,0.12049597086178046
-0.01376914662576621,0.16187648693923512,-0.10687140710922295,-0.03160842445541345,-0.04777340729737538,-0.002956516850242001,0.16588970655750007,0.037155384004313174,-0.060213181837139015,-0.05315640681448653
-0.021052797535819335,-0.0893260058722733,0.04347131368629675,-0.005640980114149255,0.2856220138808715,-0.050156311822079185,-0.019575817640179946,-0.031355966692031445,-0.12044213336727017,-0.03146243446562427
0.08839701790738819,-0.031899750836582,0.13175515978104008,0.00036858364427210877,0.04992629830255055,0.1601316728376112,0.022037363691383084,0.0808480956619369,-0.06649590620013023,0.11107544062996061
0.07397489047735609,0.06920660024179501,-0.1574994568737713,-0.10273665102345984,-0.046718318270872,0.19172271549774764,0.21816714448731364,0.07907362633667145,0.20349886255636218,0.11007186704367349
0.07284060850507115,-0.019003713605974408,-0.0072351109875539235,-0.060407484906485356,-0.03270577449515441,0.23080483336047847,-0.080914383420753,0.0007437491060141369,-0.02684499147035694,-0.05711103160369676
-0.07729740020692338,0.07332050929584415,-0.07529048071241323,-0.02104935574471138,-0.03445698325803939,0.09461985686249058,0.011955389056487277,-0.01566161593807873,-0.04595109520093616,-0.10301144164624677
0.08512020885318078,0.05716354216384809,0.0011595764824532916,-0.05824836063976251,0.18294462704214165,0.11766494296594253,-0.03154143356419244,0.15979847934826674,0.1255082368716345,-0.0708263245301636
-0.0994697456685546,-0.1171560954893944,-0.0706480264746956,-0.03876220188235763,-0.10769523471752773,-0.07792582413765431,0.02477647017094546,-0.060907507202489566,-0.09744994209486288,-0.02074386848822663
0.0476089111505561,-0.11233473715116052,0.021212111667140682,-0.11198287004496149,0.0856388994782786,-0.03369758687738277,0.02930320652656678,0.18524812359636686,0.051252921154376116,-0.11099069393916816
0.0843905073755801,-0.1713138601388451,-0.05503906999705249,-0.2410100346223112,-0.013218960828749335,0.009625232820838497,0.1294652907991378,0.04324410580854257,-0.14002869717270153,0.03108093544500573
0.13419096486337914,-0.151338511595889,-0.01078600839593576,-0.04794298555046349,-0.002042549965817579,0.0010465434690023478,0.21283506571735142,0.06811000919123779,-0.07900372906019121,0.0533824719269651
0.02203973600979018,-0.1779853693823366,-0.24378301021570078,-0.046851749246930495,0.17901094639186207,-0.10193809294846287,0.07363182179765379,0.16877128308891812,-0.022108994006815985,-0.0013357455429444907
0.14733374220557868,-0.06971028225291043,0.028598054669074786,0.0022293286315268543,0.005144409191187516,-0.24060482847854434,0.1354815555678578,-0.0397877786746344,-0.06265157831880752,0.07495869211965378
0.03534058635993398,-0.1379426413996725,-0.03832008202570235,0.0517023464730645,-0.01784687890066307,-0.038725207127223917,-0.013967398076826107,-0.016782713530604204,0.051466970263634663,0.03153967149119852
0.1506698157140568,-0.09834068019538528,0.17933735158980077,0.04778919759685148,-0.19116042971468,-0.027057577577276434,0.021150155056154425,0.11918643894057789,-0.11720717734330799,0.07392677862380523
-0.08992725827273831,0.09301621425298412,-0.054477592567616,-0.012488681329323946,-0.028522800118620496,0.0428195766267452,-0.09452395147019739,-0.14361783844539963,-0.025678538958788417,-0.04415100013106529
0.001096093810535062,-0.1915148846038011,0.13021449727128098,0.00976232907991343,-0.0231866186745141,0.21930019550106486,0.16874774921377517,-0.059664981426827905,-0.012049553046552426,0.11826862086715001
0.1808748873285883,-0.1185817410287377,0.09273798655543744,0.07087738713206793,0.003989806022538796,-0.011820735634959813,-0.23959554606618372,-0.023189169755004537,0.07215668516092058,0.12866809716835015
-0.04783057555128849,-0.024054868510154967,-0.13748097797856984,-0.06718662168192262,-0.060865861050469545,0.06705706165604734,0.027727572159599687,-0.030445856295832217,-0.1822845616492008,-0.10033525373845734
0.0017178956987766707,-0.0011084612806830652,0.11402536453315429,0.04966041399721904,0.03321712995006683,0.08898910673313798,-0.021579501281677353,0.12792080232806702,0.04900357215257396,-0.011248294783075213
0.17991849228300288,-0.09226437669846434,-0.09755452740036484,0.18075933371555492,0.011254645654097728,0.09934059599447315,-0.021082919943627876,-0.019569216028058195,-0.12341934623066037,-0.14437425509297175
-0.07088183319394142,-0.09051209964535042,-0.018214341208902033,0.07913499382215838,0.032893678539971244,0.16447522807065587,0.030334268061138113,-0.08084186408257586,-0.08428992981183252,-0.004093520364561928
-0.11016793394287233,0.095655369493397,0.12745068767547438,-0.00529487702073364,-0.1080448970272134,0.10135761886856298,-0.12685861547250152,0.19957836165300963,-0.04846978194359623,0.10843518290317239
0.06368446671878722,-0.110150945910011,0.018118982597491902,0.08004608578886206,-0.21918880135696067,-0.049910089025051986,0.007918416986093996,0.09972268502030049,-0.17341896555585007,-0.09707022184083702
0.11770466981006357,0.04077356023128871,-0.08680729500989051,0.04445151200000699,-0.25129061072489023,-0.04745570416819921,-0.07226834337227638,0.0029970551067969517,-0.04180044142728728,-0.07695566035156431
-0.0340634682967414,-0.1440775866987859,0.004655197670877166,-0.036953908887830525,-0.18906025063283988,-0.07700677372289134,-0.17305623784495594,-0.018114047470813292,-0.1689498935349537,-0.010271893822018718
0.16931257212088371,-0.16866813264602676,0.1324949372628626,-0.09437413476731539,-0.16398152181190634,0.16001006781754215,-0.172492605060593,-0.08151312920723233,-0.03555272192077488,0.03709410752232634
0.008897742963083797,-0.09483646259729674,0.057143846019294134,0.017129970204961587,-0.24060361334121858,0.013959434361269132,0.017802635727471136,0.05982804977271699,-0.11127579345064181,-0.02979969321986133
0.08875875837918556,-0.03895185433476298,-0.13846848255633515,-0.0844862408443602,0.062339511778516904,0.007230147095961266,-0.038605072401201784,-0.03729144584789727,0.034309107734604744,-0.07770472495350106
0.2890817027414243,-0.007797504559297744,-0.17830784046011044,-0.04046253707973421,-0.0846968890319504,-0.12198418783252754,0.0022716285449088103,0.0466893031967079,-0.07063535085560366,0.04461147513516901
-0.03912862493008757,-0.009267076834595989,-0.20250071871007477,0.04303089814193016,0.07426261971962136,-0.11948245303136891,0.029520144908233327,0.03704915213235426,0.06126308578902609,0.08202139183812393
0.05350584230801677,-0.1405410610150059,0.08727563539486446,-0.05344390782463275,-0.004465143431699488,-0.08078474370009488,0.11151088515803115,0.08782436321378734,-0.12614256781620128,0.07554664328533224
0.06824813667893737,-0.0648331821362318,-0.002185203883690253,-0.03692204244071105,-0.07930290903940472,-0.07424494068983287,-0.11047777544513093,-0.051761133557191724,-0.06895476560370617,-0.08430103229515125
0.22029072233791985,0.05847907095797555,-0.06081247892433902,-0.18580778819114885,0.0026548930797779292,-0.12111908644885745,0.02358617687019233,-0.03561557416400795,-0.07190592966287301,0.029160526794506068
-0.05647475869487187,-0.20551378581794305,-0.0704569051543715,0.014642890060275728,0.054210164736243446,-0.14079108313339944,-0.23157779299863931,0.05014423620445912,-0.07753451360776925,0.08429507228540883
0.2644270265478165,0.016637957819104203,-0.10015520489000851,0.06478340364207107,-0.19872534866369782,-0.12119050744243459,0.0921756554127858,-0.02667555002768926,-0.071539212335939,-0.04229500831632916
0.22205393167527757,-0.020383514138317484,-0.09741248412229694,0.05288801168589564,0.11111822881059373,-0.1521337776950914,-0.056399657765280005,0.01748110763841413,-0.20495690299540892,0.03618603174224856
0.08056042296296334,-0.04981695533692592,0.1607094754697073,0.03918736250624205,-0.0018870171749008763,-0.07909524243984414,-0.031924265995499634,0.04193994078661707,0.003827182405838906,-0.2287350068036833
-0.0687728021552239,-0.020420927997351034,0.053689797599738215,0.1391344627028781,-0.12895247030608348,-0.004439510162853738,0.0604120955393745,-0.001166525551951441,0.020924396558761965,-0.08552809385001506
0.0575441773979968,-0.08915263345408733,0.10358807352402297,0.03471707184417818,-0.05316542787714862,-0.025013261904588722,-0.14812491605235756,0.1572054591392217,0.046764247553124014,-0.01894726143721646
0.04411211186796876,-0.18901548292152562,0.08471565124095246,0.04334508912607746,0.017933547478254444,-0.11171390100173449,-0.11695211734005975,0.1348630106849634,0.002927618096171365,0.005807984563906569
0.10681384805780576,-0.010459298062882314,0.09464525361194961,-0.06431594484486804,-0.0761996059337098,0.04490730916347376,-0.034210166972828714,0.2398350991321686,0.0507359543714907,0.09114045941891544
0.022294126603913555,-0.021776300058811194,-0.14236261677441145,0.22967371440879944,-0.1354226516540583,-0.14813272757527737,-0.035843737186724935,0.27081229615764846,0.1419168004681392,-0.016459963297448022
0.0034184699561564114,-0.002742743793086727,0.04738108018690156,-0.033519409518678586,-0.1490710552988611,-0.18361725137713586,0.023640943927230967,0.048309018866012104,0.1300788281301849,0.07183333161574165
0.14226224443132682,0.23977797635070258,0.17883142209006023,0.25915212526733405,-0.0699975247039626,-0.06896533754813156,-0.02291954412556539,-0.01642451739782922,0.11395387674694807,-0.037580052394589655
-0.0065410559590795,-0.10522321120794544,-0.0327336656092783,0.10672112603271053,0.14790691806013787,0.10825225606492347,-0.15832842679804643,-0.05604818168147611,0.14384764087944893,0.009469833407799354
-0.12218558972138209,-0.07181018353401745,0.2745973070429489,-0.0624467782871891,0.024832861889324348,-0.13636930946329054,0.04001486215589526,0.06515129526684016,-0.03196840852407583,0.009175634216728209
-0.03877320117941911,0.17059013721011007,0.08619320680477727,0.06288006390103279,-0.04755332502776154,0.017039386229262037,-0.1330073292848088,0.1567384411241179,-0.0961519064136565,-0.2023671623476099
0.06191243009671456,-0.11771924092915229,0.2670656114586373,0.03826147788523835,0.05254131988640111,-0.08602727414692232,0.013764349303975128,0.11120008884682991,0.04222881439108753,0.08118534150738643
-0.016798623177949147,0.027776886468847427,0.06836193450561699,0.05994066858699441,-0.20011965795671582,-0.09872980360374481,0.14161398352133614,-0.03542499389131541,0.07587670088283188,0.11859763679683978
-0.08319039661522801,-0.03547985797812115,-0.06937941748543691,-0.15719063503140202,0.056522901448402094,0.005844184394334602,-0.015848205134429614,0.1037178807520881,0.004194518984388624,0.08702738559601107
0.19650791578233542,-0.13715960257109172,0.26105393031956503,-0.1137070866633666,-0.03069340377269311,0.2379777165471785,0.009395643047579394,-0.0532129215103905,-0.1351798053719017,0.008185771166445175
-0.024787238635314027,0.05483516092423371,0.055737074717453955,0.03617360607960153,-0.1597336220272199,0.179931883090813,-0.005742123012488894,0.011350399989477263,-0.08185620765271825,-0.048594634332723
0.22276463825474468,-0.032051131594717765,-0.028310766497326653,0.06021850427816709,-0.09522068850217769,0.006919189095826936,0.05932512767439764,0.10011591984030618,0.041689268593588624,0.040614381594710355
0.24591233149564495,0.08263897581742351,0.13375285381274774,0.21318070674396034,-0.044544280957769494,-0.08753766746282818,-0.04676634647484683,-0.009688359546488792,0.005840479363480619,0.05764254525651264
0.12268966556756382,0.04697529915348825,0.1339658808004299,0.1697531236232387,-0.061947803358859875,-0.14230363405317933,0.0897318136252572,0.21756825998959067,-0.01692586242387842,-0.002376798488501204
0.24953545114488604,-0.0898426535003633,0.1836223693070115,0.07132794996212508,0.14368790871702503,-0.2667510457790349,0.09818014146383071,0.30541503746577137,0.07436223698603413,0.08409950733961896
0.15351037486389207,-0.12768282701811373,0.1679342947918661,0.10699829604740102,0.08881202204910904,-0.28490385334185736,0.012664202050818914,0.31900335591935736,0.125742857889595,-0.0784730158159018
0.1923415823138361,0.047488223483907,0.005091617005487284,-0.03777258955734108,0.0185495116306651,-0.061844389066095413,-0.07074732690883806,0.015903142594805533,0.08972035455227541,0.09997303821019077
-0.028649591272351893,0.10491326859064437,0.1327161636561658,0.035881470899714926,-0.04909919414098103,-0.14648243429382662,-0.0013592979061890637,0.06420112288633045,0.033816979924389076,0.1876426508487577
-0.04048916415300302,0.0726684445132943,0.005580355824636701,0.0709201435651125,0.004814435909876607,-0.10672219250568332,-0.02056517337625107,-0.05122304375819474,0.0008081331632860886,-0.09525319185136216
-0.04672743280259703,0.06065621810376349,0.13096013558004893,0.16660204052353889,0.0782361432679892,0.008700659263223475,-0.2200810750981846,-0.1121922105132366,-0.2058085614738198,0.04614444756045935
0.032436397990178084,-0.1620314214492423,0.17038031295916448,-0.11026796120896118,-0.08587126525102787,-0.20472538013144428,0.027029254451216043,-0.0505687082196963,-0.02509062180446467,-0.0679153738645726
0.018304037760127352,-0.04556949214543619,0.10703243284553626,-0.2868201825461088,-0.00578316279874988,-0.08446443124058778,0.1890374524407354,-0.1516621676973102,0.11824786330611739,0.024842374622768573
0.1228153450113251,0.008260811025334686,-0.03937006918116775,-0.2349047881405304,0.005321501055920028,-0.060173369209021395,0.03782767671610687,0.0071676640280601625,0.015258158017904085,-0.04146012916086084
0.06754218798886213,-0.06782253997485681,0.03784432134416469,-0.06415496450981932,0.07443723775050273,-0.1243694676148343,-0.29623353737147445,0.09796981213449074,0.0019240416078671599,-0.03147295071856475
0.008115191927229641,0.08800527132888264,-0.15996278205736914,-0.043902865747257325,0.008658471397087572,-0.12082373267327746,0.182076887427935,0.012742410428895162,0.10117242843558014,0.10765070493897816
0.15789497517225518,-0.23340373780925744,-0.08486537246042997,-0.15752803976179658,-0.05130698632016566,-0.010420950218122699,0.030867885587310753,-0.1662116854910258,-0.07862792008204177,0.028162109446525863
0.12648966780732135,0.07143367810215803,0.1428587624535977,0.11239042614608398,0.03739451336071824,-0.05004475386200561,0.12767187390125942,-0.11925572545205132,-0.0998335921278638,-0.18794899877198362
-0.028408346717467628,-0.009135679193746842,0.0028237930654368987,0.14770532273827025,0.0978547826725791,0.12759526878337132,-0.13765408713226598,-0.02268259025428345,0.030218713556660233,0.006894862429100233
0.02566924871505257,-0.017252336083813127,-0.11753041763618821,-0.020975400371791568,0.08161072606294208,0.1857998884738879,0.04980205066520656,0.029927230193452288,0.0363832277416691,-0.14514863153496718
-0.10014554257019798,-0.007796821708465445,-0.126807021541282,0.2060784474439249,-0.08093681909391473,0.033376558475291376,-0.15221130624281576,0.0936149002752024,0.04085780995612692,-0.005103359345147239
0.017624343290960805,-0.02191985614083759,0.009115495475282141,0.14563521035613217,0.010097035316450634,0.15491690126633711,0.08737283288026014,0.025715732552777062,0.11588723135559312,0.08231202203703608
-0.1623742044407541,0.08324502738058967,0.18815339658457786,0.011723655779928503,-0.1821612775729177,0.10672679055767054,0.012482931910922711,0.229015387527106,-0.08597667415089551,-0.17260101965175612
-0.10752566740716149,-0.2256789775490489,0.09189039397753318,-0.03227252464329333,-0.08547935197681983,-0.14029452528367448,-0.15256204362235692,0.13539833773399162,0.008694922496440344,-0.00761129253520712
0.06166828162121112,-0.11424091064956682,0.10669319554422615,-0.005586136715874958,0.09847868949621283,-0.07202481304329748,-0.1404126615757508,-0.027745950470752706,-0.190737584821003,-0.005490401998285873
0.15926647719838224,0.06558557767233103,-0.09492034975077616,-0.003813085083501592,0.012193895120234693,-0.09128950742519243,-0.17755988532675204,-0.008824287743342693,-0.10983347175971392,0.11191968494679017
0.10859060497276193,-0.1449196495681129,-0.004509184446720112,0.14362039404640825,0.016385067013064886,0.06556594302709763,-0.09438998136174698,-0.07526370513572128,0.04911039521945232,0.148043354143704
-0.07899610638915429,0.09079369183491598,-0.045445282525808615,-0.059403466092691565,-0.0171306113656751,0.11298345929144209,-0.03480190963163938,0.1408622084400674,-0.19540950976139712,0.047498076902191974
0.04356351124519992,0.08576535118385353,-0.33133511145614375,0.11584301179744035,-0.2350578688052838,0.0702805792717728,0.08845559469778802,-0.09314439230537921,-0.049443270388174074,-0.062463381793787555
0.2073381170858943,-0.012362312660450764,0.003299409399061707,0.1242982199981324,-0.13040134845775506,0.07597311339764568,0.08781073543385665,0.025710030783280057,-0.04177951896304995,0.047182744803394856
0.1922747481664899,-0.3343647843977433,0.06723548126264485,-0.019607956258348262,-0.015034394362362598,-0.016864388932817442,-0.008767455060402754,0.10079991459135575,0.09637864627214827,-0.07189648135317414
0.16110495786189064,-0.05509722127632646,-0.022423316883448213,0.03970442871847299,-0.0865078757362252,-0.12036810036240397,0.03610715244576554,0.1091488971256123,-0.06336965399367946,0.13562337567221683
-0.02277974020609866,-0.06390248816529998,-0.0990214980171221,-0.0832221080225054,-0.10443257274219789,0.028754575482648634,0.17349963215839032,0.15132251935657526,0.10918907343505292,0.017909479998570833
0.11621328274195425,-0.014428734002696654,0.004847167571896686,-0.027878193224007794,0.0742167631715133,0.003929995557899663,-0.021173752298777535,0.10521740144037771,0.023809352648061055,0.010999309232862402
0.1290111571324336,0.05240097908951458,0.030719273718413403,0.0680816926430084,0.0074709296558730836,-0.034224220007966516,0.05708567349111713,0.18355974950839052,-0.07230285460948524,0.0826690702616606
0.00783927890147193,0.1870995546225459,0.020414005521523948,0.03368957944465153,0.001187023010985156,-0.0031082812796427387,0.05771503462420097,-0.07242037272947136,-0.0882807733774608,0.06890045933076483
0.14114683559686347,0.17476048023995336,-0.012597051696688306,-0.10533771321215621,-0.06240356746746537,0.008512030215377931,0.2667880670942949,-0.10346901039274539,0.15020373619799585,-0.007027777329841008
0.005878544560957877,0.037273100554951866,-0.031848700551212666,0.055886791106984864,-0.18691914633421977,-0.14965642910981916,-0.026000839277071877,-0.03159338198134459,-0.02593410829365475,0.21134829225345186
0.09363956278653737,-0.05247345013161013,-0.05005437692854035,0.046592627486348626,-0.12339281323231488,-0.15206480280859414,0.03899739807866824,-0.32365017408706936,0.04000101398968017,-0.2208655119440436
-0.05367876668070731,0.03910576195438815,0.024359910587564645,-0.09617001888280917,-0.09292216661065533,-0.22622144778433706,0.07495305002415201,-0.07071889904438129,-0.03434942265899225,0.032004696541127434
0.08140819976904698,-0.00660735008958567,-0.0011759013850596877,-0.07810194005077042,0.16025058574810092,-0.24371953403661875,-0.1689649032624645,0.16076095582640781,-0.20972007806602447,0.1373341967353054
-0.10993718698448683,-0.011899156131866493,0.12416268570576323,0.10348929576291604,-0.11247395933151319,-0.10761220553136833,-0.09663722380296255,-0.19419935183884757,0.03529003272448294,0.05652363175852498
0.056128062772191296,0.0637800866118039,-0.15155398075132503,0.047503936560900864,-0.1021598988365025,0.10183686961578618,-0.056444199803806015,-0.08746842893140185,0.12034516158299897,-0.000522392028051205
0.015815645208156655,0.06375449829432656,0.24030425117826257,0.12040293091851684,0.06579541161090911,-0.12778434705819272,0.04440218685951961,0.02068242447185771,0.14244594621911363,-0.1478754381782406
0.009256166951603792,-0.05533673102794286,0.03435759868175387,0.07505808556164792,0.0024263504747255252,-0.05476329965230407,-0.09054577454342416,-0.006770248521004926,0.02300201855365801,0.19112195920269776
0.12978210240112764,0.0181664362174926,-0.04367526093913497,0.015512945050397565,0.047220518623070154,-0.13726938769615019,0.12615682999368166,-0.022672044601325027,-0.004804033856648723,0.06443261716060507
0.03207355310503389,0.1949765266452364,0.14396279457147546,-0.024146906747928576,-0.04231276572721844,-0.03564641951847138,0.15892511758648162,-0.18779221298154442,0.031836283682941925,-0.02453887123659511
-0.007392765553229194,0.07392245688398646,0.013809531289473518,-0.05115453454644766,-0.015444666910039536,0.04430826605858438,0.17804152119886338,-0.028847331826621518,-0.00889645464714093,0.08500684459682391
0.1358174593518623,-0.17019692412831733,0.09690287513793419,-0.10472860168751326,0.07192118090230093,0.12417444647368775,0.000599489682682447,-0.12098912225811972,0.16295717676206323,-0.09857963057493874
-0.23247717217526206,-0.10973927109257392,0.10602110937562045,-0.07273555922184657,0.07946260436070039,0.059854340859247165,-0.04201732935114287,0.1436822393151103,-0.07913290521607373,0.059802267710340196
0.02450939950282347,0.0064116950977321455,0.121910592896458,0.05302398488331167,0.08869573491582038,0.004431105361764026,-0.061627567385728936,0.058750652606504736,-0.012710838086201506,-0.08293835257561143
0.018434864237412987,0.033016378771406556,-0.10621604366036919,0.08442942749620683,0.09562178418045511,-0.015985041719118222,0.1487651021425509,0.17392412077439132,-0.08632487211949808,0.024672885457090003
0.11518733777526616,-0.018103818789554166,0.06003778048696665,-0.04294479964188621,0.16548057539052627,0.05086304881673019,0.1158606707649387,0.060301035413080385,-0.06479611429559387,0.27502261927633614
0.1146362946263064,-0.11978489485171737,-0.06835900629525735,-0.07146686109485323,0.01503787041758627,0.1314103440415025,0.19237830125863964,0.14131738922918355,0.1546561784347335,0.26356830670549314
0.22366441659368136,0.21802608062588696,0.10244326380681118,-0.057026919505831365,0.1383817237108345,0.26832115862017003,0.07677983523845404,0.09350676933564489,0.012817591903786788,-0.07223555376604085
0.16844050619555348,0.056974082059516803,0.05534700121909652,0.15580040039014448,0.236440944068129,0.2967536752315042,0.022392531437456092,0.03798800396065401,0.06072229905211925,0.02713514065685213
0.04198963028450971,0.11547726685151039,-0.0658209197436816,-0.0011850465586330239,0.0015849763052385307,0.329592011495573,0.08768321132046034,-0.060730533488532995,0.12127508000575615,0.1516308542710294
0.011136581883912457,0.23480667107912928,-0.09135261989674953,0.11125970545300622,0.11363752878498554,0.24870784385280048,0.19276662092724678,0.1590300140964775,0.025617758550457087,0.2001318620601124
0.0051855749545007684,0.2307092986126993,0.05416262891620816,0.05146310436889234,0.28148705007616276,0.08200074096401577,-0.0636848783901537,0.029380367188692857,0.12694743127053165,-0.06014304933223852
-0.011854832110339594,0.06990613848361438,-0.03293582550450512,-0.10743466737913018,0.18024794805444283,0.2783608296599137,0.005027248297181389,0.072923684400031,0.03321792998127532,0.08133435355107058
-0.028170038915109462,0.12245180921152288,0.06891323524891643,0.133053570530058,0.12212213695876067,0.29536642675641933,0.2300135821309942,-0.033347709620149865,0.13539546228991386,-0.019902399495935294
-0.13945570335542792,0.1327926247978005,-0.00666329950720617,0.12917554545677148,0.07138357484598887,0.12234066303492984,0.24331069425251398,-0.0840095920818684,-0.07719721086100666,-0.09004096045207499
0.017202446895804302,-0.07362924670560239,0.04682729611942171,0.122211907687733,0.31363060917398455,-0.0047152295481719675,0.18344435552598823,0.07794647639494837,0.09681094597493019,0.012865594450920975
-0.07586095409831496,0.07980042857890973,0.20832245325636378,0.16831576870079257,0.02593372465987974,0.22027173053256405,0.1723947267435194,-0.009538131680101286,-0.009488476535056824,0.24186037034337043
-0.17583706895888218,0.12378297835898264,0.15659108724429247,0.0040295880350505395,0.045311522216550604,0.025055070313754285,0.15914541722324457,0.22927550588058243,-0.0026786971290293626,0.03907514330550382
0.10481428467188597,-0.004071460145733979,-0.0354105906515777,0.21087239696558757,0.17038802333601116,0.17128105779263375,0.17747580910504518,0.15121800048716486,0.14882438408345042,-0.04839943100700962
0.09616937791468666,0.04848119513648899,0.39777193334414884,0.07898019474828194,0.16686439797858282,0.14591940973069523,0.04689031346241097,0.05975113373806101,-0.007923593860719405,0.044453870659934586
0.07014092457899604,0.2755190121375093,0.27557151258556567,-0.05652332897639961,0.16669288655904996,-0.0093570557846374,0.027113122489266464,0.02942243221084713,0.06867201089870648,0.09737379482961664
0.23374847821396438,0.012336915631823042,0.29311890939972607,0.07604888739712672,0.10349001430858779,0.15003374314873635,0.0521804759634445,0.1132584566584233,0.15399732368634345,0.035879099296513124
0.10829069360673098,0.14624252316728173,0.09458524214389731,-0.06784818517056249,0.11613062492543347,0.20298131073164732,-0.07654094816152379,0.08560897605682845,0.06025414107885105,0.3480480774054768
0.1565123327966532,0.13698450277651683,0.09808994654404216,0.20906138488078668,-0.01575715843082165,0.03220505101509437,0.020603858927412552,0.030330277599759703,0.36542817372896286,0.02176277709632228
0.15917079434434603,0.14029841251198075,0.08760280824456565,0.08499809549507924,0.15417791524275448,0.041301699574961694,-0.19098803028947473,0.27207996730518424,0.06941120481405623,-0.01497083213089466
0.052393402199477385,0.052321116927383976,0.020818871582196814,0.09087867185568485,0.031711565054787866,-0.037632826165585706,0.07587007801273254,0.2110098146879501,0.2326534904685023,0.07683334813644058
0.14425931312948495,0.2002334476780538,0.05582621199518299,-0.031969875006988904,0.04209512943353765,-0.07355840869045943,0.22723265143728863,0.22870605667763838,0.09882155743800689,0.039949395952943424
0.2285804210491772,0.023315978249287966,0.07580678426977983,0.14653152156251492,0.02727429718266835,0.009094814270820761,0.21942126398156658,0.24538838832683765,0.24116248689304828,0.10141162731425558
0.14128329892659652,0.23150218017758806,0.009506180579493137,0.06174639560430489,0.13379319010031443,-0.06999152607719025,0.04204325839920573,0.2631987101506198,-0.07267155024806551,0.2616959888149054
0.1029625674829776,0.08020131226715137,0.11868751131592348,0.04067030139010719,0.11407247904913187,0.1821723203223179,-0.002805668233394884,-0.06161479838309644,0.016888990478744217,0.18129260301624028
-0.06295550705518169,0.04496575812639538,0.14912809493330564,0.04875974409207693,0.26572622518319006,-0.063485571670062,0.23924736888098877,0.13010948766563996,0.01977748970237421,0.1463919255201767
0.1589842659592836,0.12799936976490797,0.08955150034777644,0.21182704551468046,0.12587551247232331,0.15481505861957298,0.20715789916439592,0.06150025005400131,-0.1644633288427103,0.07116996843569572
0.07446270606374772,0.22807451824319303,0.009340817938638793,0.1784161917366811,0.08973259463814712,0.12697582965753096,0.16366195115286986,0.08166983388516175,0.04332642447333327,0.14991089472260355
0.1609824696276076,0.21716866003268787,0.1924592312340082,0.12207940214841602,0.04890961513125252,0.09197479525324392,0.04137586315585484,0.09315634379072191,0.04340638072652061,0.24067748303761438
0.10478365110476232,0.06197678573603634,0.029930338773449625,0.1445148526996035,0.04541442747673621,0.050630944884478016,0.21229360603517183,0.10645182371487284,0.1305530568686452,0.02368368740386663
0.13711301138705254,0.04025335245653145,0.15095944089369678,0.11710451475658792,-0.10948572490186106,-0.02520277199620781,-0.06782348145764897,0.14111751108417256,0.036304688460400136,0.06196961595613269
0.10857837699733491,-0.022600980631324374,0.2966129334591471,0.301304852647094,-0.06233537221015916,0.13015076727035627,0.16668269250105205,0.12952420362643557,0.03033755062242309,0.09183109705182631
0.19613090194725744,-0.1272278075740259,0.11598919393498666,0.09610701565274585,-0.0682195129371986,0.20254621206619347,0.2163251038233419,0.16161661024017443,0.07163223539125306,-0.02310336380634538
0.24015976660790622,0.01805628701665593,0.15040428204769898,0.07947506299912041,0.11359691069702799,0.004042674329515286,-0.06367668870321755,0.08147294870017982,-0.005261258283426273,0.09971879445736233
0.1903575444293142,0.18368805317113446,0.0736986592923907,0.22404444818847186,-0.0944093149794513,0.1846081736283264,0.19438822566706015,-0.07321648496021203,0.08419934516698796,0.049721302928937505
-0.10553683788091922,-0.04574112975412275,0.03951056835772758,0.24828915340681673,0.09559676440264248,0.05978377513345508,0.13763594382459993,-0.04884877167480542,0.20438514932366064,0.01594733922795527
-0.2559726896763011,0.2765334780443639,-0.16404635766232828,-0.024948820445794023,0.17263886779025822,0.011811430072375916,0.0325692388364585,0.0743649282547432,0.07147347777666924,0.08317490813273698
0.008164753134690717,-0.017194196701216857,0.23630270989115637,0.12922638154665753,0.057255158652028744,0.004649333514705728,0.022594537515229607,0.1920593769094564,0.25006628867185865,0.16817434408368975
0.05199171367988882,0.017674060721329356,0.08974628376516472,-0.03846829200749935,0.17057693654197043,0.13927921149084072,-0.0038687145412624746,0.03985611427127978,0.067607321440493,0.2767058418874594
-0.10233228215144091,0.23399288164784782,0.20486201941687465,0.15461171350377045,0.0670790435165878,-0.03274438147358848,0.09389287267849095,0.0715608839095094,0.18466818094693255,0.027011643847566977
-0.09350666072677467,0.04361144278969459,0.27558158311463365,-0.1378190614159208,0.17402248692992128,0.2538328385183378,0.1516116668071294,0.06037610816634319,0.08027734168456731,0.2613679303885804
0.11925144351649261,0.16534465198273843,0.006877581513954317,0.014969360733019636,0.2730962621623012,0.05724536118543404,0.19971171631349874,-0.001995492039865557,0.07526610600417066,0.015195607453295568
0.12415824374461897,0.3647592175863591,-0.04157152341772263,0.05652110460852,0.08971710598555943,0.17172205491740922,0.1775900861263701,-0.0494953024293627,0.16197322444937723,0.14860131785802252
0.22373603734711717,0.1434598153995695,0.1413673363947609,0.11533075187077935,0.1966839545034006,0.0637650301705732,0.14479389244202984,0.03892550541569,0.11087504230560172,0.1553956377671814
0.11291337416789733,0.27009890527147906,0.03568188142532511,0.23370244688589312,0.13343101956602504,0.09743301401169446,0.21188293549063988,0.08823183557571779,0.11994449881248956,0.1541383678512044
0.2600839221117237,0.16742674226380916,0.07752571546184193,0.14500825119626634,0.2895922215765384,0.10819774511061117,0.2068960625945206,0.07136136523719826,0.1091969136108221,0.12314092015947573
0.08407512676303229,0.04532627172695523,0.06505785081734876,0.0011253976562828338,0.022133477847977284,-0.02070660985886641,0.23500604503527223,0.1686249835322694,0.26431249195580564,0.20686408847421245
0.14800509450162877,0.1870697168215986,0.25981167955830103,0.08379771046972906,-0.023728170907847457,0.041586542586447006,0.15919116387072482,0.1146226602082403,0.20619935643526305,-0.059671334525026404
0.21525725901795967,0.0533513799576724,0.026022031862174055,0.16350130171504978,0.23101901923825222,0.12223757740241353,0.06687355863891647,0.11711868426118402,0.24468730050794246,0.024416238035569623
0.12192617403954403,0.13538373000133683,-0.1294906216380629,0.06091161976313027,0.3906245262830638,-0.1762125345214302,0.016027255824116945,0.14090057786595692,0.026207070976902266,-0.011863209143389439
0.07879456610524693,0.1483735255133007,-0.14830916726934365,0.06354643299772533,0.1712543044211649,0.2593644810680575,0.022665502699078584,0.27640231622361533,0.23616689827223475,-0.12591050894813197
-0.03001281924634336,0.12166854353314209,-0.06795167667790329,0.02305515308366264,0.2004837017112575,0.14170538803610724,0.059249528612776464,0.23064487039693865,0.2907506638858076,0.02048111041295948
0.053587568191409155,0.08612647164644185,-0.24879873674662184,-0.007438459648557598,0.20990001753064513,0.048889257737081165,0.17755442974360214,-0.026467763402160893,0.167896750796824,-0.10687805795097742
0.026489989324127057,0.17692687763876602,-0.07928486032572754,0.13564036593718443,0.033708421579148495,0.1899315315365444,0.07019445865584793,0.12653025944507637,0.04417240942297017,0.13335524237002985
-0.05860233727198412,-0.10313086156120313,0.13472097570509053,0.13312228139223142,0.11086815361534189,0.08203846692089026,0.14105909003977504,0.025708409849642067,-0.09505748446448162,-0.018137575249778028
0.09501706230290446,-0.04504356273533133,0.025510541100461158,0.20324745264769717,0.14565852368524818,-0.001370193610290532,0.058759222763702185,0.07824420876966612,-0.10979338309123837,0.12044926346550883
-0.08099104271062046,0.04469002025842664,-0.1154261857620314,0.1208225852241274,0.01718904800698984,0.17293333116518214,0.16064391042196657,0.04055544942479256,-0.059419407579410714,-0.007718622688883556
-0.18159410709172188,-0.13260892793981457,-0.02233663102086171,0.12728991288886346,0.14743435399189064,0.20964891907216804,0.0914320645153003,0.02155895972064064,-0.13497587013713436,0.20946034990191464
0.11269600289081866,0.026132039120190402,-0.04362776607504715,0.05651184207539506,0.044143027729154724,0.01958066823375408,0.25267620031715193,0.11984336598476403,0.12646676934290224,-0.10149259175585273
0.1258703526598865,0.1276329426856785,-0.06430923873770805,0.2630728638490641,0.01239420931404854,0.04462224072854805,-0.016068818817681102,0.12991631853159086,-0.023109897856573074,-0.013599757375806584
-0.06634780900265268,-0.10364308660252806,-0.047936485909853846,-0.023260372299531276,-0.011164116503734917,0.03283231160803629,-0.004284985868608662,0.10682523792213824,-0.06827148633740741,0.17955213921148294
0.16899006683817314,0.1328099221789619,0.005357057130447103,-0.004716063574041182,-0.10574969693754743,0.004868202078434906,-0.11382194011611202,0.028851155462319124,0.1287142893372557,-0.052670457607939467
0.15361134360760326,-0.03775516779538504,0.09576402857457825,0.00933241884972729,0.15715511274643315,0.04612494315442968,0.11964802685061539,0.11927239149810095,-0.08761589890075958,0.05304727799552736
-0.0040486794447300856,0.2500761453387205,-0.02222553608322136,0.008958780484695728,0.10369584712770481,0.028428063775492195,0.0772464894873406,0.25563519452570277,-0.13347710592714607,0.040195018188575724
0.06374843647814626,0.07418100165680283,-0.006369780160499522,-0.09318118235883849,0.005573773994389341,0.07213656217542917,0.21547541067671616,-0.009665906856822254,-0.0711488583701451,0.013197756288302097
0.22834407444471225,0.129392813006243,0.0021451786188347102,0.06892700931130319,0.09869140461894618,0.18112786156990252,0.1466732539108139,0.3115029157346142,0.192194004603137,0.08525418818501926
0.13889725986067397,0.22675456764776203,0.001436678460492509,-0.03651248271223688,0.03544951977775228,0.06812818231482504,0.05577865485396566,0.08922042502130981,0.11875580539338781,0.16246188136767498
-0.058018211456148924,0.05492625445587317,0.03330866130912253,0.15960832846640854,0.05408717456378928,0.10839218609777743,0.06472484586124477,0.003568708772929155,0.17062318825742606,-0.09658549328028215
0.0531588267437592,0.0791868651557003,0.08030935843300122,-0.07875103728471508,0.0350614672470475,0.06271346054564989,0.10162395675734623,-0.14500965303081068,0.21351907734029596,0.13754965749709824
0.09654755293788397,0.09817124083396692,0.0016528997790028824,-0.02541987765246831,0.3121459364625816,-0.06274336004094143,-0.05948018762012262,-0.05372041953862088,0.020386480788862293,0.08680881616086997
-0.05112972596730202,0.16688660888376625,0.04514726163411234,-0.021513989016944186,0.2105706760876468,0.054834274686479445,0.10668712254501131,0.2165072676485196,0.07390138489910193,0.11466191177829191
0.011754647070416784,0.14745852535682713,-0.08164635736889003,-0.012365553011339086,-0.0027276158856699984,0.10410631630794152,0.02108786067666292,-0.07981122896387181,0.14962367862540898,0.1568827113997236
-0.062437069601749155,0.058657979997005866,-0.035115743287364456,-0.014320793986969366,0.0939204958266259,-0.006454481671337012,0.17917926103721937,-0.06412853352228393,0.09759236953578385,0.18295221378637117
0.15591667231655476,0.15902532761273264,0.04107043454587009,0.002847996572637057,0.10857751983840061,0.2683251261162357,0.056152160768368466,0.2031925569061352,0.15976851027522498,-0.11427706886939454
-0.04479170210428392,0.3300016561645884,0.03400042712948195,-0.0784656903074428,0.0436437652425409,0.18530903176486974,-0.1043356744396835,-0.05460996910097475,0.0801992313831314,0.1117389963044325
0.1976994424525883,0.2791061214050219,0.05950853842956805,0.24037840729380106,0.04968902549911869,0.03793473777106727,0.012838429760000006,-0.10925958571812668,-0.04564889298285407,-0.10944581855882421
0.08065183733900635,0.24831616179744692,-0.029857128333504346,0.11105815062562824,0.024796535508770257,-0.00501310786434038,-0.07473200659900973,-0.05414100840221353,0.4738507357288369,-0.15871656927449257
0.04232891229629657,0.026502822855541577,0.23620527720222648,0.23806407269892277,-0.01629322380056436,0.06709853789057763,0.12653577015801312,0.1159308403245587,0.08256803232726606,0.04350650192734633
-0.020303374636223198,0.1691567662059078,0.1151937911627533,0.10011632472838825,0.008962353347290994,0.045977817238586946,-0.09731117842841794,-0.0345582958246371,0.0367600532989583,-0.3099028551390045
0.030490885083569178,0.11507531508332944,0.2940237672467166,-0.02349076490254387,0.044821380038187274,0.11291761863713665,0.03663422245564693,-0.0694993492538253,0.08563398685144266,0.018358195673178923
-0.22465251298758138,0.10809042080138177,0.09728146873220901,0.027718323345414762,0.14945820652861658,-0.06436993155425878,0.09265705909288671,-0.03280800167136639,-0.048750837544869,-0.12354772510158797
0.011626480952548673,0.06754792753212845,-0.03644874627143359,-0.026245944252414413,0.1977499295580906,0.033638916848477744,-0.2527837977921713,-0.007282128138052738,-0.11885514497414203,-0.12550249209513492
-0.1331851532503477,0.04579616886710519,0.01572064161559894,-0.02721021588792182,0.13001850419840177,0.047642391118261185,-0.079242927418983,0.015439842316906444,0.09699843099186418,0.005531222688733135
0.03689892382726517,0.13968796784848747,-0.051112004280024256,-0.02269530744976126,-0.10334149322401845,0.045556508258310535,0.08571581676821985,-0.024832536338056606,0.012874456595796582,-0.048167744346656584
0.03336009626152749,0.12196131782889742,0.05822518065275918,-0.17791886444616933,0.1316815110495591,0.11196356580547771,-0.033594513589604635,-0.09486900576020374,0.045152587937960106,0.08312779441982593
-0.041648829855139215,-0.022288110244518086,-0.05174183949185274,-0.03238537353481086,0.028664780299610507,0.19223052119915107,-0.015197376065978072,0.1738488316280085,-0.08358845236254504,0.14386060531730874
0.08079417088221619,0.0063030666474648,-0.10593782846023705,-0.14123171168563287,-0.051259011106553926,0.08154695917840474,-0.06446977303073306,-0.03784680996213599,0.06970216024145309,0.13191737956495692
-0.010661271182562639,0.21361878550930152,-0.05281428218358474,0.036277014414785064,0.028728106397698395,0.18231702269519373,0.051734740238216274,0.06956618254536824,0.030918865613504157,0.04815884970697948
0.13303196162344644,-0.13658679102812687,-0.0986817300502083,0.021689821584663455,0.13589845702138842,-0.07166906946568796,0.1203595853168099,0.042145508431885276,0.19575320214929606,-0.036345933127079774
0.04352154272815382,0.24311912941187563,-0.09946328300632311,0.24787074201498954,0.12027386706496361,0.0983451722385249,0.22379683863160932,-0.012900736406588634,0.11505490090069442,-0.007005674355820765
0.030151477791938854,-0.03243464479706245,-0.010738921556746689,0.046350495664434034,0.10197533740782129,0.006057186886540347,0.385075414991662,0.004397169679385006,0.11925124981493046,0.2146119042692901
-0.1243947972000576,0.026409777905823918,0.0839301312834255,0.10328159865133292,0.15734698597608715,-0.016967899381445696,0.2978884962762052,0.21542824780010122,0.151432587716384,0.027564083670481562
0.17132553567122616,-0.10579252046748096,0.18563971895209425,0.09610968110726698,0.15726775273104301,0.07376333471842109,0.16843388347487964,-0.03683435795066166,0.014046592956248369,0.2652802529646758
0.023478091983817326,-0.05316602022359147,0.01777050643410466,-0.04896538713543805,0.13725649283481922,0.03950349669519368,0.046581953006329446,0.06086972955688756,0.1016788294915641,0.05541823964756852
0.10802005815057074,-0.00025589242882731456,0.22375232361374173,0.007322116980797256,0.278775628302576,0.07823308620793348,0.14092019709364242,0.12979084837383983,-0.03286585747047557,-0.016870674122631615
0.21677385520140685,-0.031308384172737666,0.2819595818062244,0.0741834833852815,-0.1480102334205715,0.11911310459123937,0.32668424263534446,0.13038450227032464,0.041940721987682464,0.13869653994461806
0.15619515523680005,-0.038067630973212516,0.08321122251616388,-0.017873194175295287,-0.05485618097511091,-0.017760157796913242,-0.09715540642212717,-0.0575592293283298,0.14619314578811726,0.11004072707390383
0.1740973453391706,0.07513700465150636,0.13674359134835468,0.07117345025924134,-0.00391808486076483,-0.06342459913547294,0.2619092124061554,0.1718108041909359,-0.0565609614255118,0.25464179198927184
0.18028056284615082,0.10180536656504278,0.12339272353476281,0.05180326117510933,0.09358764681698234,0.1678685475821025,0.0816702100724185,-0.0033432521963845663,0.1886817456072551,-0.03240994928382532
0.03597937137822726,0.01982431641661974,0.18491427829812285,-0.01796162808606999,0.18951203420363877,-0.1974824554588387,0.12193505307313524,0.15993411666699986,0.22238634121751677,0.035123579381541196
-0.0567325529357493,0.06529749324576739,0.20749910983410225,-0.18071331459482604,0.020585655633202943,-0.014447235469314111,0.12632960171835908,0.04567595453653544,0.10826757827357429,-0.0007540045336573431
0.11007225994083036,0.26750397929810826,0.021894775466920965,-0.004025547852934332,0.15834814869197564,0.007737821683164357,0.024704969764023844,-0.04726320126390244,0.03270931178683326,-0.06024317825848641
-0.01960281686674778,0.171709378320108,0.029490491176979373,-0.11205433993724563,0.11425944634330565,-0.1416534894187788,0.10103590591424935,-0.026748961845306132,-0.001453068390967871,-0.05024589505066199
-0.021562645156194146,0.053228306728005534,-0.0021641988475373936,-0.000192114051800564,0.10832222041571679,-0.03524036017243649,0.05356075050919148,-0.11373578080612982,0.254272677015162,0.0598784040116241
-0.09995215953035748,0.15930814650754996,-0.04272818558979066,-0.05370358954917998,-0.029359323656634018,0.0789070066805015,0.0038946738663676247,-0.09531099422873782,0.11654235530083683,0.05470291113705739
-0.1374930794008945,0.1956209057441437,-0.010673878053501352,0.054926377752615725,0.05045395927378796,-0.014949887673662909,0.058974811580220984,0.011496158938693518,-0.012653094653470379,0.10945156374253198
0.09707002900111504,-0.045591273927284404,-0.06262505577089117,0.08168533357975431,0.11895445688908327,-0.06066224626793395,0.08979278695056728,-0.05477019535671042,0.07828240330573373,0.07801281248746288
-0.1490491851469755,0.09119197115051587,0.12107673864271004,0.06625540808172406,0.04010531608340799,0.06549171978556419,0.06890015767919458,-0.08588292220886039,0.154339558348341,0.18531884388821918
0.049214330357992435,0.0782795308451767,-0.1902249267694355,-0.02904165353161963,0.11674770294093526,-0.11338446970555073,0.13548210164061128,0.0200501188460009,-0.034486204312760234,0.12744374398249464
0.21145409735606813,0.030567370603679932,0.1476221090457559,-0.0027533148247137883,0.11550537493663943,0.06037558952134275,0.009797563919748453,0.004707350659791141,-0.1918560841920919,0.07920038696703058
0.08457224749938544,0.09922924679193644,-0.04690647227469968,-0.09044123953546845,0.010549075529752587,0.05332149648503247,0.07377057691144664,0.0399357568365314,0.0226893348288637,0.006379754667480489
0.04155390048379391,0.07077889071008103,-0.1504809648001733,-0.15469579101552144,0.050160798012124364,0.08916333168402961,0.133851846413862,0.09722189340734842,0.035114620571826655,0.035196923919115296
0.07936029813885309,0.023570696884599833,0.002886114584103679,0.08324105602609264,0.1331117738707471,0.14407854020519045,0.03498756320507809,0.12995967447373657,0.053330947522078,0.16378117202897774
-0.0366905013019064,-0.014867844956407639,-0.0027023435141066577,0.22110570860524692,0.07871348816905421,0.2931181100197682,0.049719647955588454,0.014231298185035254,0.0017974876881464569,-0.0016931735779688907
-0.23648488459219358,0.011767306124302598,0.1844823265496242,0.08371858554877042,0.1276640457200614,0.24666101743932478,-0.12128565445259029,0.1311093942078558,0.04861704722522468,0.1354768866290712
-0.09432659574979396,0.1695491303478445,-0.0857159816020581,0.18315247716084723,0.04552179569735261,0.11810886200086528,0.2501064218585575,0.05490787621159845,-0.02887571866063838,-0.12480614002455788
-0.13175476823964535,0.13080068069245301,0.09293967401972411,0.10502919942421728,-0.014778460995474904,0.10961467386857836,0.10010061067809928,0.08768534468966599,0.08609841241168556,-0.016504995210977688
-0.08271391462945044,0.03927301551735707,0.026396647363811372,0.04202064308922163,0.022189595803083394,-0.06935181508838294,0.1389473590056341,0.1949667092043621,-0.2245609853560793,0.234352480192896
0.012949627944085395,-0.0005865311025571585,0.16862717121498666,0.07457349473703634,0.14252698349529133,-0.03892712137191455,0.0534360539789397,-0.021043141250654006,-0.04213722067970041,-0.10743586746798403
-0.12255722235777428,0.06188942811618516,0.08176986652988999,0.1745145017201733,0.06982162337560419,0.01937241062874108,0.16561431493772857,0.07488771181332635,0.06921796551909021,-0.009613400225052623
0.028996388536995297,0.1400006068376145,0.22094234255975242,0.01639078103805993,-0.048585900093314476,-0.10205388000189815,0.07778996401485588,-0.06743458368709261,0.047061245823620264,0.0666370080750379
0.25473190692235087,0.23397378202301128,-0.0025582365173721783,0.02096476776337917,-0.1969967120922842,0.02201437328180774,-0.06606992199536366,-0.07070284551081776,0.05409746191586699,0.21605490700266314
-0.04301531514977579,0.009251474112200897,0.1788956773190482,-0.021458000620374448,-0.061880972706680804,-0.0017516645980685409,-0.12817681831466357,0.11994120043349489,0.06092172038586647,0.07792275355163997
0.17095383508468054,0.11921864836038953,-0.07009134133031972,0.04253540883243191,-0.13049898926120826,-0.1106752038444374,0.07002776991214278,0.20095752046567128,0.10983353772709925,0.025195485243055704
0.01651263431982819,0.003851455381411609,-0.11121024632470976,0.19709731788407941,-0.10387402906824332,-0.045691963006921965,-0.013391827034032062,0.09043629890123495,0.09835952966645384,-0.037749935056208606
-0.16247064117780086,-0.176807372131806,0.174948940352265,0.08633439034725265,0.10437559521489365,-0.059806749401412444,0.12518475750207703,0.07361159854532191,0.10680717086836654,0.0374118367254185
-0.03176725245826252,-0.16615874472241346,-0.013772328269230825,0.04089575827756775,0.07028933094171999,-0.1417284480169163,-0.05654397528265193,0.11334968839023021,0.11710249800727458,-0.15933668046263166
0.07823331965783126,0.06672294883301041,-0.018464691680096817,-0.00875348306229196,0.19023716835983778,-0.046855713106455754,0.1441063678271591,-0.03144081172708003,0.03235554124179869,0.19862955959380124
-0.05297899124459454,0.020730610082482726,-0.03898458507443637,0.11643891596162301,-0.08742979976287145,0.17094751278858442,0.05291281275303706,0.09250202108680003,-0.08967977319699148,-0.023212253859099065
-0.09766576802260986,-0.0853364757340408,0.08958046441991263,0.057997418788889005,-0.020369437744858283,-0.012155462958189256,0.09629623862079974,0.012826232824171814,0.08353609526143281,-0.006359008394248036
-0.10242000975728134,0.026834502238922274,0.1867683913998295,0.06153959595562182,0.11860754783462762,0.052187421206495846,0.12728560248227422,-0.05072923797316828,-0.02264120177824367,-0.04618930293460382
-0.08693357967266839,-0.11417059353323908,0.2778511111158094,-0.10787573090354854,-0.11194857858286238,0.09637831041123933,0.04810492633260783,-0.035455429249966926,0.12838448895392135,0.08419198859079768
-0.015168318757651275,0.013274014874264904,0.11052683841223605,0.06457902804454219,-0.22649645177614552,0.05094024553959482,-0.03229989306362164,0.1777689618139575,0.1361056984831568,0.10509782969900562
0.08004864797775971,-0.07206353078750187,-0.0034898928614000846,-0.09555460044166457,0.007048805716824423,0.04036803147124808,-0.07450788493768346,0.05546337687103005,0.005597217280299884,0.11446794420417886
-0.021929596254673826,-0.09653692454145613,0.018082593037353916,0.014004731110175406,0.10999650130048763,-0.0525774787138753,0.024271150550377877,-0.030058718113118603,-0.062780259685032,-0.2297988076854539
-0.06653403035178088,0.037879243870530946,-0.0915957898815781,0.10409287052071159,0.08949076917984752,-0.0237338711674277,0.13397971398594322,-0.002715499318456164,-0.08339750019010508,0.07441845362179988
0.0028338774482935874,0.08915244223790503,0.0398726774171719,0.029622708580684776,-0.11378023228082952,0.02007972850162014,0.20324491198871422,0.09908232663956909,0.12654943141168293,-0.006993722803726182
0.040484099230091795,-0.09734902232579021,-0.048777986535766246,0.041070179480843294,0.05581157751675976,0.03188802708429859,-0.11317066389279798,0.028653908785135324,0.17932953654622638,0.1222457967155155
0.08415994098810482,0.025702702259207566,-0.17043492409666272,0.0008463896692826149,0.2039380352346376,0.05187267848296007,0.24964613502034788,0.09113796309032253,0.14421860086682328,0.17487264826797178
-0.01624594352930675,-0.19260133930142198,0.06434003577764268,-0.012384808090902522,-0.03403524338555018,0.024199621401298214,0.0651326097176767,-0.08204925553413486,-0.10502930391105528,-0.016351142216248435
0.005102809592782323,0.12423880375474494,-0.003098627512768898,0.11555637276304367,-0.00953030131440348,0.07835213759602627,-0.03825956162029927,-0.14981803078094463,-0.0591710989722454,0.02436460173842042
-0.1063806882960202,0.028248919926672122,0.006620874083354808,-0.05641910045754888,-0.1539436944158502,-0.05662376113991154,0.2104923344236274,-0.22300710634325566,0.012812609714014113,0.016040606063344544
0.03434684164256468,-0.19446002221693,-0.11614299381880916,0.00918646216153493,-0.02423455651694607,-0.020066392968465255,0.05826378468743738,0.026566377915238096,-0.053186595561541025,0.16128513342440148
-0.0034929866350848215,-0.01858758302186328,-0.13450886565238523,0.007271911124551624,-0.13619691204308976,0.0918374276412471,0.113473508031755,-0.0028640396342081154,0.008856321275022144,0.10946260028910962
-0.0877719051181689,-0.1326456656381403,-0.12032019069167015,0.10842957401447699,0.018333978285265944,0.02793194597883739,-0.1254821125173688,0.02930250024333818,-0.08800536091749697,0.014932218708126992
0.007062425452536599,-0.1318042628677668,-0.16512716964037158,-0.04072493055241858,-0.2971167938135446,-0.03657588319636012,-0.042161881767341876,0.09615473611793379,-0.0867381478808355,-0.04809983718504788
0.10880307017465636,-0.1677136922864148,0.007133770768409722,-0.018509701187225853,-0.33281721976159634,0.09257199996892371,0.04137951430581404,-0.058695615882975304,-0.0036884064483650586,-0.030312681227773752
0.15314877255185474,-0.21366671387029065,-0.02530829621041577,-0.021508800223412027,-0.22358323363647126,0.06875214121755033,-0.06552656786661747,0.1491573034258863,-0.2056447065635364,-0.025010904354835592
0.03154021545989017,-0.10194910266070223,0.05922510069237331,-0.14287054449737846,-0.22432840061353815,-0.06435488817187357,0.039065487076996266,0.06677224968665069,-0.01978491943776496,0.017245568338074776
0.029605872765139048,-0.2516846087736223,-0.20058687900230776,-0.05398883902497065,-0.019732739758617987,0.0436319175746175,-0.13726862329026066,0.08441054370349106,-0.05689493384846625,-0.03802398690722855
0.07215676745043031,0.04220884670756722,0.0396597703304697,0.21861696841585262,-0.005840029844026345,-0.032967068310608014,-0.0905742835751384,-0.023257764573502412,0.18523770729311756,0.0005993439676764273
-0.1377543800482886,-0.07489573632741683,0.061151590725202334,0.02384641140202295,0.058645913877974555,0.03153613279850424,-0.09312903109292495,0.049485729135823935,0.01585626342823935,-0.15768253232660567
-0.05930088556162271,0.04277453652446896,0.07207278936087548,0.061886811776949074,-0.023090955940965968,-0.02096408366885625,-0.035746236168165135,-0.08981078172296446,-0.005834242889471897,-0.09767806100747156
-0.07058098557002997,-0.038560391052424786,0.1781939612980188,-0.1380199287591565,0.049668874759396325,0.02779581203717673,0.10876126015058513,0.05679302363676818,0.02260831274209535,0.0504289246639854
0.11498421223529784,-0.08240922852043633,-0.039355815261956556,-0.08050857466303135,0.053541527450364175,0.07839516480505584,-0.0559170833991834,0.22019179440832878,-0.08910898937393155,-0.07862393226819289
0.025453124269177216,-0.007069733015912731,0.27125358364995417,0.10987305068238988,-0.05632929171333915,-0.22638152276292386,-0.06822759664738315,-0.031049344710450143,0.13639826195624732,-0.08209237822711846
-0.19293006232897725,-0.10407248717490741,0.12968817147591205,0.08048164971054646,0.08265647336860597,-0.23339850702225712,0.1438593228176765,0.24277909385616922,0.08679422632288276,0.027670995965116164
-0.10113657287479844,-0.019690412880511845,-0.0400335853076127,-0.27177063540556,0.19813230751504862,-0.0382211907653415,0.03048561246723592,-0.12244092985326852,-0.024121439434638535,0.12502090216471695
0.10059620637022301,0.08744162775246136,0.06545361663024321,0.08019120949628893,0.007960860083836827,0.04939394186024181,0.01672570466525298,-0.09266930951687856,-0.07102920581111764,-0.0912806005562635
-0.051207982395533314,0.00615724746875633,-0.03505771909468375,0.16512146937826028,0.04404105684357918,-0.03519456543312566,0.06686206243488232,0.030448427845103793,0.21467906698366584,0.06831662290271141
0.09825070048727572,0.06560798101758214,-0.02763026008673236,-0.14733681385889977,-0.008246266289062644,0.2238586734488187,0.011120996729918488,-0.11378149760549414,-0.14691464428177986,-0.20243601625606064
-0.17207357067091797,-0.005274232310729786,-0.013342926635611489,0.01641641131752715,0.06485149990518374,0.14288864595342415,0.10041048156935577,-0.1426305068159678,0.05188527906986073,-0.07894492781080502
-0.09771276748509779,-0.03108366293533883,-0.0808817158457805,0.1410556365682048,0.09479623365420373,-0.19691917296142092,0.14619743934917706,0.1545537395732383,0.01234889743859371,0.02843862208972469
0.18643235629480542,0.03674962459507146,0.07576531114765549,0.13429534322665182,0.016991851499420695,-0.06345863116449554,0.176042920748052,-0.12397507119327658,-0.00653541453454691,0.14481304304895298
0.011750985484003093,0.06087753078311399,0.2602713728674575,-0.1934544771432118,-0.039336131261118915,0.03201794044757718,0.20123345495820832,0.0019687076262039707,-0.0712828079027291,0.05689410790275605
0.18975390016907165,0.06734655500575795,-0.0703006720349294,0.0158520012767391,0.07623241977869229,-0.009683340915758459,0.011479586236563366,0.1918118283390781,-0.20867218578405228,0.042897459766051985
0.12981379431775408,-0.041831514101620976,0.1544950404283797,0.007802040219440313,0.13185622269834454,0.06413418457334163,0.030383144087292792,-0.05357393172061105,0.07294640008333905,0.0820530248604415
0.010134816224818828,0.1386024304223371,-0.011860917268351076,0.11303479878107277,-0.07475561520077831,0.10780238715112475,0.036558615322644254,-0.1514017559660114,0.10999603203669647,-0.19542256826477905
0.012738148706053295,-0.014539016375588507,-0.042805293052409536,0.08140369177749908,-0.189155168743539,0.09412220750411965,0.04621412350470129,-0.04961743680333526,0.00033404242056320893,-0.03261386011404397
-0.15722029710512508,0.030759226101461597,0.09993030594989902,0.03777674706136009,0.046305040050592716,0.005902408756490968,-0.10494857962592599,0.0016787215368236769,-0.11026409759845313,0.0286596996862296
-0.10808212945758433,0.02615390319002041,0.1462481071847777,-0.10935347281945756,-0.027818701513104838,-0.023784257545433493,0.012425888801547914,0.005276888227863121,0.07117951478502044,0.026174796007754443
0.00163697700108777,0.16079066029853625,-0.08837401649451976,-0.04681283262447501,0.07666322127549767,0.020893360028438272,-0.16509612135302992,0.040752650374527855,0.05306294771751299,0.12263013112248586
-0.054265449481370714,-0.005628456272977873,0.08322999036480838,-0.038247408839172,-0.019869356806532117,0.11316468607686071,0.1579368042314295,0.21752941332810077,0.06193936671586287,0.10029216523295462
0.11810436836491915,0.13607662991445246,0.1058003846265389,0.09031382924721926,-0.10259292447415788,0.12060884109673417,-0.026169755713448047,-0.08921884136628724,-0.026979155809817273,-0.15281466920684625
-0.046070167958838074,0.00362438323400335,-0.030751433136341114,0.22486645713731715,-0.053113554917213285,0.13475058391383996,-0.09017914373369428,0.0900568829716834,0.15595132188664884,0.062067153343841545
0.039631936664368414,-0.007093385183842803,0.11949053353843818,0.10527103536085355,-0.03353032472716487,0.23688047667793677,0.047731474318893796,-0.05248032785766857,0.0009631805313292524,-0.23585528186654744
0.023803203184741828,0.02699663148734731,-0.033146585621245235,0.06684210296740489,0.0016696190464288285,0.0626060332680352,-0.05404825945756453,0.15170426204790904,0.13506047350020975,0.12125595593823804
0.043531219654119054,-0.1641116386939913,0.06595369428837866,0.1217629403598191,-0.09399866010957272,0.043981165466995216,-0.03977333334284944,0.0735767627107225,0.0475753895477166,0.1911554253136738
0.15013861626761682,0.0758104460739281,0.1261836339161615,0.1308395604031133,-0.0074352059748994635,0.18932345503832143,-0.028705249256435444,-0.012243567181034726,0.1065895228143712,-0.002112952334576146
0.21348729705395766,0.043250939656724136,0.03929362892629772,0.08132530393759961,-0.07712947220974578,0.1879678289116323,0.1631674723727678,0.23309314786840338,0.0595447402848563,0.2628363633470345
0.19275763003092683,0.05241921548551802,-0.004710202398877095,0.16926931053157485,-0.07245971599909815,0.06953757051092778,0.1573221989116346,0.2852447091780814,0.11009089477492276,-0.17465429823254297
0.06217709449548,-0.027746843922705836,0.08026858175537449,0.07369444959393194,0.006785470831020282,0.009328672448108154,0.012557731334920842,0.005963095199044921,0.163229946503695,-0.18876945743296103
0.2270768481153126,0.04963471083711138,0.023258624115983145,0.12389905139898963,0.010347505399422648,-0.20712294633912673,0.050503504391974756,0.13915049707306043,-0.0026260064347984474,-0.007675290449144806
-0.12058989034196943,-0.0617325480739349,0.014419015138580328,0.13644610681776204,0.25023769934148454,0.003330026113391199,0.04634059018136792,0.07428589603991129,0.09188890688720493,-0.05368797651889041
0.1046679313073112,0.07884701188794065,0.08493441988304815,0.1411076189618591,0.0062995132985922755,0.05024189476400848,0.03896059474670403,-0.0069410276839750595,0.08533344214915212,0.07739833398890555
-0.04913755307461465,0.04328649230513122,-0.02009489603688687,0.13764310203078778,0.14532831623541595,0.11455261559997508,-0.022430303802932976,-0.060393797876377005,0.1268402044727941,0.04891416031472403
-0.04082510747463555,0.12131099674474377,-0.09350398339999762,0.03474321999081416,0.25517295897357917,0.020320193740082704,-0.10946646861106762,0.08857719862737991,-0.06545529640965136,-0.05433702512975359
0.10965801209606178,0.04938663205310417,0.06692107323628765,-0.017884090378539413,0.15685333423136327,0.10312088460045868,0.15930049062559903,0.18716615233550843,-0.034252945126490394,0.009982537138933687
0.008458478170978539,0.05021603132187305,0.021597418017967662,0.06444684826207527,0.16965971909527205,-0.08159907038577373,-0.061504169540496374,0.03344454254612161,0.05159154224225378,-0.05316685545084584
0.1479197433541409,0.04710004505917343,-0.05753471112067219,0.20464663728745758,0.029145093939099236,0.18381680769225733,0.1125223685849705,0.17365707744328313,-0.0013031305498803804,-0.039805227671232145
0.08614334513753753,0.15806611719800306,0.014048545952072361,0.0982218942359192,0.1010587896682463,0.05032785823565721,-0.053899014712731605,0.2815249509947799,0.04066475304910546,0.1955602340790868
0.07778315416288334,0.015212645129559006,0.04532067301832648,-0.006549041352197582,0.010391518198568019,-0.06982233971210551,-0.06485642164245214,0.04099048453350107,0.014176404262598988,0.11549217734798803
0.09850191434308891,-0.023212983684175154,-0.11637083641320359,0.13892298556026247,0.013715331742068066,0.052027368632434776,-0.0025425498779821157,0.10812453729826588,0.0547644703755785,-0.05812311907089322
0.06326103685187373,0.13908085082393584,0.01870197128215134,0.019268259358024745,0.07333255976745405,0.12214197860508533,-0.2127520680835847,0.20041458087999542,0.10349182505556004,0.06355159331901758
0.049217427904553246,0.1107186358094007,-0.0336986839977564,0.06397079747537082,-0.07127137167205025,-0.013861765066168714,-0.07184176865099787,-0.027956377871640417,0.0545261877022983,-0.14059263743188938
0.1463014079026733,-0.20366827098409893,0.03376597659715888,0.07650698041914006,-0.07723155546560032,0.13345874392070833,0.015836250150908802,0.1242062345000851,0.09906430857412775,0.018665815869765838
0.03662774829850396,0.002138027525315659,0.016667871428651265,0.13013186374256902,0.05618398937546871,0.1545089829782893,0.16411867733450422,0.09228310604638884,0.05841231712701499,0.06413458414702067
0.04225135506437422,0.06312757951008238,-0.017006469601446313,0.13878605669650484,0.198849643203482,0.0005094192556840214,-0.2006728517277499,0.07151281212698071,-0.07020283667268915,0.09472329159680054
0.10139216330674708,-0.043114902202398775,0.00042434513599112766,-0.11680221917669847,-0.08912733949757173,0.018965809696140867,-0.0563319968715275,0.13919585047124194,0.16648951347896318,0.17204049362174983
0.0656565976272989,0.06693773733032556,-0.026140556596139147,-0.14007325521328867,-0.04503650049046373,-0.08167184426074908,0.018879149496801282,0.13700030447644135,0.2141868627474017,0.05304468251718519
0.02021328654028963,0.20767120624724272,0.11922614461296643,0.0669196513386048,0.03130432406469847,-0.06861145166584905,0.004550012976374598,0.26387980422725255,-0.005335457215322401,0.10502282202870121
0.214275886081525,0.03395564405801765,-0.16264760520315732,-0.09719444591418802,0.028980565483989824,0.07210841094246365,0.00781822788529636,0.1270202273531511,-0.056153599365987336,0.04534648702772581
0.23944116800157628,0.0024795293602233905,-0.13511910383038594,-0.029244673271545896,-0.005330961908427273,0.13795620940395548,0.15885321973582178,0.0993243779863029,-0.00561979096175394,-0.1820891379021991
0.04037646980152668,0.14888069429970247,0.06316287410900528,0.07554243912757876,-0.12144116626267534,-0.1144402447206993,-0.26626164824033793,0.1809021961322901,0.051879492294014465,0.10367264275992259
0.07530556899967075,0.045005276207673015,-0.023345286708583372,0.16263512679669015,0.12344876408021137,-0.0012022982372408139,-0.10175110372092178,-0.03313965075841002,-0.015171346936801722,-0.0025806326709757223
0.06507096528407802,-0.12141357021957468,0.03501327356723244,-0.08942057032223874,0.025271544283111944,-0.033949537411778724,-0.024776410220795297,-0.016499939394606374,-0.0694763613867467,-0.03424346552865246
0.021330074069618205,-0.08159692877857042,0.10061014820224776,-0.1781944808089973,-0.19040813649000482,-0.02391340554646733,-0.02381447922812465,0.054134234824947655,-0.03973941574771449,0.08370164084812662
0.046311490740034544,-0.18751564039214522,-0.07726699255133404,0.05461024687028316,-0.0771362449147393,-0.06311731652172696,-0.06402782065734317,-0.038816923117608315,-0.14175274403371235,0.02982287242411512
0.11923682628723767,-0.1165492854620987,0.14987829911889433,-0.03109255156391333,-0.19081998645121429,0.007096560622646041,0.0346124520216719,0.04092874966869732,-0.1351833164847388,-0.07950568175167375
-0.027169145037735036,0.008733400698762467,-0.10801217860319257,0.13221696708230204,-0.0686607809950854,0.10160545528008914,-0.06452197185121113,0.10712355336617299,-0.05050184057721849,-0.09895888051594326
0.10036472830863134,0.023264691046865155,0.412506341691491,0.08592657769823547,-0.2049867432313365,-0.02872652958133834,-0.039120384422631736,-0.022532829024395493,0.08911685457125099,-0.016497072277480408
0.05948002440886712,-0.09049440684017614,0.06460363881997537,0.06895422475690968,-0.18608087219396013,-0.01990689227824686,-0.013758346785529202,-0.02159985391837893,0.20745431107107656,-0.2173837905689794
-0.0709932440117379,0.011411460628827893,-0.05023870279154176,0.1377840090085634,-0.03409279620092056,-0.02854112649478399,-0.19395682557120872,0.0589574143890611,-0.11266903619705691,0.03662284872904062
0.0029051026975503522,-0.037595906936463606,-0.052308199278699785,0.1957182123052864,0.019871861559858886,-0.08272096833755407,-0.20768664615453958,0.06965884545007921,-0.010928382840683905,0.05520866014056433
0.03064133475067015,0.10451164246709879,0.11776524917465148,0.110587469714304,0.007623933512564629,-0.032471952114913175,-0.10969258803356823,-0.012457796176116483,0.11252537244199398,-0.08045314448881455
0.10518656569920247,0.14991886401115082,0.11220994353559884,-0.016599331130937672,-0.029419501007770174,0.03342519430817935,-0.03123472143362185,-0.03898363874161523,-0.03272672320548065,0.012961940540511778
-0.0839451992082365,0.07498083348918799,0.09627356112408587,0.17354722829795644,0.0236709410249497,0.00570969569226697,-0.045785222242359064,-0.04074566038067621,0.1395227586274115,-0.14437720800713896
-0.1314242252006839,0.21982112492694875,0.17142359335797197,-0.02973468273597514,0.04744201233688737,-0.08873921643061988,-0.022855815882353626,-0.026304907949618168,0.1363030710862951,0.06857180667448838
-0.05041669224871978,0.05305950971455954,-0.02317761493469578,0.03460039037386836,-0.010587336323318153,0.13224999768746193,-0.21419758327109098,-0.04244690685608976,0.20965401028345076,-0.1650977104792559
-0.17824084054611322,0.06242520240603504,0.03969565248935299,0.05206752195306144,0.1774008470270833,0.07226485175006073,0.07577671825996854,0.09139495816157225,0.034821000073024334,0.10070655998943703
-0.03248649981094229,0.13114409914456587,0.1494606976359265,0.08755623847227853,-0.09743027488370817,0.04436641399952749,0.15877104149459365,0.017581995469487893,0.09754858794743966,-0.13923483124910097
-0.22323527564248855,0.20833029854963805,-0.05211388354154447,0.07120875957292158,0.1088525233588867,0.09932281844786796,-0.21045412071186437,0.11640411861079315,-0.028288547291076542,-0.10323862799944437
-0.2114774770415478,0.07880769448826003,-0.06485055086289969,0.22088995687652324,0.07497204416934616,0.1449218810809502,-0.1308672644616367,-0.06237134191973944,-0.1264086884444531,0.16766685522560307
-0.07049010680583963,0.09724709672577439,-0.0049269430903983585,0.1296180381910558,0.11424678720608902,0.05362023359926446,0.019803058764899538,-0.13125272750227265,-0.051237637926249024,0.14106042285599968
-0.12213224071771776,0.17774127109389776,0.051239012691804454,-0.043208138019386375,-0.015745163283549714,0.1269048090137482,0.08640508945311745,-0.08778354252518247,0.012647513406405811,0.08833833526679513
0.09870048761209833,0.12368918347413298,-0.04618045131072383,0.07414144975680842,0.07010255273850083,0.2952856878072097,0.052897688812969225,-0.021528956629155962,0.1005237920881169,0.07597625182750861
-0.12043922019894802,0.03615871283979652,0.028895217261700846,0.13244984921904127,0.14103752259531224,0.23396268044054594,0.06650488076696752,0.013156476978881896,0.10783919725497534,-0.09653097654592938
-0.0005339960496979039,-0.04454782294223348,0.18509311677415252,0.12574244757123543,0.07997685291294379,0.24835685902130933,0.05319093116665918,0.2545609553696312,0.09982480095556226,0.13814464594513942
0.0046414492242947,0.06783917773225884,0.16626172950463808,0.08511275056744827,0.08065633652281334,0.15900349731107669,0.07157462888543893,0.15852062981278747,-0.060470434238402676,0.07701439250258117
-0.038917750446425994,0.009520106405286152,-0.0041101959957739465,0.17542653371588213,0.052868507350002945,0.060608475272055984,-0.005587373667167078,0.26354463165467124,-0.09992650598104175,0.09501175518707575
-0.0299656073697272,0.15003725958390368,0.048509993138396656,0.04359251076233481,0.03979372087059622,0.1518674986399186,-0.012891348537328318,0.2546820051733075,-0.11904294088977674,0.15995552864349458
0.07893927926587463,-0.05796845288219073,0.257258319095847,0.10453393298036627,0.01794022518774653,0.04839552031285776,0.13463083209416193,0.08797164526577966,-0.11873501157823896,0.018342421153352738
0.04868141931678524,-0.15502077420641514,0.10412805902208856,0.14199261400719276,-0.1312323356711706,-0.09271112476546067,0.10706728316535709,-0.05016188762481369,0.00032497619807509565,0.21209200442469606
0.2733549852623976,0.00946233353401885,-0.08478659212998471,-0.03399092691203343,-0.05374816562793852,0.07439620918063605,-0.0344040326394703,-0.07649423999690035,0.2393437026503622,0.05113571100369901
0.20502398020181378,0.06300187266784867,-0.009014590661666252,0.029706817260493373,-0.02855077257846983,0.19681254877397683,0.16249958149512725,0.03131401932406996,-0.046277836532337725,0.16455327846037568
-0.02934566984457082,-0.1850502267668657,0.03895575340344603,0.03444604670415699,0.14664539474071162,0.10475402129366096,0.05838344782575598,0.1415698667307425,0.23269412090028024,0.23064179796032178
-0.0487524119670828,0.13116027531615884,0.21600410013710297,0.1624066746060428,0.036230427975957644,0.09221452497236084,0.14402002937198816,0.3638803436201985,-0.1083038234252624,0.1917785339168262
0.2058973318167973,0.2070525271800282,0.15818902219369774,0.2219069725939959,0.19734534698712541,0.1608096489880465,0.08977737948031558,0.12449178627299072,0.10886770350742293,0.1225809623777909
0.03671892239510412,0.0946087937697753,-0.05640062169623958,0.07211386760755122,-0.12336834680353348,0.14019445620601884,0.19819132629909647,0.17664636332608186,0.08432864738222474,0.08422305994153718
0.08174563182245417,0.14391987866587144,0.17264449733659443,0.18395305963837863,0.07556050058559921,0.047502488203707324,0.05054672339522588,-0.0633650474016065,0.038318598109601205,0.17477153049240746
0.25565929518828934,0.2216933938527913,0.07071415929213787,0.07681971747847834,0.020802259514085958,0.06747791916515036,0.062499613994432046,-0.010919233994475669,0.10919378755518898,0.027846035513962197
0.11313966241548623,-0.05334307977348303,0.09425704321642059,0.12847782039854364,0.030927527043168528,0.07977536943856817,0.20610388877338845,0.07720224337424354,0.190728606039323,0.2096085932308182
-0.035284819630961806,0.07225956262622005,-0.013373603075812118,-0.08817350061361905,-0.07980937195475327,0.1481116921412774,0.0714823100650578,0.16797451922403528,-0.017594829315649957,0.3220893014220272
-0.02463011297556264,-0.08018080863107926,-0.054036986547648526,0.04317031158348063,0.06393102080820579,0.14719057447988676,-0.01518726487680519,0.02412219910037746,0.23560129926191084,0.08445202542258332
0.12189029425002466,0.15278525731648207,0.011884519844949804,0.050983765759284774,0.14904047701193565,-0.01845629010326505,0.05384702656959981,-0.10031020641920516,-0.025343957588178423,-0.08695775106958059
0.07623266176797262,0.1650683437982211,-0.060520386054052945,0.22348117085179997,0.27009388762655034,0.053850015442350005,-0.013989884554458439,-0.05077730223122887,-0.030032944353689306,0.08138632858341673
0.1706613882154815,0.04207485902704262,0.12320856824271098,0.05837431132943002,0.08572549764708616,0.03903203033010357,-0.0031743862762370414,-0.0965447205147382,0.009458586695055934,-0.023006929696954864
-0.08468046238619607,-0.09378298266392324,0.11100688305723591,0.014061309069494946,0.23414453696368992,-0.020987874677705548,0.09718122152190997,-0.018803055533436197,0.09439604302286345,0.04051888834846469
-0.12850608492418314,-0.050513970563014904,-0.04798929779312353,-0.09537305057794872,0.2228495918324186,0.234959144296752,0.2204764831589507,0.06849561463915507,0.047857578050767915,0.27412318531992547
0.03337593414014727,-0.002349035955167819,0.11252188430721456,-0.029943207130054578,-0.08593542981914476,0.10236490761099656,0.16114781382885648,-0.14599723857164892,-0.0837906735555308,-0.06037033238613594
-0.00814005115822149,-0.07130192674094371,-0.005493994860399656,-0.10664994375392149,0.12405902662789262,0.18347975865693583,0.17674122315089003,0.06280105820898461,0.08263287767697486,-0.04586716618830064
-0.05491917314333931,0.12752241312252643,-0.03638101372992897,-0.06534949202099193,0.1530870620273202,0.14779734302443412,0.09632216498407692,0.13752744434688313,-0.21801165906319142,0.03306176427804296
-0.029431259850250236,-0.15011096825505646,-0.01727648805548808,0.13075975944914037,0.007894977577956819,0.05271603432174821,0.05883223977029272,0.19386033351343546,-0.0918646993297405,0.15177929661880868
-0.05220765175178281,0.026320891268547416,0.01452757577787895,-0.1473121767971178,0.11848733938834613,0.09499822682061013,0.032958404981013684,-0.13551848447845444,-0.21692365573929823,-0.04462632633125278
0.09245844859970734,0.016047832672683504,0.11959218398867429,0.06226444661957332,-0.20038085673031542,0.014676816168047037,0.08923289799412033,-0.006422965023686611,-0.1751291953823368,0.16008764005907553
-0.12192837044577129,0.07256680147748679,-0.1846428628437326,-0.1533255537246289,0.055849135461908464,-0.08478431816855746,0.09374911726744423,-0.007130837438002097,-0.08067261776763449,-0.010797381421908163
-0.13920928719746528,-0.01224353627623112,0.013823798210552775,-0.09040952422907839,-0.07546607300849931,0.02577865614684633,0.08076525910970431,-0.04587340951351042,-0.01977006558893681,0.008171397496914548
0.04039068780866907,-0.14717937448563176,0.06701542126188727,-0.13377133003919653,-0.1892616430945754,-0.022460014917411168,0.11948470839832467,-0.22209206514278798,0.015600904143746062,-0.08872002488968375
-0.1176412825291577,-0.0636202350280494,0.11027003110400004,-0.12022981729331199,-0.042976860937107626,-0.029260768752597602,-0.027093787380727794,-0.06105343109939913,0.1458292591831873,-0.06272874721088556
-0.05763878005618628,-0.006442559769279935,-0.05606436870183043,-0.037336812763221816,0.07980849514059278,-0.1364501851504168,-0.1166858385735264,-0.14983898069355575,-0.08509184598304903,-0.05662195493024135
-0.1202670021261972,0.01128446062423348,0.008631406022809228,-0.18269124058159694,-0.011545311525447355,-0.1067247927486894,-0.024306811970451665,-0.12971684132895048,-0.12780818240522668,-0.07752394855413544
-0.23074148524948765,0.028488203428746077,-0.0971889651546316,-0.21111022744388763,-0.05092960544210253,-0.06492126718093708,-0.16202445113990424,0.033313047705059995,-0.031976573292819846,-0.062139131120409884
-0.12229566200136853,-0.08363481999647589,-0.15783258011223517,-0.02536568650098321,0.057966949833889655,-0.19005307014557968,-0.07268152846407679,-0.08634915457727474,-0.27628291082715384,-0.11299097425651125
-0.006239852789360914,-0.021341497694705332,-0.04053850960516097,-0.19242463807710186,-0.12534381302014255,0.04478047146694823,-0.07578963921104902,-0.14926335675678243,-0.03880276541812955,-0.19927761898649926
-0.15332690288873058,-0.021434459699240876,-0.06648726533369456,-0.18109347181510116,-0.06586654850965976,0.03929124030025424,-0.13016646251319802,-0.0021150449502954083,-0.051139765724926914,0.06137228368270506
-0.12598119299923394,-0.10954822131459865,-0.1742434725397791,-0.14349479910856727,-0.03689914604761478,0.01245836369854271,0.09267820797669252,-0.03778211525200009,-0.09154921951456589,-0.04151920108703654
-0.043612386110811446,-0.13005982778487254,-0.14114814189231314,-0.2095584090698775,0.11035171588881446,0.06481694725265116,0.027724291115005108,0.09356677164521525,0.006617557616210079,-0.17006028025876047
0.11654987815495188,-0.07834558724532566,-0.05865716359182844,0.03524860620307842,-0.04362945367104837,-0.044285325299408165,-0.014695879941696521,0.05041296933167838,-0.18538384823270776,-0.043082001952871665
0.018352659653476208,-0.028760502719982255,-0.14390479285159416,-0.07891269864730296,-0.24184690859120117,0.0004014108253762756,0.015579197988622326,-0.09098739712048677,-0.12867678503194208,0.09245606775576595
-0.07015082245713919,-0.2184499295557935,-0.17133399086341214,0.08957463355288425,-0.09206495474112529,0.08613242229661713,-0.011533304926073764,0.19013185462617524,-0.03775434829160276,-0.045729934665617325
-0.18969647378301485,-0.10019435095592649,-0.10814612973611833,-0.08554129766616657,-0.0403854257502275,-0.07198249687408839,-0.05139952828638205,0.022563931166032298,-0.04361388408030936,-0.09394549215376201
-0.13390901960931528,-0.19164259055489863,-0.28743645647993676,0.05337867662462627,-0.02283768382710548,-0.1599152167335099,-0.09318690953287856,-0.1752406229573592,-0.03712431221080103,-0.05420551777931437
0.02171716242338842,-0.11037028440769638,-0.026985104398225844,-0.22181115794350248,-0.07266763661812811,-0.026880004229139828,0.10626831081884378,-0.1733598220183348,-0.11656723816414089,0.04535382005628248
-0.22960331048952565,-0.19339305459025657,0.0658732551478959,-0.06676127374542838,0.05700215385817053,-0.022670795146375506,0.11184931630569886,0.030155194846733915,-0.04964280742443454,0.03907493689788708
-0.1027538192022997,-0.10795076895150778,-0.10239775376153919,-0.006455363719078719,-0.10386299953111777,0.009503907154195943,-0.06648837534482521,-0.16152224109157132,0.03329709050984818,-0.013920719886862984
-0.05688201027234024,-0.16796204660815622,0.14501904520287556,-0.1829157164427954,-0.004941704719833298,0.07666002042599415,0.14329780053069774,-0.20021370839363334,-0.11426834954774218,0.020553503847695907
0.05348628423206797,-0.05436326130474034,0.16632602848446704,-0.06613786442234255,-0.07619783562285973,0.026633155616716715,0.12802771693434647,0.07061255149981505,-0.09928075398064724,-0.09040473128448726
-0.062361201272193606,0.033391659148747,0.035169727847546885,-0.032568361283711725,-0.022967758897857245,0.008985823391725824,0.0976961337771645,-0.05738791000892404,0.05816873557486448,-0.10350167746612886
0.1291913181663378,0.048903096673413485,0.08557430171922074,0.15684117012148202,0.006503384174950779,-0.09068222847787752,0.009891911149481236,0.11526519353824195,-0.07350513155734699,0.030232534197954724
0.011639218122708505,0.02417317607722353,0.08101181281545891,-0.05946873645264947,-0.060699138714346554,-0.0751219165355877,-0.16052233219828102,-0.02197385617489905,0.0878253056049636,-0.03985813344986283
0.04141213180693482,0.06322225224220393,0.0469212678226106,0.04178800945577439,-0.04827638499761372,-0.13403988420893942,0.22922553313660712,-0.05233868916385629,0.06633642015112262,0.029775326528274856
0.0018842694617121,0.11290212109386907,-0.03236845756644427,0.07578753150336089,0.04565072146631895,-0.16429395956848247,0.275678248596996,-0.14268560261278204,0.0507246261005801,0.00863639626037899
-0.2295591796125098,-0.013001550601443427,0.06294639147795844,-0.11468581925177658,0.03716344423944581,0.1663600840166003,-0.10467970493303283,0.06446422672974003,0.11583018212852421,0.17489490228813476
-0.048005931892674394,-0.10434342255960437,0.1415239725218529,-0.19034141996561324,0.06254827483354256,0.0977446213228055,0.1672978844493251,0.03742505870389306,-0.003334312692653371,-0.12457960011481824
-0.05920818906842464,-0.09216217011924965,0.02681310916273243,-0.1272053045455313,0.19121883967770936,-0.057874495750719845,0.1202311744780058,0.05188352837081185,0.05637857284115653,0.019941703072721282
-0.13033070330722543,-0.06636871820395034,-0.0530673720544683,-0.05841648669465035,0.058833751698208626,0.22032313091605474,0.2817263310403043,0.16262893464428682,0.015715965583336836,-0.2944049819680278
