T0,T1,T2,T3,T4,T5,T6,T7,T8,T9
-0.1264752603834828,-0.0038892091849614605,0.15584215482889602,0.02564608097692149,-0.11993425443838591,-0.25142660970542663,-0.09442509576530399,-0.027053688017584374,-0.1646859019207944,-0.04386401956016919
0.002122318054978256,0.15788110878624162,0.02058823814648627,-0.014188699248914947,-0.0431808065186194,-0.023674625921247403,-0.06732064598433789,-0.015951641802645352,-0.1782446295915741,0.10461828910795593
-0.16423526174891082,0.10551281685950188,0.13163675661639895,-0.27486557591370653,0.13320686378567975,0.11993081625553609,-0.19896546416745498,-0.14599936059105412,0.01456995713330611,-0.14936798785825783
-0.09754851111971165,-0.03283052511110066,-0.03319036094543079,-0.006814598446635789,0.11780455517610738,-0.036495097143416165,-0.20706519756389627,-0.27026598829599147,0.017868020627955235,0.10414638105186806
-0.05213134534097638,0.003626111427214737,-0.034908038327629815,-0.16275881920458035,0.010240896395968951,0.03526722561217295,-0.06537209234759173,-0.23041661160790317,0.029116892393998256,-0.009393808595076842
0.004733091968750075,-0.15869498837825027,-0.008588704270069206,-0.15572069490015011,0.16573023289492306,0.13596961487587836,-0.03197195005291888,-0.0017963888548296475,-0.0517491277255635,-0.14884692184046752
-0.05890113980295595,-0.07069478103797273,0.09612017399270739,-0.0849850366687064,-0.030400617857339742,-0.06379378403037667,-0.08899051951268491,0.04309119071840757,-0.032387143335499115,-0.14571402632968336
-0.07012046467577368,-0.04067172245440395,-0.12207382471234615,-0.12840253565098517,0.2869657354416563,-0.05006613583372392,0.0663410481847805,0.003493815376332629,0.07615036186038597,-0.01773809742959593
-0.07813365434437991,-0.18278877194685478,-0.041930682264324656,-0.16235797729735213,-0.025236769995670167,-0.004741707727508024,-0.004603269225351238,-0.0014988664293000033,-0.055651309098953744,-0.1131813044598539
-0.1742661713482934,-0.12578453620152608,0.04588602742110351,0.029225055530987615,-0.10668391733765857,-0.1254808858251957,-0.04145901439945239,-0.07505559159519992,-0.14022377219293386,-0.090827308644782
-0.09424505988652916,-0.1803936945653411,0.10954539285033921,0.06817835629516446,-0.19526874766000207,-0.13411100006929996,-0.09592935162613182,0.02632092569458403,-0.06395201643965634,-0.009652469809763739
-0.042630560864508386,-0.09897432918052666,-0.13346173165254044,-0.2561547785927304,-0.10841114643656945,-0.18160502188409067,0.012202063593539071,-0.0962502948557136,0.022492233994232613,-0.10855881918081492
-0.24687750263048225,-0.07429130632139132,0.06431861103931148,-0.03631902719014277,-0.23768902143868803,-0.05803482670355747,0.10224305436770675,-0.08020979932697045,-0.07400049634775517,0.1809118505664238
-0.28896894562649234,0.002645167168368781,-0.0902754807261773,-0.02294270329859193,-0.09868378231477246,-0.14373818723523485,-0.027090349615631695,-0.11914212084251535,-0.06723700969785848,0.06053279399657616
-0.28067329993473744,0.09366003105504933,0.061168944933141955,0.13914984611419137,-0.14490328414453693,-0.06159203307875764,0.020767657989479847,-0.028188927738949404,0.046780562698323855,-0.024887137421850468
-0.14484058783216636,-0.0999584320089549,-0.0819145726942162,-0.0325732579783191,-0.07346254702342922,-0.008191309598970284,0.012188346183464583,-0.20001172744889817,0.018504262681437164,0.12815937896272234
-0.09991222360345145,-0.19692358758667003,0.10309003289230169,0.11313427537268829,0.12956848855444958,-0.23769431591642998,-0.05065852021418271,-0.0813337906067411,-0.011269456283464381,0.016628022681890113
-0.13654977857953307,-0.020660442165425334,0.11480003473738289,0.1408748600457594,0.11887149644752308,-0.09920638546416685,0.12961208434296928,0.06157826263635299,0.01249714671452068,-0.005158259889943622
-0.19774208860856637,0.005330314906872441,-0.13154829807922547,0.14433295260857332,0.04164095073673983,-0.26445872117209124,0.16153113847525494,-0.10291455591563571,-0.14351585561379726,-0.028234967927593856
-0.3014869779084809,0.019005812864279784,-0.15357925570946568,0.09906023637714603,-0.17291507438462184,-0.09468175094185584,-0.002118479746510374,-0.19363255681825797,-0.10434381029340807,0.07435073994352805
-0.024736464356312632,-0.1658255577180388,-0.02998090136716433,0.06731576974475419,0.03250525983385501,-0.028618186618394423,0.09204764866449165,-0.21751662916676007,0.037732366324784036,-0.07270842039795146
-0.09526451929416738,-0.11103617383241074,0.07023121075056285,0.11482191162722107,0.12513425047288756,-0.05708829075875935,-0.15863127933713556,-0.2446099637213502,-0.0568128117593905,0.04303567063558404
-0.18399252730185311,-0.016056625558898537,-0.12647421890321853,-0.15867480513035223,-0.07969480326297798,-0.24293283666779225,-0.16691611681804205,0.0005943818309697979,0.011037197683071709,0.05493174181663263
-0.09835067443366063,-0.1871984505184583,-0.062238988676836096,0.16671007725164952,-0.04344740719201902,-0.052487919670424765,0.1680051893713249,-0.1075775812842943,0.10192023209599743,0.03730612610509941
-0.24800426374419754,-0.14357908906075229,0.11686449897802559,0.02256970767568765,-0.07371460061422738,-0.144648824668093,-0.023138282039391913,-0.012473552012754685,-0.03603590704598775,-0.14946433477710264
-0.0748853990859198,-0.27837174590068703,-0.08175121179599314,0.0021623658534096132,-0.1316580488676426,-0.16068576566211296,-0.1615828214431177,-0.15029479691764494,-0.15336725113915017,-0.10277183030898646
0.001484055767772413,-0.08862778539813297,-0.06344891224378114,0.025953537395311976,-0.0486555697673311,0.053869672523100265,0.06575437423737049,-0.16139300611230695,-0.17466286633178704,-0.14274755903127756
-0.03447169319794674,-0.09838309810982737,-0.23278600514484635,-0.18600446975654747,-0.377262004291947,0.0019725342721416683,-0.15279152239862384,-0.08463016652482554,-0.29490323757485415,-0.1276554140762048
0.04310957368535159,-0.07074238999937797,-0.053212891282979846,0.011900479678096543,-0.08731619450366844,0.12850322394496522,-0.19594594434542384,-0.13770644214643982,0.025577042032617556,-0.06732049611365215
-0.029300861893764674,-0.1677069462034721,-0.11339490216485008,-0.15584914809142522,-0.09442998761329946,-0.09230750390660139,0.145384579226068,-0.22836067977913943,-0.05180570220057751,-0.09703313387305804
-0.10039820264534709,-0.00553294432181653,-0.23001680703162744,-0.03963055587848391,-0.15497187488226494,0.0915483556951619,-0.008574542932277662,-0.16529914076993488,-0.15561651606929489,-0.07798937243722662
0.045935809539774025,-0.09795580284229094,-0.143300724126407,0.10566607527346758,-0.0272826122611485,0.00681886394618024,-0.05082331466416179,-0.21998799780816433,-0.038089967408722114,0.040717863998293025
-0.18727201734980858,-0.15838090835115512,0.015515573027468393,-0.11045429803331304,-0.0889319576981772,0.008590393074427154,-0.07422783525165445,-0.14986804533429682,-0.1766731174964772,-0.0872381070043231
-0.008718560777724607,0.012500347930447367,-0.056772030285915376,-0.00740366096183729,-0.06331459341192612,-0.14023833249487852,0.019910851636888355,-0.20900359254480264,-0.14257099544484075,-0.10361192808299759
0.14518526524147923,0.16104816367949368,-0.05868982018693122,0.05559401876547943,0.0017992915176017824,-0.15482571538405318,-0.00564971288013931,0.00887207159060191,-0.20673565492797616,-0.037738656226023806
-0.22803925335997777,-0.058311298908389195,-0.2160346502418102,0.10693256932972761,-0.0246939447195652,-0.13421833709814104,-0.04750152209100995,-0.14831718629100918,-0.10244658116679706,-0.2349928816146441
-0.007535354719562848,0.08740512583006083,-0.02069390924332236,0.10680680849824603,0.16970591851118405,-0.09772925277898707,-0.16499518871894087,-0.06442075044431492,0.14968686625956162,-0.17738167895211043
0.012674610937221692,0.02123386090454045,-0.03999696218513156,-0.06669283667546709,0.08626463003178993,0.21133323667852716,0.07640046130377455,-0.11639324277152754,-0.09202695441931891,-0.04560564445367209
-0.019694029545321914,-0.2776035553703617,-0.06303788031867301,-0.0018753645406744076,0.028177988993746968,-0.08253279323519598,-0.0005573149995742599,-0.06650403529818447,0.03225896726631322,-0.05478120097392612
0.05240649926741204,0.026950030725851323,-0.03749635780945893,0.11436249972208366,0.022047465497046975,0.08746124165801837,-0.024949018185209962,0.03887457453185596,-0.022519185274949633,0.00486613563635022
0.08297397744630786,0.11538345382266285,-0.12979041958880538,-0.07243028193441256,0.20987522619806187,-0.22899257969139547,-0.08201982544952618,-0.11647791477928768,0.05615846660523245,-0.01776211997360235
-0.11545070191661796,0.1857736664957259,0.06397747711112363,-0.009216326587727157,-0.05424499752535578,-0.010705988290562397,0.10161763811810931,0.023420951477448576,0.007745631673288603,0.030336613138673547
-0.10086203892264844,0.07548229087726385,0.0006376851022283619,0.02272561610012235,-0.022490705655279754,0.1188338007311256,0.012318999011583806,0.06359425045134544,0.006763714762136129,-0.06605957325208808
0.07682265230578783,-0.06374437431535872,-0.013252341353511308,0.08145991038929379,0.07438540206113319,-0.031324405828068336,-0.021172192494833035,-0.002489280606919435,-0.04399105797959192,0.014435183675014458
0.02884844095867218,0.22296654462366644,0.05484069132775196,0.047151633307176435,0.053805682429904376,0.08025936050477467,0.04582307818497297,0.059705787061405016,0.1499658717252425,0.048273962384893884
-0.033975714042765275,0.0047992083882042146,0.04831980610613709,-0.011707865655014145,0.04618347243895526,0.018048764633292427,-0.04228433361270267,0.01443480520152342,0.00339555105423249,-0.00950813700367429
0.10954062672442907,-0.037400559806540404,0.04004156368492324,-0.1349862289879938,-0.052498086042204455,-0.043258011794508916,0.12045902825532256,0.07888368729577518,0.14507716640285476,0.12902872707306753
0.05031445494408278,0.2067808439435009,0.1750858587312444,0.2435488406331982,0.05175325954161004,0.3034517706692802,-0.015409658601785559,-0.026155310889039413,-0.043439224394607005,0.0697968103813664
0.28124962717618784,-0.14351272416065353,-0.1016952855242924,0.03540661169134709,0.03135249934348343,0.2493853386845265,0.17026261051751868,0.1670606760722744,0.10229679774977413,0.04219170868041248
0.25185068483680273,0.12233074947939404,-0.0963101915565891,0.017365557318114226,0.09665704947490268,0.24489420167720755,0.1827059136281348,0.07972794166069933,0.0437929328161902,0.14140949432316566
0.28844762288912873,0.24257087374683123,0.14217890064484326,-0.018914115775010343,-0.02278310711929135,0.26454931034177964,-0.11713153334651283,0.08458830407271703,-0.001454520115169347,0.0744099499626068
0.16005185141186165,0.028478825935409235,-0.08417534918010414,-0.05354362966645311,0.06231462999696296,0.29625009264326496,0.05169152018966701,0.0026111466676076722,-0.045361394818760434,0.18181917272669795
0.09115233666299558,0.12707899694386665,0.009960968153520156,0.05933484356640452,0.23671396698041564,0.19275209625979153,0.063469747210968,0.10707106752538362,0.10070179228815236,-0.025237637433436627
0.245245807683286,0.05811639880511797,-0.1043904896671131,-0.005635308179990761,0.2280515121013264,0.14878276119728326,-0.060112101509350147,0.10234290470361211,-0.0006676253572369673,0.17099448375557424
0.1742645026645533,0.010892236969334002,-0.14316416791885256,0.07931766965830886,0.13638451840921673,0.01849557933362092,0.08719974656234089,0.0997889791335125,0.036265736520558624,0.11991907868336821
-0.056401100744355184,-0.004552801441116222,-0.08202163359667711,0.21615393105649267,0.10197776124829389,0.04822646555512572,-0.002846807153729706,0.0849869590414449,-0.011867265273532893,0.02936482555588319
0.01961926497037529,0.1406375735043528,0.08805985147659723,-0.005170038269939704,0.022350660182786003,0.19908039402609035,-0.11827584377597442,-0.01514916431553505,0.16067314123993892,0.22251933635351356
-0.07058878478996325,0.0829408410070033,0.0011459088299628634,-0.023501239715216254,0.23703031444039366,0.014199859525312955,0.06220059958121816,-0.0030995700479051827,-0.006921524294107598,0.07082775612836957
0.11960915481576107,-0.1405452214267017,-0.021265780007639942,-0.19353293745296948,0.08404762933380087,0.028581181527278187,0.10409574862787495,0.09250735315617567,-0.006521534717230583,0.05326191351131144
0.04127801203804297,0.11156902410952993,0.042756188499238006,0.019782870424750108,0.13136358026321532,0.02073553153108624,0.016163522227308772,-0.0803120092843734,0.14311760523770212,0.07521902097753216
-0.1870305739183447,0.05773030107534251,-0.1993783566017665,0.12646129505060458,0.1811369847117028,-0.049879583500552174,0.04710551940751751,0.03286080782353151,0.26505225572625163,-0.08326538851352713
0.23523543725857288,-0.05983018545084759,0.18251343388625232,0.1019429415522484,-0.10926125475091902,-0.0031625112691412386,-0.04127900678791918,0.0767278345533086,0.024449339866521497,-0.03132351907956174
0.03284548686141158,0.04793772842551394,0.20050221941854995,-0.1360297390681583,0.060023644111691796,-0.040954710766663585,0.013363197650064907,-0.032686563205208345,0.040189123190344705,0.11139226514879225
0.012005533976591168,0.06799223150359132,0.20133353239918297,0.1905323114090908,-0.12051087500134663,-0.3101204173891995,-0.053086492636970295,0.16964527241966215,-0.037596663411107484,0.05091979409843492
0.1026102086267551,0.11785853630547236,0.05036503653055425,-0.12515198577584533,-0.06522874413840664,0.06569145970066315,0.10855504509278358,0.13342390317003353,0.004655987676430891,0.026701165501257125
0.01520036153089191,0.19270054547083565,-0.1863538804304505,-0.16259986744960617,-0.1016090261767521,0.16892857893554278,0.010172850697555247,0.0458175509893116,0.07004297285636527,0.07040353928284274
-0.015265050376031587,0.06041881912801034,-0.05592186863763243,0.009066997433465385,0.0871053379865941,0.07904429157497767,0.08925327591736897,0.22549094522604826,-0.22200703022923063,0.0319569914841185
-0.08041653055113362,0.13626401129245025,-0.043484185326478006,-0.04199334195747235,-0.11239137088151507,0.1008071709836512,-0.024066458961052556,-0.02417502470246402,-0.10512788389341748,0.19845656971948974
-0.015608929429325524,-0.06001766143835657,0.01371776566073735,0.07439178979393007,-0.058371512802334255,0.004490902960256171,0.036506259619126305,-0.004973189263622603,0.0930064390671348,0.09811933836611525
-0.0740682029377705,0.07352881319213007,0.05261562637995077,0.19059421788676684,-0.07128473054512821,-0.00894292819260141,-0.032981927772616104,0.04251552508633316,0.009199191654225603,0.19301294745405817
-0.03785186984685648,-0.23089436273527472,0.11875076957056994,0.05423908163824609,-0.08297610221851434,-0.02008931638401077,0.07063634813766337,0.010787239496724006,-0.026140035687441728,0.19368810830600555
-0.0815071552508775,0.04754421972748795,0.08933169366534852,-0.08261827573245459,0.15275196817823716,-0.0518264065629085,-0.029436164322695052,-0.15677243612083028,-0.1546490988554213,-0.14458546816290813
-0.030423355110451807,0.00823464617647273,-0.1339071297621905,-0.026901255433696186,0.1283083315165768,0.07436964501446515,0.1594891011980893,-0.01808832063791132,-0.10423828661788567,-0.133150772657865
0.14070176285942776,-0.08346546147403672,0.032054487883416194,0.19965855195034335,0.002992540856288645,-0.071173052607201,0.04282353103471152,0.03137696941798385,0.09211826956588727,-0.08039494983517836
-0.19891542917424687,0.043845307009736656,0.006756586058020417,0.21551955255450855,-0.05180682139592276,0.05509405299276984,-0.08125043699975737,-0.03357932273802097,-0.035908149876527844,0.09612071984371483
0.23816467182254789,-0.04527030216357606,-0.04450144066961016,-0.03186053586288854,0.010093784614477843,-0.015219578157926369,0.014703363481721098,0.011485876171008248,-0.13557099949386048,0.014380212188198838
-0.04043774681007273,-0.020237251106961868,-0.04764779687740441,-0.10346202188809879,0.06278012481259108,0.08219202123744082,0.03303836622963587,-0.04542918213439591,-0.1538281043831628,0.012698969318199804
0.053130463027190454,-0.12081985539388032,-0.11458279452198875,-0.006817335425195657,0.0340607433364173,-0.021436758238505257,0.22653945641362974,0.0452690379539459,-0.058048375433288155,-0.022153246558658635
-0.034975509357603636,-0.07790871602625024,-0.14143101791718443,-0.01782242567627605,-0.12249355868719697,0.0731723844237183,-0.029159075611817024,-0.03589198279966825,0.05429902382243229,0.08988810017686404
-0.008376930593149003,-0.03684988687062372,-0.11608700719086085,-0.06601441368082656,0.03295285074671621,0.045502069306439755,-0.015062398050017935,-0.08381801883712023,-0.1567716283472879,-0.10751412713088668
-0.10209275341239965,0.018550545064859404,-0.2559101684982535,0.03741123603806964,-0.08888447654282669,-0.0702485949708926,-0.03589285831933425,-0.0436695823739842,-0.036063718679825454,0.024856027965940917
-0.09216164844516789,0.16940466483468644,-0.0709851285897587,-0.014678292591312179,-0.16780632947423357,-0.10847987783666366,-0.0033976097066709954,-0.1979956416122599,0.1296699979799772,0.05365290381282693
0.026568922410111898,-0.018094280263111023,0.049704954547891395,-0.06462273337267155,-0.09655764830638038,0.023248275862760896,0.04389642752678837,-0.13992352920812065,-0.03338539693553915,-0.08576605788599154
-0.17801938776498297,0.049051994457770795,-0.12292244671589808,0.03966249169560118,0.01138720191565968,-0.13802806743315216,-0.1350869138185536,0.07245491889988627,0.0062581574251711,-0.028203067291878915
-0.09850818686050071,-0.10279614200093565,0.22193478048253237,-0.0846053545077268,-0.08111381481129046,0.08415558542621282,0.10852398109949944,-0.041829080644306106,0.22785643447082213,-0.023236520975965402
-0.1381963027255305,-0.09245565831914782,-0.014478328153182705,-0.0152917247817046,-0.25971609565105713,-0.2658747318178656,-0.01314891354002734,-0.035317100277073465,-0.016807219853272,0.13487264715199745
0.12141588547009538,-0.10939522807703558,0.04955238079022785,-0.08735515791918368,-0.08171370970465633,-0.09831152428228872,-0.0023114183549645326,-0.046273362874945774,0.09472501168267236,-0.20537098281119678
-0.10493786813124964,-1.2010926489162965e-05,-0.16402319657287653,-0.09329055111108575,-0.09305811655775775,-0.1073515265193445,0.03024123958634236,0.01887361958082322,-0.11918394821176512,0.005682108747218653
-0.0809290047230724,-0.0056040368537291115,0.035606358210997294,-0.02390461768206746,-0.0366538462616159,-0.06019948031379462,0.03618948759330657,-0.04207074972045957,-0.1084865441665678,0.0858649139892845
-0.09071877175255684,0.03278649275808884,0.06617778933112052,0.029054342716368475,-0.18402872358369565,0.10311257451633327,0.06482085083534196,-0.03323494177665136,-0.08580097183112625,-0.19870550613317958
-0.07397376118379657,0.0930563184277981,0.04672606701473111,-0.08806588755360847,0.05071308679743289,-0.03182523952563784,-0.09530651249810802,-0.32798942930300784,-0.16488550032879368,0.018683285595040663
-0.03006435143487359,-0.09222350574773727,-0.18777028100946727,-0.025799329092481355,0.026761005724150983,-0.10290301391103165,-0.05893001978398351,-0.0690479426782315,-0.06163795965579661,0.09821165496125434
-0.2001895716118053,-0.09649620369134702,-0.007177363441849924,-0.08797840878168611,-0.21208742653776347,0.17041586005682244,-0.10337409143217063,-0.05700241049042804,0.18670900344270397,-0.15260249100739415
-0.1431787112332944,-0.017055768902684336,0.02969265912484796,-0.13377840104271985,0.008051312741673984,-0.09379550961017541,-0.032273834116032726,0.0068780147407880715,-0.009216139429459508,-0.017198120194234386
-0.1214003665535666,0.027203558540540684,0.09220079222638386,-0.1430761812898221,0.15700450839512345,0.004799215182706776,0.12506027415425824,0.010096922858565761,-0.07049280489849115,0.05009357324192542
-0.0018329005368367852,0.004931995528082246,0.031126029975792488,-0.016862443991396497,-0.09772358948832055,-0.1028110572049829,-0.0553392235890298,0.04266233360764004,0.20862165405938068,-0.09482944518506707
-0.1470566632955786,-0.0920728531633933,-0.09689571920403166,-0.011344662385526054,-0.021281266654093817,-0.12736940590054735,-0.114770955082077,-0.09817893976901879,0.07280921785584246,0.019006236885959073
0.09928137035279339,0.09342434516816903,-0.13204164388488587,0.06382721433151603,0.02613064145365667,0.024712885301165922,0.17897297770207815,-0.09321675051333865,-0.05895076784094376,0.09828224287759142
-0.07937532740142562,0.00021503284049995998,-0.22660711356226051,-0.04833592193797204,0.01716417199855474,-0.10435556365474569,0.10587055713880232,-0.003953228384218894,0.0860690179183788,0.028749381023883164
0.05841169272114345,-0.05482501551151042,-0.2507502349339284,-0.13948440277643687,-0.006857429490575655,-0.13848953416447307,-0.11073349884654166,-0.06111494918322914,-0.038596125691826036,-0.04934147567725748
0.08749934676059412,-0.16450591464982867,0.012333149273160565,-0.06033278910495168,0.0468818578577357,0.09237951715221299,0.0006638030121582025,0.09169002078450904,0.07546658809221234,-0.0038344814813572083
0.007710908584139647,0.016930766427312928,-0.03278341703200263,-0.06566383137810433,-0.05509064703084663,0.02027852051800743,-0.02662854628523784,0.10240129789887231,0.023877795559228858,-0.025631218091298435
-0.0647902530759335,0.03702005243435626,0.07424190406570169,-0.11884330435496619,-0.1507033526149003,0.023178868062659685,0.013402995375183115,-0.04409940133093511,-0.22049699231232425,-0.010882376121356275
-0.06267192406801436,0.18119075844650548,-0.049902473046701874,-0.05419137985770321,-0.05339948628646926,-0.02391619708438763,-0.1026346665346049,0.013285771511489727,-0.00874984338829133,0.0772356820030394
-0.060152023015221046,-0.03951273270662101,-0.21208117448175112,0.05140750034294024,0.011472874598332784,-0.07565822544982857,-0.0933121663069883,0.19505626004498572,0.0075395658792494075,-0.03789563066877953
-0.11000433718287975,-0.17625011870066493,0.08059148666937654,0.0705081052245961,0.10860709712660198,-0.022453555837304413,-0.05590596112888894,-0.010654436107888798,-0.21202951916147156,0.006734356716785857
-0.11611402815448858,0.0039853737086110105,0.201950244881525,-0.08344897342326,-0.022266055089183334,0.14881556070872864,-0.0240701210536358,-0.08908917909893849,-0.09937182189609828,-0.181093055547222
-0.02697718130749379,-0.12289739440042766,-0.01675422626452864,-0.12654499450318105,0.08800209718718542,-0.1878425504076174,-0.01592465433292806,-0.021532280003076172,-0.13150851630620808,0.019113812068517474
0.08734903393755636,0.09192479231650036,-0.10955786262574069,0.043259104243264596,-0.017392985847746928,0.04307111930272548,0.12445030424701423,-0.025861778376007727,-0.22918235365086417,-0.08775863296173925
-0.2080855815942717,-0.2423113771284891,0.05094320706587403,-0.09790382718485294,0.05855624113244207,-0.024727105213397448,0.06532179086481171,-0.10229289047252599,0.13807077476474278,-0.09974097506308527
-0.0734771490983301,-0.012735339232123067,-0.19347423861664037,-0.1785392066734082,-0.06896605747320461,0.04080903766938561,0.027266246053317626,-0.23456917624620865,-0.17753335421197397,0.017696241610049665
-0.10768211746743186,-0.09472408119088696,-0.02728891545133484,0.011996185800225309,0.09262185839879876,-0.08448187812066263,0.09398225540628426,-0.04516389058231959,0.055810279656482,0.08948511291100295
-0.39833755364492995,-0.06703596681660093,-0.1845754205175188,-0.10138816623122236,-0.042407733322325274,0.13096850475732158,0.06900116980538669,-0.08364619278312607,-0.006483244201285765,-0.09753153417380922
-0.0336463080635462,-0.10637940163132853,-0.08644612805866068,0.20770230973170334,-0.12036878066080735,-0.19308657819632555,-0.11917338000504377,-0.054954993496571035,-0.2406452347364858,-0.17082020311673976
-0.0802522545647376,0.05390041779551702,0.017910757098689667,-0.18272149576290872,-0.14365464189341773,-0.3647820365351767,0.11824064851589636,-0.03212873732168425,-0.20609087368937862,0.016843830004331404
0.04769022083331645,-0.15578314901246754,-0.14206033747638935,-0.05559479983658545,0.20995320132285894,-0.05934745292962626,-0.23223344335806562,-0.2830706086918301,-0.26897980588677295,0.05399842950886542
-0.22041460619644268,0.025638566070270923,-0.1546466490957701,-0.20239638189122527,-0.2824739517400223,-0.1369604938872821,-0.009847984093289658,-0.31160087807331655,-0.2013333309626763,-0.04213927223477431
-0.014776016101387762,-0.034957061828687956,-0.21104727418682115,-0.10062018964368384,-0.036563404953300786,-0.1322344419227995,-0.04072243776638298,-0.07636755157600925,-0.24945552547439226,-0.1589555087807405
-0.19638765516781104,-0.039678975941353,0.004716168274622595,-0.17600602747775165,-0.20286996107247016,0.1501167756760457,0.08487490569703804,-0.2679514790484979,-0.16638885882941368,-0.19604583213540688
-0.21829757171746117,-0.0871659779885873,-0.041788577632653645,-0.005949801262182253,0.019601634790440844,-0.0724918894252885,-0.11764284082521655,-0.1266252384569211,0.1252869316063295,-0.07556044561622356
-0.18213374691086218,-0.11820475901283209,-0.2095148074256333,-0.05553463992235888,-0.10652052722430641,-0.11652846370916083,0.001562690839054498,-0.039603168377552775,-0.06359088756122783,-0.10102722942287796
0.021347592255634998,-0.01616066874193664,0.11472213624975301,-0.18967781646498183,-0.1806356822233675,-0.1385828060837498,-0.0998812767929558,-0.010254299918598928,-0.14134025826483726,0.03379469904929501
-0.07773210929418962,-0.023067387261411665,-0.1741700603719247,-0.1563207213557187,-0.05951460255133548,-0.08802786381242875,-0.05191756812806399,-0.04229209089855518,-0.006281367903468976,-0.13125089248845062
-0.046567238021846105,-0.01688849214999097,0.08640663647620275,-0.12000203409376495,-0.19796274972522432,-0.1756569271804963,0.07833488271738795,0.017401853752553938,0.009005898047851124,-0.1724620976497103
0.07086035466400092,0.013538313295069535,-0.08089548182409076,0.014087672517887562,-0.2938160959105395,0.024340218468321947,0.0971554045550059,0.046295761173754044,0.011721902167479217,-0.17535947733903068
-0.10985794413709551,0.05127495097874244,-0.012513485004523405,-0.22037745733739228,-0.34521422316601674,-0.014514329804465473,-0.14851038992278776,0.07219192366961244,0.05040090551451212,-0.08623495722581402
-0.1460785784382952,-0.01765724887219335,-0.2246491250923384,0.05691409676320698,0.03926595027294413,-0.11872640005614446,-0.12347297263846428,-0.13140203019065963,-0.15722652370085732,-0.09946565167289378
-0.3017448010691628,-0.05010495338034841,-0.2711537119196652,-0.15039633994200133,-0.21101436163458936,-0.08648213954731503,-0.02021806458670418,-0.15835246158853375,-0.03659470068308059,-0.20342151468875327
-0.06419780295600573,-0.12193641167170927,-0.1435159585341184,-0.033796079125089196,0.04657617010325567,-0.0022678314667500116,0.11186470662981013,-0.12965981720180958,-0.14135551523415213,-0.25985379296244726
-0.010070508955698915,-0.0752626124375772,0.10702187780810418,-0.08407319442087635,-0.19213150207256754,-0.09296317678241907,-0.21436716558357277,-0.1836955690720485,0.023987910972371018,-0.14591074665403456
-0.13642829052381805,0.019317433005899554,-0.2739814394216694,-0.1010611535976624,-0.10479858920532288,-0.09036468348286983,-0.0724588819563356,-0.30552437482652456,-0.056649018079923105,-0.1978974695346382
0.07527636222440393,-0.05412775738156879,-0.14939722852897233,-0.10590947759166273,-0.08032928638383635,-0.18462993053970736,-0.14418278004931157,-0.1906203419132726,-0.2341465493509248,-0.0785436704990598
0.05455437272206663,-0.0853837491704283,-0.053370107584977636,-0.2373976263453512,-0.11396675210410133,-0.15169353322585682,-0.24996763688019008,-0.05271533531772612,-0.17316195636829212,0.026000571032910397
-0.16207567581766946,0.003680064093182278,-0.3026774601459128,-0.05057353729784568,-0.10901058141794663,-0.14687089666072542,-0.06932879947803873,-0.11620368951020754,-0.10372462966519702,0.09256457903237145
0.009354218513486348,-0.19129595828127308,0.0318405288363742,-0.19821900533344852,-0.12494428184301085,-0.032599760751194515,-0.1307847095525969,-0.12318095817035149,-0.04569951095683493,-0.1735551784408655
-0.038044360025476606,-0.15168170062800682,-0.2751686640683363,-0.145741414739602,-0.07037963204933162,-0.09993761435387422,0.10389913269982619,-0.14475355023118724,0.15630390753302525,-0.10723108127041321
-0.10162549468711415,-0.10327891311953122,0.0296938701941597,0.020690560914342335,-0.11287444014655125,-0.14182133515520418,-0.19480883513480055,-0.2347967989732876,-0.05775778701331301,0.08584817997441355
0.09164836383511217,0.11608000205886042,-0.22769972960602772,-0.08680044625645951,-0.20999664036500282,-0.10056922468128093,-0.12397308654680247,-0.022307324445813265,-0.0397350421444752,-0.28617820582630615
-0.16526781953263345,-0.01693282213947479,-0.2538363015318027,-0.03131542536603273,-0.11998859173827625,-0.1997489610209297,0.009489798638948638,0.054042945501074365,0.16748501771310145,0.06135088851319949
0.020734035357328137,-0.07734009873531118,-0.12462306040340343,-0.09805640717644981,-0.028173270562381503,-0.1447866727983536,-0.012360010967911783,0.035137753280029584,0.06418839270281404,-0.16660142919487836
-0.021418223431027793,-0.01928787548001764,-0.15539026536010772,0.0494236539709765,-0.17170438904052182,-0.05929029872662506,-0.24320369180406642,-0.16014149432962305,0.09185717398855045,-0.037377096149577474
-0.16597283852641564,-0.07799213544954887,0.039600380987489164,-0.08416185412459296,-0.2363511374763475,-0.025506853344455044,0.14767925275166882,0.07283252207708957,-0.14894220991208268,0.03080752124363912
-0.12463038913129532,0.1371130960131403,-0.04218452393224315,0.010854568576167529,0.0491249115422876,-0.025892762716305574,0.019495762227949957,-0.09175959322626553,-0.24556240849768085,-0.05541947499816244
0.10467284377975539,-0.1308825895510985,0.03382036482984159,-0.18753153055740604,-0.16389158589917646,0.050201727826898385,-0.1423389164644453,-0.1607604200067249,-0.05646231778887696,-0.08716428469458865
-0.04646882050458023,-0.019905107028423023,0.0081520388304262,-0.12347599478110848,-0.17176512015122078,0.004785756817921677,0.009684215707893771,-0.1033614752588966,-0.1613067498756072,-0.11168727555033231
-0.18248704510165992,0.18149037963908707,-0.1604629526760659,-0.05552286551670034,0.009107183263070813,0.03264139266924606,-0.11055273915904702,-0.3011057108684447,0.0416778933697715,-0.1764474343582234
0.0605440057206928,0.02282855231085041,-0.20432689247233257,0.030085918556736896,0.014007340924441482,0.1197247250931841,-0.009659972559085378,-0.24661862533150986,0.11791397256504253,-0.15723070239583786
0.027888170093715598,0.20093224807208646,-0.0341014833272881,-0.04697195904621794,0.02221901990587028,0.04206492568952933,-0.11340578981845353,0.010124285863893037,0.14224971241212717,0.04982211144208974
0.15490903986187346,0.06827857188101685,0.07248596768352165,-0.09225636066597369,0.009633671307048314,0.11371666363864724,-0.15353363616163615,0.0417986166613455,0.06628082415400705,-0.18205109739889586
0.2503502699128899,0.06838032854218662,-0.017442211012972456,-0.13378238862553055,-0.07041245104357614,0.1692236503515528,0.06967087088595675,-0.04105698127725165,0.13036756109350472,-0.02327587089118817
0.0612364974280639,0.05884764454504716,0.05844437536427932,-0.11215148970515197,0.03239477128009255,0.05219603749825952,0.03765932696105774,0.22496444233647422,0.04670718795583516,-0.04320338620778524
0.11305024409020056,0.048841159317358336,-0.08033191187120915,-0.2182885840618142,0.006631643922335936,0.05345733150019486,-0.07984231480260628,0.03248663264649151,0.20906349574728697,0.04386593739758464
0.043236887566432375,0.045280798804730675,0.1701464356128634,-0.05427393875945111,0.09203305669324646,0.15346220929404802,0.01761945771749259,0.13094128033950347,0.04872846043059114,0.10308504649792978
0.17583696334065013,0.09622411053868364,0.11710133864466488,-0.16092474845776014,-0.05375058287723172,0.091792018426477,-0.2281406006640405,0.01431092951795608,0.14981043962206098,-0.018232311813729356
0.13067699098148428,-0.05201666947090065,0.03663251260021022,-0.15058059632569815,0.10243399135222483,0.1133320653147096,-0.22638187707154994,-0.13275534523504148,0.17463973027047408,-0.03493140216017254
0.11996584029310355,-0.0018492305990529864,0.12807143329564113,-0.0016800981292887929,0.07365703937810957,0.10059222870914486,0.09292810929541713,0.03986108647420424,0.11080371172845248,0.05310195488224216
0.058413522607389565,-0.0631350452192222,0.12300967581039807,-0.040320256104554864,-0.12517617729093533,0.0272426547937809,0.05001911711191286,0.08089065586226138,0.14687178813482304,0.036391126993701756
0.20310442427887723,0.055675887364136936,0.23999132511856847,0.12034720105211662,0.09674041369469943,0.1004921242610291,0.0739744595697732,0.08164214164289718,0.07212833506346447,-0.07010346492877395
0.050801207429071044,0.12598965865856795,0.1380623641113379,0.1923117529572843,0.11379069417574528,0.22055312814746986,-0.0682863657173813,0.05361422535763961,-0.01816191757594328,0.16190805353572985
0.10293442057251559,-0.10367500125165367,-0.028898483691345803,0.05611300457891169,-0.008564989650068258,0.008783702853917538,0.09502302123024181,0.08595695148095912,-0.06071442956766396,-0.1175297569821902
0.18445847703535773,0.0774941729459546,0.07385596089642314,0.10935382862177495,0.10629305233911422,0.21060995472370134,0.003154508094037764,0.07698469116159429,0.25504725537127143,0.2698974090978309
0.018233285137702712,0.20314283088893148,0.1766498714004902,0.05186371493708956,0.02003189320436341,-0.01174169796759296,0.2606940512724143,-0.08635706959149589,0.10230520586590461,-0.06571840011972872
-0.08981509188884725,0.17769567437546557,0.1338535607293217,0.08704358851330803,0.2385576483188253,0.04185821728224097,0.06259602820510954,-0.05396793028852097,0.24756963231068946,0.11665490489935434
0.15262101169420111,-0.0340807987685708,-0.030305792120605135,0.11180865362210674,0.08142101579917571,0.0185126904270283,-0.040896316398304766,0.05109925726804766,0.04193911169098215,0.24752979169077394
0.05867932925625796,0.2077133780502733,0.06173977132096427,0.006218070090109731,-0.03342479572917503,-0.07404248807183812,0.0704077807188296,0.024727187486202562,0.2061576358644044,0.13505413793429213
-0.013384042134576515,0.15106847874587637,0.10483934989340404,0.04601392214500892,0.08664239324534477,-0.12150341437341672,0.11838336205366702,0.09606840149009516,0.03896344593034976,-0.008803302008621783
0.12386818490554796,-0.008509872822395903,-0.037954830697583986,0.16111258487371333,0.03694538336029952,0.01877252668456554,0.00643809439439412,0.12679041676119446,-0.05855129062633754,0.1962191815315963
0.13355001475424486,-0.08958328950112265,0.035746514523343875,0.21404313304934874,-0.021515911103530114,-0.02476845220437629,-0.06018876878856903,0.06572075419141858,-0.16154522278545674,0.10285770338966627
-0.09681762478590908,-0.04675788536158116,0.14279710323116018,-0.04787235119208302,0.09703608905955347,0.03171775200261872,0.2510972837392905,0.2377834371802074,0.052821677606140496,0.056863285662364677
0.004633556289214496,-0.16213848933476857,-0.036474253277436114,-0.006598358789012944,0.07234213023501838,0.24956729589454354,0.20061337595310613,0.0750250371296424,-0.004045297464410003,0.09320274117597944
0.11163085201485702,0.18419433780942504,0.03015061783207914,-0.0038514772472942813,-0.015485892543490743,0.04336423847676766,0.4571235148273858,-0.10597484361671461,-0.007970765403300398,-0.18615618517371285
-0.0034177175358295828,0.10429643477733719,0.06434460823885166,0.13064611023717504,0.1448783206565426,0.11677842066184324,0.1710467676637939,-0.0192676268879501,-0.15749085769728044,0.16598442752575834
-0.08944023672065422,0.11813507583442469,0.01064372679807395,0.12021315862100675,-0.02865796710928356,0.2068313783298124,0.19829644698765864,-0.1207363958663067,0.14314638017076453,0.025848450016588073
0.13402726498402512,0.3178348209286068,-0.09207214293204508,0.037617203082536646,0.012167197955373382,0.006279193090950104,0.111463076121818,0.13350022005722334,0.003583156579811446,0.05184692157378463
0.07350979925963477,0.13326357922919113,-0.13423966655739217,0.3176743873686442,0.1812768451565283,-0.001499614989998621,0.05715179630811447,0.08205956655992555,0.214182033749561,0.12259768236400789
-0.0338031388037497,0.18365530651452167,0.2335202929501705,0.12606496077559534,0.1996845521941647,0.019476019058477873,0.1338713867539389,-0.005355345600337222,0.1784867702163555,0.16631396553229358
-0.08891002882826403,0.02585691505772264,0.08154992275370065,0.21051055622207535,0.11996568158492077,0.24863979417986914,0.07407898197324983,0.26400179883483527,0.32615514055288386,0.14878478475027213
0.15860674464207297,0.21770144087392293,0.2984330287510506,0.12514431807910487,0.12462196700424087,-0.14381706178952036,0.04202227576188723,0.27052650134669887,0.05017222866058429,0.19797312016181073
0.1686744106917933,-0.034709399322199866,0.09223451769927342,0.09136173684358698,0.07966527714540422,0.03476954330998909,0.16047777856822407,0.1704490215784387,0.15852603143274888,0.05881004603633461
0.11133626406970297,0.0849846035723081,0.1017820257031449,-0.03426999449771975,-0.12125691560513405,0.1276686413481933,0.21372579258405044,0.29733094292237006,0.07270104639714747,0.02027529854825466
0.284073554083283,0.09019112265524305,0.06693227678161798,0.20440302078005698,0.15874042087126997,0.010889957806136441,0.050938688776270655,0.2721463681497077,-0.05814650064247606,0.037521495200976925
0.11478768328244184,0.26761567647770385,0.1071860027952981,0.049692743729677066,0.06845342475185333,0.20060012540564381,0.1970737777402164,0.2666459084141707,0.0409134215736543,0.17094978539802036
0.040752662124463095,0.19888735664824092,0.18928380815990395,-0.18169470859091236,0.0381931895725936,0.11494184942656045,0.05551073272802848,0.15739184477854454,0.09433263516024831,0.16212495515898862
0.05162753566774938,0.058226279147600396,0.2317729380675709,-0.17526290518913473,0.23824346085611064,0.07915408781726041,0.08004913867364896,0.1305120008446164,0.2011251448612384,0.11227646945558448
0.11141672121933674,0.18852530547279875,0.13263958006147192,0.15482974719426504,0.03662496951328459,0.19697004219896094,0.15328512092113944,0.010691485084436375,0.10783249099883777,0.0426112171475798
0.25838686023685997,-0.04813906697683987,0.33442945828194603,-0.12186084890281929,0.031193065116302612,0.10936818981014121,0.030564188471198156,0.20503842132222877,0.14816208408993192,0.18362435976517436
0.1276193754624149,-0.10523094217089204,-0.0009924096471215782,0.19597293689299017,0.09219885077797627,0.33472519553353697,0.09538532627427049,0.07165057297048383,0.21297603143548022,0.1466285509614049
0.14997752602293585,0.10826011168104113,0.05368392614866281,0.13523687551418737,0.23346481086244683,0.008865621099714727,0.017252204024540835,0.1381488106109504,0.1457929297482217,0.16905184034313453
0.3443452944591697,0.04959273227247891,0.13453759436690776,0.30899087178250695,0.24509734937135744,0.0036832004231895643,0.12451835145927675,0.2524900781594445,0.2733027270913505,0.07602325197056237
-0.018729345602290337,0.09382462419478653,0.10768659976968165,0.1493331011810015,0.09815330272082388,0.09962844774337118,0.23438272808903432,0.12189939232109315,0.25055149694585166,0.13886203348143675
0.17602011544907306,0.1621102911901577,0.19841623601942168,0.14356107929909567,0.08998775308911698,0.21432932139010405,0.08426775801306792,0.24066428303711845,0.24083428169156937,-0.06736413105711567
0.03258656400694722,0.11131369204007835,0.12361919118782794,0.17965043316756557,0.07143110485180046,0.12310958671184465,-0.04499915560454701,0.12406264665426293,0.05453018488105975,0.2162644645090691
0.10081116210751837,0.05112048717349326,0.367468851723625,0.11406722544809729,0.29384361848759005,0.0989205056656786,0.0715707418606165,0.05724361191487273,0.18484051610017216,0.088231014483941
0.1437559316992741,0.041166384380007345,0.05827346050897564,0.050254866096794415,-0.0036004231872563963,-0.04028472753246205,0.22136168995851924,0.18087417773799924,-0.05055049253323882,0.0926179737203085
0.16158819716273243,0.0595362205666982,-0.1369169080134287,-0.17350811750954515,0.10959546943851983,0.0975606589449985,0.0716800600766786,0.19380040436793228,-0.1527198442497093,-0.025333482192279502
0.020146054446420078,0.16727304145687472,-0.02589615491079081,-0.08740078437000325,0.09973099128279109,0.056927062279278094,0.10587777152684952,0.28051653671521465,0.10899654989688995,0.15237997532529038
-0.0560287500530994,-0.01346333840792846,0.054816120806127716,-0.029487023462298215,0.13327609683136057,0.0698374948001178,-0.10495379353861456,0.33038259120935964,-0.07291043899828725,0.2956619170998318
0.0019619903581604113,-0.08014067147821209,-0.10134806312106223,-0.19054925997506492,0.09494446910335214,-0.03834913326732431,0.08375326635957733,0.09224982882509761,-0.04708649328745655,0.06679135797173433
0.01334602818837156,-0.020027234307316476,0.14686457691554317,-0.1082602998017427,0.07775921616978423,-0.022530584400543854,0.01133369203750327,0.09306560251338544,0.15348881876293544,0.10509972396714343
0.02105432437631343,0.010880495556803236,0.1647052641097681,-0.10513687972407988,0.048428710669961815,-0.022583657448557393,0.039918628308834,-0.10255389325216108,-0.12150999352132569,0.13037092956493285
-0.0045605573272660925,-0.04887159896806563,0.04434722140525516,-0.005832096120055794,-0.04709996283389841,-0.011406630060817581,0.21014819035527482,0.16056434285331428,-0.17336692102379772,-0.22179711169777677
0.03291733722177779,0.16353154411235538,0.0842179939545642,-0.017318427379078998,-0.06730529402776197,0.0012605713497767204,0.014540951703834418,0.05308048080019051,-0.08552006364560079,0.1713783483212187
-0.09667698693765422,0.04135428767478271,0.0816930704711351,0.12282804119104039,-0.07113991490408997,-0.11413144272735273,-0.0896856104976533,-0.014660909764732714,0.1183341880483971,0.04750034014305896
-0.034334229987404194,0.14816899182375515,0.05302535970450166,-0.035051628679095934,-0.04761691004319825,-0.0899981812083546,0.13962854022740082,-0.011611462167918786,-0.14965250684442227,-0.027292614619136783
0.05047862207298143,-0.0451084135513711,0.06924025261934705,0.06939841805006663,-0.04482325064498587,0.14746719244654408,0.0883608417942954,-0.08715375979311639,0.08365781284468206,0.18223067408305776
-0.02537910209469712,0.005436993543604626,-0.13861698643405196,0.04537934379628146,0.20768772067653254,0.18930817930648713,-0.0849576625072057,-0.051585370438977436,-0.0668533713299718,0.04017242296242271
0.2237003296673806,-0.002562240835671775,0.01609048580923148,-0.20452555101958034,-0.04445479244186065,-0.08660241788834186,-0.016160950628045956,0.08608314178972674,-0.02146039485079923,0.20319900995219323
0.08908290829882781,0.2716903552951136,0.006836266251512138,-0.09712827265444687,0.04756675390932183,0.15182096916816204,0.06173542190204775,0.003451195346703264,0.018949391334008348,0.08825703908981518
-0.07167090922543395,0.1856944779486214,-0.09712469453704202,0.09920923768003079,0.1195921840036416,-0.0021005714927529173,-0.003536633178605541,0.09343217636892462,0.12638393202543208,0.38113455429105136
0.1271949855599412,0.09937385074186525,0.08126118330537418,-0.168794199897929,-0.022363108982726407,0.21931660067787978,0.15974111069052205,0.02657601699335563,0.088235026353019,0.09810955365847225
-0.045004209437205525,0.20278947945085715,0.140112059213594,0.06369406206917094,0.21215062110319083,0.011048233653197612,0.14986768477739876,0.15829417811165786,-0.015126263718597238,-0.07873975429205732
0.10274621946829066,0.3028229777956116,0.11191140754554024,0.18097559806491437,0.0479732789511737,0.005444012451016986,0.11699345128200456,-0.03809044954566188,0.10893535304700397,0.022344599041426168
-0.1086671492561497,0.30631178569211537,0.0034648205995110384,0.14828472274510718,-0.020560608029924335,0.02635405664111351,0.0069430082713932695,0.22996854707248252,-0.014388751056319135,0.13352445330734894
-0.0319782222332529,0.1564794875554065,-0.010449159577465242,0.06501460924131654,-0.008230079814346244,-0.21584807354243896,0.12445601480681096,0.12071164743948923,0.023353723888828164,0.11865369811279369
-0.08675330064449775,-0.0028003918389308685,-0.2720131049518773,0.047410681438914984,0.2963309102978939,-0.04890004337444236,0.04489028603068139,0.029283385859737988,0.01212638451458331,0.02553082508221517
0.21788869435717856,0.20536550949947932,0.08857395769512057,0.07967894486715459,-0.0930694245745556,-0.03280931643920674,0.17817229366030712,0.007251377610094943,-0.11089360574409328,-0.19072250073645736
0.021062507736057674,0.08525409369077874,0.198520383754468,-0.1378673699132588,0.07032961216078264,-0.14102207638123263,-0.010163729796077822,-0.0305574798324062,0.058497304288464114,-0.04094230196244414
0.12193212178600377,0.021483784134764594,-0.031837305524847134,-0.09893603811291275,0.266337544312136,0.09075613249940419,-0.032101898689402414,-0.09219888666465657,-0.06429846277256647,0.10572360081947593
-0.07313276744768475,-0.10336456088499198,-0.17570501374255867,-0.05466905766594238,0.22078219381129466,-0.10208107482336515,0.016598726893741422,-0.24136779039572406,0.1540156200442747,0.12765931786140555
-0.12501743807859386,0.03697115216048122,-0.02325477759565879,-0.09139466710952229,0.04901059513948207,-0.28401274306899804,0.030900551922170984,0.12301087200828943,0.08629904678073753,-0.02342638255318373
0.14273089881874795,-0.1133512075976367,-0.11108595862078569,0.08310678295144067,-0.1672148451246071,-0.0767304105114855,-0.10948181613117246,0.1991971712668802,0.12424038317179424,-0.09695947192702051
-0.02699734656941869,-0.05232489042125357,0.02983296468665228,0.1325111827081864,-0.05636975831874657,-0.016750356636569937,0.10382833175016817,-0.12174500056182772,0.037946796931480176,-0.1577081265280581
0.027362022364068123,-0.1669174620283756,-0.03493462058030689,0.057381205809284686,-0.013096063502321204,-0.12228592645842631,-0.2264506908478638,0.09360134166467879,0.053635128439515546,0.008944458126437113
0.12214943353006218,-0.2509565226886624,-0.10825195931445424,-0.08872873112640883,-0.04993964203764877,0.23053095419713274,-0.17025994594180394,0.015171641852272821,-0.08495666920369901,-0.13589709268801678
0.13715150325176687,-0.14646577807614164,-0.06161472562350687,-0.047419917413199064,-0.12391129925211884,-0.07912679112648932,-0.16889760276724392,0.12188088968574615,0.11137832676880348,-0.09387277756428672
0.09446028545275081,-0.12165621306767016,0.16466515805422274,-0.07541035097693247,-0.1260370424697994,0.08410645014372638,-0.15769767907432516,0.06603210021278834,-0.16761224587372933,-0.11887062367627652
0.06683918108162394,-0.0910824753639226,-0.15508807568757527,-0.052298714590987005,-0.09580051847792027,-0.07198996234941099,-0.008611750393248671,-0.09976080928421001,0.047102309211636405,-0.2573403257977829
-0.24566788283643085,-0.004806939361043171,0.07616792546546541,-0.20157162853952906,-0.08832340522805743,0.0732727725455328,-0.13754869685832513,0.20520699237474188,-0.007067695692235484,-0.12210387282473051
-0.07009154401121245,-0.00036967362878247145,0.15196593382999907,-0.023514171860052134,-0.17607314173828603,0.024011531532866802,-0.18729555484118876,-0.16419962118809509,-0.12041582873092918,-0.004756302151683073
-0.16918382595396725,-0.07235102775053745,0.08183205955151829,-0.09743611403505545,-0.060077119524145656,-0.034410697748270075,0.15096419655281537,-0.022502925159513205,-0.05291711915096703,-0.1486918785846597
0.0637444815702118,-0.14746193187831813,0.023347916392289773,0.026197562003317243,0.07861762745281181,-0.11043437007199658,0.08234760038112837,-0.14503189479003492,-0.17510212858074609,-0.16801041201545547
0.09021370279287914,-0.26279987752911593,0.05698406623008341,-0.03767649125167596,0.1472577403531059,-0.1001767417078534,-0.03682539604413701,-0.0514145553012353,-0.29720817420018003,0.08411372599771087
-0.12267414012672961,-0.05901615733840239,-0.0066923373413697515,-0.09516439092328369,-0.0499385381847611,-0.1610452549846793,-0.03148608486708025,-0.043142882653373286,-0.16797025739620994,0.15931340320165674
-0.11982651729536115,0.1644400467867269,-0.0727647668530885,0.012441978610328808,0.0042448330436714865,-0.03381694030045522,0.05270608586226927,-0.11542756078359964,-0.312837975222944,-0.21013975035696852
-0.21969884441835363,-0.05344082526427828,-0.040122787904872226,-0.09944707745836945,0.04783934087342046,-0.08025824919901389,0.037902434740841415,-0.15080054309206975,-0.37736319614570973,-0.07177293293509604
-0.1548883265322096,-0.15565041998590196,-0.23392886496915016,0.07032274755891002,-0.005029392675829025,-0.03720949673825762,0.024728336662608236,-0.2528930258154204,-0.12838623514997977,0.16505903414401976
0.04533493800290739,0.028257399516502232,-0.4835950109176547,-0.09345149156352572,0.15873217938002654,-0.03143832828677513,-0.1739466775911772,-0.36987625964693965,0.02511950479320868,-0.05448631470979525
-0.2567795060246487,-0.12030914248898039,-0.08927423766578105,-0.07223301027236986,-0.0976260386651167,-0.11231009280278165,-0.0013568079741726607,-0.14429958054549494,-0.0941712379347416,-0.13004983694162736
-0.1098338225260663,-0.038448963265961235,-0.06147594857255499,-0.09504049179646135,0.07957507024538242,-0.09322695742849596,-0.27692050173610416,-0.12148021153258617,0.03933059704807178,0.1363520166420521
0.032079168298896496,0.015487239615120399,-0.01878969737777003,-0.07591368271836117,-0.24164323365942514,-0.03447875342913656,-0.11674245205440803,-0.14567287949258714,-0.04976062603687396,0.17633652837386374
-0.009870792453838102,-0.14282037438720924,-0.16260356993794756,-0.16665498993344569,0.04731298118894703,-0.09160156122257979,-0.16873304835078876,-0.014528630303474732,-0.08462252677272629,-0.07736938859422121
-0.009122055142574303,-0.04011632367923141,-0.08755323147061286,-0.181981124676233,-0.11520070153549597,0.01097041738891132,-0.2230384337352596,0.08007259802698773,0.09199103654693322,-0.09323145836120436
0.17059805746917328,-0.05513242125321025,-0.19065527951742028,-0.026651896513513212,-0.14142324099314885,-0.11416435050213211,-0.2262841794339275,0.019392581956312955,0.007209911099236653,-0.044471419988744015
0.017347870301549793,-0.0479097091075292,0.003965686679048126,-0.04217475664525686,-0.0937971669279896,0.002336321097381803,-0.2163687659806071,0.08115966652360228,-0.05809849945455508,-0.1460492982462186
-0.11163254676284545,-0.2539051475128463,-0.010807589366297617,-0.004036002441246078,-0.05979128564218748,0.010951294120549182,-0.23621911288005196,0.11421765950938001,0.09717439153176893,-0.19869526391091724
0.06053938740202439,0.012269199924710691,0.16357995395604114,-0.2683154052347386,-0.10821216884959778,-0.12020995277656353,-0.053494324215423536,0.03855894858604733,-0.21502267927323043,-0.12127021671008438
-0.04927683255371372,-0.08288425490487022,0.24536693124519623,-0.17189206572731336,-0.2570195773091364,-0.197304407605186,-0.21128295046428158,-0.010803706602151141,-0.14026187228345746,-0.11749936300872008
-0.14382766292874094,-0.03957535341271233,-0.10151379008916583,-0.09344354506645988,-0.13864591532712972,-0.005185017157070426,-0.0591659781118369,0.003862287713115784,-0.06142451905810986,-0.17695518328906473
-0.08816836005152008,0.05302316347544901,-0.09274283636583135,-0.18761670596232338,-0.05191406482412119,-0.11065494281059787,-0.026401606135844777,-0.04371135468256367,-0.10432129898561004,-0.19325523475180734
-0.18410300262673596,-0.07914632878567043,-0.05911918412403147,-0.15712110734622914,0.0030103041136444464,-0.008762270021568222,-0.12643277052848428,-0.20318710609934573,-0.0487010442420427,-0.007766593520239312
0.035790481664412774,-0.11506957150588012,-0.26054893646737953,0.07257893826512979,0.07498497359732711,0.060437509481547885,-0.046312124079583974,-0.04821520234459731,-0.03411047209773639,-0.033818462686008945
0.04009013035122531,0.006819267998716946,-0.05441490185614333,0.08128886622918932,-0.07508013304915362,-0.09770293056012214,-0.0007455934084383414,0.17031100494734147,0.012457354870409082,-0.25798807850796523
0.10390970314272924,-0.05708250472142207,-0.020305236042739858,-0.09221110380303904,-0.05624427288319239,-0.04908472257816993,-0.1858017622474168,0.012841685128501475,-0.08842229779779068,-0.18391481115382158
0.035955477237657865,-0.033654780461355664,-0.09626226043037583,0.07637809648356439,-0.05948132477129924,-0.23652763931872575,-0.2102102997500302,0.0718225235069368,0.1632194361991121,0.12937139284343094
-0.08073576516859793,0.0985240517795525,-0.001117733499947187,-0.12623324115659532,-0.023752495858906653,-0.036355819600149414,-0.1372964279752314,0.08199915158569673,0.1549685892899612,-0.11480525197721946
-0.000568854564163797,-0.02592386839349168,0.030632775943252824,-0.015629971635090247,0.056049244599828,-0.05327463479160241,-0.09677523443787384,-0.11038991139486896,0.1212671366393286,-0.18221966832883785
-0.07945059693870735,-0.05220328521632292,-0.019376565072050697,0.020449004181253443,0.102875674414841,-0.16308709175227268,-0.15385108016156257,0.032686413200883585,-0.017357597078927887,-0.11382384819068808
-0.0033542588897044756,-0.2502847461516737,-0.050137813813145436,-0.02140768044021746,-0.029227079341743532,-0.2766416999159416,-0.13239154704896072,0.012595348015535964,0.08235692306288292,-0.11646466598732674
-0.14965414616593314,-0.10003771304665204,0.04219570368313002,0.03551545573018219,0.023335487256326462,0.018709895139496557,-0.15773689531059895,-0.05897579976954755,0.24594401166061028,-0.11052398937279466
-0.11783113299275771,-0.04880483322266055,0.00880635800147549,0.001463070670983991,0.01972238483938854,-0.28543141057668175,-0.1986931469044872,-0.07099536563269387,-0.07542467865200961,0.017511361061724365
0.052395003201116515,-0.09352471764038628,0.19105431213604188,0.005908672661758551,-0.04709289389704564,0.00233111850743864,0.08576671218728249,0.014718698192141158,0.034753979569748246,-0.08074581550309262
0.04074400056877167,-0.07914796004640064,0.003049668303321429,-0.06106658581982269,0.01602814674731333,-0.2517855067051715,-0.07276675025043348,-0.020469628977705726,0.1666899526012944,-0.1744077895086858
-0.05941590193824332,0.014411966520609304,0.032025715895315415,-0.11785445245418302,0.010850781952741431,0.041102832499380904,0.0337899886990337,-0.10848676668054259,-0.026674576072147852,-0.1371131796713312
-0.01859982007404204,-0.16883392475462042,0.06603262886655499,-0.0028351707471074945,-0.10704832273522528,0.02736204250816534,-0.09866249990406947,0.05711473254077763,-0.06546837821215229,-0.14599991291048892
-0.05602192511289057,-0.02918597193003472,-0.10648535683626936,0.07999690085093872,-0.1671343354234281,-0.00509078397291042,-0.03805962880555443,-0.10410216080553729,-0.1380841425750661,-0.09733294615462837
0.08963471947096698,0.08892570047624856,0.09415856114576082,-0.13226397898901537,0.10798499076837155,-0.07359107788255445,-0.140315013129924,-0.1393801184069584,-0.15731300397735945,-0.08855543499892111
0.002442519405520552,-0.06294339481556974,-0.1505133897584626,-0.06571480721656087,0.049972603353274,-0.25749965895748855,-0.10080192490200257,-0.06421030339016275,-0.03872726708976808,-0.19320178119997872
0.13477520924187056,0.030797750552817006,-0.09764205524869159,-0.3205423104005829,-0.018774514631044806,0.07347224228316211,-0.03543107610833437,0.017437997835044405,-0.05014876339493637,-0.10787456424873512
-0.1160823601072588,-0.03096113909832585,-0.047442763740971734,-0.1934468071650732,0.03815967598307594,0.04569731732867667,-0.007178290414232111,-0.056701429669172104,0.05682618822758484,-0.060550847654331705
-0.11111659182638316,-0.15599453704627134,-0.15764383946252766,-0.17311017605976295,-0.003053786332736081,-0.032749813861448734,-0.10067324922970142,-0.00304261769616938,-0.022223835569588533,0.11215201925772748
0.13031352276270564,-0.01970565036893167,-0.0003326243036949339,-0.12562898261252015,-0.06449916836153911,-0.053558679342458004,-0.09927518120097856,0.04456654841716534,-0.04196827122337679,-0.014782118680788894
-0.07710113114000147,-0.13399173085066454,0.073652067250145,0.056016391975540036,0.03445410517545855,-0.12886680711088788,0.10634080840098753,0.18309029860065773,0.20183530748637943,-0.005709175902513089
0.025444595969722705,0.24225486016045972,0.06051317809970407,0.10796639148138885,-0.15080000629722784,-0.11286807415684219,-0.026633765313153278,0.2125799344343221,-0.014575687710392237,0.08047078401174904
0.018817731296075467,0.12034715431560439,0.0990752414291291,0.06121013717831324,-0.0192174635348101,-0.06570310236534596,0.09304760588008851,0.12426600283438548,-0.16483001552793214,-0.024208908417336035
-0.0807329864363244,0.1256830974019651,0.032588912985924076,0.011426780036753681,0.14314853895914606,0.04734342472450725,0.04780633501317394,-0.01899008332182841,0.05661647706930626,-0.12228507914941666
-0.2194457659640221,0.10220521526675376,0.03385693168853205,0.017852122501127225,0.009139579472740973,-0.11672896845607725,-0.02774166920557857,-0.002090852269753647,0.05185187913347836,0.10313915564597013
-0.005804576907534678,0.052759467699955175,0.036584935260232675,0.2224629038083826,-0.07229155167973761,0.05650917425780102,-0.05999139153337829,0.034700231611446836,0.03831674606655289,-0.11552875643794347
0.04728917192221561,-0.1284383935743046,0.13943417597290253,0.11503283099340064,0.05023296264453812,-0.3350891005335427,-0.21232320581133052,0.03827285543572487,-0.044526276199112216,0.1147877198619618
0.15457052945143923,0.04822444381515619,-0.10937252240642081,0.14088562868038518,-0.024986992824150615,-0.013732148845422947,0.11165259630912569,0.10639300344702056,0.0883528156332358,-0.20347499446785547
0.19540183712093945,-0.023270392775925214,-0.011739583815281007,-0.008188881545552022,-0.04930040471716159,-0.20550179517721887,-0.050533129662316253,0.1432617743901353,-0.049279045612214814,-0.11323899983906044
0.14004906803011802,0.3006825227276661,0.014474491200023601,-0.07037426404597924,-0.09211624068040455,-0.1261790508927687,-0.14986321122748603,0.1335500432637431,0.18274865929494322,-0.023034613520708586
0.047362654097410216,0.06290130848495402,0.006422241250503717,-0.05387565568448323,-0.18117799820298194,0.08450089332788188,-0.0322368240935613,0.19786410458921755,0.026209499580665832,-0.15595214551466877
0.10396446050751479,0.019644677119486503,0.07801482901289065,-0.09130375783237288,-0.011428484338840916,-0.10058958995417952,0.06974199347470987,0.1332264920240411,-0.050809994563987854,0.0038805208095012145
-0.10404269036986538,0.229460270283706,0.2877473679026755,0.018189180880109148,-0.0014140499857913354,0.1184796645598847,-0.0014163046975688987,0.26130776589197313,0.27658261869972756,-0.004378060585819174
-0.019034620682059154,-0.06276647226875616,0.22384962860538965,0.027975274982739586,-0.1364898879927811,0.06833131571339185,-0.04162971757641999,0.2023250123423576,0.04586243679843791,-0.08390344663456736
0.002101027152675322,0.10950985783403264,0.16929395696995436,0.07682931029942633,-0.02431828346112702,-0.10301040454655314,-0.011376110519753208,0.2263468074659197,0.15932662833325104,-0.04070962359913373
-0.05389695124401992,-0.07320784982257104,0.03774941861209136,0.1271733434080674,-0.01840446682160289,0.050119232423954274,0.05577656047241834,0.12437810887567198,0.019687905728244914,0.008597999050028995
-0.15282945226974654,0.09349915029070406,0.3567121327794294,0.01259190717189531,0.012054549226227059,-0.10388979227489403,-0.020398913820857352,-0.05118173205801689,0.000413306641299134,-0.10119139586594089
-0.15037911505329515,-0.046736514376799404,0.12667208030073213,0.08867501235365899,-0.24001413711554354,-0.029335659323565272,0.10531454520336793,-0.1070019246795961,-0.11515810807577752,-0.01597718153240304
0.005189006874828206,-0.08126548778451076,0.13691311569929476,0.017234576259827987,-0.031643853387772966,-0.11118413193853927,-0.08042016766900481,-0.12805981017005272,-0.12265999294570604,-0.18042872891625922
-0.13713925096436627,-0.03002219359450317,-0.13057725008608786,-0.004797180164751535,-0.04553968171159364,-0.13774033899472882,0.12088993538317105,-0.25891591003112546,0.15756201438703543,0.0826395829127892
0.012756202878216924,-0.11229918970691483,0.10248602596511701,-0.010557178546261543,-0.05117331581251622,-0.02153059513216414,0.005421272966041545,-0.0567502142857854,-0.16282315835457067,0.002331005117276602
-0.019355332779769877,0.09824989720082564,0.07040289467451091,-0.02737546194275201,0.06265541711582245,0.02351800246947447,0.13969984474231809,0.13626045334308012,-0.07534236781377773,0.17392743889164033
-0.009385068038438863,-0.003363842160514989,-0.0776505638503939,-0.14351615721675662,0.04561733943511908,-0.08249365069838092,0.09952014236081272,-0.11158315891712785,-0.061146435178949486,0.05512857566474637
-0.06955350314374542,-0.08673985326462627,-0.06617818847584418,0.05915822930919182,0.17525243630842183,0.05886002189377975,0.02191476516696623,0.0007778703894733077,0.1138010512570262,0.05727437812313235
-0.11063120380557367,-0.27599896763431253,-0.18042086264442378,0.039914153907283895,0.031538417573233925,-0.025755467579447758,0.011727054234096708,-0.11316283529767276,-0.05958973210427382,0.059698268354483414
-0.049798816262931034,0.015534127346911765,0.045014791347003896,0.09979702726025162,0.019448394230159496,0.024821629020396717,-0.07984976693933371,-0.18384336801800816,-0.11427146718609182,0.025052591909915448
0.05551961081962977,-0.22490580412008393,0.014605031831863985,0.1320516698087129,0.01384791516669302,0.0011252527703823753,-0.012553167761130366,-0.012131556299065531,-0.10574087278353486,0.06209573652987481
-0.09306940145675197,-0.010360328857650265,-0.10752699051401668,0.13294250424657802,-0.13491900664807996,-0.019659106050525146,-0.05791086530202122,-0.17617417263064652,-0.018901724429149613,0.058762592450633595
-0.06795655147777756,-0.13697020495675422,0.16177989877778112,0.12841739312271291,0.014968967019011098,-0.07581657896615582,-0.01827975097599671,-0.06786566197685631,-0.037581471133656785,0.04328320919763438
0.02465399741769979,-0.042211998860359104,0.042921052744560706,0.07808643981059114,-0.12267792155758983,0.06008296373732053,0.06045756708819486,-0.08734405468015438,-0.3146312608945603,0.21097847202715256
-0.1982830996617071,0.035384949015132124,0.012008294766908525,-0.06791426537904263,-0.09234902826094418,0.016210149399981548,-0.11786977053918571,-0.16877979458508252,-0.20740047654533414,0.22894110260533224
-0.27323043276449865,0.0693729801349434,-0.007670068746607833,-0.028551892786837667,-0.022492663960823372,0.04212591105688622,-0.029609085099182864,-0.09489806745531623,-0.149412040467742,-0.03339304757676806
-0.16219172434173662,-0.0928650166980644,-0.1655317960076536,-0.0414403000655711,-0.09281989417551816,0.019286523423566872,0.22794653720191854,-0.015560348420587816,-0.2872523077232317,0.1041563770891293
-0.09413056095952196,-0.17247352511440409,-0.14536413686094068,-0.0650417309908716,-0.09292181817953063,0.042929134685933096,-0.024169037835876064,-0.13923408547413982,-0.17226936084596273,-0.098400749813539
0.012738980581042031,-0.17577438251939453,-0.15057457837172603,-0.09642326572933488,-0.021070735385688058,-0.3263685157951189,-0.09176708976780945,-0.1893624716800914,-0.28538397201264476,-0.27092297578070734
-0.1279486582684528,-0.10337147271354488,-0.1721036722856052,-0.07189080401071128,-0.15673367339304667,-0.10488162334804685,-0.04018767437824407,-0.11304114393073571,-0.12566972101886653,-0.15162179766990252
-0.10210153179874758,-0.11356667492003172,-0.15487778940039038,-0.09854924867585343,-0.17532659739406936,-0.21706549783575035,-0.0220838941608079,-0.0445928461042079,0.026541064399944803,-0.022844181212145695
-0.15526102449492335,-0.08654205361457443,-0.08738536226686085,0.036062266008800165,-0.08994843243389763,-0.03649396558881303,-0.020103909181970095,-0.3280071290911818,-0.062400433792436656,-0.061501226919773944
-0.2409699529184509,-0.147736126853447,-0.012951569323665743,-0.1556889344629608,-0.25309221357556,-0.1297691798924007,-0.19326872298522385,-0.1910055784661202,-0.13431913472738882,-0.05416397757058802
-0.2932555384080632,-0.08591781905743875,-0.19580599207071586,0.0047770601983100555,0.03332615173618855,-0.24147369251448447,-0.0880942948242246,-0.11717860649681576,-0.07361597492783992,-0.013563873248736084
-0.11945757882700614,-0.002319873179720766,-0.031692704702578026,-0.00718727032806879,-0.2177775240445763,-0.16692602739983078,-0.021291858046328153,-0.19156361142642092,-0.1422307446930941,-0.13112776692657657
-0.2803150420798586,-0.17493120297639303,-0.16274242166316083,-0.1637230918077726,-0.17120611546137673,0.0005857150349955487,-0.1521532339842941,-0.27044807341520505,-0.1154139853254655,-0.16157850357038722
-0.20265826809687432,-0.02814167330772538,-0.2576344791680496,-0.10528356346357665,-0.14782496730004344,-0.1416855561481973,0.07675599340949807,-0.13089205539125373,-0.17812181880699637,-0.15010259014610364
-0.07908499765548072,-0.18664674957130925,-0.20836488523540037,-0.13984166700360262,0.004311077693541984,-0.10261873757536139,-0.18325839647853848,-0.23083059710019616,0.005656725416898517,-0.3454301232699613
-0.17201173687182442,-0.0191705428335687,-0.2750958208465902,-0.12111493266822582,-0.04020663153634926,-0.08960699858262125,-0.23691594226278462,-0.074318053967133,-0.001668656892389972,-0.07575598953346821
-0.11089946477398006,-0.15872998193819102,-0.12683039645028865,-0.07410658291514755,-0.1596778324634316,-0.07306637079306799,-0.13078229979654862,-0.12342219944592153,-0.19846894613185576,-0.12943762889211163
-0.18647626314643262,-0.13548643475657002,-0.11294689493005787,-0.258188351779281,-0.036359105795589555,-0.2106007388897157,-0.022429420163969788,0.039348524959408854,-0.06360730961875816,-0.18777725687058078
0.010483360800577254,-0.08633120294064886,-0.133950879120582,-0.1291215562034253,-0.09438536808854482,-0.333079640170697,0.018875164083909435,-0.1838750690420904,-0.06059638633858171,0.06192558547706127
-0.10735071229513653,-0.1366158677849131,-0.027248303901758655,-0.15473348490976613,-0.1944358140683064,-0.24222571890354075,-0.13303192699257585,-0.10426137128560156,0.006141277659281505,-0.12858196523036927
-0.22010572109386048,-0.182568977669546,-0.09753112640816483,-0.07020513357521113,-0.21036508690657985,-0.10789564659150076,0.03839696024577159,-0.06886771285536525,-0.07008948913158576,0.005984566736691593
-0.16387865968384802,-0.16060041313785314,-0.14510724839039335,0.030514156209271115,-0.2773486973955348,-0.024583547187674526,-0.18906446983619857,-0.27291585923654016,0.05267129738775728,-0.09069705253973223
-0.14899072199476443,-0.16746766287862208,-0.07413303817873014,0.02557219659831933,-0.04518752675453276,0.035743884087865385,-0.10112935901021364,-0.06094273301537141,-0.1280980793454432,-0.17219086510621223
-0.15199358165252436,-0.28959873556431015,-0.15419566332255807,-0.15622907918002607,-0.18698400505810828,-0.0663562606140111,-0.15473703061806543,0.0018024602479476681,-0.11159780304640297,0.1565767235267262
-0.1724420598480153,-0.16805751032968544,0.03758853701090352,-0.14730206592079992,-0.24465757053510973,-0.07537892907968752,-0.2124412219187421,0.0755654797485456,-0.11107315508587684,-0.36595955664132257
0.03841182498087084,-0.3138202672907834,0.026191950537751883,-0.1984074930380435,-0.030872725369578316,-0.20445784040723905,-0.2734622476631522,-0.12384082439995305,-0.045737088157251915,-0.12436915604872165
-0.18406443603867045,-0.3626873512500359,0.05030210670332257,-0.20609737589778743,-0.16885939126798744,0.01054654410795175,-0.12086676919931136,0.02775854052398448,-0.2977998966218443,-0.04776547063678707
-0.06222557637432618,-0.09763840924786073,-0.1082865958000653,-0.19254298492537503,-0.15286704075701785,-0.2676112717656305,-0.12772344350448198,0.10881325621362914,0.016852204703816098,-0.05310643191495411
-0.029092101528878117,-0.14002868423854478,0.047612390778878404,-0.2496346345070835,-0.07979478007642674,-0.22077833686818737,0.14512050647275443,-0.024167201540006067,-0.1440416898224181,-0.22264428226309146
-0.18382445228748662,-0.047528561481201936,-0.15674926292502578,0.05861312170684162,-0.12868006960402975,-0.2512030956180646,-0.02597224100588916,-0.19448950704633117,-0.05819656253055058,-0.23501971861416457
-0.19809497348540683,0.04540185876459672,-0.20484981684067619,0.06489381150038692,-0.07134216735378975,-0.0604832849067231,0.010705038693957003,-0.0529349905615725,-0.1497505455781265,-0.1766545760424131
-0.2910330361520767,-0.13483523377240553,-0.02528676740211311,0.013005637032929299,-0.05382404150195341,-0.4463140418209102,0.010205061206176327,-0.11748167730411717,-0.07370364031961982,-0.21031139360987477
-0.19829190351418735,-0.07397130134040875,-0.03356385251569535,-0.05270629936012037,-0.2783944444394288,-0.21631531203092041,-0.06487950106343573,-0.12402721632097535,-0.016805550526391003,-0.10592178278163605
-0.1346163653825237,-0.10165019379421995,-0.12850511304028406,-0.1516908833878059,-0.05152163433729268,-0.24321966629757086,-0.26445617751293615,-0.219888625174046,-0.10668549643243368,-0.06323174551914316
-0.09913155212241907,-0.13635596886698906,-0.15875890532076004,0.0004544456279044623,-0.09842442043388311,-0.3628119329286177,-0.01129729655128299,-0.1957822114391986,-0.03731044514684881,-0.17236152351114067
-0.1834375166960018,-0.11297439025591571,-0.04135771595512684,-0.13250087758830265,-0.11296452158273126,-0.20005958425759143,-0.06159504640630217,-0.13773059527567025,0.014907026157813766,-0.01131161381812687
-0.10212688558848027,-0.03417747539342618,-0.13658963606462168,-0.09620334914955553,-0.18578901544376988,-0.21396311144702224,-0.19370324013933124,0.02338242092196896,-0.12131803449479793,-0.1834146409848762
-0.22519729494325266,-0.07257779591041551,0.024889117122662396,-0.1220729343372367,-0.25742842927561393,-0.2796204642286051,-0.11858726164288369,-0.2150412554595695,-0.06548340770424316,-0.021186876945929453
-0.09438487974966561,-0.1401440149488581,-0.09344882248444664,-0.3756181513089309,-0.2703507813967204,-0.11627725325626682,-0.20151582154567751,-0.1704710844427445,-0.06470857309366594,-0.2305122365162069
-0.05475549009473586,0.018430081820446684,0.014884812043240547,-0.051735279232718534,-0.06501472610003736,-0.10340820556672492,-0.14772785058514018,-0.13967718041946223,-0.1734700901302475,-0.14042020038854242
-0.12276636882365662,-0.15540556541448644,0.03230216485057198,0.05260004441819491,-0.20400182116520926,-0.23288788918524467,0.06066473805617266,-0.17433800280488937,-0.10673258092906882,-0.07028221939285542
0.04406444802127549,-0.07685229758090202,-0.1259105356107103,0.007098342365246091,-0.2861442170520997,-0.10996702370462817,-0.026878636960937202,-0.08222206570658029,-0.008107196805687028,-0.12300296311416216
-0.11849142301327252,0.0014117265213403826,-0.23845524202971863,-0.008762810301367212,0.004365487839185805,-0.1512166057371246,-0.14645398094454484,-0.07726475651729942,-0.14076369758062424,-0.01961649480583305
-0.07865021754361387,-0.1122197290182281,-0.0974497131031176,-0.08289624742296303,0.009398453474074392,-0.0729581040025367,-0.14794002193651973,0.02289924232136685,-0.17718307660492955,0.0066251999115524846
-0.14332347175490168,0.06936218798772772,-0.0434222496037896,-0.045805979315542505,-0.1303942786142147,0.055292680771483506,-0.08842964012846159,-0.003358469096240664,0.042041289310556784,-0.19208896221967073
-0.11325342974238256,-0.01934246796346263,-0.1988027200991878,-0.16168736198118744,-0.029267431304097386,-0.06349361613965687,-0.032980387739907926,-0.08665467106399923,-0.08335448494721931,0.02114698671779417
0.004098975369629915,-0.06108063482367079,-0.0814686743035943,-0.01828631352766026,-0.07727860877768741,0.1374237529861479,0.056786209741820956,-0.11606717761505647,-0.1784786335320298,-0.18383667955554353
0.06923266896563293,-0.28209311817598137,-0.15773356333905186,-0.16851376675712618,0.08140734100966582,-0.0868780190171555,-0.05893167901063199,-0.08969619729580655,0.032530557190030174,-0.06023616559394147
-0.056090219945418,0.03736021655348645,-0.12154195387755817,0.004356664632269441,-0.03461562048823601,0.039706648271169036,-0.17882562874420196,0.10082077064521666,-0.12269807937902596,-0.020429186516542
0.018953223275413683,-0.014494242462803404,-0.03703080428117564,-0.10134620904815736,-0.13958027955282004,-0.027363197576873794,-0.04642330506667407,-0.0038962838738468633,-0.04658585958796194,0.013964666064933108
-0.055442517123919316,-0.03547524171068894,0.004560975716914002,0.02099850768736744,-0.04827263404434945,-0.1286844109647831,-0.11938835628158484,-0.1389020314268539,0.01411981665659471,0.01829711265860834
0.06603586530797953,-0.01788450984513017,0.08778016254376901,-0.007212135215154895,-0.21593819245953513,-0.05417445025809085,0.11483561462034773,-0.029196410543385825,0.09839018800188284,-0.017229118723192317
-0.033256962162420266,0.06715420678129025,-0.04860019112675149,-0.26649272254022754,0.03439395158971352,0.12186742053769897,-0.09073377953752862,-0.14935459911974666,0.009064314234134282,-0.0243633856214841
-0.05924154310493638,0.021807512461841736,-0.11512810161978412,0.04541073224796355,-0.03475455715679568,-0.1656792065828783,-0.013667063919831,0.11287176873208055,-0.03793722956622729,-0.02866940568363124
-0.007663327945388516,-0.1238215482519375,0.08531535662230622,0.08169207774362074,0.07658530141375884,0.014119188250583871,0.16191317935718905,-0.10473138134979236,-0.10106296368470735,0.06753460068301312
0.025938859678244903,0.0669288518213714,-0.14948607313765228,0.06835572656805627,0.03839853141992824,-0.20372984190525983,0.10511474880622344,-0.0044190082466595,0.04234454770827163,0.032532916810402976
-0.04879696356133561,0.0036182617652154477,-0.015261900133460328,0.042261061961030216,0.023205837723349654,-0.032589049971626136,0.015374492822139658,0.048197913682666654,0.04670844948746723,-0.1146307044676642
-0.02575334254489313,-0.03306561087601432,0.13901609495732098,0.04384791214738772,0.2183433942236497,-0.03705695837614115,-0.054265709523048086,0.07434937754154465,-0.013693206427884009,-0.20396968135880164
0.06447242508390696,-0.1863329655992871,-0.03739002862470625,-0.00027977955545921765,-0.13023970425605674,0.011746157641037126,-0.08323745557023965,0.1856198356020466,0.09302785084292106,0.04558246218253502
-0.09180362577993338,0.0829995168552204,0.06913364618366687,0.11180988341238596,-0.10152953075055371,-0.028984047796797995,-0.14407646164307247,0.11448682972681175,0.03958267109701578,-0.12043730941013119
0.041150844233774936,-0.1181092172682233,0.23889611433969743,-0.059758662928696644,-0.04893889054957516,-0.10241310949281819,-0.06647713632907257,0.11525427810115946,-0.07326483179956478,-0.04162001690604304
0.04225066643256231,-0.1804117305939145,0.12586772223459608,-0.1723995631506649,0.008071247497462485,-0.1493339240819615,0.013758468907739622,0.07785101140273987,-0.040027938638624784,-0.04595508557924754
0.10262454079544243,-0.057172787243130276,0.01854729813639991,0.18954549930778736,-0.06731364865794692,-0.20934007290287335,-0.06269186091889674,0.0016011324274798934,-0.11110270354303672,-0.06979626578023373
-0.21823364183192698,-0.014033625262024948,-0.03497640680754449,-0.10326400702110608,-0.029553509832577714,-0.00114705597535035,0.1348451539189895,0.08688487450776852,-0.003212923571480203,-0.08782261220751389
0.0464995893783588,0.03463927822537104,-0.17216698791070065,-0.00974498994056498,-0.19978180938739132,-0.057738898183331874,-0.19228472130303176,0.15089108609541851,0.03625471078576785,-0.10625664161014445
0.07124070967354715,0.1649793714470909,-0.2118501228535981,-0.10831717603492341,-0.21537199436440477,-0.0404090945411941,0.05367120905212814,0.026051526064579666,-0.059509248638781286,0.03165480500699528
0.03476420140946342,-0.003902550385818264,0.007107410208691958,-0.09390926541911793,0.13721695191072522,-0.21313597167148993,-0.16888259076040335,0.06809277649592123,-0.018042605592016977,0.06903092942963818
-0.08079101150066173,0.04568313047702765,-0.1276553186782492,-0.15026629327240704,0.0004544547901882412,0.0029724943101760853,-0.0987032149282615,-0.022210643489790613,0.0801673262439836,-0.09729765019990233
-0.023019201951652586,0.0461157786942477,0.010676091875524117,-0.18280651856849195,0.11305269638895846,-0.04411665969546846,-0.102113025548593,0.02713174063453683,-0.08099478879578248,-0.1702246537846777
0.07842039824950162,0.030465338642187964,-0.08305036098986926,-0.13169078233031328,0.05320512012840563,0.0396757403287282,-0.025097921679086442,0.1025367610980534,-0.11847970918134743,-0.1554923409158323
-0.009908765110206271,-0.006836904236820666,0.02522554521466367,-0.07242317291311796,-0.04114612247728685,-0.10856794742299211,-0.004544674044166183,-0.15885243567537488,-0.07325395778385585,-0.10990472505770386
0.06327446206200008,-0.10752041279144482,-0.13221472549064875,-0.006241852733378517,0.08095967856208873,-0.0804200868978894,-0.038432562711389964,0.08578810123139716,0.010962835485691231,-0.028479703102439566
-0.09688920687942418,0.029457955421362134,0.013375542636761023,-0.1323693260061742,0.022636058308145003,0.11539739652485798,-0.062190110954063925,0.033536614908249274,0.0954344742585341,0.18032446056206844
-0.24630304413210505,-0.13954233084718343,-0.01832570777315572,0.11338493209041224,0.007751040676146287,0.07983703268650345,0.06561403508430544,-0.0441231296239758,0.17985220930808346,-0.026586874303824733
0.04374833566395542,0.011095602436986887,0.12543016540479734,0.015292914893022525,0.10663400289432243,0.22256600986167205,0.012428030893677446,0.09398875751642646,-0.029724062625477988,-0.130246586575073
0.07397489433839469,0.09278680746911579,0.10602182635301569,-0.12820074454630762,-0.07223355247779381,-0.027486290013566107,0.042789262875172894,0.16532848399733419,-0.05400773619664137,0.21089897501760707
0.16533834288246466,0.05024670224277574,0.09496388547484635,-0.03186688493864944,0.056254805292421266,0.002072529354315549,0.09734610828040349,0.21891927049014273,0.009553574733314179,0.10983167012349675
0.2972740590057866,-0.1185297635340502,0.09568478284532453,0.010656264919359318,0.0810414979391802,0.046033697411771615,0.062053959850500995,0.19549490811133222,-0.09607727888425009,-0.08668250862767729
0.20274413924779816,0.23177289710225982,0.031800142894474796,0.03787355541266908,-0.0024646483602749052,0.2578076458726314,-0.007356064821175817,-0.051428401605718405,0.027703760864102697,0.14695341346424412
-0.0007340207593169445,0.13796306441549577,0.06674523183650227,0.11697525684506084,0.09782211652430847,0.02565178233980471,0.08334607861022877,0.15294899676991958,0.03280368773454079,0.03137754816141747
0.13042097000300623,-0.008852365811213361,0.19878148864962292,0.10517142500637323,-0.06970993159168043,0.18650663552694402,0.0962518671693813,0.28193693888340066,0.1963795656724475,0.10503816682484518
0.21273816881508184,-0.02165800688540845,0.048312256879085906,0.06531512585871857,0.02518137098726672,0.043637247917204885,0.07118118587536701,0.08959750761465314,0.06644360169009997,0.14813074366478562
0.13464470040037213,0.08307274820436367,0.09036710267470689,0.14850577079588018,0.11700479811542239,0.09861368759195165,0.09877401408834378,0.19300375566593145,0.05671504454097745,0.3073799195115736
0.01609113193424859,0.22773445163461703,0.12292056246251508,0.17953024956506414,0.2637858048099657,0.1785144770785455,0.2863911792884065,0.03354306108941803,-0.014200963337415953,0.15667030694325035
0.006129719739181014,0.012557090339042315,0.006393403470907437,0.05124925576442919,0.15118739641247422,0.18258467327919345,0.14060937994248224,0.24246722169467044,-0.0222363787397976,0.19962557098108627
0.14898674062974424,0.31284750703245434,0.08215898479359499,0.1305773893400537,0.2130248873079036,0.028545469859214606,0.38709405575220046,0.2861830868774903,0.05610507524084621,0.15891226693150678
0.07539119630074106,0.12295292078844298,0.07527382311706297,0.13234085807192178,0.11083989482481943,-0.03866487977007815,0.19132231128282343,0.2792964129857077,0.013628963070972125,0.17097115902992188
-0.0202844622068307,0.3914299784313239,0.0446527925852675,-0.03019119277923804,0.046220343908618566,0.036242961084433624,0.07403989501907829,0.14241297690362986,0.06580090017396412,0.08464078899368262
-0.020828228076447304,-0.03126126709425536,0.06503871386417576,0.15825170276124462,0.09466961538680906,0.03835423639200722,-0.07994469476372101,0.2664641273198596,0.26157488057930345,0.15723291850696594
-0.1339527792177672,0.19009766955275756,0.2845894268032337,0.022330671353593914,0.24138005287075098,0.12456814056732105,-0.028075374053567956,0.18795822210652824,0.004895849450727768,-0.00025403176534945227
0.03808476310430975,0.011078166927238814,0.1234473819758586,-0.028806211240012973,0.1765435299051358,-0.000545532930826563,-0.06924579562653789,0.021436545539263774,0.09966844966917746,0.011936413086807353
-0.07813146235419605,-0.12935410834464522,0.18772644461190216,0.16158880579897014,0.1760424449973225,0.13009684286304088,-0.12209494340634391,-0.05869976439427209,0.1097406733596315,0.06014265730714203
-0.17749118677103867,0.07790017543190464,0.030573368503621814,0.11082154222323876,0.25219238558825996,-0.11524337685880605,-0.10808186137571334,0.03322988690115451,-0.042658118273209415,0.11278574366356188
0.0274092499213019,-0.06023885394324365,0.11832430320435554,0.013421543556508118,0.2301657619356453,0.024957710795766995,-0.02176559790960623,-0.024170600747571706,0.025793597992874534,-0.06610723996299044
0.04856569234828334,-0.06019778850632191,0.0007779762820300309,-0.04245332491940261,0.1403902489253383,-0.0522521249271846,-0.012224386215915942,-0.0013987255789823586,-0.2544144118504891,0.29630188128312007
-0.2114819788343759,-0.051405735019764566,-0.08422119490645794,-0.06094528310763886,0.0683299325571531,0.083147950588366,0.19185247959492585,-0.20667909765700282,-0.1756786527435379,0.03436071566620266
-0.07252662853025416,0.02115361918974657,-0.022247337928518546,-0.13935182674960006,0.11254413095244326,0.046757207666352586,0.17481919574994365,-0.02599485664801157,-0.038033305909242546,0.07380511005054338
0.09228662501118146,0.09978171379544945,-0.16402570874847355,-0.07595854202768085,0.02184491870067356,-0.08112300193979322,0.03769615929707849,-0.2238107833996858,-0.07325355478461885,0.053660356134411655
-0.08186690160190249,0.11386867851996478,0.15038454270401297,0.017184345721934724,0.15008372269526493,-0.024850781714946413,0.2332829191925106,-0.02381215029275291,0.13150744028724415,0.12897588568656715
0.2289190237489153,0.020937317440749087,-0.05346864390521264,0.05653922586124169,0.045394497160280774,0.03553252917737154,0.09696355068283916,-0.09651842916525383,-0.00106565938970124,-0.08692745100345936
0.06644131320603752,-0.09221180242318455,-0.06524861931036033,0.23231507221463665,0.11846674259043914,0.2900418243601939,0.1389272395239312,0.024999528238426664,0.1273237525492053,0.15035077221196513
0.0896002383538731,0.08746092654470423,-0.05837284072655367,0.07694194460979982,0.16879793055083747,0.0767900402790641,0.038426720885706075,0.14073011782977587,0.006448142932009113,0.09070400101273134
0.18954900765720992,0.0758926668306152,-0.08660535757878654,0.34355173387083815,0.28321189321423523,0.14378837359556718,0.17628393855740196,0.2456526117565348,0.13962289055041313,-0.019708871508573353
0.0617300381573072,0.04439531094674761,0.06990403561497738,0.31366808413263336,0.14394792246861898,0.18586295698206057,0.047555871980835725,0.2712440486951705,0.0535052667973352,-0.03786991064856279
0.3677777460603641,0.043927086545253125,0.09849242395642806,0.18348282880972752,0.022516695735438547,0.06220752422401597,0.04371674709108715,0.2785685915104135,-0.07408417064228484,0.014937472248240588
0.1031273843816244,0.01753785684016304,-0.01590913906544228,0.08734356452762254,-0.020502344368063752,0.31452080416449135,-0.22066840281883163,0.43937453917358915,-0.04082943954207188,0.10751581097444429
0.002934046791546671,0.09218225234296863,0.10469753659698108,0.04761768952426639,0.01175422579679608,0.16038051804298628,-0.02029447965326603,0.17157790325579722,0.1578514336821216,0.17400046676132563
0.06876228117326114,0.023392550148765293,0.16867950049530253,0.04539213014242739,0.10402283103288679,0.20206253661753898,-0.024144776812916057,0.14645076818573705,-0.008217778104389464,0.2061957591936348
-0.0031054329707848466,-0.01156283382384119,0.16179749452650324,0.09972062847431883,-0.0634967001186448,0.38782142440381695,0.04400608162539973,0.2674128029588338,0.05720489165222645,0.14544010147696484
0.0011375150012516155,0.14179949625982186,0.02230996696696544,0.06491006647404236,0.012509806761882625,0.041963767183550604,0.29163276084057643,0.18684000330982514,-0.10719666164129504,0.20768301504286987
0.14780027031066953,0.05789944536953093,0.01983620759061168,0.31092370950143167,0.24488193143788248,0.02806429415469286,-0.01170842300782965,0.04799374398185639,-0.1549337993041599,0.20797707052385084
-0.03164514267964404,-0.02669627902463864,0.009618628049491651,0.04367337758722141,0.06163261770584434,-0.014876193977608226,0.18100322788030015,-0.057132628198044766,0.06979914787400295,0.13020502063865538
-0.06264871798810481,0.029677456727773624,0.03383425515945511,-0.034588868604117376,0.008152061318062287,0.07147089879185613,0.2497973559677968,-0.1274861818202693,0.03862603042119091,0.056624549410405144
0.05763107334041215,-0.05436645248560461,0.10819074338981491,0.14371456446601943,0.18099522857279496,0.1385843226866907,0.06292643476545019,-0.18412998426134308,0.06974485333051539,-0.009137830546619471
0.22348017665485098,0.045905879395614954,0.12757889051595006,0.11556458351935892,-0.1975845818647113,0.04920983307553656,0.19749816470002313,0.0957841577412123,0.0861448177695055,0.04361796477175436
0.1367143364999051,0.14793241212758396,0.279837675929127,0.16951683547815832,-0.04195358995125185,0.08015471322130405,-0.009662562893052867,0.008057569538699284,-0.03870432193376072,-0.10383298669310681
0.2353139646270586,0.1847233700619041,0.167396578169472,0.20425824909766938,0.01719174713154087,0.15021083996200915,0.023142395423059972,-0.03908765696243699,0.263146936802124,0.18045254781586942
-0.031847474427622674,0.11479145524903696,0.1719166149086485,-0.14711242589558166,-0.04179235943045567,0.11038280635189068,0.1469821748432371,0.24282822010047683,0.026715304255667482,0.12587070135856232
0.10733356753737543,-0.030196065100680902,0.08753230283997157,0.11359621018536523,0.2811104590117588,0.03299188826067076,0.13665778923791305,0.33674345649148174,0.06515081067011262,0.042366198186544884
0.21120415286386734,0.22119414332044884,0.20830215806434255,0.1289753679637738,-0.00038579004522008853,0.006822133080151838,0.19439159759431154,-0.030370019891669917,0.10362740633779058,0.18174990962400522
0.001515007788858408,0.17742743418577378,0.06672897333570715,0.06877779471331318,-0.020401471670216706,0.04418309584655644,0.0785317889368746,0.16797866356227348,0.01425308717427691,0.22392668267695232
0.0037680718916144884,0.16249519112210373,0.07239617418084843,0.1353471026738626,0.19603656701398559,0.1651812750318212,0.14125682091647293,0.09689791964181715,0.12555703746872093,-0.052982620364178515
0.12245859841874449,-0.07521158934900338,0.023290580382404814,0.14004334600743315,0.23195460585978833,-0.0845030823963381,0.2622769411899593,-0.07292749770143993,0.12136559533066421,0.16576916609991896
0.10003031575794419,0.21898536195051235,0.0930888482805695,0.14505477687858662,0.14765396502386463,-0.17477723587816812,0.22081155276187908,0.05873777483156577,0.10148354269386685,0.03463632032102311
-0.10684196762493323,0.15496363865616608,-0.0487674222934143,0.09940185611542185,0.031536176184750686,-0.03359484657642784,0.3199745998275659,0.0062342331695580885,-0.08554397214769532,0.15957755804275775
-0.2900049511530879,0.1796198523805948,-0.01608592558967916,0.15674364649889658,0.02551617821895028,0.173703364242839,0.17864434674013277,0.14899124709684902,0.08856348883756007,-0.03140030338344646
-0.08785685262433839,0.08660774878168605,0.020068549347084685,0.018325720556831834,0.21422808715069863,0.0412967518951302,0.16209794679615414,0.02410431251532997,-0.08717282552829803,0.10915163788017525
0.21471460764338252,-0.161075559572882,0.07993297251910801,0.1541445410114422,0.15839687050974433,0.04206384763184923,0.1706519158279427,0.07783072264516895,0.050613293510179395,0.05157447418503277
0.11519037980009324,0.00019441000445578893,-0.001253594490748522,0.19454377657722477,0.06947852933742385,0.07151292358485059,0.07428008063099258,0.1049647329429791,-0.008047043725117501,-0.02129792195546791
0.12440157270900461,0.02839365952405466,0.08421374532389293,0.11366356010231538,0.15169817832636218,0.008470133432547738,-0.0018136435461699324,0.06200372078982705,0.06244573715608254,0.15461920805818982
0.02103600620508419,0.09657699571619903,-0.050711623241044584,0.09026107251259645,-0.030431585128333105,0.023810233313907622,0.41361159160542027,0.15147820808396373,-0.287802991253033,0.043492178872439904
0.12795942437013805,-0.08670532416643809,-0.024132764893774798,0.12655826052435326,-0.02306877406548545,0.08325441395289032,0.12166169481253292,-0.015410377113040864,0.16624721427809394,0.11431853376665861
0.1019398108024685,-0.14220034063458226,0.11173062834463429,0.021642559496389477,-0.04748037142801177,0.12558195719229034,0.03039998873703137,-0.1275378844603326,0.05015074618167044,0.1597818023514987
0.03004373696078559,0.052341501721169414,0.04025015788911787,-0.001263722253588631,-0.07124607766578579,0.1355325927491545,0.03462472931138779,0.20892713488638837,0.044148786928076826,0.0190130509987166
0.042857534820828075,-0.09096546709519807,0.0730259028747201,0.023559442718697858,0.025030456661422416,0.2033063190198674,0.04813010145473466,-0.05892064163440439,0.1023117905028493,0.20590335300198986
0.05094304513600073,-0.03008850603643756,0.1484063613494594,-0.015131843222931221,-0.0906872888770745,0.00611989132297347,0.12345252479340872,0.05379876606416311,0.01118116077517645,0.11436449599994726
0.051734706030438636,0.14026140553963265,0.1709123105791435,-0.026868413434529344,-0.0237027259934909,0.10717759445068746,0.15733435837619258,0.09888007918631783,-0.07169477819494258,0.24950527281125467
-0.017981551087316895,0.12117874482671329,-0.023790229718101526,0.032497016191762304,0.20022261692315788,0.21641709137116097,0.13571997526228943,0.06096183748407948,-0.020952695685161168,0.07539493741495888
0.06712397045271523,-0.09139576638924808,0.017965789274460287,0.18084051084428063,-0.03394539502065341,0.16700961251409424,0.22293874653305162,-0.17783416608269315,-0.05315457875512658,0.10355458762303248
0.0186394962744336,0.14767672118127495,0.04048672919093169,-0.015796243364887816,-0.03476678773355328,0.330087804156114,0.06423141147349223,0.16010161309529394,-0.08509765240791244,0.03062028195599653
-0.20199070051066628,-0.10937896526388288,-0.053784406828695605,0.07964244735750098,0.15142040562977407,0.03098599212408465,0.05677714155563754,0.0746382603658557,0.07951559718353844,0.2459958457103002
0.058718815513892006,-0.012433369383684917,-0.054458690395431386,-0.01688631712141915,0.030039644647180196,0.17211597227976805,-0.005375583755473562,0.07828432097699355,-0.07190995994414574,0.12216028052842118
0.08541473687333712,0.20842159285711595,0.026734730163110114,-0.1687818225273984,0.20770563557578237,-0.046948797162292125,0.07709022360312884,0.07385554475385453,0.11635019121430086,0.16311604987452832
-0.002253342200482719,0.010515516370369401,-0.029112917368279864,-0.06852418307561224,0.01951495475483231,0.07978592204423147,0.05616072330162329,0.054664198204668224,0.030370600568720957,0.08073592138745564
0.032571710066952975,-0.02639924404150374,0.03680720296023655,0.0747724196000241,-0.15944725814022517,-0.04339580778779527,0.07420615781398263,0.18519493049943248,-0.016008382383850328,0.039509630329602995
0.08625763314937378,-0.1558969723160703,0.16750497187954483,0.08003071896110807,0.10873193190051583,-0.18408155365770532,-0.005171550204486855,0.1484296614932795,0.059226059794540944,0.16798467077099696
0.07860467893686082,-0.01934657456482658,0.027512554113343482,0.15979937040506476,-0.10282558012793182,0.05688834603729044,0.1300045584355104,0.06531758406996764,0.09651252689996508,-0.03812311307113733
0.18737775284839384,0.1407527005242139,0.11627735744588177,-0.06459779231954628,-0.16277599607819393,-0.04846804905864509,0.02932120430021605,0.210299590695173,-0.0025823792984326285,-0.0817298367318173
0.02580217254287527,-0.01070441560878485,0.028992313258831018,-0.04141236669868041,-0.07064323159900127,0.030126784398341145,-0.05109405403380366,0.19479849005042466,-0.08366739668493799,-0.0569510916754193
0.013819379346877887,0.021208303790728293,0.006120189274759692,0.03869666354771914,-0.02763825388870121,0.11628563501925224,-0.1745440964229622,0.04476332829390017,-0.07740403935724584,-0.10179234291469114
0.20553895262334493,-0.02501162196110311,0.126645402982007,-0.0234927020552748,0.1645721143213095,0.0799274626591238,-0.19699729597835045,0.04909534711191184,-0.024990447410642415,-0.010892187278750711
-0.12680526548941604,-0.04210092678389299,0.04936235119952137,0.05973667698939597,-0.010881117022709878,-0.07060321824683301,0.05468275483210546,-0.10539527395048681,0.012421050973417957,-0.07460672898835352
0.013455906176508546,-0.19766481100837163,0.09410288441312707,0.048814786799100805,0.06668671155338272,-0.06476920937725826,0.16791384482764452,-0.11261295460122746,-0.09583367693576271,-0.017208732620197207
0.1088311407386615,0.03349055611117112,-0.043385124556195254,0.041126670823599824,-0.022058478239683595,0.1388763199819102,0.020716101032290324,0.13335734651708522,0.14551890098808803,-0.06367570966884124
0.00877765103270672,-0.042387954365183,0.3508511524758464,0.10102691788424642,-0.226226459492454,-0.07637625190449103,-0.04881694592979442,-0.009488347982925405,0.03553747963961065,0.06968777771080908
-0.019250807998211744,0.134138388139799,0.020990112640019303,0.20400630249147597,-0.04102117022000175,0.02294935398067293,0.05871449006275441,-0.22055548814751416,0.060887251952220986,-0.14478196804222757
0.08100061094803457,-0.17204117216979542,0.0596228825523981,-0.02817952697150597,-0.04185824960134258,-0.052187469820491786,0.15643835745670479,0.10498363706699815,0.23696637533800255,0.09179510027120141
0.09191848106142556,0.02021071109959878,0.06602610116062856,0.13161958742196309,-0.20563992790978253,0.1149973058348664,0.13971972888514422,-0.12599035706764378,-0.04941393581376314,0.10450961978007785
0.07524372912694796,0.010441411239916605,0.0983013552193827,0.17613928224044845,0.16008058911245668,0.03713196468075992,0.19108316467271053,0.054220926328569244,0.044139242872152366,0.12394573930918318
0.029405011299272723,0.21184736015055805,0.11000407671947518,-0.031876277069438894,0.05251066281847433,-0.10120986612238678,0.1571350467315964,0.1621583001756235,-0.04225279223043579,-0.10564702271004318
-0.03025198590218208,0.062153393223266955,0.24945733474897852,-0.12250721694218765,0.17180227490004849,0.07654360979774955,0.12901506733696225,0.12663345109754856,0.1034200549868424,0.11975614439483369
-0.0496565195020076,0.20742670710080363,0.037544797541300204,0.18129622988223354,-0.009016544896736464,0.05350806815403683,0.09145290463729357,0.0415266671096742,0.2280643759029721,0.057760150364633986
0.1166623841667311,-0.047393083333364464,0.15152442453118814,0.10141111585145399,0.058560924458541316,0.07052018770753167,0.13286874091495726,0.11922418588232425,0.2657901966040783,0.015231378023085291
-0.05844220549574458,0.07758749759402586,0.05231498591241737,0.041942338602099075,-0.038497458655593064,0.03237037373050672,0.28715992901481996,0.048512838925865505,0.031088432518095593,0.2277701145955588
-0.028391877544071048,-0.09098298690220005,0.0644013893187095,0.21636708957507722,0.11262261877036905,0.0717846762671481,-0.15414411043611673,0.1473521262861647,-0.1837427877931176,0.038231731741873935
0.22824796431745473,0.10847435918973802,0.072846733513276,-0.0592237958633966,0.1367434298771359,-0.1791671122623556,0.10794881912780885,0.217554821487657,0.054110819641249225,0.10819155384708781
-0.0029883719304105243,0.09787395121303069,0.015638070355279955,-0.022194060886934555,0.12347699065066473,0.01823164130179999,0.04246808520623301,-0.050441549903539294,-0.10365212139053123,-0.04079569000855282
-0.14617679363229788,0.07214485368138886,0.22304696050384074,-0.008988629063930572,0.1357279051527892,0.04700155355119535,-0.06318771260489098,0.05650163118292771,-0.27070273545112866,-0.041192514289364664
-0.18092187939754137,0.026973983349958465,0.059645807386426476,-0.03141611840204915,-0.04755785775273594,-0.12054971136830343,0.06172051065469571,0.1502838698617813,-0.030287066905263706,0.0740400190449706
-0.06563135943056239,0.021464500730994786,0.13393885798841648,-0.026283889548590334,0.048096343746320734,-0.1401314501368696,0.05655004013655709,-0.17204066607822158,-0.015160771284047761,-0.09190449065187631
-0.11980072057973451,-0.037588700973071584,-0.08557803050081758,0.09281715379966946,-0.06925953148931666,-0.08485406133087829,0.03774055455487417,-0.042895739446071515,-0.17924847600618626,-0.16703480993155978
0.003903760082786159,0.2695889436288749,-0.2007182321846226,0.080076377753196,-0.11986503145705926,0.16126459124151407,0.0629504717635572,-0.1527130659064067,-0.05348343089733951,-0.013109392474230652
-0.027749668270867514,0.07332472510459245,-0.029285009867392665,-0.09967020172809926,0.03199875935465743,0.22410301630878243,-0.15869123097820764,-0.03419372392573483,-0.09775178045442845,0.003918557618452501
-0.07594061084975158,-0.026175159503456787,-0.19312329704505787,-0.05294306946377502,0.1456267835917202,-0.04048287459416269,-0.10180221426525032,-0.07745800664709913,0.043670628488346144,0.12818361472598577
0.2173101103808382,0.03181784077230071,-0.10176573481139259,-0.016265933852466472,0.01965140363498208,-0.06426507313233609,0.1071312520022969,-0.2424982094972276,0.052636615374810514,-0.14299229376391326
-0.03595393097483354,0.0018090724697026129,-0.1541015022545112,-0.04632024373101145,0.13529353126906268,0.2014777828536649,0.024489890803918064,-0.0426143715602745,0.13520235439694162,0.02065741055150976
0.11605499460315222,-0.0606553986790877,0.14205747480785094,-0.10462214934933536,0.115821243364126,0.029616981257998328,-0.10207624801083669,0.10817621052182366,0.1534383469318878,-0.02001824951433606
0.14400870273005756,0.09572557688425612,0.05333122943295762,-0.1264391178045052,0.19587952400340292,-0.10970628334283883,0.07937463050108007,0.05967633453286578,0.037406600403560294,0.025996299744039237
-0.03250639330497178,-0.08587961455484133,0.18108792939654367,-0.019763836441520313,-0.1186147490161206,0.1564587053780901,0.0011926561193743544,0.07128255923234442,0.3165463756436336,-0.029022382591871405
0.11705507361362519,0.22969209126145132,0.2083892099591585,0.11547658666812359,0.128887601293878,-0.09324003916212656,0.07134201653016853,0.15373014066783303,0.09156721860120012,-0.22290633146362376
0.023714459168957744,0.12599026899209453,0.13822304700311133,0.16164418171500067,-0.08681936472282491,-0.023231144821255205,0.030040982709499554,0.16343675681174882,0.020417409499519243,-0.03806489402996627
0.0307708957080649,-0.1550361984502153,0.19413227192394092,0.10685285069821418,0.09801555494852121,-0.14696803617229334,0.07298731006492676,0.08587179685187495,0.06292664795897059,0.08578647908576337
-0.05785693714110435,0.06746238955358856,0.04838293960184202,0.012812076940367297,0.287571549679443,-0.11297889090415775,-0.13179828372291968,0.2132886603593477,-0.15110253791758807,-0.12220981790917292
0.029526812286734802,0.05987381398691251,0.14913775130086393,0.04774280928834851,-0.06904123376331844,-0.04795963686770443,0.0702123917981444,0.018749637511939338,-0.10199902321088156,0.06744708598836889
-0.2435346469203015,-0.20266496866547887,0.052582917865341416,0.015975581199373694,-0.0828490725300194,-0.07959610269332769,-0.024410792267055045,0.005954730235209076,0.15612193150063056,0.06243609195963354
-0.00504287414167752,-0.013870101064211732,0.1818526834474841,0.05161222473032368,-0.011810769875215014,0.082822478890968,-0.014336910886567664,0.04815426008582042,-0.01192318651366437,0.0803656822184847
-0.031411110733729694,0.07007253482757844,0.3738661743067554,-0.019458468038364526,-0.1028232380044411,0.017409099801680792,-0.14286941331276476,-0.11414548944535712,-0.03637603155155781,-0.03836493178249349
-0.002848156815198042,-0.09038655645661864,-0.07804138385209469,-0.00524945129806798,-0.11921690573259108,0.05683174137431116,0.06990567669305235,-0.1101731326625873,-0.08862865011109498,-0.08935747194027391
-0.008191673327796396,0.03137740575886756,0.20477518702421285,-0.2441642169476962,0.008184582048800966,0.1839958895266337,-0.0643149708595514,-0.13990550627958234,0.04427268775060744,-0.03974937341861916
-0.22621195763985671,-0.012911342974512597,0.0826879483151864,0.11713195717961278,0.07563192959852992,0.08579984160393009,0.20893952292656764,-0.03697845363218149,-0.17280078487399897,0.12485935693047559
-0.08044672006528845,-0.07015085414302542,-0.052961656283441176,-0.13639174621958278,-0.052009208617925795,0.08525897045725402,0.09109622006233158,-0.014301188527092695,-0.08643268099331741,0.015429316066711971
-0.03694078423228361,0.007569969237711397,-0.09462118670092692,0.08468120681985913,-0.06550710783890486,0.16868326463306205,0.053649353327259515,-0.13357705830731761,-0.02079522779975164,0.025820207826259205
0.03440471953348743,0.061613607094416545,-0.023979028600707906,0.14756540669450782,-0.0185871385051433,-0.28288835377412225,-0.09322629631749493,-0.1642304912565246,-0.0862887818159378,-0.14614628325165477
0.05566074827414507,0.06993017557330557,-0.13532925151048758,-0.1428352791477708,-0.011608470779424425,-0.06583161148255927,0.036419007145067434,-0.20128711000820154,-0.12830316740416506,0.032544407446030425
0.13247869725666642,-0.06827653116577864,-0.09107469726310688,-0.08777595250187895,-0.05597492925283824,-0.07858711511088581,-0.050050243453691495,-0.1241091934311474,-0.047480127162035375,-0.014452846163293507
-0.10568475798711502,-0.1341160525277289,-0.03752784696726711,-0.03186821398341291,0.0012333719635655785,-0.08845337406367551,-0.07442423191821326,0.08335433001189228,0.13724171330795198,0.0501788513353322
0.06204967868501343,-0.002872180527256161,-0.162750479447569,-0.07205465459633321,-0.10210689142070162,0.08960193264860541,-0.18448769310483554,0.08045552361066427,-0.15047183960176322,0.09240728022821294
-0.07764382849998085,-0.13631053810981336,0.061567662613693286,0.025608465056706997,-0.005525837893444831,-0.02183915130587431,-0.05427750878705782,0.13038429333761023,-0.09377599814781873,0.11568395492809178
0.02587067599397337,-0.022234896051778814,-0.15178104347098564,-0.03968278613124899,0.05118314189803544,-0.07621628985865567,0.0715913306344266,0.01809738203699511,0.00022871854498094507,0.11478643793680776
0.17456499489885713,-0.10878734610244417,-0.07596547560831061,-0.016310542104540943,0.14148279067160252,-0.038069903254191635,0.15459711876919,0.0024957963267639087,0.0052418006348988674,0.013455505169629043
-0.1537281555862565,-0.06966506978259529,0.0737045914865526,-0.14484010136686656,-0.09835778129614221,0.07420769941599463,-0.06346366414428693,0.025477476210975247,-0.08007784347292066,0.19278203348021786
0.16571649596477658,-0.1329841786533573,-0.020939570607653547,-0.019527215198840604,0.10858297547379822,0.07912189422239513,0.09813618396046589,0.07387705742048639,0.07969170238032677,0.1273143326295482
-0.09295985881175543,-0.058353416021572874,0.08180563112585959,-0.0619164149273159,-0.20891320312530132,0.09276038807371996,0.06365891859282398,-0.1749768974071874,-0.14899261184728543,0.07782702285084053
0.03830637110583078,-0.02251241468227683,-0.045910105659912284,-0.2549947178418233,-0.006874740371345988,0.11567943619315882,0.11126710193535452,-0.17167645013957705,-0.24820717793151859,0.04773227491040906
-0.0334644239765103,0.09291619738584374,-0.09511684215141925,0.12147198901424137,0.11915766504686616,0.038697894999681764,0.06672693760598203,-0.11464236969404357,0.05211732955125183,0.18990191939630724
-0.0010566072505053155,-0.060341436151436126,-0.03259583555812892,0.032468508871370746,-0.03859948051742906,0.1735892511342339,0.06472408508525887,-0.08295739505501223,-0.043591606097798205,0.16056254841519046
-0.11141290266909168,0.21250459575537717,-0.05849210242202596,0.04585396472419762,0.1017919273454686,0.147987561330697,0.06461277916938972,0.08003636527718548,0.06019672439253468,0.06257242338967597
-0.00920655879669599,0.14725013506267642,-0.0166169447540199,-0.058539671446973404,0.045882294354762834,-0.07834149409677507,-0.010693640873873943,-0.07954945704898916,-0.01389751866186359,0.13843904762498696
0.05346956516022239,0.23350063050309358,0.2400321096707094,-0.03383737212489092,0.0987908183102078,-0.043632873475565055,-0.12332852966490018,-0.00011629200820623131,0.07546661562750946,-0.01832057113615579
0.1394003370155303,0.0899599440642134,0.19852440401597976,0.16658289954954839,-0.0169788055689179,-0.07406431418190382,0.2196118005326138,-0.17433247113465292,-0.016134950476606777,-0.0019163118436759698
0.011469661149151631,0.1216564986817559,0.07610232743452039,0.13038393553886787,-0.00987642615781125,-0.0067841300256203125,0.1042035839875454,-0.04758845918915509,-0.05543539351684132,-0.17848387576364894
-0.014506940994028845,0.03133467915943405,-0.1067006948503133,0.0040302602594325665,0.09606605867074938,-0.006584587881646358,0.1813082928945857,0.05960476048792956,0.1438746249813399,-0.044539452115517096
-0.016782999517609358,0.20310753295624517,-0.17613417962617342,0.24903892185925808,-0.019071126499425665,-0.03820632125895138,0.04809157906301419,-0.023764703185355777,0.11082915763094085,0.016904304716854078
0.22063274905581237,0.0862241477702574,0.13694470201994324,-0.022154186219909097,-0.09589201841429679,0.0795730013663018,-0.012955024786419984,-0.020114795415588485,0.16782414970343906,-0.009294577283102207
0.18801349610154006,0.058713333079304084,-0.1892692537688274,0.10155996056014563,0.008678532178720139,-0.08962564794336958,0.009628274692398738,-0.042755611518771774,0.09605422718058468,0.035279400827514656
0.3298007988859547,-0.02486650360539716,-0.011791696534468769,0.05967472057828955,-0.0005058551686895132,0.024292861649988895,0.06483381932471713,-0.008524401864174455,0.24402539837771706,0.03545926707762368
-0.007972151725652604,-0.15624859022656298,-0.09201463881532876,0.05615043822022181,0.14012376280944466,-0.0016177533723647775,0.12574040074217813,0.06677456284234806,0.430767070056321,0.048817781879887764
0.05672854879037317,0.1470197725306291,0.13563671958998033,0.21153807418068069,0.022445231974556806,0.035857236654130084,-0.15570762108670602,0.2296283993825935,0.02266204831134626,0.057271399661029926
-0.0829069047318105,0.10008903157162737,0.09164689679138865,0.3325932545188553,0.168679493665945,0.03850123538792248,0.09689472456296569,0.18442659247405518,0.21185179871843113,0.2516472226011384
0.13517894829859603,0.14482362107921934,0.01665824791036484,0.3513881236378265,0.027532674516079624,-0.11195473638880196,0.12629873508677408,0.2639941659358218,-0.05814135399259068,0.05035420465040979
-0.08941760666777886,0.13202736133314003,-0.025068018430091127,0.1048587556106204,-0.03296520878203938,0.10921909915341008,0.15807991929655119,0.24324936505218808,0.04860295729844527,0.04475778274263796
-0.061173409567531103,0.051079748656260165,0.30371938466289833,0.060758081354805205,0.14126092231661586,0.11678313515710598,-0.1373720763188714,0.1499517552474905,0.10737358004617369,0.14190141357359243
0.11158599189649479,0.10952682473025266,0.10260804364200209,-0.00021250532729678862,-0.1411338850412195,0.07507384034214704,0.13784603294264228,0.011454393851605266,0.3661396669884816,0.037640447798333615
-0.11028964558688004,0.06696402136333707,-0.09808323237157085,0.16593422515068706,-0.029775305267309274,-0.08050843179739631,-0.05043824604232747,0.08811984467899003,0.14677772525925195,-0.028029871111866167
0.11346038629034241,0.06966325423480281,0.16704989735963768,-0.06364922512936294,0.0021438464896072415,-0.10748340088630706,0.12837145931185923,0.2941112378182911,-0.05907043660268803,0.007520949282005897
-0.10011689434727575,0.05032723157676432,0.3161466975440612,0.03917270999994784,0.08530491250024669,0.06587447885619815,-0.014407096200904829,0.05156079952393034,0.10864161845505706,0.05607063612602728
-0.09129998274683548,0.1655193963980639,0.11435011243154364,0.13574163412442347,-0.22224235058548636,-0.0323582744432592,0.03450916466991939,0.04769315852980615,-0.05203880398799034,0.1451793515342507
0.10715732030442508,0.014812456133824935,0.27381851017218833,0.06736356880510341,-0.19927464228616626,0.01705362043040405,0.10585310561972011,0.1639444530458396,-0.062430124922687735,0.17440255600124938
0.027982403682495223,-0.010225853675695281,0.07885219805238665,0.06058089063538979,-0.07377701725582513,0.003409535729718253,0.24608681257951312,0.1017794763706193,-0.12918233889827552,0.07200177267041571
-0.1496502740215566,0.16794256756702447,0.04486595065825606,-0.1638106683899307,0.03676958637443044,0.07956025417191467,0.1581028928581102,0.14937843674651527,-0.04930595763667229,-0.03933598544347497
-0.051114352036247604,0.16776872733304649,-0.009223582215561812,0.03908669104494994,-0.11608095167163894,0.021315365541946643,0.16171211704189892,0.008726818220400709,-0.05749354352851842,0.08161576805236131
-0.0475646220578931,0.16707094929964075,-0.04293792820641759,0.0659926031191135,-0.1398674487820644,0.03794792518536705,0.15638622848056982,-0.04997271228318815,-0.19325887067314235,0.06604489840471149
-0.1594961898359962,0.046151022169463735,-0.09977360591300433,-0.19409819362824726,0.012357353256436367,0.06277046046816882,0.1411082567916003,0.05479499328547704,-0.31816717002516093,0.1290605393558913
0.09101541383146876,0.20178449235712065,-0.0858000764996851,-0.029067249008023276,-0.07213344370940955,0.010936716580310098,0.12318089774997898,-0.13368819726650158,-0.03147467878277015,-0.017531192669916172
-0.10083690031797338,0.06731590416446509,-0.0845693874863009,-0.11175295774836147,-0.0720167312435715,-0.041926313839583874,0.07443287029695664,-0.010881652188582489,0.13122267050274083,-0.040858518294159374
0.050910928373341775,0.02889982770851425,0.060736545333099384,-0.12515000121631065,-0.05956441164056862,-0.19399096576458846,0.011891698689459764,-0.13580194219510525,0.07073570854689729,-0.006705983208673032
-0.059832036663040024,0.02665539116060596,-0.009902850445605819,0.042109588447578984,-0.00829114360804117,-0.008312344805140388,-0.08121752590306518,-0.09774541251536914,-0.08603788075518379,-0.0631206482835933
0.04982859146528623,0.11956400910935674,0.027571881253582925,-0.01512536268584958,-0.0878431784718678,-0.012208826608577576,0.0210632380394,-0.1583437781683091,-0.057829482576547776,0.03310704623465415
0.12315578946540612,0.12506251895978837,-0.08643998134863784,0.07672114426318322,-0.260270761277882,-0.06024464587275412,-0.0031803114791825885,-0.15952055605419466,-0.04051592350951806,0.06805594891254521
-0.06402285730559287,0.14645519749013577,-0.13224806900072011,-0.014234885607713755,0.0457677260127842,0.020873904045887175,0.1401773505719793,-0.34832959190171314,-0.051868443126058594,0.07413294436255496
-0.12670267858915504,0.0638828674185973,-0.2693797012542556,-0.17409796807778238,-0.14015807320122353,-0.04336445739562053,0.013910123924461006,-0.07410278661000014,-0.0659052901736486,-0.03550421223579926
-0.03133783995030857,0.03916517284099335,-0.054226172316235985,0.03153843744866926,0.008429275797222226,-0.003346788109211085,-0.11537329106028715,-0.21020860486366913,0.000357500133584307,-0.011211852329721283
-0.12074297277925064,-0.04837967183062583,0.031986808063695846,0.07517326697089255,0.008090725168245692,-0.058583857441772316,0.04611496616985545,-0.1015470243132213,-0.0646827977275502,-0.03817104489606901
0.004716799829342706,-0.15674889833542444,-0.1608822874467554,-0.013231760455350704,0.042938284477473936,-0.17409015607523795,-0.05350616114238986,0.07516069774450601,0.08566507716450877,0.23333165251213794
0.10191414416792736,-0.1511462663498659,-0.21384923912886872,0.16836564594472056,-0.02892559952100146,0.043316141495238714,-0.27484503620745265,-0.024958566693059035,-0.05307365574808999,-0.1258072307918468
0.15371174908336105,0.10608528873041356,-0.09911747975399804,0.04181842846954027,-0.0565392410660261,0.10691883490584704,0.11836066036487328,-0.11285809812220317,-0.09230073262270574,0.09486921706644443
0.16671108642913976,-0.19379669067854813,-0.047260870464021394,-0.1427533355187283,-0.22320710736663105,0.2614604403649009,-0.018079201387798477,0.014976632825454066,0.06527245314342714,0.189697392868729
0.13259634946193125,0.21841779015628404,0.011400044825141079,-0.00013932066936808013,-0.06474232680550471,0.1704343319052944,0.10417029167006878,-0.05648694065170877,-0.04457556498288646,0.20324620494341178
0.00940566008926852,0.06750994008198342,0.06358768743026359,0.11928803540078453,0.0054550250597416305,0.05139042344831854,0.10782160859264513,0.07381736348630358,0.1943375363658535,0.18084747301009038
0.04723190842982015,0.0336181821145007,-0.1048381506209637,0.11285689570963181,-0.15836984675884147,0.16404316002232963,-0.08006389694589253,-0.02600202268450845,0.18213731205762584,0.03669637816147715
0.007913638515417862,-0.010975863073788408,0.005487711793074293,0.07571293145336337,0.07712074354273628,-0.09724159779191636,0.06624211145228093,0.0660823180316427,-0.03558384949956714,0.1971631125756036
-0.012043647192956149,0.12472753189459086,0.042976408321532135,0.10084427018566693,0.03242988754529996,-0.04781071293837525,0.13087765306843524,-0.0247360609784735,0.24543655038544132,0.07029155932143755
0.14164500484451475,-0.0977949834509923,0.07634434411844178,-0.05639564215177997,0.09437972051484778,0.063450732582753,0.06155178715986433,0.06833047815222389,-0.04301559521855141,-0.10529794292413358
0.08747754258030067,0.26715755182558204,-0.1176667062356483,0.12829376097547182,0.04904892349181411,0.01264489089855396,0.124564436534843,-0.005335113795727833,-0.03559209920202078,0.10194721143548494
-0.0010184823655667308,-0.04208819772719574,0.16048192122457478,0.057433693513717535,0.004574423408867524,0.2369050129243528,0.21269528122098758,0.1280272193745053,0.03988205036756952,0.1339854354945206
-0.0199297025965621,0.04170812018300905,0.024520099464285378,-0.0654758684855703,-0.01679148904836017,0.06852405277584687,0.021981955317237872,-0.09906176981825207,0.09053841844228257,0.03946297086003228
0.1593993960213722,-0.01383352632362321,0.06779466403469861,0.04740089334524382,0.06423256600131222,-0.020122705465762572,0.07184181284913906,-0.05091347377898211,-0.03426533231477229,-0.025371316988611253
0.06817012069944053,0.05660498432919387,0.08808242968773822,0.2700965657005867,-0.055954131475149466,-0.025669804644433178,0.05843916170079554,-0.007223797430745922,0.07891453527937885,0.008881049096971745
0.16228357958983813,0.05280283564482453,-0.00048155173154746864,-0.0022021942470001332,0.011599775536129366,0.08312853117964021,0.08369102574829779,0.2814181343252187,0.06948588312007038,0.06703212799168856
0.1762713016394846,0.16502791273864148,-0.0029644088254729625,0.023082105296805273,-0.13894746355558676,-0.045765979254479484,0.07368511054802454,0.08039623309356518,-0.049075075515842274,-0.1093906818224692
0.0943256668116241,0.07855310348420927,0.13617142441702584,0.043717374756798766,-0.07778516077587491,0.3288177998763313,-0.037344798892468355,0.20543932313113544,-0.08023634296219644,-0.054431059267655624
0.03624185893320837,0.015263037235762583,0.07794694003678841,0.14089934719482064,0.18926225074066122,0.1762280632769831,0.08497081035668733,0.15618349884648963,-0.06622981706075216,0.06839048038289829
-0.021472965094316745,0.2675192948204741,0.060599464025404115,-0.05653353959693785,0.4444203357229745,0.04401940127229986,-0.04642730459417511,-0.057748074632911664,0.1024324429057282,0.052033350739783255
-0.05173565613314723,-0.03242597707152671,0.10852796558603035,-0.03564839468034786,0.07747887118694198,-0.05806576241653544,0.026669214679178824,-0.024398359671510286,0.05971477276666454,0.17438509059124185
0.22187983907788422,0.040935754679891884,0.12364356839991736,-0.1944328327265322,0.1535513783662346,-0.06813515596025937,0.014598236423399143,0.018804663029536553,-0.018204154635823217,0.09670076021155868
0.02737182574060778,-0.12869931185417693,0.12536409382776922,-0.00870864867957797,0.14555655974308,-0.05958311821572062,0.07137180797959455,0.01810184886571681,0.020232173670748754,-0.06879660700644158
0.004765768734726402,0.11593550456916976,0.06480459919876766,-0.1044481356848911,-0.05369440280784852,-0.03690883115952197,0.18813423998228518,0.043683620796772765,-0.106138828380334,0.1520856147756895
-0.010955199720603302,0.19990296460951712,-0.07654969073387319,0.006380313398038299,-0.17066963142479105,-0.02476133574349095,0.01342114759242477,0.10039096163660065,0.08831941148793328,-0.031026610052503047
0.15703923986314722,-0.05070416942466646,-0.023551782680129748,0.014545445031360972,-0.06320280536918109,-0.0510205199749507,-0.04894632053336443,0.05090732171235328,-0.06949874641525117,0.03991858640200509
-0.06001286192009352,0.01943723561181472,-0.21373507951999737,-0.17143740222726528,-0.2012939927371324,-0.1204113321009942,0.07149513857009898,-0.12551175579732263,-0.020136836531306032,0.07425837229174266
0.0948191878507674,0.06894592842299507,-0.12631084846253823,0.14527869375891347,0.010597805075735017,-0.11150851499665096,0.05437939859243051,0.1774921538553979,0.13476792228446602,-0.17161132509601557
-0.1257883625203313,0.05014731958360108,-0.011239231569137875,0.02168947797435005,-0.042880507350622266,-0.01965960911248214,-0.05765625004408138,0.06669727530984901,-0.05915055246577561,-0.06738296064929175
-0.021116383606751228,-0.011755510601137505,-0.03949691099534049,0.02246772925475259,-0.09661069360987713,-0.11120307735340426,0.017241539778936978,0.08335963659912474,-0.001017778363044567,0.03260010202935207
-0.10468286760973733,-0.06769172819220537,0.06544371279924369,-0.1048077394286711,-0.07376308655863019,0.03792898191306443,-0.15676192434728653,-0.017057267868469776,0.07313380557324917,0.09437643982053681
0.06519329690327563,-0.18187417883578147,-0.02123875498734885,0.09455239854033999,0.027823324881691147,-0.009841974876474657,0.01410057236579942,-0.10986613827363631,-0.045692865010065684,0.019920554119024405
-0.19554648941942804,-0.043777619495609904,-0.10293607230582022,0.07582044231420489,-0.14534512840848085,-0.17624700657478906,-0.08153353577477826,-0.07126430806778376,-0.1372374894282731,-0.004695322862325945
-0.21362711443809754,-0.15677816772677944,-0.13739503152726867,-0.031243393812597435,-0.1386320123295784,-0.1207434038284013,-0.09385944882607375,-0.03680470477345077,0.06068311160620554,0.1343908194252376
-0.07106850577892948,0.05332879443134472,-0.021991646951339663,0.025016052269012618,-0.08617855551914115,0.12930920776931148,-0.010444942896800816,-0.03787530486168102,-0.27960837026813345,0.02085597537397213
-0.09824664902050795,-0.1838412649188062,-0.11379638125372174,-0.09008015359230463,-0.006455699092330375,-0.1481760413239558,-0.07035936469328463,0.024544824230766454,-0.09920446602603422,0.1563608645344765
-0.22410924120197706,-0.08725174122532191,-0.06543138797044945,0.05048409409048524,-0.24415139285186063,-0.1545854805449311,-0.1147867759017576,-0.05970140830646285,-0.20088502342145567,0.05848156719316144
-0.07288400360167796,0.020595604551898655,0.09110262819160972,-0.17349040788653902,-0.04556306851393499,0.11427686576773557,-0.1553954641232876,-0.11617581885024351,-0.25871338547330075,0.02932158418989148
-0.08308134036892237,-0.3186600244768055,-0.27971138425359665,-0.07294489543266525,0.09248800473048852,-0.03543520433792842,0.0432963622959022,-0.10324650180764344,-0.365257968919934,0.05628772153282508
-0.02304486931540531,-0.19258584085082364,-0.09787262335679064,-0.20352406059828185,-0.027961199651758507,0.000519222620670657,0.09874162264147006,-0.16329036522969004,-0.12179848101228308,0.10263131285936886
-0.018614209744021712,-0.17786298403175818,-0.2019950354491175,-0.15169867727254788,0.05513810908762922,0.07533807105127642,-0.028079181408218006,-0.09103276449076661,-0.2380431291375128,-0.13912775713064474
-0.0257783064058566,-0.04988359154490825,-0.03768076227626624,-0.2200509716432095,0.08855139224324132,-0.003852647231709659,-0.05503841211327271,0.05714224095279269,-0.03967061711454681,-0.12272921408552558
-0.10103836796190739,-0.08060331748898178,0.08686436735849795,0.11133039862679803,-0.024072310512208792,0.057100753439922255,0.1726111381432368,0.026640596553965945,-0.059015805939131874,-0.06551036153673964
-0.15855694682739388,0.028496324810973195,0.02946510083292709,-0.04611711450147529,-0.09393628653499793,-0.07667952379801608,-0.04995136837777988,-0.1492093323211152,0.18670860214673385,0.02109780632621798
0.056522341983783086,-0.23278897683785651,-0.03627939995444307,-0.11678041796235693,0.2172554746179867,0.09442235212973218,-0.04234804910450674,-0.10186369667420142,0.12456367537007887,-0.2595188171633884
-0.06124901120515043,-0.07469683489909623,0.1886164240217039,-0.05148061688617529,0.155535731912775,-0.0040167758640181,0.019025490048431168,0.05725171372242098,0.013997705914954094,-0.04532657804353864
0.01687278494417248,0.00811596200811869,-0.12302380904167903,0.06381214347808566,-0.082377070537657,-0.039630357657542886,-0.002214565781612247,0.14806911112890703,-0.1397586336670839,0.0835159360053655
-0.07109513309606207,-0.12894122216014337,0.015823386479489894,0.047569200728557755,0.005512125285750622,-0.18165553304047727,-0.09777142130155375,0.10867433150446164,-0.07323360523005051,0.04472783880155426
-0.18204307161896524,-0.22701901243610165,0.04712685941140956,-0.05301981517456172,0.035008225407628976,-0.0793385837202235,-0.12775107109695055,0.06113338784389273,-0.037477117552102125,0.1604118445019855
-0.12242987567595028,-0.16995834207695557,0.09252688948598578,-0.031245070214647837,-0.2156397433345264,-0.04105027636672427,0.10113440767207202,-0.26625712551313296,-0.22637788713692492,0.19586826550173794
-0.07000553906018381,-0.06864800367209554,0.013462914072041199,-0.09696069788966166,-0.035183829178572254,-0.038449277114058,0.0744335197817321,0.016969245926543086,-0.09687221512997858,-0.002685705614716453
-0.3694237359782554,-0.18406968470166601,-0.14495871507267682,0.01589140655962981,-0.09989650257411636,-0.10277453532755293,0.12123482976136499,-0.19173701031014864,-0.21395529161756685,0.1042847975243241
-0.11073457430695903,-0.06442080080905768,0.0006796663594026836,-0.14363274227861964,-0.04242264389802287,0.054901156184101435,0.1371329075753634,-0.2604434933862224,-0.13379067960710272,0.0729497879368712
0.08950308632022255,-0.08086419115838996,-0.12706920855117898,-0.007749130311816024,-0.14086854087747208,-0.3370446739478727,-0.01762082089449448,-0.20854849027433603,-0.15730275448886888,-0.11036054929095832
-0.149670616081599,-0.12166758894738289,-0.23452050040193156,-0.062295637690144026,-0.10021099949558543,-0.0677782194617495,0.07650197671290541,-0.17785029958372442,-0.14520799977648766,0.14793692442082565
-0.13429443757192094,-0.08283478046360435,-0.0020096715787101538,-0.017803164692808262,-0.19150971391417676,0.015009077409330003,0.04996943534017177,-0.026535727141940357,-0.06748836005972558,-0.18486944685346873
-0.10619503957139008,-0.0655407339237278,-0.1909212205124911,-0.050118919366914504,-0.03709473540154695,-0.19551610382736445,-0.13981957902555514,-0.21345841227627735,-0.05219535872442993,-0.18134666807295122
-0.09857823209015219,0.04054441062828479,-0.057507260911848546,-0.06242864001604735,0.008720116901905689,-0.08053760132987449,-0.1300135128592429,-0.04243624236209194,-0.04345712139613974,-0.09215224407470259
-0.07500300976813408,-0.06628145808622672,-0.24983314025924697,-0.05802096613257908,0.06381220594126787,-0.0031390495781896954,-0.22668919783282948,-0.06561227594357655,-0.1688225493363747,-0.00420105877186816
-0.14613919726027388,-0.2950309081295659,-0.19704799755813723,-0.1179660380860244,-0.2700024326417535,-0.10703256508743576,-0.18768220186635082,0.00755429949714595,-0.13791131828927666,-0.026205531470927183
-0.12652151617497714,0.03140676253694974,-0.013201793078358212,-0.2191343190125157,-0.2021535285533143,-0.13678538688059175,0.01814328241056451,-0.1150769488953039,-0.01663238964579053,-0.0646410548942094
-0.12635418903030868,-0.41981762586156174,-0.003280032928672197,0.05521698272215694,-0.1362733814950987,0.032709787664879975,-0.01811523185244006,-0.22632086550681568,-0.11713201480011207,-0.12867884245793565
-0.03089798561020938,-0.17419592680639343,-0.01276851095942827,-0.10571507370543967,-0.1492798623593789,-0.07434782962168342,0.09734260207055725,-0.10040301593619438,-0.05419867126599835,0.10411608925648885
-0.20710358474037854,0.2095100928513038,-0.10990726123330109,-0.12508306343866152,-0.1332473888982925,-0.020596097394986912,-0.03301948034424167,-0.18023201927758623,-0.0780742169187664,-0.12101288746477323
-0.12486719306658775,-0.20508018330372563,-0.10891045458854651,0.11976273040098045,-0.05175521842828599,-0.0013745355272679269,0.08082446880430857,-0.057628821674835774,0.047378318921061785,0.03806071139567205
-0.06889438729295687,-0.021410252128065774,-0.08006391007657748,-0.11533786229859576,-0.04496724561634439,0.12390514961562463,-0.12757065075751142,-0.1335312551157185,0.006343787964696014,-0.11917988244497509
0.09312419634001404,-0.17449737539672683,-0.04220714912133253,-0.06879059373348173,-0.055642105342462986,-0.13511930867056168,0.10081741214139311,-0.05515733989914967,-0.01765941244919329,-0.056619897091280805
0.19711668404859314,-0.07883698982218876,-0.09664534832845223,-0.04764321605613546,0.0005988376650664512,-0.08970017557986874,0.07145936680024023,0.06813521711064054,-0.08026906716135968,0.05163614576088198
0.03216046559784297,-0.06039408810209192,-0.11211693197710762,0.014057411737747699,-0.04386285270884874,0.11427196334057813,-0.11453906431999104,0.04037135265654302,-0.10996278364538832,0.008369086456280213
0.09761924210778142,-0.024337866376419135,-0.07419759866173417,0.04295818347743077,-0.14170423351524952,0.08383365590888112,-0.05463176953676852,0.10557783117715999,0.06353569260465582,0.05585590776278766
-0.021844053642521333,-0.0885876607530577,-0.19299698298477436,-0.043482417580011146,-0.1487251566461375,0.28439452250665176,0.0970182946658108,0.1020829324002664,-0.12503259040593778,-0.07272929835333346
0.10989534741063348,-0.02141592002247195,-0.00851603564632317,-0.03769293717185375,0.034840171793889825,-0.09911573868240985,-0.04516201759403778,-0.10208090289394084,-0.06419512960474597,0.1494639758113498
-0.015482405262769006,-0.049121700638426594,0.15991568927392302,0.041442747900527155,0.1481659648528223,0.16824960447648657,-0.11596736479522331,-0.06297349295657888,-0.05517483269886232,0.016718295015760977
0.027250418371389386,-0.12102407613430599,-0.10400976778564089,0.11003176635577214,-0.14187269988496382,0.08762608350239554,-0.08397824001885487,-0.058625181457305366,-0.15063854667956544,0.06652609771000643
0.00610730734890297,-0.037862267347317596,-0.0716252936693087,-0.07914395717598113,0.1638926616917242,0.09257227105182894,-0.044432851642890764,-0.07040418661767739,-0.02390959347723888,0.0002435327913681215
0.053996358306914835,-0.05345539175490504,-0.008863455762761083,-0.116928483543318,-0.15808063557699958,0.1279303635733501,-0.15841034149577005,-0.044417512181581506,-0.0073492242250204065,0.11826310195068626
-0.19114896261891556,-0.18198162780737043,-0.27908775366118854,-0.19982400546891532,-0.28220013325597815,0.10911041453485772,-0.10181652930360992,0.04233528117957149,-0.08677123811844685,0.08088687430856964
-0.08110211077934165,-0.06722538373183862,-0.21760735135937026,-0.08803094903778999,0.015267581966665271,0.07370069188807066,0.011617613815441387,-0.053119144884404404,0.05840868830230439,-0.026757495694167646
0.17811947742117157,-0.286718793083466,-0.09951466587740833,-0.04512610137313109,-0.10072722356436958,-0.0320914665829914,0.10067850535748603,-0.19851254369630544,0.09502896948793546,0.02251895721209966
-0.08904441858750449,-0.07098555587348684,-0.10640410658834532,-0.06099963549297942,-0.01380208742594799,-0.0983234517802984,-0.11199065087029342,-0.022010729639071067,-0.013445417746044873,-0.009577733981150378
0.18469691376235842,-0.22377655016961973,-0.12797508832366483,-0.023437288689895246,-0.05707662667065202,0.10783122308666332,0.16631565264090187,-0.13905063661854986,-0.19244608234662647,0.1020270687879522
-0.02485470896864912,-0.08462922513918447,-0.035929709425593155,-0.1314638176110108,-0.14603609388627797,0.10374839810609109,0.1272830394619643,-0.01593230557961897,0.025282908711817473,0.03551142351567354
0.05939489564982054,-0.02729856771178926,0.0020795882023210283,0.027850832880408932,-0.11992721711990181,-0.027256477548718207,0.10317190914068979,-0.011155441900374711,0.010620272911980956,0.1506254495298198
-0.0981010358062636,-0.15552866626794962,-0.03328117429013557,0.036962503210614506,-0.04312145196953915,-0.06399900320204571,0.011347813946210553,0.03127713654575545,0.008737566053004124,0.028727629463174482
-0.06658827585788255,-0.052984111701205164,0.10383713797471174,0.04039582407311368,-0.0157181263252976,0.017517836504354196,0.0335635870435586,-0.005349059457058516,-0.07045924290514033,0.04128548006424389
-0.017458362399458912,0.0753658020589489,0.16531162253390247,0.18662903566572248,-0.10621115473440453,0.03452677710607335,0.16208120640690998,-0.06350570762421262,-0.03067120438926735,-0.1754698531007183
-0.18135966615968618,0.013233934254182025,-0.21525753067740788,0.02686097388803146,-0.11828895430861008,-0.09782645675813874,0.06535278165302891,0.06415354346047861,0.1951577163536845,-0.03166866428833888
-0.06646695946076511,-0.06723251621427576,0.17021029975767354,0.016363692125781856,0.05636831128057989,-0.08352896875298611,-0.0923961901918825,0.03383071971775838,-0.023594254001986587,-0.052415228006856676
0.008108320892017677,0.14224189682229252,0.11651268088445704,0.03622895929580782,0.08355215366009881,-0.16383280012145257,-0.1451789899421508,0.023386172070075015,-0.05911739824929639,0.1128220928787474
-0.21554526708404254,0.0005101412758496751,-0.08895143857497056,0.21592617791843305,-0.08150107879827974,0.03758611064345384,-0.17007312965919327,-0.04560046006116859,0.10207181069841087,-0.16690819166088322
-0.07250544203882477,-0.17337142319989537,0.09361250050760703,-0.2187268479152397,0.15179386103585066,-0.06417073141017939,0.018318007035249495,-0.028671778936768946,0.10731192537396955,0.11397929910042767
-0.05376512955654338,-0.11571889748165078,0.0324074518921902,-0.08695760658025278,-0.04361777556252778,-0.15152846663595568,0.014101719610536427,-0.25657938665034075,0.031833922248781205,0.032340877344995016
-0.1353520705983893,0.002195321368700043,0.11148977248728144,0.08345728229281563,0.05021517605363681,-0.011967106604168047,-0.08514862502378591,-0.11129408418618393,0.05439901316843679,0.11059019626134362
0.04839656238248885,-0.168245873954302,-0.12048469664070799,-0.003765101133056857,-0.019133753823809194,0.13446613038999367,-0.04020289836295829,-0.06549029421047518,0.01744489459977131,-0.1835851717112893
-0.146698328042494,-0.055796313324180086,-0.10455646874756026,0.010092361484800503,-0.02815869666874855,-0.17797989121921245,0.009661676908669498,-0.07354716271480732,-0.13510142630202526,0.00724287234758594
-0.2638278665836277,-0.17113643129392314,-0.019241382643083157,0.026385041446923232,-0.14529774965212766,0.061814384584345676,0.006711115516161888,-0.059405125444390555,-0.06466745161678156,0.16389027554765084
0.001204896678046699,-0.15801693081835128,-0.2495568572130692,-0.13476820574687073,0.09829209768656483,0.04603780777539662,0.00973065882213808,-0.07922849111803658,-0.2488335278111933,0.01972681153043824
-0.15492864074953372,-0.049937303059059066,-0.07209113697373166,-0.12920806703759943,0.002870379934607134,0.2779435446910691,-0.019074805804208388,-0.017592497783408337,-0.21089617657501725,-0.015661801560110947
-0.25628200360396525,-0.026543036049731517,0.023952210981074973,-0.05253777374121748,-0.2371953032637001,0.300083971365277,0.046419996359909316,-0.10793256189369768,-0.14413084943346505,0.005360313465752994
-0.060712123743398766,0.15226788236294816,-0.08796880683151305,0.0023311284166641216,0.06431769801089907,0.10393112293916629,-0.033596989717513404,-0.30671123566610853,-0.10288941433450004,0.037382492610575434
0.11511081479054636,-0.050732556423430455,-0.22482060251027203,-0.19168061998762986,0.07976839890815884,-0.045885666811625286,0.22895185054426065,-0.14184877596960566,-0.17490644575990252,0.09242154320730966
-0.09592978919437906,0.11026342203810782,-0.182027897055806,0.07696444136686359,0.17474242750125313,0.2750180177128764,-0.044896357417665664,-0.08140477170204027,-0.03685105031540044,0.14656294022263602
-0.011366240677874605,-0.044647819540771315,-0.1750183352128169,-0.07642562600301997,-0.007903221216073744,0.078756484582911,-0.045092747819874796,-0.0981723919012516,0.07206666740637216,0.06367290283225278
0.11267019983817543,0.07992197367351822,0.010851323946936622,0.0165437587856379,0.1174430852788527,-0.008293083961606787,-0.0785414695086765,-0.09216550924348782,-0.08142589251939542,0.1121388104549378
0.1242114181538248,0.05396428029466781,0.08279964908047446,0.0525748001109545,-0.01962159463693723,0.30778115415140783,0.05364661227885939,-0.05301605912673532,0.09158554205038205,0.22706118594273872
0.06327092603682663,-0.060481434983802734,0.012861538529595026,0.045904248100294386,0.022879736874442294,0.054199995757270414,-0.04356855274963056,-0.0059563492202420205,0.13894942986968645,0.04531455762918935
0.1970081699748248,0.023331734852798935,-0.14036722818313954,0.05189355038007459,0.014512763997144143,0.21080557197790123,0.020894102618192228,0.03209672830654231,0.111211836280288,0.01795769957638757
0.22539041169065674,0.04000864327782035,-0.00033719977929526704,-0.09588672983917128,-0.016696567789079082,0.20568010725882188,-0.06332105525811337,-0.12622861263945168,0.1079945370676613,0.4134048121103826
0.17534448768845587,0.10182549458727005,-0.0477705834003064,0.1251920964542002,0.08019125987523743,0.06425280500252377,0.04071092741283658,0.0001553024270202763,0.12326033528663805,-0.10135283917218336
0.194140329958769,0.13221302394945028,0.09687845187361613,0.02701801817413668,-0.05522531789947133,0.15905546902670634,0.0986067981273698,0.21811587618742945,0.14330595455313463,0.10330088784044064
0.19673941918300056,0.2017187892370232,0.022663584117507872,-0.08749461955351137,0.03160063909886289,0.08321831635050053,0.028265058523997452,0.1802046435042588,0.07412155576774923,0.04368169462291609
0.1151213469388686,-0.019733589766676773,0.247473906503654,0.15372739949402384,0.059191524772922305,0.07537852038908902,-0.11175392955944066,0.16922580158875272,0.045108628267639894,0.09396132765586951
0.07123104015927743,0.12795635064733502,0.26939534817166383,-0.13293646854517369,0.20012487627802997,0.11048037595944542,0.07868006414569684,0.3059523862794565,0.06704652170402986,-0.020351467158592776
-0.10843300216241675,0.08916026467092694,0.23831863240408496,-0.09225950829938699,0.10148135321303647,0.1810345932646737,0.14156763484989396,0.04240303146831008,0.018394486669668184,0.28270316188927724
0.16753222436165832,0.17584609551852298,0.022338337580260784,0.18545207570244687,0.05829037533409049,0.046346165502755304,0.15339485087753266,0.10540769207172915,-0.2159743183648594,-0.18998599557240126
-0.09310743072043738,-0.050975439499875125,-0.15896589613788445,0.010685524293089306,0.11036218473585127,0.08157422956366311,0.13384104151573442,-0.07767552045237067,-0.08612991184891611,-0.10188083417801372
-0.04980932848617075,0.03957097810354273,-0.028900309023827446,0.06732578396845924,0.0813384970591659,0.04957919400759949,-0.0718071906405493,0.0001986130809549999,-0.056083830753162076,0.0941133512697942
-0.02987092179277599,0.07626051395906222,0.02455739223664321,-0.008709028652146357,0.08840429318234824,-0.09053264642449263,0.01780581647605171,0.011896066131161474,-0.14336890354096915,-0.1121388849026745
-0.0774115397600118,-0.07125409487934019,-0.026085559274210607,0.017643198900257402,0.1292846726832077,-0.21741653560726695,-0.17421510131111487,-0.27402648699636045,-0.028155241699655005,-0.011501694595800164
-0.10927651013193361,-0.1058058223059884,-0.06783758016749611,-0.18030895592595872,0.018903063354460424,-0.13253413264870417,0.02571646997513672,0.09195150377614014,0.03561448827488885,0.13388503171304206
-0.10353243859507541,-0.06988950490785295,-0.11643964877142318,0.026518095330906315,-0.13222972585343773,-0.060584072201858574,-0.06143238619552553,-0.18633153765886307,-0.1152770444690992,-0.05294717195596837
-0.14803940626551124,-0.030329294248310074,-0.022340137875460672,-0.1607286505591508,-0.14012610826531674,0.07702480406926793,0.019072444045903324,-0.008782765249267036,0.03318635937350359,-0.015028048444805348
-0.06868521741108388,-0.1396360227188081,-0.08574987841268694,-0.13091734372531874,-0.040754272669636604,0.21230381631894546,-0.0746060471059814,-0.1366686582067574,-0.062191913563780864,0.04042343439595892
-0.10526285041631986,-0.018323931382786658,-0.02356202308184837,0.016926196072432807,0.10148678579397202,-0.05345984971633424,-0.027961763427918188,0.13242392447258064,-0.1987541276044165,0.025470590396228072
-0.059357825311352266,0.049462274858854634,-0.028467433719270727,-0.16408513051682388,-0.009085507825668977,-0.0477949780535223,-0.023787414397031557,-0.07206834461232928,-0.012753664721196871,-0.015212121704448881
0.0798211899110534,-0.05878028833723266,-0.10341648990018233,-0.10462947532676245,0.12284343074549608,-0.09992495362657848,-0.16354606163306123,-0.09707209709276102,-0.09631349539791476,-0.06876783326780771
-0.039210909045634956,-0.23362996423286536,-0.17434925934781198,-0.14351556113849862,-0.02806432209899704,-0.07444684697573412,0.046859421349412095,-0.021459071849777578,-0.16671974796883107,0.058589900839362885
-0.07192574504150887,0.12191108895506868,-0.37374458546531936,-0.16037650163134762,0.017336346164025657,0.05470921926802934,-0.13384174259509307,0.02248969354775581,-0.07092616085717005,-0.10902656593788616
-0.13009738764061793,-0.1030945308469605,-0.021018865465271902,-0.07584789728367133,-0.0051650135100154634,0.03308567906475322,-0.0032525245377845458,0.036397258849051276,-0.004959620824931434,-0.04717082512261399
-0.0540778130469569,-0.25475075906653094,-0.13468809794311426,-0.013880761882750094,-0.15512771351962487,-0.10895813686711181,0.02325273506370895,0.09952057932638285,0.01036545057040042,-0.005108625342926568
0.06004616895984427,-0.03450203938855275,-0.0026018890644620637,0.0020934447289529187,0.05718390935618747,0.07387281230070643,-0.07328818472114788,0.09189774156801883,0.09525126932333974,0.1118074063953716
0.13050471919800236,-0.1972466294216139,-0.048926429335176394,-0.1885856195880215,-0.18276287794739787,0.07145095944210794,-0.14727025619331657,0.22972411667777412,-0.20772439184582003,-0.07096284603270052
0.17132807369495567,-0.11564975603524921,-0.06510592015761774,-0.06352832780599701,-0.11004899283347609,0.09260678680359075,-0.04292767109360823,0.08571133138144871,-0.15567351918429806,-0.04206024534754241
-0.09430049196998293,-0.12480673707640833,0.001977956211695251,-0.04644762947430539,-0.03954729397694703,0.18165143707052828,-0.022516308148302445,0.00976429642070744,-0.0663443978558302,0.11897894858973741
-0.1963682547002601,0.11574263012058493,0.02121576891475451,-0.044607818533197466,-0.10252136664453343,-0.09154340040191725,-0.08319939348033378,-0.060728556542420806,-0.07317779704292546,-0.005459019584837303
-0.10015800273372838,1.7989366680896957e-05,-0.17646930406454445,0.05875266778736133,-0.07356491103160696,0.11137926700448607,-0.0662942927895931,-0.19054994452378832,0.07543447176456498,-0.07108044960637952
-0.26352065667184926,-0.11916707716591912,0.05780023755601965,0.0503461394543458,-0.027443918323143253,-0.12839814020134319,-0.007780419973208514,-0.022893458972093966,0.028324686515672735,-0.004758068878752259
-0.2532651674848473,-0.3399461261650266,-0.04038812303375294,-0.01577298037097402,-0.12879780341938085,-0.09220916050187317,-0.2063147006927526,0.0487828660461751,-0.23820591506482836,-0.04766054725547905
-0.21872485146263101,-0.1011570387000188,0.08015365174257116,-0.00276332379219784,-0.08059539872234771,-0.06813391541447583,0.0916327456056742,-0.25213159250775286,0.013888308612343844,0.10818413122579244
-0.1931282274926392,-0.08489992115906003,-0.24188741457063834,-0.010697716459766003,-0.18889132147312354,-0.17199348267362138,-0.09210628201844191,-0.2621894326425103,0.03325853740023843,-0.04785048412046152
-0.06374252640852307,-0.08000181784602153,0.0008818203063406665,-0.11714907300074243,-0.1111897181992296,-0.13298753513997202,-0.07858171529949748,-0.19799053922187937,-0.4125976950056915,-0.14769485482573372
-0.20215580123035534,-0.1432972569359064,-0.21340612204939025,-0.05907196839853593,-0.08827389074799831,-0.05469314169580201,0.24163334799586583,-0.2784298293838424,-0.13847107264208317,-0.018504825686169325
-0.11550355427788056,-0.08595643800928016,-0.027724860316732325,-0.1794817569366567,-0.0759898880371419,-0.07448619233950222,0.0591010721990579,-0.1847639735417124,-0.08153694183460142,0.11845434106234809
-0.15415926913551561,-0.01851471174760782,-0.1960513269848227,-0.04437839717568301,0.09423800807054325,-0.07620545368811776,0.07062770854356451,-0.1585207032510809,-0.11144270223584174,0.024017797852179168
-0.039901269457074756,-0.027267123613628805,-0.16930826890019218,-0.032079926612234716,-0.06181670646309392,-0.29236884234781446,0.020561738823618704,-0.24821819473450052,-0.20916587365059464,-0.049866515286789447
-0.07311910032704413,-0.07166022481044133,-0.060983055636456854,-0.03940765686997787,-0.10128432707324439,-0.0778293034660493,-0.058557941902424415,-0.3234937568066309,-0.09500487195782864,-0.05045847661787911
-0.12951636676426959,-0.20079476150649272,-0.12196564490574162,-0.20970878218068478,-0.06971172987729952,-0.17199929449995255,-0.11104214003654538,-0.09272071923095247,0.025636340599346358,0.032446312065481334
-0.13477061280776295,-0.020020377557060577,-0.17514503801752374,-0.21779575400979778,0.04543338685181311,0.08420628437986855,0.2188303725363473,-0.01630832605824091,-0.14584631739855666,-0.2087189247648533
0.001382716641331605,0.13711733069220405,-0.20302443758948396,-0.1311063821418456,-0.13056735750891255,-0.04889569443228453,-0.1335395949177721,-0.10658997713159009,-0.10061886858143688,-0.05731131462206136
-0.16210726713323637,0.0700991614424045,-0.030408607118824302,-0.10987553373171981,0.056732883423719044,-0.0929659043947393,-0.021218887617252935,0.01292475538129051,-0.016225287763692663,-0.05924645666516213
-0.04177706109578076,0.2013826829535466,0.11517555830899583,0.010885226384236085,0.06907285208816402,-0.07739816056058006,0.24167899840971843,-0.03218101933242661,0.014276761926057036,-0.11901326611028777
-0.09458230394447278,-0.004991425778310233,-0.006781370545046718,0.07382299923797102,-0.02973223172321837,0.05007114227604728,-0.16366274927812463,-0.05736656157321664,0.18672379437264314,-0.07192238477121327
0.0016412538130787281,-0.03873771899708507,-0.08194561397785803,0.08010108934069106,-0.0654233835403967,0.0009136502120182799,0.07766297994335541,0.0708288546450218,-0.11280584785811253,-0.07268684051609445
-0.0067319959389825065,-0.14936496439864436,0.019643475233414517,0.09608289042277997,-0.10081775026617143,-0.018932885619023967,0.03735672710896385,-0.016713222348283766,0.12740737827931728,0.08193684305098022
-0.0163937022410764,-0.00877134606511891,-0.0788183930977362,0.03097983577652981,0.06822382101184885,-0.08140666341686083,0.012997317302210869,0.07602577832210036,0.04921425820310263,0.1302956233629023
-0.06711052580851105,0.05770439207526267,-0.013462434091719138,0.08181183421965227,-0.008296432460620472,-0.09567574820630609,-0.08677494668304804,0.06387232515658454,-0.004086727387291239,0.023104811648296603
-0.03498964513832122,0.04081933369139691,0.17949461766214955,-0.08955987608857809,0.15416310599917646,-0.01978104200532864,0.022239005698830604,0.25715341181424556,0.02800766005777038,0.06902941274375529
0.06749755053035014,-0.13521793754547723,0.057574475488068384,0.11885191700229089,-0.03377517670960277,0.009783816037678557,0.0686393250533117,0.022589041423043063,-0.024620493286231334,-0.05941231713077952
0.09650275940265314,0.040749447678126154,-0.01642473131335554,0.12039194632450065,0.04710790600311955,0.03026225342493273,-0.018601589057134053,0.04769600896909085,0.11651292736658611,0.10395373622476227
-0.04801123531254915,0.14902272622062712,0.01882372457378386,-0.032494142968043385,0.04963486078841177,0.08729484301567919,0.23806740926585723,0.22414195806414533,0.02022180369814809,0.12987317752849142
0.16811412784908736,0.11454471522104676,0.3066635233910298,0.04044550156045343,-0.19381953646877412,-0.041260313249306964,0.2168336777384485,0.053357098229225734,0.15823957540850764,-0.03820708879310197
-0.03683022440129968,0.004990539379021899,0.07803208509405354,0.2999637039443956,0.09599160976145857,0.06901440264986845,-0.039373765965433294,-0.01363513092134834,-0.062042099617041005,0.11054946364736085
-0.01915382507964749,0.021103400089041525,0.0019133436675057847,0.06521618905459849,-0.011095038916772229,0.02792016879234613,-0.011971659553351707,0.12878476655732624,-0.019762038149197983,-0.08269000455063139
0.1376820467295153,0.05960786452439097,-0.05216271463980124,-0.0558510837002683,0.05889242605036682,-0.009810192082771719,-0.002368113921115189,-0.03359691972159217,-0.020747688581082148,0.11444053985814905
0.09166351733200796,-0.12202088568355736,-0.006976211522197087,0.06130308572731969,0.12281433901479558,0.2285275365276312,0.1627091226164573,0.01158419135673546,0.14565363493598243,0.11360941734311021
-0.009542418261297092,0.10507598999261622,0.0960299469483234,0.07613974543032877,-0.038658188588398465,0.14283191334386186,0.12502344351207526,-0.06087788051372155,-0.01323704489957353,0.07253059512718808
0.08868231176573314,0.014978100880317431,0.03695055855019198,0.04069974221718899,0.13410504180060395,0.07589797384310308,-0.07383615945779277,0.0326633048943125,-0.09465865213634413,0.18712736291841364
0.23682804720726247,-0.004348471050666186,-0.13106691583738928,-0.09671293895416848,0.2215638475842522,-0.00781145285881793,0.39649764074940885,-0.09952856625239531,-0.09776908458463307,0.08073490368172848
0.02722034413640595,-0.03126233118421429,-0.0914776134499582,0.04434423065847398,0.07781204579585194,0.22292084394719663,-0.0021066469010485728,-0.22457953953234389,0.12937913699418238,0.07509391710447727
0.05986276712858222,-0.007292689268473221,-0.026121723492792237,0.2626711465093263,0.20993441372789812,0.08387568515818467,-0.0025995726365589805,-0.23036387144941012,-0.050362417515058086,-0.02437123665052627
0.10636333998580572,0.08780233042979599,-0.05691793499001347,0.1846725066913112,0.000328099679504007,-0.11727421789929127,0.13831327114860031,-0.055093921403243255,-0.049511028583549,0.08429025535091746
0.11353827574938782,0.1419130138424491,-0.042490249398949104,-0.0016276173979364178,-0.005696945212905612,0.1666615931212963,0.043134399325197276,0.021093925998558236,0.09283943663705002,0.1395247643460238
0.0055042167050864815,-0.07289669517702385,-0.11320614652241429,-0.036390388445121956,0.08615087708445385,0.1613631286894675,0.13454228127136147,0.06755058792756036,-0.06424451127790637,-0.042737220777175525
0.19330280554928142,0.19221799813741075,-0.10128259515158218,0.05545761548104017,0.24345754507984546,0.06267755835698402,-0.09608146016322507,0.062442911045288596,0.0005295867479314445,0.03554024816677684
0.19966932003904153,0.04640464318573517,0.04939983641669332,0.09980801210269936,0.24087839192219482,0.03279198665193824,-0.039288843850072634,-0.054890435954428426,0.04388440242353234,0.00887424772088171
0.04616695288932264,-0.03350402521600053,-0.24870793607917863,-0.04433983806946553,0.06602174078027048,0.2864667967312863,0.14112687915161842,-0.06585826412146988,-0.041923265495429365,0.20682239749567638
0.11963847843137065,0.09499742280672047,-0.10636364745257704,-0.07131409611088264,0.06359445196459501,0.09794062370232182,0.22661912448446825,0.11203051785788143,0.2726800655668092,0.10168574224389973
0.11918866431124647,0.006935449877519748,0.14016695383656796,0.03803801208973511,0.05998319391208106,0.07438832581139818,-0.05329804486202327,0.008671650966241826,-0.10883794334752774,-0.007390945202129545
0.19226502487462294,-0.22333416731299494,-0.07328824139608811,0.14275703074865873,0.05473873709551891,0.12162370446620926,0.003665461176826139,0.28949037200164307,0.24923864944889412,0.07371947112535783
0.013021870477996397,0.16373749265976892,0.15339829737509852,0.2531653164831962,0.08561102411501029,0.13463342197868738,0.04476469454071094,0.20702794849483316,-0.09878151149059589,0.15703340075622735
0.04334446810706642,0.07173672096149152,0.1251388543198596,0.04776175277421442,-0.004492626868193704,0.15458758523489147,0.11200793331854805,0.13878647969197816,-0.022087435887506786,0.28688673595167336
0.22094976666854615,0.10912187021960057,0.13015482564546904,0.09594709525307042,0.0005284783319044611,0.18147161711251944,0.14739865951051845,0.09498729569264332,-0.037760505130375585,0.27819021207284655
0.1388421435346162,0.0007956832689553495,-0.026812572221204686,0.0414179640390908,0.09969447766466386,0.3337710178027553,0.19657294667223882,0.13295008932453833,0.07268639429727118,-0.03731076905204661
0.12012205448195448,0.08087088504136541,0.1597776501059224,0.05333619555047571,0.1404599262869542,0.1379288718008016,0.18402940742873536,0.0016527646261476764,-0.08835512091885696,0.1081656930251353
0.11398948356236617,0.03977823926211939,0.05304130447495529,0.09504467006947971,0.2303174118056298,0.1771526165285927,0.0878463190975533,-0.026099855672074027,0.06969734566063986,0.1992494355133951
0.15262886573203105,-0.15169552980829454,-0.15323825829535012,0.20911957803995762,0.2337678821281776,0.05194463602704684,0.05982143074572028,0.12958601903888975,-0.07654962848002836,0.0973387208709814
0.16105910579531346,0.0920613536269041,0.1722489868768522,0.17701037816319817,0.08047884117283931,0.06750997632232299,0.29742521289386903,-0.007504622786807746,-0.23999285588926647,0.23819586887366706
-0.12887445116824428,0.10142234866007623,0.001764216718360745,-0.09139049506464476,0.07323956562903328,0.06774279973909653,0.07940642398569868,-0.010355960250352875,0.0213218071134832,0.09487190192076143
-0.08933671631391073,0.004020520352492778,0.10003924155167553,0.07589850785409097,-0.06116168505561549,0.08001333502749652,0.3239925406032002,0.00021237161092540753,-0.014800444227729744,-0.08506374873178645
-0.10958494444640364,0.08536992644546912,-0.09621942048508975,0.010359159997748744,0.0515932214568934,0.007127091176581821,0.08472216036040936,0.0525309848603406,0.01019825982741732,0.27119103510079345
-0.064854913950553,0.21600875972720446,0.0174061990951317,0.18827079611814695,-0.08452578590589302,0.05861561396647516,0.27607685006876614,0.10997726209859789,0.03226073360480404,0.09303147101460667
0.1413290180422443,0.0071740548956815975,0.04714241142225483,-0.06567751476582981,0.029843874021150026,0.11706163984835358,0.004479650891238987,0.028037301971745275,0.03001627959414217,0.016188825532753665
-0.009030381125147702,0.09353992052630448,-0.1385247844544266,0.1445134859252455,0.056706656463894924,0.1130279290153969,0.12876945682665988,0.037860895370558104,-0.05668800171932933,0.1765473958484265
0.0898657146778919,0.3111425082975138,0.09785187050854044,-0.014016159746648021,0.1668433966146603,0.1402592509172471,-0.11307279396864159,-0.01610837052342684,0.19278788636435007,-0.028743660137536056
0.0471606130504591,0.08571435554592083,-0.08976006270539232,0.13819039207099124,0.10544747629397627,0.13981790646128303,-0.09208308669567176,0.16107162080040613,0.3140342661812918,0.07222229588175438
0.03572055442746436,0.09768592625323293,-0.11095046420747134,0.05676972665317475,0.10177575685517604,-0.11541487094135429,0.14793439094044708,0.2693032836666927,0.10626898409306572,0.21165735156442372
0.3199990548568047,0.16798746990536859,0.13363028897860557,0.014821599537550773,-0.08093986220690559,0.24553711306244594,0.0189246414736164,0.14805905495325083,0.37906184834002504,0.26527204037856106
0.008767428611789585,0.10001818356068563,0.35637016159968454,0.09117133317544343,0.1891534666637095,0.1329865061289671,-0.1715695047018624,0.1307043438083127,0.15572757673304516,0.09339508337201609
0.19492970237045834,-0.04872366559752389,0.2036614702909977,0.03694349249826334,0.11480338788341105,-0.08591454757374686,0.2453250364083141,0.17315986676605188,0.1682285133910684,0.05015035657554306
0.1490124886374414,0.2799346775283474,0.18593880817521363,0.11127924429553417,-0.07411946514944542,-0.04382136947434334,0.17167326589477447,0.1439278522163782,-0.025717080106598733,0.17857547698216714
0.0022050557387499337,-0.0025604520265716246,0.07289845471268054,-0.03415307289095293,0.055608733963047656,0.15579700756979586,0.05173335926609687,0.12090877879089804,0.06637779848577886,-0.07735788006004157
0.0068193330426668045,-0.058647455711765606,0.07986839595225376,0.17952423098989342,-0.0015531522991427266,-0.002821631972615056,0.022347320579814478,0.016759067979577727,0.09353264867742613,0.13437342000475785
0.037492104740803514,0.05460829879843487,0.28564679372540625,-0.03061782046540093,0.2171844076023927,0.09136093204434068,-0.03611132680588834,-0.018778449066698684,0.02396356424374327,0.0021052088749517264
0.012019465383152544,-0.07788304307239366,-0.02864015796037306,-0.01813320300283658,0.11138148700930571,-0.03584778102215157,-0.002032315506660852,0.13478311648438818,-0.0855451147556874,0.179701386509297
-0.03242579596185511,-0.08634074661312592,0.2278540394678285,-0.0012585142708164167,-0.0876781774442102,0.08604223161310567,0.12261329942510743,-0.20833159475980387,-0.08792841377473629,-0.040951973858608465
-0.030706301308609615,0.17048519606351406,-0.09581173353636116,0.07608214553040969,0.05321210477712321,0.07721254727839236,0.08896593055043711,-0.1138668021412284,-0.08951068659382419,0.013136675212635904
-0.03016192155713543,0.08439568136910881,-0.08230635627892258,0.16357176145822971,0.10470582491757423,-0.06864170981783597,-0.04755180191459571,0.005813987709568855,-0.19435094546603615,-0.04940895578503317
-0.006095965777260379,0.027975865158404237,-0.0544186082002977,0.13423588503808562,0.10500399028012058,-0.02209747660573013,-0.042484989038334746,-0.1004509949322909,-0.1723204734532366,0.01368929984648332
-0.01794741223405496,-0.15535961482924818,-0.13817827948755024,0.05270164557683172,0.008351091168744273,0.06687292343724016,0.16721784187722671,-0.08463758273818986,-0.03400916364057095,0.059075931447305205
-0.0890247810697315,0.1104029963214672,-0.04532146643661215,-0.11051950174276667,0.13625095035159404,-0.038160530109395116,0.001327446141511538,-0.05727542332881694,0.12287088249421951,0.10806390439058455
-0.0336919304007526,0.21274989334425592,-0.22917880145879846,-0.09517160438134746,-0.12537904642660236,0.0012141342382726789,-0.06727332894724751,-0.03643844916118424,0.07076656977701862,0.005210920551283964
0.005626503846952612,-0.004610573765380186,-0.11526507370337877,-0.118549931571704,-0.12108340158867949,0.044761274976474606,-0.12538345168504564,-0.07365705051424346,-0.04571872335001052,0.019062908560219825
0.1180336652190418,0.1609354970597644,-0.0850204707343761,-0.00709410277139369,-0.06371225941575956,0.05355819218179784,0.07824278999505746,-0.05004585168148446,-0.1784605807382924,0.008866048928198235
-0.18274498989362503,0.08656355461999743,-0.05642856883538889,-0.01208875995868923,0.054984743155899886,0.12589595943601664,-0.005080318773117182,-0.27841604551304366,-0.03808105520001212,0.09800030789491801
-0.07886096897450176,0.13630875654821134,-0.0015353590615811846,-0.11859410069331333,0.18768103089277546,0.028768294917559178,-0.026680132637952915,-0.057266301403898975,-0.15175340788565464,0.007703841400287945
0.025625688289237808,0.07546243744444642,-0.12105336142636786,-0.18972947930183642,0.005322056772982378,-0.09585880611605532,0.026373259618382203,-0.018122800631714217,-0.0898081110674166,-0.025808743160776963
-0.03928547201977522,0.12605808923781484,-0.2470899380583632,-0.09342632050827794,0.0013533947823708217,0.020089645581788555,0.07785025811039513,-0.08397564028536168,-0.06476712674029368,-0.01760545435616478
0.05245163141482626,0.06445914766795663,-0.04447763064585902,-0.026106358248095235,0.2172321552692943,0.09183728556269272,-0.041259601112777614,-0.03623561040976845,-0.00749960236744236,0.03419186551551576
0.09146846754583644,0.08784777807698779,-0.1455176541225704,0.0039910742990860795,0.09199608990599481,0.0531760920002206,-0.04803058022327031,-0.12988256167838022,-0.0016761585400653332,-0.006993137114994937
0.33864148569166086,0.03914355303125906,-0.01941068686079017,0.1392276644029336,0.24023897958251528,-0.042177893932721776,-0.02612890123334726,0.009406400439748181,-0.0159567167715456,0.028984122177051787
0.04187108358033945,-0.004468170364007831,-0.045709859262813374,-0.006643820140620392,0.1288841837913023,0.21388169962893944,0.10813123932111293,0.020282601503789504,-0.03205369675482808,0.20877765782934385
-0.05218507202100753,0.02970865635156348,0.006545684963965619,-0.09133829369576951,-0.11450956296956336,-0.03308642009210336,0.010270756824752938,0.04437995385282628,0.007127337651005122,0.38171387186253797
0.043838350836043725,-0.07312471730642314,0.1607409104454579,-0.04628187923678494,0.00540108487670115,-0.02978958406037202,0.01171756136509295,0.12454819031499645,0.04524019771730274,0.12173766195105859
0.1586299313533986,-0.05669290541506211,-0.05457468128596412,0.13297523833682737,0.1261132945413111,0.18544319393380393,-0.007473696610390351,-0.011494843152995968,-0.06657650699008354,0.19511792454244997
0.12961425992336548,0.1754891457891047,0.13564342166695223,-0.09251770517163495,0.07203139345759246,0.2531527354228816,0.3366549589161978,-0.027994424017365956,0.07138084388150247,-0.0393144887887624
-0.02889974360066773,0.11641659028058327,0.011529394125028986,0.12943364635252083,0.11718487231874983,0.04919243719356003,0.07222964926139587,0.007654912837660552,0.161451441954729,0.06763824459082084
-0.09736415157737645,0.08855317795554321,-0.13826980433892985,0.16690227054934714,-0.12645687854162868,0.11233459985771453,0.05148055889918553,0.03908770094256175,0.19967141065662553,-0.0028771565052024134
-0.052200973412005774,0.08396865652511266,0.2053860692342171,0.20440143131718141,0.14107528507495595,-0.026085260818499136,-0.10141639059270963,-0.1735374327381018,0.10041345148578948,0.06532370284521279
0.018246949052262016,-0.04197890045060817,0.08182896445622877,0.21937234032091935,0.04951204091241826,0.13660325329554068,0.12352036950914543,0.0661164418273834,-0.05527334101354198,0.043584972155213515
0.059127702985885155,0.0183011241220095,-0.010592624022438275,0.025050982181970508,-0.13547552781322747,0.027295052189367588,-0.09751895856315285,-0.10247674891617622,-0.08536237738247242,0.10258364043948598
-0.100543755937852,0.010244164493273674,-0.018947293858140684,-0.18185260947911733,0.08678077840642504,-0.11485217116863586,-0.028680663701923674,-0.004416770848768518,0.04998807435307756,0.09319797984862871
0.2876027922294279,0.0005834034994223946,-0.050019915844771626,-0.15260331815981198,-0.14425173073688252,0.07398894975275346,-0.022856898309379613,0.01447736088479557,-0.0070503937392239115,0.3285371260700003
0.19561942604832908,0.055567127621516416,-0.1260056088656707,-0.025370274174151015,0.07445353390505591,-0.0027502667807640796,0.1338636909528998,0.003866834019892594,0.0410732035153752,-0.02410693050496775
0.20086605987916586,0.03994828693197217,-0.1585238962112222,0.03164023061665347,0.13147366917891123,0.05097676187837405,0.03233812992051583,0.01567764064766243,0.04624143246644481,-0.05406943761772799
0.13975457628336876,0.09871426520001693,0.03895260542484085,0.026925507845806648,0.03129659043124184,0.0771476862281964,0.09758928276302249,0.07971346364373724,0.014374349767663955,-0.029316372187644855
-0.07386639943213846,-0.06495402467713501,-0.047084227033660025,-0.006173132255631507,0.17235606374769752,0.10720134245817939,0.2128545132401006,0.02145205055372379,-0.014142900652922452,-0.06752659352897354
0.04800622295934459,-0.030964823024059562,-0.007938562454714563,0.25116317992325304,0.22778372794797502,-0.059493945729869185,0.06491974925686142,0.045368098739838755,0.011986812247894007,-0.07036611414262918
-0.22532531050476623,0.060552141635369164,-0.08100590696845926,0.08064197666506184,0.061361334867425565,0.018926874611486722,0.13195528455820446,-0.02457207604983166,0.28111324311334973,0.21061306685067457
0.09454023236592209,-0.12930137652011123,0.049037313810707625,0.008103825525978006,0.1968548876476448,-0.08826370297665206,0.040300848021835325,0.12364823590276436,0.02607443892234069,0.16367676044621593
-0.0400260236781393,0.08036119955805576,0.06887000770837383,0.24581137393726665,0.06449773955829,-0.17454354645372822,-0.09864181150427251,0.2731774104020224,-0.03485925427848455,0.2970327868799636
-0.06548993427080749,0.020403249408300298,0.04717642473859851,0.21075415686945934,-0.1133344935827204,0.09847631100916865,0.08473645255853907,0.11016468597261914,-0.10872111570886009,0.13636302855204185
-0.07622981902133426,0.02282933008494987,-0.06476107629959332,-0.04701606777985441,-0.016619089038990863,0.2187033005050312,0.16489114089031848,0.03559960049884203,0.022655212861330862,0.21749216176154554
0.017100897725606523,-0.11807298458554664,-0.05146577063654477,0.11942296522720296,-0.03418768794588263,0.19877041287278477,0.02758657549163953,-0.24482525667378624,0.09153453016362409,0.30448627596484035
-0.09915494438698831,0.05490999812399906,-0.007799950859243237,-0.03952796550123679,-0.11225642351691009,-0.050723861456123925,0.19879963856550031,-0.044563658000293105,-0.014926132137184394,0.19355099333598408
-0.1561264644412483,0.13562141408583914,-0.1601679440888818,0.013620132963467493,0.11852850915391186,0.0008067031310666772,-0.050607872089396544,-0.12604118118222768,0.17804104034589363,0.23162612802407317
-0.13148946765845465,0.02335600536567422,-0.018517996915551366,-0.18885142863123605,0.010976132353672601,-0.08484297359251214,-0.09814272454448597,-0.20541009568213298,-0.17017197644615784,0.03836887824496765
0.002941146244768489,-0.03747215226951618,-0.15076002204665556,0.17539361825727,-0.000751439922450815,-0.03504008543211925,-0.008181918254014639,-0.1249066913187239,0.08162407408340083,0.1636496336257087
0.14630115004214708,-0.10982902218283724,-0.16205705780431764,0.04473862019363631,0.20649128263704333,-0.1465505620478388,0.004682481467517966,-0.2059497801987672,-0.11484517148715048,0.019521357403806335
-0.009974605681510415,-0.07768190961347157,-0.2509521356264891,0.016445248866568545,-0.12634140834133328,-0.19357889320215987,-0.10425240153335325,-0.22576967852923457,-0.05438147776469005,-0.006762515511644071
-0.12518314744965486,-0.11860707544911415,-0.09063101518530362,-0.019998374930101596,-0.09332094247739821,-0.09876311675138678,-0.19480112498663443,-0.21079829649313236,0.013569275949227987,0.12740820329440875
-0.011491633543266343,-0.08312961176502438,-0.07682035857220335,0.006161022615602606,-0.17289249163027107,0.23316428473175527,-0.008996083003182082,-0.026499831105129143,0.09184113256954174,-0.1570188660888333
0.04309029178146494,-0.13068612236509952,0.09463066428776781,-0.013837046901737007,-0.1324269279794886,-0.07503373912958075,-0.1976013120399483,0.1340713608641848,-0.0009715040553653145,-0.10911440235624979
-0.09351731428037255,-0.07764811149501838,-0.01994143982196374,-0.07794813436335074,-0.03948885064820966,0.15537371801704644,-0.01996099134997515,-0.07434728787204176,0.021412577571612836,0.021080618335005553
-0.14043967274074515,0.10153713794936323,0.09456150469650448,-0.1403499660286291,0.03173344147274587,0.008973273195925986,-0.0165991087229656,0.1093880867075741,-0.05035258044818468,-0.04632003590984472
-0.06874065876874316,-0.24555486702459242,0.1239902614088387,0.06639125259468721,-0.011728209522027026,0.04281398157853045,0.17533566148716828,0.02455041045119421,-0.015534904425410626,-0.07367705377272546
0.0949706988885296,-0.020931575416948043,0.11016040112020131,0.1549216634969282,-0.03278709848183739,0.06759804897438146,0.13389762853758522,0.022862024240667113,-0.0739525241831073,0.04798330408500202
-0.13806109716337897,-0.21776179970278545,-0.01185553108742518,0.01523811484114523,0.024680418192383376,-0.1104900142085103,-0.14215873824501207,-0.015173021377036907,-0.1413088552175813,-0.06846984122411794
-0.2103255757397211,-0.021967099367486972,0.007067843860684786,-0.2936605217178478,0.05665987917660818,0.06435036435603964,-0.11753568855862132,-0.09779487551596662,-0.10543150382045216,-0.03566802016202664
-0.24896654465345214,-0.1309707200426672,0.3016642316372473,-0.07522558031471405,-0.16646258351987062,-0.014332403482401607,-0.030318477209078574,-0.11199903795890045,-0.30719507699988935,0.012878313707650222
-0.03100873095526885,-0.09441296749183398,-0.19133574375834964,-0.0773419759309204,-0.07293958617850473,-0.22505002963305298,-0.07860834637265479,-0.26248589730329946,-0.07289948116837384,-0.07249155379759467
-0.07023292440521163,0.013629606898699853,0.10946736403346151,0.1892054174873286,-0.20695543804713684,-0.02257097881765259,0.09679969390557847,-0.15336299373878887,-0.029253487167368863,-0.15576796173321855
-0.1382193596172182,-0.19490244685248612,0.06419625585579533,0.02399686174931589,-0.07703057632937432,-0.1804745838669403,-0.11202885609569121,-0.14766030932775132,-0.1327435670681623,-0.07547492513202951
-0.04260003273926065,-0.03514503116780792,-0.19125661734306587,-0.15457633471716048,-0.09753753205848127,-0.20259334709955176,-0.053133064259680424,-0.085852582638721,-0.1614475855670333,-0.13854984541056556
-0.16464067863564485,0.00793569309668319,0.03314943223510118,0.09133726257181082,-0.19374802461725857,-0.014946244418074683,0.056702844128170365,-0.1264513284431656,-0.09210059051323254,-0.030617794623209314
-0.10472367169947971,-0.03684919111972224,-0.1197443889898207,-0.02039435443891463,-0.15854546866814107,-0.14618909782194214,-0.12165436353625475,-0.1924415436166131,-0.027461364078417816,-0.24230035191152297
-0.18795948071184598,0.04484791971839376,0.06462278198706137,-0.06661717761379425,-0.15158495513837877,-0.04350894473171388,-0.1474395391909284,-0.16812616299877928,-0.1292626997923843,-0.13671796025843455
0.024846963458121846,0.05307546620464511,-0.009792181304621311,-0.05045148334720881,-0.13337015119420326,-0.06408783502098493,0.035266826798880824,-0.18159918472734446,-0.1366118099944036,-0.06817517878106806
-0.04482617411605802,-0.13690194345998682,-0.11987196645081065,-0.05300005184149009,-0.19143397691367026,-0.08208450761222302,-0.031233925982176516,-0.19976484795206323,-0.06993343951427035,0.033130772048416884
-0.1120059735681638,-0.13371501011388026,-0.10713680922812367,0.0050160489587437185,-0.11088826968952359,0.0855165129411199,0.024403681781694775,-0.2228568458182241,0.07364067740056696,0.022770775844541305
-0.15895244909411882,-0.1103789557425267,-0.2077624063201754,-0.06494914739700249,0.09076418595304063,-0.012894081383480523,-0.06392830254082575,0.05419443679253816,-0.04699264497056405,-0.028229889615437043
-0.06258807650370417,-0.015565292828651732,-0.17496324210410874,-0.10059535311203678,-0.051050277429377434,-0.04249236285935486,-0.1879012194926854,0.07565497678935779,-0.00023411557539279593,0.13070981784735078
0.04128070838967062,-0.08264923649576193,-0.05907531208319014,0.16151306895955303,-0.013928784749276182,-0.032007866092260084,-0.0194188600789693,-0.12810322995418583,-0.07424212212574419,0.0051561595708153165
0.04491055103948619,0.020903686723841075,-0.014404498569791438,-0.12855728322782572,0.15991041116956203,-0.07394472794215985,-0.14415642322271643,-0.006204483654590535,-0.13084792427110498,0.18269077587414503
-0.021189708429449804,0.020749758066174316,-0.03734096389216319,0.11341622624886925,-0.20801692244863404,-0.0019438800666369445,-0.15882658720031395,-0.16876767205774593,-0.09734879433850709,0.13757671278866657
-0.029438446042728137,-0.004413986016550943,-0.010896134188266564,-0.0805747898120682,-0.14899397926393804,0.1501380948431557,-0.028598086339591405,-0.10248839092480008,-0.03230275236383332,-0.011413316029783127
-0.15237023964148175,0.00031181301918356205,0.007420413153989711,-0.006778974674381558,-0.06783380896577174,0.03344053184968347,-0.07015140945974792,-0.1291434046567204,0.02809220050778083,-0.007228002286763083
0.00047979857562412825,-0.07328009932464469,0.10648470818160621,0.039238884601038235,-0.1213914268664212,-0.06086638988838604,-0.08395277462943158,-0.017351817353986006,0.04257573600974961,0.13145524884751714
-0.07991776604072628,-0.10589193737831099,-0.07859692169075891,-0.10423281908107813,0.12221687129258325,-0.08243520648164607,0.13386780793178557,0.2760486400612345,-0.011830653334642588,0.023102304427877838
0.05172822574295441,-0.003128210078136802,0.030948291179461476,0.0386718162413465,-0.03781057679430043,0.09343272482198242,-0.28234062786369724,-0.1644315578143117,-0.05868383406041134,0.1901679165990963
-0.028584194335042903,-0.0033439336906213243,0.03350124650921584,0.1688127865141585,-0.2518496865732431,0.22293676082537559,0.008030872127305577,-0.06780007092310589,-0.0893901959217291,-0.03146574548817305
0.13808739530302083,0.051408683674489836,-0.12897663305906507,-0.24309095715630297,0.060114624206095535,0.017007653393814916,0.00936805260326579,-0.10421368661677076,-0.1523783156102716,-0.07723520214498748
0.0825556480060098,0.05288766831713281,-0.12803524537586675,-0.0678986900991867,0.04472026966405241,0.11332338208078808,0.02497288345378795,-0.03740598587818257,-0.1333745707572446,-0.011834765354172445
0.17851139487223117,0.22672952720744227,-0.15525837583486524,0.07130069738567343,-0.036316923018044546,0.017932145863586713,-0.2050513310720578,-0.21255353571522828,-0.07495052844202593,0.07649990965511103
-0.033872859956932386,0.09463067853654661,-0.29472454506523094,0.08819405551914716,0.0642259458499984,0.061836165617623874,-0.21216704581265566,-0.004638083591850417,0.013476976405194227,-0.05135211642371777
-0.024402989392125096,0.015297414559488059,-0.08157793299358694,0.13712543441273317,-0.013798887508608054,0.019763249429845045,-0.14903165543083643,-0.03447769534495798,0.11728354090103477,0.22946297938931798
0.10879631530167205,0.04528121473855884,0.01580525766232657,-0.18553689450247587,-0.014729058195644948,0.17239706209618025,-0.27469654041238434,-0.19070626488912099,0.20799525952484577,0.1613720322565398
0.06298145329457418,-0.12237781370442255,-0.08177685606599086,-0.032814095095755995,0.023977042161766257,0.02157905166320369,-0.03762739427901177,0.0800988009134738,0.15641505214182105,0.20669637965414422
-0.03909075288258407,-0.12687915144054543,0.09851804803961106,-0.032739897603878756,-0.015956820817035523,0.08116973330331516,-0.12140450978365704,0.017625403987647923,0.029415288711637188,0.04570481812573657
0.10243240641669521,0.12030745048360664,0.03226545011804798,0.04923230415463763,0.025221070912400417,0.19266571373290384,-0.025996377109782275,0.12292444333645876,0.19245844508691887,0.2258112926921505
-0.03177730506205105,-0.0859556569552442,0.2997804099472826,0.13833974991088896,-0.06024527045699823,0.32419491209948037,-0.07876230994007477,0.17092011999834025,-0.010556103645931778,-0.1137034759285446
-0.025354020256680362,-0.22536307450461937,0.18770852512849662,-0.04935084847167356,-0.013118240423526092,0.2083268845487831,0.15088400268711913,0.05382589162451691,-0.021693966907029794,0.05425314339331962
0.20754599899374748,0.009427798502278605,0.07742486046289182,-0.07173550396009479,0.2554472181154805,0.12997159407718845,0.16693741224489655,0.1249502128675928,-0.09714747091480472,0.008717522165130845
0.05907646250414567,-0.06880328673089978,0.03262073333387441,0.011182390459707429,0.11100000856413877,0.02114230785442331,0.02062595488539635,0.021993089773264127,0.005454892467606248,0.009052601044183886
-0.03872020786629202,-0.020053138527008428,0.13720825797577552,-0.09248811664349976,-0.10229051764566222,-0.12398963636447034,0.08026105302895997,0.10622750062360346,0.05270249455355066,0.11937595317847252
0.018116932135906615,-0.2088380533839585,-0.0036914368532178013,0.026850654174640963,0.21657190292650724,0.2813033524284729,-0.02554160323308788,-0.08453538935141972,-0.16336041720176006,-0.11713981812555214
-0.05724029600493743,-0.04389709575005096,0.07278730150156919,-0.1320603003999347,0.17087162354063262,-0.1900220962050715,0.05260936665705496,-0.13999697837330077,-0.0845960008318282,-0.004488466606254344
0.04263163898491632,0.049863199882762756,0.15800271199312807,0.03355536089128021,0.06910754237273645,0.009435437148277156,0.016045994018699203,0.03585919027380703,-0.033044405939825224,0.1093021141028409
-0.06319830090942077,-0.13807744054792637,-0.09988954252462792,0.07114081790319639,0.1296035578276566,0.027059050350477808,-0.07497956591588614,0.02077171541197117,-0.17869314437607128,-0.21406622439732642
0.04608372605580535,-0.19093756145676613,-0.14083817185422892,-0.03662088974872616,0.10467577700836234,-0.012455186366692475,-0.01714721886236237,-0.18342003675212049,0.06243545087366731,0.14340663400226564
0.09177394928230513,-0.125472281675328,-0.11342441679597698,-0.12101321576305607,-0.053868845755384545,-0.1216340757358251,-0.10950975095607644,-0.028786796048734933,0.11914609595005782,-0.09392121474081971
0.0055053518559992146,0.1929571155114392,0.09676738985394479,-0.08781548339810825,-0.05674967697199438,-0.15430959324800048,0.01224993053154512,-0.10285290041805417,-0.08983751687583863,0.037204769367564915
0.06810534295666293,-0.03532953023452456,-0.1874226551500931,0.04634427597565177,-0.10552341585494522,-0.010008115288735388,-0.1296605743583015,-0.11358329678200095,0.1310817104852741,0.0042157684051219516
0.004016917017112396,-0.08253104950416133,-0.04683122458691917,0.06848725303994527,-0.12825800749478475,0.021951671686429284,0.12209273766637325,-0.08945014832634866,-0.079278681136267,-0.26953897039548025
0.006270719299756578,0.060622857130016,-0.05918261738647185,-0.07465845063664955,0.0479122873332708,0.1446834563083135,0.007331415598742778,-0.08066857512071558,-0.10033200401076907,-0.056251113400371616
0.04677398102716554,0.04181373258083496,-0.16508107825402668,0.19697385213228025,0.14529565538185155,0.15029163167402557,0.1059263643668695,-0.187933521418119,-0.035592358744475666,0.22703034192799562
0.08065984670055609,-0.2504352745448427,-0.153946064028963,-0.0038684016002379536,0.09687396301293903,0.01162512932545504,-0.07134705434083258,-0.020291336577176706,-0.12826458575593527,0.014242640493628177
0.029347514760642342,0.069404956129412,-0.05050828093576772,0.011121531557901292,0.09938492014475558,0.10064257105563808,-0.05465447551545535,-0.06962910206663825,-0.2646595139749128,0.05189837199468297
-0.04101717223145515,0.02159841313500971,-0.11277613405518763,0.0048787793438064,0.14192845435932663,0.08739483052037962,0.008699196060570994,0.01312255105882365,-0.23899594483217512,0.12172957313127306
-0.07830491840425127,0.01873593873475023,-0.1501187080845132,-0.169816330311591,0.061504036733651804,-0.09910585225337297,-0.06870886628888137,-0.04260422461807811,-0.08219619109878816,0.04457524126187437
-0.12588922237274533,0.07717773814038219,-0.051051773370163506,-0.17252961823082597,0.06845474541506356,0.04697757390846761,0.019148878057795145,0.04768886241054937,0.04926976206347179,-0.15805943405097816
-0.14947863937266176,-0.12215612558998047,-0.14150702471203006,-0.1821652492441042,0.002051148400689165,0.0733644987740223,-0.05297886084834115,-0.17588214572998961,0.04643917591256748,-0.056265534146154345
-0.14809684824764252,-0.21776326609026564,0.1758543466519397,-0.042300891407418315,-0.053818479199359545,-0.11806270719502948,-0.11914272270483978,0.03857274921885662,0.04570510393576431,-0.06907194449014112
0.05257408773597247,-0.05390311876558942,0.08299674026510781,-0.04745368773562058,0.04276273525766819,-0.09198422788560763,0.06711882114511761,0.055295099379807,0.02607665686463668,-0.03476390537674685
-0.0626768005432463,0.08466759638194132,0.06999911835444092,-0.13357080078191425,-0.15049440145382842,0.026239213516508438,0.14234416572046857,-0.12103672185496467,0.09001925116042173,-0.1631500518856001
0.08827824442604572,-0.0849451241923365,0.09375532578185303,0.013610108284609687,-0.11228171996908834,-0.19628185323970884,0.13062606598434506,-0.01675320203782292,-0.17039638587802405,-0.010597252635541947
0.11478344261196799,-0.1004015718449992,0.012739983269801811,0.08309631886843233,-0.1650385769349987,0.03909273292513567,0.02402176365685669,-0.08251248945284877,0.06482406842135252,-0.002734845105846595
-0.042318679300635126,0.16611341957901557,-0.011111109764402265,0.05989992929107587,-0.11546244255891915,-0.06201563086373173,0.16863260545211722,0.02745818923923462,0.01308484430133231,0.16022416021905728
-0.1235721201743643,0.003964321049802329,0.08856161370217727,-0.052960109754292856,-0.08221686656081853,-0.15022405061193872,0.06200225730964132,-0.04617006200766384,-0.16235113177789148,-0.12561952575629334
-0.07414768558602311,0.02041304392406626,0.015182657719251718,0.02495392269127836,-0.02648243533861161,0.09075071190568501,-0.03232503730017934,-0.09820713900839309,-0.16561240383332967,0.19085301020361406
0.04785011027190594,0.004650078364547195,-0.12272697855888859,0.0984517509910943,-0.07576741368828116,-0.06953215964570855,-0.07809318428859915,-0.025397658183683364,-0.045575477811097984,-0.10114491743223045
-0.1084913386209996,0.13201622843888652,0.03232456498554092,0.07274084094586941,-0.011890545367786377,-0.15897081385896944,0.03449946680404935,-0.13365896887021617,0.08336858064014468,-0.10317403806255948
-0.0175710583017355,-0.15571299647556563,-0.21141749837235357,-0.03031499294633899,-0.01545416779898684,-0.09319655465198619,-0.034221651165558864,-0.04977452584928311,0.21175608188725029,-0.06134657450027417
-0.12725714997825174,0.1040753181482978,0.12984636587870088,0.08027406199182728,-0.07321991213881773,-0.018419488895253362,-0.15730001664338408,-0.1939507523882769,0.004716180992933094,-0.05803577021985483
-0.06740203509553798,-0.02468554645883861,0.1454238259117866,-0.013858389985822017,-0.08539920213881277,-0.1556958914446942,0.04106076643254804,-0.02724009361227797,-0.016340360314453677,-0.02509408977304597
0.008284093851592358,-0.0061475102503311535,-0.03168616831743777,-0.061835337887158656,-0.06809670930627483,-0.21589763470798765,-0.0849163781509156,0.017065941777768913,0.05054321974017279,0.0001622202850827814
0.03118414215527554,-0.03423581799791357,-0.04959410491094976,0.0516942748664077,-0.1730698985533202,0.007183366384398121,0.08836686878117754,-0.027475147529591484,-0.010454693934771832,-0.15100931813493432
-0.005216832069517757,0.05264788790182135,0.07292790661668344,-0.0068352136777347795,0.02881351888822914,-0.22178894663822274,0.1499999425116903,-0.03569699217911858,-0.07658222332161357,0.06503184114994007
0.050049048575315745,-0.0379495530871886,-0.06401340164928371,0.0029859415636512314,-0.09049479271556728,-0.12747125034037807,0.059875580578917356,0.05855858851893182,0.06001006609266103,-0.01974363115444394
0.11927536574401355,0.028022471122452684,0.08868737252009139,0.042056732322109096,0.032497822094425026,0.06271426628665999,-0.06354465033680838,0.15556412778823078,0.004791507010360255,-0.06900019739317054
-0.042128918110954136,-0.11399334416702389,-0.03199323886396094,0.04536826937221275,0.10872494572265573,-0.182784887267967,0.09871509115708507,-0.018409500388453286,-0.032534041355002416,0.004406607274033962
-0.008434871102854525,-0.14080334600420052,0.05489383420026284,-0.025245329164090724,-0.23390015717135973,0.08502036174990009,-0.07543057219266684,0.06093808025986064,-0.08142966706017997,-0.12634681995242367
0.141489653717913,0.02925533949799868,-0.010892718667369943,0.0018212533032117891,0.10629646998857725,-0.1541348375500351,0.011122197207205125,-0.05009630844873935,-0.03620604956219702,0.006395128648812108
0.025294753453568616,0.008485458795027004,0.12598758691101644,-0.1549153128465467,-0.07527994231016022,0.001616521475319356,0.07382016606640109,0.0808271502251262,0.020117013709763498,0.02336726690509927
0.0180527624083276,0.0323034621008977,0.11486171954495591,-0.0885788225285537,0.14592028220298875,0.004440025061262745,-0.09190880727403035,-0.036906683042217926,0.07221958020516848,-0.08841350577640861
0.04054269113431057,0.01584694316769121,-0.01080946937484837,0.1479554638702895,0.17505157939893778,0.014898688549112228,-0.0310022924208142,-0.02164017248239257,0.20075743944148214,-0.14215525346266114
-0.03505164829071572,-0.052814783089561335,-0.008089247863047419,0.041691729119669826,-0.005179540760148954,-0.13269679097144083,-0.07768148495730832,-0.09817498259824439,-0.0035391695153809133,-0.09175548250523635
-0.1088201663701168,0.057822404566817996,0.04374110469035786,-0.06745418857626234,0.15238425595032534,0.08492252075775915,-0.022365198344297142,-0.15243738551567643,0.20884880679849102,-0.12539044595410825
-0.06133045681252694,-0.05700087664528353,-0.024577581949160255,0.24616487556721237,0.012730407266559163,-0.04341666194974134,-0.1697170692651604,0.0791579953643648,0.05417667778761642,0.05099912371340776
-0.038098102092892785,-0.07925644743255666,-0.07154001524489352,-0.16171195018477663,0.114400749417763,-0.06847024678701849,-0.1485224786128457,-0.13467922085334777,0.0914524820305817,0.042071124057022236
0.01034143435306959,0.017798728060454308,-0.004603454138883734,-0.08856858930764704,0.010681947352124091,0.01938496373284942,-0.08840632980327075,-0.17944911908934247,-0.16799549425480792,-0.05793116766837783
-0.07534499106872872,-0.0158081000248703,-0.21371383617256412,0.04296907162726428,-0.03943447856015553,-0.17843179875328308,0.00400761715844658,0.1407159304817856,-0.11258279651455154,0.0705680838254992
-0.0677562913422665,-0.1495751363522661,-0.1954583704469285,-0.10936690225614282,0.12435365796060929,-0.07202642087344889,-0.10973431093667521,-0.07481215721065987,-0.029277059390950818,0.08139404740747785
-0.019421923015060315,-0.0045953327879710085,-0.04196264075484103,-0.1298216720732182,-0.036066492389860344,-0.11507676785045977,-0.05038670214870543,-0.03354397557101026,-0.11677501589355338,-0.07571609778919514
-0.003684961753461641,0.050482609358638984,-0.20554906779774532,-0.09621787172105042,0.06512163353583034,-0.020566436522557758,-0.14394704369325215,0.05043295261681482,-0.08292423089998861,0.1132652304312836
-0.17672264714517175,-0.12818064294627457,0.13655436201604193,-0.09693525970911589,0.02500661549327937,-0.19501158862476348,-0.006456447796634297,-0.10763289545785334,-0.015675416371428424,-0.06170505880624519
0.023019459319735938,-0.05379565470659288,-0.09709260887180549,-0.06925611439694594,0.060658475419022514,0.032931142676116666,0.06736083391977761,0.0631507834819001,-0.11664753165226252,-0.33409374465284
-0.054190446434975406,0.033413800220190845,-0.21702061654017002,-0.155498042615854,-0.07210360630392834,0.057727959911197835,-0.02962959056403765,0.04737821349338168,-0.1672792751921407,-0.13323508976490864
-0.032114921784528995,-0.1650409822712186,0.16747481144641482,-0.08906847046827479,-0.018234742141581117,-0.038079660278248155,-0.05526001943080764,-0.09481868777800885,0.002174323821483262,-0.15632425077772405
-0.1799461815458942,-0.11991310405858088,-0.1936485570979858,0.07386941949737436,0.12219366194587461,-0.23783205104020191,0.0739882500235926,-0.1223356480239049,-0.019204715793038805,-0.03846814772350398
0.12641281050525993,-0.05100174155629123,0.08963054382903232,-0.014107467081845845,0.061920556691264894,-0.07947867214183227,-0.1751082415205619,-0.192568308218843,-0.17581774938351763,-0.13345737507956545
0.02559544932452852,-0.10402907885399204,-0.14938846821256346,-0.19200085909602538,0.06503338093616762,-0.06698903066408922,-0.13718536047379715,0.08035986958745912,0.07281707245752955,-0.17269115211903807
-0.0023874334644465173,-0.18017741309518814,0.08467441391089207,-0.13101455452263194,0.08911236987340004,-0.03749330775172409,-0.07529017157123487,-0.07249721052438862,-0.04828306483578512,-0.135027391762449
-0.0850945803123754,0.1736139267717841,0.06546013517924384,0.04761628486386338,-0.10930273146957754,0.09686603386839646,-0.19408618305610953,-0.06030692630770982,-0.01244738768439857,-0.11354358531918089
-0.2949162417682879,-0.083690597835208,-0.09266080254406298,-0.26535252720477737,-0.07009102450127785,0.010895993434356613,-0.13691142133472906,-0.15316952122097424,-0.06132773499426618,-0.12508555588407758
-0.06406098172675848,0.02068463623521634,-0.042339661742568445,-0.11523820376288724,0.07337084917236344,-0.07968986224126236,-0.12436245906827648,-0.2914086575999498,0.023584894957796962,-0.247373345857141
-0.21674786540999924,-0.29478891275230745,0.09057453173847148,-0.14323460814469047,0.016170048732940603,-0.06498553178242862,-0.11167285674881777,0.05423376692867245,0.006181042305056582,0.022029673105655345
-0.3110889539802923,-0.0191228530072598,0.06485611825814198,0.037566643129214414,-0.10392302197592185,-0.05508857108596435,0.10319643102182938,0.004165675840315575,-0.0013860470066455327,-0.065238015122641
-0.05914167731141622,-0.11828779803902542,-0.0008533686457707548,0.062765277990487,-0.0749663973239982,-0.0626100737467127,-0.018100633054371484,-0.027085758515566404,-0.014919780589862625,-0.08104172060834945
-0.09889496609028635,0.06338063392092885,0.03326106944237703,0.019331741681351655,0.04276859608542388,1.9759209083536344e-05,0.15487962893467017,-0.031867778763081445,-0.029838895333341497,-0.0020034467764348807
0.06316323838870992,-0.1914942890849459,-0.007721562434214917,-0.04842631169102696,-0.09698390639875634,0.02565386207138512,0.16607071005628934,-0.061776407488025,-0.02687648506651342,-0.07633100840844767
-0.17979444534947944,-0.08510188666720395,0.03524325630546378,-0.006046374557971031,-0.10988957548268632,-0.07512821973549841,0.08223798691697877,0.06607168295371296,0.11029952576746961,-0.054518975615409235
0.10244215884601068,-0.08499082970062541,-0.051536758725681746,0.1409442804203247,-0.15708850324218548,0.04689461689800938,0.0257312299640733,0.04952025467077308,0.11273837785760396,0.04773882235087892
0.0023895069738126846,0.08640118434612473,0.038052865159749,0.2276074355397488,-0.1488586891867573,0.054172078272085006,-0.0834401676245807,-0.053045954698015575,0.010278901512184965,-0.03475864372621831
0.20487506855357437,-0.02685447062668366,-0.01363565236138705,0.02892418137899913,-0.16364014804576751,0.00041887680022010057,0.0010133091084433717,-0.03428149295208185,0.20009351618824403,-0.01393030902587681
0.13376557180103005,0.08228760218504647,-0.012438041732154254,0.0726118396615815,0.03323790564293315,-0.012253464551526386,-0.03532183718069684,0.19697121325866293,0.07303799779804247,0.034186704477691586
0.16544556846933783,0.15304573347493605,-0.06113562282469696,0.22296324155604086,0.18844326815639245,-0.0776674387418653,0.03297328153279076,0.10929634678015604,0.0634372410607,0.022261470009121386
0.09345390448665847,0.0575624167776101,-0.04207328391869741,0.16224997612683567,0.14223668824370625,-0.002656308647183421,0.10789350251746564,0.02251708366041978,0.08991316948864067,0.01525004082500094
0.020378761607268855,0.07941373336636008,0.05661040621553588,0.09845844751709547,-0.05812625374514682,-0.08870211726014535,0.0025166789114619346,0.014565588065898541,-0.04405914322118332,0.1534296706492627
-0.07565919217002463,0.09950497679880292,-0.01638431256133582,0.030383359273085907,0.07148100061151863,0.11551860395259933,-0.013005832703594067,0.05701740366468686,-0.07536989250074717,0.17552994980373052
0.043932368872750274,-0.014101096705008101,0.01101352683065777,-0.07252512180514945,0.0013534784701259156,9.702954946145398e-05,0.08959187430168489,0.054895651955703444,0.01414649440139762,0.05396493860040602
0.05073051904334798,-0.03432918552381739,-0.045901019102222176,0.19991442124790837,0.18905922346362336,-0.030950925817056586,0.060689368275714035,-0.012519015705592235,-0.11434916707007338,0.2714043234767419
-0.06668248978851216,0.01554723586184717,-0.08804000790430135,0.02820240728439517,-0.0878655219987157,0.15543171530449923,-0.13398955740707577,0.22469342861993785,0.13124169156817656,-0.10515966904167164
-0.03959004567965095,0.0756212352732719,-0.08032055941684516,-0.09908543247882275,0.08089683651182891,0.1308722970617026,-0.0013007758942541765,-0.037439780190586816,-0.004943095857196865,0.019430585057658732
-0.08631311508912926,-0.06707742962258624,0.02096771990821162,0.04021121440354306,-0.074957313102952,0.2620520749288252,0.19289940429184024,0.1153157833659543,-0.13308327679133086,0.050771689458631905
-0.05897080980309534,0.015665996048348552,0.13866905859400802,0.023514203465391462,0.03003848579491335,0.08530573841730918,0.2232991235648005,0.03579201278559528,0.058022472200721764,-0.05142100172986036
0.1476098340454276,0.033086439319567354,0.07161460837267727,0.021386546353323287,0.12845061073347447,0.08156135200024159,0.144877986133218,-0.05248431993143644,-0.16464696460822553,-0.0786016301802241
0.1008156414429775,0.10354460948584568,-0.0036029972282161735,-0.056740474196462304,0.09237648627080064,0.026614318415351102,0.06793097026858709,0.00019851114882926332,-0.1701684447361359,0.0218581330554096
-0.020660687112168598,0.0295952589428609,-0.11422159157451861,-0.07199157891857613,0.10738300659584488,-0.08769964003060118,-0.06303570540924752,0.13863987415131582,0.080159135205852,0.049873856750230386
0.07435990932600062,0.05685189123214126,-0.06378885722146098,0.1567610679805466,0.13152586324319404,0.08166746667643167,0.16967791911782665,0.08542709900866367,0.23541644223026872,-0.008187344891891518
0.028265718660267013,0.09698081587878593,0.0066507893781564045,0.13273216392023346,0.045722906424020375,0.029528738693706143,0.013901743575971723,-0.11748887357906229,-0.05465501413721869,0.04605137071100778
-0.06282197280539847,-0.17643362379765387,0.09707266002010875,0.012108970036993204,0.16611462487527062,-0.04507992741597769,0.056659221220616535,-0.1194978077539433,0.07424619306695969,-0.05132048490913111
0.06404017319559885,-0.027388431708660177,0.015819187923688652,0.2210630946586622,-0.006562360109914608,0.020626652262237716,-0.05464425661127807,-0.12629351681530893,0.05112811023502049,0.04807072992045341
0.19168050521001365,-0.00429128147264727,-0.19685664830818636,-0.06935583667057732,0.019349679095535893,-0.101620885715067,-0.17461601219004758,0.06113124261728001,0.0062036284434140564,0.02631902328902627
0.06502701588829256,0.0230534777387418,-0.07830141465106517,0.028628915837607738,0.04957993704015627,0.1487962869284667,-0.10803801761951776,-0.052523658200521725,-0.005635134304587241,0.15709479700784698
0.0304887029943566,-0.021084550337679635,-0.036502476029691734,-0.09742893175965399,0.07123199703238245,0.18674432692759366,0.05043538791342843,-0.07480542512448729,0.07313057688032326,0.006999802589538251
0.12447874580207376,0.07669006182543406,-0.12173977927721628,-0.032937955462901486,-0.2397122914080427,-0.025336942176294133,-0.1032271578438845,0.02656382353577364,0.15526573674623628,0.25957906796439534
0.07924276221949236,-0.10841645469852756,0.04162534362420471,0.06875151174486827,0.07371005125076521,0.034009573524339025,-0.12931457926805678,0.13812016962878265,-0.05004955285489909,0.23814017873353313
-0.11558737783368556,-0.14401498397355367,-0.01668353369777894,0.07159724932032871,0.0064925078208154545,0.10859212463699826,0.16701789782957077,0.028261943616794873,0.02757049662253666,0.0014576625112333527
-0.10489744519708842,0.10704992605761693,0.2736669985035407,-0.0038347564980370785,-0.10849915899031132,0.09784919639310392,0.08208662677229284,-0.11732335898466081,0.043793320486862096,0.14780144966610523
-0.14788705947078942,0.11105347480223376,-0.0785414897810601,-0.02456612593501145,-0.11053791803479138,0.0020334454253039605,-0.026179673473316054,-0.06467117156327014,0.08776618117171958,-0.007796260108123815
-0.09645103128602497,-0.12027987818922034,0.07565601019007252,-0.17702029394270996,0.09841536894985031,-0.13673870002755514,0.046247485294252814,-0.2288480865895638,0.007062987878375039,0.17398895592324143
-0.04842424938515179,-0.07798527395446267,-0.17178628734525445,0.12865215813861086,0.0016699837424891404,-0.1374953700318739,-0.1269874022847471,-0.1365419405492025,0.2453208242432115,-0.06142508499905232
0.1159285308964876,-0.08772344990290765,-0.04363898231052803,0.058583276772769664,-0.032260836993149834,-0.04184142313436486,-0.05171215643290385,-0.08731386125169743,-0.03371378088756552,-0.036162034901692175
-0.030377552181918115,-0.1939622706397901,0.04775335518593275,-0.019017301474093758,0.021683212504379143,-0.09856779865202239,0.12200430845457964,-0.047758271889662446,0.01259786975980224,-0.12508042190273722
-0.12354042661859684,0.011690857610965916,-0.01592818924261276,0.0014265858802952128,-0.1897163258202696,0.1578477263694657,-0.08312405549193846,0.084623429772714,-0.1347800316539991,0.03355042284795828
0.0292001433655862,0.010943067243263174,-0.022015606170401273,-0.007119328176184162,0.026433635610178856,-0.11988105801583343,-0.05779579908657405,-0.15705155130942564,0.20090684093536804,0.20597154716648472
0.12331613530934417,-0.18743245012586873,-0.0038078153925644093,-0.05482137348354432,-0.13720514746589338,-0.20911057365098165,-0.06794897276049862,0.13448007433932174,-0.1086419320822723,0.09896626866482898
0.04370061390361847,0.07962334302944368,0.1652961683406661,-0.027733600685720648,0.06862730694391371,0.17075608159931607,0.14273296308963865,0.07520626262767813,-0.04847361185187156,-0.11376499053560891
-0.12857706659212603,0.10145818232170825,0.13612299703960098,-0.2422730227529636,0.04092271166679938,0.22743412899067136,-0.10167750824711587,-0.03379144665164362,-0.09631369303624279,-0.038218347899993864
-0.03238871828370572,-0.13412311293218435,0.10067388011622252,-0.027335702519847356,0.0034518588196406283,-0.0341665421719619,0.10786594303337987,-0.048619491895789194,-0.0017307461524142635,-0.04963992982451236
-0.03069262515820208,0.002919134079280782,0.010768850482365935,-0.05056491799286622,-0.021763206455905224,0.07215564446072491,0.06631321313547506,-0.08428599460527136,0.1363679853337072,0.0615355980944106
-0.0732433727135941,-0.25225232029310457,-0.04164520705623159,-0.0239515425087764,-0.02726033260945613,0.029097051756986618,0.06687542637562795,-0.12115568406464514,-0.06973826163767705,-0.0353716876407853
-0.04756930784000364,-0.043920469109583665,0.027728862012731358,-0.0344126745985518,0.09248661595786381,-0.011612497781742831,0.13297254474084294,-0.12406699226299704,-0.11762310507216298,-0.1684807885458241
0.01715158017475054,0.09081983906849965,0.04565847497801934,0.019494022989128827,-0.06877613159041757,0.08894497079172332,0.07347113586427784,-0.10602583232252152,-0.08612954078734117,0.07072491597241737
-0.007123537526976396,0.09008034054486358,-0.105002567984359,0.0803503018646403,-0.05482201899538308,0.020077276759646764,0.06881906399255705,-0.24470798091531804,-0.01021541501674654,0.1930669758186509
0.08543309037840016,-0.019928512868135004,-0.06708741761844217,-0.18703801198775866,0.17780850916576893,-0.06374130199710348,-0.07705473030313456,-0.04388766605932588,0.14795842150232802,0.013653049192110895
0.12995179346440655,0.08913427216301975,-0.20163715074543387,-0.12999335494389125,0.15271089396471682,-0.1658971668742619,0.10016727355346254,-0.2051860095370365,0.14708795148080395,-0.05413823414961702
0.15352488088720384,-0.0458056002767993,-0.07514430202976163,-0.12724063630636098,0.031326772099586245,0.06390490152263945,0.026507081492240046,0.09127678490667547,0.08405096366875582,0.08464139485835792
-0.008210241006003871,-0.006375769275123608,-0.12537445372553066,-0.003637870096369544,-0.011072532821586427,0.1763405726237185,0.02547347155675239,0.036652889780416226,0.019233316741801725,0.04074599264196815
0.04546124766325948,0.2220148983998079,0.054172940764690564,0.033460350062578956,-0.07401747406630987,0.07662210791763548,-0.20708964692673382,0.12985080895793213,0.1078468417435725,0.0462583046282151
-0.17568277618699352,0.039242902945238856,-0.07702584017202477,-0.07445127409776979,-0.07989988065766909,-0.03528476043094721,-0.04885865101210561,0.04312888575864099,0.08355879393778123,-0.004133577643311716
0.13383716640463794,0.030907184892973092,0.00199357488519283,-0.043495042568566275,0.1261404791305999,0.06809734806627887,-0.03489741464483873,0.02932262167245926,-0.09548964646020197,0.18556281193312063
-0.11137051283447083,-0.07453019914412501,-0.018678489130057003,-0.16278459981480908,0.17271984151508796,0.21177292601724218,-0.13478693079478613,0.12112783992350891,0.12195624681164888,-0.010270205169808803
0.07953982813778002,-0.11499782485542051,-0.1167713778121396,0.1122824747269452,0.000935676239983127,0.12453478268575294,0.12986267082755504,0.050601831142831934,0.031529959753648404,-0.007255693133178184
0.05148551055804847,0.24576723246529744,-0.060507615833314196,0.024639592931289204,0.16864195671251497,-0.02114427567053881,-0.20726287853975672,0.01469357752848692,-0.11607151815232683,0.14446069970179024
0.07355064161714389,0.05705966976826137,-0.16390659005580363,0.0381983625320275,0.025123543309524314,-0.1245362602439686,-0.1830158616664825,0.009801485161276675,0.0934298912827596,0.0691543770696772
-0.012237101438921722,-0.06821234060298098,-0.04208356025351782,-0.04289100635260876,0.09091185626326234,0.18037000876396966,0.02773548444075713,-0.15016745838052467,-0.25172815335169607,0.12466305290652271
-0.005810724626042112,0.06332063473804173,-0.03536099889236364,-0.1172067533087556,0.030903539119849055,-0.05759788642055576,-0.15000744123971116,-0.10342371274681034,0.060274157448291364,0.10112631546191436
-0.006228224197802494,-0.017057606886046343,-0.15995267027257065,-0.14530243572359192,-0.11786847669628878,0.057095443225155806,0.12280279075229825,0.002928384521743696,0.08733659517624445,0.14895626422607505
0.03851498829611423,0.05882784806692077,0.1908729243375201,-0.08892097731650764,0.08283193144489402,0.06240767319216495,0.0021840107538318512,0.04464888707180441,-0.06813614625366532,-0.02946706498320705
0.04191750304126141,-0.06259017073457798,0.13841073183926642,-0.09196600813999162,0.1361243730143501,-0.059169826239036855,-0.10263487044583539,0.0916298629747999,0.01576077039324009,0.04107435687325773
0.03741831898187204,0.11469363117644238,0.19848623382038133,0.03289039813093245,0.002245437370505192,-0.0798037853952554,-0.02460384502444911,0.10490430744354469,-0.10748597418553345,-0.0169055997594192
0.00805344251195501,-0.16235448648045744,0.041516193915108,-0.17674858541130894,-0.0621344017273429,-0.0659247205973682,0.21310365949937912,-0.1917140915173874,0.1493185685923918,-0.03296612155207256
0.03952949626231245,0.10918990247678649,-0.13404688872728993,-0.035365981300917226,0.12001822744212011,-0.0636734964492392,-0.10398483063957126,0.15918519066446882,0.07065581891810863,-0.14227546502410934
0.11560169851518684,-0.026448734752029253,0.03415703659413854,0.08345671836709748,-0.2306863086351641,-0.1795633669886583,0.14612346850271885,-0.0016392711839464807,0.050766681693987695,-0.16729994014717897
0.04490250869444071,0.12290981878314944,0.06434938356887404,0.054718068617217744,-0.182248825979469,-0.0930957751607853,0.20169305203927904,0.00318549671786246,0.09114833487071533,-0.12117425004351787
-0.07450739699495292,0.017707634855653798,0.12585115329409682,0.15879965790399803,0.10316207430818368,-0.142334378321696,0.09932349996159492,0.08269457383907908,-0.05814541291058487,0.10647188690554127
0.006457150369537985,0.15683202388234596,0.1004938249509148,0.2538024663880043,0.1521314981667933,-0.1930636500505397,0.13356326458236906,-0.030457367670991307,0.21354340680914063,-0.13267672102995132
-0.012820379320276338,0.07466151811468025,-0.12673849377936644,0.03433348195337352,-0.09537546951297558,-0.050654576194501026,-0.051632021063599653,0.1207508191498506,-0.1007259879995051,-0.025970942167390196
0.04404855163887188,-0.032766013079785994,-0.06897478712991979,0.09576220298176615,-0.05563040001684617,-0.1022130427973146,-0.10634073277401472,0.15709296332512773,0.09110943607910021,0.1098327145947322
-0.026190455130786276,-0.027268214990373886,-0.0703594165805525,-0.007093978581727459,-0.05400532879480073,-0.06886519356226273,-0.013780003875109715,0.020291591760866458,0.053196242657987544,0.017854774825525395
-0.003896018320621456,-0.11248000266826032,-0.05586572605614704,0.12432155970908856,-0.050605944442154306,-0.022085549891969723,-0.1029157991899648,0.0806355886341264,-0.01154494059973443,-0.009242995378500164
0.09165668372552863,-0.10488890450253616,0.28571169448800476,-0.052807742525699385,0.07968705462801454,-0.05909507733978762,0.09125572711056207,0.017634956427426365,0.08581411365968417,-0.18262372177423414
-0.05642718161508117,-0.005179306547715489,0.16397559975280224,0.022206392068166613,0.1969460455919091,-0.010935392269151236,0.20838281774783987,0.04044007575775166,0.028625661799345288,-0.16962385706535255
0.06265213250653998,-0.054866918407222486,0.06284752478749518,0.03693644957515378,0.012138621206560741,-0.026102942390964976,-0.008073045244232194,-0.018028907544396303,-0.0646247582577666,-0.10810263881482021
-0.024885626319820324,-0.047962878035313225,-0.10844678226323047,-0.207995414845006,0.16568175215928044,-0.06796022510258926,0.020353358076729788,0.019864655913865055,-0.066053014084367,0.07158856737453542
0.13908635882311435,-0.013228552588472903,-0.0366427257662037,-0.12502271292744221,0.006571531160366503,-0.05506466316689859,0.06508176329587163,-0.12423942343776635,0.02879994591017602,0.05343538507945495
-0.049784054202481935,-0.04858778730356632,-0.27129849276291085,-0.10940482041796402,-0.024271839035461318,-0.06823829467225626,0.16871833120689578,-0.06708798716449804,0.10573142101859208,-0.10476392910549875
-0.058470058051642064,0.17514689316661577,0.0008628477572987028,0.05718346014725683,-0.029198505488162486,-0.11940435281440785,0.10806460520601188,0.022774020337844966,-0.023578464335445113,-0.18284903812113995
-0.03240231776028832,0.15341087984899893,-0.0775447703033744,0.16957848452606591,0.010612220925804959,0.09166444684912685,-0.10501736323937055,-0.015605446841163797,0.2792671339003401,-0.05054102230548603
-0.06814531910857116,0.05119261660478028,-0.07677349393444222,0.20313554220050817,0.06763011796434665,-0.0362580939588513,-0.08183447572213196,0.15966857870626952,0.05698293362153309,0.11538756565318473
0.0201282227174627,0.14045893067124635,0.09191696325511767,-0.022166091071764024,0.05307176836715591,0.07052386514234932,0.12632540053097818,-0.03970950589241211,0.11960637234090829,0.13553393825434257
0.03512568034943954,-0.023370255000372788,-0.18646464956407788,0.16028759078031754,0.12415632233449696,-0.05254323798888084,0.06978415317038869,-0.1795199587768437,0.2537095361551436,-0.10575577270176638
-0.04737286167054516,0.05449513991997437,0.0518830353493048,0.09529375731996263,0.1199092035533078,-0.12441503287640494,0.0660960625337061,0.07577036819642868,0.016127730682178973,0.24611205400508676
-0.1374459109345377,0.03100040141825155,0.039282654329210256,0.18465384572192312,-0.0847801243845502,0.0799172685995036,0.12121642218395068,-0.08537589727570874,0.0931633539135066,0.05401686514620092
0.04368780367481883,-0.05925647561427233,0.19242007001159225,-0.05788635991744287,-0.21585307053822342,0.13581732407654953,-0.04481761649930336,-0.047399434120350886,-0.09051472534824664,0.08357391458760081
-0.00802796824471904,0.12390107862580513,-0.12401084410286287,0.17767802896870538,0.2528515756368962,-0.21900714379781722,0.1947196327732848,0.08751303310950748,-0.2300750846818066,0.035806434019566354
-0.024527110036877266,0.0028406528391207476,0.007977289196803447,0.013286781524379922,-0.12443709592900079,-0.20533822358609774,0.06237610691420743,-0.08248410062866943,-0.061555453637636336,0.09106283688878379
-0.031380808041641194,0.09493334839545743,-0.15206559905591233,-0.05786771157375213,-0.10565593296191735,0.03599841273594878,-0.07157347507225945,0.04990069513809286,-0.08691530620224189,-0.08210102163046584
-0.1818673345185296,0.031538849149694625,-0.12315208449490839,0.02434342786988335,-0.039526158274478,-0.004718702376820885,0.11134209466216231,-0.09818276610309966,-0.05768953629277477,-0.09808873243393415
0.03585515585501855,0.05196882269298149,-0.2117253503025552,0.03296256090160429,0.08935560706115414,-0.13546981212983839,-0.05202782256240676,-0.06112977984597533,-0.09589153264767947,0.03565309529643211
0.04438595537901438,-0.15812383790384835,-0.2776534526777047,-0.11602535039017509,-0.06572024352072324,-0.18624760904071208,-0.10047105557349822,-0.021164319081922442,-0.010737651117583272,0.06281503138848156
0.10123942587746028,-0.23954681598995703,-0.1559802503487857,-0.06840570387228093,0.0753845792179693,-0.13859711414215933,0.047373865482874936,-0.08064987423417982,0.0023423611283394374,0.006395268847365201
0.06551071576148257,-0.11451915976169388,-0.17361854858121822,-0.0657283686585739,-0.05950458954998714,0.0405119768246859,-0.11907520322611759,-0.05942653466310151,0.19105574266091727,-0.03875391320163638
0.0002008742015481308,0.03788137539005333,-0.04989941145123174,0.02013033120274681,-0.011454291210629103,0.009852882163203739,0.021064972693849757,-0.12797778809433144,-0.0932893394568582,-0.09883964487102398
-0.08836649966387466,0.048831681055593865,0.029234648361113516,-0.09961487456832584,0.09188714088958602,0.046697901024709325,-0.14902157369458857,-0.07179289000989768,-0.004139504728760397,-0.02327239851097007
0.1295181851521346,-0.12889285761092442,0.08046029081948998,-0.13302276463687415,0.049239792621830154,0.24090952756177775,-0.12502100622839496,-0.10633518492886117,-0.07023863311333609,-0.03482427908947047
