T0,T1,T2,T3,T4,T5,T6,T7,T8,T9
-0.14522999395013608,0.11021366541512571,0.08909221423706327,0.11409750612800608,-0.10809547501063754,-0.017937560912808855,-0.021513598433509706,-0.031148223243993283,-0.2156493663424364,-0.03903823988231009
-0.19361798939963992,-0.012599723339900018,-0.13788212105802053,0.02364360577858254,-0.16003343964640684,-0.20783154166857068,-0.18453615817183344,0.027884132212376997,-0.21189044125671627,0.1553179117199782
-0.26824318051259055,-0.05998436514687361,-0.07222397892244481,0.2620560383859941,-0.22134949508304896,-0.16191105233344225,-0.10796768383524734,-0.018439907094432252,-0.11307347099447441,-0.12491833404151437
-0.046149836566630284,-0.12773611004414281,-0.23814895315909654,0.015337707414223144,-0.1340470054030951,-0.10676819821899461,0.045270746108729165,-0.03741836834724905,-0.18356009724757216,-0.11676183767468541
-0.0837641700211021,-0.13466909400775068,-0.14480569484406172,-0.006402880872036459,0.0230116422836959,-0.0643477205940448,-0.06380475875745754,0.08407430951985076,-0.27888824277990953,-0.11541702644548286
0.015900451138014332,-0.1651696758815916,-0.16475184349186234,-0.06314777312430042,-0.18147393993539707,-0.05286926785098242,-0.17784099811209678,-0.008267379210898054,-0.09775296539886881,-0.08258302722577282
-0.06478788935784992,-0.018367508065174343,-0.16973029862086741,-0.15779404222626536,-0.2585295420623187,-0.14030974646611039,-0.14552553762517095,-0.08849869329460873,-0.03887685918818859,-0.24237910671572835
-0.033007434747286755,-0.016768201124095918,-0.13393617033401722,-0.1590450632831512,-0.013968117031889243,-0.12985866400508256,-0.13919844539964138,0.08536094101380766,-0.07919005617523923,-0.15813665695626325
-0.064572010144088,-0.17304456434077697,-0.0850368406017623,-0.08549351864604843,-0.17323392535961388,-0.09648886862027278,0.11875314514675789,-0.04070609953466846,-0.14283409646166756,-0.16192572015307188
-0.12094055334019899,0.08383049104273532,-0.23249335613023056,0.008671444474531803,-0.14685221067585516,-0.11036344063349066,-0.0990979655518475,0.03267098369233884,-0.30910479476092384,-0.16218046968908176
-0.15643492764383823,0.010855792585132432,-0.16340297523965577,-0.15363768693667915,-0.03626450209395318,-0.05383058866097255,-0.03575206738343546,-0.042109353328841935,-0.1491666535730363,-0.20574670788270766
-0.19412198287312898,-0.11347842255323562,-0.13637788487898625,-0.01985434223068872,-0.15589572878115104,-0.009787176719438434,0.07274590219973454,-0.07782476760158874,-0.18275736169843146,-0.0865068909518942
-0.2357964340934351,0.030381131684899892,-0.01217949555038278,-0.19960078355821081,-0.2184094135288162,0.08289955705801877,0.0851813504710536,-0.1836747066592868,-0.17625332770121918,-0.0920689769137365
-0.06672561945333144,-0.12168614478465131,0.19488653864062677,-0.2341545980713406,-0.18634658472966975,0.08664636236780175,0.1324663715359331,-0.07591610930157432,-0.17792612813039238,-0.012281877628594937
-0.24631068072302553,-0.07820657784150346,0.08395862939795234,-0.13932821245858792,-0.04647707803700511,0.012082118010791988,-0.06902760644571555,0.06922770671410197,-0.18773450912862855,0.11981182721416572
-0.026066473482181704,0.04179900203380418,0.029674306559180207,-0.05808108624223479,-0.14443112293926344,0.030695273600267824,-0.011388785151074658,0.054231954136873914,-0.2340525979388669,-0.0634610817384192
-0.16279928231238955,-0.1461950059768909,-0.0005059156999472104,-0.01464937498027355,0.07424314955584266,-0.02797011756980232,-0.03138141923477326,-0.2719943311306794,-0.16350233477233694,-0.05521771162688347
-0.034758420102234525,-0.027725369424997846,-0.0825267107922305,-0.13291325963630646,0.17014070530589698,0.03848370734750534,0.012996204713324189,0.13611635753010626,-0.16798159279475877,-0.017425882221154022
-0.19279719273183268,0.06805904300588955,-0.1321320373013247,-0.021205472540260995,0.06925508921805787,-0.035225308442092984,-0.08263158346800618,-0.054900033566206576,0.06741063910852174,0.01871766046749511
-0.05822972477727442,0.023191911818531894,-0.12838563669816744,-0.030242108914948333,0.22319506530508515,-0.03129644981149689,-0.21305203689751454,-0.17777641485149606,-0.10357660558726553,-0.1111735807233522
-0.1997819259025297,0.18131703868952048,-0.16718882674938929,0.021615553980272845,0.1086891594589504,0.03939910832884816,-0.12378960165738395,0.05877924246877995,0.11976572462561018,0.06888652489187952
-0.04892267085966912,0.01896774432642142,-0.10372634467718239,-0.20602683685894518,0.07035489794577052,-0.07736626192867754,-0.0036777090654189944,0.07652280806476539,-0.14442593774418436,0.08339626603890869
-0.08779938556359293,0.17921101158621905,-0.23014246645554676,-0.007381424466125909,0.081485626956169,0.021537328752064502,-0.03689253219065665,0.015041904205615124,0.007014426641905559,-0.05869077888566112
0.004982442627177099,-0.0012202504961023874,-0.044008239527282625,-0.1366506511222642,-0.037004622939610765,-0.1410843641341375,0.024811935129767173,0.1616651684079857,0.12102452221414287,0.19998457205067358
-0.07279986259246257,-0.08369176324100736,0.008959404957453947,-0.20452437720513567,0.048541874308202324,0.021427192136024543,-0.022497038999806977,-0.11012991987251008,-0.05947616485654634,-0.10720732380392459
0.02153864942900187,0.19002955892298634,-0.0692348292807808,0.0680076756877761,0.15868672483037827,-0.08086570291058348,0.04177655041910279,-0.09583410098555112,0.11349115749406838,-0.11302747461742402
-0.14456548122373675,0.16319974345025365,0.14876494320186037,0.17861180838696533,0.00314979361513524,0.05782644179303587,0.04059280033624834,-0.07938966617647816,-0.24743093175273656,0.03778040508182834
0.04116415414932909,0.08400418836655166,-0.12326576234354368,0.10323072206483487,0.07174113005215964,0.021492257714774067,0.033716855819586763,-0.06348261868086982,0.12155039040500616,-0.04426285112971705
0.22037742457220955,-0.042100651514695484,-0.023022766264589586,-0.10257811232047995,-0.03244119737212467,0.18588469201465221,0.11085202694004553,0.020937301708821333,0.07316468240666221,-0.009969948490764796
-0.07593709584805289,0.0735562312171134,-0.0478573355459094,0.10737083757418762,0.11268352772324934,-0.08156009199795214,0.08290116046765761,0.1700250074877069,0.0359963890791371,0.3031587338270306
0.041232893153556674,0.10612171750512583,-0.0037258379045676596,-0.13008549193017363,0.07625517709700783,-0.01581347731724033,-0.010792190573199481,-0.10637621769987064,0.08615806425581682,0.1445694542770784
0.09476590634069225,0.1401761047638918,-0.019187809588480098,0.009891021817278117,-0.16371841399276876,0.0784642793297062,0.007129342853608674,0.06533925447908287,0.018552341428248784,-0.012147146117257507
0.023581199040404403,0.13089903347767734,0.016181028350826673,0.032666717074271864,0.03596472476812719,0.017147794949720345,0.14835349248631124,-0.174939341434475,-0.10476795461280762,0.007521647005058842
0.18424389980165345,0.08832443224255333,-0.04985691335688315,0.1014476681888137,0.026479339808126827,-0.09455286542934246,0.3469439972200484,0.12347976681667314,-0.11471204279361202,0.05281962470086758
-0.0016184947404271257,-0.15545204160254344,0.21307427084644967,0.0040917086885280465,-0.0832507554881564,-0.060307548986324455,0.18907594179339918,-0.008527259161806171,-0.08385344612121101,-0.0070835015593801905
-0.05390251979816201,0.08106221476857452,0.18227066336366496,-0.11596082334811812,-0.08839104613613433,-0.0960281266337764,-0.047472736715193885,-0.049024348789367844,-0.10145222721519766,-0.023112203916690943
-0.07991880838587173,0.1682734559666536,-0.09617673635839143,0.04674271851065805,0.028973321043041955,-0.11435388224851338,0.11534945113323117,-0.13774585991647198,-0.10819727984158292,0.0067901091208185105
-0.06536807660450801,-0.10117049970292069,-0.15847153846451742,-0.11094350363060053,0.006484415352793406,-0.07509940637775334,0.036753195108334163,-0.22753010149574496,-0.07240197458827458,0.07274420126154049
-0.15060039942585263,-0.23841842646867634,-0.09983122636296377,-0.10720819575283033,0.01632394417798704,-0.19511625196762464,0.08319905123508896,-0.0008177867197195904,-0.1017713203082809,-0.08906101520422725
-0.02217119053928822,-0.06729811909915778,-0.12269127066981667,-0.09806998899638897,-0.12204268804786805,-0.030213452300611995,-0.00398635873455128,-0.18579974777148858,-0.33833775672372723,-0.06003546548454067
0.03770242479342657,-0.2811090753960188,-0.05333390856745006,-0.20201748565445254,0.14937252768465564,-0.24771790495536955,-0.06737212947629584,0.06808342737285117,-0.12404244552110302,-0.0179004973560032
-0.128657917479254,-0.05167327235575994,-0.05043210186765429,-0.19044541569422474,0.08167925931895058,-0.016764471521931112,-0.19386591923259963,-0.12014143268638403,-0.03218030215064215,0.06383583893610609
-0.11217723451274006,-0.09689375748017913,-0.16358258500554412,-0.22005729927583134,-0.06373484873398,-0.04382237868697403,0.04978624421244675,0.04866068671789357,-0.06418573864904732,-0.15829728546134497
-0.01999955094826271,-0.02710711413614684,0.044863901284162774,-0.16727484272594795,-0.03812969578546144,0.05235946007409123,0.05296411467392119,-0.2795891355007145,-0.044972877668628855,-0.054546602109403236
0.02833286534389237,-0.10927721063102161,0.02757343804291526,-0.032655237760707514,-0.08255627885414396,-0.04159544504379866,-0.012393408178978365,0.03560451073231313,-0.12554504343577028,-0.1150362815080126
-0.038456335032352525,-0.09330955941071953,-0.00827317752410583,-0.15043868294687773,-0.06686665754431069,0.06899226632088604,0.07254576031770499,-0.1239736009770046,-0.08856664194213756,-0.18327458655260473
-0.07848107087351892,-0.17729322403989634,0.05131447992178278,0.012373606747174665,0.09319782740220857,-0.03731787949863448,0.09395425377741996,-0.15106228206198455,-0.21552993040862886,-0.13891573789546535
-0.07194841265097494,-0.05447474010236477,0.013650514946974203,-0.0422218392841002,-0.12690568452401402,-0.10245420018672012,-0.22026865742985285,0.03665107552154186,-0.12058244128922956,0.019709300305898125
-0.08783994821326106,-0.0807148498209058,0.07781535039872603,0.018844464339942926,-0.09373002076322878,-0.0003949116181609612,0.036917505401061326,0.046922403462835466,-0.07152009526633944,-0.16000997230358444
-0.25187436460298424,0.08759318638980652,-0.035375025569236655,-0.03922179180427441,-0.12718163686966977,-0.035394588963176564,-0.08821738533365063,-0.05361109231183941,-0.08098304839420971,-0.21575730424233242
-0.16050594241971122,-0.11737840387861757,0.1105428336502467,0.007173937457118921,-0.11624588335646523,-0.22895363619909265,0.07083620758554637,-0.012236063492989613,-0.14360825672998712,-0.03513839400408679
-0.12606319998657034,0.0968999985712938,0.0843462237255751,0.04392300993075165,-0.1057369747054734,0.017894608371183108,0.005731362474718282,-0.06896609356539975,-0.048710303608949124,-0.20862106246163287
-0.2632439375559489,-0.028380217202526183,-0.12950821746900526,0.12460907264487284,0.002725015293255195,-0.016910026015762337,0.07221088100024292,-0.0866086022649714,-0.22235263980746914,-0.04019140539180064
-0.2240111987608992,-0.1208155660243496,-0.03709713079478481,-0.026565844676357555,-0.12829437579058225,-0.1435360915247775,-0.08716574431086077,0.07908769378150977,-0.020571261215922607,-0.05627699892539886
-0.23716022090996963,0.06962017458410062,-0.24291843385018885,-0.1435749868917266,-0.04288919500774346,0.0733242320471246,-0.028425730576399164,-0.06381286185600274,-0.1674425097268703,-0.09450457179830145
0.03474465974687567,0.036134616036927025,-0.08461912263625666,0.047242723071811654,-0.03574658116409596,0.08181805264098634,0.21346302388797744,-0.2158978005180146,-0.17191360696237742,-0.23545728584029915
-0.16724033136720756,-0.07758671025370292,-0.08539187582662389,0.03959733628757407,0.013778250053574193,0.02278433748179047,-0.09561642412135567,-0.021728650864748907,-0.10274744994180893,-0.15453961369838912
-0.0635310017441709,-0.14348404455461033,-0.0496074012665082,-0.08403686167329504,-0.004927877868507215,-0.17677598184545312,0.06432228344170078,-0.07270653750065391,-0.2250537832274525,-0.2341970509200656
-0.08662421903886007,-0.14917433700668487,0.02558825732592787,-0.1478262214486784,0.005897488011376281,0.10190122628569342,-0.028646162245474782,-0.08320025380703482,-0.12561883862839962,-0.0360349636685762
-0.07217647856918824,-0.1367618245236213,-0.08580759625003465,0.04590532743229554,0.09893965232197002,-0.11699372058987301,-0.10055196568843716,-0.1555150378709637,-0.08085935858873018,0.038505433433276864
-0.2560764837501862,0.04333654989025455,-0.03232790854156621,-0.10531272682493942,0.15290687225444002,-0.15834651145738354,-0.08349413406041567,-0.09412116046451369,-0.1785996473838169,-0.1935047082319647
-0.02556929045556025,0.0385288512197947,-0.0809206102520181,-0.10340020349242796,0.0017296298321144137,-0.046027775035993757,-0.10754183509400461,-0.016876704959337116,-0.01229799635925391,-0.17440621894516345
-0.10749375516048765,-0.2138462586246336,-0.04821400923637317,0.0973519489944928,-0.11657751810280673,0.030922971007100328,0.03633327791843406,-0.05510848301897485,0.041985968470453584,-0.04161339237133431
-0.15060569446958483,0.11113134154137401,-0.04433615960102725,-0.021371970075821138,-0.051299808111000385,-0.038186867983211456,0.011020468060140183,-0.028444407229925077,-0.14745382067758522,0.05193127705955676
-0.13192925826860308,-0.12210564723932844,-0.05488835306405555,0.10137031556622285,0.012395341328591221,-0.1665916252852711,0.01807843699759396,-0.19519632497477546,-0.15388366581192295,-0.06896106881664303
-0.11240438952704968,0.12342681749952625,-0.05200942043603361,-0.13996514373923158,0.0429616754469434,-0.061220376232297674,-0.08324683567161731,-0.08402769760821922,-0.23634614631142087,0.06641556435578383
-0.15206724532023447,-0.047135527060003984,-0.2248393541169729,0.020263740432183396,-0.06280080010773581,-0.06741669786681359,0.00029217742640955807,-0.1624585427563402,-0.11543690310543558,-0.008301807819835194
-0.050387177368042435,-0.17032630271308685,-0.20554850365796995,-0.016046126136788214,-0.14756293478731386,-0.2635072673787007,-0.10178596682258542,-0.12561165178976297,-0.12282122647510685,0.07804210140117793
-0.04662100289451776,-0.2516299318777213,-0.033885629207061285,-0.09266830998927078,0.0670843361802543,-0.08847133765305626,-0.09081257119165173,-0.08156638319215825,-0.2784491229782779,0.08695749854589238
-0.207683504820447,0.016387176293539807,-0.21065866006309264,-0.05821372167805861,-0.024121988343493213,-0.0950396049426007,-0.1273855516441768,0.10002163084890064,0.04706920825411155,-0.18518779670870322
0.04706985581113321,0.053563405870661975,-0.2143636308453917,-0.18863001053099585,0.005541934494305477,-0.09296550743895964,-0.12282480808084924,0.042059423164533066,-0.14744639374919377,-0.15603363120364278
0.004409361657584987,-0.07215340143534042,-0.272114226874372,-0.1803401002659358,-0.0516787672148665,0.118596754731531,-0.10547579520594756,-0.022355420156943473,-0.15870990575097285,0.012795989037539424
-0.07916928804268418,0.08036537907663356,0.07017006175124946,-0.061365711983419,-0.09214247362316738,0.11594492601407512,-0.2445452988611193,-0.1019719946184546,-0.2083184959818552,-0.16775368200599028
-0.10605007605908917,0.08558885804738317,-0.24709767491246698,-0.07957851291772333,-0.04220185362035958,0.07462420406417247,-0.09065282569120166,-0.11847046320891597,-0.10534177890533285,-0.005211496728410384
0.04153705142408315,-0.08673196613586712,-0.09295847676901657,0.035112282452216,-0.015970614965646907,0.006616298805451101,0.022009034592945426,0.06460464949053138,-0.0879161762905966,0.16357696090739288
-0.14321017171616335,0.06883381462826074,-0.0629094507706206,0.051120506249627606,-0.10846626542847879,-0.05785899296018049,-0.06478193295631092,-0.12390447068889565,-0.01507098477866977,0.20093775536536834
-0.19485738748893933,-0.08457100485293212,-0.07175016206882735,-0.11311388013377366,-0.009124623906380996,0.15995911646002017,-0.07514027417653907,-0.08023781723745371,-0.11497602088749395,-0.11821387873173617
-0.05013140643923262,0.05695152605344794,0.15252907710453115,0.03378046217507565,0.12566567694004788,-0.0030819302065128937,-0.13707276597373272,-0.2681763267127034,-0.06216185375400414,-0.10908787223964131
-0.24003874939835085,-0.12261701181257612,0.09818041088665355,-0.044925260602324456,0.008645541888444177,-0.014491865504261407,-0.20303924602057935,-0.06528582940334234,0.09632297323252298,0.11531577588307615
0.04838320369827719,-0.11287946238580332,0.0769219203535634,-0.01100572535329207,0.15345768118146585,0.03507145297264587,0.12051346269039394,-0.07352833077510139,-0.18909389376113359,-0.18257715294315643
0.07923631252936005,-0.11523038261456112,-0.006207010012696258,-0.07926768294683156,-0.024923075640014693,-0.13881362365429484,0.03608202747591372,0.024071690560628245,-0.027279892764959623,-0.10944157720911593
-0.13902220577211669,-0.14890315862461673,-0.025122381193038213,-0.08715773309991132,0.0777309510197699,0.19454036659767623,-0.11610941322522843,-0.016343273221901114,-0.11856166707002512,0.09307679802560494
-0.041731254998112734,-0.13444333453017865,-0.0503408086195336,0.015674707327305512,-0.05358676558703941,-0.07873825337598402,0.02531415721054732,0.025209319687507496,0.03910518232478607,0.05726742597307326
0.07954920192912704,-0.1801857044512147,-0.04725570850437055,-0.1426330811601418,0.01398715262802887,-0.024351228473640275,-0.022459868139582798,-0.050085988737165035,-0.027953269930477552,-0.045034152166373555
0.3359181910765849,0.009756098661578921,-0.07095111063580126,-0.22890421002895456,0.08946560467090064,0.04613161527097268,0.054209456383990065,-0.0914045759743756,-0.10075973054606335,0.014036458937649304
-0.02458525439912052,-0.0022603456644357325,-0.1860113383761339,-0.039416572935428044,0.0419000868419855,0.09465823222672039,-0.07163612323289745,-0.005983527684301153,-0.0890562285398557,-0.06808440842179227
-0.10009385101130765,-0.1176170132943423,-0.11071402607452505,0.05068070367388153,0.0019312879755591268,-0.05215904363032273,-0.13389350371482966,-0.04010102762800105,-0.011203521179137949,-0.0313826139185613
-0.049360744433759075,-0.116942673559145,-0.0464350088451669,-0.0634260692083658,-0.08879386436834534,-0.09739417846440897,-0.03719710977376986,-0.029209218147271957,0.06416302659015906,-0.1263816910042324
0.026900356582471113,-0.2172715507382881,-0.03893713019822212,-0.08129394483131776,0.02331783524547406,-0.08914066891680103,-0.11837365611708478,-0.09561010483750126,-0.024801324833433246,0.0348690492435217
-0.047934493336498074,0.08056749962264946,-0.11533779937022615,-0.08206110081323092,0.20693148357383762,0.01821262212961869,0.08133194435497745,-0.06805947329573658,0.0015029807375009745,0.12011277181155793
-0.04574850434024785,-0.1520872066240023,-0.09875175819844366,0.03582090385639147,-0.08442424415793522,-0.01715661863721899,-0.14438389631267579,0.0240748055010293,-0.00805363923783806,-0.18093091532226185
0.1551020942405646,-0.09758913971116528,-0.005747643996386838,-0.22268726650786816,0.028752841306604958,-0.003711791769155537,-0.22450089652606914,-0.00868511337952188,-0.1664628974221518,-0.14128476908010748
0.06308326522077373,0.20427290765970588,-0.028624997970286642,-0.0568138927755234,-0.09479328788877353,-0.0012628440954787316,0.03378159009199434,-0.08243521791464732,-0.05937476089062735,0.035033425064094
-0.04685088404605139,-0.059033324671303636,-0.17307904043322034,-0.05619766637724548,-0.20018255802345009,-0.10197619631330564,0.013846262559488315,0.11604301473587392,0.08570193228400579,-0.14629992564176036
0.04647384882600658,-0.013348429934475485,-0.0020169703481510565,0.07312539854045717,0.00705651444184293,-0.00415268747860742,-0.13457728025882054,0.11909848642883734,-0.08432875127405079,-0.10723770957880552
0.042065931102448106,0.0714243658166486,-0.12073474550739766,0.09211494574000752,-0.022055925867722537,-0.08160245995005197,-0.003980552815755663,-0.010002790741073665,-0.1614142269703643,-0.06759771939351003
0.003867199659041129,0.04156457882145121,-0.11020012166280693,-0.002726775449981532,-0.16977699754662717,0.23637830549614447,-0.06752298525393365,0.11103799171807928,-0.07582380663184485,-0.0823961316662048
0.04239179794444078,0.08366528493515535,-0.2260600834218398,-0.17237841917902783,-0.22634821214435397,0.17071344428044727,-0.020741948404280366,-0.012814324924476672,-0.05494711849525292,0.1741983504707793
-0.03705135462147981,-0.03590849292634815,-0.2638041917182693,0.07294658640577611,0.06965192528012883,0.07622898448911297,0.049890073653701614,-0.05925037646566651,0.1038335560591685,-0.10810364285956757
0.08419893539205575,-0.016879961776758618,0.01070801210873068,0.1864513336577787,-0.0703719305261648,0.06639071256483439,0.016531023489033618,-0.07513616808216927,-0.05158134667807501,0.005487293100072885
0.10247199155235504,0.32387358994375604,-0.13382032366333543,-0.07906993354477405,0.015408050083391913,0.058169343995192344,0.07121000247380382,-0.05722534557935448,-0.0073696653072016,0.05777416440504225
-0.049187512737700154,-0.020420325565555363,-0.1383180322397012,0.027095047489904735,0.001366157287769159,-0.03701111864928187,0.0716630769761573,-0.06159408357159364,-0.1679037656308694,-0.06394453470836023
-0.0444473335696571,0.01660694551815501,0.01637429179823241,-0.01175220508748719,0.03689198028362366,-0.07304903236323854,0.04810089196867123,-0.11079447696644543,0.037029201392740775,0.039530019553814015
0.021219262145953374,-0.15137834943796244,-0.032405876424743844,0.0417644868205294,-0.10091404460572587,-0.11577206452892855,0.12072800877946663,0.06035558918122694,-0.1713375989899549,0.01042750124019173
-0.1320285458503274,0.22113747130686046,0.013359221136791426,-0.025869708065952776,-0.04883148490738854,0.16733936060505167,0.013555047409012491,-0.01475357983067,0.0030708269867433177,-0.007829714223522972
0.04508418898022021,0.0180753450684547,0.0063038880553395685,0.03659407492249793,-0.03288753013424483,-0.11654650485020766,0.08131444910352018,-0.02794322783548099,-0.07618712719320797,0.06827544539922009
0.018793900887536817,0.022488258696639177,0.09751343151490156,-0.1733936957452939,-0.06802296680664874,0.06425098729106407,0.16540157564934033,0.014373074740084188,-0.1600789765470349,0.06057291441785141
-0.17611837908550068,0.1954623026084649,-0.010718326623687343,0.05920108832531819,0.15795617727567776,0.0355060265380057,-0.10448224857264693,0.1191400500586414,-0.10509185465734876,0.025661210815780804
-0.14333834878054347,-0.07473720959006362,-0.15490531290155435,0.11361545073842491,-0.2077538438666974,0.07745425972894193,-0.19297289206671925,0.037525976902692555,-0.06606572962983887,-0.009194397725028978
-0.1518520514169639,0.03189500074213962,-0.13239121751972263,0.14781401512421216,-0.06643339062482065,0.03793288876310895,-0.18734954212899527,-0.23303708773968929,0.028505433029037935,0.12296394118859387
0.033711748097479115,-0.18501329764230617,-0.19250283654948336,-0.018733495295062463,-0.014145430146951552,0.1069780589310979,-0.030777726729456254,0.127289949483234,-0.09594571107497629,-0.07821415972120384
-0.06633264541333923,-0.07186336727353784,0.0023649734095100433,0.07263278532751613,-0.21095766565323162,-0.24130371004517676,-0.01305674528669748,-0.050939818015922574,-0.07779650342315736,0.12272101447053027
-0.04090897572270604,-0.053452874807015806,-0.015033463375096034,-0.016273505625789157,-0.1794531660522512,0.17838652344606606,-0.1568473001740332,0.04347221151381733,-0.11050077619340741,0.02832910911925909
-0.07235726589138855,0.09897270352802098,-0.17518747544961427,0.04775923661059675,0.04949791555966938,-0.06662086050030401,-0.03292671824250265,-0.12844275150984616,-0.06023965139128907,0.12288479181155088
-0.2223351833814373,-0.07289299692371948,-0.07863219471003072,-0.07114337072107683,-0.041291801661252577,0.01235594638904828,0.05437732084797858,0.0998662599031645,0.001528185572916868,0.04330399074280774
-0.16904486467157043,-0.10905542669555743,-0.06889788488701183,-0.05465586206421391,0.02703337511015454,-0.02160973422653565,-0.051341103015745446,-0.05446211143995343,0.007757067027953535,0.22458991874494244
0.07184885010592595,-0.054236786556300876,0.023154712451873616,-0.16435383431044712,0.05485081422692868,0.04343812488863196,-0.10340283407313722,0.0707000950813919,-0.17588196190389646,0.07665953277227275
0.09454566862042821,0.04495916511307791,-0.09153503641356353,-0.14841399763029153,-0.08620095269990598,-0.12303761996357258,-0.02357185030768044,-0.011198207233982871,0.07354530351713634,-0.10083177474655586
-0.10568677547138387,-0.0065541138653207555,-0.23166611062155168,-0.003387994543806408,-0.07680758554841072,0.04157740116403844,0.008649177301341175,-0.025829170929222184,-0.12323047247797612,-0.062062150457729164
-0.12659137841828857,0.011908643119549969,0.009664171471271008,0.04451052027730898,-0.08958319285715974,-0.16563191401271485,0.10014688191084847,-0.1078743817405436,-0.09346250951770947,-0.14839635720655558
-0.07208091312915105,0.05735204673918293,-0.04056196820231396,-0.03430886756482873,-0.05816286920816777,-0.3505799533318784,-0.07418053034578785,-0.1792388471663517,0.020147590894604744,0.010352164503249495
-0.13043678928715577,-0.1376109993061399,0.21069088628293262,0.11207599472275874,-0.20899210929273385,-0.22135436198143904,0.03835787925020129,-0.07025206463320646,0.17679297914120498,-0.21944570631776616
-0.1252121879613912,0.08154691182985288,-0.10043428201451779,-0.04146927946800136,-0.05716076102277516,0.035538700616690455,-0.044511274135810436,0.09214178376542881,0.0008247992203694668,-0.14255394790033377
-0.06679000847518464,-0.03087161515472162,-0.13024700866268624,0.0009553316587160975,0.06352603632711276,-0.028726917288572136,0.03921606959413031,-0.08017113317728111,-0.13360297940837768,-0.12199779061024732
-0.12572100957373117,-0.09638307381538727,-0.014112136265131235,-0.01610534153516219,-0.11516631839256188,0.04029729675731161,-0.08510719446199724,0.08148644519585697,-0.15685132842070318,0.10233062156031014
-0.04480917155451011,0.11691008084270124,0.025094740503278964,0.08428405530636102,-0.19118954285320178,0.12525434538729346,-0.16873459057971063,0.08954153380264071,-0.022490640229684826,-0.11604759175711782
0.0280267228235994,-0.023653763957002576,-0.10133200124311412,0.23688224377156863,-0.004055183749608206,-0.09121830244437876,-0.06045075980905744,-0.10804433087791426,0.027349564638881968,0.09374397500841763
-0.04833093338946985,0.19848287048059232,-0.0995037367766449,0.16860509221075054,-0.10405761263502442,0.01805892881740233,-0.13452377747999025,0.09045374676639681,-0.04016003593080175,-0.16266625606549515
0.012481715875391682,0.08663833127155046,-0.08992773233124035,0.1804728533661738,0.13220467107033412,-0.0112524281229719,-0.21392744789018414,0.025191962362966294,0.13019046321712013,-0.030793956606897734
-0.08220267077216928,-0.0962201269378696,-0.16341745732907378,-0.05009119877178078,-0.042513536191857756,-0.05489088799880533,0.1441522062303549,-0.06925794509595681,-0.07851799440443011,0.004689841397192361
-0.04940159553401731,-0.14431089957036342,-0.021357659699075396,-0.06794361008342993,-0.12148743631746506,-0.1646005462659788,-0.012370466593448485,0.08798384820366016,0.11890336789717579,-0.0438982379057566
-0.009715602967357856,-0.05447104630987668,-0.19968780348190576,-0.12598054653333673,0.013082767618023565,-0.053509995004828344,-0.0034958872723382106,0.022575704706397647,-0.10125370044163787,0.04143831671776903
0.12204847517494058,-0.016801125257247248,0.0361756603452746,-0.015565839447393419,-0.1757550205388768,-0.15123403929155205,-0.18919655114280554,0.0019252613033280026,0.029715460387648517,0.0955844406692683
0.15730427179223114,-0.13549376736490548,-0.02579253556609469,-0.13012746264887087,-0.091073034131566,-0.03631509241042001,-0.05173824045712296,-0.03710957667787383,-0.028309573530458453,0.023428191335414548
-0.09520692706951818,0.04284557690357102,-0.0850754213501103,-0.056794468224747464,0.028447864658608955,-0.24002377071941428,-0.1754940084022627,-0.03946107415480663,0.016002177800627355,0.07511948812823843
-0.060876191572275265,0.04620381486865703,0.07180947626653073,-0.14946125641303246,0.02781060105990779,-0.1015650812415578,-0.013145178695809535,-0.10508889390990661,-0.06394861442828481,0.13234053618206515
-0.04393055316428244,0.13667388393805194,0.06279794768194888,-0.08914412757697168,-0.006680820130700094,-0.147525229124306,-0.07143880649368653,-0.037765732161212866,0.14438854129469425,0.013545041895628922
0.08608929801272265,-0.05128148021728349,0.0746775827135602,0.22764995904938318,0.08005495383262483,-0.17087341087877939,-0.027510767380133066,-0.03574693355807938,-0.1248970877496606,-0.08681661122861845
-0.0722669185474746,0.0811474295328045,-0.07777196285713689,0.04688540741873425,-0.056776654899630255,0.018366556483304083,0.026652898423193305,-0.10141533764043517,-0.10697686098766739,0.00625453960044664
-0.09801412051509988,0.1314895777768392,0.10398498381677176,0.13311118436203634,-0.09177370014060707,-0.17983535307299306,-0.030436980912828034,-0.09037916339084426,-0.15744108107137653,-0.16040723592416256
-0.18356194805609927,-0.24843770939033785,0.11196123772152897,-0.12798725110713455,-0.061519345980647844,0.05636477932856271,0.10512611615609099,-0.16609559614599403,0.036685508703432686,-0.28424058711188116
-0.27808820919729915,-0.18322637206018755,0.0764837812627686,0.07006725956867385,-0.29533269290022335,0.028138990426489804,-0.07896074234146516,-0.1070122733161569,-0.04632176135744226,-0.13619466990343324
0.09517034932794949,-0.13247338085599855,-0.0073115339413263696,-0.11946681846929627,0.15381558165728115,0.15982067758719323,-0.008319799908038758,-0.11552672959378855,0.044968460941582716,0.0610627398715739
0.1631027865543062,-0.17667184403659653,-0.04705561194233182,-0.06138162767152835,-0.07705056358386785,0.011080337009008337,-0.10411890984474277,-0.004247730090211808,-0.13954134590711326,-0.029070098484796098
-0.14562517187234048,-0.1456999736805946,-0.1543943783031947,-0.16272407364156855,0.07032124737473698,-0.05946499066561906,-0.12388907246914471,-0.08518708917021386,-0.05774723283856735,-0.017124811000794632
0.03391341277707159,-0.06499532270467655,-0.14903521633756556,-0.06569210411365191,-0.0035519444682795345,-0.09249030617989638,-0.15973158748673338,-0.030990882655554178,-0.11022290705803478,0.025753142990548504
-0.16383151673174334,0.0698236812563397,-0.16883856417334514,-0.18354500747317432,-0.0012523899946970708,-0.06962652148520397,0.02195891841873468,-0.0759025395663998,0.12290005658333265,-0.14795476263746477
-0.0638412729009156,0.048577046951703326,-0.1582979260578014,-0.09886527648464011,-0.022659993108804195,-0.09281354468227622,-0.05342869703234377,0.05579683272026629,0.01538774087084022,0.027876312224779945
-0.17520594611893214,0.17766232109898758,0.01651367977337502,0.04529792758017948,-0.06372149072026284,-0.10407897106857308,-0.002748429462756016,-0.1141487344553754,0.08932207899434291,-0.05772712464131538
0.0418305502575884,0.04271976145510335,-0.11056609176505827,-0.014143991944135554,0.05652148927755367,0.11738046392395754,0.20430449527139052,0.029787574971990475,-0.026133410399798468,-0.008463440952559709
-0.14158292507555673,0.16668972413010524,0.02887358231144023,0.07492484674547796,-0.0418738008857256,-0.1679171202960554,-0.011735657060382224,0.17791749124523135,0.06555374209321727,-0.03207261431049447
-0.07356124486051935,0.10412121638855444,0.05311262064704411,0.06031907013094533,0.07965396718198195,0.033223622764044544,0.10202562767757536,0.002398784413572481,0.15469298314796617,0.0717300016707776
-0.03717735939848184,0.049590509067097194,0.12959181870501466,0.09102080668935943,-0.2861886259511331,-0.11728767834228979,0.13884815969418363,-0.04274933147845044,0.045439092477106244,-0.01183152733751601
0.1057924665041755,0.16523302472619744,7.862621536697256e-05,-0.08358274114942886,0.01223916623417158,0.030322864597737864,-0.11064109504649938,0.07875727939923141,-0.039320959731976586,0.13867816534939353
0.1657980375922506,-0.0195653295475939,0.02846670058391871,-0.009917483987720861,-0.016695725895287207,0.062370223562821535,0.12405714623008197,0.1835298929964548,-0.056678363028948645,-0.10382878621642799
-0.035280892415459064,0.12038955834042372,0.16900308780937104,0.13754880253531576,-0.01656409675474417,-0.07316573402564228,0.14735666595931338,0.020638559649493023,-0.07004808177254856,0.09520335450102213
-0.0020159980747328915,-0.054998574841780085,0.15316583660426006,0.10311615925969438,0.18024320597510016,0.07581395653818646,0.03168897399698148,-0.02063471100394494,0.1754671394288194,-0.14041393447799774
0.007507487902595495,-0.031173413011922335,-0.04112026168221855,0.12818611254610457,0.02615641059781524,-0.22790794952758311,0.16235509265181003,0.15738394473548836,-0.1798904440139467,0.08121109199886953
-0.05433743757714022,0.2602047553662373,-0.06393626140728591,-0.13709570057269999,-0.08975238742812967,0.03221903418278388,-0.022877362622148095,-0.15447852716208926,0.05847424375626128,0.11269093415957895
0.13250240006979963,-0.1402297544363521,0.025530048731729562,-0.15425177132677942,-0.08084927673019142,0.024915175958675383,-0.029255867450337876,-0.1647170331361693,0.09437708997048286,-0.0233146924771027
-0.08304774394748214,-0.09786199521238849,0.07319078088779289,-0.11358124384751604,-0.15303492354279524,-0.11834831218398303,0.22018200757481632,0.0026242668266085595,0.0027728738568109056,-0.004648390755501289
0.08663375818479846,-0.014481699921703159,0.07737369293880081,-0.12198206597410514,-0.03590181777835507,-0.056872161314722204,0.061289430776676215,-0.18946053175921546,0.16916495967587028,0.07498193980057931
-0.11771926074135139,-0.25563211072263037,-0.1152506009104331,-0.019936570176364132,0.1931393183332553,-0.04693661382723291,0.010925754967421866,-0.14542392378051414,0.1486879122510395,0.061966113403136715
-0.025606193015791763,0.06077645880705826,0.2855498621588104,-0.04749757750427335,0.11984582482440843,0.010454320239103879,0.013526529451171108,0.0005121969179582228,-0.060414480722374014,-0.05975274623440292
-0.09049330560610411,-0.10043591191716394,0.006236671428786922,0.0827186018234323,-0.16139953517837619,0.036117705332604666,-0.1392062500939217,-0.10392090613723065,0.2342214218343097,0.029933294317264453
0.08949899784823488,-0.28551544653629,0.07881835336652854,-0.1529480202249761,0.14063175157283125,0.1415456288368637,-0.13158025924327774,0.05793910056234912,0.0840997541899472,0.0328656828868316
-0.07930387516669601,0.06516798091409966,0.07090927091391924,0.03721345040133986,-0.1543728445952064,0.0766865929537045,0.10619701446918754,0.0847537575629062,0.04077258719643068,0.08647320830318786
0.07917788365813101,-0.10033707199251,0.004618966317481821,-0.17397055419925206,-0.11506784551156743,0.08063624730640409,0.038163777588556005,0.04753915260896788,-0.05522590910579693,-0.012633819949905603
0.07776667567033507,-0.04729209423999778,0.10322744282844702,-0.03241393761216045,0.07733402031093817,0.05149048289375281,-0.11470657917279417,0.11881884283520507,-0.07820243077597533,-0.04970505096845959
0.10464869444862934,0.1300598046076749,-0.015105222454728767,0.0661004341276023,0.08586133948586593,-0.014618950919833909,0.06293109421360557,-0.020024581737797295,-0.2566422371487803,-0.041305358176836324
-0.05037169853393081,-0.04977033919587501,-0.013902315734299543,-0.012375729285037,-0.0360572956118312,0.06505408520386723,-0.06251750985215779,0.074615263333767,-0.07820341064917899,-0.07782634748160452
-0.008444328164666132,-0.01960654501737913,-0.12037515666622374,0.061484981254604915,0.1498710894216618,0.05967144086338448,-0.01739317243486843,-0.005551599693251858,-0.043823789630976794,-0.04762940158097441
0.0870283640881667,0.17031342492377463,0.16135090003378735,0.12076462077239186,0.14764285484142894,0.013701162618074662,0.1762762401320389,-0.0347643856034119,-0.04225533145524901,-0.015261139068047824
0.09844959501381889,0.1331704478375959,0.03158171872553231,0.0593167275370663,-0.12552305862155608,0.20826629311659045,-0.017596914771124607,-0.05116195436237882,-0.03634876488172668,0.1441385502772803
-0.0661791754658867,0.09961084894062583,-0.1855046201278932,0.16734885187556114,0.20155426553246397,-0.023941570001758707,0.021334147784615204,-0.08597906725190127,-0.02610470620193965,0.2289989023360683
0.03094083909174679,-0.09011089637521696,0.12570514210517414,0.019200052951305703,0.16805093947080146,0.08243072379159512,0.17300964175481726,-0.05531340767415736,0.06355023725516634,-0.28593376881203525
-0.038185341042530435,-0.22330011119759532,-0.07008414574063636,-0.026247284740657996,0.06245778706032039,0.056601259441211624,-0.009582189910371137,0.08408185604056705,0.004555038135141028,0.03756325414621456
0.06982728872292582,-0.13347035938380214,0.09790943515447467,0.06849229840247582,-0.06676609075720706,-0.0053628190915328295,-0.13688265902704516,-0.0783400027515123,0.018019597660038772,-0.06748286479570068
0.00882579461120439,0.017982865592491473,0.10036910034511701,0.0209291915045874,-0.17655443007034044,0.08433124310896196,0.058019394214056906,0.05624232677921508,-8.730507697418677e-05,0.1774796570810943
-0.0060250776372444,-0.0616217953522557,0.040552484015174056,0.0782492221030898,-0.017772059070403797,0.11378490569834204,-0.07028220181826281,0.07290566563672571,0.09506135591411669,0.031001005647128033
-0.04546230889900893,0.000282621412059654,0.18259967496341506,0.07886870627596626,0.07571332197537183,0.08390084668768182,-0.08589616440889677,0.03400711959159212,0.06931890001862881,0.03953770607533127
0.028752379849807337,-0.016170161994038788,0.053491507235695526,0.11592814508067945,0.030081600422186404,0.18658234190194964,-0.016120202838871202,-0.0052444364268182525,0.14432722909372223,0.23765237897225286
0.06476771560812401,-0.10664751220101631,-0.03157860106262675,-0.025021577164936085,-0.020240191852777506,0.05633565078803618,-0.18255214642141354,0.023104111905853382,0.15661048784860074,0.14308509183643017
-0.16825381203874165,-0.02245557846448726,0.12215599975313994,-0.019495471849809314,0.16886238599632433,0.11396051057621667,-0.11224194228876697,-0.06948863879558362,0.2459161761833302,0.01812205084762332
-0.12493255047885163,0.014792407677422948,-0.1360599030730727,-0.14048220068583228,0.08522283485291143,0.007078017492677932,0.025706650794547137,0.13973185166057495,0.08990878570650686,0.11630407706573817
0.07678159530643874,-0.0350343304015117,-0.2644106314956386,-0.051247960151416874,0.1182676391439761,0.10845124951004922,0.064076169722358,0.11015425772250342,-0.07474613909499146,0.1251504275959444
0.08130345905702094,0.019909103644333542,-0.0857479489318228,-0.1148195951637062,0.019187458731888152,-0.12906741547124215,0.23877872979627993,0.08358153070528636,-0.037285324414594936,0.16343492382067126
0.1423982545489205,-0.08818057733874703,0.008498736915754417,0.23518114446333596,-0.0065635248417156775,-0.03385604695320747,0.139379332298965,0.13403410171100127,0.008157438620820674,0.012476936809814779
-0.0531572912354356,0.11385613290404499,0.05797388291731529,0.1035167267675467,0.06767696222803192,-0.11192130672023401,0.13725045527636692,0.21361495618221502,-0.05193179714847345,-0.007434370222024762
-0.0877078270521164,0.20503053450048378,-0.09561178733069954,-0.09379644699774184,0.15440128473373954,-0.01290876978918162,-0.006236468336504271,-0.021894164191932942,0.09946418899560154,-0.09385221807675709
-0.22759525277054454,-0.08123069945459357,0.05595122472637448,0.09494566673149664,0.03475392404778023,-0.00611358352237254,0.05881480359771106,0.015428861646455742,-0.0489555239018991,-0.05129691105945932
-0.2039071125059272,0.01143275520935904,1.974692390874916e-05,0.2020867004160156,-0.0717884639977183,-0.13449223694624468,0.1261565727577313,-0.19604958281045853,0.0779458032086485,-0.03471019072796241
0.031670908851972115,0.033652985422898976,-0.10266733758022799,-0.10121078958710218,-0.03298296190432779,-0.03410221273665001,0.12709825894701293,-0.05834652745446475,-0.12569757910222185,-0.060139685330144604
-0.06466860834998507,0.056310452642426664,0.1379564225683309,0.008219338717674787,-0.10863344914095291,-0.08609072279851354,0.027470680052487456,-0.0347955943128731,0.11617847394494935,-0.10560716765035816
-0.12713572258721978,0.014336712992257458,-0.002056277135643901,-0.1462602888411146,-0.19601420481311388,-0.016577215965294635,0.012731284364538277,-0.05928327437717673,0.14185428992883356,-0.11852782188700348
0.07991198636175706,-0.0693515607754363,-0.195441628418973,-0.17332629790136553,-0.22094812055732066,0.27719578557813795,0.08922831890562954,-0.031002026779977612,0.06667067403009155,-0.05954244457859666
0.13455755024150526,0.12743009677665632,0.008887721631668368,0.15917949918132168,-0.19088183532364839,-0.040580460010319994,0.09914013542193217,-0.09108478429526351,0.04100240663646844,0.08466042892445817
0.03294149091028259,0.008466039210878407,0.05999387077162904,-0.020597081996675568,-0.11910136593326622,0.011008642170586247,-0.02182844345568198,0.13011205694023215,-0.012644003961776637,0.06999152332617006
0.09339515977110502,-0.05029463259768664,0.05813668600675015,0.16602088688994915,-0.06575141683480187,0.04865083376303869,-0.09236416916572547,-0.020675161280142212,-0.2446835812369787,0.02796214422620287
-0.01820000359836453,0.01532855682283972,-0.007675386681693904,0.21768916810537786,-0.06338631853170829,0.10461265935554052,-0.053566462983477336,-0.05242476755647782,-0.2709689281480069,-0.06422160808238675
-0.08332704338519276,0.10844964728871054,0.050098531861171955,-0.03253592578043413,0.028049777967112582,-0.04819670560326114,-0.11232035013573347,0.06996823138056169,-0.11416210728948278,0.05843981659190876
0.06203485031343627,0.0611961841611613,0.008942993722845488,0.1325275724784057,0.06399831478099688,0.05671214080882192,-0.052967620778664966,-0.043670693237712555,-0.02398686075466558,0.037559411684324015
0.1241550592763532,0.013120723018004474,-0.15183379188266505,0.06084915263572871,0.2016053326805322,-0.012314385621452133,-0.006908707928359181,0.026120706703433305,-0.05503160240333866,0.028568297400591185
-0.13136051878079558,0.17402642094666235,0.06281268942019316,0.16966650305626307,0.020122759886506032,-0.1377432883451317,0.14311873993942864,0.02406178444664514,-0.02200057218407655,0.09032503069732402
-0.014276290475616142,0.10947049011516975,-0.10042628098118002,0.16292672454107998,0.0397590798556171,0.04137485040490103,0.04377556961275007,-0.04049984817409087,-0.050461052817126165,-0.14733093504082106
-0.029644858371272793,0.10840858577459633,-0.23191600696588602,0.1626159327245029,0.1770924636310486,-0.0743509857987956,-0.023660083458991885,-0.1535484794167373,0.12522399738238643,0.07333248489511962
0.12360269517362676,0.027605945755374884,-0.06728065354443696,0.10509737004747988,0.046238387929127475,-0.09240639727121884,0.1088159508233692,-0.06306052210878417,0.026446002946564365,-0.07253624956382336
0.0060621986234895035,-0.08262407820361385,-0.07094026686881184,0.02863890267043452,-0.031207091889674937,0.11923470670000022,0.013836407098678033,-0.05127032734841051,0.1883538463237839,0.15809002455553428
-0.04802844256890933,-0.06951813956936466,-0.17052333384470042,0.0051059882850384795,0.08610227535449072,-0.024314358944504864,0.08920701071814496,-0.21423151637958815,0.16281585625143138,-0.10068000418595321
0.1561565817569559,-0.003090660397402689,-0.13032555535200488,-0.09037021902329578,0.11345574087927801,-0.09618676326856054,0.05206352749171132,0.05089494289057357,0.12222120331036021,-0.026992740696883816
0.057761335366781595,-0.08185923145620977,0.054560959900450776,0.20696472967897672,-0.06888301652304327,-0.05628362619736126,-0.03128027390610069,-0.04838572719401872,-0.004819577543610121,0.15088092439840695
-0.12686657617689417,0.012455152352173732,-0.019551192324197327,0.05042275208189852,-0.17290303482433084,-0.2026330821902622,-0.04378294316861314,0.09547306781173322,-0.0414325895839385,-0.05861612235116641
-0.129149024777737,-0.08721456370815062,-0.026295771540489187,0.107577302489405,0.045173435802642284,-0.18084112472399871,0.08110471871679482,-0.030258220503491653,0.2538463212239234,-0.020665363256161817
-0.187247369658479,-0.042719545854294466,0.04761131104348721,0.19648494979813425,-0.11303471396360057,-0.007128563348236236,-0.0037813473451887647,0.06451161999937484,-0.10155041942063556,0.15247648184665527
-0.14798541993739622,0.048345238403147445,0.0325913834689484,0.04109976029998409,-0.09534804618863946,0.07152188269866624,-0.05821436459335491,0.12098961675518322,-0.09202068462195183,-0.10092381016634754
0.054190696245733125,-0.05784133987600742,-0.014985951186078934,0.05156655756350993,-0.1392068962215024,-0.09804523913136749,0.030123928023293643,-0.1486732197184155,-0.022673760124239176,0.04238230912226734
-0.058227630009673265,0.05901911571551845,0.013916121120295982,0.1568596814825032,-0.08302905864072357,-0.135315223617755,0.11265383543431656,0.1072022994141714,-0.2395207148183158,0.005702671781145316
-0.08604836072487133,-0.04439628314764371,0.08910254345967877,0.15320731993941283,0.08374737084569293,0.13362283471716294,-0.13590052031823957,0.0002921613973004347,-0.15850222930785135,-0.04671485872677818
-0.04354408180260354,0.12176515056173587,-0.008680282450751635,-0.008933579894632383,0.051401392820874386,-0.09568098632759704,-0.1489770150871149,-0.14000315048184825,-0.037573953624503206,-0.056229800004711936
-0.1788090899053203,0.11696521957706274,-0.17977295657841041,0.03616920138386549,0.025876845465021375,-0.19889177009879053,-0.07497473443864136,-0.15622112536409105,-0.12687541881861922,-0.12266263512215064
-0.1581389736807662,0.005761219935594883,-0.018206328717774473,0.09466496394282706,-0.0785038774945294,-0.06607567671074786,-0.15011235940917947,-0.2555342183134959,-0.08169294060180107,-0.09518881681094221
-0.16710544690015894,-0.050045407916521976,-0.09914185072677761,-0.17254202166170257,-0.17577220821460518,-0.05202391501031927,0.0641438107508763,-0.249978166587382,-0.019769856634632196,-0.023682815892318423
-0.08138208312737294,-0.038664832924323524,0.04403763875333119,-0.08142061982977224,0.03897227867912843,-0.1517796370066807,0.06046381981928441,-0.13557092191840542,-0.35611750090152394,-0.16319059756562337
-0.07304196839902205,-0.10557254904408239,-0.23070118044681176,-0.06241121548989805,-0.1255551664817221,-0.010911843760803508,-0.06651177089212539,-0.247749147661466,-0.13946403366112275,-0.20671963016177408
-0.2001898920771016,-0.08227182691657894,0.03834515399314996,-0.08154132103389092,-0.1539989581811338,-0.2487215658335239,-0.14023753443725417,-0.015859804775879116,-0.19347791589557423,-0.0193875685927275
-0.0773365424114438,0.027029119661642037,0.028539214967956,-0.10011982623988681,-0.12363071619577422,-0.05055301511643029,-0.13471616278682289,-0.11947504483268905,-0.041473384191017634,-0.09051084749340382
-0.0812552603375178,-0.15586836268686194,-0.10849691650991886,0.01010629172249218,-0.09643993441584721,-0.22075955406197498,-0.25448242700618234,-0.16519090104403,-0.2051564947018818,-0.03801264027964033
-0.1070552854213549,-0.06130393023763432,-0.1620917252147072,-0.17522620582351983,-0.005082777162239496,0.012769962564209675,-0.25789209679222,-0.0811672044724351,-0.05701014885192854,-0.3445088499367767
-0.3517598897406839,-0.02137054780036237,-0.07852429731766158,-0.016286225769605867,-0.05540490891039721,0.036002622969506515,0.09772782049694298,-0.24078371964238196,-0.057964369081415654,-0.13964836422449753
0.015708369947115913,0.003972029171377248,-0.05049389882736479,0.06316249778453553,-0.02600384149551336,-0.07890305706366733,-0.2077707377372461,-0.04771043289931698,-0.17803563867432154,-0.12604415668319469
-0.06740756556306425,0.03078209456345489,-0.24493093545417485,0.010344257485914887,-0.10025257737807539,-0.06331107233265652,-0.02913325180975472,0.004382782237296851,-0.0550366658845564,-0.07252378906695156
-0.1506656872551578,0.02365049050506888,-0.26952839307005994,-0.12320868751732467,-0.14136196586846525,-0.19062755153290123,-0.18610141997336282,-0.015043350625918432,-0.17735156172598493,-0.046627183191378443
-0.13862782731666784,-0.05685332073585908,-0.2292688332188419,-0.0631883966860162,-0.2363192838210637,-0.21901023662044217,-0.24943878362134073,-0.30368006318990964,0.02252956275501876,-0.013389849836493911
-0.0381032538480809,-0.018071658542095963,-0.08081613304437904,-0.12713687258359313,0.07207444072945908,-0.11024008626849366,-0.23716757548813758,-0.1929823158348743,-0.034772141829295986,-0.14992191053796755
-0.13296099149812227,-0.16708792681325912,-0.14821065164802297,-0.2542007048580347,-0.1900837098046692,-0.08569787817583277,0.020635713534252545,-0.18384844667945596,-0.23822778724647944,-0.13579544341168523
-0.08140223057435825,-0.02025557291433669,-0.045739638757939974,-0.11518932224614603,0.0650778681398258,-0.12094696072442596,-0.02430697292219927,-0.06840638680141684,-0.0025256054687544105,0.002173119740337251
-0.16454798865964299,-0.04482734854311081,-0.045344748219287745,-0.04659735204455458,-0.15134528565989294,-0.21235576830220637,-0.0640027393862234,-0.22915318696482942,-0.07243011380870619,-0.16103403488322904
-0.48299459061551575,-0.13822995449763514,-0.12287271910782843,-0.054232394337740894,-0.11536852700933979,-0.15549134707183684,-0.3291584251408092,-0.01073500358286164,-0.17659041194352457,-0.06714283400172377
-0.0804747997695487,-0.09738612557160667,-0.15220482259100454,0.044392422827089204,-0.09484119436439198,-0.21422297015004801,0.005229495163548717,0.0073892954208781,-0.20394774774779995,-0.0008559876196235217
-0.15230047230246552,-0.1016760823503728,-0.05917626771712996,-0.07639173493585655,-0.048107597230294744,-0.07502656751753167,-0.25048986966142317,-0.11628600499310199,-0.21881726338145246,0.1288500691322563
-0.1645627017123614,-0.05936285805169508,-0.17785083331027565,-0.17268515328105785,-0.0386092872934135,-0.12418456700543529,-0.14676909630580057,-0.04931902712762509,-0.3176986229779479,0.027384678539623772
-0.14356406177285091,-0.04926342813905097,-0.027214675329203394,0.01712344839320217,0.08249699882393652,-0.021853364758067192,-0.07141382141628189,-0.3056363024677708,-0.10420056936107878,-0.16497269088653793
-0.11550257159794676,-0.2235783932185536,-0.251535792906469,0.1535194862732862,-0.03901499367975371,-0.05413118829086287,-0.1622859835061408,-0.1202001564738308,-0.32277732262365433,-0.1103713445838528
-0.15227028515801677,-0.15067898060293433,-0.1553632273854083,0.12714365084794868,-0.07665805106019238,0.035622075313716375,-0.09269547039675022,-0.045844255432953535,-0.14846500515132105,-0.17911661716424646
0.006572814235241323,-0.22316259819075107,-0.21669658456950436,-0.08348655408896308,-0.06881967797464164,-0.2627370444757851,-0.20221702063812808,-0.18052620127730207,-0.08533408874901051,-0.25951765764114054
-0.16695277139384285,-0.29746044427806484,-0.2358158835685768,-0.23865381628575594,-0.08727111504695816,-0.002460325632632404,-0.020958218769480175,-0.10747349090270863,-0.11981965073785084,-0.0701663939507953
0.19422851354254314,-0.1987613966241062,-0.1410205725046498,-0.07721438527986269,-0.07874586590394482,-0.1614681509278544,-0.15560655395062886,-0.029970875539936104,-0.04651511128945973,-0.1443847166379171
-0.24347089969387997,-0.08762766009299325,-0.20140083573054196,-0.03629516397672472,-0.01012148268143595,-0.17190001574972302,-0.18228965182130868,-0.06680286849628703,0.15135649538924484,-0.08588032428177102
0.17885801379682714,-0.3297459566428146,-0.11053285913922796,-0.3224905427710476,-0.08372673103663766,0.0663729948569268,-0.12230866810902755,-0.025373667112515957,-0.17892788807114113,-0.17212701930193103
0.15643420463595137,-0.00751957560771177,0.07755447232406129,-0.12924886813805836,0.0038322413014801188,-0.1359586601552859,-0.14106696475536867,0.03756471237033594,-0.001375279316316225,0.013169340710598582
0.12482090813223042,0.0020358277125830243,-0.18242273236680961,-0.18522455377953945,-0.15369161164466444,0.07076080192959736,-0.038832222513355316,-0.030752401238619328,-0.024113012315595046,-0.0916294369449735
-0.02510636159573591,0.06738703895652295,-0.10764094617877469,-0.1340770812911053,-0.2342451693339818,-0.02163816788878491,-0.27807296061252745,0.014618946817204603,0.11786906898213334,-0.07471585751766366
0.06794637041689788,0.09277176238764401,0.07271878527190034,-0.1824582086660761,-0.060747386617267855,0.026285776901020616,-0.1628743175331156,-0.10867212140633274,0.0294936064925839,-0.012385955661001698
0.021134299425507486,-0.02577691254336496,-0.05536874387202037,-0.18991024321780137,-0.1360592701942026,0.03053471879172072,0.10840651919382596,-0.05190125850356603,0.027660999397218812,0.030271918772359383
0.1393530188588699,-0.11251875727298194,-0.030622018507930573,0.05963254768297846,-0.18071540032943986,-0.03096057599595892,0.02478662239588996,0.08933130563822238,0.03039339359354817,-0.07299685862749937
-0.03165962452908881,0.07430078863797542,-0.0578447308318903,0.0072686078738659,0.10295684791681353,0.05534950388004864,0.12298815075255369,-0.131458534791125,0.06511082462296515,-0.0788672777830837
0.10091125004235305,-0.15751946017973542,-0.006512333311504723,-0.1662377746174588,-0.09273262464541816,-0.0341060420209157,0.12677945161220505,-0.05325037469293842,-0.01506935350794585,-0.06741437036249796
-0.06003318909708241,-0.09565333554874245,0.05759078255673179,-0.19847863096767118,0.07078083439363425,0.14153888280837146,0.014025316280569683,0.05899912432096942,0.027117231942019256,-0.01761015066992176
-0.03907669421351863,-0.0031752301328240966,0.12247967703431809,-0.1323692692265026,-0.033779806060440926,0.20621189797729067,0.06564604093023613,0.007001386334086181,-0.06048505915686349,-0.05361643293563133
0.24687152049522404,-0.047949871869684454,-0.037754275216044735,0.02016966779031877,0.05228745395076732,-0.03668786801084375,-0.04200818577963011,0.06722556911517977,-0.024619960872686145,0.11171135955407252
0.09049485884886396,0.05919181790173172,0.024174691374226936,-0.01890225054903468,-0.013228288629238472,-0.06180346748769801,0.05502092597237198,0.11389567673348622,-0.0232309566106918,-0.006618548275261024
0.014710753771543201,-0.007294675977873394,-0.13410014320840977,0.08868029684436966,0.20514752242892262,0.2764590091788234,0.030326834820924395,0.06246254614853032,0.06527212954035426,-0.04366413866131782
0.02871321331323405,0.03648340169149451,-0.07857035160495857,0.01488860964161971,-0.14561672032246203,-0.1370575722706006,-0.20402611319731476,0.04977394924281401,0.2223407424890279,0.007974006034774089
0.1697554133096379,-0.028363219901497504,0.2934011381488809,-0.13232442823384885,-0.033925727687570933,-0.1714758114122518,0.02670968972051862,0.19331944836790566,-0.06892457508418699,0.01988829788445121
0.06413427658301703,0.13188829662257495,-0.052821569970844265,0.01704296470810721,0.015290945831415114,0.06913154573443128,0.09643230083913792,0.1434553585938681,0.22185667799060838,0.13093485133737706
-0.0006128019032916113,0.11189008813001997,0.040940102266124864,-0.054133820380638215,0.04610972717291083,0.23686510123668175,0.03733766665758875,0.19486508055065882,0.09562986621874811,-0.06718194147345564
0.07749966936121419,0.14757889417706221,-0.05485867383152465,0.020096443871932733,0.10082922276558308,0.04868483962888857,0.08014256620147324,0.11362738862709615,0.03275645555809562,0.15686975918811474
-0.1173587715813127,0.3227450331428773,-0.07800834173173136,0.19050947385729283,0.18503866838726274,0.020961692710366048,0.013214521636592272,0.19802294976328327,0.06111895540252768,0.03958374630507656
-0.10442366279630695,0.13341808910317518,-0.04862389205991216,0.14306820709863202,0.30693820497379826,0.00963575663944602,0.06827307388032644,0.04654037239857551,0.16713572094441104,0.06155837161074169
0.028305738482327952,0.16822166914363282,0.14261108518084753,0.3203259433173709,0.20842236046049878,0.1142001008330572,-0.006806163595841144,0.14577983603221617,-0.0026654619612037495,0.0693391594620624
-0.006518776130574992,0.12250624166595463,0.1252873380560081,0.1414177148681799,0.12617221670556475,-0.05861186670277495,0.016847652791600942,0.2155501362637065,-0.13455232661736616,-0.009487175925012407
0.014683707535882962,0.16322432912739884,-0.03863261533068629,0.07844058439159633,0.013559500207510775,0.10520168818222371,0.15553314817885677,0.0078014543927994034,0.11385214339862629,0.0017448713009303243
0.22129902118842695,0.21169142121639312,-0.17978274331959396,0.1910664426342163,-0.13803266567344347,0.06743803129695466,0.03132208869270854,0.18039473947372298,-0.14207540473612773,0.0338262445260125
-0.021819484700330266,0.1006266099351821,0.03005384519167332,0.13737003439712875,0.005963474693086893,-0.15442847527070103,0.1568928240719192,0.013507336922115285,0.02432432894201924,-0.04335991019500661
-0.08384980526381605,0.05185507828370891,-0.037724531530601485,-0.0006249719634020268,-0.004564161485368794,0.17285373193705103,0.18821047575186928,-0.011179008106352709,0.10842222854302512,-0.17278708198373616
-0.004122795456472591,-0.05160536177253708,0.15766262021777472,0.12836693614217656,-0.0012466453926228555,-0.03837101739975063,0.09609231770809817,0.034651732983006625,-0.03485149404312281,0.08369377326410395
-0.08256369195338265,0.03934988016274771,0.18045769621952995,0.1693008421878683,0.11330955795625927,-0.0888933087498451,-0.02052040028114166,-0.08984125392228591,0.025824335323889794,0.05941891033678392
-0.009571206757969618,0.17396957709924735,-0.0317645692259962,-0.020231320865120212,0.0018295016307907867,-0.10709203326571515,0.12255499579561346,-0.02821611968293535,0.20663752167248153,-0.09197860813473348
-0.11125034571401143,0.029730556162316547,0.09955615463110644,-0.08236160522688907,0.026723084297658174,-0.21654344794794472,0.02378434516027031,-0.03429124970528714,0.04452598591530779,0.017456975591028708
-0.041777513704765915,0.20663069580572177,-0.039809775846710235,0.026814504213406185,0.10856092278928253,-0.01203994025766407,-0.031086022103227667,-0.1432978826311689,-0.19399813286887124,-0.08160979323632021
0.004901513663904532,-0.009258547291703945,0.10678492310708218,0.18959403922801718,-0.04875907931861174,0.04285518946875072,-0.11229472149952709,0.1250947098268298,-0.2511019735443571,-0.08959295668085676
-0.015095392089069168,-0.09026460161847111,0.13934028247083785,-0.0914253358950508,-0.18756183094411596,-0.20738029400215321,-0.06283499227720699,-0.11032005876764216,0.027976389239579444,-0.15845378916661407
0.1048278944000938,0.0048961348757299746,0.01846755245310837,0.06148855119663752,-0.16555488712551325,-0.04348015600054085,-0.2303081083628628,-0.0724709711886526,0.09149742623949285,-0.045759612320993695
0.06377646601723952,-0.31112832583372707,0.18074604631887228,0.06459686368992593,-0.11839754049777627,0.06937725660274886,0.06618775197120041,-0.0361035254220934,-0.031014392538748076,0.014563370045003549
-0.16902628414774257,-0.16457765618220827,-0.026467521673405565,-0.11989225396893162,0.008355576809266033,-0.02500999561694768,-0.025427896179810193,-0.0514770806915415,-0.17391355962753915,0.04258910434087304
-0.02783420489168853,-0.2338478015280888,0.026324386354926507,-0.13329783125188788,0.03982984237049082,-0.022466715156531675,-0.191732475131268,-0.056995258000098935,0.03517969813475069,0.041896039665653716
-0.0386888846828347,-0.09574138340462289,-0.09835685290446412,-0.19410233579881067,0.05434056207529219,-0.13299815654491165,-0.020469090492684028,-0.07201670548478964,0.026714120469544272,-0.04338329261512389
-0.14431766790231254,0.1615722663665657,-0.0036337463347020996,-0.12790043314447966,-0.030297543360634952,-0.07822652822007861,-0.11486468647179313,-0.1145182004337994,0.013883170877949737,0.05939158424825307
-0.07061472061202921,0.15117542198258616,0.11968919431379596,-0.09303533948953342,0.07453688046039782,-0.008374430500898124,0.06340847139212093,0.07730124698988988,-0.08834117107816031,0.2545320212263118
-0.04677156869488744,0.202291536811592,-0.14274082856221157,0.008184901425775097,-0.03555388307207001,-0.08232724743018313,0.10271910466624799,0.038868067827149286,0.05634901631625827,-0.03036526487506742
-0.09186392521608025,0.20836541723718838,-0.13631233255515768,0.16622498378281603,0.004890508420989503,0.05619498790912446,0.04121592813326289,0.0009962666054853624,-0.03779219929633462,-0.020611887413880463
-0.052740988063392856,-0.11366198553945028,-0.0125938165888229,0.14016378387525008,0.13702513555860826,0.11752852275795991,0.09255304194491422,-0.12625517550865994,-0.09432275317441743,0.14736483278811396
-0.04874676421855641,0.006526387752739834,0.09485000753657348,0.13473342288196727,0.055876711091937245,0.08137193694218413,0.02067883260305308,-0.13753412001755905,-0.0568050574534721,-0.1190492927398193
0.10620398644068893,0.2509149302852465,0.09785296323586604,0.06492156427532353,-0.01494459112118536,-0.21599764033140428,0.008081118157573456,-0.08052956556184251,-0.23378290768967258,0.022692699532731835
-0.05669583910009421,-0.121114395399622,-0.12053931422394482,-0.03219550959832038,-0.02146309534372244,0.10160212179279816,0.03955025225182934,-0.207494433953199,-0.08583844877396604,-0.019214527831022205
0.0142255930559953,-0.07953158618946982,0.09511996687258917,-0.04464206369612475,-0.10135371311284083,0.09081860603647257,0.025700865942102243,0.21064941315994146,-0.13772082101272493,0.05516324457846672
0.13796482473897193,0.07165273963827147,0.026186768134829,-0.03129635895415052,-0.01870285345359557,0.07336730859771176,0.03095460402975002,-0.03663204154908424,-0.022806063245099737,-0.12479598992934825
0.016186756749951403,0.055878474219098265,-0.012266172551819273,-0.07163143123744803,0.009202127047528121,-0.013414500468677686,-0.018273534579714076,0.019318023577729625,0.039785074861394557,-0.031762072533884356
-0.0046272912982796635,0.140304207746878,0.11313136451576003,0.1290328289345723,0.07047385484260854,-0.09851750841846732,-0.05892697358849932,0.016387997692386136,-0.10074577633491959,-0.07839523229682156
-0.1244432767436211,-0.11623838325743503,0.0679680018389274,0.08197750886005478,-0.09486071774893465,0.054824536924754995,0.14388999864540594,-0.13150712862177605,-0.07717262007566734,0.06579686230354576
-0.11282575484578064,0.05343185109557079,-0.06779255922687533,0.17631364067799543,-0.02977817776164887,0.13144179753595142,-0.07281200717173074,-0.06363242694593746,0.04667268036118287,-0.002905897292448587
-0.10064076315728125,0.13882916669286627,-0.027831752739743847,0.011034267905148193,0.017299375941021523,-0.03483876462536643,-0.03637155799512619,0.17165584284484162,-0.05857287563098839,-0.012502758823739864
0.01644626793053769,-0.0893233658537579,-0.04475369331156464,0.05191557347936582,0.16007988029922995,0.008201915681281358,0.06649225378080172,0.07647055750342716,-0.011788020177461132,-0.006600693659931593
-0.13229354032230217,-0.035865256648067376,-0.14329850968390187,0.07219598038525965,0.12215323510463526,-0.07564482034873447,-0.014719522713781671,0.13997179256464623,0.04477777028141632,0.19349283484740465
-0.008057073334656089,0.019326924359106934,-0.04984170635215692,0.15131160796374438,0.14562653219843366,0.03350628438050482,-0.019868719380822505,-0.05348974534984455,0.06496288494217006,-0.06593779722733105
0.2094331125956519,-0.014794968907249462,-0.17155053002261486,0.1146790236720596,0.15314140632167716,-0.07116572720580164,-0.16800309758627663,0.04466070651517236,0.025029432728152,0.24660563154015236
0.16039161074139027,0.24841315424539265,-0.0389930409218947,0.10826885481431275,0.061697349567763814,-0.11480775048866004,-0.11660280036106772,0.05092956265232761,-0.024529436025088468,0.0965549042173444
-0.16717510226941745,0.09851379908515462,0.005647772323232936,0.038182209977283575,0.06748030949530558,-0.10797820353362785,0.14448842767251707,-0.04754124884814896,0.16466948458187824,0.0285651401186285
-0.10508688567871347,0.15127261912766204,-0.013156730914113929,0.00875004153440831,0.026250979479387853,-0.019558032766857122,-0.10651030532868257,-0.030806838542640644,-0.007812963409356055,0.08118862517020614
0.09715630473725706,0.07703961246083171,-0.04791037123747251,0.07378836938045803,0.02851402606538938,-0.017905332363962426,-0.11651393861332783,0.08327607406755674,-0.06259898527759142,-0.06680116888110789
-0.19270832867777765,0.23759351578268856,-0.21923643410568025,-0.021849081468138305,0.012320747938075319,0.055750691070065014,0.15495523483577583,-0.08124738498285836,-0.12959680410466654,0.06565153730354045
-0.06670251600170671,0.1188491738992591,-0.046863404130261785,0.05910742115363848,-0.11561327780907585,0.04919806660356923,-0.0043880228656028725,-0.04854601636276611,-0.029361757692350096,0.25386739411354875
-0.09254276259439931,-0.011436179117747847,-0.028659784261040693,0.06997792363406331,-0.07842863280514073,-0.17547140003631367,0.03250925331357352,0.05258384797021302,-0.005470218060914495,-0.04432769723483284
-0.0011435244497226202,-0.008815679003840567,-0.14677133652714774,-0.030731026990080734,-0.024471816236289204,-0.0545788090634282,0.2918970925926365,-0.2478241069772681,-0.07265852286910406,0.05563497326483989
0.06029283879797252,-0.04494439090900367,-0.16574265939040195,-0.26741565708371867,-0.049389937973556494,0.02494392608233563,-0.11337379776840131,-0.010618238838912927,0.04057812557138546,-0.0746286096936291
0.01248329739352528,0.09403017268761393,-0.16860271397782273,-0.12963314225642336,0.02562770563390568,-0.07085899683991513,0.01791992612273914,0.07475627203187268,0.006027939221428684,-0.08426618119982662
-0.10229836630980514,-0.12166086734139096,0.015180720516795167,-0.07452574055348524,0.03268457374978106,0.15092758090788427,0.1474324170513358,0.009034638320311508,0.1692919344059698,0.07472476319491075
0.04740828162371456,0.032632902661804034,0.21618938705892365,-0.10809261423710212,0.04277256063701005,-0.1291409810821426,-0.22071415732778893,0.11616616450238511,0.06501044995060862,-0.05190503143236197
-0.02514079685257919,0.13168777083006045,-0.14099372055689083,-0.09348490939148593,-0.021155614595863525,-0.04544946546494281,-0.07459998973918242,0.021575636434928856,0.04608123086677282,-0.07015427761755076
0.04379600781010548,-0.008289211934745098,0.18066237314558803,-0.07840542589161553,-0.11159061707626848,-0.02294009509921209,0.04422350763750651,0.14361469281816347,-0.019830087932066157,-0.07307360435723888
0.07303628347428368,0.034925531718907346,-0.06446730391817476,0.10067031897784695,0.11602686695878414,-0.07045185984131026,0.095283234916803,0.15219765560723292,-0.08445335449959554,-0.011480468830145727
-0.02030084974423454,0.15572980271236048,0.03694707725332652,-0.08434136203933995,0.03537842557156066,0.0476534755495519,0.04471132863643247,0.21141449906397733,0.013490627652859532,-0.034158095454149745
0.031705517719884155,0.07623821401687471,0.16596570953234632,0.22020466594312477,0.14158263332802035,-0.02099432028710331,0.09746897544192433,-0.11978177286974628,0.040341865674582575,-0.2778364572575296
-0.09226294804044778,0.1690722843368471,-0.1838938833502847,-0.019092170209145998,0.10927665163038741,0.04546877406018638,0.10731417153119827,0.14178242104896654,0.1487208715940053,-0.14103286608674004
0.10795407614017943,0.10745626934943356,-0.012711219483202293,0.08799922479326407,0.033774621079694644,0.011888725625418987,0.20547640546440343,0.06419261195805698,0.028373933274655386,0.15547022397855664
0.10428814958459831,0.1430906858137707,0.23081589528979504,0.11431230780610949,0.14494938700452342,0.14108901565196075,0.1692470192207059,0.04106329748117335,0.27365536692789816,0.027273630334385318
-0.11155494363123068,0.043353870452818806,-0.12395168303041415,0.11901353953799573,-0.16360803868759868,-0.08502330253068026,0.0015101189521042613,-0.08461150630995831,0.05228964929979211,0.03305255461535585
0.19513234135485857,-0.020760243272214346,0.22943470636269006,-0.03723078249643286,-0.03822344171629073,0.09088995490006874,0.025521126586110193,-0.0332277914198614,0.06888111299940632,-0.13953212411715765
0.05272530879747851,-0.13345567299324046,0.16575190844120793,0.026043375895111697,0.0520638084135219,-0.10032148169259222,0.37051111179742674,-0.05083538679917864,0.12064913527316706,0.06871482182110972
-0.008713609831556564,0.0844069146886454,0.033252830954583076,0.23242328426386624,-0.008079960660508083,-0.012081895874211768,0.09488444392801139,0.17659166692550662,0.14513290420297473,-0.04729467600396431
0.05240439185796494,-0.1685621035581643,0.1021104693981778,-0.02310148642507496,-0.05441451746574495,0.07591248617667848,0.21605346838812678,0.06330623131689725,0.22154851202602815,0.18839081485119938
-0.006293365413884755,-0.09301622159856753,0.07038254592084255,0.0610815834742856,0.05065226745860818,-0.11445451823193784,0.09962776953871406,0.14651538689209398,-0.038937792514851036,0.21068632315118704
0.18373076447046843,0.00897901470100207,0.21368157270727,0.003980892960131814,0.00875947988802932,0.08825351119153899,0.1630252382893028,-0.09296946886168235,0.008491571685985619,0.13137300303253005
0.2080862712514922,-0.13633317421032412,0.25382594655597157,-0.015674886309920262,0.1252407321779619,0.18695560330233607,0.2766069558005163,-0.016062747876464806,-0.06478899813469795,-0.07190626566993981
0.05819115133296951,0.016505734125109327,0.10038273159793777,0.022003290934686587,-0.12532354901547405,0.10945076873523407,0.20000942417464265,-0.017156189717031638,0.040794352627660915,0.020486540903858222
0.126403987669999,-0.023707636183186186,-0.02903540605455504,0.05431968870729665,-0.07862026511641777,-0.010534248429356019,0.17447166983720475,-0.07376014404245196,0.01799273957235954,0.04316304875312894
0.13865019695592026,-0.05788668052234053,0.006196869772183061,0.12990375046663533,0.15654276263538291,-0.06249090956203039,0.12380146996812229,0.11100922828200709,-0.079922358740479,-0.017072375988896424
0.041284266373016326,-0.07642488960923396,-0.020883029349625472,-0.040574219217663354,0.026656457675000682,-0.07926888325528836,-0.018644141672591243,-0.01763211413433486,-0.024060207372326274,-0.17879362520847603
-0.17476968723083855,-0.20305975441313356,-0.058927826491307976,0.0842900083867599,0.010083742806187651,0.0013584962217506324,0.06707357196268551,-0.09144203134476256,0.08672554083411696,0.03596584311171942
0.04460903382037671,0.12955401626742752,-0.08967918719638301,-0.21527633247035605,-0.19691686560069,0.0750554659425477,-0.1059137955441874,0.11136981013091707,0.03677446190219956,-0.020066570191214394
0.015350251021858871,-0.027657504714309916,0.027770216095973136,0.0449963122550943,-0.20018518941832703,0.0768548674075199,-0.11256063429752083,0.16213533739245978,0.0016455635182842775,-0.045012634432836415
0.01999310722693659,-0.060357338791473945,0.07236307016945874,-0.00033435816106047625,-0.016296847872286017,0.08720663078708278,0.25808601499527284,0.05824407305520142,0.10548801177425804,0.004174761800230787
-0.007938495452076526,-0.010810660364874877,0.15973147755645442,0.21062985913179388,0.017982702819226967,0.0699490577169366,-0.020749580882472463,0.038228817101240854,-0.15566039499926315,-0.03902675888552615
-0.03720054766259477,-0.03955227197828273,0.04869907860945221,0.0437311011660752,-0.019691491920592226,0.025715457481644728,-0.17335859508849333,-0.12851440229667854,0.0016012346891291843,-0.12085414273338146
-0.14330809849361936,-0.06471234568538423,0.07248422077793153,-0.02367205548978822,-0.0019748408152634603,-0.004344178779688235,0.09652394579064943,0.010103292147553181,0.12694587891141046,0.1814782044580072
0.018240974337809024,-0.06236058196039756,0.05143763355247778,0.06601215785431694,0.19316906337084408,0.20048066084438654,0.06016795181967202,0.09622501460316493,-0.08414041996613689,-0.02013366221308227
0.14134076214042382,0.057634791915473375,0.02037588670462918,0.028076526689891575,0.16136172008810618,0.03520434915554615,0.055048399544665325,0.10350698751736803,0.048269016615354376,0.03336217289049193
0.09360899560849208,0.2211494858438425,0.22182376640121398,-0.21652534052938982,-0.002487369836376485,0.0898524254978221,0.18892036565422743,0.04618135372607879,0.08680742091772886,-0.0116372005148173
-0.004389985780978822,0.09237023184254932,-0.031191748043193745,0.050385799409590364,0.11193232643545159,0.14114656381893714,0.020519065861715403,-0.02030486673490718,0.10731216572579379,0.04721359749083018
0.03678083822246176,0.1906034823973219,0.043020332163451656,-0.019167426269850997,0.03374102179536066,0.0531726350331682,0.16618348405180472,0.014935624678040618,0.1617429780765895,0.1478907574067735
-0.0014128072538518166,0.19648013572796075,0.18384893382673037,0.00423415389799664,-0.023508972449844616,0.036029708166240806,0.11561827753877514,0.06583182208879228,0.17145468770976724,0.03501523862919459
0.02062946435694773,-0.07056093853347337,-0.12259722578421733,-0.030933572230841408,0.09809283001675034,0.008814588880449052,0.19547223021699148,-0.03721896179955646,0.007960980541001923,0.10313361087337578
0.20462139448525224,-0.0774558948195346,0.048394645454893144,-0.1259306895353721,0.04024017047539688,-0.0633837591328478,0.19933823365393155,0.03502986074880016,0.0011000881238318466,0.0001228135810805997
0.16824279912746362,0.08451275845920819,0.1206676365090215,0.1563804757054538,0.18799958704084932,0.022362985779811898,0.01828678881041078,0.050162731488317736,0.027531501472174254,0.01889081104231878
0.23021661226536091,-0.007892637111081555,0.23509808059161222,-0.005534594564072096,0.13493670472026764,-0.024896601015606527,0.02383979982721709,0.26679844965353505,-0.07244976592758878,0.09594084155352206
0.0015094654767692159,0.0901151940123158,0.17131727175412678,0.0019924432162742173,0.02088592949492114,-0.20169595907715648,0.02217298276268696,0.0796029221374393,0.14745136087646737,-0.13370035162496574
0.2275197701778208,0.13875573706531633,0.028817853844009533,0.036657397988896924,0.05976393631749162,0.07122531716170556,-0.13420117042680038,0.08630993439394978,0.23195716842278663,0.15356930881797007
0.12612889935809285,0.0024892611696165495,0.11515909017807575,0.1422977081884144,0.016611054785388588,0.07394114652535025,0.18366241686870632,0.04106917223935887,0.12408008643476606,-0.024491869594874094
0.29121683075002186,0.147107816960819,0.10191106087285942,0.04143101632236744,-0.06207410806309488,-0.10776808068054514,0.11473319407350463,0.08549217974499698,0.12023064101554208,-0.04803071719638535
0.08891379314999961,0.04471550487826832,0.0200652979935335,0.024612117538468592,-0.0710145882548402,-0.017567452927282887,0.06827859937724907,0.057265711653864716,0.014707543160173281,0.06292123421797595
0.1994616346535285,0.08145911251143448,0.17811771893134792,-0.05845715203827863,0.013139326549055124,0.010993585218999718,0.21329710645616173,0.12757213042742632,0.04905266503927511,0.20682411497726733
0.389834676280133,0.16204873019619906,0.009887885492538467,0.08358873074716204,0.03931940381149029,-0.03597479248505885,0.07856769951892488,-0.09211115240410837,0.11844607344474498,-0.03161318990681466
0.3136331620503425,-0.006675740180049343,-0.13960445870168603,0.004881203424045286,0.05888551064624578,0.007643275280427329,-0.06135354585610983,0.027067782454728136,0.020198743079619066,0.026448140002036765
0.04741539070523649,-0.04015120480103338,-0.06437279769865302,0.001091098304658436,-0.0794027964103322,-0.219431700153123,0.1215916954945773,-0.03203826722959914,0.07017044235421276,0.18933974618764998
0.218782116275925,-0.1514373851269856,0.08043780069752474,-0.05752867162386649,0.027093923036296742,-0.14793271899130667,0.11707125956032255,-0.1424733442964495,0.03329997464553125,0.24614030663919073
-0.24545586785249768,-0.251953547226555,-0.029867093584642856,-0.10541415928747641,-0.15084453125555142,-0.19372752186954492,0.07734975784078658,0.04353214224172817,0.3208635386857056,-0.03543000447655813
-0.015054976650695944,0.05641613371447142,0.08326332042988897,-0.0174254079110815,0.011374392367205513,-0.11498721904113882,0.057172742881754265,-0.18406735254631412,0.04456950351619561,-0.000991823589038994
-0.07503623657333582,-0.19413511763952207,-0.016292808433406303,-0.03795328165623385,0.1464423519968941,-0.03598525127436297,0.07812904602911686,-0.049981760521177476,-0.12380870513515616,-0.18529345611976145
0.06246987702809166,-0.10086821306637736,-0.1564097949704626,-0.05386133863697895,-0.12242231571488998,-0.131184252345307,0.03770537092070263,-0.06167982584699618,0.13229898987907124,-0.06609903632343556
-0.04327350490724763,0.1987360900642117,-0.11079895947649387,0.005071576505710329,-0.05455632928498619,-0.061739929920074384,0.01626998598209921,0.02794384981039165,0.17199208604545319,-0.08310239887252968
0.04242749647098212,-0.07167663361920115,0.039930521868199474,-0.15511384270661321,-0.06840925546808149,0.04717783348038872,0.10157103722270741,0.04269131817437234,0.011478126697966733,-0.136013177626419
0.23952592410933182,-0.046553565653784934,-0.00014947024157271546,0.06096553446127154,-0.041978026999206094,0.15890981811125543,0.2404928210361949,-0.030136248038644117,-0.20417296592392442,-0.0006794237536241771
0.20108334538947964,0.1611209013474467,-0.017273837532495256,0.016496683249573423,-0.2570593518527067,-0.029449024979313232,0.08659628629054004,0.006806350176098094,-0.10902887091158577,0.0607535014942611
0.11940613048327203,0.0775250132963232,0.10221437317009595,0.03219471288795176,0.1449831212128911,-0.044487271719960864,-0.17936057649959591,0.05254865265975604,0.015707000065920452,0.2699405228993503
0.11968676707017974,-0.1498359604697874,0.012086983472699563,-0.13521336774763704,0.005139913021692751,0.057923145483355275,0.02068932202543838,0.0499922841626107,-0.09644125805613842,-0.0800302849796395
-0.27207916503488005,0.2153673315878338,-0.028309660860356772,-0.13107354551483646,-0.029404621940393588,0.03290584666539337,0.07500482684429434,0.00014517004767090717,0.1247851427945103,0.1882595702345465
-0.07907141462637536,0.13642670438595064,-0.017121680437942807,-0.06040648495117189,-0.03554523600446714,-0.11633320478800441,-0.1146246978185744,0.06111619146677532,0.021190857810942293,-0.030432603056094465
-0.1058111319522352,-0.007851913296938611,0.013168044688313521,-0.07885481043386776,0.054268169216429796,0.07718453995579105,0.24102063446914468,-0.12793508089578548,0.07775270307863238,0.10562635192604719
-0.10571020662105238,0.08580084844924063,0.018888686552526023,-0.05275301789187943,-0.02292958638744167,-0.10587752528282118,0.10634691297525944,0.05792647641468135,0.001712272241400449,-0.05426480997870198
0.11458004088374532,0.24723150189386894,-0.13261360856674037,-0.045785554707334954,-0.11004969695126071,0.00585813154657179,0.2710576591544268,-0.03382310210080125,0.011133014343428848,0.0051834057460799455
-0.05204424899582438,0.11290158167635185,-0.08839566693026434,-0.1915446430695108,-0.1375532195518008,0.013561993798091955,0.03663136076479594,0.09791473999053724,-0.2655332426370389,-0.06511123563770052
-0.23526637781057871,0.13893318074812078,-0.15126157608011784,0.08369116428483572,0.1335998454195821,0.036530444216087435,-0.19136425431821907,-0.08351937091866314,-0.10566062000989279,0.0050603122250206176
0.1361104990812947,-0.06969612874720285,0.016919488422930888,0.045509037898257235,-0.09759768641679724,-0.13621529893684217,-0.022884682013471856,0.11420761909617659,-0.11163043039769467,-0.18097384620640325
-0.14015155479179972,-0.04826891179478765,-0.02656796676281118,-0.06407547150121995,0.08571214276383368,-0.1941052365093497,-0.061847125722405326,0.06754884515412302,-0.22338881806533056,0.005570935541320432
0.17866928358971393,0.0682920731790613,-0.11936066156648718,0.06707831461144191,-0.22031967280781628,-0.13026285059794387,0.041819148725344604,-0.0867552150964324,-0.03242619975981203,-0.09796144609543045
0.029468521266461586,0.00586470927738909,-0.005994389970290476,0.14390624614881317,0.04807189291230919,-0.15235470168597112,0.0006516816730139305,-0.0029740191661126597,-0.02956408950308749,-0.3969501657781811
-0.1077907397334753,0.06070696097424384,-0.08591315883427736,0.07593240819843325,-0.1621795950276021,-0.08063906617187354,-0.039811765497513654,-0.3395740678518939,-0.020741192400403126,-0.12374687690552476
-0.07483590344047915,-0.164874981543457,0.08567029989074865,0.0027322110026608785,-0.0870972207448111,-0.1731456576598581,-0.1319869303645008,-0.09514976043921634,-0.04479383399106097,-0.015051824019412227
0.024753226333400935,-0.27477338801867,-0.10222413132233929,-0.0010588196211788192,-0.051436592789503424,-0.07464406190281139,-0.1857538007498761,-0.15350460838658792,0.0033751713611789094,-0.010787643429275365
-0.12142604203356669,-0.013189993534255595,0.0791963853244971,0.1399596093708311,-0.01464007879811298,-0.17466274557490002,-0.08147306243196793,0.04796525490782379,-0.12370308340801313,-0.06906825200147267
-0.31162326461366674,-0.1709423396287706,-0.005127211581185016,-0.08254638703952522,-0.07309890094503985,0.1062453951854935,-0.16852305019208452,-0.16059252408757171,-0.2103975983367219,-0.19716662182748912
-0.0916942979309413,-0.11151936449724391,-0.13949341271500504,-0.2549551566777937,-0.17198665744821046,0.2127362716737208,-0.012025433236494534,-0.1962046060044791,-0.048483759855024726,0.015580693086410899
-0.11300060292732617,-0.003708962999337581,-0.028986843650443732,-0.01442388407297189,-0.20918159175581014,0.07474578874792298,0.05920774180355723,-0.019486327196832104,-0.3040598427126835,-0.07451965586678838
-0.028444864354153596,-0.1182972894165196,-0.15030754392634105,-0.13774438087955773,-0.07881020152867524,-0.04924462025200687,-0.19180096612247793,-0.023021162508766988,0.07410486383878526,0.025358236702559475
0.08332880547599478,-0.0614936225642204,-0.2678012834441732,-0.0485525683912355,0.05084225287345695,0.02999337285933041,-0.03513524798529544,-0.12033062896360898,-0.08479440118195106,0.011618268190961012
0.04322789802261363,-0.08998302303811459,-0.18942572977860334,-0.10258714807062003,-0.17692182280154264,0.03994350967726169,0.02144403794181876,-0.044823405744731426,0.04474168939903215,-0.08285800298600486
0.0826352607252813,-0.13305411226928698,-0.08810397573137821,-0.18458995236277043,-0.1590247322586701,-0.07352395103868063,-0.0417033797730105,0.08521983934574212,0.03976465406032263,-0.0988040603801369
0.0715454444427619,-0.035218044902775664,-0.10510918624351245,0.03694446876865684,0.06879135373916495,0.0024728398057184547,0.02479383391599841,0.02815658118393543,0.10499988374408006,-0.044675504052342635
0.05699042108023966,-0.05524325382896753,-0.04205130255516197,0.06372377832135163,-0.014206094017536065,0.0006697855037152561,-0.17708846874247608,-0.06303873792959767,0.14475889470444156,-0.010114677849370212
-0.034246847576088965,0.05827124300006008,0.01166733400696974,-0.02282004686549821,0.027219902775380514,-0.031871669667121384,-0.12760617408988215,0.18551037743560134,0.19499607572784217,-0.05061355894715203
0.13093514051984473,0.05130201868501798,0.05996159790249816,-0.03873319550209045,-0.09387782592178062,0.03746884074329243,-0.11001494398986517,0.009922458719989459,-0.04801795127893793,-0.13427929918946988
0.12624649615082809,-0.025040454566400118,-0.015424270748754437,-0.10292707303083226,-0.08857585476150431,0.04047040696555128,0.08917178948441375,0.02816995704138546,-0.019401345220405646,-0.04645061959672111
-0.07191688395475991,-0.03605139149296789,0.025040259718228295,0.1195401109765406,-0.01765546561408274,0.1461920060561805,-0.009457552059767713,-0.03254613670037029,0.12298240582104905,-0.09435594683410371
0.01943641965110458,-0.1627974542143003,-0.019390880409136252,0.06045694121178903,-0.02030525758956023,-0.050852659992294394,-0.21315330636865176,-0.14568616680493823,-0.06263974014457775,-0.012511708658520708
-0.020546142559092064,-0.15750599801176063,-0.12431670192204351,-0.1582785424812262,-0.05546550012211229,0.07466385362271385,-0.08588369256297002,-0.05981276459118402,-0.015063493459795237,0.17248097241166213
-0.10196737290954483,0.06922528594785479,-0.08488554302737063,-0.22356057730845919,-0.06275103973110532,0.11799977474620627,-0.14565504311512062,-0.08469944316906836,-0.055094182517746004,0.004036508341935308
0.06764063864896197,0.11774372830138803,-0.06164816224047384,-0.07754401600519656,0.011115676377183827,-0.14811272343543858,0.09772367163574158,-0.07004942430447443,-0.008186282917121708,0.1273591368334974
0.06121355741347374,-0.11347816152677827,-0.0508368560083559,-0.11001945536499416,-0.1909651602277071,-0.05590076456524608,0.1426191053593486,0.10147891026387444,-0.19050082371911914,0.08823140259399422
-0.03020187764561665,0.1252488017445429,-0.015288926369110598,0.003580683914883649,-0.03725320402854666,0.05081107750250525,0.059708044866921495,0.03571296287513293,-0.09135923208646853,-0.06437277001248215
-0.07141110073052653,-0.05340626933239735,-0.10177123663052155,-0.06701842731041542,0.026077168046996196,-0.13272766774720196,0.12280805634808051,-0.22185637791735124,0.026689194424132555,0.055919194503999375
0.02787602187780608,-0.0408760301431324,0.02369068555460721,-0.031149594383253636,-0.056358681655706316,-0.17758969702024424,-0.12002221821215728,-0.05131438362202445,-0.08353660096484511,-0.023156157819198296
-0.22036348882824996,-0.01366380760611513,-0.21013077295984114,-0.08482810439907991,-0.018281576025708287,0.008172847797164692,-0.016071203065309143,-0.08943487713035482,-0.007609350483523236,0.03742772919126321
-0.055692851295017005,0.05424090434151122,-0.012936490880176316,-0.1993661241568816,-0.2715094702690375,0.004721096679519476,0.05284739349695578,0.03216538060096166,-0.1045234389314138,-0.02973008325277794
-0.15680027437099986,-0.022059781052163493,0.09632161976805341,-0.03980130418204635,-0.020787080663680874,0.22534655978849424,-0.0795156562741857,-0.20192891553390618,-0.07948345593698351,0.1465212756807029
-0.06673214974806514,-0.07818159972426911,0.14333469165455165,0.008611333413496639,-0.1322232614332921,0.11364801536208817,-0.12455304081248389,0.021513088185978052,-0.07681920998498729,-0.09798538814427496
-0.03113179764299387,-0.3307611925310418,-0.045369685853619196,0.17134210504812214,0.12595644517345184,0.0578616019412575,-0.17848012485448064,0.04776009889068845,-0.02663527384213958,0.13469195961205307
-0.006220876257745943,0.01777361107478126,0.2526188783757963,0.12723524523776408,-0.07081627622731382,0.12422051490555805,-0.20404475170463593,0.033288409104082164,-0.03534341034523551,0.2957968267420254
-0.06253311216819601,-0.01869137724352388,0.13531431031945382,0.08834442337373775,0.2286030699775909,0.16562963471988706,-0.15958163177041335,0.1633832117806353,0.08756318404652229,0.005258124369480463
-0.022962935131664995,0.14546030926295606,-0.04957540518188708,0.03519192788301491,0.2327015386125923,0.1347439076714066,-0.07277242570978165,0.05134134150262708,0.10523306064292968,0.22398279257331702
0.09325209046972018,0.05228726442486624,-0.03975719326860244,0.30681590840935924,0.1647823732215122,-0.000515785531562965,0.027176757270829046,0.0869725521823853,-0.08901915621024367,0.015065500761137954
0.034587147971703376,0.10404613453476008,-0.08705117908827933,0.25448213106475776,0.03696132028856683,0.027616321773160042,-0.0929910079970612,0.03070294334818483,-0.016589036770718865,0.06663103508458508
-0.1024969175187344,0.18508653526957675,0.06353119092534679,0.09852294272483555,0.07118076122800636,-0.10667877331151768,-0.13189552934571908,0.012691584207444258,0.28136459827650395,0.05248537235841538
0.05718915500851375,0.06527107121302857,0.024477684273500784,0.37612714181933726,0.02635580279152379,-0.0036524518755772176,0.11810901372093152,-0.14914283228563757,0.09040028654347967,-0.002247666360813017
0.005851834740301237,0.04781766860250536,0.00993679226540646,0.22268079136014796,0.10968047238060377,-0.1585644060815939,0.13057686791434125,-0.07983277228242544,0.02714747922505256,0.08648016898122671
-0.029198393191171075,0.15043363303593715,-0.0541521830034906,0.11324514020600678,0.07881057609778143,-0.09073523657361832,0.04362473637388221,0.14211471456791222,-0.018350189313071613,0.10342780892994044
0.1977401801958953,0.07481066683613559,-0.06234818796469817,0.3741216819274116,-0.26840196511963343,0.06300081521559614,0.2211340206550376,-0.04378341727080705,0.1245540246557259,0.02582416459904549
-0.008699662450250438,0.03283233418703963,-0.11711921939776748,0.05201666802821361,0.08740075826009432,0.04679410912331169,-0.02746258676572874,0.22992347336097568,-0.008670899190475714,0.15425265421285705
-0.133259554850907,-0.05859758071742615,0.08835560796894859,-0.08628520281354622,-0.01992841988742056,0.006116202297303349,0.13187016966273685,0.20311661877526394,-0.15323946184524614,0.07656775650192352
0.06708834717729101,-0.05650714482648072,0.027839945464405484,0.042045525489858564,-0.049657778356184505,0.15567853753972963,0.021950380951045796,0.058231196129871744,-0.09010543879000443,-0.16454252919670623
0.058188171357139676,-0.023924261237119993,0.033747115363541545,-0.018055265264298022,-0.011771656108490795,0.0733062595655914,0.066090058234572,0.18987004821140108,-0.054153441786677824,0.00956937726126714
0.053646342645979325,-0.07030743999027586,0.2135656586643918,-0.00032547324251163204,0.19147008185870917,-0.06829704317694607,-0.0475398021745234,-0.01763065993400547,-0.09786169953422755,0.07530058756584733
-0.010030727489022897,-0.1374010230041228,0.03472461149007082,0.14800732203192427,0.00025841858746603746,0.0944950284539802,-0.09060656609178913,-0.09749022145834801,0.003812254566919505,-0.1270236942005832
-0.05623693330495101,0.03370269489394688,-0.015326344855020812,0.018570129170611106,0.09656000541107299,0.12396345862725633,-0.08115111487577353,-0.15435316839525384,-0.060819846058401225,0.25817429815474985
-0.07813016682408044,-0.0180784430014012,-0.05464298167759639,0.059431816015578065,0.04931551809286626,0.08315534112381336,-0.020624028503012162,-0.014616630536492765,0.06160654940727374,0.05434120932346272
-0.19095843930282874,0.018834930932445326,-0.16229817821854392,0.06484483706649391,-0.005851297026583185,-0.008309610769622028,-0.041953657634134375,-0.0035047628699654155,0.11139177716309642,-0.09158466597845205
0.0238390512906513,-0.040557104942142035,-0.010899667214776605,-0.16861852152246262,0.0636819361826119,0.03681096291917376,-0.009549734526290285,-0.026683583954741956,-0.09632607604720216,0.08042838785340303
-0.23624216796900616,-0.07340127546224887,-0.09953982759924111,0.11391274229129962,0.017924520683135683,-0.07391312726794848,0.17345954192928778,-0.018025929561222693,-0.024260535133440557,0.013231249826849194
-0.02144146994920661,-0.09114824835047623,0.04634367760080603,-0.07635811276816717,0.09910892471134497,-0.047745845812069275,-0.042483468033611846,-0.0067428212424279835,-0.014147659144547103,0.08974811760389108
-0.036363947013051325,-0.22644157201435144,-0.048211650089714696,0.06028691181386915,0.08061217518682873,-0.025088917424344416,0.10720167179422113,-0.1127412362089869,-0.11690997420778865,0.05961582756823278
-0.010247864874439447,0.10144282140909427,-0.10502649338877551,-0.05815475979232042,0.02198499461037961,-0.01035858225431131,-0.14730759155517642,0.0886295519111596,0.02232914228610333,-0.013794825988396622
-0.07555960440428135,-0.08606876163195601,0.06324917052016167,0.050895322766152495,-0.06611194114681626,-0.20833876913541569,-0.03537594959334454,-0.07883222262450522,0.036864374601907564,-0.15802868988975644
-0.10670395804834115,-0.13075745006946524,0.061245413581564476,0.10602346443449526,-0.022901566105642028,-0.1630812618060419,0.07136632606472187,-0.10219814855506379,0.023953223019852546,-0.054274848021114756
-0.2192839040370393,-0.010919780603224447,-0.15049229767323166,0.08650318293905887,-0.15896778514648352,-0.122981044408696,-0.16220854447256183,0.07517090892359579,-0.12437736337162486,0.08020564951422246
-0.17839820064306688,-0.1192017997343867,-0.004523969214640204,0.04558951970466799,-0.05532366994676175,-0.09377835306034382,-0.047230483684136196,0.17916025084401443,-0.011965562214237543,-0.15723585489393638
-0.20878039946280974,-0.14764080184431844,-0.12480150845733758,0.03812395232270439,-0.04490403903417038,0.16026173511120723,-0.010872850145564175,0.003900567613489475,-0.19470978238200326,-0.08561339551414462
-0.048342944562262284,0.0435787144831809,-0.07530871152127896,0.11000219125718662,0.03671822568728829,0.29603819729060654,0.10136596370374767,-0.06972519522891171,-0.00046927890386681825,-0.3088930842296826
-0.14057380543143214,-0.004746882345153261,0.06073604154366177,0.03872221741859053,-0.09204073878068177,0.1270340899734241,-0.11660536160952119,-0.04795681620958048,-0.01017432990518028,-0.09929331197456898
-0.047509996783659296,0.11645406239928006,0.12700460297892124,0.016033871130325224,-0.13777806703049972,0.1328423908391934,-0.14657996604090162,0.06614720743992221,-0.15836702271139302,-0.071894767474564
-0.05190611960415001,-0.15444875217593804,0.06695603273744462,0.12804231159540616,0.06780236998490767,0.10187183856248014,0.07370774873898475,0.1544378834579685,0.11563762641875555,-0.08740473248520203
-0.12672811580747892,-0.00456558677558317,-0.06682906300195693,-0.030035030509336612,-0.06663893420491407,-0.021703325132006845,-0.10021845831933235,0.2751346716387327,-0.08909939785661394,0.04271611313548998
0.09831878214889396,0.06270174815269419,0.03401875075379598,-0.06648655860138752,-0.08797585483080743,0.15359584873274124,-0.07875065415409907,0.187510344179473,-0.11599510015243557,-0.20678694844494883
-0.08247225982459998,0.11760414200264677,-0.08961681633870675,0.04915839629880136,0.012753195886093374,0.11782556144401216,-0.0849955999966567,0.17961085085233403,0.029150260290404864,0.13463300002870734
-0.04001604487005057,-0.08530736333336525,-0.07295869453124687,0.07888885123310947,0.03830159220787755,0.1187996094144751,-0.09201091036971536,0.050518982844668624,0.06107886871132361,0.11809188131788763
0.05333074216786872,0.11999112026303169,-0.19294983401865112,0.14524396979437215,0.033032217434196494,0.011420969907027123,-0.13292518119265187,0.17607758356077347,-0.04822480670062246,-0.03200253783686011
0.03951725817167512,0.1914558578658963,-0.1637460994213465,0.12255213014821048,0.01623634033610647,-0.035774140886670344,-0.2908142329942228,-0.013473483727535443,0.2803332813935201,0.21585340949501414
0.0462235090293242,0.14331920569736703,-0.16277191135601943,0.3060759097434644,0.055615861634861444,0.06381637252931374,0.1629012133622742,0.10008820240067859,-0.0440045899062147,0.15072437328420724
-0.12035797083725584,0.0413225293062356,0.008588135668530839,0.12392720416246712,-0.13779028210656769,-0.119650940311312,-0.01925219615453834,0.002813733034728351,0.019577283560931462,0.015302853558796285
0.14141635329127553,-0.013279221110466477,0.23831584837894249,0.12562455783491133,-0.07578092447574991,-0.0021687693825318717,-0.04212711714080544,-0.004893215825097726,0.006689313378152087,0.003929777597630031
-0.036807586512633855,0.008725665097501696,-0.05993943082232371,0.08883303130375796,-0.06375716131138212,0.03133741475543719,0.1782208198527387,0.10590548030637578,-0.01900385367405403,-0.01625694495595058
-0.04982772505451928,-0.009020343882915602,0.11217166406993284,0.08875571940094587,0.010891984797158895,-0.0754787680898888,-0.028127041046548888,0.02136806024012098,-0.22155277014287822,-0.02952871688183864
-0.00905749354518038,0.029680154837004376,0.010376197873515978,0.23179098248017171,0.016075818912494027,-0.02121457706814478,0.10094404951848962,-0.11776872614809886,0.06740184037944653,-0.09863346369275733
-0.10332237164838584,-0.014700158276838567,-0.12447380902662783,-0.023574267531754928,0.023112313550806556,-0.12460897756931895,0.23183685656329747,-0.14723273986546723,-0.12403339895789263,-0.12714342462922643
-0.12683908200851168,0.1063026480572233,-0.0031798578557540496,0.13260504310149945,-0.09253632685624628,0.04773083356183591,-0.04781454274643507,-0.03699979928796473,-0.06335036683520814,-0.09160647864972446
0.08122752712330886,-0.2775045030358227,0.13678809746237988,0.03365263532308877,0.05237909255162376,0.03828020393686635,-0.04230559229909227,-0.22797932401922852,-0.28589847323824746,-0.03256369725218742
0.2211237337405564,-0.08946312096568103,-0.1365476696430474,0.04475479374400667,-0.017844963895835852,-0.08532660209103374,-0.11700097000879307,-0.10771301779619197,0.11625627770674021,0.07783086558916608
-0.05698728285304337,-0.08706947187672326,0.023603315577032068,-0.028204266863063147,-0.09720659499445325,-0.1698128900277816,0.0643105557650963,0.025008512386212864,-0.1423440748564209,-0.1595415705349928
-0.27899486533017526,-0.1636672369012154,-0.14120612051585954,-0.084879635055911,0.06816817309833154,0.036043527609371184,-0.017105195872451642,0.029342162208862405,0.026751663783032113,0.04093974800686652
0.0036733845976733084,0.17615684600599238,0.05860922920394611,-0.11640055549256574,0.20321130592519862,-0.20580572681721263,-0.13117148650556637,-0.027522492887091562,-0.12071797131836373,0.07181610047721847
-0.24377280550522798,-0.14220550766702222,0.027715712037044392,-0.0677649405893038,0.035334065725102726,-0.1633170638481234,-0.014847241798660954,-0.13221864319530835,0.09554413797520056,-0.19366063759524194
-0.045627689027674556,-0.05814784322497531,-0.09213117155108283,0.08352308640516212,-0.09903790030792768,-0.09433427458110027,0.10823191963284423,-0.06310136482290514,0.02324521952359451,0.058501777954591765
-0.17705553311206285,-0.019335188905169057,-0.06003192157927181,-0.027856986745534648,-0.08712444042464867,0.04388097224558421,-0.0026741317822621073,0.005130601593134235,0.045646513494309135,0.0155023655863087
-0.003968385658707219,-0.20733519043996027,0.011552514958833589,0.21042450155619824,-0.009762041987966756,-0.04219398185687992,-0.11650704787035386,-0.09768161784602783,-0.06090901982749944,0.006459985132079436
-0.022727929096913776,-0.07099379855970499,-0.01401184892552274,-0.08514438191540574,0.07201769998889676,-0.061012187161198675,-0.04362400252298936,-0.03949150363002501,0.008216734080896779,-0.05233690450409923
-0.07917623254198826,-0.2955278177082642,-0.14352247621756822,-0.06784546399532376,-0.08776786534408106,0.01673587292049051,-0.08677683253251679,-0.11108187851454784,-0.0630146038692895,-0.041928547745710615
-0.07816633982253157,5.705990910724601e-05,-0.15442499018274652,-0.006327953608873352,-0.006906527208754714,0.020792760155785656,-0.09350105395241698,-0.006967597726950492,0.01815523468369614,-0.010108514740614014
0.020732029174968872,-0.1389761617487761,-9.157298200759834e-05,-0.2846357497416943,0.044761784495924564,-0.11131278193512725,0.02689366174260882,-0.0775152288708455,-0.10817504734061532,0.08742380956397622
0.0738711042136046,-0.08348963824981824,0.07221052260874815,-0.10160846961233538,-0.018033966921656062,-0.033602151690811,-0.015613774994728838,-0.018370910569054714,0.12302540751234675,-0.021232672478743064
0.02799868828216095,0.10781816332865779,0.06985220031665024,-0.03490806061664765,-0.3545326041723474,0.16777730819390171,-0.20663209598336377,-0.03801126183856331,0.000121683646447753,0.07677967780465425
-0.017472901466557125,-0.16157311348400827,-0.027473000268051648,-0.011469188676277393,0.12203176210082489,-0.04822998385185034,-0.05947467905225061,-0.1426528698769079,-0.08242931185480651,-0.029512884412821228
-0.012760539239188795,-0.20724748316609215,-0.026104378117421514,-0.22733696506657616,0.024372316886413788,0.2304738114999383,0.029087899072396464,0.03171689942433991,0.0040479004058448405,-0.03210727170628205
0.03658596345183322,0.01720508500244984,-0.11443426878689676,-0.05694565976438036,0.072281660221861,0.10373125215932352,0.13360238468145044,-0.044994211135952956,-0.006964365356684914,-0.21517672776593233
0.1778061053493325,-0.1235015139076423,-0.30924723070560606,0.010403488695955795,0.07668656869098919,-0.038962714034703,-0.06992323225244651,-0.030010198135911215,0.010900709037327023,0.13258064435081135
0.058943878130621845,-0.1831613665117038,-0.05426060627457406,-0.26587736546141505,0.2676252068983339,-0.07418368357249913,-0.10713875861420885,0.10624444153077794,0.012236620151513208,-0.010391300473632261
-0.10235591159843274,0.14319239675699588,-0.051602495523105196,-0.074406926536291,0.2060899637673445,0.05801672454429808,0.02086441453706029,-0.10865785745573969,0.20015762470119527,0.01861604772344838
-0.05334550303217907,-0.08966976811168731,-0.23169253871639997,0.019300748822021485,-0.11988555082227295,-0.017758247635083567,0.11774697912202375,0.00900737110958298,-0.015039539588430614,0.19896691408861925
0.017854226425680735,0.18969396637675168,-0.08542647491205757,-0.08544939977182513,0.20090642715391643,-0.18488862546133444,0.06323471829793613,-0.1562560767733494,-0.018740951558737583,0.10301630659110506
-0.055240003555953626,0.11805757872800322,0.14232309970490323,-0.03880815402055162,0.20773063030078173,-0.07563440083256795,0.006208177595918948,-0.06787944013381068,0.0919222806894952,0.024996010376150613
-0.06669658335399047,-0.08340282496453466,0.05895576052616007,-0.10121217365631544,-0.027189082826989584,-0.043936296614670856,0.14857721579739488,-0.17818291702409,-0.13429270648315758,0.02799882296946911
0.004843851475005441,0.2844621270337179,0.2032949652468209,0.02689725342446045,-0.028445866843450757,-0.059667327520312494,0.033603504758050566,-0.142876417306196,-0.030508997452633763,-0.04698575371184151
-0.05977979680226281,0.21047622945296077,-0.14099212297528757,-0.17005379996772674,-0.017977640849116405,0.07727024620573415,0.08343472167903047,0.1132799418458923,0.1423425930120129,-0.05752642528023949
-0.0523397000577078,-0.005070096612358133,-0.036706825059870954,0.13168879394938596,0.08718596929524808,0.012581611235201162,0.13549619343464175,-0.20153349266423218,-0.08881512811697673,-0.030017346622661072
0.1849423843219868,-0.07444838917828299,0.06630347424530725,-0.0008247207676860963,-0.12084865901302032,0.00536066010688261,-0.0937177831726026,-0.014279503554010482,-0.024087323914373914,-0.06944798871684273
0.16202945848189257,0.01972918483741577,-0.013905911346451489,-0.05903041333898341,-0.03028832897993885,0.1008100669296266,0.052726502153921884,0.04370500933256037,-0.07598762879376372,-0.01964638046345278
0.0997956536513768,0.03601066903893488,-0.13456271096926717,-0.16065167458670987,0.12102242023000939,0.017918778996050787,-0.010796666831502112,0.08262603785711731,0.10078414118662131,0.1283530520233957
0.23090173843037304,-0.0612116422009853,0.035407985415386464,-0.1365871156784366,-0.0775535870517949,0.14728692210331154,-0.016596523381913458,-0.07240740586693693,-0.04806059252404964,0.026170648100765706
0.25514423273144143,0.2800105626099178,0.0664399082879689,-0.16681986180234948,0.22118685551504008,0.06519882286145713,0.06583637152356724,-0.06093136635531356,0.10377207792576423,0.05428393440682616
-0.002690559752816582,0.061669070361954584,0.006043942076969533,-0.10501552244812012,0.1754469274483812,0.02167286662738505,0.14876765218988244,0.044760493449506805,0.29569538423388836,0.13283021235004577
0.08195414262180029,0.15770088812524696,0.09611062089040373,0.06573696867318285,-0.013948984720283691,0.24357319133450633,0.034893271179973734,0.025847521544404013,0.23242814845149928,-0.0022836294380568917
0.09828351810612297,0.27546300503135335,0.23355895953640132,-0.006851243567019678,0.11352778119280174,-0.04808019305054188,0.17368530123866538,0.1127573930453485,0.05216504491941876,0.07143152306803716
-0.046179486198739295,0.11405776008473946,0.1569193106283108,0.10964811128693137,-0.008040662823196223,0.1343454618545255,-0.008617268060182814,0.039273034170016624,0.06793845626659215,0.158134152965072
